# Derived from derkreature/ShaderBall, public domain (Unlicense).
# Vertex-clustered verification mesh; centimetre source coordinates retained.
v 32.219617 17.708780 70.116959
v 14.190097 31.562123 28.402908
v -32.223812 17.733036 70.093966
v -14.178242 31.562123 28.408809
v 32.483946 21.064661 65.816154
v 28.463912 25.010455 58.967584
v 26.489212 28.176341 47.536051
v 18.515720 29.505252 43.682664
v 14.498826 18.016960 75.885273
v 0.014021 18.865591 76.388619
v -14.574680 18.016337 75.868896
v -32.455123 21.082911 65.776950
v -14.182363 23.404501 69.037187
v -15.477322 26.503243 59.827039
v -28.417183 25.021929 58.952194
v -18.496665 29.505253 43.690748
v -26.495793 28.180941 47.501304
v 0.005662 31.903716 30.699903
v 0.009709 30.284180 44.511309
v 0.013107 26.985437 60.111175
v 15.503427 26.503236 59.820273
v 14.212475 23.404501 69.030973
v 0.015240 23.672700 69.814767
v 74.645337 18.244425 16.362338
v 30.712253 31.622549 3.360423
v 72.851536 15.811764 29.551506
v 68.826825 23.180298 15.032635
v 60.481070 26.097995 14.076858
v 45.582476 29.526072 11.429672
v 62.041941 17.141234 45.958983
v 57.966262 12.887088 57.709922
v 45.330345 18.547247 61.762821
v 41.412500 15.853722 70.412683
v 46.991420 17.244180 46.708321
v 41.254146 23.796137 56.058400
v 44.919990 25.899387 45.170182
v 21.452133 31.657746 21.510442
v 28.864409 31.750212 11.902072
v 29.642022 30.820341 29.408892
v 45.020284 28.466668 30.036018
v 59.150305 25.091874 29.522434
v 55.521184 23.834684 41.776176
v 67.581703 22.959101 23.429100
v 63.837727 20.057518 33.285727
v 59.966061 18.340943 -47.167387
v 25.627679 31.615855 -17.743200
v 54.653660 23.620801 -42.667337
v 47.959199 25.737123 -41.604749
v 43.327757 28.150839 -32.786647
v 70.879197 13.626350 -42.218613
v 72.851253 15.747838 -29.721894
v 76.358150 16.675063 -14.959770
v 77.646970 16.191038 -0.211457
v 69.877241 23.672725 -0.312542
v 59.584716 27.126366 0.415640
v 43.291396 30.451534 1.691119
v 31.662343 30.435188 -27.500205
v 45.177586 29.766357 -14.923451
v 60.652505 26.280707 -15.128088
v 58.853191 25.178968 -29.561723
v 64.073367 20.128183 -33.333783
v 67.803101 22.959101 -22.736000
v 69.305100 23.404501 -12.809050
v -0.015340 18.153859 -76.384198
v 0.006109 31.612067 -31.131101
v 14.404254 16.887671 -76.287638
v 0.077274 23.504537 -69.652025
v -0.013127 26.666399 -60.151758
v -0.009725 29.984157 -44.560007
v 29.914690 15.771749 -72.736861
v 33.115264 19.881700 -64.170099
v 46.173958 17.183750 -61.848890
v 56.875605 15.077036 -56.741339
v 47.773550 17.965666 -47.737250
v 42.324755 23.734537 -55.436691
v 29.681486 25.033540 -59.211691
v 14.654135 31.897395 -27.498564
v 21.773064 31.623453 -21.216561
v 14.709034 29.765526 -45.235177
v 29.833705 28.492377 -45.089667
v 15.317489 26.486773 -59.937119
v 13.761634 23.355012 -69.204557
v -59.985128 18.340944 -47.143197
v -25.635088 31.615855 -17.732626
v -56.883797 15.077034 -56.733080
v -54.591730 23.612237 -42.776956
v -47.946137 25.756278 -41.535652
v -43.342059 28.150839 -32.767744
v -47.781084 17.965666 -47.729700
v -46.191706 17.183749 -61.835765
v -29.839313 15.760130 -72.780249
v -33.071267 19.967017 -64.437459
v -14.340981 16.859881 -76.318290
v -13.163290 23.386551 -69.244570
v -15.343655 26.486779 -59.930416
v -14.629871 31.896146 -27.501930
v -21.781430 31.623453 -21.207943
v -31.674270 30.435187 -27.486465
v -14.728783 29.765526 -45.228757
v -30.005343 28.430351 -45.277143
v -29.547108 25.001211 -59.384939
v -42.348972 23.734518 -55.418218
v -74.638819 18.244425 16.391545
v -30.716378 31.624967 3.344320
v -68.846215 23.170749 14.990520
v -60.503821 26.087992 14.122328
v -45.625576 29.518804 11.461799
v -77.647059 16.191037 -0.190827
v -76.361784 16.675063 -14.941892
v -72.856932 15.747838 -29.708067
v -70.881450 13.626350 -42.214680
v -64.084467 20.128183 -33.312292
v -58.875022 25.137072 -29.756983
v -43.290655 30.451534 1.709998
v -45.184088 29.766357 -14.903746
v -59.584536 27.126366 0.441638
v -60.659088 26.280707 -15.101641
v -69.877366 23.672700 -0.282042
v -69.310673 23.404501 -12.778813
v -67.813103 22.959101 -22.706400
v -28.890664 31.743803 11.872317
v -41.404189 15.853722 70.417423
v -45.309159 18.547244 61.778286
v -57.925841 12.919756 57.680815
v -62.028603 17.141234 45.977201
v -72.845502 15.811766 29.566366
v -63.826954 20.057518 33.306545
v -59.137423 25.091883 29.548263
v -67.571404 22.959101 23.458700
v -21.444679 31.657746 21.517871
v -29.629454 30.820341 29.421554
v -45.007179 28.466668 30.055658
v -44.900271 25.899384 45.189777
v -41.229645 23.796118 56.076400
v -55.502950 23.834684 41.800400
v -46.986880 17.244180 46.712960
v 85.288926 2.398525 -12.781112
v 85.889556 2.294785 -0.000000
v 79.000544 3.046532 -15.714180
v 75.248702 3.067632 -30.073105
v 71.525443 2.773035 -42.794000
v 58.464320 2.692220 -58.464320
v 42.794009 2.773039 -71.525430
v 30.073124 3.067639 -75.248684
v 15.714188 3.046540 -79.000532
v 12.781112 2.398537 -85.288938
v 0.000008 2.294808 -85.889509
v -12.781100 2.398537 -85.288926
v -15.714184 3.046540 -79.000532
v -30.073108 3.067639 -75.248684
v -42.793992 2.773039 -71.525430
v -58.464324 2.692220 -58.464320
v -71.525439 2.773035 -42.793983
v -75.248686 3.067632 -30.073098
v -79.000532 3.046532 -15.714172
v -85.288938 2.398525 -12.781112
v -85.889518 2.294785 -0.000000
v -85.288926 2.398525 12.781137
v -79.000532 3.046532 15.714176
v -75.248694 3.067632 30.073100
v -71.528165 2.773035 42.790804
v -59.041017 3.366535 58.767798
v -42.994463 2.668250 71.732012
v -29.149580 2.545820 76.969519
v -15.784700 2.405900 79.355429
v -8.206975 2.668250 83.327350
v 0.000100 2.668250 83.731527
v 8.207100 2.668250 83.327301
v 15.784843 2.405900 79.355400
v 29.149700 2.545820 76.969449
v 42.994574 2.668250 71.731912
v 59.041044 3.366535 58.767779
v 71.528191 2.773035 42.790748
v 75.248715 3.067632 30.073055
v 79.000548 3.046532 15.714140
v 85.288951 2.398525 12.781087
v 42.761189 13.183985 -71.384592
v -42.761181 13.183985 -71.384592
v -71.386977 13.183985 42.758392
v 71.387023 13.183985 42.758316
v 84.841534 13.535289 -12.230967
v 85.941117 13.139442 0.000000
v 12.230967 13.535289 -84.841533
v 0.000000 13.139442 -85.941101
v -12.230967 13.535289 -84.841533
v -84.841534 13.535289 -12.230944
v -85.941109 13.139442 0.000000
v -84.841534 13.535289 12.230978
v -8.200380 14.802000 83.260579
v 0.000100 14.802000 83.664421
v 8.200540 14.802000 83.260559
v 84.841545 13.535289 12.230922
v 61.917501 15.990500 -0.000033
v 60.182875 15.990500 -15.075000
v 43.523120 15.990500 -16.164640
v 47.060167 15.990500 -31.444600
v 31.444600 15.990500 -47.060167
v 16.164640 15.990500 -43.523100
v 15.075000 15.990500 -60.182875
v -0.000000 15.990500 -61.917501
v -15.075000 15.990500 -60.182875
v -16.164600 15.990500 -43.523100
v -31.444600 15.990500 -47.060167
v -47.060167 15.990500 -31.444600
v -43.523100 15.990500 -16.164640
v -60.182850 15.990500 -15.075000
v -61.917485 15.990500 0.000000
v -60.182850 15.990500 15.075000
v -43.523100 15.990500 16.164660
v -47.060101 15.990500 31.444600
v -31.444500 15.990500 47.060167
v -16.164580 15.990500 43.523120
v -15.074950 15.990500 60.182875
v 0.000100 15.990500 61.917501
v 15.075100 15.990500 60.182850
v 16.164680 15.990500 43.523100
v 31.444666 15.990500 47.060101
v 47.060201 15.990500 31.444500
v 43.523140 15.990500 16.164560
v 60.182899 15.990500 15.074900
v 43.976167 15.990500 -0.000033
v 30.300200 17.851383 -0.000003
v 26.722347 17.851383 -14.283380
v 29.730383 15.993783 -29.730383
v 14.283393 17.851383 -26.722316
v 0.000020 17.851383 -30.300197
v 0.000000 15.990500 -43.976134
v -14.283357 17.851383 -26.722327
v -29.730349 15.993783 -29.730383
v -26.722303 17.851383 -14.283377
v -30.300183 17.851383 0.000000
v -43.976101 15.990500 0.000000
v -26.722300 17.851383 14.283380
v -29.730349 15.993783 29.730383
v -14.283343 17.851383 26.722316
v 0.000043 17.851383 30.300193
v 0.000067 15.990500 43.976101
v 14.283437 17.851383 26.722300
v 29.730450 15.993783 29.730316
v 26.722363 17.851383 14.283340
v 21.180001 18.219620 -21.180001
v -21.179939 18.219620 -21.180001
v -21.179919 18.219620 21.180001
v 21.180001 18.219620 21.179899
v 41.117550 42.584383 -0.199512
v 33.458068 38.842869 -0.128721
v 40.718312 43.260487 -12.133217
v 32.928464 40.061300 -17.104576
v 28.791865 42.334239 -28.646268
v 17.291527 40.049581 -32.424773
v 12.497516 43.267100 -40.511308
v -0.000000 38.913906 -34.278800
v 0.000007 42.899329 -41.520677
v -12.497472 43.267100 -40.511304
v -17.291516 40.049581 -32.424769
v -28.791851 42.334239 -28.646268
v -32.928444 40.061300 -17.104576
v -40.718304 43.260487 -12.133200
v -33.458058 38.842869 -0.128711
v -41.117533 42.584383 -0.199496
v -40.461104 43.165016 12.214617
v -32.455711 40.147763 17.283619
v -28.610083 42.163432 28.614160
v -16.646963 40.006030 32.230730
v -12.058933 43.137658 40.417404
v 0.000053 38.766012 34.284200
v 0.000065 42.670765 41.472691
v 12.059017 43.137658 40.417392
v 16.647048 40.006030 32.230685
v 28.610158 42.163432 28.614123
v 32.455767 40.147763 17.283578
v 40.461133 43.165016 12.214554
v 0.000000 77.195099 0.000000
v 79.881764 3.386108 -0.000000
v 63.205367 3.287589 48.811767
v 46.049750 2.056100 62.090750
v 0.000100 2.056100 77.397202
v -46.049600 2.056100 62.090851
v -63.205361 3.287589 48.811778
v -79.881760 3.386108 -0.000000
v -63.085072 3.287600 -48.952622
v -48.952628 3.287600 -63.085056
v 0.000000 3.386120 -79.881760
v 48.952633 3.287600 -63.085056
v 63.085083 3.287600 -48.952622
v 41.670167 2.056100 0.000000
v 39.876034 2.056100 -12.096267
v 39.876067 2.056100 12.096200
v 36.868099 2.056100 19.706301
v 29.276160 2.056100 29.276060
v 19.706400 2.056100 36.868000
v 12.096300 2.056100 39.876001
v 0.000067 2.056100 41.670167
v -12.096200 2.056100 39.876001
v -19.706301 2.056100 36.868000
v -29.276081 2.056100 29.276120
v -36.868000 2.056100 19.706400
v -39.876001 2.056100 12.096267
v -41.670167 2.056100 0.000000
v -39.876001 2.056100 -12.096267
v -36.868000 2.056100 -19.706400
v -29.276101 2.056100 -29.276101
v -19.706400 2.056100 -36.868000
v -12.096233 2.056100 -39.876001
v 0.000000 2.056100 -41.670167
v 12.096267 2.056100 -39.876001
v 19.706400 2.056100 -36.868000
v 29.276120 2.056100 -29.276101
v 36.868000 2.056100 -19.706400
v 0.000000 2.056100 0.000000
v 107.597050 32.841193 -12.734964
v 108.431944 32.841186 0.000000
v 123.348712 32.429271 0.000000
v 122.398978 32.429271 -14.486893
v 125.424308 13.746123 -15.235961
v 126.265799 14.110084 0.000000
v 132.432892 3.365775 -15.674487
v 133.460482 3.365775 0.000000
v 104.280171 32.841200 -29.410057
v 118.758444 33.205655 -30.672422
v 123.581487 12.852288 -29.669288
v 120.244990 11.872570 -44.360710
v 116.695299 31.031780 -43.051161
v 130.118345 3.478227 -31.238645
v 127.818649 3.800933 -41.530817
v 122.711004 2.983352 -46.516456
v 102.075501 33.969145 -44.004427
v 107.538050 32.429293 -60.224171
v 109.480453 14.270937 -62.876963
v 118.467570 3.270631 -60.362246
v 90.088114 32.841200 -60.194950
v 91.474773 33.664191 -77.003691
v 104.457318 11.591346 -74.741427
v 100.278399 31.825050 -72.856483
v 114.283940 3.613180 -70.033280
v 107.051048 3.001965 -76.287253
v 87.220714 32.429300 -87.220699
v 75.874760 31.678187 -75.874747
v 95.847081 14.876420 -81.861121
v 90.544150 11.606892 -90.544150
v 101.483635 3.365783 -86.675242
v 92.511143 3.056556 -92.511137
v 77.003728 33.664191 -91.474754
v 60.194993 32.841200 -90.088114
v 81.861121 14.876420 -95.847081
v 74.741427 11.591346 -104.457318
v 72.856500 31.825067 -100.278399
v 86.675250 3.365825 -101.483635
v 76.287253 3.002024 -107.051030
v 60.224199 32.429314 -107.538021
v 44.004427 33.969155 -102.075501
v 62.876963 14.270955 -109.480425
v 70.033280 3.613210 -114.283930
v 60.362246 3.270677 -118.467546
v 30.672444 33.205700 -118.758433
v 29.410064 32.841200 -104.280150
v 43.051181 31.031820 -116.695289
v 44.360715 11.872580 -120.244985
v 46.516465 2.983417 -122.710991
v 41.530800 3.800950 -127.818633
v 14.486900 32.429314 -122.398978
v 12.734978 32.841200 -107.597043
v 29.669301 12.852300 -123.581487
v 15.235977 13.746154 -125.424293
v 31.238654 3.478273 -130.118326
v 15.674487 3.365825 -132.432883
v 0.000000 32.429314 -123.348712
v 0.000000 32.841200 -108.431944
v 0.000000 14.110117 -126.265799
v 0.000000 3.365825 -133.460482
v 77.775975 31.484842 76.805215
v 86.857441 31.202548 86.829079
v 88.746479 12.166454 88.830712
v 91.504295 3.859201 91.927788
v 100.625400 3.350947 88.115394
v 90.127743 32.841186 60.148557
v 91.800609 33.664164 76.622218
v 107.538050 32.429271 60.224150
v 102.075501 33.969127 44.004400
v 100.369016 31.825017 72.750417
v 109.480462 14.270919 62.876945
v 104.542537 11.591337 74.641619
v 114.283940 3.613170 70.033250
v 107.135935 3.001959 76.187866
v 118.467578 3.270615 60.362200
v 118.758444 33.205655 30.672422
v 104.280164 32.841186 29.410057
v 116.695319 31.031780 43.051121
v 120.245000 11.872560 44.360690
v 122.711004 2.983348 46.516439
v 127.818666 3.800933 41.530767
v 122.398978 32.429271 14.486893
v 107.597043 32.841186 12.734964
v 123.581487 12.852275 29.669275
v 125.424308 13.746123 15.235946
v 130.118345 3.478227 31.238627
v 132.432892 3.365775 15.674467
v 95.480260 31.592440 -48.649619
v 48.649619 31.592440 -95.480240
v 95.480279 31.592440 48.649580
v 115.692417 9.297433 -58.948233
v 58.948250 9.297433 -115.692417
v 115.692450 9.297433 58.948184
v 130.721802 8.393086 -14.745814
v 131.266300 8.516275 0.000000
v 129.281205 7.953700 -31.037649
v 113.362549 7.953700 -69.468647
v 99.815225 8.516275 -85.250252
v 85.250252 8.516275 -99.815225
v 69.468647 7.953700 -113.362549
v 31.037649 7.953700 -129.281205
v 14.745814 8.393086 -130.721773
v 0.000000 8.516275 -131.266300
v 113.362549 7.953700 69.468647
v 129.281205 7.953700 31.037649
v 130.721802 8.393086 14.745786
v 102.356800 14.817180 -12.114730
v 103.150999 14.817180 0.000000
v 100.562314 15.816371 -27.764100
v 92.774228 14.580964 -43.935318
v 86.545476 15.466775 -57.827851
v 73.457999 15.921944 -73.457988
v 57.827851 15.466775 -86.545463
v 43.935336 14.580964 -92.774219
v 27.764129 15.816371 -100.562300
v 12.114760 14.817180 -102.356760
v 0.000000 14.817180 -103.150999
v 74.646186 13.390126 74.787144
v 86.583539 15.466775 57.783237
v 92.774237 14.580964 43.935291
v 100.562328 15.816371 27.764100
v 102.356800 14.817180 12.114730
v 92.113359 12.272200 -29.812540
v 76.140851 12.600450 -61.744433
v 61.744433 12.600450 -76.140802
v 29.812540 12.272200 -92.113339
v 76.357799 12.600450 61.490366
v 92.113359 12.272200 29.812500
v 73.646444 3.431524 74.026294
v 96.381999 14.110084 81.570432
v 100.199051 8.516275 84.800874
v 92.023887 2.128800 45.587256
v 76.208121 2.128800 60.718361
v 91.219749 2.128800 29.490775
v 103.472425 2.128800 12.246763
v 103.472425 2.128800 -12.246775
v 104.275274 2.128800 0.000000
v 76.007300 2.128800 -60.953499
v 92.023871 2.128800 -45.587286
v 60.953538 2.128800 -76.007300
v 74.588975 2.128800 -74.588963
v 29.490775 2.128825 -91.219725
v 45.587286 2.128857 -92.023857
v 12.246800 2.128900 -103.472425
v 0.000000 2.128900 -104.275274
v 91.219724 2.128800 -29.490775
v 87.964900 2.128800 58.705117
v 101.777649 2.128800 28.704266
v 87.926216 2.128800 -58.750401
v 58.750434 2.128817 -87.926198
v 28.704299 2.128900 -101.777632
v 43.496026 2.128900 -105.008576
v 105.008650 2.128800 43.495951
v 101.777649 2.128800 -28.704266
v 105.008625 2.128800 -43.496001
v 106.335686 2.128800 60.366801
v 91.543359 2.128800 77.094087
v 121.994062 2.128800 14.438975
v 119.561150 2.128800 30.305117
v 121.994062 2.128800 -14.438975
v 122.940626 2.128800 0.000000
v 94.050941 2.128800 -77.870262
v 106.335686 2.128800 -60.366843
v 77.870262 2.128880 -94.050941
v 30.305184 2.128900 -119.561133
v 60.366871 2.128900 -106.335657
v 0.000000 2.128900 -122.940601
v 14.438975 2.128900 -121.994050
v 119.561150 2.128800 -30.305151
v -107.597036 32.841193 -12.734964
v -108.431928 32.841186 0.000000
v -123.348698 32.429271 0.000000
v -122.398978 32.429271 -14.486893
v -125.424301 13.746123 -15.235961
v -126.265799 14.110084 0.000000
v -132.432887 3.365775 -15.674487
v -133.460466 3.365775 0.000000
v -104.280164 32.841200 -29.410057
v -118.758444 33.205655 -30.672422
v -123.581499 12.852288 -29.669288
v -116.695299 31.031780 -43.051161
v -120.244980 11.872570 -44.360710
v -130.118345 3.478227 -31.238645
v -127.818633 3.800933 -41.530818
v -122.711000 2.983352 -46.516456
v -102.075501 33.969145 -44.004427
v -107.538043 32.429293 -60.224171
v -109.480434 14.270937 -62.876963
v -118.467562 3.270631 -60.362246
v -90.088114 32.841200 -60.194950
v -91.474745 33.664191 -77.003691
v -100.278399 31.825050 -72.856483
v -104.457300 11.591346 -74.741427
v -114.283930 3.613180 -70.033280
v -107.051030 3.001965 -76.287253
v -75.874754 31.678187 -75.874747
v -87.220714 32.429300 -87.220699
v -95.847061 14.876420 -81.861121
v -90.544142 11.606892 -90.544150
v -101.483643 3.365783 -86.675242
v -92.511130 3.056556 -92.511137
v -77.003709 33.664191 -91.474754
v -60.194993 32.841200 -90.088114
v -81.861121 14.876420 -95.847081
v -72.856483 31.825067 -100.278399
v -74.741436 11.591346 -104.457318
v -86.675217 3.365825 -101.483635
v -76.287253 3.002024 -107.051030
v -60.224178 32.429314 -107.538021
v -44.004427 33.969155 -102.075501
v -62.876963 14.270955 -109.480425
v -70.033289 3.613210 -114.283930
v -60.362231 3.270677 -118.467546
v -29.410057 32.841200 -104.280150
v -30.672444 33.205700 -118.758433
v -43.051171 31.031820 -116.695289
v -44.360710 11.872580 -120.244985
v -46.516461 2.983417 -122.710991
v -41.530783 3.800950 -127.818633
v -12.734971 32.841200 -107.597043
v -14.486900 32.429314 -122.398978
v -29.669288 12.852300 -123.581487
v -15.235969 13.746154 -125.424293
v -31.238636 3.478273 -130.118326
v -15.674483 3.365825 -132.432883
v -77.775965 31.484842 76.805215
v -86.857437 31.202548 86.829079
v -88.746476 12.166454 88.830712
v -91.504291 3.859201 91.927788
v -100.625388 3.350947 88.115394
v -90.127736 32.841186 60.148557
v -91.800582 33.664164 76.622218
v -107.538043 32.429271 60.224150
v -102.075501 33.969127 44.004400
v -100.369000 31.825017 72.750417
v -109.480443 14.270919 62.876945
v -104.542537 11.591337 74.641619
v -114.283930 3.613170 70.033250
v -107.135923 3.001959 76.187866
v -118.467578 3.270615 60.362200
v -104.280157 32.841186 29.410057
v -118.758444 33.205655 30.672422
v -116.695309 31.031780 43.051121
v -120.244990 11.872560 44.360690
v -122.711008 2.983348 46.516439
v -127.818633 3.800933 41.530767
v -107.597036 32.841186 12.734964
v -122.398970 32.429271 14.486893
v -123.581499 12.852275 29.669275
v -125.424301 13.746123 15.235946
v -130.118345 3.478227 31.238627
v -132.432887 3.365775 15.674467
v -95.480240 31.592440 -48.649619
v -48.649619 31.592440 -95.480240
v -95.480240 31.592440 48.649580
v -115.692417 9.297433 -58.948233
v -58.948233 9.297433 -115.692417
v -115.692434 9.297433 58.948184
v -130.721789 8.393086 -14.745814
v -131.266300 8.516275 0.000000
v -129.281205 7.953700 -31.037649
v -113.362549 7.953700 -69.468647
v -99.815201 8.516275 -85.250252
v -85.250252 8.516275 -99.815225
v -69.468647 7.953700 -113.362549
v -31.037649 7.953700 -129.281205
v -14.745814 8.393086 -130.721773
v -113.362549 7.953700 69.468647
v -129.281205 7.953700 31.037649
v -130.721789 8.393086 14.745786
v -103.150999 14.817180 0.000000
v -102.356770 14.817180 -12.114730
v -100.562300 15.816371 -27.764100
v -92.774228 14.580964 -43.935318
v -86.545476 15.466775 -57.827851
v -73.457999 15.921944 -73.457988
v -57.827851 15.466775 -86.545463
v -43.935327 14.580964 -92.774219
v -27.764115 15.816371 -100.562300
v -12.114740 14.817180 -102.356760
v -74.646184 13.390126 74.787144
v -86.583539 15.466775 57.783237
v -92.774246 14.580964 43.935291
v -100.562300 15.816371 27.764100
v -102.356770 14.817180 12.114730
v -92.113379 12.272200 -29.812540
v -76.140851 12.600450 -61.744433
v -61.744433 12.600450 -76.140802
v -29.812540 12.272200 -92.113339
v -76.357799 12.600450 61.490366
v -92.113379 12.272200 29.812500
v -73.646441 3.431524 74.026294
v -96.381999 14.110084 81.570432
v -100.199024 8.516275 84.800874
v -92.023885 2.128800 45.587256
v -76.208121 2.128800 60.718361
v -91.219724 2.128800 29.490775
v -103.472425 2.128800 12.246763
v -103.472425 2.128800 -12.246775
v -104.275274 2.128800 0.000000
v -76.007280 2.128800 -60.953499
v -92.023857 2.128800 -45.587286
v -60.953538 2.128800 -76.007300
v -74.588963 2.128800 -74.588963
v -29.490775 2.128825 -91.219725
v -45.587286 2.128857 -92.023857
v -12.246775 2.128900 -103.472425
v -91.219724 2.128800 -29.490775
v -87.964882 2.128800 58.705117
v -101.777649 2.128800 28.704266
v -87.926198 2.128800 -58.750401
v -58.750434 2.128817 -87.926198
v -28.704266 2.128900 -101.777632
v -43.496026 2.128900 -105.008576
v -105.008625 2.128800 43.495951
v -101.777649 2.128800 -28.704266
v -105.008600 2.128800 -43.496001
v -106.335671 2.128800 60.366801
v -91.543345 2.128800 77.094087
v -121.994050 2.128800 14.438975
v -119.561133 2.128800 30.305117
v -121.994050 2.128800 -14.438975
v -122.940626 2.128800 0.000000
v -94.050941 2.128800 -77.870262
v -106.335671 2.128800 -60.366843
v -77.870262 2.128880 -94.050941
v -30.305167 2.128900 -119.561133
v -60.366843 2.128900 -106.335657
v -14.438975 2.128900 -121.994050
v -119.561133 2.128800 -30.305151
v -0.040652 195.430297 77.165617
v -14.026878 194.978628 76.134434
v -27.932892 194.452974 72.546781
v -44.297100 196.772793 62.276973
v -45.678591 195.532472 76.021868
v -44.266662 181.602450 75.605238
v -29.222745 180.900445 78.447650
v -45.166946 165.358461 75.667540
v -14.817258 184.412177 81.145719
v -33.286555 165.933733 80.906578
v -29.697414 166.193852 91.952333
v -34.407532 173.292969 88.378849
v -12.822325 178.022825 83.747142
v -15.911556 164.034670 89.977224
v -14.747904 150.835869 91.165707
v 0.123655 179.408480 84.222754
v -0.000874 165.405873 87.511395
v 0.000000 150.304745 92.419172
v 15.910812 164.033632 89.977551
v 14.747884 150.835860 91.165707
v 12.780968 178.164747 83.709912
v 29.697406 166.193852 91.952337
v 33.286500 165.933699 80.906601
v 34.407282 173.292636 88.378999
v 14.848764 184.442570 81.124120
v 29.217270 180.897121 78.450740
v 45.166927 165.358434 75.667554
v 44.266650 181.602442 75.605263
v 27.924424 194.453464 72.549008
v 45.678585 195.532472 76.021870
v 44.297053 196.772821 62.276973
v -48.717551 185.750046 66.130451
v -58.870275 194.072785 58.903450
v -59.594860 179.893580 60.233166
v -61.403911 166.011734 62.340277
v -58.594866 164.048386 73.794468
v -57.975312 150.583667 72.438257
v -44.631154 150.351600 76.420036
v -34.364300 148.256800 81.629000
v -29.126208 150.703377 86.788741
v -44.713310 135.531339 74.548482
v -32.250285 133.234715 80.282728
v -27.999567 137.127215 87.834167
v -15.341369 134.158746 87.577854
v -0.000014 135.989809 89.071556
v 15.341308 134.158739 87.577862
v 27.999533 137.127200 87.834167
v 29.126192 150.703342 86.788750
v 32.250243 133.234672 80.282756
v 34.364267 148.256800 81.629034
v 44.713250 135.531311 74.548502
v 44.631118 150.351538 76.420054
v 57.975290 150.583655 72.438279
v 58.594866 164.048368 73.794468
v 61.403900 166.011700 62.340288
v 59.594867 179.893559 60.233179
v 48.717500 185.750000 66.130451
v 58.870275 194.072792 58.903450
v -66.442200 184.005852 49.556850
v -74.557069 179.011221 43.713251
v -75.150400 164.898898 46.829327
v -72.397459 165.310040 59.033219
v -62.328299 151.131302 63.020929
v -76.765490 149.417757 44.176456
v -73.401049 150.611389 57.611699
v -60.691750 135.645851 62.321350
v -58.551950 136.081202 74.823834
v -43.912730 120.543469 72.464510
v -28.916170 119.494740 77.005751
v -13.982017 118.158301 80.607168
v -15.752482 104.325189 74.875655
v -13.635920 123.634697 86.871759
v -0.000040 116.458399 81.068259
v -0.000025 102.566783 76.129716
v -0.000014 121.529843 87.481673
v 13.635920 123.634697 86.871759
v 13.981933 118.158301 80.607184
v 15.752427 104.325162 74.875655
v 28.916121 119.494691 77.005751
v 43.912669 120.543449 72.464520
v 60.691690 135.645799 62.321360
v 58.551950 136.081184 74.823834
v 62.328299 151.131241 63.020957
v 73.401049 150.611378 57.611699
v 75.150391 164.898881 46.829336
v 76.765456 149.417723 44.176478
v 72.397459 165.310040 59.033219
v 74.557069 179.011200 43.713251
v 66.442200 184.005852 49.556850
v -80.832220 166.983899 33.515459
v -89.746081 165.345600 14.747255
v -88.789601 162.828870 26.772483
v -87.308126 150.566173 29.366637
v -81.842598 150.345848 34.549000
v -80.094219 133.008340 33.005341
v -75.086712 135.398323 46.360900
v -72.846337 120.871699 44.584763
v -72.392259 134.145859 57.666501
v -60.426355 121.834078 58.861322
v -65.528103 119.047397 49.867351
v -59.608780 104.754609 45.090150
v -50.178501 117.568868 64.470933
v -60.029228 107.568100 58.818543
v -45.153322 105.146133 59.881934
v -29.933972 105.714871 72.685485
v -33.081325 101.771250 64.945351
v -29.773225 89.670588 58.816862
v -16.572969 89.303515 62.022209
v 0.000000 90.537800 73.055701
v -0.000030 88.531811 61.356239
v 16.572908 89.303515 62.022216
v 29.933914 105.714827 72.685485
v 29.773175 89.670563 58.816887
v 33.081276 101.771225 64.945376
v 45.153245 105.146077 59.881956
v 50.178433 117.568835 64.470933
v 60.426344 121.834012 58.861334
v 60.029214 107.568086 58.818557
v 59.608689 104.754549 45.090170
v 65.528053 119.047397 49.867401
v 72.846288 120.871699 44.584800
v 75.086675 135.398285 46.360950
v 72.392259 134.145837 57.666521
v 80.094159 133.008262 33.005400
v 81.842598 150.345802 34.549049
v 87.308101 150.566126 29.366663
v 80.832220 166.983899 33.515480
v 88.789601 162.828870 26.772483
v 89.746027 165.345599 14.747236
v -89.299089 149.465212 15.629000
v -92.479928 150.733756 1.944557
v -93.211968 135.779663 4.697733
v -88.713012 135.221012 15.132100
v -87.752867 137.223213 27.530000
v -89.323599 122.256872 14.812225
v -81.228933 122.282534 19.956033
v -77.019012 118.247935 30.858200
v -73.758531 105.562399 30.383300
v -64.679524 101.432649 33.485700
v -58.647367 90.321167 33.902334
v -58.811280 91.406760 44.575820
v -44.112700 89.323421 44.084200
v -48.308498 98.806396 51.997601
v -44.862133 91.100784 56.582916
v -31.966699 85.333733 48.739301
v -29.547211 75.901867 45.085810
v -13.421583 75.763469 48.560832
v -0.000029 76.402914 48.273343
v 0.000000 78.883499 57.497900
v 13.421550 75.763469 48.560832
v 29.547178 75.901855 45.085810
v 31.966600 85.333700 48.739301
v 44.112623 89.323366 44.084245
v 44.862133 91.100784 56.582933
v 48.308399 98.806396 51.997601
v 58.647299 90.321101 33.902367
v 58.811260 91.406740 44.575820
v 64.679450 101.432598 33.485725
v 73.758502 105.562399 30.383315
v 77.018979 118.247868 30.858245
v 81.228864 122.282466 19.956067
v 88.712956 135.220954 15.132122
v 89.323574 122.256872 14.812225
v 87.752834 137.223180 27.530033
v 89.299190 149.465188 15.629022
v 93.212100 135.779663 4.697767
v 92.479928 150.733756 1.944571
v -0.376975 186.086349 81.810720
v 13.942149 194.970966 76.150527
v -32.932850 200.599304 66.623100
v -22.888050 203.452553 68.643547
v -29.694308 209.317612 60.590287
v -14.577690 211.878291 63.648050
v -41.782629 211.715807 62.280639
v -33.124599 216.394302 51.439301
v -30.669537 223.861420 45.287343
v -16.014286 225.854420 55.701152
v -15.607137 226.527779 46.115421
v -30.823150 225.473203 59.442376
v -0.015732 213.473229 63.842249
v -0.001164 221.287784 55.322101
v -0.000007 229.013443 43.793640
v 16.013295 225.855445 55.700133
v 15.607089 226.527785 46.115421
v 14.549843 211.907333 63.627576
v 29.690987 209.320379 60.589242
v 30.669519 223.861420 45.287337
v 30.823148 225.473203 59.442378
v 41.782618 211.715826 62.280639
v 33.124500 216.394302 51.439301
v 22.858450 203.471001 68.639798
v 32.930700 200.600700 66.623100
v -61.013932 195.978232 46.859391
v -46.294761 211.479770 46.550208
v -58.500913 208.090799 44.187063
v -43.720950 223.185463 44.073237
v -43.157891 224.218481 30.612591
v -50.780251 215.568748 35.694800
v -29.651789 229.403758 31.448534
v -18.908900 231.344353 35.121649
v -14.477671 236.955177 28.315721
v -28.680725 238.287399 30.736750
v -0.000009 237.956689 30.767264
v -0.000022 239.049313 16.680856
v 14.477629 236.955171 28.315714
v 18.908850 231.344406 35.121649
v 29.651722 229.403768 31.448534
v 28.680700 238.287399 30.736750
v 43.720937 223.185463 44.073225
v 43.157836 224.218491 30.612582
v 46.294730 211.479801 46.550192
v 50.780251 215.568748 35.694750
v 58.500900 208.090822 44.187063
v 61.013932 195.978282 46.859358
v -72.983172 192.396343 43.596185
v -73.646028 195.051920 29.931982
v -78.906884 179.892772 29.502514
v -66.522102 199.257401 35.280499
v -60.438033 210.537841 30.273467
v -74.694412 206.070177 14.991525
v -62.895315 212.474115 16.096571
v -46.080911 226.096912 15.600367
v -57.748740 223.175201 29.713980
v -60.334657 222.591241 15.427172
v -35.528576 231.397953 17.365575
v -44.901280 228.386159 0.628850
v -29.293784 238.688618 14.512542
v -14.855862 239.311125 15.429037
v -28.927870 238.823221 0.275120
v -14.926256 239.345288 0.062944
v -0.000011 240.605521 -0.688611
v 14.855787 239.311138 15.429037
v 14.926167 239.345288 0.062922
v 29.293742 238.688618 14.512525
v 35.528526 231.397953 17.365550
v 28.927810 238.823231 0.275100
v 44.901210 228.386199 0.628830
v 46.080856 226.096912 15.600333
v 60.334628 222.591241 15.427172
v 60.438000 210.537874 30.273442
v 57.748720 223.175220 29.713960
v 62.895271 212.474189 16.096543
v 72.983158 192.396343 43.596185
v 66.522102 199.257401 35.280499
v 73.646019 195.051966 29.931945
v 74.694400 206.070190 14.991512
v 78.906870 179.892785 29.502514
v -76.572551 194.305601 14.750963
v -80.862900 184.390602 17.506349
v -86.953126 179.171324 14.204800
v -77.704849 194.744787 -0.039150
v -73.102712 208.228512 0.165263
v -63.299079 214.200818 1.639360
v -59.064225 224.422262 -0.264825
v -62.624114 212.803157 -15.781143
v -46.127250 226.085888 -15.411587
v -58.314199 223.368416 -14.675416
v -30.565449 236.697948 -13.570750
v -17.591875 238.706600 -15.605525
v -34.996450 231.751351 -17.142800
v -0.000033 239.352699 -15.229417
v -0.000015 238.575046 -29.391016
v -14.171578 238.816664 -29.301122
v 17.591800 238.706600 -15.605525
v 14.171567 238.816676 -29.301122
v 30.565387 236.697960 -13.570775
v 46.127174 226.085915 -15.411587
v 34.996349 231.751396 -17.142800
v 59.064225 224.422285 -0.264850
v 58.314166 223.368431 -14.675416
v 62.624043 212.803201 -15.781171
v 63.299020 214.200836 1.639360
v 73.102675 208.228525 0.165250
v 77.704837 194.744854 -0.039175
v 76.572500 194.305674 14.750925
v 80.862900 184.390655 17.506349
v 86.953114 179.171360 14.204800
v -90.680667 165.325333 0.218389
v -86.574032 179.123462 -0.373622
v -91.150375 167.498348 -12.633100
v -81.453102 187.011002 -7.136600
v -76.485868 194.469198 -14.980500
v -81.305267 183.757131 -16.592867
v -74.179980 196.704300 -26.461160
v -89.755650 178.628166 -13.375767
v -74.372100 208.462200 -13.390488
v -66.845398 202.384201 -29.966101
v -59.444700 210.629475 -29.729475
v -58.760580 221.651679 -29.631500
v -44.148589 224.168021 -29.638533
v -49.370300 215.501495 -37.775700
v -45.704883 223.295031 -42.443682
v -30.006067 229.340932 -31.227500
v -29.626233 238.544116 -29.809916
v -30.226475 227.161461 -43.700350
v -17.177200 232.221405 -34.051899
v -0.000033 229.651016 -42.764682
v -14.445250 228.700024 -42.199124
v 29.626217 238.544116 -29.809916
v 30.006050 229.340948 -31.227500
v 17.177099 232.221405 -34.051998
v 14.445175 228.700050 -42.199149
v 30.226425 227.161461 -43.700350
v 44.148512 224.168065 -29.638544
v 45.704850 223.295047 -42.443682
v 58.760580 221.651679 -29.631521
v 59.444637 210.629524 -29.729487
v 49.370300 215.501495 -37.775700
v 74.372063 208.462236 -13.390488
v 76.485784 194.469233 -14.980550
v 74.179941 196.704321 -26.461180
v 66.845398 202.384201 -29.966200
v 81.453102 187.011002 -7.136700
v 86.574021 179.123486 -0.373656
v 89.755633 178.628184 -13.375783
v 91.150375 167.498375 -12.633100
v 81.305234 183.757167 -16.592900
v 90.680510 165.325343 0.218356
v -12.905112 205.032216 69.905184
v -0.045824 206.720940 69.740097
v 12.791832 205.095996 69.875208
v -88.998456 222.844433 0.091433
v -88.985084 220.994945 -16.295863
v -89.605356 214.099452 -32.177208
v -89.335473 207.414774 -44.212439
v -91.177492 199.290208 -49.125964
v -88.880762 193.576093 -57.342445
v -89.614470 180.296732 -64.030034
v -88.857657 162.853271 -70.020479
v -89.010899 149.401178 -70.622728
v -88.785274 136.589974 -69.402261
v -91.084392 133.966686 -65.676043
v -89.501913 120.274098 -62.526440
v -88.819226 108.413215 -55.759596
v -90.108692 101.724494 -47.794063
v -89.170857 94.684995 -42.012886
v -89.495563 89.499129 -31.390293
v -89.832844 84.832045 -17.938051
v -88.764914 81.659601 -12.718450
v -88.539454 80.925439 0.091721
v -88.766235 81.624500 12.908722
v -89.837906 84.888290 17.974660
v -89.503319 89.311243 31.214229
v -89.148268 94.512522 41.989063
v -90.086043 101.736853 47.965460
v -88.811807 108.418373 55.936034
v -89.483186 120.279480 62.699447
v -91.042520 133.974771 65.827835
v -88.775403 136.592438 69.574445
v -88.999181 149.401826 70.792927
v -88.847436 162.851760 70.191903
v -89.598794 180.290996 64.199779
v -88.872884 193.570770 57.517565
v -91.153363 199.277480 49.294994
v -89.314605 207.563062 44.216539
v -89.618525 214.108785 32.199570
v -88.968171 220.985291 16.326588
v -79.469948 228.593161 -0.350314
v -79.460235 227.178265 -15.712376
v -79.782141 226.068213 -29.302823
v -75.673181 209.387640 -31.007540
v -79.674906 212.398055 -45.865775
v -79.296176 208.918964 -58.865716
v -80.253859 196.374196 -62.486035
v -81.182951 184.243603 -65.955374
v -79.937297 178.257926 -75.422862
v -80.137172 163.595404 -77.205664
v -80.174828 148.593976 -78.295081
v -80.201869 133.752945 -76.254030
v -79.329825 119.637825 -74.586471
v -81.021187 117.310229 -64.651799
v -80.039504 104.134592 -62.221380
v -81.498451 100.593750 -51.494301
v -80.002404 88.519360 -45.104061
v -80.683134 85.196000 -31.896967
v -79.667484 77.759388 -30.089468
v -82.315300 83.552803 -22.206699
v -80.049548 74.518000 -16.174915
v -80.164465 73.771206 0.664977
v -79.982311 74.966242 15.238121
v -79.229083 76.201528 28.941531
v -82.315399 83.552803 22.389799
v -78.429838 86.837825 30.976587
v -79.585017 88.462196 44.967938
v -75.904634 104.327983 47.264217
v -80.073247 103.912412 61.560975
v -79.026967 118.838267 61.552712
v -79.546464 119.837612 73.632728
v -79.858837 134.903631 76.111590
v -80.170978 149.093623 78.413968
v -79.812207 163.982548 77.159153
v -79.741100 180.060305 75.286491
v -78.392183 181.065066 61.595283
v -80.200550 196.317444 62.378675
v -79.243945 211.764715 45.698370
v -79.075295 209.100892 59.340732
v -79.921200 225.245903 30.469300
v -75.628450 212.539330 28.709725
v -79.779432 227.877196 16.111246
v -78.340753 236.384573 -0.603187
v -78.472257 223.003714 -44.487657
v -78.558542 193.217163 -72.355769
v -76.918982 107.246583 -73.051848
v -78.365628 91.874628 -57.952152
v -77.875462 91.709157 58.384033
v -76.183933 105.384392 72.861250
v -77.709444 194.377863 73.387050
v -78.594220 222.652836 44.407830
v -88.824701 218.564333 -27.405985
v -88.831100 174.386058 -68.253129
v -88.822015 174.382329 68.424070
v -88.912075 218.889074 26.953163
v 88.998456 222.844433 0.091433
v 88.985084 220.994945 -16.295863
v 89.605356 214.099452 -32.177208
v 89.335473 207.414774 -44.212439
v 91.177492 199.290208 -49.125964
v 88.880762 193.576093 -57.342445
v 89.614470 180.296732 -64.030034
v 88.857657 162.853271 -70.020479
v 89.010899 149.401178 -70.622728
v 88.785274 136.589974 -69.402261
v 91.084392 133.966686 -65.676043
v 89.501913 120.274098 -62.526440
v 88.819226 108.413215 -55.759596
v 90.108692 101.724494 -47.794063
v 89.170857 94.684995 -42.012886
v 89.495563 89.499129 -31.390293
v 89.832844 84.832045 -17.938051
v 88.764914 81.659601 -12.718450
v 88.539454 80.925439 0.091721
v 88.766235 81.624500 12.908722
v 89.837906 84.888290 17.974660
v 89.503319 89.311243 31.214229
v 89.148268 94.512522 41.989063
v 90.086043 101.736853 47.965460
v 88.811807 108.418373 55.936034
v 89.483186 120.279480 62.699447
v 91.042520 133.974771 65.827835
v 88.775403 136.592438 69.574445
v 88.999181 149.401826 70.792927
v 88.847436 162.851760 70.191903
v 89.598794 180.290996 64.199779
v 88.872884 193.570770 57.517565
v 91.153363 199.277480 49.294994
v 89.314605 207.563062 44.216539
v 89.618525 214.108785 32.199570
v 88.968171 220.985291 16.326588
v 79.469948 228.593161 -0.350314
v 79.460235 227.178265 -15.712376
v 79.782141 226.068213 -29.302823
v 75.673181 209.387640 -31.007540
v 79.674906 212.398055 -45.865775
v 79.296176 208.918964 -58.865716
v 80.253859 196.374196 -62.486035
v 81.182951 184.243603 -65.955374
v 79.937297 178.257926 -75.422862
v 80.137172 163.595404 -77.205664
v 80.174828 148.593976 -78.295081
v 80.201869 133.752945 -76.254030
v 81.021187 117.310229 -64.651799
v 79.329825 119.637825 -74.586471
v 80.039504 104.134592 -62.221380
v 81.498451 100.593750 -51.494301
v 80.002404 88.519360 -45.104061
v 80.683134 85.196000 -31.896967
v 79.667484 77.759388 -30.089468
v 82.315300 83.552803 -22.206699
v 80.049548 74.518000 -16.174915
v 80.164465 73.771206 0.664977
v 79.982311 74.966242 15.238121
v 79.229083 76.201528 28.941531
v 82.315399 83.552803 22.389799
v 78.429838 86.837825 30.976587
v 79.585017 88.462196 44.967938
v 75.904634 104.327983 47.264217
v 80.073247 103.912412 61.560975
v 79.026967 118.838267 61.552712
v 79.546464 119.837612 73.632728
v 79.858837 134.903631 76.111590
v 80.170978 149.093623 78.413968
v 79.812207 163.982548 77.159153
v 79.741100 180.060305 75.286491
v 78.392183 181.065066 61.595283
v 80.200550 196.317444 62.378675
v 79.243945 211.764715 45.698370
v 79.075295 209.100892 59.340732
v 79.921200 225.245903 30.469300
v 75.628450 212.539330 28.709725
v 79.779432 227.877196 16.111246
v 78.340753 236.384573 -0.603187
v 78.472257 223.003714 -44.487657
v 78.558542 193.217163 -72.355769
v 76.918982 107.246583 -73.051848
v 78.365628 91.874628 -57.952152
v 77.875462 91.709157 58.384033
v 76.183933 105.384392 72.861250
v 77.709444 194.377863 73.387050
v 78.594220 222.652836 44.407830
v 88.824701 218.564333 -27.405985
v 88.831100 174.386058 -68.253129
v 88.822015 174.382329 68.424070
v 88.912075 218.889074 26.953163
v -0.000000 237.165982 54.464803
v -14.520150 238.758854 56.407761
v -30.536412 241.256787 61.168682
v -40.785772 223.524828 64.103645
v -45.509900 209.089857 71.896713
v -48.837200 191.059479 84.928740
v -43.120421 179.787281 88.873655
v -30.758689 161.903489 105.926076
v -15.621206 159.336506 100.055956
v -14.377994 156.104029 108.528711
v -0.000000 156.145254 102.129035
v -0.000000 157.793667 99.191764
v 0.000000 251.562528 56.462763
v -14.221059 250.655251 57.321759
v -26.947350 249.048738 56.903412
v -42.860668 237.636860 63.618076
v -48.128735 225.783308 70.616405
v -55.686171 222.264947 72.854479
v -57.912145 211.820363 78.531897
v -57.695033 205.650284 83.418951
v -57.979912 195.633350 88.430888
v -57.803939 182.636855 94.770894
v -53.519526 176.612648 99.464800
v -48.046769 175.726838 100.112406
v -43.155722 166.893278 104.948918
v -30.566250 152.405190 111.325088
v -23.615175 151.719150 113.112301
v -14.081474 151.393600 114.062805
v 0.000000 150.117629 114.747946
v 0.000000 261.488596 37.306634
v 0.000000 257.757034 46.789316
v 0.000000 263.756887 29.802233
v -15.612712 257.183687 45.296725
v -12.800900 263.025208 30.220200
v -19.104700 261.951294 30.850100
v -29.769429 254.145586 45.147585
v -30.893940 259.477924 29.355020
v -43.556900 249.745548 43.883101
v -45.019150 254.289452 29.803500
v -47.693300 245.226257 49.358000
v -58.544484 240.880564 45.192434
v -56.397875 234.898678 57.757950
v -62.510900 227.170616 61.855582
v -72.549942 221.736856 57.243820
v -71.933032 208.094867 71.260312
v -70.023967 190.066671 84.014168
v -72.342737 179.917948 85.910876
v -74.766767 166.603344 87.063922
v -64.710300 166.348033 94.893100
v -56.107199 164.592340 100.376401
v -76.129333 151.161511 86.999369
v -57.894500 150.480499 100.083925
v -64.238951 149.311302 96.276249
v -44.758484 151.753466 106.600283
v -55.210400 135.542053 100.341000
v -45.501679 135.650900 104.955678
v -30.348260 135.163260 110.210899
v -29.395500 122.509348 107.841425
v -15.355301 136.528877 113.511900
v -17.808201 131.549103 112.498100
v -16.567550 119.378574 109.640053
v 0.000000 133.347788 114.047369
v 0.000000 118.059167 110.402117
v -0.000000 266.324478 16.869066
v -17.650050 264.923401 17.679850
v -28.854700 263.215515 14.572100
v -35.735500 261.023590 15.841300
v -46.838801 256.860649 13.903800
v -58.527866 250.540298 16.108133
v -58.737250 247.859948 27.587600
v -64.873067 242.347666 32.005934
v -72.892452 237.117195 29.286800
v -70.649101 234.887100 39.583099
v -65.005199 135.095596 94.191465
v -75.295500 134.499126 86.066376
v -59.281325 118.963800 93.640524
v -44.330375 119.595800 101.744976
v -29.575150 105.368550 101.470823
v -17.312600 103.992866 103.713768
v 0.000000 105.455800 105.776332
v 0.000000 267.710846 -1.317000
v -11.819250 267.035271 -0.929675
v -27.299400 264.383728 0.608200
v -41.259566 260.077271 1.588700
v -59.363480 251.272043 -0.184540
v -77.114619 236.833245 15.116209
v -70.602801 119.753299 85.802032
v -60.038565 106.105601 87.532300
v -47.747398 105.038500 94.253634
v -37.770699 103.616096 98.117798
v -43.015434 92.268400 89.147967
v -28.507600 89.016400 92.608049
v -13.658433 87.619568 94.999202
v -7.743300 97.375900 101.712196
v 0.000000 97.109200 101.869698
v 0.000000 89.262802 97.236504
v 0.000000 266.854889 -14.913100
v -12.530000 266.138046 -14.501900
v 0.000000 264.221252 -28.288350
v -11.538067 263.993571 -26.476367
v -25.277500 263.511047 -17.901900
v -33.463351 261.521408 -16.750400
v -45.313576 257.456791 -14.393949
v -60.609801 249.580093 -14.774250
v -66.766296 246.669998 -3.268400
v -75.111699 238.740327 -14.976391
v -69.258648 92.334400 70.980950
v -62.406300 99.137398 81.995903
v -61.483300 87.537176 73.754026
v -55.938801 95.440498 84.148399
v -50.044899 85.159302 80.201500
v -45.081549 76.558449 74.975574
v -29.893400 78.422550 84.079750
v -11.427266 77.706367 87.776235
v 0.000000 78.287300 89.089199
v 0.000000 258.418091 -45.506351
v -13.467700 257.651276 -45.064351
v -17.574800 261.923401 -32.010601
v -30.473751 259.402099 -30.554150
v -31.108250 254.633724 -43.320499
v -47.393326 252.630829 -31.789176
v -58.745899 248.856705 -24.448400
v -62.882101 243.894249 -31.905650
v -59.681153 239.418503 -15.411650
v -74.803083 235.584534 -28.874117
v -63.368826 75.946926 59.806174
v -52.247200 70.287849 63.075699
v -30.570051 71.958500 77.673351
v -31.062499 65.975800 70.794652
v -13.236449 68.977753 79.390747
v -13.448750 62.953550 72.535202
v 0.000000 78.417351 70.727148
v 0.000000 62.186298 72.978600
v 0.000000 249.986549 -61.610302
v -13.574849 251.632751 -57.308300
v -31.355601 248.589554 -55.552799
v -44.108101 249.073593 -45.327400
v -46.905300 240.518636 -57.902466
v -52.339600 245.815002 -43.445099
v -61.345080 238.740841 -45.670459
v -70.600998 235.845398 -37.715900
v -76.531662 77.595354 44.052227
v -71.008102 77.746498 53.533501
v -67.112999 70.300201 47.294998
v -58.629540 63.213240 45.059479
v -44.315900 61.891300 57.414349
v -31.408400 58.101874 59.599999
v -15.099433 56.007866 62.563502
v -9.098600 52.145500 57.767700
v 0.000000 56.707901 65.672096
v 0.000000 51.824600 57.952801
v -12.503450 239.951950 -59.445475
v 0.000000 239.134453 -76.197399
v -13.306675 238.375377 -75.758350
v -31.263250 243.759453 -63.271299
v -29.399167 236.722732 -73.090434
v -43.716301 234.639099 -68.457901
v -51.869301 231.398193 -66.591400
v -60.259800 232.920105 -57.025101
v -64.172132 226.962865 -60.543099
v -72.353248 221.307121 -58.128924
v -71.956199 65.911301 28.809651
v -61.727168 58.712833 29.513333
v -52.026798 54.736900 35.252899
v -44.259300 55.166901 45.483898
v -46.077867 50.521467 30.789667
v -31.221275 49.567525 43.477849
v 0.000000 226.132049 -88.903450
v -12.729100 225.404377 -88.480450
v -29.403250 222.548874 -86.843801
v -34.745499 231.385895 -76.888496
v -46.537700 224.003925 -77.702398
v -61.994648 220.036003 -70.350300
v -61.217866 211.021830 -78.561333
v -71.137251 208.906849 -71.511475
v -73.345457 63.629615 13.982286
v -62.408702 56.138965 17.340900
v 0.000000 215.209793 -97.078903
v -12.098101 214.520294 -96.678848
v -27.945450 211.804199 -95.125649
v -43.909850 210.538276 -89.637625
v -55.859699 209.052597 -84.028099
v -60.156082 194.860404 -89.048560
v -67.177803 202.195099 -80.036102
v -69.976501 191.625793 -83.506798
v -62.973500 54.935734 -1.629200
v -73.115999 62.265050 0.508525
v -72.846498 63.039281 -13.201580
v -55.001351 50.212052 2.683800
v -12.584800 37.938301 14.565050
v -16.162300 37.508999 5.249300
v -10.442900 36.855466 -0.505233
v 0.000000 37.217602 14.978100
v 0.000000 36.337649 1.322550
v 0.000000 207.399200 -101.747498
v -11.577100 206.738396 -101.361901
v 0.000000 194.859866 -107.373684
v -17.685175 193.454422 -106.566626
v -26.739199 204.131698 -99.865398
v -32.356150 194.188752 -102.883702
v -40.106301 195.669746 -99.373649
v -48.153650 196.474846 -95.478901
v -46.620151 181.427128 -101.735825
v -60.499466 179.919098 -94.667132
v -72.603335 180.203201 -85.761134
v -60.838348 54.445650 -13.735600
v -62.630021 59.719260 -30.589340
v -55.102501 52.365200 -21.282499
v -16.784467 38.728867 -16.155033
v 0.000000 37.063766 -12.438900
v 0.000000 181.972732 -111.771869
v -15.934200 180.706497 -111.048451
v -30.895780 180.378418 -107.790500
v -44.595380 164.502542 -106.030101
v -57.133801 172.569901 -98.712700
v -55.497301 163.285599 -101.072998
v -64.677698 166.456901 -95.044003
v -76.102735 163.627919 -86.390618
v -58.292776 152.087700 -100.006725
v -65.917297 152.669006 -95.351196
v -75.880119 77.471571 -44.927690
v -70.775398 64.802002 -28.594299
v -65.336502 69.441597 -48.425900
v -56.629860 62.246259 -46.013900
v -51.811199 52.780800 -29.781000
v -45.144249 55.079325 -44.162550
v -42.963766 48.886700 -30.106066
v 0.000000 38.370599 -21.456400
v 0.000000 173.123067 -113.797900
v 0.000000 164.473068 -115.077169
v -15.387260 166.490778 -113.742220
v -29.248025 165.680053 -111.096701
v -26.103800 160.099503 -112.578003
v -32.977150 150.410603 -110.948725
v -44.911420 147.737845 -106.540220
v -56.609699 138.206253 -100.147751
v -63.828321 133.818102 -94.865159
v -76.252213 149.143875 -87.019312
v -75.058112 135.701353 -86.655556
v -72.356514 122.140744 -85.352115
v -70.476700 93.137560 -70.573920
v -69.550301 78.524498 -56.526299
v -60.363784 74.339767 -60.960100
v -44.729600 62.740117 -58.383617
v -33.369349 53.806449 -51.471850
v -28.087075 48.721525 -43.830825
v 0.000000 152.624684 -115.715983
v -14.633029 150.386671 -114.745642
v -24.247599 148.105698 -113.126148
v -30.128700 134.645900 -110.345725
v -45.400957 134.410102 -104.970928
v -44.322100 119.609578 -101.842545
v -54.863400 127.411301 -99.068199
v -61.918933 119.174618 -92.119799
v -52.315102 115.997498 -96.928001
v -58.480900 105.551080 -88.294290
v -67.024300 102.722000 -80.653900
v -60.923589 89.111779 -75.568523
v -54.348499 93.798401 -84.164902
v -49.332800 84.354500 -79.985832
v -53.727051 77.090100 -70.138550
v -43.135713 75.012988 -74.759250
v -48.362400 70.125599 -66.127148
v -29.870467 64.795932 -69.971568
v -29.441229 58.436287 -61.269400
v -13.423260 56.054201 -63.163501
v -14.356800 51.357334 -55.287899
v 0.000000 49.891400 -54.435732
v -0.000000 55.677984 -64.074599
v -0.000000 133.825948 -114.212539
v -13.533655 135.936013 -113.743678
v -20.569600 130.153847 -111.875850
v -29.477839 119.285793 -106.963807
v -40.006900 109.568502 -100.068901
v -45.383743 103.102857 -94.585355
v -43.697478 90.548943 -87.764366
v -37.573399 81.703003 -84.045197
v -27.617534 79.311467 -85.702644
v -30.486223 71.817133 -77.593077
v -15.158109 63.563091 -72.919328
v 0.000000 64.014129 -75.087570
v -0.000000 117.859627 -110.527780
v -14.729656 119.913257 -110.160981
v -11.175600 127.055801 -112.573502
v -29.055194 104.826783 -101.532758
v -36.076099 99.686203 -96.865601
v -30.563705 90.178683 -92.840334
v -14.535220 77.488667 -87.262433
v -14.257628 70.173713 -80.558185
v 0.000000 70.008719 -81.700760
v -42.887184 166.919146 87.772466
v -14.177824 104.107156 -104.325400
v -13.666915 94.775368 -99.666530
v -27.854300 96.038300 -97.509102
v -14.392221 87.522695 -94.994447
v 0.000000 77.362473 -88.366820
v -0.000000 86.784713 -95.570072
v 0.000000 103.196839 -104.888565
v -0.000000 94.353186 -100.346462
v -101.519616 207.923116 0.094200
v -107.552699 195.157160 -0.026090
v -101.178038 207.217780 -12.296000
v -106.722160 194.273729 -15.829010
v -103.936311 193.536557 -29.933256
v -110.902600 181.223833 -16.690245
v -108.773649 179.067842 -29.420010
v -103.579243 180.409032 -43.458312
v -110.509851 166.708061 -31.895400
v -105.966854 164.539011 -45.123437
v -106.708200 149.402866 -44.992684
v -100.595839 150.312543 -57.546540
v -105.473391 134.900841 -44.786710
v -110.490033 134.338542 -30.205250
v -101.681733 119.340066 -45.058734
v -107.098955 119.725673 -30.197254
v -101.680863 104.643901 -28.911062
v -104.942476 105.197826 -14.929287
v -110.350817 120.181759 -15.407125
v -106.318892 106.028928 -0.029800
v -110.824221 118.144266 -0.238956
v -104.922963 105.325675 15.322288
v -110.285333 119.924550 15.296125
v -101.618737 104.669712 29.045537
v -107.121870 119.312160 29.550180
v -102.270529 120.276900 44.151186
v -110.374809 134.507545 30.650200
v -105.418060 134.891881 44.800239
v -107.323951 149.409725 43.468779
v -101.276357 150.898743 56.193600
v -105.926546 164.477682 45.106082
v -103.137424 180.683363 44.197750
v -110.756340 166.082338 31.057220
v -108.381741 180.129449 29.710008
v -103.580751 194.228663 30.075663
v -106.697831 194.475630 15.272890
v -110.901726 181.686813 16.100963
v -101.154341 207.203320 12.421580
v -96.194832 216.709630 0.091533
v -94.554474 215.413227 -16.461550
v -99.785632 204.709529 -26.674067
v -99.815933 193.880168 -41.609467
v -99.850403 176.909752 -53.552750
v -99.868131 165.953730 -57.283099
v -92.961800 167.037613 -65.062615
v -96.326034 152.179398 -64.531232
v -99.904503 133.939336 -56.045734
v -99.912598 125.324699 -52.613998
v -96.352699 114.105797 -52.312500
v -99.916500 108.774250 -40.031950
v -99.902667 94.785265 -13.687700
v -99.887766 93.163366 0.091333
v -92.134332 84.594258 0.091442
v -99.870300 94.803869 13.866033
v -99.822498 108.815201 40.177149
v -90.470501 120.380451 47.142550
v -99.789001 125.358101 52.731701
v -99.773598 133.963303 56.155100
v -96.190801 152.179601 64.618665
v -99.734932 165.935532 57.389399
v -92.893112 167.025898 65.195900
v -99.725949 176.879104 53.668650
v -99.719365 193.839966 41.751766
v -99.723597 204.676997 26.840133
v -94.536974 215.401402 16.641150
v -0.000000 237.047217 47.884000
v -13.899355 236.739944 46.296834
v 0.000000 248.958028 16.994034
v -11.795300 248.288406 17.380301
v 0.000000 250.134270 -0.828833
v -16.637225 248.809849 -0.064850
v -43.682667 238.649267 15.321000
v -44.187134 235.058935 28.486300
v -53.610401 233.204407 14.652100
v -55.512350 220.420799 43.879351
v -82.548103 178.832596 46.016998
v -58.200967 178.071299 73.916299
v -45.421599 149.856598 86.687676
v -42.989400 133.653900 86.114077
v -57.727033 120.062200 72.299433
v -31.090220 119.716339 86.976401
v -25.508699 110.828201 85.245796
v -16.091800 108.756752 86.440750
v 0.000000 107.475799 87.179734
v 0.000000 248.710271 -17.151767
v -14.436200 247.890594 -16.678900
v -45.735099 237.204849 -16.229575
v -43.901901 233.679092 -31.340099
v -88.069700 194.353802 -0.082725
v -85.342399 195.889664 -17.160667
v -87.585431 193.589366 14.645233
v -88.767576 178.700279 31.806300
v -86.758799 150.217102 45.379625
v -86.541950 135.414055 42.489300
v -87.434799 121.264135 29.697634
v -55.876499 97.373398 58.718700
v -45.598521 105.051279 72.576959
v -31.915800 94.001000 72.093602
v -29.821067 79.543602 57.574300
v -17.989451 90.598850 74.056152
v -11.357300 75.924900 59.661800
v -11.441600 237.833397 -45.166100
v 0.000000 238.483200 -45.540901
v 0.000000 233.757904 -54.244701
v -26.423150 235.252098 -43.677051
v -22.801800 231.419800 -52.896000
v -57.412201 217.599304 -44.923500
v -63.434898 213.486099 -42.550800
v -85.155651 190.459450 -29.267600
v -90.239998 181.528107 -24.115499
v -97.675499 149.150299 -5.438100
v -97.374001 155.788498 -9.267400
v -85.155552 107.841251 18.391450
v -83.063301 110.006104 28.572201
v -57.412201 80.701401 34.047298
v -46.490767 78.273603 43.067500
v -51.035000 77.010902 36.176201
v -11.471600 65.194198 42.992700
v -22.801701 66.880898 42.019699
v 0.000000 64.542801 43.368500
v -45.960000 238.851267 -0.034967
v -84.768349 194.594200 25.495151
v -87.464599 164.918450 42.613851
v -27.785200 234.907852 43.933250
v -54.011833 207.133199 59.955334
v -56.820650 189.997795 69.840050
v -67.054802 82.803398 -64.389900
v -112.902327 175.737902 11.955971
v -113.159908 177.331050 -0.277925
v -115.415435 163.148275 -0.510984
v -114.305156 164.186976 14.776512
v -112.694101 162.854580 25.265450
v -115.088673 150.439652 13.822324
v -112.969212 150.699715 26.142300
v -111.320217 149.762599 32.396582
v -113.889372 136.030258 14.380038
v -112.828000 140.266134 24.341866
v -112.305702 131.688599 20.972601
v -114.856856 136.317069 0.215712
v -112.835652 126.650299 9.447350
v -112.793200 125.060534 -0.480717
v -115.967246 150.391589 0.263823
v -111.176201 184.920613 0.062771
v -112.809799 175.551143 -13.129185
v -114.485760 163.966577 -13.861111
v -112.817686 162.579474 -24.776243
v -115.107364 149.380203 -13.790321
v -113.019679 150.409378 -25.995678
v -111.237757 151.507758 -32.752314
v -113.762881 135.537150 -14.977490
v -112.641800 139.374001 -24.898149
v -112.747349 126.348050 -9.807700
v 14.520150 238.758854 56.407761
v 30.536412 241.256787 61.168682
v 40.785772 223.524828 64.103645
v 45.509900 209.089857 71.896713
v 48.837200 191.059479 84.928740
v 43.120421 179.787281 88.873655
v 30.758689 161.903489 105.926076
v 15.621206 159.336506 100.055956
v 14.377994 156.104029 108.528711
v 14.221059 250.655251 57.321759
v 26.947350 249.048738 56.903412
v 42.860668 237.636860 63.618076
v 48.128735 225.783308 70.616405
v 55.686171 222.264947 72.854479
v 57.912145 211.820363 78.531897
v 57.695033 205.650284 83.418951
v 57.979912 195.633350 88.430888
v 57.803939 182.636855 94.770894
v 53.519526 176.612648 99.464800
v 48.046769 175.726838 100.112406
v 43.155722 166.893278 104.948918
v 30.566250 152.405190 111.325088
v 23.615175 151.719150 113.112301
v 14.081474 151.393600 114.062805
v 15.612712 257.183687 45.296725
v 12.800900 263.025208 30.220200
v 19.104700 261.951294 30.850100
v 29.769429 254.145586 45.147585
v 30.893940 259.477924 29.355020
v 43.556900 249.745548 43.883101
v 45.019150 254.289452 29.803500
v 47.693300 245.226257 49.358000
v 58.544484 240.880564 45.192434
v 56.397875 234.898678 57.757950
v 62.510900 227.170616 61.855582
v 72.549942 221.736856 57.243820
v 71.933032 208.094867 71.260312
v 70.023967 190.066671 84.014168
v 72.342737 179.917948 85.910876
v 74.766767 166.603344 87.063922
v 64.710300 166.348033 94.893100
v 56.107199 164.592340 100.376401
v 76.129333 151.161511 86.999369
v 57.894500 150.480499 100.083925
v 64.238951 149.311302 96.276249
v 44.758484 151.753466 106.600283
v 55.210400 135.542053 100.341000
v 45.501679 135.650900 104.955678
v 30.348260 135.163260 110.210899
v 29.395500 122.509348 107.841425
v 15.355301 136.528877 113.511900
v 17.808201 131.549103 112.498100
v 16.567550 119.378574 109.640053
v 17.650050 264.923401 17.679850
v 28.854700 263.215515 14.572100
v 35.735500 261.023590 15.841300
v 46.838801 256.860649 13.903800
v 58.527866 250.540298 16.108133
v 58.737250 247.859948 27.587600
v 64.873067 242.347666 32.005934
v 72.892452 237.117195 29.286800
v 70.649101 234.887100 39.583099
v 65.005199 135.095596 94.191465
v 75.295500 134.499126 86.066376
v 59.281325 118.963800 93.640524
v 44.330375 119.595800 101.744976
v 29.575150 105.368550 101.470823
v 17.312600 103.992866 103.713768
v 11.819250 267.035271 -0.929675
v 27.299400 264.383728 0.608200
v 41.259566 260.077271 1.588700
v 59.363480 251.272043 -0.184540
v 77.114619 236.833245 15.116209
v 70.602801 119.753299 85.802032
v 60.038565 106.105601 87.532300
v 47.747398 105.038500 94.253634
v 37.770699 103.616096 98.117798
v 43.015434 92.268400 89.147967
v 28.507600 89.016400 92.608049
v 13.658433 87.619568 94.999202
v 7.743300 97.375900 101.712196
v 12.530000 266.138046 -14.501900
v 11.538067 263.993571 -26.476367
v 25.277500 263.511047 -17.901900
v 33.463351 261.521408 -16.750400
v 45.313576 257.456791 -14.393949
v 60.609801 249.580093 -14.774250
v 66.766296 246.669998 -3.268400
v 75.111699 238.740327 -14.976391
v 69.258648 92.334400 70.980950
v 62.406300 99.137398 81.995903
v 61.483300 87.537176 73.754026
v 55.938801 95.440498 84.148399
v 50.044899 85.159302 80.201500
v 45.081549 76.558449 74.975574
v 29.893400 78.422550 84.079750
v 11.427266 77.706367 87.776235
v 13.467700 257.651276 -45.064351
v 17.574800 261.923401 -32.010601
v 30.473751 259.402099 -30.554150
v 31.108250 254.633724 -43.320499
v 47.393326 252.630829 -31.789176
v 58.745899 248.856705 -24.448400
v 62.882101 243.894249 -31.905650
v 59.681153 239.418503 -15.411650
v 74.803083 235.584534 -28.874117
v 63.368826 75.946926 59.806174
v 52.247200 70.287849 63.075699
v 30.570051 71.958500 77.673351
v 31.062499 65.975800 70.794652
v 13.236449 68.977753 79.390747
v 13.448750 62.953550 72.535202
v 13.574849 251.632751 -57.308300
v 31.355601 248.589554 -55.552799
v 44.108101 249.073593 -45.327400
v 46.905300 240.518636 -57.902466
v 52.339600 245.815002 -43.445099
v 61.345080 238.740841 -45.670459
v 70.600998 235.845398 -37.715900
v 76.531662 77.595354 44.052227
v 71.008102 77.746498 53.533501
v 67.112999 70.300201 47.294998
v 58.629540 63.213240 45.059479
v 44.315900 61.891300 57.414349
v 31.408400 58.101874 59.599999
v 15.099433 56.007866 62.563502
v 9.098600 52.145500 57.767700
v 12.503450 239.951950 -59.445475
v 13.306675 238.375377 -75.758350
v 31.263250 243.759453 -63.271299
v 29.399167 236.722732 -73.090434
v 43.716301 234.639099 -68.457901
v 51.869301 231.398193 -66.591400
v 60.259800 232.920105 -57.025101
v 64.172132 226.962865 -60.543099
v 72.353248 221.307121 -58.128924
v 71.956199 65.911301 28.809651
v 61.727168 58.712833 29.513333
v 52.026798 54.736900 35.252899
v 44.259300 55.166901 45.483898
v 46.077867 50.521467 30.789667
v 31.221275 49.567525 43.477849
v 12.729100 225.404377 -88.480450
v 29.403250 222.548874 -86.843801
v 34.745499 231.385895 -76.888496
v 46.537700 224.003925 -77.702398
v 61.994648 220.036003 -70.350300
v 61.217866 211.021830 -78.561333
v 71.137251 208.906849 -71.511475
v 73.345457 63.629615 13.982286
v 62.408702 56.138965 17.340900
v 12.098101 214.520294 -96.678848
v 27.945450 211.804199 -95.125649
v 43.909850 210.538276 -89.637625
v 55.859699 209.052597 -84.028099
v 60.156082 194.860404 -89.048560
v 67.177803 202.195099 -80.036102
v 69.976501 191.625793 -83.506798
v 62.973500 54.935734 -1.629200
v 72.846498 63.039281 -13.201580
v 73.115999 62.265050 0.508525
v 55.001351 50.212052 2.683800
v 12.584800 37.938301 14.565050
v 16.162300 37.508999 5.249300
v 10.442900 36.855466 -0.505233
v 11.577100 206.738396 -101.361901
v 17.685175 193.454422 -106.566626
v 26.739199 204.131698 -99.865398
v 32.356150 194.188752 -102.883702
v 40.106301 195.669746 -99.373649
v 48.153650 196.474846 -95.478901
v 46.620151 181.427128 -101.735825
v 60.499466 179.919098 -94.667132
v 72.603335 180.203201 -85.761134
v 60.838348 54.445650 -13.735600
v 62.630021 59.719260 -30.589340
v 55.102501 52.365200 -21.282499
v 16.784467 38.728867 -16.155033
v 15.934200 180.706497 -111.048451
v 30.895780 180.378418 -107.790500
v 44.595380 164.502542 -106.030101
v 57.133801 172.569901 -98.712700
v 55.497301 163.285599 -101.072998
v 64.677698 166.456901 -95.044003
v 76.102735 163.627919 -86.390618
v 58.292776 152.087700 -100.006725
v 65.917297 152.669006 -95.351196
v 70.775398 64.802002 -28.594299
v 75.880119 77.471571 -44.927690
v 56.629860 62.246259 -46.013900
v 65.336502 69.441597 -48.425900
v 51.811199 52.780800 -29.781000
v 45.144249 55.079325 -44.162550
v 42.963766 48.886700 -30.106066
v 15.387260 166.490778 -113.742220
v 29.248025 165.680053 -111.096701
v 26.103800 160.099503 -112.578003
v 32.977150 150.410603 -110.948725
v 44.911420 147.737845 -106.540220
v 56.609699 138.206253 -100.147751
v 76.252213 149.143875 -87.019312
v 63.828321 133.818102 -94.865159
v 75.058112 135.701353 -86.655556
v 72.356514 122.140744 -85.352115
v 70.476700 93.137560 -70.573920
v 69.550301 78.524498 -56.526299
v 60.363784 74.339767 -60.960100
v 44.729600 62.740117 -58.383617
v 33.369349 53.806449 -51.471850
v 28.087075 48.721525 -43.830825
v 14.633029 150.386671 -114.745642
v 24.247599 148.105698 -113.126148
v 30.128700 134.645900 -110.345725
v 45.400957 134.410102 -104.970928
v 44.322100 119.609578 -101.842545
v 54.863400 127.411301 -99.068199
v 61.918933 119.174618 -92.119799
v 52.315102 115.997498 -96.928001
v 58.480900 105.551080 -88.294290
v 67.024300 102.722000 -80.653900
v 60.923589 89.111779 -75.568523
v 54.348499 93.798401 -84.164902
v 49.332800 84.354500 -79.985832
v 53.727051 77.090100 -70.138550
v 43.135713 75.012988 -74.759250
v 48.362400 70.125599 -66.127148
v 29.870467 64.795932 -69.971568
v 29.441229 58.436287 -61.269400
v 13.423260 56.054201 -63.163501
v 14.356800 51.357334 -55.287899
v 13.533655 135.936013 -113.743678
v 20.569600 130.153847 -111.875850
v 29.477839 119.285793 -106.963807
v 40.006900 109.568502 -100.068901
v 45.383743 103.102857 -94.585355
v 43.697478 90.548943 -87.764366
v 37.573399 81.703003 -84.045197
v 27.617534 79.311467 -85.702644
v 30.486223 71.817133 -77.593077
v 15.158109 63.563091 -72.919328
v 14.729656 119.913257 -110.160981
v 11.175600 127.055801 -112.573502
v 29.055194 104.826783 -101.532758
v 36.076099 99.686203 -96.865601
v 30.563705 90.178683 -92.840334
v 14.535220 77.488667 -87.262433
v 14.257628 70.173713 -80.558185
v 42.887184 166.919146 87.772466
v 14.177824 104.107156 -104.325400
v 13.666915 94.775368 -99.666530
v 27.854300 96.038300 -97.509102
v 14.392221 87.522695 -94.994447
v 101.519616 207.923116 0.094200
v 107.552699 195.157160 -0.026090
v 101.178038 207.217780 -12.296000
v 106.722160 194.273729 -15.829010
v 103.936311 193.536557 -29.933256
v 110.902600 181.223833 -16.690245
v 108.773649 179.067842 -29.420010
v 103.579243 180.409032 -43.458312
v 110.509851 166.708061 -31.895400
v 105.966854 164.539011 -45.123437
v 106.708200 149.402866 -44.992684
v 100.595839 150.312543 -57.546540
v 105.473391 134.900841 -44.786710
v 110.490033 134.338542 -30.205250
v 101.681733 119.340066 -45.058734
v 107.098955 119.725673 -30.197254
v 101.680863 104.643901 -28.911062
v 104.942476 105.197826 -14.929287
v 110.350817 120.181759 -15.407125
v 106.318892 106.028928 -0.029800
v 110.824221 118.144266 -0.238956
v 104.922963 105.325675 15.322288
v 110.285333 119.924550 15.296125
v 101.618737 104.669712 29.045537
v 107.121870 119.312160 29.550180
v 102.270529 120.276900 44.151186
v 110.374809 134.507545 30.650200
v 105.418060 134.891881 44.800239
v 107.323951 149.409725 43.468779
v 101.276357 150.898743 56.193600
v 105.926546 164.477682 45.106082
v 103.137424 180.683363 44.197750
v 110.756340 166.082338 31.057220
v 108.381741 180.129449 29.710008
v 103.580751 194.228663 30.075663
v 106.697831 194.475630 15.272890
v 110.901726 181.686813 16.100963
v 101.154341 207.203320 12.421580
v 96.194832 216.709630 0.091533
v 94.554474 215.413227 -16.461550
v 99.785632 204.709529 -26.674067
v 99.815933 193.880168 -41.609467
v 99.850403 176.909752 -53.552750
v 99.868131 165.953730 -57.283099
v 92.961800 167.037613 -65.062615
v 96.326034 152.179398 -64.531232
v 99.904503 133.939336 -56.045734
v 99.912598 125.324699 -52.613998
v 96.352699 114.105797 -52.312500
v 99.916500 108.774250 -40.031950
v 99.902667 94.785265 -13.687700
v 99.887766 93.163366 0.091333
v 92.134332 84.594258 0.091442
v 99.870300 94.803869 13.866033
v 99.822498 108.815201 40.177149
v 90.470501 120.380451 47.142550
v 99.789001 125.358101 52.731701
v 99.773598 133.963303 56.155100
v 96.190801 152.179601 64.618665
v 99.734932 165.935532 57.389399
v 92.893112 167.025898 65.195900
v 99.725949 176.879104 53.668650
v 99.719365 193.839966 41.751766
v 99.723597 204.676997 26.840133
v 94.536974 215.401402 16.641150
v 13.899355 236.739944 46.296834
v 11.795300 248.288406 17.380301
v 16.637225 248.809849 -0.064850
v 43.682667 238.649267 15.321000
v 44.187134 235.058935 28.486300
v 53.610401 233.204407 14.652100
v 55.512350 220.420799 43.879351
v 82.548103 178.832596 46.016998
v 58.200967 178.071299 73.916299
v 45.421599 149.856598 86.687676
v 42.989400 133.653900 86.114077
v 57.727033 120.062200 72.299433
v 31.090220 119.716339 86.976401
v 25.508699 110.828201 85.245796
v 16.091800 108.756752 86.440750
v 14.436200 247.890594 -16.678900
v 45.735099 237.204849 -16.229575
v 43.901901 233.679092 -31.340099
v 88.069700 194.353802 -0.082725
v 85.342399 195.889664 -17.160667
v 87.585431 193.589366 14.645233
v 88.767576 178.700279 31.806300
v 86.758799 150.217102 45.379625
v 86.541950 135.414055 42.489300
v 87.434799 121.264135 29.697634
v 55.876499 97.373398 58.718700
v 45.598521 105.051279 72.576959
v 31.915800 94.001000 72.093602
v 29.821067 79.543602 57.574300
v 17.989451 90.598850 74.056152
v 11.357300 75.924900 59.661800
v 11.441600 237.833397 -45.166100
v 26.423150 235.252098 -43.677051
v 22.801800 231.419800 -52.896000
v 57.412201 217.599304 -44.923500
v 63.434898 213.486099 -42.550800
v 85.155651 190.459450 -29.267600
v 90.239998 181.528107 -24.115499
v 97.675499 149.150299 -5.438100
v 97.374001 155.788498 -9.267400
v 85.155552 107.841251 18.391450
v 83.063301 110.006104 28.572201
v 57.412201 80.701401 34.047298
v 46.490767 78.273603 43.067500
v 51.035000 77.010902 36.176201
v 11.471600 65.194198 42.992700
v 22.801701 66.880898 42.019699
v 45.960000 238.851267 -0.034967
v 84.768349 194.594200 25.495151
v 87.464599 164.918450 42.613851
v 27.785200 234.907852 43.933250
v 54.011833 207.133199 59.955334
v 56.820650 189.997795 69.840050
v 67.054802 82.803398 -64.389900
v 112.902327 175.737902 11.955971
v 114.305156 164.186976 14.776512
v 115.415435 163.148275 -0.510984
v 113.159908 177.331050 -0.277925
v 112.694101 162.854580 25.265450
v 115.088673 150.439652 13.822324
v 112.969212 150.699715 26.142300
v 111.320217 149.762599 32.396582
v 113.889372 136.030258 14.380038
v 112.828000 140.266134 24.341866
v 112.305702 131.688599 20.972601
v 114.856856 136.317069 0.215712
v 112.835652 126.650299 9.447350
v 112.793200 125.060534 -0.480717
v 115.967246 150.391589 0.263823
v 111.176201 184.920613 0.062771
v 112.809799 175.551143 -13.129185
v 114.485760 163.966577 -13.861111
v 112.817686 162.579474 -24.776243
v 115.107364 149.380203 -13.790321
v 113.019679 150.409378 -25.995678
v 111.237757 151.507758 -32.752314
v 113.762881 135.537150 -14.977490
v 112.641800 139.374001 -24.898149
v 112.747349 126.348050 -9.807700
f 13 14 15
f 11 13 15
f 11 15 3
f 3 15 12
f 15 14 16
f 15 16 17
f 18 16 19
f 16 18 4
f 18 8 2
f 8 18 19
f 20 21 8
f 19 20 8
f 20 19 16
f 20 16 14
f 21 6 8
f 6 7 8
f 6 1 5
f 22 9 1
f 22 1 6
f 21 22 6
f 20 23 22
f 20 22 21
f 23 10 9
f 23 9 22
f 10 23 13
f 10 13 11
f 23 20 14
f 23 14 13
f 33 32 1
f 32 5 1
f 31 30 32
f 30 34 32
f 6 5 32
f 6 32 35
f 35 32 36
f 6 35 36
f 7 6 36
f 38 37 2
f 39 38 2
f 39 40 38
f 29 38 40
f 39 2 7
f 7 2 8
f 40 39 7
f 36 40 7
f 28 29 40
f 28 40 41
f 41 40 42
f 36 42 40
f 27 28 41
f 27 41 43
f 24 27 43
f 24 43 26
f 41 26 43
f 26 41 44
f 42 30 44
f 42 44 41
f 26 44 30
f 34 36 32
f 36 34 30
f 36 30 42
f 50 45 51
f 53 54 27
f 53 27 24
f 54 55 28
f 54 28 27
f 25 29 56
f 57 46 49
f 58 46 25
f 58 25 56
f 46 58 49
f 29 28 55
f 56 29 55
f 55 59 58
f 56 55 58
f 60 49 58
f 60 58 59
f 47 48 49
f 49 60 47
f 60 61 45
f 60 45 47
f 61 60 51
f 45 61 51
f 62 51 60
f 59 62 60
f 62 59 63
f 51 62 63
f 51 63 52
f 52 63 54
f 52 54 53
f 63 59 55
f 63 55 54
f 72 70 71
f 72 74 73
f 45 73 74
f 72 75 48
f 72 48 74
f 45 48 47
f 48 45 74
f 46 57 77
f 46 77 78
f 69 65 79
f 77 79 65
f 77 80 79
f 80 77 57
f 79 81 68
f 79 68 69
f 49 48 57
f 80 57 48
f 80 48 76
f 80 76 81
f 80 81 79
f 64 67 82
f 64 82 66
f 81 82 67
f 81 67 68
f 76 70 66
f 76 66 82
f 76 82 81
f 70 76 71
f 72 76 75
f 76 72 71
f 48 75 76
f 83 89 85
f 90 92 91
f 67 64 93
f 67 93 94
f 94 95 68
f 94 68 67
f 84 97 96
f 98 84 96
f 65 69 99
f 96 65 99
f 96 100 98
f 100 96 99
f 100 87 98
f 99 69 68
f 95 99 68
f 100 99 95
f 101 100 95
f 87 100 101
f 102 87 101
f 87 88 98
f 83 86 87
f 83 87 89
f 102 90 89
f 102 89 87
f 90 85 89
f 101 90 102
f 90 101 92
f 101 95 94
f 91 101 94
f 91 94 93
f 101 91 92
f 83 111 110
f 83 110 112
f 112 113 86
f 112 86 83
f 87 86 88
f 113 88 86
f 113 112 110
f 104 114 107
f 84 115 114
f 84 114 104
f 116 114 115
f 116 115 117
f 115 84 88
f 98 88 84
f 88 113 117
f 88 117 115
f 107 114 116
f 106 107 116
f 116 118 105
f 116 105 106
f 118 108 103
f 118 103 105
f 117 119 118
f 117 118 116
f 119 109 108
f 119 108 118
f 120 117 113
f 110 120 113
f 120 110 109
f 120 109 119
f 117 120 119
f 123 122 3
f 123 3 12
f 127 126 125
f 126 128 129
f 128 126 127
f 105 103 126
f 105 126 129
f 106 105 129
f 106 129 128
f 4 17 16
f 130 121 4
f 121 131 4
f 131 17 4
f 132 131 121
f 121 107 132
f 132 133 17
f 131 132 17
f 106 128 132
f 107 106 132
f 15 17 133
f 134 15 133
f 133 132 135
f 12 15 134
f 12 134 123
f 123 134 133
f 133 136 123
f 136 133 135
f 136 135 125
f 125 124 123
f 136 125 123
f 125 135 128
f 125 128 127
f 128 135 132
f 38 29 25
f 107 121 104
f 72 177 70
f 178 90 91
f 179 125 126
f 30 180 26
f 181 52 53
f 181 53 182
f 73 45 50
f 72 73 177
f 66 183 184
f 66 184 64
f 185 93 64
f 185 64 184
f 85 90 178
f 83 85 111
f 109 186 187
f 109 187 108
f 188 103 108
f 188 108 187
f 124 125 179
f 123 124 122
f 11 189 190
f 11 190 10
f 191 9 10
f 191 10 190
f 31 32 33
f 30 31 180
f 24 192 182
f 24 182 53
f 181 137 139
f 181 139 52
f 137 181 182
f 137 182 138
f 140 51 52
f 140 52 139
f 141 50 51
f 141 51 140
f 142 73 50
f 142 50 141
f 73 142 143
f 73 143 177
f 177 143 144
f 177 144 70
f 70 144 145
f 70 145 66
f 183 146 147
f 183 147 184
f 146 183 66
f 146 66 145
f 185 148 149
f 185 149 93
f 148 185 184
f 148 184 147
f 150 91 93
f 150 93 149
f 151 178 91
f 151 91 150
f 152 85 178
f 152 178 151
f 85 152 153
f 85 153 111
f 111 153 154
f 111 154 110
f 110 154 155
f 110 155 109
f 186 156 157
f 186 157 187
f 156 186 109
f 156 109 155
f 188 158 159
f 188 159 103
f 158 188 187
f 158 187 157
f 160 126 103
f 160 103 159
f 161 179 126
f 161 126 160
f 162 124 179
f 162 179 161
f 124 162 163
f 124 163 122
f 122 163 164
f 122 164 3
f 3 164 165
f 3 165 11
f 189 166 167
f 189 167 190
f 166 189 11
f 166 11 165
f 191 168 169
f 191 169 9
f 168 191 190
f 168 190 167
f 170 1 9
f 170 9 169
f 171 33 1
f 171 1 170
f 172 31 33
f 172 33 171
f 31 172 173
f 31 173 180
f 180 173 174
f 180 174 26
f 26 174 175
f 26 175 24
f 192 176 138
f 192 138 182
f 176 192 24
f 176 24 175
f 193 53 52
f 194 193 52
f 61 194 52
f 61 52 51
f 194 61 195
f 61 51 45
f 61 196 195
f 74 61 45
f 74 45 73
f 61 74 196
f 74 73 72
f 71 74 72
f 74 71 197
f 71 72 70
f 71 198 197
f 199 71 70
f 199 70 66
f 71 199 198
f 200 199 66
f 200 66 64
f 200 64 93
f 201 200 93
f 92 201 93
f 92 93 91
f 201 92 202
f 92 91 90
f 92 203 202
f 89 92 90
f 89 90 85
f 92 89 203
f 89 85 83
f 112 89 83
f 89 112 204
f 112 83 110
f 112 205 204
f 206 112 110
f 206 110 109
f 112 206 205
f 207 206 109
f 207 109 108
f 207 108 103
f 208 207 103
f 127 208 103
f 127 103 126
f 208 127 209
f 127 210 209
f 136 127 125
f 136 125 124
f 127 136 210
f 136 124 123
f 12 136 123
f 136 12 211
f 12 123 3
f 12 212 211
f 213 12 3
f 213 3 11
f 12 213 212
f 214 213 11
f 214 11 10
f 214 10 9
f 215 214 9
f 5 215 9
f 5 9 1
f 215 5 216
f 5 1 32
f 5 217 216
f 34 5 32
f 34 32 31
f 5 34 217
f 34 31 30
f 44 34 30
f 34 44 218
f 44 30 26
f 44 219 218
f 220 44 26
f 220 26 24
f 44 220 219
f 193 220 24
f 193 24 53
f 195 221 193
f 195 193 194
f 221 195 222
f 195 223 222
f 224 195 196
f 195 224 223
f 224 196 74
f 224 74 197
f 198 224 197
f 224 198 225
f 198 226 225
f 227 198 199
f 227 199 200
f 198 227 226
f 202 227 200
f 202 200 201
f 227 202 226
f 202 228 226
f 229 202 203
f 202 229 228
f 229 203 89
f 229 89 204
f 205 229 204
f 229 205 230
f 205 231 230
f 232 205 206
f 232 206 207
f 205 232 231
f 209 232 207
f 209 207 208
f 232 209 231
f 209 233 231
f 234 209 210
f 209 234 233
f 234 210 136
f 234 136 211
f 212 234 211
f 234 212 235
f 212 236 235
f 237 212 213
f 237 213 214
f 212 237 236
f 216 237 214
f 216 214 215
f 237 216 236
f 216 238 236
f 239 216 217
f 216 239 238
f 239 217 34
f 239 34 218
f 219 239 218
f 239 219 240
f 219 222 240
f 221 219 220
f 221 220 193
f 219 221 222
f 241 223 224
f 225 241 224
f 242 228 229
f 230 242 229
f 243 233 234
f 235 243 234
f 244 238 239
f 240 244 239
f 247 245 246
f 247 246 248
f 251 250 252
f 253 251 252
f 254 253 252
f 254 252 255
f 258 257 259
f 260 258 259
f 261 260 259
f 261 259 262
f 265 264 266
f 267 265 266
f 268 267 266
f 268 266 269
f 272 271 246
f 245 272 246
f 46 248 246
f 46 246 25
f 46 78 57
f 248 46 57
f 248 57 249
f 77 250 249
f 77 249 57
f 77 57 78
f 250 77 65
f 250 65 252
f 96 255 252
f 96 252 65
f 96 97 98
f 255 96 98
f 255 98 256
f 84 257 256
f 84 256 98
f 84 98 97
f 257 84 104
f 257 104 259
f 121 262 259
f 121 259 104
f 121 130 131
f 262 121 131
f 262 131 263
f 4 264 263
f 4 263 131
f 4 131 130
f 264 4 18
f 264 18 266
f 2 269 266
f 2 266 18
f 2 37 39
f 269 2 39
f 269 39 270
f 38 271 270
f 38 270 39
f 38 39 37
f 271 38 25
f 271 25 246
f 223 46 25
f 223 25 222
f 46 223 241
f 46 241 78
f 225 77 78
f 225 78 241
f 77 225 226
f 77 226 65
f 228 96 65
f 228 65 226
f 96 228 242
f 96 242 97
f 230 84 97
f 230 97 242
f 84 230 231
f 84 231 104
f 233 121 104
f 233 104 231
f 121 233 243
f 121 243 130
f 235 4 130
f 235 130 243
f 4 235 236
f 4 236 18
f 238 2 18
f 238 18 236
f 2 238 244
f 2 244 37
f 240 38 37
f 240 37 244
f 38 240 222
f 38 222 25
f 245 247 273
f 247 248 273
f 248 249 273
f 249 250 273
f 250 251 273
f 251 253 273
f 253 254 273
f 254 255 273
f 255 256 273
f 256 257 273
f 257 258 273
f 258 260 273
f 260 261 273
f 261 262 273
f 262 263 273
f 263 264 273
f 264 265 273
f 265 267 273
f 267 268 273
f 268 269 273
f 269 270 273
f 270 271 273
f 271 272 273
f 272 245 273
f 137 138 274
f 137 274 139
f 138 176 175
f 138 175 274
f 173 275 174
f 173 172 275
f 172 171 276
f 171 170 276
f 168 167 277
f 168 277 169
f 167 166 165
f 167 165 277
f 163 278 164
f 163 162 278
f 162 161 279
f 161 160 279
f 158 157 280
f 158 280 159
f 157 156 155
f 157 155 280
f 153 281 154
f 153 152 281
f 152 151 282
f 151 150 282
f 148 147 283
f 148 283 149
f 147 146 145
f 147 145 283
f 143 284 144
f 143 142 284
f 142 141 285
f 141 140 285
f 139 286 287
f 139 274 286
f 274 175 286
f 175 288 286
f 175 174 288
f 174 289 288
f 174 275 290
f 174 290 289
f 275 172 290
f 172 276 290
f 276 170 291
f 276 291 290
f 170 292 291
f 170 169 292
f 169 293 292
f 169 277 293
f 277 165 293
f 165 294 293
f 165 164 294
f 164 295 294
f 164 278 296
f 164 296 295
f 278 162 296
f 162 279 296
f 279 160 297
f 279 297 296
f 160 298 297
f 160 159 298
f 159 299 298
f 159 280 299
f 280 155 299
f 155 300 299
f 155 154 300
f 154 301 300
f 154 281 302
f 154 302 301
f 281 152 302
f 152 282 302
f 282 150 303
f 282 303 302
f 150 304 303
f 150 149 304
f 149 305 304
f 149 283 305
f 283 145 305
f 145 306 305
f 145 144 306
f 144 307 306
f 144 284 308
f 144 308 307
f 284 142 308
f 142 285 308
f 285 140 309
f 285 309 308
f 140 287 309
f 140 139 287
f 287 286 310
f 286 288 310
f 288 289 310
f 289 290 310
f 290 291 310
f 291 292 310
f 292 293 310
f 293 294 310
f 294 295 310
f 295 296 310
f 296 297 310
f 297 298 310
f 298 299 310
f 299 300 310
f 300 301 310
f 301 302 310
f 302 303 310
f 303 304 310
f 304 305 310
f 305 306 310
f 306 307 310
f 307 308 310
f 308 309 310
f 309 287 310
f 313 314 311
f 313 311 312
f 315 314 313
f 315 313 316
f 311 314 320
f 311 320 319
f 321 320 314
f 321 314 315
f 320 321 322
f 320 322 323
f 324 325 326
f 319 320 327
f 323 322 329
f 323 329 328
f 327 328 331
f 331 328 332
f 328 329 333
f 328 333 334
f 332 337 338
f 339 332 334
f 339 334 333
f 332 339 340
f 332 340 337
f 338 337 343
f 345 343 337
f 345 337 340
f 343 345 346
f 343 346 347
f 344 343 350
f 344 350 351
f 352 350 347
f 352 347 346
f 351 355 356
f 358 357 350
f 358 350 352
f 356 355 361
f 356 361 362
f 363 355 357
f 363 357 358
f 355 363 364
f 355 364 361
f 365 359 360
f 362 361 367
f 362 367 368
f 361 364 369
f 361 369 367
f 377 378 376
f 376 378 379
f 381 378 380
f 381 380 382
f 379 386 387
f 389 388 378
f 389 378 381
f 387 386 392
f 387 392 393
f 394 386 388
f 394 388 389
f 386 394 395
f 386 395 392
f 396 390 391
f 393 392 313
f 393 313 312
f 392 395 316
f 392 316 313
f 323 328 327
f 323 327 320
f 357 355 351
f 350 357 351
f 388 386 379
f 378 388 379
f 331 398 327
f 331 332 338
f 343 344 338
f 399 344 351
f 377 376 371
f 400 376 379
f 322 401 329
f 358 352 402
f 389 381 403
f 317 404 405
f 317 405 318
f 324 406 404
f 324 404 317
f 406 324 326
f 406 326 322
f 322 326 330
f 322 330 401
f 335 407 401
f 335 401 330
f 407 335 336
f 407 336 333
f 341 408 333
f 341 333 336
f 408 341 342
f 408 342 340
f 348 409 340
f 348 340 342
f 409 348 349
f 409 349 346
f 353 410 346
f 353 346 349
f 410 353 354
f 410 354 402
f 359 358 402
f 359 402 354
f 365 411 358
f 365 358 359
f 411 365 366
f 411 366 412
f 412 366 370
f 412 370 413
f 383 414 382
f 383 382 384
f 414 383 385
f 414 385 403
f 390 389 403
f 390 403 385
f 396 415 389
f 396 389 390
f 415 396 397
f 415 397 416
f 416 397 318
f 416 318 405
f 311 417 418
f 311 418 312
f 319 419 417
f 319 417 311
f 327 420 419
f 327 419 319
f 420 327 398
f 331 421 420
f 331 420 398
f 338 422 421
f 338 421 331
f 422 338 344
f 422 344 423
f 423 344 399
f 423 399 424
f 351 424 399
f 424 351 356
f 424 356 425
f 425 356 362
f 425 362 426
f 426 362 368
f 426 368 427
f 429 376 400
f 429 400 430
f 379 430 400
f 430 379 387
f 430 387 431
f 431 387 393
f 431 393 432
f 432 393 312
f 432 312 418
f 419 433 417
f 420 433 419
f 420 421 434
f 423 424 435
f 424 425 436
f 436 425 426
f 429 430 437
f 430 431 438
f 438 431 432
f 53 182 181
f 53 181 52
f 52 181 51
f 73 177 72
f 183 66 70
f 184 64 66
f 184 66 183
f 192 24 26
f 182 53 24
f 182 24 192
f 417 182 418
f 182 417 181
f 433 181 417
f 181 433 51
f 433 420 50
f 51 433 50
f 50 420 434
f 434 73 50
f 434 422 73
f 435 73 422
f 73 435 177
f 424 177 435
f 436 70 177
f 424 436 177
f 183 70 436
f 183 436 426
f 426 184 183
f 184 426 427
f 430 180 437
f 438 26 180
f 430 438 180
f 192 26 438
f 192 438 432
f 432 182 192
f 182 432 418
f 422 434 421
f 435 422 423
f 321 315 404
f 406 321 404
f 321 406 322
f 333 329 401
f 407 333 401
f 346 410 402
f 352 346 402
f 411 363 358
f 363 411 412
f 363 412 364
f 382 414 403
f 381 382 403
f 415 394 389
f 394 415 416
f 394 416 395
f 404 315 316
f 404 316 405
f 340 339 333
f 408 340 333
f 340 409 346
f 345 340 346
f 364 412 413
f 364 413 369
f 395 416 405
f 395 405 316
f 328 334 332
f 350 343 347
f 378 377 380
f 372 371 428
f 372 428 373
f 274 53 52
f 274 52 139
f 139 52 51
f 139 51 140
f 50 141 140
f 50 140 51
f 141 50 45
f 141 45 285
f 285 45 73
f 285 73 142
f 72 284 142
f 72 142 73
f 177 143 284
f 177 284 72
f 143 177 70
f 143 70 144
f 66 145 144
f 66 144 70
f 64 283 145
f 64 145 66
f 180 173 275
f 180 275 30
f 173 180 26
f 173 26 174
f 24 175 174
f 24 174 26
f 53 274 175
f 53 175 24
f 428 439 374
f 428 374 373
f 31 172 439
f 31 439 428
f 377 372 373
f 377 373 440
f 380 377 440
f 380 440 382
f 441 373 374
f 441 374 375
f 382 441 375
f 382 375 384
f 371 376 429
f 371 429 428
f 437 31 428
f 437 180 31
f 428 429 437
f 440 373 441
f 382 440 441
f 371 372 377
f 275 172 31
f 275 31 30
f 324 326 325
f 359 365 360
f 175 176 174
f 138 274 139
f 138 139 137
f 142 284 143
f 283 147 145
f 172 275 173
f 274 138 175
f 137 139 140
f 145 146 144
f 173 442 443
f 444 176 445
f 176 444 174
f 446 138 137
f 138 446 447
f 449 141 448
f 450 142 143
f 450 451 142
f 452 453 143
f 144 452 143
f 454 147 455
f 147 454 146
f 443 439 172
f 443 172 173
f 444 442 173
f 174 444 173
f 138 445 176
f 445 138 447
f 137 456 446
f 137 140 456
f 456 140 141
f 449 456 141
f 142 448 141
f 448 142 451
f 143 453 450
f 146 452 144
f 452 146 454
f 442 457 443
f 458 444 445
f 459 449 448
f 451 450 460
f 453 452 461
f 462 453 461
f 439 443 457
f 442 444 458
f 463 442 458
f 456 464 446
f 449 465 464
f 449 464 456
f 448 451 459
f 453 460 450
f 461 452 454
f 466 457 442
f 457 466 467
f 468 469 458
f 468 458 445
f 446 470 471
f 446 471 447
f 472 473 459
f 459 473 449
f 474 451 460
f 451 474 342
f 475 462 461
f 462 476 453
f 477 478 454
f 477 454 455
f 467 439 457
f 463 466 442
f 458 469 463
f 447 471 468
f 447 468 445
f 464 479 470
f 464 470 446
f 465 479 464
f 449 473 465
f 451 472 459
f 451 342 472
f 460 476 474
f 453 476 460
f 454 478 475
f 454 475 461
f 466 384 467
f 473 472 336
f 462 475 359
f 353 349 354
f 396 391 390
f 383 384 385
f 336 335 330
f 467 375 374
f 375 467 384
f 397 468 471
f 397 471 318
f 479 324 317
f 479 317 470
f 324 479 326
f 472 341 336
f 341 472 342
f 349 476 354
f 475 365 359
f 475 478 366
f 365 475 366
f 384 466 385
f 469 468 397
f 396 469 397
f 469 396 390
f 470 317 318
f 470 318 471
f 473 336 330
f 348 474 349
f 474 348 342
f 366 478 477
f 366 477 370
f 390 385 466
f 463 390 466
f 326 465 473
f 326 473 330
f 439 467 374
f 359 354 476
f 462 359 476
f 463 469 390
f 465 326 479
f 476 349 474
f 482 481 480
f 482 480 483
f 484 485 482
f 484 482 483
f 480 488 489
f 480 489 483
f 490 484 483
f 490 483 489
f 489 491 492
f 489 492 490
f 493 495 494
f 488 496 489
f 491 497 498
f 491 498 492
f 496 500 497
f 500 501 497
f 497 502 503
f 497 503 498
f 501 506 507
f 508 503 502
f 508 502 501
f 501 507 509
f 501 509 508
f 506 512 507
f 514 509 507
f 514 507 512
f 512 515 516
f 512 516 514
f 513 519 512
f 513 520 519
f 521 516 515
f 521 515 519
f 520 524 525
f 527 521 519
f 527 519 526
f 524 530 531
f 524 531 525
f 532 527 526
f 532 526 525
f 525 531 533
f 525 533 532
f 534 529 528
f 530 368 367
f 530 367 531
f 531 367 369
f 531 369 533
f 542 541 543
f 541 544 543
f 546 547 545
f 546 545 543
f 544 551 552
f 554 546 543
f 554 543 553
f 551 557 558
f 551 558 552
f 559 554 553
f 559 553 552
f 552 558 560
f 552 560 559
f 561 556 555
f 557 481 482
f 557 482 558
f 558 482 485
f 558 485 560
f 491 496 497
f 491 489 496
f 526 520 525
f 519 520 526
f 553 544 552
f 543 544 553
f 500 496 563
f 500 506 501
f 512 506 513
f 564 520 513
f 542 536 541
f 565 544 541
f 492 498 566
f 527 567 521
f 554 568 546
f 486 487 570
f 486 570 569
f 493 486 569
f 493 569 571
f 571 492 495
f 571 495 493
f 492 566 499
f 492 499 495
f 504 499 566
f 504 566 572
f 572 503 505
f 572 505 504
f 510 505 503
f 510 503 573
f 573 509 511
f 573 511 510
f 517 511 509
f 517 509 574
f 574 516 518
f 574 518 517
f 522 518 516
f 522 516 575
f 575 567 523
f 575 523 522
f 528 523 567
f 528 567 527
f 534 528 527
f 534 527 576
f 576 577 535
f 576 535 534
f 577 413 370
f 577 370 535
f 548 549 547
f 548 547 578
f 578 568 550
f 578 550 548
f 555 550 568
f 555 568 554
f 561 555 554
f 561 554 579
f 579 580 562
f 579 562 561
f 580 570 487
f 580 487 562
f 480 481 581
f 480 581 582
f 488 480 582
f 488 582 583
f 496 488 583
f 496 583 584
f 584 563 496
f 500 563 584
f 500 584 585
f 506 500 585
f 506 585 586
f 586 587 513
f 586 513 506
f 587 588 564
f 587 564 513
f 520 564 588
f 588 589 524
f 588 524 520
f 589 590 530
f 589 530 524
f 590 427 368
f 590 368 530
f 592 593 565
f 592 565 541
f 544 565 593
f 593 594 551
f 593 551 544
f 594 595 557
f 594 557 551
f 595 581 481
f 595 481 557
f 583 582 596
f 584 583 596
f 584 597 585
f 587 598 588
f 588 599 589
f 599 590 589
f 592 600 593
f 593 601 594
f 601 595 594
f 108 109 186
f 108 186 187
f 109 110 186
f 85 111 83
f 185 91 93
f 184 185 93
f 184 93 64
f 188 126 103
f 187 188 103
f 187 103 108
f 582 581 187
f 187 186 582
f 596 582 186
f 186 110 596
f 596 111 584
f 110 111 596
f 111 597 584
f 597 111 85
f 597 85 586
f 598 586 85
f 85 178 598
f 588 598 178
f 599 178 91
f 588 178 599
f 185 599 91
f 185 590 599
f 590 185 184
f 184 427 590
f 593 600 179
f 601 179 126
f 593 179 601
f 188 601 126
f 188 595 601
f 595 188 187
f 187 581 595
f 586 585 597
f 598 587 586
f 490 569 484
f 571 569 490
f 490 492 571
f 503 566 498
f 572 566 503
f 516 567 575
f 521 567 516
f 576 527 532
f 532 577 576
f 532 533 577
f 547 568 578
f 546 568 547
f 579 554 559
f 559 580 579
f 559 560 580
f 569 570 485
f 569 485 484
f 509 503 508
f 573 503 509
f 509 516 574
f 514 516 509
f 533 369 413
f 533 413 577
f 560 485 570
f 560 570 580
f 497 501 502
f 519 515 512
f 543 545 542
f 537 538 591
f 537 591 536
f 280 155 109
f 280 109 108
f 155 154 110
f 155 110 109
f 111 110 154
f 111 154 153
f 153 281 83
f 153 83 111
f 281 152 85
f 281 85 83
f 90 85 152
f 90 152 282
f 178 90 282
f 178 282 151
f 151 150 91
f 151 91 178
f 93 91 150
f 93 150 149
f 64 93 149
f 64 149 283
f 179 125 279
f 179 279 161
f 161 160 126
f 161 126 179
f 103 126 160
f 103 160 159
f 108 103 159
f 108 159 280
f 591 538 539
f 591 539 602
f 124 591 602
f 124 602 162
f 542 603 538
f 542 538 537
f 545 547 603
f 545 603 542
f 604 540 539
f 604 539 538
f 547 549 540
f 547 540 604
f 536 591 592
f 536 592 541
f 125 179 124
f 600 591 124
f 600 124 179
f 591 600 592
f 603 604 538
f 547 604 603
f 536 542 537
f 279 125 124
f 279 124 162
f 493 494 495
f 528 529 534
f 159 160 158
f 147 149 148
f 283 149 147
f 157 159 158
f 280 159 157
f 156 154 155
f 152 281 153
f 149 150 148
f 161 606 605
f 607 608 158
f 158 160 607
f 609 156 157
f 157 610 609
f 612 611 153
f 613 151 152
f 613 152 614
f 615 151 616
f 150 151 615
f 617 455 147
f 147 148 617
f 606 162 602
f 606 161 162
f 607 161 605
f 160 161 607
f 157 158 608
f 608 610 157
f 156 609 618
f 156 618 154
f 618 153 154
f 612 153 618
f 152 153 611
f 611 614 152
f 151 613 616
f 148 150 615
f 615 617 148
f 605 606 619
f 620 608 607
f 621 611 612
f 614 622 613
f 616 623 615
f 624 623 616
f 602 619 606
f 605 620 607
f 625 620 605
f 618 609 626
f 612 626 627
f 612 618 626
f 611 621 614
f 616 613 622
f 623 617 615
f 628 605 619
f 619 629 628
f 630 608 620
f 630 620 631
f 609 610 633
f 609 633 632
f 634 621 635
f 621 612 635
f 636 622 614
f 614 511 636
f 637 623 624
f 624 616 638
f 477 455 617
f 477 617 639
f 629 619 602
f 625 605 628
f 620 625 631
f 610 608 630
f 610 630 633
f 626 609 632
f 626 632 640
f 627 626 640
f 612 627 635
f 614 621 634
f 614 634 511
f 622 636 638
f 616 622 638
f 617 623 637
f 617 637 639
f 628 629 549
f 635 505 634
f 624 528 637
f 522 523 518
f 561 555 556
f 548 550 549
f 505 499 504
f 629 539 540
f 540 549 629
f 562 487 633
f 562 633 630
f 640 486 493
f 640 632 486
f 493 495 640
f 634 505 510
f 510 511 634
f 518 523 638
f 637 528 534
f 637 535 639
f 534 535 637
f 549 550 628
f 631 562 630
f 561 562 631
f 631 555 561
f 632 633 487
f 632 487 486
f 635 499 505
f 517 518 636
f 636 511 517
f 535 370 477
f 535 477 639
f 555 628 550
f 625 628 555
f 495 635 627
f 495 499 635
f 602 539 629
f 528 638 523
f 624 638 528
f 625 555 631
f 627 640 495
f 638 636 518
f 647 643 646
f 643 645 646
f 647 646 648
f 648 650 647
f 651 652 647
f 651 647 650
f 652 653 649
f 652 649 647
f 653 652 654
f 652 651 654
f 656 653 654
f 654 657 656
f 655 658 657
f 655 657 654
f 659 657 658
f 659 658 660
f 659 656 657
f 656 659 661
f 664 659 662
f 661 659 664
f 664 666 665
f 664 665 661
f 662 663 666
f 662 666 664
f 666 663 667
f 667 668 666
f 668 669 666
f 668 670 669
f 644 672 645
f 673 674 672
f 673 672 644
f 672 646 645
f 646 672 674
f 674 675 646
f 675 676 648
f 675 648 646
f 648 676 677
f 648 676 675
f 648 675 676
f 677 678 648
f 650 648 678
f 678 679 650
f 650 680 651
f 679 680 650
f 678 681 679
f 678 679 680
f 678 680 679
f 680 679 682
f 679 681 682
f 654 651 680
f 680 655 654
f 682 683 680
f 683 684 655
f 683 655 680
f 655 685 658
f 684 685 655
f 660 685 686
f 660 658 685
f 688 687 689
f 688 660 686
f 688 686 687
f 659 660 688
f 688 662 659
f 689 690 688
f 689 691 690
f 692 690 691
f 662 688 663
f 663 690 692
f 663 688 690
f 692 667 663
f 667 692 693
f 693 694 667
f 668 695 696
f 668 667 694
f 668 694 695
f 696 697 668
f 671 670 697
f 670 668 697
f 671 697 696
f 671 696 698
f 700 674 699
f 700 701 674
f 675 674 701
f 675 701 702
f 701 704 705
f 701 705 675
f 701 675 702
f 705 703 675
f 703 705 706
f 677 676 703
f 676 675 703
f 706 677 703
f 681 707 706
f 707 677 706
f 681 678 707
f 678 677 707
f 706 708 681
f 682 681 708
f 682 708 709
f 710 709 711
f 684 683 682
f 712 684 709
f 712 709 710
f 684 682 709
f 713 710 711
f 713 711 714
f 685 684 712
f 685 712 715
f 715 712 710
f 715 710 713
f 715 716 686
f 715 686 685
f 713 717 716
f 713 716 715
f 714 718 717
f 714 717 713
f 717 719 686
f 717 686 716
f 686 689 687
f 719 689 686
f 718 719 717
f 719 720 691
f 719 691 689
f 691 720 721
f 691 722 692
f 722 693 692
f 691 721 722
f 721 693 722
f 723 693 721
f 693 723 694
f 723 695 694
f 721 724 723
f 725 724 726
f 727 695 724
f 727 724 725
f 695 723 724
f 727 725 696
f 727 696 695
f 729 696 728
f 696 725 728
f 730 701 700
f 732 733 730
f 704 730 733
f 704 733 734
f 701 730 704
f 733 735 704
f 733 704 734
f 735 736 704
f 706 705 736
f 706 736 738
f 705 704 736
f 736 738 706
f 736 706 738
f 738 739 706
f 736 737 738
f 737 740 739
f 737 739 738
f 739 740 741
f 739 740 737
f 739 737 740
f 739 742 708
f 739 708 706
f 741 743 739
f 743 744 742
f 743 742 739
f 708 742 744
f 708 745 709
f 744 746 745
f 744 745 708
f 744 747 746
f 748 746 747
f 711 745 746
f 711 746 748
f 711 709 745
f 714 750 749
f 714 711 748
f 714 748 750
f 749 750 714
f 750 751 718
f 750 718 714
f 718 752 719
f 751 753 754
f 751 754 752
f 751 752 718
f 754 753 755
f 720 719 752
f 720 752 754
f 720 754 755
f 755 756 720
f 757 758 759
f 757 756 755
f 757 755 758
f 721 720 756
f 721 756 757
f 759 760 757
f 762 763 761
f 763 757 760
f 763 760 761
f 721 757 763
f 763 762 724
f 763 724 721
f 762 726 724
f 765 726 764
f 765 764 766
f 726 762 764
f 726 767 725
f 765 766 767
f 765 767 726
f 767 766 768
f 728 725 767
f 731 770 732
f 770 733 732
f 771 772 770
f 771 770 731
f 773 770 772
f 774 733 770
f 774 770 773
f 774 735 733
f 775 776 773
f 773 776 735
f 773 735 774
f 777 735 776
f 737 736 735
f 737 735 777
f 777 778 737
f 741 778 779
f 740 737 741
f 741 737 778
f 741 744 743
f 779 780 741
f 780 781 741
f 782 781 780
f 782 741 781
f 744 783 784
f 744 741 783
f 784 783 782
f 783 741 782
f 784 747 744
f 782 785 747
f 782 747 784
f 782 786 785
f 747 785 786
f 786 787 748
f 786 748 747
f 789 750 788
f 750 748 787
f 750 787 788
f 788 750 789
f 788 790 751
f 788 751 750
f 753 751 790
f 753 790 791
f 791 792 753
f 793 792 791
f 755 753 794
f 794 753 792
f 794 792 793
f 794 795 755
f 793 795 794
f 795 759 755
f 793 759 795
f 793 796 797
f 793 797 759
f 798 759 796
f 759 797 796
f 758 755 759
f 759 761 760
f 759 799 761
f 798 799 759
f 761 799 800
f 800 764 762
f 800 762 761
f 800 801 764
f 802 801 803
f 804 764 801
f 804 801 802
f 766 764 804
f 802 805 766
f 802 766 804
f 802 806 805
f 769 805 807
f 805 806 807
f 769 768 805
f 768 766 805
f 647 642 643
f 649 642 647
f 661 665 656
f 665 808 656
f 665 809 641
f 665 641 808
f 649 808 641
f 649 641 642
f 653 656 808
f 653 808 649
f 665 666 809
f 809 666 669
f 644 643 810
f 645 643 644
f 643 811 812
f 643 812 810
f 811 813 812
f 644 812 814
f 644 810 812
f 815 812 816
f 816 819 818
f 819 813 817
f 819 817 818
f 816 812 819
f 819 812 813
f 820 817 813
f 820 821 817
f 818 817 821
f 818 821 822
f 820 823 821
f 824 821 823
f 822 821 824
f 820 825 823
f 827 828 826
f 828 825 826
f 827 824 828
f 828 824 823
f 828 823 825
f 827 826 830
f 831 826 825
f 669 826 831
f 669 832 826
f 829 826 671
f 826 832 671
f 671 669 670
f 671 832 669
f 833 673 644
f 674 673 833
f 814 834 644
f 833 644 834
f 833 834 835
f 812 834 814
f 815 816 834
f 815 834 812
f 816 836 834
f 838 834 836
f 838 836 837
f 835 834 838
f 837 836 816
f 837 816 839
f 818 839 816
f 818 840 839
f 818 841 840
f 839 841 842
f 839 840 841
f 822 843 841
f 822 841 818
f 841 843 844
f 824 845 843
f 824 843 822
f 844 843 845
f 824 846 845
f 827 847 824
f 824 847 846
f 848 845 847
f 845 846 847
f 850 827 849
f 847 827 850
f 826 851 827
f 826 827 830
f 851 849 827
f 829 851 826
f 852 851 853
f 850 849 851
f 850 851 852
f 671 851 829
f 854 851 671
f 853 851 854
f 854 698 696
f 854 671 698
f 833 699 674
f 833 855 700
f 833 700 699
f 857 700 856
f 700 855 856
f 833 858 855
f 835 859 858
f 835 858 833
f 860 859 861
f 856 859 860
f 856 855 858
f 856 858 859
f 838 859 835
f 837 862 863
f 837 859 838
f 837 863 859
f 864 863 862
f 861 859 863
f 861 863 864
f 839 865 837
f 865 862 837
f 866 862 865
f 839 867 865
f 842 867 839
f 841 868 867
f 841 867 842
f 869 867 868
f 869 868 870
f 866 865 867
f 866 867 869
f 844 868 841
f 870 868 844
f 870 844 871
f 845 872 844
f 871 844 872
f 871 872 873
f 848 874 872
f 848 872 845
f 847 875 874
f 847 874 848
f 876 874 875
f 876 875 877
f 873 872 874
f 873 874 876
f 850 875 847
f 850 878 875
f 877 875 878
f 852 880 850
f 850 881 878
f 880 881 850
f 853 880 852
f 878 881 879
f 879 881 880
f 879 880 882
f 854 883 884
f 854 884 880
f 854 880 853
f 885 884 883
f 885 880 884
f 882 880 886
f 886 880 885
f 696 729 854
f 729 728 883
f 729 883 854
f 885 728 887
f 885 883 728
f 857 730 700
f 856 888 889
f 856 889 857
f 890 889 888
f 890 888 889
f 890 857 889
f 732 730 857
f 732 857 731
f 731 857 890
f 860 888 856
f 891 888 860
f 891 860 892
f 890 888 891
f 861 892 860
f 861 893 892
f 864 894 893
f 864 893 861
f 895 893 894
f 892 893 895
f 862 866 894
f 862 894 864
f 895 894 897
f 897 894 866
f 897 866 896
f 869 898 866
f 870 899 898
f 870 898 869
f 896 866 898
f 896 898 900
f 896 900 898
f 871 901 899
f 871 899 870
f 903 899 901
f 903 901 902
f 873 904 901
f 873 901 871
f 902 901 904
f 902 904 905
f 876 906 904
f 876 904 873
f 877 906 876
f 908 906 877
f 908 877 907
f 879 909 877
f 879 877 878
f 910 909 911
f 907 877 909
f 907 909 910
f 879 912 909
f 882 912 879
f 886 913 882
f 882 913 912
f 911 909 912
f 911 912 913
f 885 915 886
f 914 915 916
f 914 916 917
f 913 886 915
f 913 915 914
f 887 916 915
f 887 915 885
f 728 767 887
f 769 887 767
f 769 767 768
f 917 887 769
f 917 916 887
f 890 919 731
f 919 918 731
f 920 918 919
f 771 731 918
f 891 919 890
f 891 921 919
f 891 922 921
f 923 922 924
f 923 921 922
f 920 919 925
f 925 919 921
f 925 921 923
f 892 926 891
f 926 922 891
f 895 926 892
f 924 928 927
f 924 926 895
f 924 895 928
f 922 926 924
f 896 897 895
f 896 895 897
f 897 929 928
f 897 928 895
f 896 930 929
f 896 929 897
f 931 930 932
f 928 930 931
f 928 929 930
f 900 933 930
f 900 930 896
f 899 934 933
f 899 933 898
f 898 933 900
f 932 930 933
f 932 933 935
f 903 934 899
f 903 936 933
f 903 933 934
f 938 903 902
f 938 902 937
f 935 933 936
f 935 936 938
f 938 936 903
f 904 939 905
f 939 940 941
f 939 941 905
f 942 941 940
f 942 940 943
f 942 905 941
f 937 902 905
f 937 905 942
f 906 940 939
f 906 939 904
f 908 940 906
f 907 944 940
f 907 940 908
f 943 940 944
f 943 944 945
f 910 946 944
f 910 944 907
f 911 947 946
f 911 946 910
f 945 944 948
f 948 944 947
f 944 946 947
f 913 949 911
f 914 949 913
f 914 950 949
f 951 949 950
f 952 947 951
f 947 911 949
f 947 949 951
f 914 953 950
f 917 954 914
f 954 953 914
f 955 954 956
f 957 953 954
f 957 954 955
f 951 950 957
f 950 953 957
f 917 769 954
f 769 958 954
f 958 769 807
f 956 954 958
f 642 959 811
f 642 811 643
f 813 811 959
f 825 820 960
f 825 960 961
f 961 960 641
f 961 641 809
f 959 642 641
f 959 641 960
f 813 960 820
f 813 959 960
f 831 961 809
f 831 809 669
f 825 961 831
f 1000 1002 1001
f 1003 1004 1002
f 1009 1010 1011
f 1012 1014 1013
f 1017 1015 1016
f 1016 1018 1017
f 1022 1020 1021
f 1021 1023 1022
f 1025 1024 1026
f 1029 1027 1028
f 1032 1034 1033
f 1035 1034 1036
f 1038 1035 1037
f 1000 1041 1002
f 1005 1004 1042
f 1042 1006 1005
f 1010 1012 1011
f 1010 1043 1012
f 1044 1014 1012
f 1015 1014 1016
f 1021 1024 1023
f 1026 1024 1045
f 1028 1026 1046
f 1028 1027 1026
f 1047 1034 1032
f 1037 1035 1048
f 963 962 998
f 963 998 999
f 963 1049 964
f 999 1000 1049
f 999 1049 963
f 964 1049 1000
f 964 1000 1001
f 1001 1002 964
f 965 964 1002
f 966 965 1002
f 1002 1004 967
f 1002 967 966
f 968 967 1004
f 968 1004 1005
f 1050 968 1005
f 1050 1005 1006
f 1050 969 968
f 1006 1007 969
f 1006 969 1050
f 970 969 1007
f 970 1007 1008
f 971 970 1008
f 971 1008 1009
f 971 973 972
f 1009 1011 973
f 1009 973 971
f 974 973 1011
f 974 1011 1012
f 975 974 1012
f 975 1012 1013
f 1013 1014 975
f 976 975 1014
f 1014 977 976
f 977 1014 1015
f 978 977 1015
f 978 1015 1017
f 1017 1018 978
f 979 978 1018
f 1018 1019 980
f 1018 980 979
f 981 980 1019
f 981 1019 1020
f 1020 982 981
f 982 1020 1022
f 1022 1023 983
f 1022 983 982
f 1023 1024 983
f 984 983 1024
f 1024 985 984
f 985 1024 1025
f 1025 1026 986
f 1025 986 985
f 1026 1027 987
f 1026 987 986
f 989 987 1027
f 989 1027 1029
f 988 987 989
f 1029 1030 990
f 1029 990 989
f 1030 1031 991
f 1030 991 990
f 1051 991 1031
f 1051 1031 1032
f 992 991 1051
f 1032 1033 992
f 1032 992 1051
f 1033 1034 993
f 1033 993 992
f 994 993 1034
f 994 1034 1035
f 1035 995 994
f 1035 996 995
f 996 1035 1038
f 1038 1037 1052
f 1038 1052 996
f 997 1052 1037
f 997 1037 1039
f 997 996 1052
f 1039 998 962
f 1039 962 997
f 1091 1092 1093
f 1094 1093 1095
f 1100 1101 1102
f 1103 1104 1105
f 1108 1107 1106
f 1107 1108 1109
f 1113 1112 1111
f 1112 1113 1114
f 1116 1117 1115
f 1120 1119 1118
f 1123 1124 1125
f 1126 1127 1125
f 1129 1128 1126
f 1091 1093 1132
f 1096 1133 1095
f 1133 1096 1097
f 1102 1101 1103
f 1102 1103 1134
f 1135 1103 1105
f 1106 1107 1105
f 1112 1114 1115
f 1117 1136 1115
f 1119 1137 1117
f 1119 1117 1118
f 1138 1123 1125
f 1128 1139 1126
f 1054 1090 1089
f 1054 1089 1053
f 1054 1055 1140
f 1090 1054 1140
f 1090 1140 1091
f 1055 1092 1091
f 1055 1091 1140
f 1092 1055 1093
f 1056 1093 1055
f 1057 1093 1056
f 1093 1057 1058
f 1093 1058 1095
f 1059 1096 1095
f 1059 1095 1058
f 1141 1097 1096
f 1141 1096 1059
f 1141 1059 1060
f 1097 1141 1060
f 1097 1060 1098
f 1061 1099 1098
f 1061 1098 1060
f 1062 1100 1099
f 1062 1099 1061
f 1062 1063 1064
f 1100 1062 1064
f 1100 1064 1101
f 1065 1103 1101
f 1065 1101 1064
f 1066 1104 1103
f 1066 1103 1065
f 1104 1066 1105
f 1067 1105 1066
f 1105 1067 1068
f 1068 1106 1105
f 1069 1108 1106
f 1069 1106 1068
f 1108 1069 1109
f 1070 1109 1069
f 1109 1070 1071
f 1109 1071 1110
f 1072 1111 1110
f 1072 1110 1071
f 1111 1072 1073
f 1073 1113 1111
f 1113 1073 1074
f 1113 1074 1114
f 1114 1074 1115
f 1075 1115 1074
f 1115 1075 1076
f 1076 1116 1115
f 1116 1076 1077
f 1116 1077 1117
f 1117 1077 1078
f 1117 1078 1118
f 1080 1120 1118
f 1080 1118 1078
f 1079 1080 1078
f 1120 1080 1081
f 1120 1081 1121
f 1121 1081 1082
f 1121 1082 1122
f 1142 1123 1122
f 1142 1122 1082
f 1083 1142 1082
f 1123 1142 1083
f 1123 1083 1124
f 1124 1083 1084
f 1124 1084 1125
f 1085 1126 1125
f 1085 1125 1084
f 1126 1085 1086
f 1126 1086 1087
f 1087 1129 1126
f 1129 1087 1143
f 1129 1143 1128
f 1088 1130 1128
f 1088 1128 1143
f 1088 1143 1087
f 1130 1088 1053
f 1130 1053 1089
f 1145 819 817
f 1145 1146 819
f 1147 814 819
f 814 1147 1148
f 1150 651 652
f 1152 651 1151
f 1154 1152 1153
f 1155 1152 1154
f 1159 1161 1160
f 1164 1163 1162
f 1168 1167 1166
f 1176 1173 1175
f 1176 1175 1177
f 1176 1174 1173
f 1177 1178 1176
f 1179 1176 1178
f 1179 1178 1180
f 1180 1182 1181
f 1180 1181 1179
f 1181 1184 1183
f 1159 1183 1184
f 1184 1185 1159
f 1185 1184 1048
f 1185 1048 1186
f 1187 1186 1048
f 1036 1162 1186
f 1036 1186 1187
f 1162 1036 1188
f 1189 1047 1190
f 1190 1191 1165
f 1192 1165 1191
f 1191 1194 1192
f 1195 1192 1194
f 1195 1194 1196
f 1193 1192 1195
f 1197 1193 1195
f 1195 1198 1197
f 1199 1197 1198
f 1199 1169 1197
f 1169 1199 1200
f 1200 1203 1202
f 1201 1204 1203
f 1201 1203 1200
f 1202 1203 1204
f 1204 1206 1205
f 1204 1205 1202
f 1177 1175 1207
f 1177 1207 1208
f 1208 1178 1177
f 1180 1208 1209
f 1180 1178 1208
f 1209 1210 1180
f 1182 1180 1210
f 1182 1210 1211
f 1182 1211 1212
f 1182 1213 1184
f 1182 1184 1181
f 1182 1212 1213
f 1184 1213 1214
f 1215 1216 1214
f 1216 1184 1214
f 1194 1217 1196
f 1218 1217 1194
f 1195 1196 1217
f 1217 1198 1195
f 1217 1219 1198
f 1199 1198 1219
f 1219 1220 1199
f 1200 1199 1220
f 1220 1201 1200
f 1220 1221 1201
f 1221 1222 1204
f 1221 1204 1201
f 1222 1223 1206
f 1222 1206 1204
f 1224 1225 1207
f 1208 1207 1225
f 1225 1226 1208
f 1209 1208 1226
f 1226 1227 1210
f 1226 1210 1209
f 1211 1210 1227
f 1227 1228 1211
f 1228 1212 1211
f 1040 1229 1212
f 1040 1212 1228
f 1229 1214 1213
f 1229 1213 1212
f 1230 1219 1217
f 1230 1231 1219
f 1219 1232 1220
f 1231 1232 1219
f 1232 1233 1221
f 1232 1221 1220
f 1232 1234 1233
f 1221 1233 1234
f 1221 1234 1235
f 1222 1221 1235
f 1222 1235 1236
f 1222 1237 1223
f 1236 1237 1222
f 1238 1237 1236
f 1238 1236 1239
f 1223 1237 1238
f 1240 1241 1225
f 1240 1225 1224
f 1242 1243 1241
f 1242 1241 1240
f 1241 1244 1226
f 1241 1226 1225
f 1243 1244 1241
f 1226 1244 1245
f 1245 1246 1227
f 1245 1227 1226
f 1246 1228 1227
f 1246 1247 1228
f 1228 1247 1249
f 1228 1249 1248
f 1249 1040 1248
f 1040 1228 1248
f 1046 1231 1230
f 1251 1046 1250
f 1251 1250 1252
f 1231 1046 1251
f 1251 1253 1231
f 1252 1253 1251
f 1234 1253 1252
f 1234 1252 1254
f 1232 1231 1253
f 1232 1253 1234
f 1254 1255 1234
f 1235 1234 1255
f 1235 1255 1256
f 1236 1235 1256
f 1236 1256 1257
f 1239 1236 1257
f 1239 1257 1258
f 1259 1260 1243
f 1259 1243 1242
f 1261 1243 1260
f 1261 1262 1244
f 1261 1244 1243
f 1260 1263 1262
f 1260 1262 1261
f 1245 1244 1262
f 1262 1264 1246
f 1262 1246 1245
f 1263 1264 1262
f 1264 1265 1247
f 1264 1247 1246
f 1264 1266 1265
f 1267 1265 1266
f 1247 1265 1267
f 1247 1267 1249
f 1267 1266 1268
f 1267 1268 1249
f 1045 1269 1252
f 1045 1252 1250
f 1250 1046 1045
f 1255 1252 1269
f 1255 1269 1270
f 1254 1252 1255
f 1271 1255 1272
f 1256 1255 1271
f 1273 1271 1272
f 1273 1272 1274
f 1257 1256 1271
f 1257 1271 1273
f 1275 1273 1274
f 1275 1274 1276
f 1258 1257 1273
f 1258 1273 1275
f 1277 1278 1260
f 1277 1260 1259
f 1278 1279 1263
f 1278 1263 1260
f 1263 1280 1264
f 1279 1281 1280
f 1279 1280 1263
f 1282 1280 1281
f 1282 1281 1283
f 1264 1280 1282
f 1282 1283 1266
f 1282 1266 1264
f 1266 1283 1284
f 1266 1284 1268
f 1283 1041 1284
f 1041 1268 1284
f 1287 1269 1286
f 1287 1286 1285
f 1269 1045 1286
f 1045 1285 1286
f 1287 1288 1269
f 1270 1269 1288
f 1270 1289 1255
f 1288 1289 1270
f 1272 1255 1289
f 1272 1289 1290
f 1274 1272 1290
f 1274 1290 1291
f 1293 1291 1292
f 1293 1292 1294
f 1276 1274 1291
f 1276 1291 1293
f 1277 1295 1278
f 1296 1297 1295
f 1296 1295 1277
f 1295 1298 1279
f 1295 1279 1278
f 1297 1299 1298
f 1297 1298 1295
f 1298 1281 1279
f 1299 1300 1281
f 1299 1281 1298
f 1281 1300 1301
f 1281 1302 1283
f 1301 1303 1302
f 1301 1302 1281
f 1283 1302 1303
f 1303 1304 1041
f 1303 1041 1283
f 1305 1285 1021
f 1306 1288 1285
f 1306 1285 1305
f 1285 1288 1287
f 1288 1306 1307
f 1288 1308 1289
f 1307 1309 1308
f 1307 1308 1288
f 1310 1308 1309
f 1290 1289 1308
f 1290 1308 1310
f 1291 1290 1310
f 1291 1310 265
f 265 1292 1291
f 1294 1292 265
f 1294 265 267
f 1311 1312 1297
f 1311 1297 1296
f 1312 1313 1299
f 1312 1299 1297
f 1314 1299 1313
f 1314 1315 1300
f 1314 1300 1299
f 1313 1315 1314
f 1301 1300 1315
f 1315 1316 1303
f 1315 1303 1301
f 1315 1317 1316
f 1316 1318 1304
f 1316 1304 1303
f 1317 1318 1316
f 1304 1318 1003
f 1305 1319 1320
f 1305 1320 1306
f 1309 1306 1320
f 1309 1320 261
f 1307 1306 1309
f 263 1309 261
f 263 261 262
f 1310 1309 263
f 264 263 262
f 265 1310 263
f 265 263 264
f 267 265 264
f 267 264 266
f 1321 1322 1312
f 1321 1312 1311
f 1322 1323 1313
f 1322 1313 1312
f 1313 1324 1315
f 1323 1324 1313
f 1324 1325 1317
f 1324 1317 1315
f 1324 1326 1325
f 1317 1325 1326
f 1317 1327 1318
f 1326 1327 1317
f 1042 1327 1326
f 1042 1326 1328
f 1318 1327 1042
f 1329 1330 1331
f 1319 1330 1329
f 1319 1329 1320
f 1320 1329 1332
f 261 1332 260
f 261 1320 1332
f 262 261 260
f 262 260 259
f 1333 262 259
f 1333 259 1334
f 264 262 1333
f 1334 1335 1333
f 1336 1333 1335
f 1336 1335 1337
f 266 264 1333
f 266 1333 1336
f 1338 1339 1322
f 1338 1322 1321
f 1340 1339 1338
f 1339 1340 1341
f 1339 1342 1323
f 1339 1323 1322
f 1341 1342 1339
f 1342 1341 1343
f 1342 1344 1324
f 1342 1324 1323
f 1343 1344 1342
f 1345 1344 1343
f 1345 1343 1344
f 1324 1344 1345
f 1345 1326 1324
f 1344 1346 1345
f 1326 1345 1346
f 1326 1346 1347
f 1348 1326 1347
f 1328 1326 1348
f 1331 1349 1329
f 1331 1350 1349
f 1351 1349 1350
f 1329 1349 258
f 1329 258 1332
f 1349 1351 258
f 260 1332 258
f 258 257 260
f 259 260 257
f 257 1352 259
f 1335 259 1352
f 1334 259 1335
f 1352 1353 1335
f 1337 1335 1353
f 1341 1340 1354
f 1341 1354 1355
f 1356 1341 1355
f 1343 1341 1356
f 1344 1343 1356
f 1344 1356 1346
f 1356 1357 1346
f 1346 1358 1347
f 1357 1359 1358
f 1357 1358 1346
f 1359 1360 1358
f 1347 1358 1360
f 1360 1361 1347
f 1360 1359 1362
f 1361 1360 1362
f 1361 1362 1363
f 1016 1364 1350
f 1016 1350 1365
f 1364 1366 1367
f 1364 1367 1350
f 1368 1350 1367
f 1368 1367 1369
f 1368 1351 1350
f 1368 1370 258
f 1368 258 1351
f 1369 1370 1368
f 1370 256 257
f 1370 257 258
f 256 255 1352
f 256 1352 257
f 1352 1371 1353
f 255 252 1371
f 255 1371 1352
f 1374 1372 1373
f 1355 1354 1372
f 1355 1372 1374
f 1356 1355 1374
f 1356 1374 1375
f 1374 1376 1375
f 1375 1357 1356
f 1375 1377 1357
f 1357 1377 1378
f 1362 1357 1378
f 1359 1357 1362
f 1362 1378 1379
f 1362 1380 1381
f 1362 1381 1363
f 1379 1380 1362
f 1382 1381 1380
f 1383 1043 1010
f 1043 1384 1044
f 1385 1386 1364
f 1386 1366 1364
f 1366 1386 1367
f 1386 1387 1367
f 1367 1387 1369
f 1387 1388 1369
f 1389 1369 1388
f 256 1370 1369
f 256 1369 1389
f 1389 254 255
f 1389 255 256
f 1374 1373 1390
f 1374 1390 1391
f 1391 1392 1376
f 1391 1376 1374
f 1377 1392 1391
f 1377 1391 1392
f 1375 1376 1392
f 1375 1392 1377
f 1392 1393 1377
f 1393 1378 1377
f 1394 1378 1393
f 1379 1378 1394
f 1396 1394 1395
f 1380 1379 1394
f 1380 1394 1396
f 1396 1397 1380
f 1395 1397 1396
f 1397 1395 1398
f 1398 1399 1397
f 1401 1399 1402
f 1401 1400 1399
f 1404 1401 1403
f 1404 1403 1405
f 1404 1386 1401
f 1406 1404 1405
f 1406 1386 1404
f 1386 1406 1387
f 1387 1406 1405
f 1405 1407 1387
f 1408 1387 1407
f 1408 1388 1387
f 1408 1389 1388
f 1410 1408 1409
f 254 1389 1408
f 254 1408 1410
f 1410 1411 253
f 1410 253 254
f 1409 1412 1411
f 1409 1411 1410
f 1391 1390 1413
f 1391 1413 1414
f 1392 1391 1414
f 1414 1393 1392
f 1415 1393 1414
f 1393 1416 1394
f 1394 1416 1395
f 1395 1418 1399
f 1395 1399 1398
f 1417 1418 1395
f 1418 1419 1399
f 1402 1399 1419
f 1419 1401 1402
f 1403 1401 1419
f 1405 1403 1419
f 1405 1419 1420
f 1420 1421 1405
f 1405 1421 1422
f 1422 1407 1405
f 1408 1407 1422
f 1408 1422 1407
f 1422 1423 1407
f 1408 1407 1423
f 1423 1409 1408
f 1409 1423 1424
f 1424 1412 1409
f 1425 1426 1414
f 1425 1414 1413
f 1426 1427 1414
f 1427 1426 1414
f 1415 1414 1426
f 1393 1415 1426
f 1426 1416 1393
f 1395 1416 1428
f 1428 1417 1395
f 1418 1417 1428
f 1428 1429 1418
f 1430 1429 1428
f 1418 1429 1430
f 1430 1419 1418
f 1420 1419 1430
f 1430 1421 1420
f 1421 1431 1422
f 1431 1432 1422
f 1432 1423 1422
f 1433 1424 1423
f 1433 1423 1432
f 1146 1157 1158
f 1167 1165 1166
f 1169 1171 1153
f 1169 1153 1151
f 1169 1170 1171
f 1146 1145 1157
f 1162 1160 1161
f 1167 1150 1165
f 1157 1156 1174
f 1157 1174 1176
f 1176 1179 1158
f 1176 1158 1157
f 1159 1158 1179
f 1159 1179 1181
f 1146 1158 1159
f 1181 1183 1159
f 1185 1186 1161
f 1185 1161 1159
f 1162 1161 1186
f 1164 1162 1188
f 1164 1188 1047
f 1047 1189 1164
f 1189 1190 1165
f 1189 1165 1164
f 1165 1193 1166
f 1192 1193 1165
f 1168 1166 1193
f 1168 1193 1197
f 1151 1168 1197
f 1197 1169 1151
f 1169 1200 1170
f 1171 1170 1200
f 1171 1200 1202
f 1202 1205 1172
f 1202 1172 1171
f 1145 1156 1157
f 1145 1144 1156
f 819 1146 1159
f 1159 1147 819
f 1160 1147 1159
f 1148 1160 1162
f 1164 1162 1163
f 645 1148 1162
f 645 1162 1164
f 1164 1149 645
f 1150 1164 1165
f 1150 1149 1164
f 1151 1153 1152
f 1171 1172 1154
f 1171 1154 1153
f 1148 1147 1160
f 1150 1434 651
f 1167 1168 1434
f 1167 1434 1150
f 1151 1434 1168
f 651 1434 1151
f 1149 646 645
f 1150 646 1149
f 1152 654 651
f 1155 1154 1152
f 655 1152 1154
f 654 1152 655
f 1361 1006 1348
f 1361 1007 1006
f 1009 1381 1382
f 1382 1383 1009
f 1010 1009 1383
f 1012 1043 1044
f 1385 1364 1044
f 1365 1331 1018
f 1365 1018 1016
f 1350 1331 1365
f 1319 1020 1019
f 1046 1026 1045
f 1230 1028 1046
f 1028 1230 1218
f 1217 1218 1230
f 1184 1216 1048
f 1216 1215 1048
f 1214 1229 1215
f 1003 1042 1004
f 1361 1381 1008
f 1361 1008 1007
f 1381 1009 1008
f 1026 1046 1028
f 1029 1194 1030
f 1194 1031 1030
f 1037 1229 1039
f 1000 999 1249
f 999 1040 1249
f 1036 1034 1047
f 1003 1002 1041
f 1285 1024 1021
f 1014 1364 1016
f 1036 1048 1035
f 1039 1040 998
f 1229 1040 1039
f 1040 999 998
f 1043 1012 1010
f 1426 1425 1435
f 1426 1435 1428
f 1426 1428 1416
f 1428 1435 1436
f 1430 1437 1428
f 1430 1428 1436
f 1428 1437 1430
f 1430 1436 1438
f 1431 1421 1438
f 1430 1438 1421
f 1433 1432 1431
f 1433 1431 1439
f 1440 1431 1438
f 1440 1439 1431
f 1436 1442 1440
f 1436 1440 1438
f 1435 1441 1442
f 1435 1442 1436
f 1441 1435 1425
f 1000 1249 1268
f 1006 1042 1348
f 1042 1328 1348
f 1347 1361 1348
f 1215 1229 1037
f 1215 1037 1048
f 1036 1187 1048
f 1188 1036 1047
f 1191 1032 1031
f 1194 1191 1031
f 1218 1194 1029
f 1028 1218 1029
f 1019 1330 1319
f 1331 1330 1019
f 1331 1019 1018
f 1364 1014 1044
f 1363 1381 1361
f 1445 1444 1443
f 1445 1446 1444
f 1448 1447 1449
f 1446 1447 1448
f 1450 1449 1447
f 1449 1450 1451
f 1451 1450 1452
f 1457 1458 1455
f 1456 1455 1458
f 1459 1460 1458
f 1461 1458 1460
f 1461 1460 1462
f 1461 1462 1463
f 1463 1462 1464
f 1463 1464 1465
f 1466 1467 1464
f 1465 1464 1467
f 1467 1468 1469
f 1469 1468 1470
f 1473 1471 1472
f 1475 1473 1474
f 1475 1474 1476
f 1477 1476 1474
f 1479 1477 1478
f 1479 1476 1477
f 1480 1444 1478
f 1443 1444 1480
f 1445 1443 1481
f 1445 1481 1482
f 1446 1445 1483
f 1482 964 1483
f 1482 1483 1445
f 1483 1447 1446
f 1447 1483 964
f 1447 964 965
f 965 966 1484
f 965 1484 1447
f 1447 1484 1450
f 1450 1484 966
f 966 968 1450
f 1485 1450 968
f 1485 1452 1450
f 1486 1485 968
f 1486 968 1487
f 1452 1485 1486
f 1452 1486 1454
f 1452 1454 1453
f 1487 1488 1454
f 1487 1454 1486
f 1454 1488 972
f 1454 1489 1455
f 1454 1455 1453
f 972 1489 1454
f 972 973 1489
f 1490 1489 973
f 1455 1489 1490
f 1455 1490 1457
f 973 1457 1490
f 1457 973 1491
f 1491 975 1457
f 1492 1457 975
f 1458 1457 1492
f 1492 1459 1458
f 1459 1492 975
f 975 977 1459
f 1493 1459 977
f 1493 977 978
f 1493 1460 1459
f 1493 1494 1462
f 1493 1462 1460
f 978 1495 1494
f 978 1494 1493
f 1496 1494 1495
f 1496 1495 982
f 1464 1462 1494
f 1464 1494 1496
f 1464 1496 1466
f 982 983 1466
f 982 1466 1496
f 1466 983 985
f 985 1497 1466
f 1467 1466 1497
f 1467 1497 1468
f 985 1468 1497
f 1468 985 1498
f 1498 987 1468
f 1499 1468 987
f 1499 1470 1468
f 1499 1500 1470
f 987 1500 1499
f 1500 987 988
f 1472 1500 988
f 1471 1470 1500
f 1471 1500 1472
f 988 1501 1472
f 1502 1472 1501
f 1502 1501 1503
f 1502 1473 1472
f 1502 1504 1473
f 1503 992 1504
f 1503 1504 1502
f 1474 1473 1504
f 992 1474 1504
f 1474 992 994
f 994 1505 1474
f 1505 1477 1474
f 1477 1505 994
f 1477 994 995
f 995 996 1506
f 995 1506 1477
f 1477 1506 1478
f 1480 1506 996
f 1480 996 1507
f 1480 1478 1506
f 1507 1481 1443
f 1507 1443 1480
f 1482 1481 962
f 1482 962 963
f 963 964 1482
f 965 967 966
f 967 968 966
f 1050 969 1487
f 1050 1487 968
f 969 1488 1487
f 1488 969 970
f 972 1488 970
f 972 970 971
f 1491 973 974
f 974 975 1491
f 976 977 975
f 979 980 1495
f 979 1495 978
f 982 1495 980
f 982 980 981
f 985 983 984
f 1498 985 986
f 986 987 1498
f 989 990 1501
f 989 1501 988
f 990 991 1501
f 1503 1501 991
f 992 1503 991
f 994 992 993
f 994 993 995
f 1507 996 997
f 997 962 1481
f 997 1481 1507
f 983 982 981
f 981 982 983
f 964 1049 963
f 967 965 966
f 969 1050 968
f 973 971 972
f 980 979 978
f 982 981 980
f 988 989 987
f 992 1051 991
f 994 995 993
f 997 1052 996
f 1145 1509 1508
f 1145 1508 1144
f 1509 817 818
f 1509 1145 817
f 818 817 819
f 818 819 816
f 1147 819 814
f 814 1148 645
f 652 651 1150
f 1434 1150 651
f 651 654 655
f 1154 658 655
f 655 658 1154
f 655 1154 658
f 841 1511 1510
f 841 1510 843
f 1512 1510 1511
f 1512 1511 1513
f 841 868 1511
f 841 867 868
f 1513 868 867
f 1513 867 869
f 1513 1511 868
f 842 867 841
f 842 1514 867
f 1515 1514 842
f 836 863 1515
f 836 1515 837
f 1516 1515 863
f 1516 863 864
f 1514 1515 1516
f 1517 863 836
f 835 859 863
f 835 863 1517
f 1038 863 859
f 864 863 1038
f 835 1035 859
f 1038 1035 856
f 1038 859 1035
f 673 855 1035
f 673 1035 835
f 856 1035 855
f 673 1033 855
f 700 855 1033
f 700 1033 1518
f 674 1033 673
f 1519 1033 674
f 700 1033 701
f 1518 1033 700
f 1519 702 1033
f 676 702 1519
f 701 1033 702
f 676 1031 702
f 676 677 1031
f 705 1031 677
f 705 702 1031
f 1029 677 707
f 705 677 1029
f 1520 707 677
f 1520 1521 707
f 1522 1521 708
f 707 1521 1522
f 683 1523 1521
f 708 1521 1523
f 684 1523 683
f 684 712 1523
f 1524 1523 712
f 1524 712 1525
f 685 715 712
f 685 712 684
f 1525 712 715
f 1525 715 1526
f 903 902 1527
f 903 1527 1528
f 934 903 899
f 934 899 898
f 1528 899 903
f 1529 934 898
f 1530 934 1529
f 897 1529 1267
f 929 930 1529
f 929 1529 897
f 1529 930 1530
f 999 929 897
f 1267 894 897
f 926 998 892
f 897 926 999
f 894 998 926
f 894 926 897
f 1531 892 860
f 1532 926 892
f 1532 892 1531
f 860 1533 1531
f 918 919 890
f 1531 890 919
f 1533 890 1531
f 731 1534 732
f 890 731 918
f 890 1534 731
f 770 732 733
f 731 732 770
f 774 733 1535
f 733 774 770
f 1498 1536 736
f 1537 1536 1498
f 774 1536 1537
f 1535 1536 774
f 1025 777 737
f 1498 737 777
f 1498 777 1537
f 736 1027 737
f 736 737 1498
f 743 1025 1027
f 1027 1025 737
f 781 743 1538
f 743 781 1025
f 1538 784 781
f 743 1539 784
f 743 784 1538
f 784 747 1541
f 1539 1540 747
f 1539 747 784
f 1543 1541 748
f 747 748 1541
f 1540 1542 748
f 1540 748 747
f 789 1543 1275
f 748 1275 1543
f 1542 749 1275
f 1542 1275 748
f 1545 1544 1295
f 1545 1295 1546
f 902 903 1544
f 902 1544 1545
f 935 1548 1547
f 1544 1547 1548
f 1544 1548 1295
f 903 934 1547
f 903 1547 1544
f 932 935 934
f 932 934 1530
f 934 935 1547
f 929 932 930
f 1549 932 929
f 1530 930 932
f 1001 929 999
f 1002 1550 929
f 1002 929 1001
f 929 1550 1549
f 999 926 1001
f 1001 1532 1551
f 1001 1551 924
f 926 1532 1001
f 925 1531 919
f 1532 925 1552
f 1532 1552 1551
f 1532 1531 925
f 918 925 919
f 920 925 918
f 771 918 731
f 1553 1554 918
f 1553 918 771
f 918 1554 920
f 773 771 770
f 772 771 773
f 731 770 771
f 775 772 773
f 770 774 773
f 1555 775 1537
f 774 1537 775
f 774 775 773
f 778 1556 777
f 778 777 1025
f 778 1555 1556
f 1537 1556 1555
f 1537 777 1556
f 1024 778 1025
f 1023 778 1024
f 1557 780 781
f 1024 781 780
f 1024 780 1023
f 1025 781 1024
f 781 1558 1559
f 781 1559 1557
f 781 784 1558
f 784 1541 786
f 784 786 1558
f 787 786 1541
f 787 1541 1543
f 1560 1561 786
f 1560 786 787
f 788 787 1543
f 788 1543 789
f 1562 1560 787
f 1562 787 788
f 1528 1527 1512
f 1528 1512 1513
f 898 899 1513
f 898 1513 869
f 1513 899 1528
f 1563 869 867
f 1529 898 869
f 1529 869 1563
f 1267 1529 1563
f 867 1514 1563
f 894 1516 864
f 1563 894 1267
f 1514 1516 894
f 1514 894 1563
f 892 998 864
f 892 864 1039
f 894 864 998
f 1039 860 892
f 864 1038 860
f 864 860 1039
f 1564 860 1038
f 1564 1038 856
f 1533 860 1564
f 1534 1564 856
f 1534 856 855
f 890 1533 1564
f 890 1564 1534
f 1534 700 1518
f 855 700 1534
f 1565 700 701
f 733 732 1565
f 1534 1565 732
f 1518 700 1565
f 1518 1565 1534
f 1535 702 705
f 1565 1535 733
f 701 702 1535
f 701 1535 1565
f 736 1536 705
f 736 705 738
f 1535 705 1536
f 738 1029 707
f 738 1027 736
f 705 1029 738
f 1522 739 707
f 743 1027 739
f 743 739 1522
f 738 739 1027
f 707 739 738
f 1539 1522 708
f 743 1522 1539
f 1539 708 1523
f 745 1523 1524
f 1539 745 1540
f 1523 745 1539
f 745 711 1542
f 745 1542 1540
f 1524 1525 711
f 1524 711 745
f 711 714 749
f 711 749 1542
f 1525 1526 714
f 1525 714 711
f 841 843 1508
f 841 1508 1509
f 1566 1509 818
f 842 1509 1566
f 1509 842 841
f 1515 842 1566
f 1515 1566 816
f 818 816 1566
f 836 816 819
f 836 837 816
f 816 837 1515
f 836 819 1147
f 835 1517 1147
f 835 1147 814
f 836 1147 1517
f 814 1567 835
f 673 1567 814
f 673 814 645
f 1567 673 835
f 1568 673 645
f 1519 1568 645
f 1519 674 1568
f 1568 674 673
f 645 646 1519
f 648 1519 646
f 648 646 1150
f 676 1519 648
f 677 676 1434
f 648 1434 676
f 1150 1434 648
f 1520 1434 651
f 1434 1520 677
f 1521 1520 680
f 651 680 1520
f 680 651 655
f 680 683 1521
f 684 683 655
f 680 655 683
f 655 658 685
f 655 685 684
f 1318 1042 1003
f 1304 1003 1041
f 1041 1000 1268
f 1190 1047 1032
f 1190 1032 1191
f 964 963 1482
f 968 1487 969
f 972 971 970
f 978 1495 980
f 980 1495 982
f 990 989 988
f 991 1503 992
f 1507 997 996
f 1045 1024 1285
f 1021 1319 1305
f 1021 1020 1319
f 1383 1380 1397
f 1382 1380 1383
f 1397 1399 1043
f 1397 1043 1383
f 1043 1399 1400
f 1401 1384 1043
f 1401 1043 1400
f 1044 1384 1569
f 1384 1401 1569
f 1386 1569 1401
f 1386 1385 1044
f 1386 1044 1569
f 1570 1571 1572
f 1570 1572 1573
f 1575 1576 1574
f 1575 1574 1573
f 1578 1579 1575
f 1576 1575 1579
f 1582 1578 1581
f 1582 1581 1583
f 1573 1572 1584
f 1573 1584 1575
f 1584 1581 1578
f 1584 1578 1575
f 1587 1572 1586
f 1572 1571 1586
f 1587 1586 1448
f 1587 1588 1589
f 1588 1590 1589
f 1590 1588 1591
f 1590 1593 1592
f 1590 1592 1589
f 1594 1592 1461
f 1594 1583 1581
f 1594 1581 1592
f 1581 1589 1592
f 1587 1589 1584
f 1587 1584 1572
f 1581 1584 1589
f 1448 1586 1571
f 1585 1448 1571
f 1585 1444 1446
f 1585 1446 1448
f 1451 1588 1587
f 1451 1587 1449
f 1448 1449 1587
f 1591 1451 1452
f 1591 1588 1451
f 1591 1452 1453
f 1455 1456 1591
f 1455 1591 1453
f 1456 1590 1591
f 1590 1456 1593
f 1592 1593 1456
f 1592 1456 1461
f 1456 1458 1461
f 1461 1463 1583
f 1461 1583 1594
f 1465 1582 1583
f 1463 1465 1583
f 1578 1582 1465
f 1469 1465 1467
f 1580 1578 1465
f 1580 1465 1469
f 1580 1469 1578
f 1469 1579 1578
f 1469 1576 1579
f 1576 1469 1577
f 1470 1471 1577
f 1470 1577 1469
f 1473 1475 1577
f 1473 1577 1471
f 1576 1577 1475
f 1576 1475 1574
f 1475 1573 1574
f 1475 1476 1573
f 1573 1476 1479
f 1573 1479 1570
f 1444 1585 1478
f 1479 1585 1571
f 1479 1571 1570
f 1479 1478 1585
f 1595 823 828
f 1595 828 1596
f 1597 828 829
f 829 1598 1597
f 1600 664 662
f 1602 1601 662
f 1154 1603 1602
f 1155 1154 1602
f 1606 1607 1608
f 1611 1609 1610
f 1615 1613 1614
f 1619 1620 1175
f 1619 1175 1173
f 1619 1173 1174
f 1620 1619 1621
f 1622 1623 1621
f 1622 1621 1619
f 1623 1622 1624
f 1623 1624 1625
f 1624 1626 1627
f 1606 1627 1626
f 1627 1606 1628
f 1628 1629 1139
f 1628 1139 1627
f 1630 1139 1629
f 1127 1630 1629
f 1127 1629 1609
f 1609 1631 1127
f 1632 1633 1138
f 1633 1612 1634
f 1635 1634 1612
f 1634 1635 1637
f 1638 1639 1637
f 1638 1637 1635
f 1636 1638 1635
f 1640 1638 1636
f 1638 1640 1641
f 1642 1641 1640
f 1642 1640 1616
f 1616 1643 1642
f 1643 1645 1646
f 1644 1643 1646
f 1644 1646 1647
f 1645 1647 1646
f 1647 1645 1205
f 1647 1205 1206
f 1620 1648 1207
f 1620 1207 1175
f 1648 1620 1621
f 1623 1649 1648
f 1623 1648 1621
f 1649 1623 1650
f 1625 1651 1650
f 1625 1650 1623
f 1625 1652 1651
f 1625 1624 1627
f 1625 1627 1653
f 1625 1653 1652
f 1627 1654 1653
f 1655 1654 1656
f 1656 1654 1627
f 1637 1639 1657
f 1658 1637 1657
f 1638 1657 1639
f 1657 1638 1641
f 1657 1641 1659
f 1642 1659 1641
f 1659 1642 1660
f 1643 1660 1642
f 1660 1643 1644
f 1660 1644 1661
f 1661 1644 1647
f 1661 1647 1662
f 1662 1647 1206
f 1662 1206 1223
f 1224 1207 1663
f 1648 1663 1207
f 1663 1648 1664
f 1649 1664 1648
f 1664 1649 1650
f 1664 1650 1665
f 1651 1665 1650
f 1665 1651 1666
f 1666 1651 1652
f 1131 1666 1652
f 1131 1652 1667
f 1667 1652 1653
f 1667 1653 1654
f 1668 1657 1659
f 1668 1659 1669
f 1659 1660 1670
f 1669 1659 1670
f 1670 1660 1661
f 1670 1661 1671
f 1670 1671 1672
f 1661 1673 1672
f 1661 1672 1671
f 1662 1674 1673
f 1662 1673 1661
f 1662 1223 1675
f 1674 1662 1675
f 1238 1239 1674
f 1238 1674 1675
f 1223 1238 1675
f 1240 1224 1663
f 1240 1663 1676
f 1242 1240 1676
f 1242 1676 1677
f 1676 1663 1664
f 1676 1664 1678
f 1677 1676 1678
f 1664 1679 1678
f 1679 1664 1665
f 1679 1665 1680
f 1680 1665 1666
f 1680 1666 1681
f 1666 1682 1683
f 1666 1683 1681
f 1683 1682 1131
f 1131 1682 1666
f 1137 1668 1669
f 1685 1686 1684
f 1685 1684 1137
f 1669 1685 1137
f 1685 1669 1687
f 1686 1685 1687
f 1672 1688 1686
f 1672 1686 1687
f 1670 1672 1687
f 1670 1687 1669
f 1688 1672 1689
f 1673 1690 1689
f 1673 1689 1672
f 1674 1691 1690
f 1674 1690 1673
f 1239 1258 1691
f 1239 1691 1674
f 1259 1242 1677
f 1259 1677 1692
f 1693 1692 1677
f 1693 1677 1678
f 1693 1678 1694
f 1692 1693 1694
f 1692 1694 1695
f 1679 1694 1678
f 1694 1679 1680
f 1694 1680 1696
f 1695 1694 1696
f 1696 1680 1681
f 1696 1681 1697
f 1696 1697 1698
f 1699 1698 1697
f 1681 1699 1697
f 1681 1683 1699
f 1699 1683 1700
f 1699 1700 1698
f 1136 1684 1686
f 1136 1686 1701
f 1684 1136 1137
f 1689 1702 1701
f 1689 1701 1686
f 1688 1689 1686
f 1703 1704 1689
f 1690 1703 1689
f 1705 1706 1704
f 1705 1704 1703
f 1691 1705 1703
f 1691 1703 1690
f 1275 1276 1706
f 1275 1706 1705
f 1258 1275 1705
f 1258 1705 1691
f 1277 1259 1692
f 1277 1692 1707
f 1707 1692 1695
f 1707 1695 1708
f 1695 1696 1709
f 1708 1695 1709
f 1708 1709 1710
f 1711 1712 1710
f 1711 1710 1709
f 1696 1711 1709
f 1711 1696 1698
f 1711 1698 1712
f 1698 1700 1713
f 1698 1713 1712
f 1712 1713 1132
f 1132 1713 1700
f 1716 1714 1715
f 1716 1715 1701
f 1701 1715 1136
f 1136 1715 1714
f 1716 1701 1717
f 1702 1717 1701
f 1702 1689 1718
f 1717 1702 1718
f 1704 1719 1718
f 1704 1718 1689
f 1706 1720 1719
f 1706 1719 1704
f 1293 1294 1721
f 1293 1721 1720
f 1276 1293 1720
f 1276 1720 1706
f 1277 1707 1722
f 1296 1277 1722
f 1296 1722 1723
f 1722 1707 1708
f 1722 1708 1724
f 1723 1722 1724
f 1723 1724 1725
f 1724 1708 1710
f 1725 1724 1710
f 1725 1710 1726
f 1710 1727 1726
f 1710 1712 1728
f 1727 1710 1728
f 1727 1728 1729
f 1712 1729 1728
f 1729 1712 1132
f 1729 1132 1730
f 1731 1112 1714
f 1732 1731 1714
f 1732 1714 1717
f 1714 1716 1717
f 1717 1733 1732
f 1717 1718 1734
f 1733 1717 1734
f 1733 1734 1735
f 1736 1735 1734
f 1719 1736 1734
f 1719 1734 1718
f 1720 268 1736
f 1720 1736 1719
f 268 1720 1721
f 1294 267 268
f 1294 268 1721
f 1311 1296 1723
f 1311 1723 1737
f 1737 1723 1725
f 1737 1725 1738
f 1739 1738 1725
f 1739 1725 1726
f 1739 1726 1740
f 1738 1739 1740
f 1727 1740 1726
f 1740 1727 1729
f 1740 1729 1741
f 1740 1741 1742
f 1741 1729 1730
f 1741 1730 1743
f 1742 1741 1743
f 1730 1094 1743
f 1731 1732 1745
f 1731 1745 1744
f 1735 272 1745
f 1735 1745 1732
f 1733 1735 1732
f 270 271 272
f 270 272 1735
f 1736 270 1735
f 269 271 270
f 268 269 270
f 268 270 1736
f 267 266 269
f 267 269 268
f 1321 1311 1737
f 1321 1737 1746
f 1746 1737 1738
f 1746 1738 1747
f 1738 1740 1748
f 1747 1738 1748
f 1748 1740 1742
f 1748 1742 1749
f 1748 1749 1750
f 1742 1750 1749
f 1742 1743 1751
f 1750 1742 1751
f 1133 1752 1750
f 1133 1750 1751
f 1743 1133 1751
f 1753 1754 1755
f 1744 1745 1753
f 1744 1753 1755
f 1745 1756 1753
f 272 245 1756
f 272 1756 1745
f 271 246 245
f 271 245 272
f 1757 1758 246
f 1757 246 271
f 269 1757 271
f 1758 1757 1759
f 1336 1337 1759
f 1336 1759 1757
f 266 1336 1757
f 266 1757 269
f 1338 1321 1746
f 1338 1746 1760
f 1340 1338 1760
f 1760 1761 1340
f 1760 1746 1747
f 1760 1747 1762
f 1761 1760 1762
f 1762 1763 1761
f 1762 1747 1748
f 1762 1748 1764
f 1763 1762 1764
f 1765 1764 1763
f 1765 1763 1764
f 1748 1765 1764
f 1765 1748 1750
f 1764 1765 1766
f 1750 1767 1766
f 1750 1766 1765
f 1768 1767 1750
f 1752 1768 1750
f 1754 1753 1769
f 1754 1769 1770
f 1771 1770 1769
f 1753 1756 247
f 1753 247 1769
f 1769 247 1771
f 245 247 1756
f 247 245 248
f 246 248 245
f 248 246 1772
f 1759 1772 246
f 1758 1759 246
f 1772 1759 1353
f 1337 1353 1759
f 1761 1773 1354
f 1761 1354 1340
f 1774 1773 1761
f 1763 1774 1761
f 1764 1766 1774
f 1764 1774 1763
f 1774 1766 1775
f 1766 1767 1776
f 1775 1766 1776
f 1775 1776 1777
f 1777 1776 1778
f 1767 1778 1776
f 1778 1767 1779
f 1778 1780 1777
f 1779 1781 1780
f 1779 1780 1778
f 1107 1782 1770
f 1107 1770 1783
f 1783 1770 1784
f 1783 1784 1785
f 1786 1787 1784
f 1786 1784 1770
f 1786 1770 1771
f 1786 1771 247
f 1786 247 1788
f 1787 1786 1788
f 1788 247 248
f 1788 248 249
f 249 248 1772
f 249 1772 250
f 1772 1353 1371
f 250 1772 1371
f 250 1371 252
f 1789 1373 1372
f 1773 1789 1372
f 1773 1372 1354
f 1774 1790 1789
f 1774 1789 1773
f 1789 1790 1791
f 1790 1774 1775
f 1790 1775 1792
f 1775 1793 1792
f 1780 1793 1775
f 1777 1780 1775
f 1780 1794 1793
f 1780 1781 1795
f 1780 1795 1796
f 1794 1780 1796
f 1797 1796 1795
f 1798 1102 1134
f 1134 1135 1799
f 1800 1783 1801
f 1801 1783 1785
f 1785 1784 1801
f 1801 1784 1802
f 1784 1787 1802
f 1802 1787 1803
f 1804 1803 1787
f 249 1804 1787
f 249 1787 1788
f 1804 249 250
f 1804 250 251
f 251 252 253
f 1789 1805 1390
f 1789 1390 1373
f 1805 1789 1791
f 1805 1791 1806
f 1792 1806 1805
f 1792 1805 1806
f 1790 1792 1806
f 1790 1806 1791
f 1806 1792 1807
f 1807 1792 1793
f 1808 1807 1793
f 1794 1808 1793
f 1810 1809 1808
f 1796 1810 1808
f 1796 1808 1794
f 1810 1796 1811
f 1809 1810 1811
f 1811 1812 1809
f 1812 1811 1813
f 1815 1816 1813
f 1815 1813 1814
f 1818 1819 1817
f 1818 1817 1815
f 1818 1815 1801
f 1820 1819 1818
f 1820 1818 1801
f 1801 1802 1820
f 1802 1819 1820
f 1819 1802 1821
f 1822 1821 1802
f 1822 1802 1803
f 1822 1803 1804
f 1824 1823 1822
f 251 1824 1822
f 251 1822 1804
f 1824 251 253
f 1824 253 1411
f 1823 1824 1411
f 1823 1411 1412
f 1805 1825 1413
f 1805 1413 1390
f 1806 1825 1805
f 1825 1806 1807
f 1826 1825 1807
f 1807 1808 1827
f 1808 1809 1827
f 1809 1812 1813
f 1809 1813 1829
f 1828 1809 1829
f 1829 1813 1830
f 1816 1830 1813
f 1830 1816 1815
f 1817 1830 1815
f 1819 1831 1830
f 1819 1830 1817
f 1831 1819 1832
f 1819 1833 1832
f 1833 1819 1821
f 1822 1821 1833
f 1822 1833 1821
f 1833 1821 1834
f 1822 1834 1821
f 1834 1822 1823
f 1823 1424 1834
f 1424 1823 1412
f 1425 1413 1825
f 1425 1825 1835
f 1835 1825 1836
f 1836 1825 1835
f 1826 1835 1825
f 1807 1835 1826
f 1835 1807 1827
f 1809 1837 1827
f 1837 1809 1828
f 1829 1837 1828
f 1837 1829 1838
f 1839 1837 1838
f 1829 1839 1838
f 1839 1829 1830
f 1831 1839 1830
f 1839 1831 1832
f 1832 1833 1840
f 1840 1833 1841
f 1841 1833 1834
f 1433 1841 1834
f 1433 1834 1424
f 1596 1605 1604
f 1614 1613 1612
f 1616 1601 1603
f 1616 1603 1618
f 1616 1618 1617
f 1596 1604 1595
f 1609 1608 1607
f 1614 1612 1600
f 1604 1619 1174
f 1604 1174 1156
f 1619 1604 1605
f 1619 1605 1622
f 1606 1624 1622
f 1606 1622 1605
f 1596 1606 1605
f 1624 1606 1626
f 1628 1606 1608
f 1628 1608 1629
f 1609 1629 1608
f 1611 1138 1631
f 1611 1631 1609
f 1138 1611 1632
f 1632 1611 1612
f 1632 1612 1633
f 1612 1613 1636
f 1635 1612 1636
f 1615 1636 1613
f 1615 1640 1636
f 1601 1640 1615
f 1640 1601 1616
f 1616 1617 1643
f 1618 1645 1643
f 1618 1643 1617
f 1645 1618 1172
f 1645 1172 1205
f 1595 1604 1156
f 1595 1156 1144
f 828 1606 1596
f 1606 828 1597
f 1607 1606 1597
f 1598 1609 1607
f 1611 1610 1609
f 670 1611 1609
f 670 1609 1598
f 1611 670 1599
f 1600 1612 1611
f 1600 1611 1599
f 1601 1602 1603
f 1618 1603 1154
f 1618 1154 1172
f 1598 1607 1597
f 1600 662 1842
f 1614 1600 1842
f 1614 1842 1615
f 1601 1615 1842
f 662 1601 1842
f 1599 670 668
f 1600 1599 668
f 1602 662 659
f 1155 1602 1154
f 660 1154 1602
f 659 660 1602
f 1779 1768 1097
f 1779 1097 1098
f 1100 1797 1795
f 1797 1100 1798
f 1102 1798 1100
f 1103 1135 1134
f 1800 1135 1783
f 1782 1107 1109
f 1782 1109 1754
f 1770 1782 1754
f 1744 1110 1111
f 1137 1136 1117
f 1668 1137 1119
f 1119 1658 1668
f 1657 1668 1658
f 1627 1139 1656
f 1656 1139 1655
f 1654 1655 1667
f 1094 1095 1133
f 1779 1098 1099
f 1779 1099 1795
f 1795 1099 1100
f 1117 1119 1137
f 1120 1121 1637
f 1637 1121 1122
f 1128 1130 1667
f 1091 1683 1090
f 1090 1683 1131
f 1127 1138 1125
f 1094 1132 1093
f 1714 1112 1115
f 1105 1107 1783
f 1127 1126 1139
f 1130 1089 1131
f 1667 1130 1131
f 1131 1089 1090
f 1134 1102 1103
f 1835 1843 1425
f 1835 1827 1837
f 1835 1837 1843
f 1837 1844 1843
f 1839 1844 1837
f 1839 1837 1845
f 1837 1839 1845
f 1839 1846 1844
f 1840 1846 1832
f 1839 1832 1846
f 1433 1439 1840
f 1433 1840 1841
f 1440 1846 1840
f 1440 1840 1439
f 1844 1846 1440
f 1844 1440 1442
f 1843 1844 1442
f 1843 1442 1441
f 1441 1425 1843
f 1091 1700 1683
f 1097 1768 1133
f 1133 1768 1752
f 1767 1768 1779
f 1655 1128 1667
f 1655 1139 1128
f 1127 1139 1630
f 1631 1138 1127
f 1634 1122 1123
f 1637 1122 1634
f 1658 1120 1637
f 1119 1120 1658
f 1110 1744 1755
f 1754 1109 1110
f 1754 1110 1755
f 1783 1135 1105
f 1781 1779 1795
f 1849 1847 1848
f 1849 1848 1850
f 1852 1853 1851
f 1850 1852 1851
f 1854 1851 1853
f 1853 1855 1854
f 1855 1856 1854
f 1861 1859 1862
f 1860 1862 1859
f 1863 1862 1864
f 1865 1864 1862
f 1865 1867 1866
f 1865 1866 1864
f 1867 1869 1868
f 1867 1868 1866
f 1870 1868 1871
f 1869 1871 1868
f 1871 1873 1872
f 1873 1874 1872
f 1877 1876 1875
f 1879 1878 1877
f 1879 1880 1878
f 1881 1878 1880
f 1883 1882 1881
f 1883 1881 1880
f 1884 1882 1848
f 1847 1884 1848
f 1849 1886 1885
f 1849 1885 1847
f 1850 1887 1849
f 1886 1849 1887
f 1886 1887 1055
f 1887 1850 1851
f 1851 1056 1055
f 1851 1055 1887
f 1056 1851 1888
f 1056 1888 1057
f 1851 1854 1888
f 1854 1057 1888
f 1057 1854 1059
f 1889 1059 1854
f 1889 1854 1856
f 1890 1891 1059
f 1890 1059 1889
f 1856 1890 1889
f 1856 1857 1858
f 1856 1858 1890
f 1891 1890 1858
f 1891 1858 1892
f 1858 1063 1892
f 1858 1857 1859
f 1858 1859 1893
f 1063 1858 1893
f 1063 1893 1064
f 1894 1064 1893
f 1859 1894 1893
f 1859 1861 1894
f 1064 1894 1861
f 1861 1895 1064
f 1895 1861 1066
f 1896 1066 1861
f 1862 1896 1861
f 1896 1862 1863
f 1863 1066 1896
f 1066 1863 1068
f 1897 1069 1068
f 1897 1068 1863
f 1897 1863 1864
f 1897 1864 1866
f 1897 1866 1898
f 1069 1897 1898
f 1069 1898 1899
f 1900 1073 1899
f 1900 1899 1898
f 1868 1900 1898
f 1868 1898 1866
f 1868 1870 1900
f 1073 1900 1870
f 1073 1870 1074
f 1870 1076 1074
f 1076 1870 1901
f 1871 1901 1870
f 1871 1872 1901
f 1076 1901 1872
f 1872 1902 1076
f 1902 1872 1078
f 1903 1078 1872
f 1903 1872 1874
f 1903 1874 1904
f 1078 1903 1904
f 1904 1079 1078
f 1876 1079 1904
f 1875 1876 1904
f 1875 1904 1874
f 1079 1876 1905
f 1906 1907 1905
f 1906 1905 1876
f 1906 1876 1877
f 1906 1877 1908
f 1907 1906 1908
f 1907 1908 1083
f 1878 1908 1877
f 1083 1908 1878
f 1878 1085 1083
f 1085 1878 1909
f 1909 1878 1881
f 1881 1086 1085
f 1881 1085 1909
f 1086 1881 1910
f 1086 1910 1087
f 1881 1882 1910
f 1884 1911 1087
f 1884 1087 1910
f 1884 1910 1882
f 1911 1884 1847
f 1911 1847 1885
f 1886 1054 1053
f 1886 1053 1885
f 1054 1886 1055
f 1056 1057 1058
f 1058 1057 1059
f 1141 1059 1891
f 1141 1891 1060
f 1060 1891 1892
f 1892 1061 1060
f 1063 1062 1061
f 1063 1061 1892
f 1895 1065 1064
f 1065 1895 1066
f 1067 1066 1068
f 1070 1069 1899
f 1070 1899 1071
f 1073 1072 1071
f 1073 1071 1899
f 1076 1075 1074
f 1902 1077 1076
f 1077 1902 1078
f 1080 1079 1905
f 1080 1905 1081
f 1081 1905 1082
f 1907 1082 1905
f 1083 1082 1907
f 1085 1084 1083
f 1085 1086 1084
f 1911 1088 1087
f 1088 1911 1885
f 1088 1885 1053
f 1074 1072 1073
f 1072 1074 1073
f 1055 1054 1140
f 1058 1057 1056
f 1060 1059 1141
f 1064 1063 1062
f 1071 1069 1070
f 1073 1071 1072
f 1079 1078 1080
f 1083 1082 1142
f 1085 1084 1086
f 1088 1087 1143
f 1595 1144 1508
f 1595 1508 1912
f 1912 824 823
f 1912 823 1595
f 824 827 828
f 824 828 823
f 1597 829 828
f 829 670 1598
f 664 1600 662
f 1842 662 1600
f 662 660 659
f 1154 660 658
f 660 658 1154
f 660 1154 658
f 845 843 1510
f 845 1510 1913
f 1512 1914 1913
f 1512 1913 1510
f 845 1913 872
f 845 872 874
f 1914 876 874
f 1914 874 872
f 1914 872 1913
f 848 845 874
f 848 874 1915
f 1916 848 1915
f 849 850 1916
f 849 1916 881
f 1917 879 881
f 1917 881 1916
f 1915 1917 1916
f 1918 849 881
f 853 1918 881
f 853 881 880
f 1129 880 881
f 879 1129 881
f 853 880 1126
f 1129 885 1126
f 1129 1126 880
f 698 853 1126
f 698 1126 883
f 885 883 1126
f 698 883 1124
f 728 1919 1124
f 728 1124 883
f 696 698 1124
f 1920 696 1124
f 728 725 1124
f 1919 728 1124
f 1920 1124 727
f 694 1920 727
f 725 727 1124
f 694 727 1122
f 694 1122 693
f 724 693 1122
f 724 1122 727
f 1120 722 693
f 724 1120 693
f 1921 693 722
f 1921 722 1922
f 1923 720 1922
f 722 1923 1922
f 687 1922 1924
f 720 1924 1922
f 686 687 1924
f 686 1924 716
f 1925 1926 716
f 1925 716 1924
f 685 686 716
f 685 716 715
f 1926 1526 715
f 1926 715 716
f 905 1927 1527
f 905 1527 902
f 939 906 904
f 939 904 905
f 1927 905 904
f 1928 906 939
f 1929 1928 939
f 910 1699 1928
f 946 910 1928
f 946 1928 944
f 1928 1929 944
f 1090 910 946
f 1699 910 909
f 949 913 1089
f 910 1090 949
f 909 910 949
f 909 949 1089
f 1930 886 913
f 1931 1930 913
f 1931 913 949
f 886 1930 1932
f 958 917 954
f 1930 954 917
f 1932 1930 917
f 769 768 1933
f 917 958 769
f 917 769 1933
f 805 766 768
f 769 805 768
f 804 1934 766
f 766 805 804
f 1902 762 1935
f 1936 1902 1935
f 804 1936 1935
f 1934 804 1935
f 1116 761 800
f 1902 1936 800
f 1902 800 761
f 762 1902 761
f 762 761 1118
f 758 1118 1116
f 1118 761 1116
f 797 1937 758
f 758 1116 797
f 1937 797 794
f 758 1937 794
f 758 794 1938
f 794 1940 753
f 1938 794 753
f 1938 753 1939
f 1942 751 1940
f 753 1940 751
f 1939 753 751
f 1939 751 1941
f 789 1275 1942
f 751 1942 1275
f 1941 751 1275
f 1941 1275 749
f 1545 1546 1722
f 1545 1722 1943
f 902 1545 1943
f 902 1943 905
f 943 1944 1945
f 1943 1722 1945
f 1943 1945 1944
f 905 1943 1944
f 905 1944 939
f 945 1929 939
f 945 939 943
f 939 1944 943
f 946 944 945
f 1946 946 945
f 1929 945 944
f 1092 1090 946
f 1093 1092 946
f 1093 946 1947
f 946 1946 1947
f 1090 1092 949
f 1092 951 1948
f 1092 1948 1931
f 949 1092 1931
f 955 954 1930
f 1931 1948 1949
f 1931 1949 955
f 1931 955 1930
f 958 954 955
f 956 958 955
f 807 769 958
f 1950 807 958
f 1950 958 1951
f 958 956 1951
f 802 805 807
f 806 802 807
f 769 807 805
f 803 802 806
f 805 802 804
f 1952 1936 803
f 804 802 803
f 804 803 1936
f 799 1116 800
f 799 800 1953
f 799 1953 1952
f 1936 1952 1953
f 1936 1953 800
f 1115 1116 799
f 1114 1115 799
f 1954 797 796
f 1115 1114 796
f 1115 796 797
f 1116 1115 797
f 797 1954 1956
f 797 1956 1955
f 797 1955 794
f 794 1955 791
f 794 791 1940
f 790 1942 1940
f 790 1940 791
f 1957 790 791
f 1957 791 1958
f 788 789 1942
f 788 1942 790
f 1562 788 790
f 1562 790 1957
f 1927 1914 1512
f 1927 1512 1527
f 906 876 1914
f 906 1914 904
f 1914 1927 904
f 1959 874 876
f 1928 1959 876
f 1928 876 906
f 1699 1959 1928
f 874 1959 1915
f 909 879 1917
f 1959 1699 909
f 1915 1959 909
f 1915 909 1917
f 913 1130 879
f 913 879 1089
f 909 1089 879
f 1130 913 886
f 879 1130 886
f 879 886 1129
f 1960 885 1129
f 1960 1129 886
f 1932 1960 886
f 1933 883 885
f 1933 885 1960
f 917 1933 1960
f 917 1960 1932
f 1933 1919 728
f 883 1933 728
f 1961 725 728
f 766 1961 768
f 1933 768 1961
f 1919 1933 1961
f 1919 1961 728
f 1934 724 727
f 1961 766 1934
f 725 1961 1934
f 725 1934 727
f 762 763 724
f 762 724 1935
f 1934 1935 724
f 763 722 1120
f 763 762 1118
f 724 763 1120
f 1923 722 757
f 758 1923 757
f 758 757 1118
f 763 1118 757
f 722 763 757
f 1938 720 1923
f 758 1938 1923
f 1938 1924 720
f 752 1925 1924
f 1938 1939 752
f 1924 1938 752
f 752 1939 1941
f 752 1941 718
f 1925 752 718
f 1925 718 1926
f 718 1941 749
f 718 749 714
f 1926 718 714
f 1926 714 1526
f 845 1912 1508
f 845 1508 843
f 1962 824 1912
f 848 1962 1912
f 1912 845 848
f 1916 827 1962
f 1916 1962 848
f 824 1962 827
f 849 828 827
f 849 827 850
f 827 1916 850
f 849 1597 828
f 853 829 1597
f 853 1597 1918
f 849 1918 1597
f 829 853 1963
f 698 670 829
f 698 829 1963
f 1963 853 698
f 1964 670 698
f 1920 670 1964
f 1920 1964 696
f 1964 698 696
f 670 1920 668
f 667 1600 668
f 667 668 1920
f 694 667 1920
f 693 1842 694
f 667 694 1842
f 1600 667 1842
f 1921 662 1842
f 1842 693 1921
f 1922 688 1921
f 662 1921 688
f 688 660 662
f 688 1922 687
f 686 660 687
f 688 687 660
f 660 686 685
f 660 685 658
f 1743 1094 1133
f 1730 1132 1094
f 1132 1700 1091
f 1633 1123 1138
f 1633 1634 1123
f 1055 1886 1054
f 1059 1060 1891
f 1063 1061 1062
f 1069 1071 1899
f 1071 1073 1899
f 1081 1079 1080
f 1082 1083 1907
f 1911 1087 1088
f 1136 1714 1115
f 1112 1731 1744
f 1112 1744 1111
f 1798 1811 1796
f 1797 1798 1796
f 1811 1798 1134
f 1811 1134 1813
f 1134 1814 1813
f 1815 1814 1134
f 1815 1134 1799
f 1135 1965 1799
f 1799 1965 1815
f 1801 1815 1965
f 1801 1965 1135
f 1801 1135 1800
f 1966 1967 1968
f 1966 1968 1969
f 1971 1967 1970
f 1971 1970 1972
f 1974 1971 1975
f 1972 1975 1971
f 1978 1977 1974
f 1978 1979 1977
f 1967 1971 1980
f 1967 1980 1968
f 1980 1971 1974
f 1980 1974 1977
f 1983 1982 1968
f 1968 1982 1969
f 1983 1852 1982
f 1983 1985 1984
f 1984 1985 1986
f 1986 1987 1984
f 1986 1985 1988
f 1986 1988 1989
f 1990 1865 1988
f 1990 1988 1977
f 1990 1977 1979
f 1977 1988 1985
f 1983 1968 1980
f 1983 1980 1985
f 1977 1985 1980
f 1852 1969 1982
f 1981 1969 1852
f 1981 1852 1850
f 1981 1850 1848
f 1855 1853 1983
f 1855 1983 1984
f 1852 1983 1853
f 1987 1856 1855
f 1987 1855 1984
f 1987 1857 1856
f 1859 1857 1987
f 1859 1987 1860
f 1860 1987 1986
f 1986 1989 1860
f 1988 1860 1989
f 1988 1865 1860
f 1860 1865 1862
f 1865 1990 1979
f 1865 1979 1867
f 1869 1979 1978
f 1867 1979 1869
f 1974 1869 1978
f 1873 1871 1869
f 1976 1873 1869
f 1976 1869 1974
f 1976 1974 1873
f 1873 1974 1975
f 1873 1975 1972
f 1972 1973 1873
f 1874 1873 1973
f 1874 1973 1875
f 1877 1875 1973
f 1877 1973 1879
f 1972 1879 1973
f 1972 1970 1879
f 1879 1970 1967
f 1879 1967 1880
f 1967 1966 1883
f 1967 1883 1880
f 1848 1882 1981
f 1883 1966 1969
f 1883 1969 1981
f 1883 1981 1882
