# Blender 4.2.0
# www.blender.org
mtllib Skito1_Collection.mtl
o Cube
v -0.574496 -1.090094 -1.584424
v -0.574496 -0.962584 -1.584424
v -0.574496 -1.090094 -1.651912
v -0.574496 -0.962584 -1.651912
v -0.190455 -1.090094 -1.584424
v -0.190455 -0.962584 -1.584424
v -0.190455 -1.090094 -1.651912
v -0.190455 -0.962584 -1.651912
vn -1.0000 -0.0000 -0.0000
vn -0.0000 -0.0000 -1.0000
vn 1.0000 -0.0000 -0.0000
vn -0.0000 -0.0000 1.0000
vn -0.0000 -1.0000 -0.0000
vn -0.0000 1.0000 -0.0000
vt 0.375000 0.000000
vt 0.625000 0.000000
vt 0.625000 0.250000
vt 0.375000 0.250000
vt 0.625000 0.500000
vt 0.375000 0.500000
vt 0.625000 0.750000
vt 0.375000 0.750000
vt 0.625000 1.000000
vt 0.375000 1.000000
vt 0.125000 0.500000
vt 0.125000 0.750000
vt 0.875000 0.500000
vt 0.875000 0.750000
s 0
f 1/1/1 2/2/1 4/3/1 3/4/1
f 3/4/2 4/3/2 8/5/2 7/6/2
f 7/6/3 8/5/3 6/7/3 5/8/3
f 5/8/4 6/7/4 2/9/4 1/10/4
f 3/11/5 7/6/5 5/8/5 1/12/5
f 8/5/6 4/13/6 2/14/6 6/7/6
o Cylinder
v 0.189545 -0.652743 -1.638318
v 0.105620 -0.694239 -1.635972
v 0.176060 -0.628385 -1.644534
v 0.095663 -0.676254 -1.640562
v 0.160643 -0.604511 -1.642050
v 0.084280 -0.658627 -1.638728
v 0.144804 -0.583457 -1.631109
v 0.072586 -0.643082 -1.630649
v 0.130095 -0.567285 -1.612781
v 0.061725 -0.631141 -1.617117
v 0.117953 -0.557577 -1.588860
v 0.052761 -0.623974 -1.599455
v 0.109569 -0.555284 -1.561689
v 0.046570 -0.622281 -1.579394
v 0.105763 -0.560631 -1.533926
v 0.043760 -0.626229 -1.558896
v 0.106907 -0.573094 -1.508290
v 0.044604 -0.635430 -1.539968
v 0.112889 -0.591452 -1.487290
v 0.049021 -0.648985 -1.524462
v 0.123124 -0.613910 -1.472981
v 0.056578 -0.665566 -1.513897
v 0.136610 -0.638268 -1.466764
v 0.066535 -0.683551 -1.509308
v 0.152026 -0.662142 -1.469248
v 0.077918 -0.701178 -1.511142
v 0.167865 -0.683196 -1.480190
v 0.089612 -0.716723 -1.519220
v 0.182574 -0.699368 -1.498518
v 0.100473 -0.728664 -1.532752
v 0.194716 -0.709076 -1.522439
v 0.109437 -0.735831 -1.550414
v 0.203100 -0.711369 -1.549610
v 0.115628 -0.737524 -1.570475
v 0.206906 -0.706022 -1.577372
v 0.118438 -0.733576 -1.590974
v 0.205763 -0.693559 -1.603009
v 0.117594 -0.724375 -1.609902
v 0.199780 -0.675201 -1.624009
v 0.113177 -0.710820 -1.625407
v 0.100824 -0.674961 -1.663820
v 0.114310 -0.699319 -1.657603
v 0.085407 -0.651087 -1.661336
v 0.069569 -0.630033 -1.650394
v 0.054859 -0.613861 -1.632066
v 0.042718 -0.604153 -1.608145
v 0.034334 -0.601860 -1.580974
v 0.030527 -0.607207 -1.553212
v 0.031671 -0.619670 -1.527575
v 0.037653 -0.638028 -1.506575
v 0.047888 -0.660486 -1.492266
v 0.061374 -0.684844 -1.486050
v 0.076791 -0.708718 -1.488534
v 0.092629 -0.729772 -1.499475
v 0.107339 -0.745944 -1.517803
v 0.119480 -0.755652 -1.541724
v 0.127864 -0.757945 -1.568895
v 0.131671 -0.752598 -1.596658
v 0.130527 -0.740135 -1.622294
v 0.124545 -0.721777 -1.643294
v 0.051563 -0.703555 -1.651866
v 0.061520 -0.721540 -1.647276
v 0.040180 -0.685928 -1.650032
v 0.028486 -0.670383 -1.641953
v 0.017625 -0.658442 -1.628421
v 0.008661 -0.651275 -1.610760
v 0.002470 -0.649582 -1.590698
v -0.000340 -0.653530 -1.570200
v 0.000505 -0.662731 -1.551272
v 0.004921 -0.676286 -1.535766
v 0.012478 -0.692867 -1.525202
v 0.022435 -0.710852 -1.520612
v 0.033818 -0.728479 -1.522446
v 0.045512 -0.744024 -1.530524
v 0.056373 -0.755965 -1.544057
v 0.065337 -0.763132 -1.561718
v 0.071528 -0.764825 -1.581780
v 0.074338 -0.760877 -1.602278
v 0.073494 -0.751676 -1.621206
v 0.069077 -0.738121 -1.636711
v -0.128667 -0.811945 -1.656910
v -0.124618 -0.819259 -1.655044
v -0.133296 -0.804777 -1.656165
v -0.138052 -0.798455 -1.652879
v -0.142468 -0.793600 -1.647376
v -0.146114 -0.790685 -1.640194
v -0.148631 -0.789997 -1.632036
v -0.149774 -0.791602 -1.623700
v -0.149431 -0.795344 -1.616003
v -0.147634 -0.800856 -1.609697
v -0.144561 -0.807599 -1.605401
v -0.140512 -0.814913 -1.603534
v -0.135883 -0.822081 -1.604280
v -0.131128 -0.828402 -1.607566
v -0.126711 -0.833258 -1.613069
v -0.123066 -0.836173 -1.620251
v -0.120548 -0.836861 -1.628409
v -0.119405 -0.835256 -1.636745
v -0.119749 -0.831514 -1.644442
v -0.121545 -0.826002 -1.650748
vn 0.2939 -0.0804 -0.9525
vn 0.1334 0.1874 -0.9732
vn -0.0401 0.4369 -0.8986
vn -0.2097 0.6435 -0.7361
vn -0.3588 0.7872 -0.5016
vn -0.4727 0.8538 -0.2179
vn -0.5404 0.8369 0.0871
vn -0.5552 0.7380 0.3835
vn -0.5156 0.5669 0.6425
vn -0.4256 0.3403 0.8385
vn -0.2939 0.0804 0.9525
vn -0.1334 -0.1874 0.9732
vn 0.0401 -0.4369 0.8986
vn 0.2097 -0.6435 0.7361
vn 0.3588 -0.7872 0.5016
vn 0.4727 -0.8538 0.2179
vn 0.5404 -0.8369 -0.0871
vn 0.5552 -0.7380 -0.3835
vn 0.5156 -0.5669 -0.6425
vn 0.4256 -0.3403 -0.8385
vn 0.8308 0.5143 0.2129
vn -0.8308 -0.5143 -0.2129
vn -0.1953 0.3326 -0.9226
vn 0.3895 -0.8214 -0.4167
vn -0.4445 -0.0176 0.8956
vn -0.3618 0.5356 -0.7630
vn 0.3506 -0.6533 -0.6710
vn -0.2869 -0.2806 0.9159
vn -0.5083 0.6767 -0.5326
vn 0.2622 -0.4307 -0.8636
vn -0.1165 -0.5256 0.8427
vn -0.6202 0.7422 -0.2540
vn 0.0501 -0.7286 0.6831
vn -0.6867 0.7255 0.0456
vn 0.1965 -0.8697 0.4527
vn -0.7012 0.6284 0.3368
vn 0.1328 -0.1754 -0.9755
vn 0.3085 -0.9352 0.1741
vn -0.6623 0.4603 0.5911
vn -0.0248 0.0876 -0.9958
vn 0.3749 -0.9185 -0.1255
vn -0.5739 0.2377 0.7837
vt 1.000000 0.500000
vt 1.000000 1.000000
vt 0.950000 1.000000
vt 0.950000 0.500000
vt 0.900000 1.000000
vt 0.900000 0.500000
vt 0.850000 1.000000
vt 0.850000 0.500000
vt 0.800000 1.000000
vt 0.800000 0.500000
vt 0.750000 1.000000
vt 0.750000 0.500000
vt 0.700000 1.000000
vt 0.700000 0.500000
vt 0.650000 1.000000
vt 0.650000 0.500000
vt 0.600000 1.000000
vt 0.600000 0.500000
vt 0.550000 1.000000
vt 0.550000 0.500000
vt 0.500000 1.000000
vt 0.500000 0.500000
vt 0.450000 1.000000
vt 0.450000 0.500000
vt 0.400000 1.000000
vt 0.400000 0.500000
vt 0.350000 1.000000
vt 0.350000 0.500000
vt 0.300000 1.000000
vt 0.300000 0.500000
vt 0.250000 1.000000
vt 0.250000 0.500000
vt 0.200000 1.000000
vt 0.200000 0.500000
vt 0.150000 1.000000
vt 0.150000 0.500000
vt 0.100000 1.000000
vt 0.100000 0.500000
vt 0.418528 0.195242
vt 0.427201 0.250000
vt 0.427201 0.250000
vt 0.418528 0.195242
vt 0.050000 1.000000
vt 0.050000 0.500000
vt -0.000000 1.000000
vt -0.000000 0.500000
vt 0.750000 0.490000
vt 0.824164 0.478254
vt 0.891068 0.444164
vt 0.944164 0.391068
vt 0.978254 0.324164
vt 0.990000 0.250000
vt 0.978254 0.175836
vt 0.944164 0.108932
vt 0.891068 0.055836
vt 0.824164 0.021746
vt 0.750000 0.010000
vt 0.675836 0.021746
vt 0.608932 0.055836
vt 0.555836 0.108932
vt 0.521746 0.175836
vt 0.510000 0.250000
vt 0.521746 0.324164
vt 0.555836 0.391068
vt 0.608932 0.444164
vt 0.675836 0.478254
vt 0.250000 0.427201
vt 0.304758 0.418528
vt 0.324164 0.478254
vt 0.250000 0.490000
vt 0.354156 0.393359
vt 0.391068 0.444164
vt 0.393359 0.354156
vt 0.444164 0.391068
vt 0.418528 0.304758
vt 0.478254 0.324164
vt 0.490000 0.250000
vt 0.478254 0.175836
vt 0.393359 0.145844
vt 0.444164 0.108932
vt 0.354156 0.106641
vt 0.391068 0.055836
vt 0.304758 0.081472
vt 0.324164 0.021746
vt 0.250000 0.072799
vt 0.250000 0.010000
vt 0.195242 0.081472
vt 0.175836 0.021746
vt 0.145844 0.106641
vt 0.108932 0.055836
vt 0.106641 0.145844
vt 0.055836 0.108932
vt 0.081472 0.195242
vt 0.021746 0.175836
vt 0.072799 0.250000
vt 0.010000 0.250000
vt 0.081472 0.304758
vt 0.021746 0.324164
vt 0.106641 0.354156
vt 0.055836 0.391068
vt 0.145844 0.393359
vt 0.108932 0.444164
vt 0.195242 0.418528
vt 0.175836 0.478254
vt 0.393359 0.354156
vt 0.354156 0.393359
vt 0.106641 0.145844
vt 0.081472 0.195242
vt 0.393359 0.145844
vt 0.072799 0.250000
vt 0.354156 0.106641
vt 0.250000 0.427201
vt 0.304758 0.418528
vt 0.081472 0.304758
vt 0.304758 0.081472
vt 0.106641 0.354156
vt 0.250000 0.072799
vt 0.145844 0.393359
vt 0.418528 0.304758
vt 0.145844 0.106641
s 0
f 9/15/7 50/16/7 49/17/7 11/18/7
f 11/18/8 49/17/8 51/19/8 13/20/8
f 13/20/9 51/19/9 52/21/9 15/22/9
f 15/22/10 52/21/10 53/23/10 17/24/10
f 17/24/11 53/23/11 54/25/11 19/26/11
f 19/26/12 54/25/12 55/27/12 21/28/12
f 21/28/13 55/27/13 56/29/13 23/30/13
f 23/30/14 56/29/14 57/31/14 25/32/14
f 25/32/15 57/31/15 58/33/15 27/34/15
f 27/34/16 58/33/16 59/35/16 29/36/16
f 29/36/17 59/35/17 60/37/17 31/38/17
f 31/38/18 60/37/18 61/39/18 33/40/18
f 33/40/19 61/39/19 62/41/19 35/42/19
f 35/42/20 62/41/20 63/43/20 37/44/20
f 37/44/21 63/43/21 64/45/21 39/46/21
f 39/46/22 64/45/22 65/47/22 41/48/22
f 41/48/23 65/47/23 66/49/23 43/50/23
f 43/50/24 66/49/24 67/51/24 45/52/24
f 22/53/12 20/54/12 74/55/12 75/56/12
f 45/52/25 67/51/25 68/57/25 47/58/25
f 47/58/26 68/57/26 50/59/26 9/60/26
f 9/61/27 11/62/27 13/63/27 15/64/27 17/65/27 19/66/27 21/67/27 23/68/27 25/69/27 27/70/27 29/71/27 31/72/27 33/73/27 35/74/27 37/75/27 39/76/27 41/77/27 43/78/27 45/79/27 47/80/27
f 10/81/28 12/82/28 49/83/28 50/84/28
f 12/82/28 14/85/28 51/86/28 49/83/28
f 14/85/28 16/87/28 52/88/28 51/86/28
f 16/87/28 18/89/28 53/90/28 52/88/28
f 18/89/28 20/54/28 54/91/28 53/90/28
f 20/54/28 22/53/28 55/92/28 54/91/28
f 22/53/28 24/93/28 56/94/28 55/92/28
f 24/93/28 26/95/28 57/96/28 56/94/28
f 26/95/28 28/97/28 58/98/28 57/96/28
f 28/97/28 30/99/28 59/100/28 58/98/28
f 30/99/28 32/101/28 60/102/28 59/100/28
f 32/101/28 34/103/28 61/104/28 60/102/28
f 34/103/28 36/105/28 62/106/28 61/104/28
f 36/105/28 38/107/28 63/108/28 62/106/28
f 38/107/28 40/109/28 64/110/28 63/108/28
f 40/109/28 42/111/28 65/112/28 64/110/28
f 42/111/28 44/113/28 66/114/28 65/112/28
f 44/113/28 46/115/28 67/116/28 66/114/28
f 46/115/28 48/117/28 68/118/28 67/116/28
f 48/117/28 10/81/28 50/84/28 68/118/28
f 72/119/29 71/120/29 91/120/29 92/119/29
f 38/107/20 36/105/20 82/121/20 83/122/20
f 24/93/13 22/53/13 75/56/13 76/123/13
f 40/109/21 38/107/21 83/122/21 84/124/21
f 26/95/14 24/93/14 76/123/14 77/125/14
f 12/82/7 10/81/7 70/126/7 69/127/7
f 42/111/22 40/109/22 84/124/22 85/128/22
f 28/97/15 26/95/15 77/125/15 78/129/15
f 14/85/8 12/82/8 69/127/8 71/120/8
f 44/113/23 42/111/23 85/128/23 86/130/23
f 30/99/16 28/97/16 78/129/16 79/131/16
f 16/87/9 14/85/9 71/120/9 72/119/9
f 46/115/24 44/113/24 86/130/24 87/132/24
f 32/101/17 30/99/17 79/131/17 80/101/17
f 18/89/10 16/87/10 72/119/10 73/133/10
f 48/117/25 46/115/25 87/132/25 88/117/25
f 34/103/18 32/101/18 80/101/18 81/134/18
f 20/54/11 18/89/11 73/133/11 74/55/11
f 10/81/26 48/117/26 88/117/26 70/126/26
f 36/105/19 34/103/19 81/134/19 82/121/19
f 89/127/28 90/126/28 108/117/28 107/132/28 106/130/28 105/128/28 104/124/28 103/122/28 102/121/28 101/134/28 100/101/28 99/131/28 98/129/28 97/125/28 96/123/28 95/56/28 94/55/28 93/133/28 92/119/28 91/120/28
f 87/132/30 86/130/30 106/130/30 107/132/30
f 80/101/31 79/131/31 99/131/31 100/101/31
f 73/133/32 72/119/32 92/119/32 93/133/32
f 88/117/33 87/132/33 107/132/33 108/117/33
f 81/134/34 80/101/34 100/101/34 101/134/34
f 74/55/35 73/133/35 93/133/35 94/55/35
f 70/126/36 88/117/36 108/117/36 90/126/36
f 82/121/37 81/134/37 101/134/37 102/121/37
f 75/56/38 74/55/38 94/55/38 95/56/38
f 83/122/39 82/121/39 102/121/39 103/122/39
f 76/123/40 75/56/40 95/56/40 96/123/40
f 84/124/41 83/122/41 103/122/41 104/124/41
f 77/125/42 76/123/42 96/123/42 97/125/42
f 69/127/43 70/126/43 90/126/43 89/127/43
f 85/128/44 84/124/44 104/124/44 105/128/44
f 78/129/45 77/125/45 97/125/45 98/129/45
f 71/120/46 69/127/46 89/127/46 91/120/46
f 86/130/47 85/128/47 105/128/47 106/130/47
f 79/131/48 78/129/48 98/129/48 99/131/48
o Cylinder.001
v 0.156335 -0.631409 -1.443454
v 0.081099 -0.681820 -1.443454
v 0.140650 -0.608001 -1.438991
v 0.065415 -0.658412 -1.438991
v 0.126501 -0.586885 -1.426040
v 0.051266 -0.637296 -1.426040
v 0.115273 -0.570127 -1.405868
v 0.040037 -0.620537 -1.405868
v 0.108064 -0.559367 -1.380449
v 0.032828 -0.609778 -1.380449
v 0.105579 -0.555660 -1.352273
v 0.030344 -0.606071 -1.352273
v 0.108064 -0.559367 -1.324096
v 0.032828 -0.609778 -1.324096
v 0.115273 -0.570127 -1.298677
v 0.040037 -0.620537 -1.298677
v 0.126501 -0.586885 -1.278505
v 0.051266 -0.637296 -1.278505
v 0.140650 -0.608001 -1.265554
v 0.065415 -0.658412 -1.265554
v 0.156335 -0.631409 -1.261091
v 0.081099 -0.681820 -1.261091
v 0.172019 -0.654817 -1.265554
v 0.096783 -0.705228 -1.265554
v 0.186168 -0.675933 -1.278505
v 0.110932 -0.726344 -1.278505
v 0.197396 -0.692692 -1.298677
v 0.122161 -0.743102 -1.298677
v 0.204605 -0.703451 -1.324096
v 0.129370 -0.753862 -1.324096
v 0.207090 -0.707158 -1.352273
v 0.131854 -0.757569 -1.352273
v 0.204605 -0.703451 -1.380449
v 0.129370 -0.753862 -1.380449
v 0.197396 -0.692692 -1.405868
v 0.122161 -0.743102 -1.405868
v 0.186168 -0.675933 -1.426040
v 0.110932 -0.726344 -1.426040
v 0.172019 -0.654817 -1.438991
v 0.096783 -0.705228 -1.438991
vn -0.0871 0.1300 -0.9877
vn -0.2527 0.3772 -0.8910
vn -0.3936 0.5874 -0.7071
vn -0.4960 0.7402 -0.4540
vn -0.5498 0.8205 -0.1564
vn -0.5498 0.8205 0.1564
vn -0.4960 0.7402 0.4540
vn -0.3936 0.5874 0.7071
vn -0.2527 0.3772 0.8910
vn -0.0871 0.1300 0.9877
vn 0.0871 -0.1300 0.9877
vn 0.2527 -0.3772 0.8910
vn 0.3936 -0.5874 0.7071
vn 0.4960 -0.7402 0.4540
vn 0.5498 -0.8205 0.1564
vn 0.5498 -0.8205 -0.1564
vn 0.4960 -0.7402 -0.4540
vn 0.3936 -0.5874 -0.7071
vn -0.8308 -0.5566 -0.0000
vn 0.2527 -0.3772 -0.8910
vn 0.0871 -0.1300 -0.9877
vn 0.8308 0.5566 -0.0000
vt 1.000000 0.500000
vt 1.000000 1.000000
vt 0.950000 1.000000
vt 0.950000 0.500000
vt 0.900000 1.000000
vt 0.900000 0.500000
vt 0.850000 1.000000
vt 0.850000 0.500000
vt 0.800000 1.000000
vt 0.800000 0.500000
vt 0.750000 1.000000
vt 0.750000 0.500000
vt 0.700000 1.000000
vt 0.700000 0.500000
vt 0.650000 1.000000
vt 0.650000 0.500000
vt 0.600000 1.000000
vt 0.600000 0.500000
vt 0.550000 1.000000
vt 0.550000 0.500000
vt 0.500000 1.000000
vt 0.500000 0.500000
vt 0.450000 1.000000
vt 0.450000 0.500000
vt 0.400000 1.000000
vt 0.400000 0.500000
vt 0.350000 1.000000
vt 0.350000 0.500000
vt 0.300000 1.000000
vt 0.300000 0.500000
vt 0.250000 1.000000
vt 0.250000 0.500000
vt 0.200000 1.000000
vt 0.200000 0.500000
vt 0.150000 1.000000
vt 0.150000 0.500000
vt 0.100000 1.000000
vt 0.100000 0.500000
vt 0.324164 0.478254
vt 0.250000 0.490000
vt 0.175836 0.478254
vt 0.108932 0.444164
vt 0.055836 0.391068
vt 0.021746 0.324164
vt 0.010000 0.250000
vt 0.021746 0.175836
vt 0.055836 0.108932
vt 0.108932 0.055836
vt 0.175836 0.021746
vt 0.250000 0.010000
vt 0.324164 0.021746
vt 0.391068 0.055836
vt 0.444164 0.108932
vt 0.478254 0.175836
vt 0.490000 0.250000
vt 0.478254 0.324164
vt 0.444164 0.391068
vt 0.391068 0.444164
vt 0.050000 1.000000
vt 0.050000 0.500000
vt -0.000000 1.000000
vt -0.000000 0.500000
vt 0.750000 0.490000
vt 0.824164 0.478254
vt 0.891068 0.444164
vt 0.944164 0.391068
vt 0.978254 0.324164
vt 0.990000 0.250000
vt 0.978254 0.175836
vt 0.944164 0.108932
vt 0.891068 0.055836
vt 0.824164 0.021746
vt 0.750000 0.010000
vt 0.675836 0.021746
vt 0.608932 0.055836
vt 0.555836 0.108932
vt 0.521746 0.175836
vt 0.510000 0.250000
vt 0.521746 0.324164
vt 0.555836 0.391068
vt 0.608932 0.444164
vt 0.675836 0.478254
s 0
f 109/135/49 110/136/49 112/137/49 111/138/49
f 111/138/50 112/137/50 114/139/50 113/140/50
f 113/140/51 114/139/51 116/141/51 115/142/51
f 115/142/52 116/141/52 118/143/52 117/144/52
f 117/144/53 118/143/53 120/145/53 119/146/53
f 119/146/54 120/145/54 122/147/54 121/148/54
f 121/148/55 122/147/55 124/149/55 123/150/55
f 123/150/56 124/149/56 126/151/56 125/152/56
f 125/152/57 126/151/57 128/153/57 127/154/57
f 127/154/58 128/153/58 130/155/58 129/156/58
f 129/156/59 130/155/59 132/157/59 131/158/59
f 131/158/60 132/157/60 134/159/60 133/160/60
f 133/160/61 134/159/61 136/161/61 135/162/61
f 135/162/62 136/161/62 138/163/62 137/164/62
f 137/164/63 138/163/63 140/165/63 139/166/63
f 139/166/64 140/165/64 142/167/64 141/168/64
f 141/168/65 142/167/65 144/169/65 143/170/65
f 143/170/66 144/169/66 146/171/66 145/172/66
f 112/173/67 110/174/67 148/175/67 146/176/67 144/177/67 142/178/67 140/179/67 138/180/67 136/181/67 134/182/67 132/183/67 130/184/67 128/185/67 126/186/67 124/187/67 122/188/67 120/189/67 118/190/67 116/191/67 114/192/67
f 145/172/68 146/171/68 148/193/68 147/194/68
f 147/194/69 148/193/69 110/195/69 109/196/69
f 109/197/70 111/198/70 113/199/70 115/200/70 117/201/70 119/202/70 121/203/70 123/204/70 125/205/70 127/206/70 129/207/70 131/208/70 133/209/70 135/210/70 137/211/70 139/212/70 141/213/70 143/214/70 145/215/70 147/216/70
o Cylinder.002
v 0.172235 -0.631409 -1.215207
v 0.100789 -0.681820 -1.191630
v 0.158740 -0.608001 -1.206054
v 0.087294 -0.658412 -1.182477
v 0.149362 -0.586885 -1.189321
v 0.077916 -0.637296 -1.165745
v 0.145020 -0.570127 -1.166646
v 0.073574 -0.620537 -1.143070
v 0.146140 -0.559367 -1.140249
v 0.074694 -0.609778 -1.116672
v 0.152610 -0.555660 -1.112713
v 0.081164 -0.606071 -1.089136
v 0.163799 -0.559367 -1.086734
v 0.092353 -0.609778 -1.063158
v 0.178610 -0.570127 -1.064855
v 0.107164 -0.620537 -1.041279
v 0.195595 -0.586885 -1.049218
v 0.124149 -0.637296 -1.025641
v 0.213090 -0.608001 -1.041353
v 0.141644 -0.658412 -1.017776
v 0.229382 -0.631409 -1.042030
v 0.157936 -0.681820 -1.018453
v 0.242878 -0.654817 -1.051182
v 0.171432 -0.705228 -1.027606
v 0.252256 -0.675933 -1.067915
v 0.180810 -0.726344 -1.044339
v 0.256597 -0.692692 -1.090590
v 0.185151 -0.743102 -1.067014
v 0.255478 -0.703451 -1.116987
v 0.184032 -0.753862 -1.093411
v 0.249007 -0.707158 -1.144523
v 0.177561 -0.757569 -1.120947
v 0.237819 -0.703451 -1.170502
v 0.166373 -0.753862 -1.146926
v 0.223007 -0.692692 -1.192381
v 0.151561 -0.743102 -1.168805
v 0.206023 -0.675933 -1.208019
v 0.134577 -0.726344 -1.184442
v 0.188528 -0.654817 -1.215884
v 0.117082 -0.705228 -1.192307
vn -0.3922 0.1300 -0.9107
vn -0.5192 0.3772 -0.7669
vn -0.5954 0.5874 -0.5481
vn -0.6133 0.7402 -0.2757
vn -0.5711 0.8205 0.0237
vn -0.4731 0.8205 0.3208
vn -0.3287 0.7402 0.5865
vn -0.1522 0.5874 0.7948
vn 0.0392 0.3772 0.9253
vn 0.2268 0.1300 0.9652
vn 0.3922 -0.1300 0.9107
vn 0.5192 -0.3772 0.7669
vn 0.5954 -0.5874 0.5481
vn 0.6133 -0.7402 0.2757
vn 0.5711 -0.8205 -0.0237
vn 0.4731 -0.8205 -0.3208
vn 0.3287 -0.7402 -0.5865
vn 0.1522 -0.5874 -0.7948
vn -0.7889 -0.5566 0.2603
vn -0.0392 -0.3772 -0.9253
vn -0.2268 -0.1300 -0.9652
vn 0.7889 0.5566 -0.2603
vt 1.000000 0.500000
vt 1.000000 1.000000
vt 0.950000 1.000000
vt 0.950000 0.500000
vt 0.900000 1.000000
vt 0.900000 0.500000
vt 0.850000 1.000000
vt 0.850000 0.500000
vt 0.800000 1.000000
vt 0.800000 0.500000
vt 0.750000 1.000000
vt 0.750000 0.500000
vt 0.700000 1.000000
vt 0.700000 0.500000
vt 0.650000 1.000000
vt 0.650000 0.500000
vt 0.600000 1.000000
vt 0.600000 0.500000
vt 0.550000 1.000000
vt 0.550000 0.500000
vt 0.500000 1.000000
vt 0.500000 0.500000
vt 0.450000 1.000000
vt 0.450000 0.500000
vt 0.400000 1.000000
vt 0.400000 0.500000
vt 0.350000 1.000000
vt 0.350000 0.500000
vt 0.300000 1.000000
vt 0.300000 0.500000
vt 0.250000 1.000000
vt 0.250000 0.500000
vt 0.200000 1.000000
vt 0.200000 0.500000
vt 0.150000 1.000000
vt 0.150000 0.500000
vt 0.100000 1.000000
vt 0.100000 0.500000
vt 0.324164 0.478254
vt 0.250000 0.490000
vt 0.175836 0.478254
vt 0.108932 0.444164
vt 0.055836 0.391068
vt 0.021746 0.324164
vt 0.010000 0.250000
vt 0.021746 0.175836
vt 0.055836 0.108932
vt 0.108932 0.055836
vt 0.175836 0.021746
vt 0.250000 0.010000
vt 0.324164 0.021746
vt 0.391068 0.055836
vt 0.444164 0.108932
vt 0.478254 0.175836
vt 0.490000 0.250000
vt 0.478254 0.324164
vt 0.444164 0.391068
vt 0.391068 0.444164
vt 0.050000 1.000000
vt 0.050000 0.500000
vt -0.000000 1.000000
vt -0.000000 0.500000
vt 0.750000 0.490000
vt 0.824164 0.478254
vt 0.891068 0.444164
vt 0.944164 0.391068
vt 0.978254 0.324164
vt 0.990000 0.250000
vt 0.978254 0.175836
vt 0.944164 0.108932
vt 0.891068 0.055836
vt 0.824164 0.021746
vt 0.750000 0.010000
vt 0.675836 0.021746
vt 0.608932 0.055836
vt 0.555836 0.108932
vt 0.521746 0.175836
vt 0.510000 0.250000
vt 0.521746 0.324164
vt 0.555836 0.391068
vt 0.608932 0.444164
vt 0.675836 0.478254
s 0
f 149/217/71 150/218/71 152/219/71 151/220/71
f 151/220/72 152/219/72 154/221/72 153/222/72
f 153/222/73 154/221/73 156/223/73 155/224/73
f 155/224/74 156/223/74 158/225/74 157/226/74
f 157/226/75 158/225/75 160/227/75 159/228/75
f 159/228/76 160/227/76 162/229/76 161/230/76
f 161/230/77 162/229/77 164/231/77 163/232/77
f 163/232/78 164/231/78 166/233/78 165/234/78
f 165/234/79 166/233/79 168/235/79 167/236/79
f 167/236/80 168/235/80 170/237/80 169/238/80
f 169/238/81 170/237/81 172/239/81 171/240/81
f 171/240/82 172/239/82 174/241/82 173/242/82
f 173/242/83 174/241/83 176/243/83 175/244/83
f 175/244/84 176/243/84 178/245/84 177/246/84
f 177/246/85 178/245/85 180/247/85 179/248/85
f 179/248/86 180/247/86 182/249/86 181/250/86
f 181/250/87 182/249/87 184/251/87 183/252/87
f 183/252/88 184/251/88 186/253/88 185/254/88
f 152/255/89 150/256/89 188/257/89 186/258/89 184/259/89 182/260/89 180/261/89 178/262/89 176/263/89 174/264/89 172/265/89 170/266/89 168/267/89 166/268/89 164/269/89 162/270/89 160/271/89 158/272/89 156/273/89 154/274/89
f 185/254/90 186/253/90 188/275/90 187/276/90
f 187/276/91 188/275/91 150/277/91 149/278/91
f 149/279/92 151/280/92 153/281/92 155/282/92 157/283/92 159/284/92 161/285/92 163/286/92 165/287/92 167/288/92 169/289/92 171/290/92 173/291/92 175/292/92 177/293/92 179/294/92 181/295/92 183/296/92 185/297/92 187/298/92
o Cylinder.003
v -0.722647 0.395858 -1.046420
v -0.063591 -0.135291 -1.028577
v -0.731248 0.385185 -1.044249
v -0.068733 -0.141670 -1.027279
v -0.739008 0.375558 -1.037948
v -0.073371 -0.147425 -1.023513
v -0.745165 0.367917 -1.028135
v -0.077052 -0.151993 -1.017647
v -0.749119 0.363011 -1.015770
v -0.079415 -0.154925 -1.010256
v -0.750481 0.361321 -1.002062
v -0.080229 -0.155935 -1.002063
v -0.749119 0.363011 -0.988355
v -0.079415 -0.154925 -0.993869
v -0.745165 0.367917 -0.975990
v -0.077052 -0.151993 -0.986478
v -0.739008 0.375558 -0.966176
v -0.073371 -0.147425 -0.980612
v -0.731248 0.385185 -0.959876
v -0.068733 -0.141670 -0.976846
v -0.722647 0.395858 -0.957705
v -0.063591 -0.135291 -0.975548
v -0.714045 0.406531 -0.959876
v -0.058450 -0.128911 -0.976846
v -0.706286 0.416159 -0.966176
v -0.053812 -0.123156 -0.980612
v -0.700128 0.423799 -0.975990
v -0.050131 -0.118589 -0.986478
v -0.696175 0.428705 -0.988355
v -0.047768 -0.115657 -0.993869
v -0.694812 0.430396 -1.002062
v -0.046954 -0.114646 -1.002063
v -0.696175 0.428705 -1.015770
v -0.047768 -0.115657 -1.010256
v -0.700128 0.423799 -1.028135
v -0.050131 -0.118589 -1.017647
v -0.706286 0.416159 -1.037948
v -0.053812 -0.123156 -1.023513
v -0.714045 0.406531 -1.044249
v -0.058450 -0.128911 -1.027279
vn -0.0819 -0.1348 -0.9875
vn -0.2686 -0.3665 -0.8908
vn -0.4274 -0.5635 -0.7070
vn -0.5428 -0.7067 -0.4539
vn -0.6034 -0.7819 -0.1564
vn -0.6034 -0.7819 0.1564
vn -0.5428 -0.7067 0.4539
vn -0.4274 -0.5635 0.7070
vn -0.2686 -0.3665 0.8908
vn -0.0819 -0.1348 0.9875
vn 0.1143 0.1087 0.9875
vn 0.3010 0.3403 0.8908
vn 0.4598 0.5374 0.7070
vn 0.5752 0.6805 0.4539
vn 0.6359 0.7558 0.1564
vn 0.6359 0.7558 -0.1564
vn 0.5752 0.6805 -0.4539
vn 0.4598 0.5374 -0.7070
vn 0.7786 -0.6275 -0.0000
vn 0.3010 0.3403 -0.8908
vn 0.1143 0.1087 -0.9875
vn -0.7786 0.6275 -0.0000
vt 1.000000 0.500000
vt 1.000000 1.000000
vt 0.950000 1.000000
vt 0.950000 0.500000
vt 0.900000 1.000000
vt 0.900000 0.500000
vt 0.850000 1.000000
vt 0.850000 0.500000
vt 0.800000 1.000000
vt 0.800000 0.500000
vt 0.750000 1.000000
vt 0.750000 0.500000
vt 0.700000 1.000000
vt 0.700000 0.500000
vt 0.650000 1.000000
vt 0.650000 0.500000
vt 0.600000 1.000000
vt 0.600000 0.500000
vt 0.550000 1.000000
vt 0.550000 0.500000
vt 0.500000 1.000000
vt 0.500000 0.500000
vt 0.450000 1.000000
vt 0.450000 0.500000
vt 0.400000 1.000000
vt 0.400000 0.500000
vt 0.350000 1.000000
vt 0.350000 0.500000
vt 0.300000 1.000000
vt 0.300000 0.500000
vt 0.250000 1.000000
vt 0.250000 0.500000
vt 0.200000 1.000000
vt 0.200000 0.500000
vt 0.150000 1.000000
vt 0.150000 0.500000
vt 0.100000 1.000000
vt 0.100000 0.500000
vt 0.324164 0.478254
vt 0.250000 0.490000
vt 0.175836 0.478254
vt 0.108932 0.444164
vt 0.055836 0.391068
vt 0.021746 0.324164
vt 0.010000 0.250000
vt 0.021746 0.175836
vt 0.055836 0.108932
vt 0.108932 0.055836
vt 0.175836 0.021746
vt 0.250000 0.010000
vt 0.324164 0.021746
vt 0.391068 0.055836
vt 0.444164 0.108932
vt 0.478254 0.175836
vt 0.490000 0.250000
vt 0.478254 0.324164
vt 0.444164 0.391068
vt 0.391068 0.444164
vt 0.050000 1.000000
vt 0.050000 0.500000
vt -0.000000 1.000000
vt -0.000000 0.500000
vt 0.750000 0.490000
vt 0.824164 0.478254
vt 0.891068 0.444164
vt 0.944164 0.391068
vt 0.978254 0.324164
vt 0.990000 0.250000
vt 0.978254 0.175836
vt 0.944164 0.108932
vt 0.891068 0.055836
vt 0.824164 0.021746
vt 0.750000 0.010000
vt 0.675836 0.021746
vt 0.608932 0.055836
vt 0.555836 0.108932
vt 0.521746 0.175836
vt 0.510000 0.250000
vt 0.521746 0.324164
vt 0.555836 0.391068
vt 0.608932 0.444164
vt 0.675836 0.478254
s 0
f 189/299/93 190/300/93 192/301/93 191/302/93
f 191/302/94 192/301/94 194/303/94 193/304/94
f 193/304/95 194/303/95 196/305/95 195/306/95
f 195/306/96 196/305/96 198/307/96 197/308/96
f 197/308/97 198/307/97 200/309/97 199/310/97
f 199/310/98 200/309/98 202/311/98 201/312/98
f 201/312/99 202/311/99 204/313/99 203/314/99
f 203/314/100 204/313/100 206/315/100 205/316/100
f 205/316/101 206/315/101 208/317/101 207/318/101
f 207/318/102 208/317/102 210/319/102 209/320/102
f 209/320/103 210/319/103 212/321/103 211/322/103
f 211/322/104 212/321/104 214/323/104 213/324/104
f 213/324/105 214/323/105 216/325/105 215/326/105
f 215/326/106 216/325/106 218/327/106 217/328/106
f 217/328/107 218/327/107 220/329/107 219/330/107
f 219/330/108 220/329/108 222/331/108 221/332/108
f 221/332/109 222/331/109 224/333/109 223/334/109
f 223/334/110 224/333/110 226/335/110 225/336/110
f 192/337/111 190/338/111 228/339/111 226/340/111 224/341/111 222/342/111 220/343/111 218/344/111 216/345/111 214/346/111 212/347/111 210/348/111 208/349/111 206/350/111 204/351/111 202/352/111 200/353/111 198/354/111 196/355/111 194/356/111
f 225/336/112 226/335/112 228/357/112 227/358/112
f 227/358/113 228/357/113 190/359/113 189/360/113
f 189/361/114 191/362/114 193/363/114 195/364/114 197/365/114 199/366/114 201/367/114 203/368/114 205/369/114 207/370/114 209/371/114 211/372/114 213/373/114 215/374/114 217/375/114 219/376/114 221/377/114 223/378/114 225/379/114 227/380/114
o Cylinder.004
v -0.802429 -2.870481 -1.031085
v -0.806968 -2.870481 -1.031805
v -0.798333 -2.870481 -1.028999
v -0.795083 -2.870481 -1.025748
v -0.792996 -2.870481 -1.021653
v -0.792277 -2.870481 -1.017113
v -0.792996 -2.870481 -1.012573
v -0.795083 -2.870481 -1.008478
v -0.798333 -2.870481 -1.005227
v -0.802429 -2.870481 -1.003141
v -0.806968 -2.870481 -1.002422
v -0.811508 -2.870481 -1.003141
v -0.815604 -2.870481 -1.005227
v -0.818854 -2.870481 -1.008478
v -0.820941 -2.870481 -1.012573
v -0.821660 -2.870481 -1.017113
v -0.820941 -2.870481 -1.021653
v -0.818854 -2.870481 -1.025748
v -0.815604 -2.870481 -1.028999
v -0.811508 -2.870481 -1.031085
v -0.798873 -2.445952 -1.042030
v -0.806969 -2.445952 -1.043312
v -0.791569 -2.445952 -1.038308
v -0.785773 -2.445952 -1.032512
v -0.782052 -2.445952 -1.025209
v -0.780769 -2.445952 -1.017113
v -0.782052 -2.445952 -1.009017
v -0.785773 -2.445952 -1.001714
v -0.791569 -2.445952 -0.995918
v -0.798873 -2.445952 -0.992197
v -0.806969 -2.445952 -0.990914
v -0.815064 -2.445952 -0.992197
v -0.822368 -2.445952 -0.995918
v -0.828164 -2.445952 -1.001714
v -0.831885 -2.445952 -1.009017
v -0.833168 -2.445952 -1.017113
v -0.831885 -2.445952 -1.025209
v -0.828164 -2.445952 -1.032512
v -0.822368 -2.445952 -1.038308
v -0.815064 -2.445952 -1.042030
v -0.800925 -2.438218 -1.035712
v -0.806969 -2.438218 -1.036669
v -0.795474 -2.438218 -1.032935
v -0.791147 -2.438218 -1.028608
v -0.788369 -2.438218 -1.023156
v -0.787412 -2.438218 -1.017113
v -0.788369 -2.438218 -1.011070
v -0.791147 -2.438218 -1.005618
v -0.795474 -2.438218 -1.001292
v -0.800925 -2.438218 -0.998514
v -0.806969 -2.438218 -0.997557
v -0.813012 -2.438218 -0.998514
v -0.818463 -2.438218 -1.001292
v -0.822790 -2.438218 -1.005618
v -0.825568 -2.438218 -1.011070
v -0.826525 -2.438218 -1.017113
v -0.825568 -2.438218 -1.023156
v -0.822790 -2.438218 -1.028608
v -0.818463 -2.438218 -1.032935
v -0.813012 -2.438218 -1.035712
v -0.800925 -2.425121 -1.035712
v -0.800925 -2.406750 -1.017113
v -0.800925 -2.420366 -1.035079
v -0.800925 -2.415936 -1.033220
v -0.800925 -2.412131 -1.030265
v -0.800925 -2.409211 -1.026413
v -0.800925 -2.407376 -1.021927
v -0.806969 -2.425121 -1.036669
v -0.806969 -2.406750 -1.018070
v -0.806969 -2.420366 -1.036036
v -0.806969 -2.415936 -1.034178
v -0.806969 -2.412131 -1.031222
v -0.806969 -2.409211 -1.027370
v -0.806969 -2.407376 -1.022884
v -0.806969 -2.406750 -1.016156
v -0.806969 -2.425121 -0.997557
v -0.806969 -2.407376 -1.011342
v -0.806969 -2.409211 -1.006856
v -0.806969 -2.412131 -1.003004
v -0.806969 -2.415936 -1.000049
v -0.806969 -2.420366 -0.998191
v -0.800925 -2.406750 -1.017113
v -0.800925 -2.425121 -0.998514
v -0.800925 -2.407376 -1.012299
v -0.800925 -2.409211 -1.007814
v -0.800925 -2.412131 -1.003962
v -0.800925 -2.415936 -1.001006
v -0.800925 -2.420366 -0.999148
v -0.813012 -2.425121 -0.998514
v -0.813012 -2.406750 -1.017113
v -0.813012 -2.420366 -0.999148
v -0.813012 -2.415936 -1.001006
v -0.813012 -2.412131 -1.003962
v -0.813012 -2.409211 -1.007814
v -0.813012 -2.407376 -1.012299
v -0.813012 -2.406750 -1.017113
v -0.813012 -2.425121 -1.035712
v -0.813012 -2.407376 -1.021927
v -0.813012 -2.409211 -1.026413
v -0.813012 -2.412131 -1.030265
v -0.813012 -2.415936 -1.033220
v -0.813012 -2.420366 -1.035079
vn -0.3089 -0.0271 0.9507
vn -0.5876 -0.0271 0.8087
vn 0.9507 -0.0271 0.3089
vn 0.8087 -0.0271 0.5876
vn 0.8087 -0.0271 -0.5876
vn 0.9507 -0.0271 -0.3089
vn -0.9507 -0.0271 0.3089
vn -0.9996 -0.0271 -0.0000
vn 0.5876 -0.0271 0.8087
vn -0.9507 -0.0271 -0.3089
vn 0.3089 -0.0271 0.9507
vn -0.8087 -0.0271 -0.5876
vn -0.0000 -0.0271 0.9996
vn -0.3089 -0.0271 -0.9507
vn -0.0000 -0.0271 -0.9996
vn -0.5876 -0.0271 -0.8087
vn 0.5876 -0.0271 -0.8087
vn 0.9996 -0.0271 -0.0000
vn -0.8087 -0.0271 0.5876
vn 0.4459 0.6515 0.6137
vn 0.6137 0.6515 0.4459
vn 0.3089 -0.0271 -0.9507
vn -0.0000 -1.0000 -0.0000
vn -0.0000 1.0000 -0.0000
vn 0.2344 0.6515 0.7215
vn -0.0000 0.6515 0.7586
vn -0.2344 0.6515 0.7215
vn -0.4459 0.6515 0.6137
vn -0.6137 0.6515 0.4459
vn -0.7215 0.6515 0.2344
vn -0.7586 0.6515 -0.0000
vn -0.7215 0.6515 -0.2344
vn -0.6137 0.6515 -0.4459
vn -0.4459 0.6515 -0.6137
vn -0.2344 0.6515 -0.7215
vn -0.0000 0.6515 -0.7586
vn 0.2344 0.6515 -0.7215
vn 0.4459 0.6515 -0.6137
vn 0.6137 0.6515 -0.4459
vn 0.7215 0.6515 -0.2344
vn 0.7586 0.6515 -0.0000
vn 0.7215 0.6515 0.2344
vn 1.0000 -0.0000 -0.0000
vn -0.1564 -0.0000 0.9877
vn -0.0000 -0.0000 1.0000
vn -1.0000 -0.0000 -0.0000
vn -0.0000 -0.0000 -1.0000
vn -0.1564 -0.0000 -0.9877
vn 0.1564 -0.0000 0.9877
vn 0.1551 0.1305 -0.9792
vn -0.0000 0.1321 -0.9912
vn -0.0000 0.2585 -0.9660
vn 0.1510 0.2621 -0.9532
vn -0.0000 0.4989 -0.8667
vn 0.1350 0.5056 -0.8521
vn -0.0000 0.7049 -0.7093
vn 0.1096 0.7136 -0.6920
vn -0.0000 0.8630 -0.5052
vn 0.0767 0.8716 -0.4842
vn -0.0000 0.9634 -0.2679
vn 0.0386 0.9691 -0.2436
vn -0.0000 0.9917 -0.1289
vn 0.0204 0.9914 -0.1289
vn -0.0000 0.1321 0.9912
vn 0.1551 0.1305 0.9792
vn 0.1510 0.2621 0.9532
vn -0.0000 0.2585 0.9660
vn 0.1350 0.5056 0.8521
vn -0.0000 0.4989 0.8667
vn 0.1096 0.7136 0.6920
vn -0.0000 0.7049 0.7093
vn 0.0767 0.8716 0.4842
vn -0.0000 0.8630 0.5052
vn 0.0386 0.9691 0.2436
vn -0.0000 0.9634 0.2679
vn 0.0204 0.9914 0.1289
vn -0.0000 0.9917 0.1289
vn -0.1551 0.1305 0.9792
vn -0.1510 0.2621 0.9532
vn -0.1350 0.5056 0.8521
vn -0.1096 0.7136 0.6920
vn -0.0767 0.8716 0.4842
vn -0.0386 0.9691 0.2436
vn -0.0204 0.9914 0.1289
vn -0.1551 0.1305 -0.9792
vn -0.1510 0.2621 -0.9532
vn -0.1350 0.5056 -0.8521
vn -0.1096 0.7136 -0.6920
vn -0.0767 0.8716 -0.4842
vn -0.0386 0.9691 -0.2436
vn -0.0204 0.9914 -0.1289
vn 0.1564 -0.0000 -0.9877
vt 0.175877 0.021740
vt 0.107207 0.053393
vt 0.481110 0.174951
vt 0.444183 0.108968
vt 0.444135 0.391098
vt 0.481084 0.325127
vt 0.481084 0.325127
vt 0.021765 0.175800
vt 0.010006 0.249960
vt 0.392859 0.053441
vt 0.021740 0.324124
vt 0.324201 0.021765
vt 0.055817 0.391032
vt 0.055817 0.391032
vt 0.250041 0.007010
vt 0.175799 0.478235
vt 0.249959 0.489994
vt 0.108902 0.444135
vt 0.108902 0.444135
vt 0.391032 0.444183
vt 0.175799 0.478235
vt 0.489994 0.250040
vt 0.055865 0.108902
vt 0.055865 0.108902
vt 0.324201 0.478235
vt 0.324201 0.478235
vt 0.325003 0.475516
vt 0.327354 0.467543
vt 0.324201 0.455952
vt 0.324201 0.364117
vt 0.324201 0.309072
vt 0.324201 0.250000
vt 0.324201 0.190928
vt 0.324201 0.135883
vt 0.324201 0.044048
vt 0.327350 0.032584
vt 0.325002 0.024517
vt 0.324201 0.250000
vt 0.250017 0.261676
vt 0.175838 0.249987
vt 0.175838 0.249987
vt 0.250019 0.238171
vt 0.175075 0.024492
vt 0.172725 0.032559
vt 0.175873 0.044024
vt 0.175857 0.135864
vt 0.175848 0.190913
vt 0.175838 0.249987
vt 0.175838 0.249987
vt 0.175828 0.309062
vt 0.175819 0.364111
vt 0.175803 0.455951
vt 0.172651 0.467542
vt 0.174999 0.475515
vt 0.175799 0.478235
vt 0.249959 0.489994
vt 0.249960 0.489803
vt 0.249962 0.489244
vt 0.249965 0.488356
vt 0.250005 0.375833
vt 0.250011 0.320772
vt 0.250041 0.007249
vt 0.250041 0.007949
vt 0.250041 0.009064
vt 0.250030 0.123845
vt 0.250025 0.179037
s 1
usemtl Material.001
f 260/381/115 261/382/116 241/382/116 240/381/115
f 255/383/117 256/384/118 236/384/118 235/383/117
f 252/385/119 253/386/120 233/387/120 232/385/119
f 263/388/121 264/389/122 244/389/122 243/388/121
f 256/384/118 257/390/123 237/390/123 236/384/118
f 264/389/122 265/391/124 245/391/124 244/389/122
f 257/390/123 258/392/125 238/392/125 237/390/123
f 265/391/124 266/393/126 246/394/126 245/391/124
f 258/392/125 259/395/127 239/395/127 238/392/125
f 268/396/128 250/397/129 230/397/129 248/396/128
f 266/394/126 267/398/130 247/399/130 246/394/126
f 251/400/131 252/385/119 232/385/119 231/400/131
f 267/399/130 268/401/128 248/396/128 247/399/130
f 259/395/127 260/381/115 240/381/115 239/395/127
f 253/387/120 254/402/132 234/402/132 233/387/120
f 261/382/116 262/403/133 242/404/133 241/382/116
f 254/402/132 255/383/117 235/383/117 234/402/132
f 262/404/133 263/388/121 243/388/121 242/404/133
f 257/390/134 256/384/135 276/384/135 277/390/134
f 249/405/136 251/400/131 231/400/131 229/405/136
f 229/405/137 231/400/137 232/385/137 233/387/137 234/402/137 235/383/137 236/384/137 237/390/137 238/392/137 239/395/137 240/381/137 241/382/137 242/404/137 243/388/137 244/389/137 245/391/137 246/394/137 247/399/137 248/396/137 230/397/137
f 250/397/129 249/405/136 229/405/136 230/397/129
f 269/405/138 278/392/138 277/390/138 276/384/138 275/383/138 274/402/138 273/386/138 272/385/138 271/400/138
f 258/392/139 257/390/134 277/390/134 278/392/139
f 259/395/140 258/392/139 278/392/139 279/395/140
f 260/381/141 259/395/140 279/395/140 280/381/141
f 261/382/142 260/381/141 280/381/141 281/382/142
f 262/403/143 261/382/142 281/382/142 282/403/143
f 263/388/144 262/404/143 282/404/143 283/388/144
f 264/389/145 263/388/144 283/388/144 284/389/145
f 265/391/146 264/389/145 284/389/145 285/391/146
f 266/393/147 265/391/146 285/391/146 286/393/147
f 267/398/148 266/394/147 286/394/147 287/398/148
f 268/401/149 267/399/148 287/399/148 288/401/149
f 250/397/150 268/396/149 288/396/149 270/397/150
f 249/405/151 250/397/150 270/397/150 269/405/151
f 251/400/152 249/405/151 269/405/151 271/400/152
f 252/385/153 251/400/152 271/400/152 272/385/153
f 253/386/154 252/385/153 272/385/153 273/386/154
f 254/402/155 253/387/154 273/387/154 274/402/155
f 255/383/156 254/402/155 274/402/155 275/383/156
f 256/384/135 255/383/156 275/383/156 276/384/135
f 278/392/157 269/405/157 289/406/157 291/407/157 292/408/157 293/409/157 294/410/157 295/411/157 290/412/157 310/412/157 312/413/157 313/414/157 314/415/157 315/416/157 316/417/157 311/392/157
f 280/381/138 288/401/138 287/398/138 286/393/138 285/391/138 284/389/138 283/388/138 282/403/138 281/382/138
f 310/418/138 290/418/138 297/419/138 324/420/138 318/421/138 303/422/138
f 280/381/158 279/395/159 304/395/159 317/381/158
f 288/401/160 280/381/160 317/381/160 319/423/160 320/424/160 321/425/160 322/426/160 323/427/160 318/428/160 324/429/160 326/430/160 327/431/160 328/432/160 329/433/160 330/434/160 325/401/160
f 270/397/161 288/396/162 325/435/162 296/436/161
f 279/395/159 278/392/163 311/392/163 304/395/159
f 289/405/164 296/436/165 298/437/166 291/407/167
f 291/407/167 298/437/166 299/438/168 292/408/169
f 292/408/169 299/438/168 300/439/170 293/409/171
f 293/409/171 300/439/170 301/440/172 294/410/173
f 294/410/173 301/440/172 302/441/174 295/411/175
f 295/411/175 302/441/174 297/419/176 290/418/177
f 304/395/178 311/392/179 316/417/180 309/442/181
f 309/442/181 316/417/180 315/416/182 308/443/183
f 308/443/183 315/416/182 314/415/184 307/444/185
f 307/444/185 314/415/184 313/414/186 306/445/187
f 306/445/187 313/414/186 312/413/188 305/446/189
f 305/446/189 312/413/188 310/418/190 303/422/191
f 317/381/192 304/395/178 309/442/181 319/423/193
f 319/423/193 309/442/181 308/443/183 320/424/194
f 320/424/194 308/443/183 307/444/185 321/425/195
f 321/425/195 307/444/185 306/445/187 322/426/196
f 322/426/196 306/445/187 305/446/189 323/427/197
f 323/427/197 305/446/189 303/422/191 318/421/198
f 296/436/165 325/435/199 330/434/200 298/437/166
f 298/437/166 330/434/200 329/433/201 299/438/168
f 299/438/168 329/433/201 328/432/202 300/439/170
f 300/439/170 328/432/202 327/431/203 301/440/172
f 301/440/172 327/431/203 326/430/204 302/441/174
f 302/441/174 326/430/204 324/420/205 297/419/176
f 269/405/206 270/397/161 296/436/161 289/405/206
o Cylinder.005
v -0.799746 -2.402937 -1.039193
v -0.814191 -2.402937 -1.039193
v -0.793644 -1.565815 -1.058121
v -0.806969 -1.565815 -1.060232
v -0.781624 -1.565815 -1.051997
v -0.772085 -1.565815 -1.042458
v -0.765960 -1.565815 -1.030438
v -0.763849 -1.565815 -1.017113
v -0.765960 -1.565815 -1.003789
v -0.772085 -1.565815 -0.991769
v -0.781624 -1.565815 -0.982229
v -0.793644 -1.565815 -0.976105
v -0.806969 -1.565815 -0.973995
v -0.820293 -1.565815 -0.976105
v -0.832313 -1.565815 -0.982229
v -0.841852 -1.565815 -0.991769
v -0.847977 -1.565815 -1.003789
v -0.850088 -1.565815 -1.017113
v -0.847977 -1.565815 -1.030438
v -0.841852 -1.565815 -1.042458
v -0.832313 -1.565815 -1.051997
v -0.820293 -1.565815 -1.058121
v -0.798678 -2.409892 -1.042628
v -0.798995 -2.416622 -1.041652
v -0.806969 -2.409892 -1.043941
v -0.806969 -2.422893 -1.040165
v -0.806969 -2.416622 -1.042915
v -0.791199 -2.409892 -1.038817
v -0.791802 -2.416622 -1.037987
v -0.793419 -2.422893 -1.035763
v -0.795939 -2.428277 -1.032294
v -0.799191 -2.432410 -1.027819
v -0.785264 -2.409892 -1.032882
v -0.786094 -2.416622 -1.032279
v -0.788319 -2.422893 -1.030663
v -0.791788 -2.428277 -1.028143
v -0.796263 -2.432410 -1.024891
v -0.781453 -2.409892 -1.025403
v -0.782429 -2.416622 -1.025087
v -0.785045 -2.422893 -1.024237
v -0.789122 -2.428277 -1.022912
v -0.794383 -2.432410 -1.021202
v -0.780140 -2.409892 -1.017113
v -0.781166 -2.416622 -1.017113
v -0.783916 -2.422893 -1.017113
v -0.788204 -2.428277 -1.017113
v -0.793736 -2.432410 -1.017113
v -0.781453 -2.409892 -1.008823
v -0.782429 -2.416622 -1.009140
v -0.785045 -2.422893 -1.009990
v -0.789122 -2.428277 -1.011315
v -0.794383 -2.432410 -1.013024
v -0.785264 -2.409892 -1.001344
v -0.786094 -2.416622 -1.001947
v -0.788319 -2.422893 -1.003564
v -0.791788 -2.428277 -1.006084
v -0.796263 -2.432410 -1.009335
v -0.791199 -2.409892 -0.995409
v -0.791802 -2.416622 -0.996239
v -0.793419 -2.422893 -0.998464
v -0.795939 -2.428277 -1.001932
v -0.799191 -2.432410 -1.006408
v -0.798678 -2.409892 -0.991598
v -0.798995 -2.416622 -0.992574
v -0.815259 -2.409892 -0.991598
v -0.814942 -2.416622 -0.992574
v -0.822738 -2.409892 -0.995409
v -0.822135 -2.416622 -0.996239
v -0.820518 -2.422893 -0.998464
v -0.817998 -2.428277 -1.001932
v -0.814746 -2.432410 -1.006408
v -0.828673 -2.409892 -1.001344
v -0.827843 -2.416622 -1.001947
v -0.825618 -2.422893 -1.003564
v -0.822150 -2.428277 -1.006084
v -0.817674 -2.432410 -1.009335
v -0.832484 -2.409892 -1.008823
v -0.831508 -2.416622 -1.009140
v -0.828892 -2.422893 -1.009990
v -0.824815 -2.428277 -1.011315
v -0.819554 -2.432410 -1.013024
v -0.833797 -2.409892 -1.017113
v -0.832771 -2.416622 -1.017113
v -0.830021 -2.422893 -1.017113
v -0.825733 -2.428277 -1.017113
v -0.820202 -2.432410 -1.017113
v -0.832484 -2.409892 -1.025403
v -0.831508 -2.416622 -1.025087
v -0.828892 -2.422893 -1.024237
v -0.824815 -2.428277 -1.022912
v -0.819554 -2.432410 -1.021202
v -0.828673 -2.409892 -1.032882
v -0.827843 -2.416622 -1.032279
v -0.825618 -2.422893 -1.030663
v -0.822150 -2.428277 -1.028143
v -0.817674 -2.432410 -1.024891
v -0.822738 -2.409892 -1.038817
v -0.822135 -2.416622 -1.037987
v -0.820518 -2.422893 -1.035763
v -0.817998 -2.428277 -1.032294
v -0.814746 -2.432410 -1.027819
v -0.815259 -2.409892 -1.042628
v -0.814942 -2.416622 -1.041652
v -0.797022 -1.557765 -1.047724
v -0.806969 -1.557765 -1.049299
v -0.788050 -1.557765 -1.043152
v -0.780929 -1.557765 -1.036032
v -0.776357 -1.557765 -1.027059
v -0.774782 -1.557765 -1.017113
v -0.776357 -1.557765 -1.007167
v -0.780929 -1.557765 -0.998195
v -0.788050 -1.557765 -0.991074
v -0.797022 -1.557765 -0.986502
v -0.806969 -1.557765 -0.984927
v -0.816915 -1.557765 -0.986502
v -0.825887 -1.557765 -0.991074
v -0.833008 -1.557765 -0.998195
v -0.837580 -1.557765 -1.007167
v -0.839155 -1.557765 -1.017113
v -0.837580 -1.557765 -1.027059
v -0.833008 -1.557765 -1.036032
v -0.825887 -1.557765 -1.043152
v -0.816915 -1.557765 -1.047724
v -0.797022 -1.538429 -1.047724
v -0.797022 -1.508195 -1.017113
v -0.797022 -1.530604 -1.046681
v -0.797022 -1.523312 -1.043623
v -0.797022 -1.517050 -1.038758
v -0.797022 -1.512246 -1.032419
v -0.797022 -1.509225 -1.025036
v -0.806969 -1.538429 -1.049299
v -0.806969 -1.508195 -1.018688
v -0.806969 -1.530604 -1.048256
v -0.806969 -1.523312 -1.045198
v -0.806969 -1.517050 -1.040334
v -0.806969 -1.512246 -1.033994
v -0.806969 -1.509225 -1.026611
v -0.806969 -1.508195 -1.015538
v -0.806969 -1.538429 -0.984927
v -0.806969 -1.509225 -1.007615
v -0.806969 -1.512246 -1.000232
v -0.806969 -1.517050 -0.993893
v -0.806969 -1.523312 -0.989028
v -0.806969 -1.530604 -0.985970
v -0.797022 -1.508195 -1.017113
v -0.797022 -1.538429 -0.986502
v -0.797022 -1.509225 -1.009190
v -0.797022 -1.512246 -1.001808
v -0.797022 -1.517050 -0.995468
v -0.797022 -1.523312 -0.990603
v -0.797022 -1.530604 -0.987545
v -0.816915 -1.538429 -0.986502
v -0.816915 -1.508195 -1.017113
v -0.816915 -1.530604 -0.987545
v -0.816915 -1.523312 -0.990603
v -0.816915 -1.517050 -0.995468
v -0.816915 -1.512246 -1.001808
v -0.816915 -1.509225 -1.009190
v -0.816915 -1.508195 -1.017113
v -0.816915 -1.538429 -1.047724
v -0.816915 -1.509225 -1.025036
v -0.816915 -1.512246 -1.032419
v -0.816915 -1.517050 -1.038758
v -0.816915 -1.523312 -1.043623
v -0.816915 -1.530604 -1.046681
v -0.799746 -2.402938 -0.991295
v -0.799746 -2.409892 -0.991429
v -0.799746 -2.422165 -0.994886
v -0.799746 -2.422893 -0.995240
v -0.799746 -2.416622 -0.992455
v -0.799746 -2.428277 -0.999992
v -0.799746 -2.422468 -1.039193
v -0.799746 -2.422893 -1.038987
v -0.799746 -2.428277 -1.034234
v -0.799746 -2.432410 -1.006124
v -0.799746 -2.432410 -1.028102
v -0.799746 -2.432793 -1.027053
v -0.799746 -2.434698 -1.019459
v -0.799746 -2.434157 -1.022360
v -0.799746 -2.434849 -1.017113
v -0.799746 -2.434157 -1.011866
v -0.799746 -2.432793 -1.007173
v -0.799746 -2.434698 -1.014767
v -0.806969 -2.402938 -0.990151
v -0.814191 -2.402937 -0.991295
v -0.813107 -2.422893 -1.039193
v -0.814143 -2.422518 -1.039193
v -0.814191 -2.422468 -1.039193
v -0.799794 -2.422518 -1.039193
v -0.800830 -2.422893 -1.039193
v -0.806969 -2.424114 -1.039193
v -0.814191 -2.422893 -1.038987
v -0.814191 -2.428277 -1.034234
v -0.814191 -2.409892 -0.991429
v -0.814191 -2.416622 -0.992455
v -0.814191 -2.422164 -0.994886
v -0.814191 -2.428277 -0.999992
v -0.814191 -2.422893 -0.995240
v -0.814191 -2.432410 -1.028102
v -0.814191 -2.432793 -1.027053
v -0.814191 -2.434157 -1.022360
v -0.814191 -2.434157 -1.011866
v -0.814191 -2.432793 -1.007173
v -0.814191 -2.432410 -1.006124
v -0.814191 -2.434698 -1.019459
v -0.814191 -2.434849 -1.017113
v -0.814191 -2.434698 -1.014767
vn 0.3090 -0.0193 0.9509
vn -0.0000 -0.0193 0.9998
vn 0.1564 -0.0191 0.9875
vn -0.0000 -0.0193 -0.9998
vn 0.3090 -0.0193 -0.9509
vn -0.8089 -0.0193 -0.5877
vn -0.5877 -0.0193 -0.8089
vn -0.3090 -0.0193 0.9509
vn -0.1564 -0.0191 0.9875
vn 0.8089 -0.0193 -0.5877
vn 0.9509 -0.0193 -0.3090
vn -0.3090 -0.0193 -0.9509
vn -0.5877 -0.0193 0.8089
vn 0.9998 -0.0193 -0.0000
vn -0.8089 -0.0193 0.5877
vn 0.9509 -0.0193 0.3090
vn 0.5877 -0.0193 -0.8089
vn -0.9509 -0.0193 0.3090
vn 0.8089 -0.0193 0.5877
vn -0.9998 -0.0193 -0.0000
vn 0.5877 -0.0193 0.8089
vn -0.9509 -0.0193 -0.3090
vn -0.0000 -0.1507 -0.9886
vn 0.3055 -0.1507 -0.9402
vn 0.2971 -0.2751 -0.9143
vn -0.0000 -0.2751 -0.9614
vn 0.2177 -0.4007 -0.8900
vn 0.1422 -0.4169 -0.8978
vn -0.0000 -0.5110 -0.8596
vn -0.0000 -0.6228 -0.7824
vn 0.5811 -0.1507 -0.7998
vn 0.5651 -0.2751 -0.7778
vn 0.5053 -0.5110 -0.6954
vn 0.3949 -0.4934 -0.7750
vn 0.4166 -0.3975 -0.8176
vn 0.7998 -0.1507 -0.5811
vn 0.7778 -0.2751 -0.5651
vn 0.6954 -0.5110 -0.5053
vn 0.5684 -0.7116 -0.4130
vn 0.4130 -0.7116 -0.5684
vn 0.4052 -0.8655 -0.2944
vn 0.2944 -0.8655 -0.4052
vn 0.3191 -0.9263 -0.2004
vn 0.2511 -0.9259 -0.2822
vn 0.9402 -0.1507 -0.3055
vn 0.9143 -0.2751 -0.2971
vn 0.8175 -0.5110 -0.2656
vn 0.6682 -0.7116 -0.2171
vn 0.4763 -0.8655 -0.1548
vn 0.3616 -0.9265 -0.1039
vn 0.9886 -0.1507 -0.0000
vn 0.9614 -0.2751 -0.0000
vn 0.8596 -0.5110 -0.0000
vn 0.7026 -0.7116 -0.0000
vn 0.5008 -0.8655 -0.0000
vn 0.3761 -0.9266 -0.0000
vn 0.9402 -0.1507 0.3055
vn 0.9143 -0.2751 0.2971
vn 0.8175 -0.5110 0.2656
vn 0.6682 -0.7116 0.2171
vn 0.4763 -0.8655 0.1548
vn 0.3617 -0.9265 0.1039
vn 0.7998 -0.1507 0.5811
vn 0.7778 -0.2751 0.5651
vn 0.6954 -0.5110 0.5053
vn 0.5684 -0.7116 0.4130
vn 0.4052 -0.8655 0.2944
vn 0.3191 -0.9263 0.2004
vn 0.5811 -0.1507 0.7998
vn 0.5651 -0.2751 0.7778
vn 0.5053 -0.5110 0.6954
vn 0.4130 -0.7116 0.5684
vn 0.2944 -0.8655 0.4052
vn 0.2510 -0.9259 0.2822
vn 0.3055 -0.1507 0.9402
vn 0.2971 -0.2751 0.9143
vn 0.4063 -0.3981 0.8225
vn 0.3949 -0.4934 0.7750
vn 0.3273 -0.6930 0.6423
vn 0.2386 -0.8508 0.4683
vn 0.1547 -0.1489 0.9767
vn 0.1505 -0.2720 0.9504
vn -0.3055 -0.1507 0.9402
vn -0.5811 -0.1507 0.7998
vn -0.5651 -0.2751 0.7778
vn -0.2971 -0.2751 0.9143
vn -0.5053 -0.5110 0.6954
vn -0.3949 -0.4934 0.7750
vn -0.4063 -0.3981 0.8225
vn -0.7998 -0.1507 0.5811
vn -0.7778 -0.2751 0.5651
vn -0.6954 -0.5110 0.5053
vn -0.5684 -0.7116 0.4130
vn -0.4130 -0.7116 0.5684
vn -0.4052 -0.8655 0.2944
vn -0.2943 -0.8656 0.4052
vn -0.3191 -0.9263 0.2004
vn -0.2510 -0.9260 0.2822
vn -0.9402 -0.1507 0.3055
vn -0.9143 -0.2751 0.2971
vn -0.8175 -0.5110 0.2656
vn -0.6682 -0.7116 0.2171
vn -0.4763 -0.8655 0.1548
vn -0.3617 -0.9265 0.1039
vn -0.9886 -0.1507 -0.0000
vn -0.9614 -0.2751 -0.0000
vn -0.8596 -0.5110 -0.0000
vn -0.7026 -0.7116 -0.0000
vn -0.5008 -0.8655 -0.0000
vn -0.3761 -0.9266 -0.0000
vn -0.9402 -0.1507 -0.3055
vn -0.9143 -0.2751 -0.2971
vn -0.8175 -0.5110 -0.2656
vn -0.6682 -0.7116 -0.2171
vn -0.4763 -0.8656 -0.1548
vn -0.3616 -0.9265 -0.1039
vn -0.7998 -0.1507 -0.5811
vn -0.7778 -0.2751 -0.5651
vn -0.6954 -0.5110 -0.5053
vn -0.5684 -0.7116 -0.4130
vn -0.4051 -0.8656 -0.2944
vn -0.3191 -0.9263 -0.2004
vn -0.5811 -0.1507 -0.7998
vn -0.5651 -0.2751 -0.7778
vn -0.5053 -0.5110 -0.6954
vn -0.4130 -0.7116 -0.5684
vn -0.2944 -0.8656 -0.4051
vn -0.2510 -0.9260 -0.2821
vn -0.3055 -0.1507 -0.9402
vn -0.2971 -0.2751 -0.9143
vn -0.2177 -0.4007 -0.8900
vn -0.4166 -0.3975 -0.8176
vn -0.3949 -0.4934 -0.7750
vn -0.3273 -0.6930 -0.6423
vn -0.2387 -0.8508 -0.4682
vn -0.1422 -0.4169 -0.8978
vn -0.0000 1.0000 -0.0000
vn 0.1832 0.8052 -0.5639
vn -0.0000 0.8052 -0.5929
vn 0.3485 0.8052 -0.4797
vn 0.4797 0.8052 -0.3485
vn 0.5639 0.8052 -0.1832
vn 0.5929 0.8052 -0.0000
vn 0.5639 0.8052 0.1832
vn 0.4797 0.8052 0.3485
vn 0.3485 0.8052 0.4797
vn 0.1832 0.8052 0.5639
vn -0.0000 0.8052 0.5929
vn -0.1832 0.8052 0.5639
vn -0.3485 0.8052 0.4797
vn -0.4797 0.8052 0.3485
vn -0.5639 0.8052 0.1832
vn -0.5929 0.8052 -0.0000
vn -0.5639 0.8052 -0.1832
vn -0.4797 0.8052 -0.3485
vn -0.3485 0.8052 -0.4797
vn -0.1832 0.8052 -0.5639
vn 1.0000 -0.0000 -0.0000
vn -1.0000 -0.0000 -0.0000
vn -0.0000 -0.0000 -1.0000
vn -0.1564 -0.0000 -0.9877
vn -0.0000 -0.0000 1.0000
vn 0.1564 -0.0000 0.9877
vn -0.1564 -0.0000 0.9877
vn 0.1551 0.1305 -0.9792
vn -0.0000 0.1321 -0.9912
vn -0.0000 0.2585 -0.9660
vn 0.1510 0.2621 -0.9532
vn -0.0000 0.4989 -0.8667
vn 0.1350 0.5056 -0.8521
vn -0.0000 0.7049 -0.7093
vn 0.1096 0.7136 -0.6920
vn -0.0000 0.8630 -0.5052
vn 0.0767 0.8716 -0.4842
vn -0.0000 0.9634 -0.2679
vn 0.0386 0.9691 -0.2436
vn -0.0000 0.9917 -0.1290
vn 0.0204 0.9914 -0.1289
vn -0.0000 0.1321 0.9912
vn 0.1551 0.1305 0.9792
vn 0.1510 0.2621 0.9532
vn -0.0000 0.2585 0.9660
vn 0.1350 0.5056 0.8521
vn -0.0000 0.4989 0.8667
vn 0.1096 0.7136 0.6920
vn -0.0000 0.7049 0.7093
vn 0.0767 0.8716 0.4842
vn -0.0000 0.8630 0.5052
vn 0.0386 0.9691 0.2436
vn -0.0000 0.9634 0.2679
vn 0.0204 0.9914 0.1289
vn -0.0000 0.9917 0.1290
vn -0.1551 0.1305 0.9792
vn -0.1510 0.2621 0.9532
vn -0.1350 0.5056 0.8521
vn -0.1096 0.7136 0.6920
vn -0.0767 0.8716 0.4842
vn -0.0386 0.9691 0.2436
vn -0.0204 0.9914 0.1289
vn -0.1551 0.1305 -0.9792
vn -0.1510 0.2621 -0.9532
vn -0.1350 0.5056 -0.8521
vn -0.1096 0.7136 -0.6920
vn -0.0767 0.8716 -0.4842
vn -0.0386 0.9691 -0.2436
vn -0.0204 0.9914 -0.1289
vn 0.1564 -0.0000 -0.9877
vn 0.3273 -0.6930 -0.6423
vn -0.3273 -0.6930 0.6423
vn -0.1505 -0.2720 0.9504
vn -0.1547 -0.1489 0.9767
vn -0.2385 -0.8508 0.4682
vn -0.0000 -1.0000 -0.0000
vn 0.2387 -0.8507 -0.4683
vt 0.324201 0.021765
vt 0.250041 0.010006
vt 0.250041 0.007132
vt 0.314332 0.019819
vt 0.314645 0.019877
vt 0.324201 0.021765
vt 0.249959 0.489994
vt 0.324201 0.478235
vt 0.249959 0.489994
vt 0.055817 0.391032
vt 0.108902 0.444135
vt 0.108902 0.444135
vt 0.055817 0.391032
vt 0.175877 0.021740
vt 0.185433 0.019855
vt 0.185745 0.019797
vt 0.444135 0.391098
vt 0.478235 0.324200
vt 0.480991 0.325096
vt 0.444135 0.391098
vt 0.175799 0.478235
vt 0.108902 0.444135
vt 0.108968 0.055817
vt 0.107265 0.053472
vt 0.175877 0.021740
vt 0.489994 0.250040
vt 0.489994 0.250040
vt 0.480991 0.325096
vt 0.108968 0.055817
vt 0.055865 0.108902
vt 0.055865 0.108902
vt 0.107265 0.053472
vt 0.478260 0.175876
vt 0.481016 0.174981
vt 0.391032 0.444183
vt 0.444135 0.391098
vt 0.444135 0.391098
vt 0.391032 0.444183
vt 0.055865 0.108902
vt 0.021765 0.175800
vt 0.021765 0.175800
vt 0.055865 0.108902
vt 0.444183 0.108968
vt 0.444183 0.108968
vt 0.481016 0.174981
vt 0.010006 0.249960
vt 0.444183 0.108968
vt 0.391098 0.055865
vt 0.392801 0.053521
vt 0.444183 0.108968
vt 0.021740 0.324124
vt 0.021740 0.324124
vt 0.010006 0.249960
vt 0.391098 0.055865
vt 0.175799 0.478235
vt 0.391032 0.444183
vt 0.324201 0.478235
vt 0.324139 0.478048
vt 0.249960 0.489796
vt 0.323966 0.477529
vt 0.313726 0.479116
vt 0.249962 0.489214
vt 0.249963 0.489008
vt 0.390917 0.444023
vt 0.390577 0.443552
vt 0.324978 0.476975
vt 0.324379 0.477324
vt 0.443999 0.390989
vt 0.443598 0.390670
vt 0.442974 0.390172
vt 0.390046 0.442816
vt 0.348108 0.320802
vt 0.321239 0.347471
vt 0.316287 0.297623
vt 0.316174 0.340478
vt 0.480779 0.325027
vt 0.480107 0.324809
vt 0.479062 0.324469
vt 0.365423 0.287150
vt 0.316337 0.271115
vt 0.489843 0.250040
vt 0.489400 0.250040
vt 0.488714 0.250040
vt 0.371406 0.249756
vt 0.316359 0.249658
vt 0.480804 0.175050
vt 0.480132 0.175268
vt 0.479087 0.175608
vt 0.365506 0.212312
vt 0.316375 0.228195
vt 0.444061 0.109057
vt 0.443703 0.109317
vt 0.443148 0.109720
vt 0.348286 0.178514
vt 0.316382 0.201651
vt 0.392670 0.053701
vt 0.392255 0.054272
vt 0.391609 0.055161
vt 0.321464 0.151675
vt 0.316375 0.158677
vt 0.324154 0.021908
vt 0.324033 0.022281
vt 0.325065 0.022820
vt 0.342256 0.031739
vt 0.316369 0.149079
vt 0.317171 0.020535
vt 0.107396 0.053653
vt 0.175923 0.021883
vt 0.107811 0.054224
vt 0.175012 0.022794
vt 0.176044 0.022255
vt 0.056010 0.108999
vt 0.056438 0.109281
vt 0.057104 0.109721
vt 0.108457 0.055114
vt 0.152370 0.178549
vt 0.179035 0.151689
vt 0.184239 0.201662
vt 0.184134 0.158689
vt 0.021952 0.175861
vt 0.022506 0.176040
vt 0.023370 0.176322
vt 0.135298 0.212341
vt 0.184281 0.228191
vt 0.010204 0.249960
vt 0.010785 0.249960
vt 0.011694 0.249960
vt 0.129434 0.249715
vt 0.184297 0.249637
vt 0.021928 0.324063
vt 0.022481 0.323883
vt 0.023345 0.323603
vt 0.135358 0.287044
vt 0.184307 0.271075
vt 0.055977 0.390916
vt 0.056447 0.390574
vt 0.057183 0.390040
vt 0.152505 0.320702
vt 0.184307 0.297568
vt 0.109018 0.443976
vt 0.109360 0.443505
vt 0.109895 0.442770
vt 0.179205 0.347411
vt 0.184284 0.340423
vt 0.175860 0.478047
vt 0.176029 0.477527
vt 0.175616 0.477322
vt 0.175016 0.476973
vt 0.158245 0.467416
vt 0.184275 0.349995
vt 0.186259 0.479115
vt 0.325003 0.475516
vt 0.327354 0.467543
vt 0.324201 0.455952
vt 0.324201 0.364117
vt 0.324201 0.309072
vt 0.324201 0.250000
vt 0.324201 0.250000
vt 0.324201 0.190928
vt 0.324201 0.135883
vt 0.324201 0.044048
vt 0.327351 0.032457
vt 0.325002 0.024484
vt 0.175075 0.024459
vt 0.172725 0.032431
vt 0.175873 0.044024
vt 0.175857 0.135864
vt 0.175848 0.190913
vt 0.175838 0.249987
vt 0.175838 0.249987
vt 0.175828 0.309062
vt 0.175819 0.364111
vt 0.175803 0.455951
vt 0.172651 0.467542
vt 0.174999 0.475515
vt 0.324201 0.250000
vt 0.250017 0.261740
vt 0.175838 0.249987
vt 0.250019 0.238248
vt 0.249960 0.489803
vt 0.249962 0.489244
vt 0.249965 0.488356
vt 0.250005 0.375861
vt 0.250012 0.320813
vt 0.250041 0.010197
vt 0.250041 0.010755
vt 0.250040 0.011642
vt 0.250030 0.124127
vt 0.250025 0.179175
vt 0.341731 0.467431
vt 0.157818 0.031708
vt 0.182906 0.020512
vt 0.000000 0.000000
vt 0.184117 0.149091
vt 0.316154 0.350050
s 1
usemtl Material.001
f 342/447/207 343/448/208 514/449/208 496/450/209 497/451/209 393/452/207
f 334/453/210 333/454/211 353/454/211 355/455/210
f 350/456/212 351/457/213 427/458/213 422/459/212
f 343/448/208 344/460/214 395/460/214 524/461/215 515/462/215 514/449/208
f 336/463/216 337/464/217 368/465/217 363/466/216
f 351/457/213 352/467/218 432/467/218 427/468/213
f 344/460/214 345/469/219 397/470/219 395/471/214
f 337/464/217 338/472/220 373/473/220 368/474/217
f 345/475/219 346/476/221 402/477/221 397/478/219
f 338/473/220 339/479/222 378/480/222 373/473/220
f 335/481/223 336/482/216 363/483/216 358/484/223
f 346/485/221 347/486/224 407/487/224 402/488/221
f 339/479/222 340/489/225 383/490/225 378/491/222
f 347/486/224 348/492/226 412/492/226 407/487/224
f 340/493/225 341/494/227 388/495/227 383/496/225
f 348/492/226 349/497/228 417/498/228 412/499/226
f 341/500/227 342/452/207 393/452/207 388/495/227
f 352/467/218 334/453/210 355/453/210 432/501/218
f 349/497/228 350/459/212 422/459/212 417/498/228
f 333/454/211 335/502/223 358/481/223 353/503/211
f 355/455/229 353/454/230 354/504/231 357/505/232
f 357/505/232 354/504/231 519/506/233 520/507/234 356/508/235
f 356/508/235 520/507/234 521/509/236
f 353/503/230 358/481/237 359/510/238 354/504/231
f 354/504/231 359/510/238 360/511/239 503/512/240 502/513/241 519/506/233
f 358/484/237 363/483/242 364/514/243 359/510/238
f 359/510/238 364/514/243 365/515/244 360/511/239
f 360/511/239 365/515/244 366/516/245 361/517/246
f 361/517/246 366/516/245 367/518/247 362/519/248
f 362/519/248 367/518/247 509/520/249 507/521/250
f 363/466/242 368/465/251 369/522/252 364/514/243
f 364/514/243 369/522/252 370/523/253 365/515/244
f 365/515/244 370/523/253 371/524/254 366/516/245
f 366/516/245 371/524/254 372/525/255 367/518/247
f 367/518/247 372/525/255 508/526/256 509/520/249
f 368/474/251 373/473/257 374/527/258 369/522/252
f 369/522/252 374/527/258 375/528/259 370/523/253
f 370/523/253 375/528/259 376/529/260 371/524/254
f 371/524/254 376/529/260 377/530/261 372/525/255
f 372/525/255 377/530/261 510/531/262 508/526/256
f 373/473/257 378/480/263 379/532/264 374/527/258
f 374/527/258 379/532/264 380/533/265 375/528/259
f 375/528/259 380/533/265 381/534/266 376/529/260
f 376/529/260 381/534/266 382/535/267 377/530/261
f 377/530/261 382/535/267 513/536/268 510/531/262
f 378/491/263 383/490/269 384/537/270 379/532/264
f 379/532/264 384/537/270 385/538/271 380/533/265
f 380/533/265 385/538/271 386/539/272 381/534/266
f 381/534/266 386/539/272 387/540/273 382/535/267
f 382/535/267 387/540/273 511/541/274 513/536/268
f 383/496/269 388/495/275 389/542/276 384/537/270
f 384/537/270 389/542/276 390/543/277 385/538/271
f 385/538/271 390/543/277 391/544/278 386/539/272
f 386/539/272 391/544/278 392/545/279 387/540/273
f 387/540/273 392/545/279 512/546/280 511/541/274
f 388/495/275 393/452/281 394/547/282 389/542/276
f 389/542/276 394/547/282 498/548/283 499/549/284 390/543/277
f 390/543/277 499/549/284 501/550/285 391/544/278
f 391/544/278 501/550/285 505/551/286 392/545/279
f 392/545/279 505/551/286 512/546/280
f 393/452/281 497/451/287 500/552/288 394/547/282
f 394/547/282 500/552/288 498/548/283
f 395/471/289 397/470/290 398/553/291 396/554/292
f 396/554/292 398/553/291 399/555/293 528/556/294 526/557/295
f 397/478/290 402/477/296 403/558/297 398/553/291
f 398/553/291 403/558/297 404/559/298 399/555/293
f 399/555/293 404/559/298 405/560/299 400/561/300
f 400/561/300 405/560/299 406/562/301 401/563/302
f 401/563/302 406/562/301 532/564/303 533/565/304
f 402/488/296 407/487/305 408/566/306 403/558/297
f 403/558/297 408/566/306 409/567/307 404/559/298
f 404/559/298 409/567/307 410/568/308 405/560/299
f 405/560/299 410/568/308 411/569/309 406/562/301
f 406/562/301 411/569/309 537/570/310 532/564/303
f 407/487/305 412/492/311 413/571/312 408/566/306
f 408/566/306 413/571/312 414/572/313 409/567/307
f 409/567/307 414/572/313 415/573/314 410/568/308
f 410/568/308 415/573/314 416/574/315 411/569/309
f 411/569/309 416/574/315 536/575/316 537/570/310
f 412/499/311 417/498/317 418/576/318 413/571/312
f 413/571/312 418/576/318 419/577/319 414/572/313
f 414/572/313 419/577/319 420/578/320 415/573/314
f 415/573/314 420/578/320 421/579/321 416/574/315
f 416/574/315 421/579/321 535/580/322 536/575/316
f 417/498/317 422/459/323 423/581/324 418/576/318
f 418/576/318 423/581/324 424/582/325 419/577/319
f 419/577/319 424/582/325 425/583/326 420/578/320
f 420/578/320 425/583/326 426/584/327 421/579/321
f 421/579/321 426/584/327 531/585/328 535/580/322
f 422/459/323 427/458/329 428/586/330 423/581/324
f 423/581/324 428/586/330 429/587/331 424/582/325
f 424/582/325 429/587/331 430/588/332 425/583/326
f 425/583/326 430/588/332 431/589/333 426/584/327
f 426/584/327 431/589/333 530/590/334 531/585/328
f 427/468/329 432/467/335 433/591/336 428/586/330
f 428/586/330 433/591/336 517/592/337 518/593/338 522/594/339 429/587/331
f 429/587/331 522/594/339 523/595/340 430/588/332
f 430/588/332 523/595/340 529/596/341 431/589/333
f 431/589/333 529/596/341 530/590/334
f 432/501/335 355/453/229 357/505/232 433/591/336
f 433/591/336 357/505/232 356/508/235 516/597/342 517/592/337
f 434/454/343 443/452/343 442/494/343 441/489/343 440/479/343 439/472/343 438/464/343 437/482/343 436/502/343
f 333/454/344 334/453/345 435/453/345 434/454/344
f 335/502/346 333/454/344 434/454/344 436/502/346
f 336/482/347 335/481/346 436/481/346 437/482/347
f 337/464/348 336/463/347 437/463/347 438/464/348
f 338/472/349 337/464/348 438/464/348 439/472/349
f 339/479/350 338/473/349 439/473/349 440/479/350
f 340/489/351 339/479/350 440/479/350 441/489/351
f 341/494/352 340/493/351 441/493/351 442/494/352
f 342/452/353 341/500/352 442/500/352 443/452/353
f 343/448/354 342/447/353 443/447/353 444/448/354
f 344/460/355 343/448/354 444/448/354 445/460/355
f 345/469/356 344/460/355 445/460/355 446/469/356
f 346/476/357 345/475/356 446/475/356 447/476/357
f 347/486/358 346/485/357 447/485/357 448/486/358
f 348/492/359 347/486/358 448/486/358 449/492/359
f 349/497/360 348/492/359 449/492/359 450/497/360
f 350/459/361 349/497/360 450/497/360 451/459/361
f 351/457/362 350/456/361 451/456/361 452/457/362
f 352/467/363 351/457/362 452/457/362 453/467/363
f 334/453/345 352/467/363 453/467/363 435/453/345
f 443/452/364 434/454/364 454/454/364 456/598/364 457/599/364 458/600/364 459/601/364 460/602/364 455/603/364 475/604/364 477/605/364 478/606/364 479/607/364 480/608/364 481/609/364 476/452/364
f 445/460/343 453/467/343 452/457/343 451/459/343 450/497/343 449/492/343 448/486/343 447/476/343 446/469/343
f 453/467/365 445/460/365 482/460/365 484/610/365 485/611/365 486/612/365 487/613/365 488/614/365 483/615/365 489/616/365 491/617/365 492/618/365 493/619/365 494/620/365 495/621/365 490/467/365
f 435/453/366 453/467/367 490/467/367 461/455/366
f 444/448/368 443/447/369 476/447/369 469/448/368
f 475/622/343 455/604/343 462/623/343 489/615/343 483/624/343 468/625/343
f 445/460/370 444/448/368 469/448/368 482/460/370
f 454/454/371 461/455/372 463/626/373 456/598/374
f 456/598/374 463/626/373 464/627/375 457/599/376
f 457/599/376 464/627/375 465/628/377 458/600/378
f 458/600/378 465/628/377 466/629/379 459/601/380
f 459/601/380 466/629/379 467/630/381 460/602/382
f 460/602/382 467/630/381 462/623/383 455/604/384
f 469/448/385 476/447/386 481/609/387 474/631/388
f 474/631/388 481/609/387 480/608/389 473/632/390
f 473/632/390 480/608/389 479/607/391 472/633/392
f 472/633/392 479/607/391 478/606/393 471/634/394
f 471/634/394 478/606/393 477/605/395 470/635/396
f 470/635/396 477/605/395 475/622/397 468/625/398
f 482/460/399 469/448/385 474/631/388 484/610/400
f 484/610/400 474/631/388 473/632/390 485/611/401
f 485/611/401 473/632/390 472/633/392 486/612/402
f 486/612/402 472/633/392 471/634/394 487/613/403
f 487/613/403 471/634/394 470/635/396 488/614/404
f 488/614/404 470/635/396 468/625/398 483/624/405
f 461/455/372 490/467/406 495/621/407 463/626/373
f 463/626/373 495/621/407 494/620/408 464/627/375
f 464/627/375 494/620/408 493/619/409 465/628/377
f 465/628/377 493/619/409 492/618/410 466/629/379
f 466/629/379 492/618/410 491/617/411 467/630/381
f 467/630/381 491/617/411 489/615/412 462/623/383
f 434/454/413 435/453/366 461/455/366 454/454/413
f 504/636/414 503/512/240 360/511/239 361/517/246
f 527/637/415 528/556/294 399/555/293 400/561/300
f 525/638/416 524/461/417 395/460/289 396/554/292
s 0
f 518/639/364 332/639/364 515/639/364 524/639/364 525/639/364 526/639/364 528/639/364 527/639/364 534/639/364 533/639/364 532/639/364 537/639/364 536/639/364 535/639/364 531/639/364 530/639/364 529/639/364 523/639/364 522/639/364
s 1
f 526/557/295 525/638/416 396/554/292
f 533/565/304 534/640/418 401/563/302
s 0
f 515/639/419 332/639/419 331/639/419 496/639/419 514/639/419
f 496/639/365 331/639/365 502/639/365 503/639/365 504/639/365 506/639/365 507/639/365 509/639/365 508/639/365 510/639/365 513/639/365 511/639/365 512/639/365 505/639/365 501/639/365 499/639/365 498/639/365 500/639/365 497/639/365
s 1
f 521/509/236 516/597/342 356/508/235
f 506/641/420 504/636/414 361/517/246 362/519/248
s 0
f 502/639/368 331/639/368 332/639/368 518/639/368 517/639/368 516/639/368 521/639/368 520/639/368 519/639/368
s 1
f 534/640/418 527/637/415 400/561/300 401/563/302
f 507/521/250 506/641/420 362/519/248
o Cylinder.010
v -0.799746 -2.438218 -0.989004
v -0.814191 -2.438218 -0.989004
v -0.799746 -2.402938 -0.989004
v -0.814191 -2.402938 -0.989004
v -0.799746 -2.438218 -1.039193
v -0.814191 -2.438218 -1.039193
v -0.799746 -2.402938 -1.039193
v -0.814191 -2.402938 -1.039193
vn -0.0000 -0.0000 1.0000
vn -0.0000 -0.0000 -1.0000
vn 1.0000 -0.0000 -0.0000
vn -0.0000 1.0000 -0.0000
vn -1.0000 -0.0000 -0.0000
vn -0.0000 -1.0000 -0.0000
vt 0.000000 0.000000
s 0
usemtl Material.001
f 538/642/421 540/642/421 541/642/421 539/642/421
f 542/642/422 543/642/422 545/642/422 544/642/422
f 540/642/423 538/642/423 542/642/423 544/642/423
f 541/642/424 540/642/424 544/642/424 545/642/424
f 539/642/425 541/642/425 545/642/425 543/642/425
f 538/642/426 539/642/426 543/642/426 542/642/426
o Cylinder.006
v -0.785390 0.532025 -1.083526
v -0.779586 0.520802 -1.101389
v -0.806969 0.520802 -1.105726
v -0.806969 0.532025 -1.086944
v -0.765923 0.532025 -1.073608
v -0.754883 0.520802 -1.088802
v -0.750474 0.532025 -1.058159
v -0.735279 0.520802 -1.069198
v -0.740555 0.532025 -1.038692
v -0.722692 0.520802 -1.044496
v -0.737138 0.532025 -1.017113
v -0.718355 0.520802 -1.017113
v -0.740555 0.532025 -0.995534
v -0.722692 0.520802 -0.989730
v -0.750474 0.532025 -0.976067
v -0.735279 0.520802 -0.965028
v -0.765923 0.532025 -0.960619
v -0.754883 0.520802 -0.945424
v -0.785390 0.532025 -0.950700
v -0.779586 0.520802 -0.932837
v -0.806969 0.532025 -0.947282
v -0.806969 0.520802 -0.928500
v -0.828548 0.532025 -0.950700
v -0.834351 0.520802 -0.932837
v -0.848014 0.532025 -0.960619
v -0.859054 0.520802 -0.945424
v -0.863463 0.532025 -0.976067
v -0.878658 0.520802 -0.965028
v -0.873382 0.532025 -0.995534
v -0.891245 0.520802 -0.989730
v -0.876800 0.532025 -1.017113
v -0.895582 0.520802 -1.017113
v -0.873382 0.532025 -1.038692
v -0.891245 0.520802 -1.044496
v -0.863463 0.532025 -1.058159
v -0.878658 0.520802 -1.069198
v -0.848014 0.532025 -1.073608
v -0.859054 0.520802 -1.088802
v -0.828548 0.532025 -1.083526
v -0.834351 0.520802 -1.101389
v -0.806969 0.532025 -1.094459
v -0.783067 0.532025 -1.090674
v -0.761506 0.532025 -1.079688
v -0.744394 0.532025 -1.062576
v -0.733408 0.532025 -1.041014
v -0.729622 0.532025 -1.017113
v -0.733408 0.532025 -0.993212
v -0.744394 0.532025 -0.971650
v -0.761506 0.532025 -0.954539
v -0.783067 0.532025 -0.943552
v -0.806969 0.532025 -0.939767
v -0.830870 0.532025 -0.943552
v -0.852432 0.532025 -0.954539
v -0.869543 0.532025 -0.971650
v -0.880529 0.532025 -0.993212
v -0.884315 0.532025 -1.017113
v -0.880529 0.532025 -1.041014
v -0.869543 0.532025 -1.062576
v -0.852432 0.532025 -1.079688
v -0.830870 0.532025 -1.090674
v -0.806969 0.519683 -1.077301
v -0.788370 0.519683 -1.074355
v -0.771591 0.519683 -1.065806
v -0.758276 0.519683 -1.052490
v -0.749727 0.519683 -1.035712
v -0.746781 0.519683 -1.017113
v -0.749727 0.519683 -0.998514
v -0.758276 0.519683 -0.981736
v -0.771591 0.519683 -0.968420
v -0.788370 0.519683 -0.959871
v -0.806969 0.519683 -0.956926
v -0.825568 0.519683 -0.959871
v -0.842346 0.519683 -0.968420
v -0.855661 0.519683 -0.981736
v -0.864210 0.519683 -0.998514
v -0.867156 0.519683 -1.017113
v -0.864210 0.519683 -1.035712
v -0.855661 0.519683 -1.052490
v -0.842346 0.519683 -1.065806
v -0.825568 0.519683 -1.074355
v -0.806969 0.519683 -1.086944
v -0.785390 0.519683 -1.083526
v -0.765923 0.519683 -1.073608
v -0.750474 0.519683 -1.058159
v -0.740555 0.519683 -1.038692
v -0.737138 0.519683 -1.017113
v -0.740555 0.519683 -0.995534
v -0.750474 0.519683 -0.976067
v -0.765923 0.519683 -0.960619
v -0.785390 0.519683 -0.950700
v -0.806969 0.519683 -0.947282
v -0.828548 0.519683 -0.950700
v -0.848014 0.519683 -0.960619
v -0.863463 0.519683 -0.976067
v -0.873382 0.519683 -0.995534
v -0.876800 0.519683 -1.017113
v -0.873382 0.519683 -1.038692
v -0.863463 0.519683 -1.058159
v -0.848014 0.519683 -1.073608
v -0.828548 0.519683 -1.083526
v -0.806969 0.540932 -1.070661
v -0.790421 0.540932 -1.068040
v -0.775494 0.540932 -1.060434
v -0.763647 0.540932 -1.048588
v -0.756042 0.540932 -1.033660
v -0.753421 0.540932 -1.017113
v -0.756042 0.540932 -1.000566
v -0.763647 0.540932 -0.985638
v -0.775494 0.540932 -0.973792
v -0.790421 0.540932 -0.966186
v -0.806969 0.540932 -0.963565
v -0.823516 0.540932 -0.966186
v -0.838443 0.540932 -0.973792
v -0.850290 0.540932 -0.985638
v -0.857896 0.540932 -1.000566
v -0.860516 0.540932 -1.017113
v -0.857896 0.540932 -1.033660
v -0.850290 0.540932 -1.048588
v -0.838443 0.540932 -1.060434
v -0.823516 0.540932 -1.068040
v -0.764835 -0.603889 -1.075104
v -0.766410 -0.621942 -1.072937
v -0.770706 -0.638764 -1.067024
v -0.777431 -0.653210 -1.057768
v -0.748977 -0.603889 -1.059246
v -0.751144 -0.621942 -1.057672
v -0.757057 -0.638764 -1.053376
v -0.766313 -0.653210 -1.046650
v -0.778282 -0.664294 -1.037954
v -0.738795 -0.603889 -1.039264
v -0.741342 -0.621942 -1.038436
v -0.748293 -0.638764 -1.036178
v -0.759175 -0.653210 -1.032642
v -0.773245 -0.664294 -1.028070
v -0.735287 -0.603889 -1.017113
v -0.737965 -0.621942 -1.017113
v -0.745274 -0.638764 -1.017113
v -0.756715 -0.653210 -1.017113
v -0.771510 -0.664294 -1.017113
v -0.738795 -0.603889 -0.994962
v -0.741342 -0.621942 -0.995790
v -0.748293 -0.638764 -0.998049
v -0.759175 -0.653210 -1.001584
v -0.773245 -0.664294 -1.006156
v -0.748977 -0.603889 -0.974980
v -0.751144 -0.621942 -0.976554
v -0.757057 -0.638764 -0.980851
v -0.766313 -0.653210 -0.987576
v -0.778282 -0.664294 -0.996272
v -0.764835 -0.603889 -0.959122
v -0.766410 -0.621942 -0.961289
v -0.770706 -0.638764 -0.967202
v -0.777431 -0.653210 -0.976458
v -0.849102 -0.603889 -0.959122
v -0.847527 -0.621942 -0.961289
v -0.843231 -0.638764 -0.967202
v -0.836506 -0.653210 -0.976458
v -0.864960 -0.603889 -0.974980
v -0.862793 -0.621942 -0.976554
v -0.856880 -0.638764 -0.980851
v -0.847624 -0.653210 -0.987576
v -0.835655 -0.664294 -0.996272
v -0.875142 -0.603889 -0.994962
v -0.872595 -0.621942 -0.995790
v -0.865644 -0.638764 -0.998049
v -0.854762 -0.653210 -1.001584
v -0.840692 -0.664294 -1.006156
v -0.878651 -0.603889 -1.017113
v -0.875972 -0.621942 -1.017113
v -0.868663 -0.638764 -1.017113
v -0.857222 -0.653210 -1.017113
v -0.842427 -0.664294 -1.017113
v -0.875142 -0.603889 -1.039264
v -0.872595 -0.621942 -1.038436
v -0.865644 -0.638764 -1.036178
v -0.854762 -0.653210 -1.032642
v -0.840692 -0.664294 -1.028070
v -0.864960 -0.603889 -1.059246
v -0.862793 -0.621942 -1.057672
v -0.856880 -0.638764 -1.053376
v -0.847624 -0.653210 -1.046650
v -0.835655 -0.664294 -1.037954
v -0.849102 -0.603889 -1.075104
v -0.847527 -0.621942 -1.072937
v -0.843231 -0.638764 -1.067024
v -0.836506 -0.653210 -1.057768
v -0.830678 -0.621942 -0.952703
v -0.830678 -0.638764 -0.960805
v -0.830678 -0.653210 -0.973488
v -0.830678 -0.666796 -1.034338
v -0.830678 -0.666796 -0.999888
v -0.830678 -0.664294 -0.991294
v -0.830678 -0.668576 -1.024816
v -0.830678 -0.669072 -1.017113
v -0.830678 -0.668576 -1.009411
v -0.830678 -0.660639 -0.984480
v -0.830678 -0.664294 -1.042932
v -0.830678 -0.579416 -1.084900
v -0.830678 -0.603889 -1.084492
v -0.830678 -0.579416 -0.949326
v -0.830678 -0.603889 -0.949734
v -0.830678 -0.621942 -1.081523
v -0.830678 -0.638764 -1.073421
v -0.830678 -0.653210 -1.060738
v -0.830678 -0.660639 -1.049746
v -0.784704 -0.579416 -0.948590
v -0.806969 -0.579416 -1.089163
v -0.784704 -0.579416 -1.085636
v -0.829233 -0.579416 -1.085636
v -0.783260 -0.579416 -0.949326
v -0.783260 -0.579416 -1.084900
v -0.806969 -0.579416 -0.945064
v -0.829233 -0.579416 -0.948590
v -0.783260 -0.603889 -1.084492
v -0.783260 -0.621942 -1.081523
v -0.783260 -0.638764 -1.073421
v -0.783260 -0.653210 -1.060738
v -0.783260 -0.653210 -0.973488
v -0.783260 -0.664294 -0.991294
v -0.783260 -0.660639 -0.984481
v -0.783260 -0.660639 -1.049746
v -0.783260 -0.664294 -1.042932
v -0.783260 -0.668576 -1.024816
v -0.783260 -0.669072 -1.017113
v -0.783260 -0.668576 -1.009411
v -0.783260 -0.666796 -1.034338
v -0.783260 -0.666796 -0.999889
v -0.783260 -0.603889 -0.949734
v -0.783260 -0.621942 -0.952703
v -0.783260 -0.638764 -0.960805
vn 0.5878 -0.0000 0.8090
vn 0.8090 -0.0000 0.5878
vn 0.2181 0.7085 -0.6712
vn -0.0000 0.7085 -0.7058
vn 0.4148 0.7085 -0.5710
vn 0.5710 0.7085 -0.4148
vn 0.6712 0.7085 -0.2181
vn 0.7057 0.7085 -0.0000
vn 0.6712 0.7085 0.2181
vn 0.5710 0.7085 0.4148
vn 0.4148 0.7085 0.5710
vn 0.2181 0.7085 0.6712
vn -0.0000 0.7085 0.7058
vn -0.2181 0.7085 0.6712
vn -0.4148 0.7085 0.5710
vn -0.5710 0.7085 0.4148
vn -0.6712 0.7085 0.2181
vn -0.7057 0.7085 -0.0000
vn -0.6712 0.7085 -0.2181
vn -0.5710 0.7085 -0.4148
vn -0.4148 0.7085 -0.5710
vn -0.2181 0.7085 -0.6712
vn -0.0000 1.0000 -0.0000
vn 0.7722 0.2983 0.5610
vn 0.9078 0.2983 0.2950
vn 0.3090 -0.0000 -0.9511
vn -0.0000 -0.0000 -1.0000
vn -0.9511 -0.0000 0.3090
vn -0.8090 -0.0000 0.5878
vn 0.3090 -0.0000 0.9511
vn 0.5878 -0.0000 -0.8090
vn -1.0000 -0.0000 -0.0000
vn -0.0000 -0.0000 1.0000
vn 0.8090 -0.0000 -0.5878
vn -0.9511 -0.0000 -0.3090
vn 0.9511 -0.0000 -0.3090
vn -0.8090 -0.0000 -0.5878
vn 1.0000 -0.0000 -0.0000
vn -0.5878 -0.0000 -0.8090
vn -0.3090 -0.0000 0.9511
vn 0.9511 -0.0000 0.3090
vn -0.3090 -0.0000 -0.9511
vn -0.5878 -0.0000 0.8090
vn -0.9545 0.2983 -0.0000
vn -0.9078 0.2983 0.2950
vn 0.5610 0.2983 0.7722
vn 0.2950 0.2983 -0.9078
vn -0.0000 0.2983 -0.9545
vn -0.9078 0.2983 -0.2950
vn 0.2950 0.2983 0.9078
vn 0.5610 0.2983 -0.7722
vn -0.7722 0.2983 -0.5610
vn -0.0000 0.2983 0.9545
vn 0.7722 0.2983 -0.5610
vn -0.5610 0.2983 -0.7722
vn -0.2950 0.2983 0.9078
vn 0.9078 0.2983 -0.2950
vn -0.2950 0.2983 -0.9078
vn -0.5610 0.2983 0.7722
vn 0.9545 0.2983 -0.0000
vn -0.7722 0.2983 0.5610
vn -0.5877 -0.0151 -0.8089
vn -0.3090 -0.0151 -0.9509
vn -0.4539 -0.0149 -0.8909
vn 0.9509 -0.0151 0.3090
vn 0.8089 -0.0151 0.5877
vn -0.3090 -0.0151 0.9509
vn -0.5877 -0.0151 0.8089
vn -0.4539 -0.0149 0.8909
vn -0.9509 -0.0151 -0.3090
vn -0.8089 -0.0151 -0.5877
vn 0.9509 -0.0151 -0.3090
vn 0.9999 -0.0151 -0.0000
vn 0.3090 -0.0151 0.9509
vn -0.0000 -0.0151 0.9999
vn -0.9509 -0.0151 0.3090
vn -0.9999 -0.0151 -0.0000
vn -0.0000 -0.0151 -0.9999
vn 0.3090 -0.0151 -0.9509
vn 0.5877 -0.0151 0.8089
vn -0.8089 -0.0151 0.5877
vn 0.5877 -0.0151 -0.8089
vn 0.8089 -0.0151 -0.5877
vn 0.4539 -0.0149 0.8909
vn 0.4539 -0.0149 -0.8909
vn 0.4138 -0.7102 -0.5696
vn 0.3279 -0.6915 -0.6436
vn 0.3955 -0.4909 -0.7763
vn 0.5062 -0.5084 -0.6967
vn 0.4383 -0.2606 -0.8602
vn 0.5657 -0.2716 -0.7786
vn 0.4492 -0.1450 -0.8816
vn 0.5814 -0.1468 -0.8003
vn 0.4059 -0.8650 -0.2949
vn 0.3874 -0.8366 -0.3874
vn 0.4032 -0.7987 -0.4467
vn 0.5696 -0.7102 -0.4138
vn 0.6966 -0.5084 -0.5062
vn 0.7786 -0.2716 -0.5657
vn 0.8002 -0.1468 -0.5814
vn 0.4772 -0.8650 -0.1551
vn 0.6696 -0.7102 -0.2176
vn 0.8190 -0.5084 -0.2661
vn 0.9153 -0.2716 -0.2974
vn 0.9408 -0.1468 -0.3057
vn 0.5017 -0.8650 -0.0000
vn 0.7040 -0.7102 -0.0000
vn 0.8611 -0.5084 -0.0000
vn 0.9624 -0.2716 -0.0000
vn 0.9892 -0.1468 -0.0000
vn 0.4772 -0.8650 0.1551
vn 0.6696 -0.7102 0.2176
vn 0.8190 -0.5084 0.2661
vn 0.9153 -0.2716 0.2974
vn 0.9408 -0.1468 0.3057
vn 0.4059 -0.8650 0.2949
vn 0.5696 -0.7102 0.4138
vn 0.6966 -0.5084 0.5062
vn 0.7786 -0.2716 0.5657
vn 0.8002 -0.1468 0.5814
vn 0.4138 -0.7102 0.5696
vn 0.5062 -0.5084 0.6967
vn 0.5657 -0.2716 0.7786
vn 0.5814 -0.1468 0.8003
vn -0.4138 -0.7102 0.5696
vn -0.3279 -0.6915 0.6436
vn -0.3955 -0.4909 0.7763
vn -0.5062 -0.5084 0.6967
vn -0.4383 -0.2606 0.8602
vn -0.5657 -0.2716 0.7786
vn -0.4492 -0.1450 0.8816
vn -0.5814 -0.1468 0.8003
vn -0.4059 -0.8650 0.2949
vn -0.3874 -0.8366 0.3874
vn -0.4032 -0.7987 0.4467
vn -0.5696 -0.7102 0.4138
vn -0.6966 -0.5084 0.5062
vn -0.7786 -0.2716 0.5657
vn -0.8002 -0.1468 0.5814
vn -0.4772 -0.8650 0.1551
vn -0.6696 -0.7102 0.2176
vn -0.8190 -0.5084 0.2661
vn -0.9153 -0.2716 0.2974
vn -0.9408 -0.1468 0.3057
vn -0.5017 -0.8650 -0.0000
vn -0.7040 -0.7102 -0.0000
vn -0.8611 -0.5084 -0.0000
vn -0.9624 -0.2716 -0.0000
vn -0.9892 -0.1468 -0.0000
vn -0.4772 -0.8650 -0.1551
vn -0.6696 -0.7102 -0.2176
vn -0.8190 -0.5084 -0.2661
vn -0.9153 -0.2716 -0.2974
vn -0.9408 -0.1468 -0.3057
vn -0.4059 -0.8650 -0.2949
vn -0.5696 -0.7102 -0.4138
vn -0.6966 -0.5084 -0.5062
vn -0.7786 -0.2716 -0.5657
vn -0.8002 -0.1468 -0.5814
vn -0.4138 -0.7102 -0.5696
vn -0.5062 -0.5084 -0.6967
vn -0.5657 -0.2716 -0.7786
vn -0.5814 -0.1468 -0.8003
vn 0.3196 -0.9261 -0.2007
vn 0.3955 -0.4909 0.7763
vn 0.3279 -0.6915 0.6436
vn -0.3196 -0.9261 -0.2007
vn -0.3622 -0.9263 -0.1041
vn 0.4032 -0.7987 0.4467
vn 0.3874 -0.8366 0.3874
vn -0.4383 -0.2606 -0.8602
vn -0.3955 -0.4909 -0.7763
vn 0.4383 -0.2606 0.8602
vn -0.3196 -0.9261 0.2007
vn -0.3874 -0.8366 -0.3874
vn 0.3622 -0.9263 -0.1041
vn -0.4032 -0.7987 -0.4467
vn -0.3279 -0.6915 -0.6436
vn 0.3196 -0.9261 0.2007
vn 0.3622 -0.9263 0.1041
vn -0.3622 -0.9263 0.1041
vn -0.3766 -0.9264 -0.0000
vn 0.3766 -0.9264 -0.0000
vn -0.0000 -1.0000 -0.0000
vn -0.4492 -0.1450 -0.8816
vn 0.4492 -0.1450 0.8816
vt 0.138953 0.402843
vt 0.097157 0.361047
vt 0.324123 0.478260
vt 0.250041 0.489994
vt 0.250000 0.459257
vt 0.314664 0.449015
vt 0.391032 0.444183
vt 0.324201 0.478235
vt 0.372998 0.419292
vt 0.444135 0.391098
vt 0.391098 0.444135
vt 0.419292 0.372998
vt 0.478235 0.324200
vt 0.444183 0.391032
vt 0.449015 0.314664
vt 0.489994 0.250040
vt 0.478260 0.324124
vt 0.459257 0.250000
vt 0.478260 0.175876
vt 0.489994 0.249960
vt 0.449015 0.185336
vt 0.444183 0.108968
vt 0.478235 0.175800
vt 0.419292 0.127002
vt 0.391098 0.055865
vt 0.444135 0.108902
vt 0.372998 0.080708
vt 0.324201 0.021765
vt 0.391032 0.055817
vt 0.314664 0.050985
vt 0.250041 0.010006
vt 0.324123 0.021740
vt 0.250000 0.040743
vt 0.175877 0.021740
vt 0.249959 0.010006
vt 0.185336 0.050985
vt 0.108968 0.055817
vt 0.175799 0.021765
vt 0.127002 0.080708
vt 0.055865 0.108902
vt 0.108902 0.055865
vt 0.080708 0.127002
vt 0.021765 0.175800
vt 0.055817 0.108968
vt 0.050985 0.185336
vt 0.010006 0.249960
vt 0.021740 0.175876
vt 0.040743 0.250000
vt 0.021740 0.324124
vt 0.010006 0.250040
vt 0.050985 0.314664
vt 0.055817 0.391032
vt 0.021765 0.324200
vt 0.080708 0.372998
vt 0.108902 0.444135
vt 0.055865 0.391098
vt 0.127002 0.419292
vt 0.175799 0.478235
vt 0.108968 0.444183
vt 0.185336 0.449015
vt 0.249959 0.489994
vt 0.175877 0.478260
vt 0.250000 0.438924
vt 0.308381 0.429678
vt 0.361047 0.402843
vt 0.402843 0.361047
vt 0.429678 0.308381
vt 0.438924 0.250000
vt 0.429678 0.191619
vt 0.402843 0.138953
vt 0.361047 0.097157
vt 0.308381 0.070322
vt 0.250000 0.061076
vt 0.191619 0.070322
vt 0.138953 0.097157
vt 0.097157 0.138953
vt 0.070322 0.191619
vt 0.061076 0.250000
vt 0.070322 0.308381
vt 0.191619 0.429678
vt 0.381736 0.154289
vt 0.404864 0.199681
vt 0.404864 0.199681
vt 0.381736 0.154289
vt 0.250000 0.412834
vt 0.300318 0.404864
vt 0.345712 0.381736
vt 0.381736 0.345711
vt 0.404864 0.300319
vt 0.412834 0.250000
vt 0.345712 0.118264
vt 0.300319 0.095136
vt 0.250000 0.087166
vt 0.199682 0.095136
vt 0.154288 0.118264
vt 0.118264 0.154289
vt 0.095136 0.199681
vt 0.087166 0.250000
vt 0.095136 0.300318
vt 0.118264 0.345711
vt 0.154289 0.381736
vt 0.199681 0.404864
vt 0.300318 0.404864
vt 0.199681 0.404864
vt 0.095136 0.300318
vt 0.087166 0.250000
vt 0.095136 0.199681
vt 0.118264 0.154289
vt 0.154289 0.118264
vt 0.199682 0.095136
vt 0.250000 0.087166
vt 0.300319 0.095136
vt 0.345712 0.118264
vt 0.170996 0.475788
vt 0.170587 0.475579
vt 0.170587 0.024421
vt 0.170996 0.024212
vt 0.175799 0.021765
vt 0.055865 0.108902
vt 0.055865 0.391098
vt 0.489994 0.249960
vt 0.249959 0.010006
vt 0.444183 0.391032
vt 0.329004 0.024212
vt 0.329413 0.024421
vt 0.391032 0.055817
vt 0.329413 0.475579
vt 0.329004 0.475788
vt 0.324201 0.478235
vt 0.390056 0.442800
vt 0.362428 0.456876
vt 0.341930 0.468330
vt 0.390606 0.443528
vt 0.332393 0.473835
vt 0.390949 0.443999
vt 0.347467 0.320829
vt 0.330553 0.337739
vt 0.343643 0.378910
vt 0.442777 0.390086
vt 0.443528 0.390606
vt 0.443999 0.390949
vt 0.364584 0.287247
vt 0.476630 0.323658
vt 0.477506 0.323921
vt 0.478060 0.324101
vt 0.370486 0.250019
vt 0.488300 0.250020
vt 0.489214 0.250000
vt 0.489796 0.250000
vt 0.364595 0.212789
vt 0.476643 0.176380
vt 0.477506 0.176079
vt 0.478060 0.175899
vt 0.347486 0.179201
vt 0.442801 0.109947
vt 0.443528 0.109393
vt 0.443999 0.109051
vt 0.390086 0.057223
vt 0.390606 0.056472
vt 0.390949 0.056001
vt 0.109947 0.057199
vt 0.137588 0.043119
vt 0.158070 0.031670
vt 0.109394 0.056472
vt 0.167607 0.026165
vt 0.109051 0.056001
vt 0.152541 0.179168
vt 0.169457 0.162258
vt 0.156366 0.121087
vt 0.057223 0.109914
vt 0.056472 0.109393
vt 0.056001 0.109051
vt 0.135422 0.212751
vt 0.023370 0.176342
vt 0.022494 0.176079
vt 0.021940 0.175899
vt 0.129519 0.249979
vt 0.011700 0.249980
vt 0.010786 0.250000
vt 0.010204 0.250000
vt 0.135410 0.287209
vt 0.023357 0.323620
vt 0.022494 0.323921
vt 0.021940 0.324101
vt 0.152519 0.320798
vt 0.057199 0.390053
vt 0.056472 0.390607
vt 0.056001 0.390949
vt 0.109914 0.442777
vt 0.109394 0.443528
vt 0.109051 0.443999
vt 0.330555 0.308538
vt 0.341930 0.031670
vt 0.362447 0.043138
vt 0.169434 0.308512
vt 0.169439 0.276158
vt 0.000000 0.000000
vt 0.343669 0.121111
vt 0.330576 0.162285
vt 0.167607 0.473835
vt 0.158070 0.468330
vt 0.332393 0.026165
vt 0.169453 0.191459
vt 0.169430 0.337713
vt 0.330559 0.276184
vt 0.156335 0.378888
vt 0.137553 0.456862
vt 0.330571 0.191486
vt 0.330566 0.223841
vt 0.169448 0.223814
vt 0.169444 0.249986
vt 0.330563 0.250012
s 1
usemtl Material.001
f 582/643/427 580/644/428 643/644/428 644/643/427
f 547/645/429 548/646/430 586/647/430 587/648/429
f 551/649/431 547/650/429 587/648/429 588/651/431
f 553/652/432 551/653/431 588/651/431 589/654/432
f 555/655/433 553/656/432 589/654/432 590/657/433
f 557/658/434 555/659/433 590/657/433 591/660/434
f 559/661/435 557/662/434 591/660/434 592/663/435
f 561/664/436 559/665/435 592/663/435 593/666/436
f 563/667/437 561/668/436 593/666/436 594/669/437
f 565/670/438 563/671/437 594/669/437 595/672/438
f 567/673/439 565/674/438 595/672/438 596/675/439
f 569/676/440 567/677/439 596/675/439 597/678/440
f 571/679/441 569/680/440 597/678/440 598/681/441
f 573/682/442 571/683/441 598/681/441 599/684/442
f 575/685/443 573/686/442 599/684/442 600/687/443
f 577/688/444 575/689/443 600/687/443 601/690/444
f 579/691/445 577/692/444 601/690/444 602/693/445
f 581/694/446 579/695/445 602/693/445 603/696/446
f 583/697/447 581/698/446 603/696/446 604/699/447
f 585/700/448 583/701/447 604/699/447 605/702/448
f 548/703/430 585/704/448 605/702/448 586/647/430
f 549/705/449 546/706/449 587/648/449 586/647/449
f 546/706/449 550/707/449 588/651/449 587/648/449
f 550/707/449 552/708/449 589/654/449 588/651/449
f 552/708/449 554/709/449 590/657/449 589/654/449
f 554/709/449 556/710/449 591/660/449 590/657/449
f 556/710/449 558/711/449 592/663/449 591/660/449
f 558/711/449 560/712/449 593/666/449 592/663/449
f 560/712/449 562/713/449 594/669/449 593/666/449
f 562/713/449 564/714/449 595/672/449 594/669/449
f 564/714/449 566/715/449 596/675/449 595/672/449
f 566/715/449 568/716/449 597/678/449 596/675/449
f 568/716/449 570/717/449 598/681/449 597/678/449
f 570/717/449 572/718/449 599/684/449 598/681/449
f 572/718/449 574/719/449 600/687/449 599/684/449
f 574/719/449 576/720/449 601/690/449 600/687/449
f 576/720/449 578/721/449 602/693/449 601/690/449
f 578/721/449 580/644/449 603/696/449 602/693/449
f 580/644/449 582/643/449 604/699/449 603/696/449
f 582/643/449 584/722/449 605/702/449 604/699/449
f 584/722/449 549/705/449 586/647/449 605/702/449
f 568/716/452 566/715/453 636/715/453 637/716/452
f 554/709/454 552/708/455 629/708/455 630/709/454
f 584/722/456 582/643/427 644/643/427 645/722/456
f 570/717/457 568/716/452 637/716/452 638/717/457
f 556/710/458 554/709/454 630/709/454 631/710/458
f 549/705/459 584/722/456 645/722/456 626/705/459
f 572/718/460 570/717/457 638/717/457 639/718/460
f 558/711/461 556/710/458 631/710/458 632/711/461
f 574/719/462 572/718/460 639/718/460 640/719/462
f 560/712/463 558/711/461 632/711/461 633/712/463
f 576/720/464 574/719/462 640/719/462 641/720/464
f 562/713/465 560/712/463 633/712/463 634/713/465
f 546/706/466 549/705/459 626/705/459 627/706/466
f 578/721/467 576/720/464 641/720/464 642/721/467
f 564/714/468 562/713/465 634/713/465 635/714/468
f 550/707/469 546/706/466 627/706/466 628/707/469
f 580/644/428 578/721/467 642/721/467 643/644/428
f 566/715/453 564/714/468 635/714/468 636/715/453
f 552/708/455 550/707/469 628/707/469 629/708/455
f 606/727/449 607/728/449 627/706/449 626/705/449
f 607/728/449 608/729/449 628/707/449 627/706/449
f 608/729/449 609/730/449 629/708/449 628/707/449
f 609/730/449 610/731/449 630/709/449 629/708/449
f 610/731/449 611/732/449 631/710/449 630/709/449
f 611/732/449 612/724/449 632/711/449 631/710/449
f 612/724/449 613/723/449 633/712/449 632/711/449
f 613/723/449 614/733/449 634/713/449 633/712/449
f 614/733/449 615/734/449 635/714/449 634/713/449
f 615/734/449 616/735/449 636/715/449 635/714/449
f 616/735/449 617/736/449 637/716/449 636/715/449
f 617/736/449 618/737/449 638/717/449 637/716/449
f 618/737/449 619/738/449 639/718/449 638/717/449
f 619/738/449 620/739/449 640/719/449 639/718/449
f 620/739/449 621/740/449 641/720/449 640/719/449
f 621/740/449 622/741/449 642/721/449 641/720/449
f 622/741/449 623/742/449 643/644/449 642/721/449
f 623/742/449 624/743/449 644/643/449 643/644/449
f 624/743/449 625/744/449 645/722/449 644/643/449
f 625/744/449 606/727/449 626/705/449 645/722/449
f 583/701/488 585/700/489 754/700/489 743/756/490 744/757/490 728/701/488
f 559/665/491 561/664/492 690/664/492 685/665/491
f 569/680/493 571/679/494 699/679/494 746/758/495 745/759/495 758/760/493
f 579/695/496 581/694/497 723/694/497 718/695/496
f 555/659/498 557/658/499 680/658/499 675/659/498
f 565/674/500 567/673/501 757/673/501 751/674/500
f 575/689/502 577/688/503 713/688/503 708/689/502
f 548/646/504 547/645/505 753/645/505 752/646/504
f 561/668/492 563/667/506 695/667/506 690/668/492
f 571/683/494 573/682/507 703/761/507 699/683/494
f 581/698/497 583/697/488 728/697/488 723/762/497
f 551/653/508 553/652/509 670/652/509 666/653/508
f 557/662/499 559/661/491 685/661/491 680/763/499
f 567/677/501 569/676/493 758/676/493 757/764/501
f 577/692/503 579/691/496 718/691/496 713/692/503
f 553/656/509 555/655/498 675/655/498 670/765/509
f 563/671/506 565/670/500 751/670/500 755/766/510 773/767/510 695/768/506
f 585/704/489 548/703/504 752/703/504 754/704/489
f 573/686/507 575/685/502 708/685/502 703/686/507
f 547/650/505 551/649/508 666/649/508 759/769/511 756/770/511 753/771/505
f 669/772/512 762/773/513 761/774/514 668/775/515
f 668/775/515 761/774/514 760/776/516 667/777/517
f 667/777/517 760/776/516 759/769/518 666/649/519
f 674/778/520 767/779/521 766/780/522 669/772/512 673/781/523
f 673/781/523 669/772/512 668/775/515 672/782/524
f 672/782/524 668/775/515 667/777/517 671/783/525
f 671/783/525 667/777/517 666/653/519 670/652/526
f 679/784/527 674/778/520 673/781/523 678/785/528
f 678/785/528 673/781/523 672/782/524 677/786/529
f 677/786/529 672/782/524 671/783/525 676/787/530
f 676/787/530 671/783/525 670/765/526 675/655/531
f 684/788/532 679/784/527 678/785/528 683/789/533
f 683/789/533 678/785/528 677/786/529 682/790/534
f 682/790/534 677/786/529 676/787/530 681/791/535
f 681/791/535 676/787/530 675/659/531 680/658/536
f 689/792/537 684/788/532 683/789/533 688/793/538
f 688/793/538 683/789/533 682/790/534 687/794/539
f 687/794/539 682/790/534 681/791/535 686/795/540
f 686/795/540 681/791/535 680/763/536 685/661/541
f 694/796/542 689/792/537 688/793/538 693/797/543
f 693/797/543 688/793/538 687/794/539 692/798/544
f 692/798/544 687/794/539 686/795/540 691/799/545
f 691/799/545 686/795/540 685/665/541 690/664/546
f 698/800/547 693/797/543 692/798/544 697/801/548
f 697/801/548 692/798/544 691/799/545 696/802/549
f 696/802/549 691/799/545 690/668/546 695/667/550
f 702/803/551 734/804/552 733/805/553 701/806/554
f 701/806/554 733/805/553 732/807/555 700/808/556
f 700/808/556 732/807/555 746/758/557 699/679/558
f 707/809/559 737/810/560 741/811/561 702/803/551 706/812/562
f 706/812/562 702/803/551 701/806/554 705/813/563
f 705/813/563 701/806/554 700/808/556 704/814/564
f 704/814/564 700/808/556 699/683/558 703/761/565
f 712/815/566 707/809/559 706/812/562 711/816/567
f 711/816/567 706/812/562 705/813/563 710/817/568
f 710/817/568 705/813/563 704/814/564 709/818/569
f 709/818/569 704/814/564 703/686/565 708/685/570
f 717/819/571 712/815/566 711/816/567 716/820/572
f 716/820/572 711/816/567 710/817/568 715/821/573
f 715/821/573 710/817/568 709/818/569 714/822/574
f 714/822/574 709/818/569 708/689/570 713/688/575
f 722/823/576 717/819/571 716/820/572 721/824/577
f 721/824/577 716/820/572 715/821/573 720/825/578
f 720/825/578 715/821/573 714/822/574 719/826/579
f 719/826/579 714/822/574 713/692/575 718/691/580
f 727/827/581 722/823/576 721/824/577 726/828/582
f 726/828/582 721/824/577 720/825/578 725/829/583
f 725/829/583 720/825/578 719/826/579 724/830/584
f 724/830/584 719/826/579 718/695/580 723/694/585
f 731/831/586 726/828/582 725/829/583 730/832/587
f 730/832/587 725/829/583 724/830/584 729/833/588
f 729/833/588 724/830/584 723/762/585 728/697/589
f 771/834/590 767/779/521 674/778/520
f 766/780/522 762/773/513 669/772/512
f 775/835/591 763/836/592 698/800/547 697/801/548
f 735/837/593 738/838/594 722/823/576 727/827/581
s 0
f 755/839/458 756/839/458 759/839/458 760/839/458 761/839/458 762/839/458 766/839/458 767/839/458 771/839/458 768/839/458 769/839/458 770/839/458 772/839/458 764/839/458 765/839/458 763/839/458 775/839/458 774/839/458 773/839/458
s 1
f 765/840/595 764/841/596 694/796/542 693/797/543 698/800/547
f 747/842/597 748/843/598 730/832/587 729/833/588
f 774/844/599 775/835/591 697/801/548 696/802/549
f 736/845/600 737/810/560 707/809/559
f 742/846/601 735/837/593 727/827/581
f 768/847/602 771/834/590 674/778/520 679/784/527
f 750/848/603 742/846/601 727/827/581 726/828/582 731/831/586
s 0
f 743/839/464 745/839/464 746/839/464 732/839/464 733/839/464 734/839/464 741/839/464 737/839/464 736/839/464 740/839/464 739/839/464 738/839/464 735/839/464 742/839/464 750/839/464 749/839/464 748/839/464 747/839/464 744/839/464
s 1
f 748/843/598 749/849/604 731/831/586 730/832/587
f 772/850/605 770/851/606 689/792/537 694/796/542
f 740/852/607 736/845/600 707/809/559 712/815/566
f 738/838/594 739/853/608 717/819/571 722/823/576
f 739/853/608 740/852/607 712/815/566 717/819/571
f 770/851/606 769/854/609 684/788/532 689/792/537
s 0
f 745/839/610 743/839/610 754/839/610 752/839/610 753/839/610 756/839/610 755/839/610 751/839/610 757/839/610 758/839/610
s 1
f 769/854/609 768/847/602 679/784/527 684/788/532
f 744/757/611 747/842/597 729/833/588 728/701/589
f 749/849/604 750/848/603 731/831/586
f 741/811/561 734/804/552 702/803/551
f 763/836/592 765/840/595 698/800/547
f 764/841/596 772/850/605 694/796/542
f 773/767/612 774/844/599 696/802/549 695/768/550
usemtl Material.002
f 613/723/450 612/724/451 652/725/451 653/726/450
f 647/745/449 646/727/449 665/746/449 664/743/449 663/742/449 662/747/449 661/748/449 660/749/449 659/750/449 658/751/449 657/752/449 656/753/449 655/754/449 654/755/449 653/726/449 652/725/449 651/732/449 650/731/449 649/730/449 648/729/449
f 621/740/470 620/739/471 660/749/471 661/748/470
f 614/733/472 613/723/450 653/726/450 654/755/472
f 607/728/473 606/727/474 646/727/474 647/745/473
f 622/741/475 621/740/470 661/748/470 662/747/475
f 615/734/476 614/733/472 654/755/472 655/754/476
f 608/729/477 607/728/473 647/745/473 648/729/477
f 623/742/478 622/741/475 662/747/475 663/742/478
f 616/735/479 615/734/476 655/754/476 656/753/479
f 609/730/480 608/729/477 648/729/477 649/730/480
f 624/743/481 623/742/478 663/742/478 664/743/481
f 617/736/482 616/735/479 656/753/479 657/752/482
f 610/731/483 609/730/480 649/730/480 650/731/483
f 625/744/484 624/743/481 664/743/481 665/746/484
f 618/737/485 617/736/482 657/752/482 658/751/485
f 611/732/486 610/731/483 650/731/483 651/732/486
f 606/727/474 625/744/484 665/746/484 646/727/474
f 619/738/487 618/737/485 658/751/485 659/750/487
f 612/724/451 611/732/486 651/732/486 652/725/451
f 620/739/471 619/738/487 659/750/487 660/749/471
o Cylinder.008
v -0.783260 -0.692486 -0.903863
v -0.830678 -0.692486 -0.903863
v -0.783260 -0.579416 -0.903863
v -0.830678 -0.579416 -0.903863
v -0.783260 -0.692486 -1.090278
v -0.830678 -0.692486 -1.090278
v -0.783260 -0.579416 -1.090278
v -0.830678 -0.579416 -1.090278
vn -0.0000 -0.0000 1.0000
vn -0.0000 -0.0000 -1.0000
vn -1.0000 -0.0000 -0.0000
vn -0.0000 -1.0000 -0.0000
vn 1.0000 -0.0000 -0.0000
vn -0.0000 1.0000 -0.0000
vt 0.000000 0.000000
s 0
usemtl Material.001
f 776/855/613 778/855/613 779/855/613 777/855/613
f 780/855/614 781/855/614 783/855/614 782/855/614
f 777/855/615 779/855/615 783/855/615 781/855/615
f 776/855/616 777/855/616 781/855/616 780/855/616
f 778/855/617 776/855/617 780/855/617 782/855/617
f 779/855/618 778/855/618 782/855/618 783/855/618
o Cylinder.007
v -0.785142 -0.691111 -1.084287
v -0.806969 -0.691111 -1.087744
v -0.765453 -0.691111 -1.074255
v -0.749827 -0.691111 -1.058629
v -0.739794 -0.691111 -1.038940
v -0.736337 -0.691111 -1.017113
v -0.739794 -0.691111 -0.995287
v -0.749827 -0.691111 -0.975597
v -0.765453 -0.691111 -0.959971
v -0.785142 -0.691111 -0.949939
v -0.806969 -0.691111 -0.946482
v -0.828795 -0.691111 -0.949939
v -0.848484 -0.691111 -0.959971
v -0.864110 -0.691111 -0.975597
v -0.874143 -0.691111 -0.995287
v -0.877600 -0.691111 -1.017113
v -0.874143 -0.691111 -1.038940
v -0.864110 -0.691111 -1.058629
v -0.848484 -0.691111 -1.074255
v -0.828795 -0.691111 -1.084287
v -0.793197 -1.511252 -1.059498
v -0.793759 -1.522298 -1.057768
v -0.795193 -1.532591 -1.053355
v -0.780774 -1.511252 -1.053168
v -0.781842 -1.522298 -1.051696
v -0.784570 -1.532591 -1.047942
v -0.788770 -1.541429 -1.042161
v -0.794158 -1.548211 -1.034746
v -0.770914 -1.511252 -1.043308
v -0.772385 -1.522298 -1.042239
v -0.776139 -1.532591 -1.039512
v -0.781921 -1.541429 -1.035311
v -0.789335 -1.548211 -1.029924
v -0.764584 -1.511252 -1.030885
v -0.766313 -1.522298 -1.030323
v -0.770726 -1.532591 -1.028889
v -0.777523 -1.541429 -1.026680
v -0.786239 -1.548211 -1.023848
v -0.762402 -1.511252 -1.017113
v -0.764221 -1.522298 -1.017113
v -0.768861 -1.532591 -1.017113
v -0.776007 -1.541429 -1.017113
v -0.785173 -1.548211 -1.017113
v -0.764584 -1.511252 -1.003341
v -0.766313 -1.522298 -1.003903
v -0.770726 -1.532591 -1.005337
v -0.777523 -1.541429 -1.007546
v -0.786239 -1.548211 -1.010378
v -0.770914 -1.511252 -0.990918
v -0.772385 -1.522298 -0.991987
v -0.776139 -1.532591 -0.994715
v -0.781921 -1.541429 -0.998915
v -0.789335 -1.548211 -1.004302
v -0.780774 -1.511252 -0.981059
v -0.781842 -1.522298 -0.982530
v -0.784570 -1.532591 -0.986284
v -0.788770 -1.541429 -0.992066
v -0.794158 -1.548211 -0.999480
v -0.793197 -1.511252 -0.974729
v -0.793759 -1.522298 -0.976458
v -0.795193 -1.532591 -0.980871
v -0.820740 -1.511252 -0.974729
v -0.820178 -1.522298 -0.976458
v -0.818744 -1.532591 -0.980871
v -0.833164 -1.511252 -0.981059
v -0.832095 -1.522298 -0.982530
v -0.829367 -1.532591 -0.986284
v -0.825167 -1.541429 -0.992066
v -0.819780 -1.548211 -0.999480
v -0.843023 -1.511252 -0.990918
v -0.841552 -1.522298 -0.991987
v -0.837798 -1.532591 -0.994715
v -0.832016 -1.541429 -0.998915
v -0.824602 -1.548211 -1.004302
v -0.849353 -1.511252 -1.003341
v -0.847624 -1.522298 -1.003903
v -0.843211 -1.532591 -1.005337
v -0.836414 -1.541429 -1.007546
v -0.827698 -1.548211 -1.010378
v -0.851535 -1.511252 -1.017113
v -0.849716 -1.522298 -1.017113
v -0.845076 -1.532591 -1.017113
v -0.837930 -1.541429 -1.017113
v -0.828765 -1.548211 -1.017113
v -0.849353 -1.511252 -1.030885
v -0.847624 -1.522298 -1.030323
v -0.843211 -1.532591 -1.028889
v -0.836414 -1.541429 -1.026680
v -0.827698 -1.548211 -1.023848
v -0.843023 -1.511252 -1.043308
v -0.841552 -1.522298 -1.042239
v -0.837798 -1.532591 -1.039512
v -0.832016 -1.541429 -1.035311
v -0.824602 -1.548211 -1.029924
v -0.833164 -1.511252 -1.053168
v -0.832095 -1.522298 -1.051696
v -0.829367 -1.532591 -1.047942
v -0.825167 -1.541429 -1.042161
v -0.819780 -1.548211 -1.034746
v -0.820740 -1.511252 -1.059498
v -0.820178 -1.522298 -1.057768
v -0.818744 -1.532591 -1.053355
v -0.790676 -0.674570 -1.067256
v -0.806969 -0.674570 -1.069836
v -0.775979 -0.674570 -1.059767
v -0.764315 -0.674570 -1.048103
v -0.756825 -0.674570 -1.033406
v -0.754245 -0.674570 -1.017113
v -0.756825 -0.674570 -1.000821
v -0.764315 -0.674570 -0.986123
v -0.775979 -0.674570 -0.974459
v -0.790676 -0.674570 -0.966970
v -0.806969 -0.674570 -0.964390
v -0.823261 -0.674570 -0.966970
v -0.837958 -0.674570 -0.974459
v -0.849623 -0.674570 -0.986123
v -0.857112 -0.674570 -1.000821
v -0.859692 -0.674570 -1.017113
v -0.857112 -0.674570 -1.033406
v -0.849623 -0.674570 -1.048103
v -0.837958 -0.674570 -1.059767
v -0.823261 -0.674570 -1.067256
v -0.790676 -0.638596 -1.067256
v -0.790676 -0.589071 -1.017113
v -0.790676 -0.625778 -1.065547
v -0.790676 -0.613833 -1.060538
v -0.790676 -0.603576 -1.052569
v -0.790676 -0.595706 -1.042184
v -0.790676 -0.590758 -1.030091
v -0.806969 -0.638596 -1.069836
v -0.806969 -0.589071 -1.019694
v -0.806969 -0.625778 -1.068128
v -0.806969 -0.613833 -1.063118
v -0.806969 -0.603576 -1.055150
v -0.806969 -0.595706 -1.044765
v -0.806969 -0.590758 -1.032671
v -0.806969 -0.589071 -1.014533
v -0.806969 -0.638596 -0.964390
v -0.806969 -0.590758 -1.001555
v -0.806969 -0.595706 -0.989461
v -0.806969 -0.603576 -0.979076
v -0.806969 -0.613833 -0.971108
v -0.806969 -0.625778 -0.966099
v -0.790676 -0.589071 -1.017113
v -0.790676 -0.638596 -0.966970
v -0.790676 -0.590758 -1.004135
v -0.790676 -0.595706 -0.992042
v -0.790676 -0.603576 -0.981657
v -0.790676 -0.613833 -0.973688
v -0.790676 -0.625778 -0.968679
v -0.823261 -0.638596 -0.966970
v -0.823261 -0.589071 -1.017113
v -0.823261 -0.625778 -0.968679
v -0.823261 -0.613833 -0.973688
v -0.823261 -0.603576 -0.981657
v -0.823261 -0.595706 -0.992042
v -0.823261 -0.590758 -1.004135
v -0.823261 -0.589071 -1.017113
v -0.823261 -0.638596 -1.067256
v -0.823261 -0.590758 -1.030091
v -0.823261 -0.595706 -1.042184
v -0.823261 -0.603576 -1.052569
v -0.823261 -0.613833 -1.060538
v -0.823261 -0.625778 -1.065547
v -0.818232 -1.511252 -0.974331
v -0.818232 -1.503023 -0.974070
v -0.806969 -1.503023 -0.972286
v -0.806969 -1.503023 -1.061940
v -0.818232 -1.511252 -1.059895
v -0.818232 -1.503023 -1.060156
v -0.795705 -1.511252 -0.974331
v -0.795705 -1.503023 -0.974070
v -0.795705 -1.503023 -1.060156
v -0.795705 -1.511252 -1.059895
v -0.795705 -1.522298 -1.058077
v -0.795705 -1.532591 -1.053436
v -0.795705 -1.534642 -1.051777
v -0.795705 -1.541429 -1.045694
v -0.795705 -1.548211 -1.035535
v -0.795705 -1.549274 -1.032615
v -0.795705 -1.551390 -1.025295
v -0.795705 -1.552230 -1.020772
v -0.795705 -1.552464 -1.017113
v -0.795705 -1.552230 -1.013454
v -0.795705 -1.551390 -1.008931
v -0.795705 -1.549274 -1.001611
v -0.795705 -1.534642 -0.982449
v -0.795705 -1.541429 -0.988532
v -0.795705 -1.548211 -0.998691
v -0.795705 -1.522298 -0.976150
v -0.795705 -1.532591 -0.980790
v -0.818232 -1.522298 -0.976150
v -0.818232 -1.532591 -0.980790
v -0.818232 -1.534642 -0.982449
v -0.818232 -1.541429 -0.988532
v -0.818232 -1.548211 -0.998691
v -0.818232 -1.549274 -1.001611
v -0.818232 -1.551390 -1.008931
v -0.818232 -1.552230 -1.013454
v -0.818232 -1.552464 -1.017113
v -0.818232 -1.552230 -1.020772
v -0.818232 -1.551390 -1.025295
v -0.818232 -1.549274 -1.032615
v -0.818232 -1.534642 -1.051777
v -0.818232 -1.541429 -1.045694
v -0.818232 -1.548211 -1.035535
v -0.818232 -1.522298 -1.058077
v -0.818232 -1.532591 -1.053436
vn -0.6453 0.7346 -0.2097
vn -0.6785 0.7346 -0.0000
vn -0.0000 -0.0318 0.9995
vn -0.3089 -0.0318 0.9506
vn -0.1564 -0.0314 0.9872
vn 0.8086 -0.0318 -0.5875
vn 0.9506 -0.0318 -0.3089
vn -0.5875 -0.0318 -0.8086
vn -0.3089 -0.0318 -0.9506
vn -0.5875 -0.0318 0.8086
vn 0.9995 -0.0318 -0.0000
vn -0.8086 -0.0318 0.5875
vn 0.9506 -0.0318 0.3089
vn 0.5875 -0.0318 -0.8086
vn -0.9506 -0.0318 0.3089
vn 0.8086 -0.0318 0.5875
vn -0.9995 -0.0318 -0.0000
vn 0.5875 -0.0318 0.8086
vn -0.9506 -0.0318 -0.3089
vn 0.3089 -0.0318 0.9506
vn -0.0000 -0.0318 -0.9995
vn -0.1564 -0.0314 -0.9872
vn -0.8086 -0.0318 -0.5875
vn 0.1564 -0.0314 0.9872
vn 0.3089 -0.0318 -0.9506
vn 0.1564 -0.0314 -0.9872
vn -0.6453 0.7346 0.2097
vn 0.3049 -0.1624 -0.9384
vn 0.2961 -0.2857 -0.9114
vn 0.1501 -0.2824 -0.9475
vn 0.1544 -0.1605 -0.9749
vn 0.2642 -0.5186 -0.8132
vn 0.1342 -0.5139 -0.8473
vn 0.3407 -0.6251 -0.7022
vn 0.5800 -0.1624 -0.7983
vn 0.5633 -0.2857 -0.7753
vn 0.5026 -0.5186 -0.6917
vn 0.4104 -0.7158 -0.5649
vn 0.3253 -0.6975 -0.6385
vn 0.2927 -0.8672 -0.4029
vn 0.2372 -0.8526 -0.4656
vn 0.2499 -0.9266 -0.2809
vn 0.7983 -0.1624 -0.5800
vn 0.7753 -0.2857 -0.5633
vn 0.6917 -0.5186 -0.5026
vn 0.5649 -0.7158 -0.4104
vn 0.4029 -0.8672 -0.2927
vn 0.3176 -0.9270 -0.1995
vn 0.9384 -0.1624 -0.3049
vn 0.9114 -0.2857 -0.2962
vn 0.8132 -0.5186 -0.2642
vn 0.6641 -0.7158 -0.2158
vn 0.4736 -0.8672 -0.1539
vn 0.3600 -0.9272 -0.1034
vn 0.9867 -0.1624 -0.0000
vn 0.9583 -0.2857 -0.0000
vn 0.8550 -0.5186 -0.0000
vn 0.6983 -0.7158 -0.0000
vn 0.4980 -0.8672 -0.0000
vn 0.3744 -0.9273 -0.0000
vn 0.9384 -0.1624 0.3049
vn 0.9114 -0.2857 0.2962
vn 0.8132 -0.5186 0.2642
vn 0.6641 -0.7158 0.2158
vn 0.4736 -0.8672 0.1539
vn 0.3600 -0.9272 0.1034
vn 0.7983 -0.1624 0.5800
vn 0.7753 -0.2857 0.5633
vn 0.6917 -0.5186 0.5026
vn 0.5649 -0.7158 0.4104
vn 0.4029 -0.8672 0.2927
vn 0.3177 -0.9270 0.1995
vn 0.5800 -0.1624 0.7983
vn 0.5633 -0.2857 0.7753
vn 0.5026 -0.5186 0.6917
vn 0.4104 -0.7158 0.5649
vn 0.2927 -0.8672 0.4029
vn 0.2499 -0.9266 0.2809
vn 0.3049 -0.1624 0.9384
vn 0.2961 -0.2857 0.9114
vn 0.2642 -0.5186 0.8132
vn 0.3407 -0.6251 0.7022
vn 0.3253 -0.6975 0.6385
vn 0.2373 -0.8526 0.4656
vn 0.1501 -0.2824 0.9475
vn 0.1544 -0.1605 0.9749
vn 0.1341 -0.5139 0.8473
vn -0.1544 -0.1605 0.9749
vn -0.3049 -0.1624 0.9384
vn -0.2961 -0.2857 0.9114
vn -0.1501 -0.2824 0.9475
vn -0.2643 -0.5186 0.8132
vn -0.1343 -0.5139 0.8473
vn -0.3407 -0.6251 0.7022
vn -0.5800 -0.1624 0.7983
vn -0.5633 -0.2857 0.7753
vn -0.5026 -0.5186 0.6917
vn -0.4104 -0.7158 0.5649
vn -0.3253 -0.6975 0.6385
vn -0.2927 -0.8672 0.4029
vn -0.2373 -0.8526 0.4656
vn -0.2499 -0.9266 0.2809
vn -0.7983 -0.1624 0.5800
vn -0.7753 -0.2857 0.5633
vn -0.6917 -0.5186 0.5026
vn -0.5649 -0.7158 0.4104
vn -0.4029 -0.8672 0.2927
vn -0.3176 -0.9270 0.1995
vn -0.9384 -0.1624 0.3049
vn -0.9114 -0.2857 0.2962
vn -0.8132 -0.5186 0.2642
vn -0.6641 -0.7158 0.2158
vn -0.4736 -0.8672 0.1539
vn -0.3600 -0.9272 0.1034
vn -0.9867 -0.1624 -0.0000
vn -0.9583 -0.2857 -0.0000
vn -0.8550 -0.5186 -0.0000
vn -0.6983 -0.7158 -0.0000
vn -0.4980 -0.8672 -0.0000
vn -0.3744 -0.9273 -0.0000
vn -0.9384 -0.1624 -0.3049
vn -0.9114 -0.2857 -0.2962
vn -0.8132 -0.5186 -0.2642
vn -0.6641 -0.7158 -0.2158
vn -0.4736 -0.8672 -0.1539
vn -0.3600 -0.9272 -0.1034
vn -0.7983 -0.1624 -0.5800
vn -0.7753 -0.2857 -0.5633
vn -0.6917 -0.5186 -0.5026
vn -0.5649 -0.7158 -0.4104
vn -0.4029 -0.8672 -0.2927
vn -0.3177 -0.9270 -0.1995
vn -0.5800 -0.1624 -0.7983
vn -0.5633 -0.2857 -0.7753
vn -0.5026 -0.5186 -0.6917
vn -0.4104 -0.7158 -0.5649
vn -0.2927 -0.8672 -0.4029
vn -0.2499 -0.9266 -0.2809
vn -0.3049 -0.1624 -0.9384
vn -0.2961 -0.2857 -0.9114
vn -0.2643 -0.5186 -0.8132
vn -0.3253 -0.6975 -0.6385
vn -0.3407 -0.6251 -0.7022
vn -0.2373 -0.8526 -0.4656
vn -0.1544 -0.1605 -0.9749
vn -0.1501 -0.2824 -0.9475
vn -0.1343 -0.5139 -0.8473
vn -0.0000 1.0000 -0.0000
vn -0.5489 0.7346 -0.3988
vn -0.3988 0.7346 -0.5489
vn -0.2097 0.7346 -0.6453
vn -0.0000 0.7346 -0.6785
vn 0.2097 0.7346 -0.6453
vn 0.3988 0.7346 -0.5489
vn 0.5489 0.7346 -0.3988
vn 0.6453 0.7346 -0.2097
vn 0.6785 0.7346 -0.0000
vn 0.6453 0.7346 0.2097
vn 0.5489 0.7346 0.3988
vn 0.3988 0.7346 0.5489
vn 0.2097 0.7346 0.6453
vn -0.0000 0.7346 0.6785
vn -0.2097 0.7346 0.6453
vn -0.3988 0.7346 0.5489
vn -0.5489 0.7346 0.3988
vn 1.0000 -0.0000 -0.0000
vn -0.1564 -0.0000 0.9877
vn -0.0000 -0.0000 1.0000
vn -1.0000 -0.0000 -0.0000
vn -0.0000 -0.0000 -1.0000
vn -0.1564 -0.0000 -0.9877
vn 0.1564 -0.0000 0.9877
vn 0.1551 0.1305 -0.9792
vn -0.0000 0.1321 -0.9912
vn -0.0000 0.2585 -0.9660
vn 0.1510 0.2621 -0.9532
vn -0.0000 0.4989 -0.8667
vn 0.1350 0.5056 -0.8521
vn -0.0000 0.7049 -0.7093
vn 0.1096 0.7136 -0.6920
vn -0.0000 0.8630 -0.5052
vn 0.0767 0.8716 -0.4842
vn -0.0000 0.9634 -0.2679
vn 0.0386 0.9691 -0.2436
vn -0.0000 0.9917 -0.1289
vn 0.0204 0.9914 -0.1289
vn -0.0000 0.1321 0.9912
vn 0.1551 0.1305 0.9792
vn 0.1510 0.2621 0.9532
vn -0.0000 0.2585 0.9660
vn 0.1350 0.5056 0.8521
vn -0.0000 0.4989 0.8667
vn 0.1096 0.7136 0.6920
vn -0.0000 0.7049 0.7093
vn 0.0767 0.8716 0.4842
vn -0.0000 0.8630 0.5052
vn 0.0386 0.9691 0.2436
vn -0.0000 0.9634 0.2679
vn 0.0204 0.9914 0.1289
vn -0.0000 0.9917 0.1289
vn -0.1551 0.1305 0.9792
vn -0.1510 0.2621 0.9532
vn -0.1350 0.5056 0.8521
vn -0.1096 0.7136 0.6920
vn -0.0767 0.8716 0.4842
vn -0.0386 0.9691 0.2436
vn -0.0204 0.9914 0.1289
vn -0.1551 0.1305 -0.9792
vn -0.1510 0.2621 -0.9532
vn -0.1350 0.5056 -0.8521
vn -0.1096 0.7136 -0.6920
vn -0.0767 0.8716 -0.4842
vn -0.0386 0.9691 -0.2436
vn -0.0204 0.9914 -0.1289
vn 0.1564 -0.0000 -0.9877
vn -0.0000 -1.0000 -0.0000
vt 0.021740 0.324124
vt 0.010006 0.249960
vt 0.250041 0.010006
vt 0.175877 0.021740
vt 0.189385 0.019603
vt 0.189720 0.019550
vt 0.250041 0.010006
vt 0.444135 0.391098
vt 0.478235 0.324200
vt 0.108902 0.444135
vt 0.175799 0.478235
vt 0.108968 0.055817
vt 0.489994 0.250040
vt 0.478235 0.324200
vt 0.055865 0.108902
vt 0.108968 0.055817
vt 0.478260 0.175876
vt 0.391032 0.444183
vt 0.391032 0.444183
vt 0.021765 0.175800
vt 0.444183 0.108968
vt 0.391098 0.055865
vt 0.444183 0.108968
vt 0.010006 0.249960
vt 0.324201 0.021765
vt 0.175799 0.478235
vt 0.249959 0.489994
vt 0.189642 0.480430
vt 0.189307 0.480377
vt 0.055817 0.391032
vt 0.310358 0.019570
vt 0.310692 0.019623
vt 0.324201 0.478235
vt 0.310678 0.480377
vt 0.310343 0.480430
vt 0.249959 0.489994
vt 0.055817 0.391032
vt 0.324201 0.478235
vt 0.324139 0.478050
vt 0.313208 0.479781
vt 0.310678 0.480377
vt 0.323957 0.477501
vt 0.320736 0.478011
vt 0.313208 0.479781
vt 0.320736 0.478011
vt 0.323891 0.477304
vt 0.390918 0.444025
vt 0.390580 0.443556
vt 0.390058 0.442832
vt 0.336717 0.470008
vt 0.323891 0.477304
vt 0.321113 0.347896
vt 0.312519 0.352273
vt 0.312519 0.352273
vt 0.312520 0.336067
vt 0.443977 0.390983
vt 0.443510 0.390643
vt 0.442787 0.390118
vt 0.347883 0.321132
vt 0.312524 0.295432
vt 0.478049 0.324140
vt 0.477500 0.323961
vt 0.476650 0.323685
vt 0.365074 0.287406
vt 0.312523 0.295432
vt 0.312527 0.270321
vt 0.489798 0.250040
vt 0.489220 0.250040
vt 0.488327 0.250040
vt 0.371000 0.250019
vt 0.312527 0.270321
vt 0.312529 0.250009
vt 0.478074 0.175936
vt 0.477524 0.176115
vt 0.476674 0.176391
vt 0.365084 0.212630
vt 0.312529 0.250009
vt 0.312532 0.229697
vt 0.444025 0.109083
vt 0.443557 0.109423
vt 0.442834 0.109948
vt 0.347902 0.178898
vt 0.312532 0.229697
vt 0.312536 0.204586
vt 0.390983 0.056023
vt 0.390643 0.056491
vt 0.390117 0.057213
vt 0.321137 0.152124
vt 0.312542 0.163951
vt 0.324140 0.021951
vt 0.323962 0.022501
vt 0.323898 0.022698
vt 0.336737 0.030004
vt 0.312544 0.147744
vt 0.312542 0.163951
vt 0.312544 0.147744
vt 0.313221 0.020219
vt 0.310692 0.019623
vt 0.313221 0.020219
vt 0.320744 0.021990
vt 0.189385 0.019603
vt 0.175937 0.021926
vt 0.186857 0.020198
vt 0.176115 0.022476
vt 0.179333 0.021966
vt 0.176179 0.022673
vt 0.179333 0.021966
vt 0.109083 0.055975
vt 0.109423 0.056443
vt 0.109948 0.057166
vt 0.163337 0.029974
vt 0.176179 0.022673
vt 0.163337 0.029974
vt 0.178899 0.152100
vt 0.187493 0.147723
vt 0.187491 0.163930
vt 0.056023 0.109017
vt 0.056490 0.109357
vt 0.057213 0.109882
vt 0.152125 0.178865
vt 0.187484 0.204565
vt 0.187491 0.163930
vt 0.021951 0.175860
vt 0.022500 0.176039
vt 0.023350 0.176315
vt 0.134932 0.212592
vt 0.187480 0.229676
vt 0.187484 0.204565
vt 0.010202 0.249960
vt 0.010780 0.249960
vt 0.011673 0.249960
vt 0.129004 0.249979
vt 0.187477 0.249989
vt 0.187480 0.229676
vt 0.021926 0.324064
vt 0.022476 0.323885
vt 0.023326 0.323609
vt 0.134920 0.287368
vt 0.187474 0.270301
vt 0.187477 0.249989
vt 0.055975 0.390917
vt 0.056443 0.390577
vt 0.057166 0.390052
vt 0.152102 0.321100
vt 0.187471 0.295412
vt 0.109017 0.443977
vt 0.109357 0.443509
vt 0.109882 0.442787
vt 0.178868 0.347874
vt 0.187464 0.336048
vt 0.187471 0.295412
vt 0.175860 0.478049
vt 0.176038 0.477499
vt 0.163262 0.469996
vt 0.176102 0.477302
vt 0.187462 0.352254
vt 0.163262 0.469996
vt 0.189307 0.480377
vt 0.186779 0.479780
vt 0.179256 0.478010
vt 0.176102 0.477302
vt 0.327350 0.032457
vt 0.325002 0.024484
vt 0.325003 0.475516
vt 0.327354 0.467543
vt 0.324201 0.455952
vt 0.324201 0.364117
vt 0.324201 0.309072
vt 0.324201 0.250000
vt 0.324201 0.250000
vt 0.324201 0.190928
vt 0.324201 0.135883
vt 0.324201 0.044048
vt 0.324201 0.250000
vt 0.250017 0.261740
vt 0.175838 0.249987
vt 0.175838 0.249987
vt 0.250020 0.238248
vt 0.172651 0.467542
vt 0.174999 0.475515
vt 0.175075 0.024459
vt 0.172725 0.032431
vt 0.175873 0.044024
vt 0.175857 0.135864
vt 0.175848 0.190913
vt 0.175838 0.249987
vt 0.175828 0.309062
vt 0.175819 0.364111
vt 0.175803 0.455951
vt 0.249959 0.489994
vt 0.249960 0.489803
vt 0.249962 0.489244
vt 0.249965 0.488356
vt 0.250005 0.375861
vt 0.250011 0.320813
vt 0.250041 0.010197
vt 0.250041 0.010755
vt 0.250040 0.011642
vt 0.250030 0.124127
vt 0.250025 0.179175
vt 0.000000 0.000000
s 1
usemtl Material.001
f 800/856/619 799/857/620 901/857/620 902/856/619
f 794/858/621 795/859/622 845/859/622 948/860/623 949/861/623 950/862/621
f 787/863/624 788/864/625 817/864/625 812/863/624
f 802/865/626 803/866/627 883/866/627 878/865/626
f 795/859/622 796/867/628 848/867/628 845/859/622
f 788/864/625 789/868/629 822/868/629 817/869/625
f 796/867/628 797/870/630 853/870/630 848/871/628
f 789/868/629 790/872/631 827/872/631 822/868/629
f 786/873/632 787/863/624 812/863/624 807/874/632
f 797/870/630 798/875/633 858/875/633 853/870/630
f 790/872/631 791/876/634 832/876/634 827/872/631
f 798/875/633 799/857/635 863/857/635 858/875/633
f 791/876/634 792/877/636 837/877/636 832/878/634
f 799/857/635 800/856/637 868/856/637 863/879/635
f 792/877/636 793/880/638 842/880/638 837/877/636
f 883/881/627 803/866/627 785/882/639 951/882/639 953/883/640 952/884/640
f 800/856/637 801/885/641 873/885/641 868/856/637
f 842/880/638 793/880/638 794/858/621 950/858/621 955/886/642 954/887/642
f 785/882/639 784/888/643 804/888/643 957/889/644 956/890/644 951/891/639
f 801/885/641 802/865/626 878/865/626 873/892/641
f 784/888/643 786/873/632 807/873/632 804/893/643
f 799/857/620 798/875/645 900/875/645 901/857/620
f 804/888/646 805/894/647 958/895/648 957/896/649
f 805/894/647 806/897/650 959/898/651 958/899/648
f 959/900/651 806/897/650 960/901/652
f 804/893/646 807/873/653 808/902/654 805/894/647
f 805/894/647 808/902/654 809/903/655 806/897/650
f 806/897/650 809/903/655 810/904/656 961/905/657 960/906/652
f 810/904/656 811/907/658 962/908/659 961/905/657
f 962/909/659 811/907/658 963/910/660
f 807/874/653 812/863/661 813/911/662 808/902/654
f 808/902/654 813/911/662 814/912/663 809/903/655
f 809/903/655 814/912/663 815/913/664 810/904/656
f 810/904/656 815/913/664 816/914/665 811/907/658
f 963/910/660 811/907/658 816/914/665 964/915/666
f 812/863/661 817/864/667 818/916/668 813/911/662
f 813/911/662 818/916/668 819/917/669 814/912/663
f 814/912/663 819/917/669 820/918/670 815/913/664
f 815/913/664 820/918/670 821/919/671 816/914/665
f 964/920/666 816/914/665 821/919/671 965/921/672
f 817/869/667 822/868/673 823/922/674 818/916/668
f 818/916/668 823/922/674 824/923/675 819/917/669
f 819/917/669 824/923/675 825/924/676 820/918/670
f 820/918/670 825/924/676 826/925/677 821/919/671
f 965/926/672 821/919/671 826/925/677 966/927/678
f 822/868/673 827/872/679 828/928/680 823/922/674
f 823/922/674 828/928/680 829/929/681 824/923/675
f 824/923/675 829/929/681 830/930/682 825/924/676
f 825/924/676 830/930/682 831/931/683 826/925/677
f 966/932/678 826/925/677 831/931/683 967/933/684
f 827/872/679 832/876/685 833/934/686 828/928/680
f 828/928/680 833/934/686 834/935/687 829/929/681
f 829/929/681 834/935/687 835/936/688 830/930/682
f 830/930/682 835/936/688 836/937/689 831/931/683
f 967/938/684 831/931/683 836/937/689 968/939/690
f 832/878/685 837/877/691 838/940/692 833/934/686
f 833/934/686 838/940/692 839/941/693 834/935/687
f 834/935/687 839/941/693 840/942/694 835/936/688
f 835/936/688 840/942/694 841/943/695 836/937/689
f 968/939/690 836/937/689 841/943/695 969/944/696
f 837/877/691 842/880/697 843/945/698 838/940/692
f 838/940/692 843/945/698 844/946/699 839/941/693
f 840/942/694 839/941/693 844/946/699 970/947/700 971/948/701
f 841/943/695 840/942/694 971/948/701 972/949/702
f 969/950/696 841/943/695 972/951/702
f 973/952/703 843/945/698 842/880/697 954/953/704
f 844/946/699 843/945/698 973/954/703 974/955/705
f 970/947/700 844/946/699 974/955/705
f 948/956/706 845/859/707 846/957/708 975/958/709
f 975/958/709 846/957/708 847/959/710 976/960/711
f 847/959/710 977/961/712 976/962/711
f 845/859/707 848/867/713 849/963/714 846/957/708
f 846/957/708 849/963/714 850/964/715 847/959/710
f 847/959/710 850/964/715 851/965/716 978/966/717 977/967/712
f 978/968/717 851/965/716 852/969/718 979/970/719
f 852/969/718 980/971/720 979/970/719
f 848/871/713 853/870/721 854/972/722 849/963/714
f 849/963/714 854/972/722 855/973/723 850/964/715
f 850/964/715 855/973/723 856/974/724 851/965/716
f 851/965/716 856/974/724 857/975/725 852/969/718
f 852/969/718 857/975/725 981/976/726 980/977/720
f 853/870/721 858/875/727 859/978/728 854/972/722
f 854/972/722 859/978/728 860/979/729 855/973/723
f 855/973/723 860/979/729 861/980/730 856/974/724
f 856/974/724 861/980/730 862/981/731 857/975/725
f 857/975/725 862/981/731 982/982/732 981/983/726
f 858/875/727 863/857/733 864/984/734 859/978/728
f 859/978/728 864/984/734 865/985/735 860/979/729
f 860/979/729 865/985/735 866/986/736 861/980/730
f 861/980/730 866/986/736 867/987/737 862/981/731
f 862/981/731 867/987/737 983/988/738 982/989/732
f 863/879/733 868/856/739 869/990/740 864/984/734
f 864/984/734 869/990/740 870/991/741 865/985/735
f 865/985/735 870/991/741 871/992/742 866/986/736
f 866/986/736 871/992/742 872/993/743 867/987/737
f 867/987/737 872/993/743 984/994/744 983/995/738
f 868/856/739 873/885/745 874/996/746 869/990/740
f 869/990/740 874/996/746 875/997/747 870/991/741
f 870/991/741 875/997/747 876/998/748 871/992/742
f 871/992/742 876/998/748 877/999/749 872/993/743
f 872/993/743 877/999/749 985/1000/750 984/994/744
f 873/892/745 878/865/751 879/1001/752 874/996/746
f 874/996/746 879/1001/752 880/1002/753 875/997/747
f 875/997/747 880/1002/753 881/1003/754 876/998/748
f 876/998/748 881/1003/754 882/1004/755 877/999/749
f 877/999/749 882/1004/755 986/1005/756 985/1006/750
f 878/865/751 883/866/757 884/1007/758 879/1001/752
f 879/1001/752 884/1007/758 885/1008/759 880/1002/753
f 988/1009/760 881/1003/754 880/1002/753 885/1008/759 987/1010/761
f 989/1011/762 882/1004/755 881/1003/754 988/1012/760
f 882/1004/755 989/1011/762 986/1005/756
f 884/1007/758 883/881/757 952/1013/763 990/1014/764
f 991/1015/765 885/1008/759 884/1007/758 990/1014/764
f 885/1008/759 991/1015/765 987/1016/761
f 895/880/766 894/877/766 893/876/766 892/872/766 891/868/766 890/864/766 889/863/766 888/873/766 886/888/766
f 801/885/767 800/856/619 902/856/619 903/885/767
f 802/865/768 801/885/767 903/885/767 904/865/768
f 803/866/769 802/865/768 904/865/768 905/866/769
f 785/882/770 803/866/769 905/866/769 887/882/770
f 784/888/771 785/882/770 887/882/770 886/888/771
f 786/873/772 784/888/771 886/888/771 888/873/772
f 787/863/773 786/873/772 888/873/772 889/863/773
f 788/864/774 787/863/773 889/863/773 890/864/774
f 789/868/775 788/864/774 890/864/774 891/868/775
f 790/872/776 789/868/775 891/868/775 892/872/776
f 791/876/777 790/872/776 892/872/776 893/876/777
f 792/877/778 791/876/777 893/876/777 894/877/778
f 793/880/779 792/877/778 894/877/778 895/880/779
f 794/858/780 793/880/779 895/880/779 896/858/780
f 795/859/781 794/858/780 896/858/780 897/859/781
f 796/867/782 795/859/781 897/859/781 898/867/782
f 797/870/783 796/867/782 898/867/782 899/870/783
f 798/875/645 797/870/783 899/870/783 900/875/645
f 932/1017/784 933/1018/784 928/880/784 895/880/784 886/888/784 906/893/784 908/1019/784 909/1020/784 910/1021/784 911/1022/784 912/1023/784 907/1024/784 927/1025/784 929/1026/784 930/1027/784 931/1028/784
f 905/866/766 904/865/766 903/885/766 902/856/766 901/857/766 900/875/766 899/870/766 898/867/766 897/859/766
f 927/1029/766 907/1024/766 914/1030/766 941/1031/766 935/1032/766 920/1033/766
f 897/859/785 896/858/786 921/858/786 934/859/785
f 946/1034/787 947/1035/787 942/881/787 905/866/787 897/859/787 934/859/787 936/1036/787 937/1037/787 938/1038/787 939/1039/787 940/1040/787 935/1041/787 941/1031/787 943/1042/787 944/1043/787 945/1044/787
f 887/882/788 905/866/789 942/881/789 913/1045/788
f 896/858/786 895/880/790 928/880/790 921/862/786
f 906/893/791 913/1045/792 915/1046/793 908/1019/794
f 908/1019/794 915/1046/793 916/1047/795 909/1020/796
f 909/1020/796 916/1047/795 917/1048/797 910/1021/798
f 910/1021/798 917/1048/797 918/1049/799 911/1022/800
f 911/1022/800 918/1049/799 919/1050/801 912/1023/802
f 912/1023/802 919/1050/801 914/1030/803 907/1024/804
f 921/862/805 928/880/806 933/1018/807 926/1051/808
f 926/1051/808 933/1018/807 932/1017/809 925/1052/810
f 925/1052/810 932/1017/809 931/1028/811 924/1053/812
f 924/1053/812 931/1028/811 930/1027/813 923/1054/814
f 923/1054/814 930/1027/813 929/1026/815 922/1055/816
f 922/1055/816 929/1026/815 927/1029/817 920/1033/818
f 934/859/819 921/858/805 926/1051/808 936/1036/820
f 936/1036/820 926/1051/808 925/1052/810 937/1037/821
f 937/1037/821 925/1052/810 924/1053/812 938/1038/822
f 938/1038/822 924/1053/812 923/1054/814 939/1039/823
f 939/1039/823 923/1054/814 922/1055/816 940/1040/824
f 940/1040/824 922/1055/816 920/1033/818 935/1032/825
f 913/1045/792 942/881/826 947/1035/827 915/1046/793
f 915/1046/793 947/1035/827 946/1034/828 916/1047/795
f 916/1047/795 946/1034/828 945/1044/829 917/1048/797
f 917/1048/797 945/1044/829 944/1043/830 918/1049/799
f 918/1049/799 944/1043/830 943/1042/831 919/1050/801
f 919/1050/801 943/1042/831 941/1031/832 914/1030/803
f 886/888/833 887/882/788 913/1045/788 906/893/833
s 0
f 973/1056/787 954/1056/787 955/1056/787 956/1056/787 957/1056/787 958/1056/787 959/1056/787 960/1056/787 961/1056/787 962/1056/787 963/1056/787 964/1056/787 965/1056/787 966/1056/787 967/1056/787 968/1056/787 969/1056/787 972/1056/787 971/1056/787 970/1056/787 974/1056/787
f 950/1056/834 949/1056/834 953/1056/834 951/1056/834 956/1056/834 955/1056/834
f 990/1056/784 952/1056/784 953/1056/784 949/1056/784 948/1056/784 975/1056/784 976/1056/784 977/1056/784 978/1056/784 979/1056/784 980/1056/784 981/1056/784 982/1056/784 983/1056/784 984/1056/784 985/1056/784 986/1056/784 989/1056/784 988/1056/784 987/1056/784 991/1056/784
o Cylinder.009
v -0.795705 -1.588273 -0.946297
v -0.818232 -1.588273 -0.946297
v -0.795705 -1.503023 -0.946297
v -0.818232 -1.503023 -0.946297
v -0.795705 -1.588273 -1.088126
v -0.818232 -1.588273 -1.088126
v -0.795705 -1.503023 -1.088126
v -0.818232 -1.503023 -1.088126
vn -0.0000 -0.0000 1.0000
vn -0.0000 -0.0000 -1.0000
vn 1.0000 -0.0000 -0.0000
vn -0.0000 1.0000 -0.0000
vn -1.0000 -0.0000 -0.0000
vn -0.0000 -1.0000 -0.0000
vt 0.000000 0.000000
s 0
usemtl Material.001
f 992/1057/835 994/1057/835 995/1057/835 993/1057/835
f 996/1057/836 997/1057/836 999/1057/836 998/1057/836
f 994/1057/837 992/1057/837 996/1057/837 998/1057/837
f 995/1057/838 994/1057/838 998/1057/838 999/1057/838
f 993/1057/839 995/1057/839 999/1057/839 997/1057/839
f 992/1057/840 993/1057/840 997/1057/840 996/1057/840
o Cylinder.012
v -0.137642 -0.558581 -1.112481
v -0.137642 -0.558581 -0.891644
v -0.103521 -0.563985 -1.112481
v -0.103521 -0.563985 -0.891644
v -0.072740 -0.579669 -1.112481
v -0.072740 -0.579669 -0.891644
v -0.048311 -0.604097 -1.112481
v -0.048311 -0.604097 -0.891644
v -0.032628 -0.634878 -1.112481
v -0.032628 -0.634878 -0.891644
v -0.027223 -0.669000 -1.112481
v -0.027223 -0.669000 -0.891644
v -0.032628 -0.703121 -1.112481
v -0.032628 -0.703121 -0.891644
v -0.048311 -0.733902 -1.112481
v -0.048311 -0.733902 -0.891644
v -0.072740 -0.758330 -1.112481
v -0.072740 -0.758330 -0.891644
v -0.103521 -0.774014 -1.112481
v -0.103521 -0.774014 -0.891644
v -0.137642 -0.779418 -1.112481
v -0.137642 -0.779418 -0.891644
v -0.171763 -0.774014 -1.112481
v -0.171763 -0.774014 -0.891644
v -0.202544 -0.758330 -1.112481
v -0.202544 -0.758330 -0.891644
v -0.226973 -0.733902 -1.112481
v -0.226973 -0.733902 -0.891644
v -0.242656 -0.703121 -1.112481
v -0.242656 -0.703121 -0.891644
v -0.248061 -0.669000 -1.112481
v -0.248061 -0.669000 -0.891644
v -0.242656 -0.634878 -1.112481
v -0.242656 -0.634878 -0.891644
v -0.226973 -0.604097 -1.112481
v -0.226973 -0.604097 -0.891644
v -0.202544 -0.579669 -1.112481
v -0.202544 -0.579669 -0.891644
v -0.171763 -0.563985 -1.112481
v -0.171763 -0.563985 -0.891644
vn 0.1564 0.9877 -0.0000
vn 0.4540 0.8910 -0.0000
vn 0.7071 0.7071 -0.0000
vn 0.8910 0.4540 -0.0000
vn 0.9877 0.1564 -0.0000
vn 0.9877 -0.1564 -0.0000
vn 0.8910 -0.4540 -0.0000
vn 0.7071 -0.7071 -0.0000
vn 0.4540 -0.8910 -0.0000
vn 0.1564 -0.9877 -0.0000
vn -0.1564 -0.9877 -0.0000
vn -0.4540 -0.8910 -0.0000
vn -0.7071 -0.7071 -0.0000
vn -0.8910 -0.4540 -0.0000
vn -0.9877 -0.1564 -0.0000
vn -0.9877 0.1564 -0.0000
vn -0.8910 0.4540 -0.0000
vn -0.7071 0.7071 -0.0000
vn -0.0000 -0.0000 1.0000
vn -0.4540 0.8910 -0.0000
vn -0.1564 0.9877 -0.0000
vn -0.0000 -0.0000 -1.0000
vt 1.000000 0.500000
vt 1.000000 1.000000
vt 0.950000 1.000000
vt 0.950000 0.500000
vt 0.900000 1.000000
vt 0.900000 0.500000
vt 0.850000 1.000000
vt 0.850000 0.500000
vt 0.800000 1.000000
vt 0.800000 0.500000
vt 0.750000 1.000000
vt 0.750000 0.500000
vt 0.700000 1.000000
vt 0.700000 0.500000
vt 0.650000 1.000000
vt 0.650000 0.500000
vt 0.600000 1.000000
vt 0.600000 0.500000
vt 0.550000 1.000000
vt 0.550000 0.500000
vt 0.500000 1.000000
vt 0.500000 0.500000
vt 0.450000 1.000000
vt 0.450000 0.500000
vt 0.400000 1.000000
vt 0.400000 0.500000
vt 0.350000 1.000000
vt 0.350000 0.500000
vt 0.300000 1.000000
vt 0.300000 0.500000
vt 0.250000 1.000000
vt 0.250000 0.500000
vt 0.200000 1.000000
vt 0.200000 0.500000
vt 0.150000 1.000000
vt 0.150000 0.500000
vt 0.100000 1.000000
vt 0.100000 0.500000
vt 0.324164 0.478254
vt 0.250000 0.490000
vt 0.175836 0.478254
vt 0.108932 0.444164
vt 0.055836 0.391068
vt 0.021746 0.324164
vt 0.010000 0.250000
vt 0.021746 0.175836
vt 0.055836 0.108932
vt 0.108932 0.055836
vt 0.175836 0.021746
vt 0.250000 0.010000
vt 0.324164 0.021746
vt 0.391068 0.055836
vt 0.444164 0.108932
vt 0.478254 0.175836
vt 0.490000 0.250000
vt 0.478254 0.324164
vt 0.444164 0.391068
vt 0.391068 0.444164
vt 0.050000 1.000000
vt 0.050000 0.500000
vt -0.000000 1.000000
vt -0.000000 0.500000
vt 0.750000 0.490000
vt 0.824164 0.478254
vt 0.891068 0.444164
vt 0.944164 0.391068
vt 0.978254 0.324164
vt 0.990000 0.250000
vt 0.978254 0.175836
vt 0.944164 0.108932
vt 0.891068 0.055836
vt 0.824164 0.021746
vt 0.750000 0.010000
vt 0.675836 0.021746
vt 0.608932 0.055836
vt 0.555836 0.108932
vt 0.521746 0.175836
vt 0.510000 0.250000
vt 0.521746 0.324164
vt 0.555836 0.391068
vt 0.608932 0.444164
vt 0.675836 0.478254
s 0
f 1000/1058/841 1001/1059/841 1003/1060/841 1002/1061/841
f 1002/1061/842 1003/1060/842 1005/1062/842 1004/1063/842
f 1004/1063/843 1005/1062/843 1007/1064/843 1006/1065/843
f 1006/1065/844 1007/1064/844 1009/1066/844 1008/1067/844
f 1008/1067/845 1009/1066/845 1011/1068/845 1010/1069/845
f 1010/1069/846 1011/1068/846 1013/1070/846 1012/1071/846
f 1012/1071/847 1013/1070/847 1015/1072/847 1014/1073/847
f 1014/1073/848 1015/1072/848 1017/1074/848 1016/1075/848
f 1016/1075/849 1017/1074/849 1019/1076/849 1018/1077/849
f 1018/1077/850 1019/1076/850 1021/1078/850 1020/1079/850
f 1020/1079/851 1021/1078/851 1023/1080/851 1022/1081/851
f 1022/1081/852 1023/1080/852 1025/1082/852 1024/1083/852
f 1024/1083/853 1025/1082/853 1027/1084/853 1026/1085/853
f 1026/1085/854 1027/1084/854 1029/1086/854 1028/1087/854
f 1028/1087/855 1029/1086/855 1031/1088/855 1030/1089/855
f 1030/1089/856 1031/1088/856 1033/1090/856 1032/1091/856
f 1032/1091/857 1033/1090/857 1035/1092/857 1034/1093/857
f 1034/1093/858 1035/1092/858 1037/1094/858 1036/1095/858
f 1003/1096/859 1001/1097/859 1039/1098/859 1037/1099/859 1035/1100/859 1033/1101/859 1031/1102/859 1029/1103/859 1027/1104/859 1025/1105/859 1023/1106/859 1021/1107/859 1019/1108/859 1017/1109/859 1015/1110/859 1013/1111/859 1011/1112/859 1009/1113/859 1007/1114/859 1005/1115/859
f 1036/1095/860 1037/1094/860 1039/1116/860 1038/1117/860
f 1038/1117/861 1039/1116/861 1001/1118/861 1000/1119/861
f 1000/1120/862 1002/1121/862 1004/1122/862 1006/1123/862 1008/1124/862 1010/1125/862 1012/1126/862 1014/1127/862 1016/1128/862 1018/1129/862 1020/1130/862 1022/1131/862 1024/1132/862 1026/1133/862 1028/1134/862 1030/1135/862 1032/1136/862 1034/1137/862 1036/1138/862 1038/1139/862
o Cylinder.013
v -0.119752 -0.599793 -1.002063
v 0.399225 -0.599793 -1.002063
v -0.119752 -0.603180 -1.023448
v 0.399225 -0.603180 -1.023448
v -0.119752 -0.613010 -1.042741
v 0.399225 -0.613010 -1.042741
v -0.119752 -0.628321 -1.058052
v 0.399225 -0.628321 -1.058052
v -0.119752 -0.647614 -1.067882
v 0.399225 -0.647614 -1.067882
v -0.119752 -0.669000 -1.071269
v 0.399225 -0.669000 -1.071269
v -0.119752 -0.690385 -1.067882
v 0.399225 -0.690386 -1.067882
v -0.119752 -0.709678 -1.058052
v 0.399225 -0.709678 -1.058052
v -0.119752 -0.724989 -1.042741
v 0.399225 -0.724989 -1.042741
v -0.119752 -0.734819 -1.023448
v 0.399225 -0.734819 -1.023448
v -0.119752 -0.738206 -1.002063
v 0.399225 -0.738206 -1.002063
v -0.119752 -0.734819 -0.980677
v 0.399225 -0.734819 -0.980677
v -0.119752 -0.724989 -0.961384
v 0.399225 -0.724989 -0.961384
v -0.119752 -0.709678 -0.946073
v 0.399225 -0.709678 -0.946073
v -0.119752 -0.690385 -0.936243
v 0.399225 -0.690386 -0.936243
v -0.119752 -0.669000 -0.932856
v 0.399225 -0.669000 -0.932856
v -0.119752 -0.647614 -0.936243
v 0.399225 -0.647614 -0.936243
v -0.119752 -0.628321 -0.946073
v 0.399225 -0.628321 -0.946073
v -0.119752 -0.613010 -0.961384
v 0.399225 -0.613010 -0.961384
v -0.119752 -0.603180 -0.980677
v 0.399225 -0.603180 -0.980677
vn -0.0000 0.9877 -0.1564
vn -0.0000 0.8910 -0.4540
vn -0.0000 0.7071 -0.7071
vn -0.0000 0.4540 -0.8910
vn -0.0000 0.1564 -0.9877
vn -0.0000 -0.1564 -0.9877
vn -0.0000 -0.4540 -0.8910
vn -0.0000 -0.7071 -0.7071
vn -0.0000 -0.8910 -0.4540
vn -0.0000 -0.9877 -0.1564
vn -0.0000 -0.9877 0.1564
vn -0.0000 -0.8910 0.4540
vn -0.0000 -0.7071 0.7071
vn -0.0000 -0.4540 0.8910
vn -0.0000 -0.1564 0.9877
vn -0.0000 0.1564 0.9877
vn -0.0000 0.4540 0.8910
vn -0.0000 0.7071 0.7071
vn 1.0000 -0.0000 -0.0000
vn -0.0000 0.8910 0.4540
vn -0.0000 0.9877 0.1564
vn -1.0000 -0.0000 -0.0000
vt 1.000000 0.500000
vt 1.000000 1.000000
vt 0.950000 1.000000
vt 0.950000 0.500000
vt 0.900000 1.000000
vt 0.900000 0.500000
vt 0.850000 1.000000
vt 0.850000 0.500000
vt 0.800000 1.000000
vt 0.800000 0.500000
vt 0.750000 1.000000
vt 0.750000 0.500000
vt 0.700000 1.000000
vt 0.700000 0.500000
vt 0.650000 1.000000
vt 0.650000 0.500000
vt 0.600000 1.000000
vt 0.600000 0.500000
vt 0.550000 1.000000
vt 0.550000 0.500000
vt 0.500000 1.000000
vt 0.500000 0.500000
vt 0.450000 1.000000
vt 0.450000 0.500000
vt 0.400000 1.000000
vt 0.400000 0.500000
vt 0.350000 1.000000
vt 0.350000 0.500000
vt 0.300000 1.000000
vt 0.300000 0.500000
vt 0.250000 1.000000
vt 0.250000 0.500000
vt 0.200000 1.000000
vt 0.200000 0.500000
vt 0.150000 1.000000
vt 0.150000 0.500000
vt 0.100000 1.000000
vt 0.100000 0.500000
vt 0.324164 0.478254
vt 0.250000 0.490000
vt 0.175836 0.478254
vt 0.108932 0.444164
vt 0.055836 0.391068
vt 0.021746 0.324164
vt 0.010000 0.250000
vt 0.021746 0.175836
vt 0.055836 0.108932
vt 0.108932 0.055836
vt 0.175836 0.021746
vt 0.250000 0.010000
vt 0.324164 0.021746
vt 0.391068 0.055836
vt 0.444164 0.108932
vt 0.478254 0.175836
vt 0.490000 0.250000
vt 0.478254 0.324164
vt 0.444164 0.391068
vt 0.391068 0.444164
vt 0.050000 1.000000
vt 0.050000 0.500000
vt -0.000000 1.000000
vt -0.000000 0.500000
vt 0.750000 0.490000
vt 0.824164 0.478254
vt 0.891068 0.444164
vt 0.944164 0.391068
vt 0.978254 0.324164
vt 0.990000 0.250000
vt 0.978254 0.175836
vt 0.944164 0.108932
vt 0.891068 0.055836
vt 0.824164 0.021746
vt 0.750000 0.010000
vt 0.675836 0.021746
vt 0.608932 0.055836
vt 0.555836 0.108932
vt 0.521746 0.175836
vt 0.510000 0.250000
vt 0.521746 0.324164
vt 0.555836 0.391068
vt 0.608932 0.444164
vt 0.675836 0.478254
s 0
f 1040/1140/863 1041/1141/863 1043/1142/863 1042/1143/863
f 1042/1143/864 1043/1142/864 1045/1144/864 1044/1145/864
f 1044/1145/865 1045/1144/865 1047/1146/865 1046/1147/865
f 1046/1147/866 1047/1146/866 1049/1148/866 1048/1149/866
f 1048/1149/867 1049/1148/867 1051/1150/867 1050/1151/867
f 1050/1151/868 1051/1150/868 1053/1152/868 1052/1153/868
f 1052/1153/869 1053/1152/869 1055/1154/869 1054/1155/869
f 1054/1155/870 1055/1154/870 1057/1156/870 1056/1157/870
f 1056/1157/871 1057/1156/871 1059/1158/871 1058/1159/871
f 1058/1159/872 1059/1158/872 1061/1160/872 1060/1161/872
f 1060/1161/873 1061/1160/873 1063/1162/873 1062/1163/873
f 1062/1163/874 1063/1162/874 1065/1164/874 1064/1165/874
f 1064/1165/875 1065/1164/875 1067/1166/875 1066/1167/875
f 1066/1167/876 1067/1166/876 1069/1168/876 1068/1169/876
f 1068/1169/877 1069/1168/877 1071/1170/877 1070/1171/877
f 1070/1171/878 1071/1170/878 1073/1172/878 1072/1173/878
f 1072/1173/879 1073/1172/879 1075/1174/879 1074/1175/879
f 1074/1175/880 1075/1174/880 1077/1176/880 1076/1177/880
f 1043/1178/881 1041/1179/881 1079/1180/881 1077/1181/881 1075/1182/881 1073/1183/881 1071/1184/881 1069/1185/881 1067/1186/881 1065/1187/881 1063/1188/881 1061/1189/881 1059/1190/881 1057/1191/881 1055/1192/881 1053/1193/881 1051/1194/881 1049/1195/881 1047/1196/881 1045/1197/881
f 1076/1177/882 1077/1176/882 1079/1198/882 1078/1199/882
f 1078/1199/883 1079/1198/883 1041/1200/883 1040/1201/883
f 1040/1202/884 1042/1203/884 1044/1204/884 1046/1205/884 1048/1206/884 1050/1207/884 1052/1208/884 1054/1209/884 1056/1210/884 1058/1211/884 1060/1212/884 1062/1213/884 1064/1214/884 1066/1215/884 1068/1216/884 1070/1217/884 1072/1218/884 1074/1219/884 1076/1220/884 1078/1221/884
o Plane
v 0.376839 -0.380369 -0.753764
v 0.485669 -0.862570 1.218885
v 0.423336 -1.074393 1.465164
v 0.309678 -0.981887 1.180158
v 0.232184 -0.713712 0.330725
v 0.247683 -0.563787 -0.188665
v 0.325177 -0.452141 -0.532639
v 0.376839 -0.628350 -0.851923
v 0.485669 -1.074393 1.465164
v 0.423336 -1.322374 1.367005
v 0.309678 -1.229867 1.081999
v 0.232184 -0.961693 0.232567
v 0.247683 -0.811768 -0.286824
v 0.325177 -0.700122 -0.630798
v 0.485669 -0.551728 0.392658
v 0.485669 -0.401338 -0.137682
v 0.485669 -0.332825 -0.493911
v 0.485669 -1.322374 1.367005
v 0.485669 -1.229867 1.081999
v 0.485669 -1.012228 0.221460
v 0.485669 -0.862304 -0.303227
v 0.485669 -0.750658 -0.647200
v 0.485669 -0.380369 -0.753764
v 0.485669 -0.628350 -0.851923
v 0.423336 -1.198384 1.416085
v 0.244733 -1.112867 1.148737
v 0.180519 -0.684754 -0.245385
v 0.259074 -0.570811 -0.595159
v 0.164775 -0.839864 0.271668
v 0.376839 -0.504359 -0.802844
v 0.485669 -0.504359 -0.802844
v 0.485669 -1.189310 1.389970
v 0.397744 -0.021791 -0.899093
v 0.303322 -0.310855 -0.732931
v 0.207121 -0.494419 -0.757023
v 0.183765 -0.602856 -0.898347
v 0.251943 -0.638070 -1.075670
v 0.368741 0.086091 -1.042751
v 0.237934 -0.177249 -0.885940
v 0.129046 -0.439349 -0.935735
v 0.159026 -0.584642 -0.960311
v 0.236136 -0.623067 -1.204414
v 0.354271 0.156618 -1.226852
v 0.211397 -0.029388 -1.160531
v 0.132230 -0.318535 -1.249067
v 0.167424 -0.506010 -1.326549
v 0.255170 -0.643470 -1.336881
v 0.365754 0.159232 -1.423287
v 0.226042 0.000066 -1.634264
v 0.160955 -0.304528 -1.698840
v 0.204681 -0.500876 -1.484296
v 0.290062 -0.637543 -1.440407
v 0.400906 0.120499 -1.720652
v 0.340317 -0.117154 -1.916125
v 0.299076 -0.375043 -1.814996
v 0.284964 -0.520165 -1.620750
v 0.332343 -0.606718 -1.499553
v 0.446669 0.069981 -1.844547
v 0.417894 -0.187045 -1.961027
v 0.388147 -0.404129 -1.839545
v 0.369826 -0.537744 -1.702433
v 0.392708 -0.586436 -1.540992
v 0.485669 -0.021791 -0.899093
v 0.485669 0.086091 -1.042751
v 0.485669 0.156618 -1.226852
v 0.485669 0.159232 -1.414187
v 0.485669 0.120499 -1.663147
v 0.485669 0.069981 -1.850978
v 0.485669 -0.638070 -1.098912
v 0.485669 -0.623067 -1.218868
v 0.485669 -0.643470 -1.344251
v 0.485669 -0.637543 -1.437252
v 0.485669 -0.606718 -1.499371
v 0.485669 -0.586436 -1.542806
v 0.485669 -0.187045 -1.988629
v 0.485669 -0.404129 -1.861002
v 0.485669 -0.537744 -1.714883
v 0.485669 -0.310855 -0.748206
v 0.485669 -0.494419 -0.790305
v 0.485669 -0.602856 -0.932633
v 0.594498 -0.380369 -0.753764
v 0.548002 -1.074393 1.465164
v 0.661660 -0.981887 1.180158
v 0.739154 -0.713712 0.330725
v 0.723655 -0.563787 -0.188665
v 0.646161 -0.452141 -0.532639
v 0.594498 -0.628350 -0.851923
v 0.548002 -1.322374 1.367005
v 0.661660 -1.229867 1.081999
v 0.739154 -0.961693 0.232567
v 0.723655 -0.811768 -0.286824
v 0.646161 -0.700122 -0.630798
v 0.548002 -1.198384 1.416085
v 0.726604 -1.112867 1.148737
v 0.790818 -0.684754 -0.245385
v 0.712263 -0.570811 -0.595159
v 0.806563 -0.839864 0.271668
v 0.594498 -0.504359 -0.802844
v 0.573594 -0.021791 -0.899093
v 0.668016 -0.310855 -0.732931
v 0.764217 -0.494419 -0.757023
v 0.787573 -0.602856 -0.898347
v 0.719395 -0.638070 -1.075670
v 0.602596 0.086091 -1.042751
v 0.733403 -0.177249 -0.885940
v 0.842292 -0.439349 -0.935735
v 0.812311 -0.584642 -0.960311
v 0.735202 -0.623067 -1.204414
v 0.617066 0.156618 -1.226852
v 0.759941 -0.029388 -1.160531
v 0.839108 -0.318535 -1.249067
v 0.803913 -0.506010 -1.326549
v 0.716167 -0.643470 -1.336881
v 0.605583 0.159232 -1.423287
v 0.745296 0.000066 -1.634264
v 0.810383 -0.304528 -1.698840
v 0.766656 -0.500876 -1.484296
v 0.681275 -0.637543 -1.440407
v 0.570432 0.120499 -1.720652
v 0.631020 -0.117154 -1.916125
v 0.672261 -0.375043 -1.814996
v 0.686373 -0.520165 -1.620750
v 0.638995 -0.606718 -1.499553
v 0.524669 0.069981 -1.844547
v 0.553444 -0.187045 -1.961027
v 0.583191 -0.404129 -1.839545
v 0.601512 -0.537744 -1.702433
v 0.578629 -0.586436 -1.540992
vn 0.8599 0.3900 -0.3293
vn 0.8775 0.3615 0.3150
vn 0.8846 0.4618 0.0641
vn 0.5721 -0.7908 -0.2178
vn 0.8891 0.4311 0.1537
vn 0.4493 -0.7304 -0.5145
vn 0.5924 -0.7936 -0.1386
vn 0.5710 -0.7674 -0.2916
vn -0.0000 0.9512 0.3087
vn 0.2576 0.9102 0.3244
vn 0.1194 0.9565 0.2663
vn 0.2084 0.9392 0.2728
vn 0.9126 0.1061 0.3948
vn -0.0000 -0.3680 0.9298
vn 0.4054 -0.9142 -0.0025
vn 0.1918 0.8841 0.4262
vn -0.2143 0.4508 -0.8665
vn -0.2161 0.2635 -0.9401
vn 0.9024 -0.3569 0.2415
vn 0.8929 -0.4384 -0.1021
vn 0.8978 -0.3903 -0.2042
vn 0.8664 -0.4982 0.0329
vn 0.8723 -0.0694 -0.4839
vn -0.9178 -0.2338 0.3209
vn -0.5115 0.5795 0.6345
vn -0.5303 -0.8471 -0.0348
vn -0.8088 0.2871 0.5131
vn -0.8011 -0.5878 -0.1127
vn -0.9453 0.2809 0.1659
vn -0.9828 -0.1719 -0.0672
vn -0.7108 0.6083 0.3532
vn -0.8058 -0.5390 -0.2453
vn -0.9691 0.2442 -0.0340
vn -0.9646 -0.2384 -0.1123
vn -0.7738 0.6334 0.0001
vn -0.7141 -0.5619 -0.4176
vn -0.6424 0.6821 -0.3494
vn -0.6083 -0.6730 -0.4208
vn -0.8130 0.1166 -0.5705
vn -0.5216 -0.6271 -0.5785
vn -0.4564 0.5321 -0.7131
vn -0.2846 -0.8904 -0.3553
vn -0.5133 -0.3001 -0.8040
vn 0.1197 0.9495 -0.2902
vn -0.0000 0.7996 0.6005
vn -0.0000 0.9338 0.3577
vn -0.0005 0.9999 0.0136
vn 0.0447 0.9895 -0.1374
vn -0.0029 -0.9015 -0.4329
vn -0.0006 -0.9982 -0.0603
vn 0.0043 -0.8920 -0.4520
vn -0.0093 -0.9928 -0.1192
vn 0.0071 -0.9876 0.1568
vn -0.2513 -0.4687 -0.8469
vn -0.2729 0.4386 -0.8562
vn -0.1090 -0.7195 -0.6859
vn -0.0191 -0.9601 -0.2790
vn 0.0701 -0.7952 0.6022
vn 0.1026 -0.2025 0.9739
vn 0.0497 0.4740 0.8791
vn 0.0220 -0.9785 0.2049
vn -0.8599 0.3900 -0.3293
vn -0.8775 0.3615 0.3150
vn -0.8846 0.4618 0.0641
vn -0.5721 -0.7908 -0.2178
vn -0.8891 0.4311 0.1537
vn -0.4493 -0.7304 -0.5145
vn -0.5924 -0.7936 -0.1386
vn -0.5710 -0.7674 -0.2916
vn -0.2576 0.9102 0.3244
vn -0.1194 0.9565 0.2663
vn -0.2084 0.9392 0.2728
vn -0.9126 0.1061 0.3948
vn -0.4054 -0.9142 -0.0025
vn -0.1918 0.8841 0.4262
vn 0.2143 0.4508 -0.8665
vn 0.2161 0.2635 -0.9401
vn -0.9024 -0.3569 0.2415
vn -0.8929 -0.4384 -0.1021
vn -0.8978 -0.3903 -0.2042
vn -0.8664 -0.4982 0.0329
vn -0.8723 -0.0694 -0.4839
vn 0.9178 -0.2338 0.3209
vn 0.5115 0.5795 0.6345
vn 0.5303 -0.8471 -0.0348
vn 0.8088 0.2871 0.5131
vn 0.8011 -0.5878 -0.1127
vn 0.9453 0.2809 0.1659
vn 0.9828 -0.1719 -0.0672
vn 0.7108 0.6083 0.3532
vn 0.8058 -0.5390 -0.2453
vn 0.9691 0.2442 -0.0340
vn 0.9646 -0.2384 -0.1123
vn 0.7738 0.6334 0.0001
vn 0.7141 -0.5619 -0.4176
vn 0.6424 0.6821 -0.3494
vn 0.6083 -0.6730 -0.4208
vn 0.8130 0.1166 -0.5705
vn 0.5216 -0.6271 -0.5785
vn 0.4564 0.5321 -0.7131
vn 0.2846 -0.8904 -0.3553
vn 0.5133 -0.3001 -0.8040
vn -0.1197 0.9495 -0.2902
vn 0.0005 0.9999 0.0136
vn -0.0447 0.9895 -0.1374
vn 0.0029 -0.9015 -0.4329
vn 0.0006 -0.9982 -0.0603
vn -0.0043 -0.8920 -0.4520
vn 0.0093 -0.9928 -0.1192
vn -0.0071 -0.9876 0.1568
vn 0.2513 -0.4687 -0.8469
vn 0.2729 0.4386 -0.8562
vn 0.1090 -0.7195 -0.6859
vn 0.0191 -0.9601 -0.2790
vn -0.0701 -0.7952 0.6022
vn -0.1026 -0.2025 0.9739
vn -0.0497 0.4740 0.8791
vn -0.0220 -0.9785 0.2049
vt 0.000000 0.000000
vt 0.133333 0.375000
vt 0.133333 0.500000
vt 0.066667 0.500000
vt 0.109943 0.375000
vt 0.133333 0.625000
vt 0.133333 0.750000
vt 0.066667 0.750000
vt 0.066667 0.625000
vt 0.133333 0.250000
vt 0.066667 0.250000
vt 0.000000 0.375000
vt 0.000000 0.250000
vt 0.000000 0.625000
vt 0.000000 0.500000
vt 0.000000 0.750000
vt 1.000000 0.250000
vt 1.000000 0.375000
vt 0.933333 0.375000
vt 0.933333 0.250000
vt 1.000000 0.500000
vt 1.000000 0.625000
vt 0.933333 0.625000
vt 0.933333 0.500000
vt 1.000000 0.750000
vt 0.933333 0.750000
vt 0.866667 0.500000
vt 0.866667 0.375000
vt 0.866667 0.750000
vt 0.866667 0.625000
vt 0.866667 0.250000
vt 0.800000 0.500000
vt 0.800000 0.375000
vt 0.800000 0.750000
vt 0.800000 0.625000
vt 0.800000 0.250000
vt 0.800000 0.750000
vt 1.000000 0.750000
vt 0.933333 0.750000
vt 0.800000 0.250000
vt 0.933333 0.250000
vt 1.000000 0.250000
vt 0.133333 0.500000
vt 0.133333 0.625000
s 0
f 1105/1222/885 1104/1222/885 1089/1222/885 1090/1222/885
f 1107/1222/886 1106/1222/886 1092/1222/886 1093/1222/886
f 1108/1222/887 1105/1222/887 1090/1222/887 1091/1222/887
f 1084/1222/888 1085/1222/888 1095/1222/888 1094/1222/888
f 1106/1222/889 1108/1222/889 1091/1222/889 1092/1222/889
f 1082/1222/890 1083/1222/890 1081/1222/890 1088/1222/890
f 1085/1222/891 1086/1222/891 1096/1222/891 1095/1222/891
f 1083/1222/892 1084/1222/892 1094/1222/892 1081/1222/892
f 1090/1222/893 1089/1222/893 1097/1222/893 1098/1222/893
f 1093/1222/894 1092/1222/894 1100/1222/894 1101/1222/894
f 1091/1222/895 1090/1222/895 1098/1222/895 1099/1222/895
f 1092/1222/896 1091/1222/896 1099/1222/896 1100/1222/896
f 1107/1222/897 1093/1222/897 1087/1222/897 1109/1222/897
f 1109/1222/898 1087/1222/898 1103/1222/898 1110/1222/898
f 1080/1222/899 1102/1222/899 1096/1222/899 1086/1222/899
f 1087/1222/900 1093/1222/900 1101/1222/900 1103/1222/900
f 1104/1222/901 1082/1222/901 1088/1222/901 1111/1222/901
f 1089/1222/902 1104/1222/902 1111/1222/902 1097/1222/902
f 1080/1222/898 1109/1222/898 1110/1222/898 1102/1222/898
f 1086/1222/903 1107/1222/903 1109/1222/903 1080/1222/903
f 1085/1222/904 1084/1222/904 1108/1222/904 1106/1222/904
f 1084/1222/905 1083/1222/905 1105/1222/905 1108/1222/905
f 1086/1222/906 1085/1222/906 1106/1222/906 1107/1222/906
f 1083/1222/907 1082/1222/907 1104/1222/907 1105/1222/907
f 1115/1223/908 1114/1224/908 1119/1225/908 1120/1226/908
f 1113/1227/909 1112/1228/909 1117/1229/909 1118/1230/909
f 1116/1231/910 1115/1223/910 1120/1226/910 1121/1232/910
f 1114/1224/911 1113/1227/911 1118/1230/911 1119/1225/911
f 1121/1232/912 1120/1226/912 1125/1233/912 1126/1234/912
f 1119/1225/913 1118/1230/913 1123/1235/913 1124/1236/913
f 1120/1226/914 1119/1225/914 1124/1236/914 1125/1233/914
f 1118/1230/915 1117/1229/915 1122/1237/915 1123/1235/915
f 1126/1238/916 1125/1239/916 1130/1240/916 1131/1241/916
f 1124/1242/917 1123/1243/917 1128/1244/917 1129/1245/917
f 1125/1239/918 1124/1242/918 1129/1245/918 1130/1240/918
f 1123/1243/919 1122/1246/919 1127/1247/919 1128/1244/919
f 1130/1240/920 1129/1245/920 1134/1248/920 1135/1249/920
f 1128/1244/921 1127/1247/921 1132/1250/921 1133/1251/921
f 1131/1241/922 1130/1240/922 1135/1249/922 1136/1252/922
f 1129/1245/923 1128/1244/923 1133/1251/923 1134/1248/923
f 1135/1249/924 1134/1248/924 1139/1253/924 1140/1254/924
f 1133/1251/925 1132/1250/925 1137/1255/925 1138/1256/925
f 1136/1252/926 1135/1249/926 1140/1254/926 1141/1257/926
f 1134/1248/927 1133/1251/927 1138/1256/927 1139/1253/927
f 1137/1255/928 1132/1250/928 1146/1250/928 1147/1258/928
f 1117/1229/929 1112/1228/929 1142/1228/929 1143/1229/929
f 1122/1237/930 1117/1229/930 1143/1229/930 1144/1237/930
f 1127/1247/931 1122/1246/931 1144/1259/931 1145/1260/931
f 1132/1250/932 1127/1247/932 1145/1260/932 1146/1250/932
f 1136/1252/933 1141/1257/933 1153/1261/933 1152/1252/933
f 1126/1238/934 1131/1241/934 1151/1262/934 1150/1263/934
f 1131/1241/935 1136/1252/935 1152/1252/935 1151/1262/935
f 1116/1231/936 1121/1232/936 1149/1232/936 1148/1231/936
f 1121/1232/937 1126/1234/937 1150/1234/937 1149/1232/937
f 1139/1253/938 1138/1256/938 1154/1256/938 1155/1253/938
f 1138/1256/939 1137/1255/939 1147/1258/939 1154/1256/939
f 1140/1254/940 1139/1253/940 1155/1253/940 1156/1222/940
f 1140/1254/941 1156/1222/941 1153/1261/941 1141/1257/941
f 1114/1224/942 1115/1223/942 1159/1223/942 1158/1264/942
f 1113/1227/943 1114/1224/943 1158/1264/943 1157/1265/943
f 1113/1227/944 1157/1265/944 1142/1228/944 1112/1228/944
f 1115/1223/945 1116/1231/945 1148/1231/945 1159/1223/945
f 1173/1222/946 1168/1222/946 1167/1222/946 1172/1222/946
f 1175/1222/947 1171/1222/947 1170/1222/947 1174/1222/947
f 1176/1222/948 1169/1222/948 1168/1222/948 1173/1222/948
f 1163/1222/949 1094/1222/949 1095/1222/949 1164/1222/949
f 1174/1222/950 1170/1222/950 1169/1222/950 1176/1222/950
f 1161/1222/951 1088/1222/951 1081/1222/951 1162/1222/951
f 1164/1222/952 1095/1222/952 1096/1222/952 1165/1222/952
f 1162/1222/953 1081/1222/953 1094/1222/953 1163/1222/953
f 1168/1222/893 1098/1222/893 1097/1222/893 1167/1222/893
f 1171/1222/954 1101/1222/954 1100/1222/954 1170/1222/954
f 1169/1222/955 1099/1222/955 1098/1222/955 1168/1222/955
f 1170/1222/956 1100/1222/956 1099/1222/956 1169/1222/956
f 1175/1222/957 1177/1222/957 1166/1222/957 1171/1222/957
f 1177/1222/898 1110/1222/898 1103/1222/898 1166/1222/898
f 1160/1222/958 1165/1222/958 1096/1222/958 1102/1222/958
f 1166/1222/959 1103/1222/959 1101/1222/959 1171/1222/959
f 1172/1222/960 1111/1222/960 1088/1222/960 1161/1222/960
f 1167/1222/961 1097/1222/961 1111/1222/961 1172/1222/961
f 1160/1222/898 1102/1222/898 1110/1222/898 1177/1222/898
f 1165/1222/962 1160/1222/962 1177/1222/962 1175/1222/962
f 1164/1222/963 1174/1222/963 1176/1222/963 1163/1222/963
f 1163/1222/964 1176/1222/964 1173/1222/964 1162/1222/964
f 1165/1222/965 1175/1222/965 1174/1222/965 1164/1222/965
f 1162/1222/966 1173/1222/966 1172/1222/966 1161/1222/966
f 1181/1223/967 1186/1226/967 1185/1225/967 1180/1224/967
f 1179/1227/968 1184/1230/968 1183/1229/968 1178/1228/968
f 1182/1231/969 1187/1232/969 1186/1226/969 1181/1223/969
f 1180/1224/970 1185/1225/970 1184/1230/970 1179/1227/970
f 1187/1232/971 1192/1234/971 1191/1233/971 1186/1226/971
f 1185/1225/972 1190/1236/972 1189/1235/972 1184/1230/972
f 1186/1226/973 1191/1233/973 1190/1236/973 1185/1225/973
f 1184/1230/974 1189/1235/974 1188/1237/974 1183/1229/974
f 1192/1238/975 1197/1241/975 1196/1240/975 1191/1239/975
f 1190/1242/976 1195/1245/976 1194/1244/976 1189/1243/976
f 1191/1239/977 1196/1240/977 1195/1245/977 1190/1242/977
f 1189/1243/978 1194/1244/978 1193/1247/978 1188/1246/978
f 1196/1240/979 1201/1249/979 1200/1248/979 1195/1245/979
f 1194/1244/980 1199/1251/980 1198/1250/980 1193/1247/980
f 1197/1241/981 1202/1252/981 1201/1249/981 1196/1240/981
f 1195/1245/982 1200/1248/982 1199/1251/982 1194/1244/982
f 1201/1249/983 1206/1254/983 1205/1253/983 1200/1248/983
f 1199/1251/984 1204/1256/984 1203/1255/984 1198/1250/984
f 1202/1252/985 1207/1257/985 1206/1254/985 1201/1249/985
f 1200/1248/986 1205/1253/986 1204/1256/986 1199/1251/986
f 1203/1255/987 1147/1258/987 1146/1250/987 1198/1250/987
f 1183/1229/929 1143/1229/929 1142/1228/929 1178/1228/929
f 1188/1237/930 1144/1237/930 1143/1229/930 1183/1229/930
f 1193/1247/988 1145/1260/988 1144/1259/988 1188/1246/988
f 1198/1250/989 1146/1250/989 1145/1260/989 1193/1247/989
f 1202/1252/990 1152/1252/990 1153/1261/990 1207/1257/990
f 1192/1238/991 1150/1263/991 1151/1262/991 1197/1241/991
f 1197/1241/992 1151/1262/992 1152/1252/992 1202/1252/992
f 1182/1231/993 1148/1231/993 1149/1232/993 1187/1232/993
f 1187/1232/994 1149/1232/994 1150/1234/994 1192/1234/994
f 1205/1253/995 1155/1253/995 1154/1256/995 1204/1256/995
f 1204/1256/996 1154/1256/996 1147/1258/996 1203/1255/996
f 1206/1254/997 1156/1222/997 1155/1253/997 1205/1253/997
f 1206/1254/998 1207/1257/998 1153/1261/998 1156/1222/998
f 1180/1224/999 1158/1264/999 1159/1223/999 1181/1223/999
f 1179/1227/1000 1157/1265/1000 1158/1264/1000 1180/1224/1000
f 1179/1227/1001 1178/1228/1001 1142/1228/1001 1157/1265/1001
f 1181/1223/1002 1159/1223/1002 1148/1231/1002 1182/1231/1002
o Sphere
v 0.485669 -0.588360 -2.240396
v 0.485669 -0.717194 -2.258936
v 0.485669 -0.849057 -2.246886
v 0.485669 -0.954514 -2.198390
v 0.527476 -0.373300 -2.020406
v 0.562919 -0.415902 -2.109357
v 0.586601 -0.491781 -2.177656
v 0.594917 -0.592627 -2.217570
v 0.586601 -0.721136 -2.237848
v 0.562919 -0.852075 -2.230746
v 0.527476 -0.956147 -2.189655
v 0.562055 -0.377917 -1.995711
v 0.626812 -0.424434 -2.063726
v 0.670081 -0.502928 -2.118038
v 0.685276 -0.604693 -2.153039
v 0.670081 -0.732283 -2.178229
v 0.626812 -0.860607 -2.185116
v 0.562055 -0.960764 -2.164960
v 0.583426 -0.384720 -1.959326
v 0.666300 -0.437004 -1.996496
v 0.721675 -0.519352 -2.030197
v 0.741120 -0.622469 -2.057961
v 0.721675 -0.748707 -2.090389
v 0.666300 -0.873177 -2.117885
v 0.583426 -0.967567 -2.128575
v 0.587893 -0.392532 -1.917543
v 0.674555 -0.451439 -1.919290
v 0.732461 -0.538212 -1.929323
v 0.752795 -0.642884 -1.948776
v 0.732461 -0.767567 -1.989514
v 0.674555 -0.887612 -2.040679
v 0.587893 -0.975379 -2.086792
v 0.574686 -0.400003 -1.877586
v 0.650150 -0.465243 -1.845459
v 0.700574 -0.556249 -1.832858
v 0.718281 -0.662406 -1.844362
v 0.700574 -0.785604 -1.893049
v 0.650150 -0.901416 -1.966848
v 0.574686 -0.982850 -2.046834
v 0.546086 -0.405840 -1.846364
v 0.597305 -0.476030 -1.787768
v 0.631529 -0.570342 -1.757481
v 0.643546 -0.677660 -1.762775
v 0.631529 -0.799697 -1.817672
v 0.597305 -0.912203 -1.909157
v 0.546086 -0.988688 -2.015612
v 0.507039 -0.409035 -1.829275
v 0.525157 -0.481933 -1.756193
v 0.537262 -0.578055 -1.716226
v 0.541513 -0.686009 -1.718121
v 0.537262 -0.807410 -1.776417
v 0.525157 -0.918106 -1.877582
v 0.507039 -0.991883 -1.998524
v 0.485669 -0.370460 -1.924347
v 0.464298 -0.409035 -1.829275
v 0.446181 -0.481933 -1.756193
v 0.434075 -0.578055 -1.716226
v 0.429824 -0.686009 -1.718121
v 0.434075 -0.807410 -1.776417
v 0.446181 -0.918106 -1.877582
v 0.464298 -0.991883 -1.998524
v 0.425252 -0.405840 -1.846364
v 0.374032 -0.476030 -1.787768
v 0.339809 -0.570342 -1.757481
v 0.327791 -0.677660 -1.762775
v 0.339809 -0.799697 -1.817672
v 0.374032 -0.912203 -1.909157
v 0.425252 -0.988688 -2.015612
v 0.485669 -1.007538 -2.112640
v 0.396652 -0.400003 -1.877586
v 0.321187 -0.465243 -1.845459
v 0.270763 -0.556249 -1.832858
v 0.253056 -0.662406 -1.844362
v 0.270763 -0.785604 -1.893049
v 0.321187 -0.901416 -1.966848
v 0.396652 -0.982850 -2.046834
v 0.383444 -0.392532 -1.917543
v 0.296782 -0.451439 -1.919290
v 0.238876 -0.538212 -1.929323
v 0.218543 -0.642884 -1.948776
v 0.238876 -0.767567 -1.989514
v 0.296782 -0.887612 -2.040680
v 0.383444 -0.975379 -2.086792
v 0.387912 -0.384720 -1.959326
v 0.305037 -0.437004 -1.996496
v 0.249662 -0.519352 -2.030197
v 0.230217 -0.622469 -2.057961
v 0.249662 -0.748707 -2.090389
v 0.305037 -0.873177 -2.117885
v 0.387912 -0.967567 -2.128575
v 0.409282 -0.377917 -1.995711
v 0.344525 -0.424434 -2.063726
v 0.301256 -0.502928 -2.118037
v 0.286062 -0.604693 -2.153039
v 0.301256 -0.732283 -2.178229
v 0.344525 -0.860607 -2.185116
v 0.409282 -0.960764 -2.164960
v 0.443861 -0.373300 -2.020406
v 0.408418 -0.415902 -2.109357
v 0.384736 -0.491781 -2.177656
v 0.376420 -0.592627 -2.217570
v 0.384736 -0.721136 -2.237848
v 0.408418 -0.852075 -2.230746
v 0.443861 -0.956147 -2.189655
v 0.485669 -0.371666 -2.029141
v 0.485669 -0.412884 -2.125497
v 0.485669 -0.487839 -2.198745
vn 0.1710 -0.4117 -0.8952
vn 0.2077 0.1393 -0.9682
vn 0.1740 0.6883 -0.7043
vn 0.0414 0.9991 -0.0115
vn 0.0764 -0.8480 -0.5244
vn 0.2004 -0.0892 -0.9757
vn 0.2036 0.3748 -0.9045
vn 0.1173 0.9131 -0.3906
vn 0.1171 0.9929 0.0216
vn 0.2131 -0.8622 -0.4596
vn 0.5620 -0.1458 -0.8142
vn 0.5760 0.3415 -0.7427
vn 0.3315 0.8955 -0.2968
vn 0.4752 -0.4584 -0.7511
vn 0.5867 0.0890 -0.8049
vn 0.4920 0.6622 -0.5651
vn 0.8148 -0.2466 -0.5247
vn 0.8496 0.2805 -0.4466
vn 0.4885 0.8635 -0.1255
vn 0.6784 -0.5391 -0.4992
vn 0.8621 -0.0026 -0.5068
vn 0.7249 0.6147 -0.3109
vn 0.1726 0.9816 0.0822
vn 0.3063 -0.8869 -0.3457
vn 0.7475 -0.6339 -0.1984
vn 0.9847 -0.1189 -0.1275
vn 0.8325 0.5539 0.0145
vn 0.1982 0.9671 0.1596
vn 0.3410 -0.9168 -0.2079
vn 0.9140 -0.3698 -0.1669
vn 0.9771 0.2022 -0.0667
vn 0.5610 0.8225 0.0938
vn 0.9344 -0.2387 0.2642
vn 0.7961 0.4902 0.3548
vn 0.1895 0.9519 0.2406
vn 0.3159 -0.9460 -0.0724
vn 0.8504 -0.4909 0.1893
vn 0.9357 0.1201 0.3318
vn 0.5365 0.7796 0.3231
vn 0.6843 -0.7235 0.0909
vn 0.2403 -0.9699 0.0388
vn 0.6475 -0.5896 0.4829
vn 0.7320 0.0484 0.6796
vn 0.4192 0.7423 0.5228
vn 0.5147 -0.7942 0.3230
vn 0.7241 -0.3410 0.5995
vn 0.6221 0.4348 0.6511
vn 0.1481 0.9387 0.3112
vn 0.4010 -0.0003 0.9161
vn 0.2294 0.7170 0.6583
vn 0.2745 -0.8386 0.4705
vn 0.3937 -0.4091 0.8232
vn 0.3405 0.3972 0.8522
vn 0.0811 0.9298 0.3590
vn 0.1292 -0.9854 0.1110
vn 0.3479 -0.6529 0.6728
vn -0.0000 -0.8537 0.5208
vn -0.0000 -0.4329 0.9015
vn -0.0000 0.3839 0.9234
vn -0.0000 0.9266 0.3760
vn -0.0000 -0.9907 0.1359
vn -0.0000 -0.6746 0.7382
vn -0.0000 -0.0176 0.9998
vn -0.0000 0.7080 0.7062
vn -0.3405 0.3972 0.8522
vn -0.0811 0.9298 0.3590
vn -0.1292 -0.9854 0.1110
vn -0.3479 -0.6529 0.6728
vn -0.4010 -0.0003 0.9161
vn -0.2294 0.7170 0.6583
vn -0.2745 -0.8386 0.4705
vn -0.3937 -0.4091 0.8232
vn -0.2403 -0.9699 0.0388
vn -0.6475 -0.5896 0.4829
vn -0.7320 0.0484 0.6796
vn -0.4192 0.7423 0.5228
vn -0.5147 -0.7942 0.3230
vn -0.7241 -0.3410 0.5995
vn -0.6221 0.4348 0.6511
vn -0.1481 0.9387 0.3112
vn -0.5365 0.7796 0.3231
vn -0.6843 -0.7235 0.0909
vn -0.9344 -0.2387 0.2642
vn -0.7961 0.4902 0.3548
vn -0.1895 0.9519 0.2406
vn -0.3159 -0.9460 -0.0724
vn -0.8504 -0.4909 0.1893
vn -0.9357 0.1201 0.3317
vn -0.7475 -0.6339 -0.1984
vn -0.9847 -0.1189 -0.1275
vn -0.8325 0.5539 0.0145
vn -0.1982 0.9671 0.1596
vn -0.3410 -0.9168 -0.2079
vn -0.9140 -0.3698 -0.1669
vn -0.9771 0.2022 -0.0667
vn -0.5610 0.8225 0.0938
vn -0.1726 0.9816 0.0822
vn -0.3063 -0.8869 -0.3457
vn -0.8148 -0.2466 -0.5247
vn -0.8496 0.2805 -0.4466
vn -0.4885 0.8635 -0.1255
vn -0.6784 -0.5391 -0.4992
vn -0.8621 -0.0026 -0.5068
vn -0.7249 0.6147 -0.3109
vn -0.5620 -0.1458 -0.8142
vn -0.5760 0.3415 -0.7427
vn -0.3315 0.8955 -0.2968
vn -0.4752 -0.4584 -0.7511
vn -0.5867 0.0890 -0.8049
vn -0.4920 0.6622 -0.5651
vn -0.1171 0.9929 0.0216
vn -0.2131 -0.8622 -0.4596
vn -0.1710 -0.4117 -0.8952
vn -0.2077 0.1393 -0.9682
vn -0.1740 0.6883 -0.7043
vn -0.0414 0.9991 -0.0115
vn -0.0764 -0.8480 -0.5244
vn -0.2004 -0.0892 -0.9757
vn -0.2036 0.3748 -0.9045
vn -0.1173 0.9131 -0.3906
vt 0.733333 0.125000
vt 0.733333 0.250000
vt 0.666667 0.250000
vt 0.666667 0.125000
vt 0.733333 0.375000
vt 0.733333 0.500000
vt 0.666667 0.500000
vt 0.666667 0.375000
vt 0.733333 0.625000
vt 0.733333 0.750000
vt 0.666667 0.750000
vt 0.666667 0.625000
vt 0.733333 0.875000
vt 0.700000 1.000000
vt 0.666667 0.875000
vt 0.700000 0.000000
vt 0.633333 1.000000
vt 0.600000 0.875000
vt 0.633333 0.000000
vt 0.600000 0.125000
vt 0.600000 0.375000
vt 0.600000 0.250000
vt 0.600000 0.625000
vt 0.600000 0.500000
vt 0.600000 0.750000
vt 0.533333 0.375000
vt 0.533333 0.250000
vt 0.533333 0.625000
vt 0.533333 0.500000
vt 0.533333 0.875000
vt 0.533333 0.750000
vt 0.533333 0.125000
vt 0.566667 1.000000
vt 0.566667 0.000000
vt 0.466667 0.250000
vt 0.466667 0.125000
vt 0.466667 0.500000
vt 0.466667 0.375000
vt 0.466667 0.750000
vt 0.466667 0.625000
vt 0.500000 1.000000
vt 0.466667 0.875000
vt 0.500000 0.000000
vt 0.400000 0.500000
vt 0.400000 0.375000
vt 0.400000 0.750000
vt 0.400000 0.625000
vt 0.433333 1.000000
vt 0.400000 0.875000
vt 0.433333 0.000000
vt 0.400000 0.125000
vt 0.400000 0.250000
vt 0.366667 0.000000
vt 0.333333 0.125000
vt 0.333333 0.375000
vt 0.333333 0.250000
vt 0.333333 0.625000
vt 0.333333 0.500000
vt 0.333333 0.875000
vt 0.333333 0.750000
vt 0.366667 1.000000
vt 0.266667 0.625000
vt 0.266667 0.500000
vt 0.266667 0.875000
vt 0.266667 0.750000
vt 0.266667 0.250000
vt 0.266667 0.125000
vt 0.266667 0.375000
vt 0.300000 1.000000
vt 0.300000 0.000000
vt 0.200000 0.250000
vt 0.200000 0.125000
vt 0.200000 0.500000
vt 0.200000 0.375000
vt 0.200000 0.750000
vt 0.200000 0.625000
vt 0.233333 1.000000
vt 0.200000 0.875000
vt 0.233333 0.000000
vt 0.133333 0.750000
vt 0.133333 0.625000
vt 0.166667 1.000000
vt 0.133333 0.875000
vt 0.166667 0.000000
vt 0.133333 0.125000
vt 0.133333 0.375000
vt 0.133333 0.250000
vt 0.133333 0.500000
vt 0.100000 0.000000
vt 0.066667 0.125000
vt 0.066667 0.375000
vt 0.066667 0.250000
vt 0.066667 0.625000
vt 0.066667 0.500000
vt 0.066667 0.875000
vt 0.066667 0.750000
vt 0.100000 1.000000
vt 0.000000 0.875000
vt 0.000000 0.750000
vt 0.000000 0.250000
vt 0.000000 0.125000
vt 0.000000 0.500000
vt 0.000000 0.375000
vt 0.000000 0.625000
vt 0.033333 1.000000
vt 0.033333 0.000000
vt 1.000000 0.125000
vt 1.000000 0.250000
vt 0.933333 0.250000
vt 0.933333 0.125000
vt 1.000000 0.375000
vt 1.000000 0.500000
vt 0.933333 0.500000
vt 0.933333 0.375000
vt 1.000000 0.625000
vt 1.000000 0.750000
vt 0.933333 0.750000
vt 0.933333 0.625000
vt 1.000000 0.875000
vt 0.966667 1.000000
vt 0.933333 0.875000
vt 0.966667 0.000000
vt 0.900000 1.000000
vt 0.866667 0.875000
vt 0.900000 0.000000
vt 0.866667 0.125000
vt 0.866667 0.375000
vt 0.866667 0.250000
vt 0.866667 0.625000
vt 0.866667 0.500000
vt 0.866667 0.750000
vt 0.800000 0.375000
vt 0.800000 0.250000
vt 0.800000 0.625000
vt 0.800000 0.500000
vt 0.800000 0.875000
vt 0.800000 0.750000
vt 0.800000 0.125000
vt 0.833333 1.000000
vt 0.833333 0.000000
vt 0.766667 1.000000
vt 0.766667 0.000000
s 0
f 1211/1266/1003 1210/1267/1003 1217/1268/1003 1218/1269/1003
f 1209/1270/1004 1208/1271/1004 1215/1272/1004 1216/1273/1004
f 1314/1274/1005 1313/1275/1005 1213/1276/1005 1214/1277/1005
f 1312/1278/1006 1261/1279/1006 1212/1280/1006
f 1276/1281/1007 1211/1266/1007 1218/1269/1007
f 1210/1267/1008 1209/1270/1008 1216/1273/1008 1217/1268/1008
f 1208/1271/1009 1314/1274/1009 1214/1277/1009 1215/1272/1009
f 1313/1275/1010 1312/1278/1010 1212/1280/1010 1213/1276/1010
f 1212/1280/1011 1261/1282/1011 1219/1283/1011
f 1276/1284/1012 1218/1269/1012 1225/1285/1012
f 1217/1268/1013 1216/1273/1013 1223/1286/1013 1224/1287/1013
f 1215/1272/1014 1214/1277/1014 1221/1288/1014 1222/1289/1014
f 1213/1276/1015 1212/1280/1015 1219/1283/1015 1220/1290/1015
f 1218/1269/1016 1217/1268/1016 1224/1287/1016 1225/1285/1016
f 1216/1273/1017 1215/1272/1017 1222/1289/1017 1223/1286/1017
f 1214/1277/1018 1213/1276/1018 1220/1290/1018 1221/1288/1018
f 1224/1287/1019 1223/1286/1019 1230/1291/1019 1231/1292/1019
f 1222/1289/1020 1221/1288/1020 1228/1293/1020 1229/1294/1020
f 1220/1290/1021 1219/1283/1021 1226/1295/1021 1227/1296/1021
f 1225/1285/1022 1224/1287/1022 1231/1292/1022 1232/1297/1022
f 1223/1286/1023 1222/1289/1023 1229/1294/1023 1230/1291/1023
f 1221/1288/1024 1220/1290/1024 1227/1296/1024 1228/1293/1024
f 1219/1283/1025 1261/1298/1025 1226/1295/1025
f 1276/1299/1026 1225/1285/1026 1232/1297/1026
f 1232/1297/1027 1231/1292/1027 1238/1300/1027 1239/1301/1027
f 1230/1291/1028 1229/1294/1028 1236/1302/1028 1237/1303/1028
f 1228/1293/1029 1227/1296/1029 1234/1304/1029 1235/1305/1029
f 1226/1295/1030 1261/1306/1030 1233/1307/1030
f 1276/1308/1031 1232/1297/1031 1239/1301/1031
f 1231/1292/1032 1230/1291/1032 1237/1303/1032 1238/1300/1032
f 1229/1294/1033 1228/1293/1033 1235/1305/1033 1236/1302/1033
f 1227/1296/1034 1226/1295/1034 1233/1307/1034 1234/1304/1034
f 1237/1303/1035 1236/1302/1035 1243/1309/1035 1244/1310/1035
f 1235/1305/1036 1234/1304/1036 1241/1311/1036 1242/1312/1036
f 1233/1307/1037 1261/1313/1037 1240/1314/1037
f 1276/1315/1038 1239/1301/1038 1246/1316/1038
f 1238/1300/1039 1237/1303/1039 1244/1310/1039 1245/1317/1039
f 1236/1302/1040 1235/1305/1040 1242/1312/1040 1243/1309/1040
f 1234/1304/1041 1233/1307/1041 1240/1314/1041 1241/1311/1041
f 1239/1301/1042 1238/1300/1042 1245/1317/1042 1246/1316/1042
f 1276/1318/1043 1246/1316/1043 1253/1319/1043
f 1245/1317/1044 1244/1310/1044 1251/1320/1044 1252/1321/1044
f 1243/1309/1045 1242/1312/1045 1249/1322/1045 1250/1323/1045
f 1241/1311/1046 1240/1314/1046 1247/1324/1046 1248/1325/1046
f 1246/1316/1047 1245/1317/1047 1252/1321/1047 1253/1319/1047
f 1244/1310/1048 1243/1309/1048 1250/1323/1048 1251/1320/1048
f 1242/1312/1049 1241/1311/1049 1248/1325/1049 1249/1322/1049
f 1240/1314/1050 1261/1326/1050 1247/1324/1050
f 1250/1323/1051 1249/1322/1051 1256/1327/1051 1257/1328/1051
f 1248/1325/1052 1247/1324/1052 1254/1329/1052 1255/1330/1052
f 1253/1319/1053 1252/1321/1053 1259/1331/1053 1260/1332/1053
f 1251/1320/1054 1250/1323/1054 1257/1328/1054 1258/1333/1054
f 1249/1322/1055 1248/1325/1055 1255/1330/1055 1256/1327/1055
f 1247/1324/1056 1261/1334/1056 1254/1329/1056
f 1276/1335/1057 1253/1319/1057 1260/1332/1057
f 1252/1321/1058 1251/1320/1058 1258/1333/1058 1259/1331/1058
f 1260/1332/1059 1259/1331/1059 1267/1336/1059 1268/1337/1059
f 1258/1333/1060 1257/1328/1060 1265/1338/1060 1266/1339/1060
f 1256/1327/1061 1255/1330/1061 1263/1340/1061 1264/1341/1061
f 1254/1329/1062 1261/1342/1062 1262/1343/1062
f 1276/1344/1063 1260/1332/1063 1268/1337/1063
f 1259/1331/1064 1258/1333/1064 1266/1339/1064 1267/1336/1064
f 1257/1328/1065 1256/1327/1065 1264/1341/1065 1265/1338/1065
f 1255/1330/1066 1254/1329/1066 1262/1343/1066 1263/1340/1066
f 1264/1341/1067 1263/1340/1067 1270/1345/1067 1271/1346/1067
f 1262/1343/1068 1261/1347/1068 1269/1348/1068
f 1276/1349/1069 1268/1337/1069 1275/1350/1069
f 1267/1336/1070 1266/1339/1070 1273/1351/1070 1274/1352/1070
f 1265/1338/1071 1264/1341/1071 1271/1346/1071 1272/1353/1071
f 1263/1340/1072 1262/1343/1072 1269/1348/1072 1270/1345/1072
f 1268/1337/1073 1267/1336/1073 1274/1352/1073 1275/1350/1073
f 1266/1339/1074 1265/1338/1074 1272/1353/1074 1273/1351/1074
f 1276/1354/1075 1275/1350/1075 1283/1355/1075
f 1274/1352/1076 1273/1351/1076 1281/1356/1076 1282/1357/1076
f 1272/1353/1077 1271/1346/1077 1279/1358/1077 1280/1359/1077
f 1270/1345/1078 1269/1348/1078 1277/1360/1078 1278/1361/1078
f 1275/1350/1079 1274/1352/1079 1282/1357/1079 1283/1355/1079
f 1273/1351/1080 1272/1353/1080 1280/1359/1080 1281/1356/1080
f 1271/1346/1081 1270/1345/1081 1278/1361/1081 1279/1358/1081
f 1269/1348/1082 1261/1362/1082 1277/1360/1082
f 1278/1361/1083 1277/1360/1083 1284/1363/1083 1285/1364/1083
f 1283/1355/1084 1282/1357/1084 1289/1365/1084 1290/1366/1084
f 1281/1356/1085 1280/1359/1085 1287/1367/1085 1288/1368/1085
f 1279/1358/1086 1278/1361/1086 1285/1364/1086 1286/1369/1086
f 1277/1360/1087 1261/1370/1087 1284/1363/1087
f 1276/1371/1088 1283/1355/1088 1290/1366/1088
f 1282/1357/1089 1281/1356/1089 1288/1368/1089 1289/1365/1089
f 1280/1359/1090 1279/1358/1090 1286/1369/1090 1287/1367/1090
f 1290/1372/1091 1289/1373/1091 1296/1374/1091 1297/1375/1091
f 1288/1376/1092 1287/1377/1092 1294/1378/1092 1295/1379/1092
f 1286/1380/1093 1285/1381/1093 1292/1382/1093 1293/1383/1093
f 1284/1384/1094 1261/1385/1094 1291/1386/1094
f 1276/1387/1095 1290/1372/1095 1297/1375/1095
f 1289/1373/1096 1288/1376/1096 1295/1379/1096 1296/1374/1096
f 1287/1377/1097 1286/1380/1097 1293/1383/1097 1294/1378/1097
f 1285/1381/1098 1284/1384/1098 1291/1386/1098 1292/1382/1098
f 1291/1386/1099 1261/1388/1099 1298/1389/1099
f 1276/1390/1100 1297/1375/1100 1304/1391/1100
f 1296/1374/1101 1295/1379/1101 1302/1392/1101 1303/1393/1101
f 1294/1378/1102 1293/1383/1102 1300/1394/1102 1301/1395/1102
f 1292/1382/1103 1291/1386/1103 1298/1389/1103 1299/1396/1103
f 1297/1375/1104 1296/1374/1104 1303/1393/1104 1304/1391/1104
f 1295/1379/1105 1294/1378/1105 1301/1395/1105 1302/1392/1105
f 1293/1383/1106 1292/1382/1106 1299/1396/1106 1300/1394/1106
f 1303/1393/1107 1302/1392/1107 1309/1397/1107 1310/1398/1107
f 1301/1395/1108 1300/1394/1108 1307/1399/1108 1308/1400/1108
f 1299/1396/1109 1298/1389/1109 1305/1401/1109 1306/1402/1109
f 1304/1391/1110 1303/1393/1110 1310/1398/1110 1311/1403/1110
f 1302/1392/1111 1301/1395/1111 1308/1400/1111 1309/1397/1111
f 1300/1394/1112 1299/1396/1112 1306/1402/1112 1307/1399/1112
f 1298/1389/1113 1261/1404/1113 1305/1401/1113
f 1276/1405/1114 1304/1391/1114 1311/1403/1114
f 1311/1403/1115 1310/1398/1115 1210/1267/1115 1211/1266/1115
f 1309/1397/1116 1308/1400/1116 1208/1271/1116 1209/1270/1116
f 1307/1399/1117 1306/1402/1117 1313/1275/1117 1314/1274/1117
f 1305/1401/1118 1261/1406/1118 1312/1278/1118
f 1276/1407/1119 1311/1403/1119 1211/1266/1119
f 1310/1398/1120 1309/1397/1120 1209/1270/1120 1210/1267/1120
f 1308/1400/1121 1307/1399/1121 1314/1274/1121 1208/1271/1121
f 1306/1402/1122 1305/1401/1122 1312/1278/1122 1313/1275/1122
o Sphere.001
v 0.308062 -0.618293 -2.141202
v 0.308062 -0.686508 -2.130494
v 0.308062 -0.744337 -2.100000
v 0.308062 -0.782978 -2.054363
v 0.329958 -0.453609 -2.049708
v 0.348520 -0.492250 -2.091401
v 0.360923 -0.550079 -2.119258
v 0.365279 -0.618293 -2.129041
v 0.360923 -0.686508 -2.119258
v 0.348520 -0.744337 -2.091401
v 0.329958 -0.782978 -2.049708
v 0.348068 -0.453609 -2.036551
v 0.381983 -0.492250 -2.067088
v 0.404645 -0.550079 -2.087493
v 0.412602 -0.618293 -2.094658
v 0.404645 -0.686508 -2.087493
v 0.381983 -0.744337 -2.067088
v 0.348068 -0.782978 -2.036551
v 0.359260 -0.453609 -2.017165
v 0.402664 -0.492250 -2.031267
v 0.431666 -0.550079 -2.040691
v 0.441850 -0.618293 -2.044000
v 0.431666 -0.686508 -2.040691
v 0.402664 -0.744337 -2.031267
v 0.359260 -0.782978 -2.017165
v 0.361600 -0.453609 -1.994902
v 0.406988 -0.492250 -1.990132
v 0.437315 -0.550079 -1.986944
v 0.447964 -0.618293 -1.985825
v 0.437315 -0.686508 -1.986944
v 0.406988 -0.744337 -1.990132
v 0.361600 -0.782978 -1.994902
v 0.354683 -0.453609 -1.973613
v 0.394206 -0.492250 -1.950794
v 0.420615 -0.550079 -1.935547
v 0.429888 -0.618293 -1.930193
v 0.420615 -0.686508 -1.935547
v 0.394206 -0.744337 -1.950794
v 0.354683 -0.782978 -1.973613
v 0.339704 -0.453609 -1.956977
v 0.366529 -0.492250 -1.920056
v 0.384453 -0.550079 -1.895385
v 0.390748 -0.618293 -1.886722
v 0.384453 -0.686508 -1.895385
v 0.366529 -0.744337 -1.920056
v 0.339704 -0.782978 -1.956977
v 0.319255 -0.453609 -1.947872
v 0.328743 -0.492250 -1.903232
v 0.335083 -0.550079 -1.873404
v 0.337310 -0.618293 -1.862930
v 0.335083 -0.686508 -1.873404
v 0.328743 -0.744337 -1.903232
v 0.319255 -0.782978 -1.947872
v 0.308062 -0.440040 -2.000529
v 0.296869 -0.453609 -1.947872
v 0.287381 -0.492250 -1.903232
v 0.281041 -0.550079 -1.873404
v 0.278814 -0.618293 -1.862930
v 0.281041 -0.686508 -1.873404
v 0.287381 -0.744337 -1.903232
v 0.296869 -0.782978 -1.947872
v 0.276420 -0.453609 -1.956977
v 0.249594 -0.492250 -1.920056
v 0.231670 -0.550079 -1.895385
v 0.225376 -0.618293 -1.886722
v 0.231670 -0.686508 -1.895385
v 0.249594 -0.744337 -1.920056
v 0.276420 -0.782978 -1.956977
v 0.308062 -0.796547 -2.000529
v 0.261441 -0.453609 -1.973613
v 0.221918 -0.492250 -1.950794
v 0.195509 -0.550079 -1.935547
v 0.186235 -0.618293 -1.930193
v 0.195509 -0.686508 -1.935547
v 0.221918 -0.744337 -1.950794
v 0.261441 -0.782978 -1.973613
v 0.254524 -0.453609 -1.994902
v 0.209136 -0.492250 -1.990132
v 0.178809 -0.550079 -1.986944
v 0.168159 -0.618293 -1.985825
v 0.178809 -0.686508 -1.986944
v 0.209136 -0.744337 -1.990132
v 0.254524 -0.782978 -1.994902
v 0.256863 -0.453609 -2.017165
v 0.213459 -0.492250 -2.031267
v 0.184458 -0.550079 -2.040691
v 0.174274 -0.618293 -2.044000
v 0.184458 -0.686508 -2.040691
v 0.213459 -0.744337 -2.031267
v 0.256863 -0.782978 -2.017165
v 0.268056 -0.453609 -2.036551
v 0.234141 -0.492250 -2.067088
v 0.211479 -0.550079 -2.087493
v 0.203521 -0.618293 -2.094658
v 0.211479 -0.686508 -2.087493
v 0.234141 -0.744337 -2.067088
v 0.268056 -0.782978 -2.036551
v 0.286166 -0.453609 -2.049708
v 0.267604 -0.492250 -2.091400
v 0.255200 -0.550079 -2.119258
v 0.250845 -0.618293 -2.129041
v 0.255200 -0.686508 -2.119258
v 0.267604 -0.744337 -2.091400
v 0.286166 -0.782978 -2.049708
v 0.308062 -0.453609 -2.054363
v 0.308062 -0.492250 -2.100000
v 0.308062 -0.550079 -2.130494
v 0.663275 -0.618293 -2.141202
v 0.663275 -0.686508 -2.130494
v 0.663275 -0.744337 -2.100000
v 0.663275 -0.782978 -2.054363
v 0.641379 -0.453609 -2.049708
v 0.622817 -0.492250 -2.091401
v 0.610414 -0.550079 -2.119258
v 0.606058 -0.618293 -2.129041
v 0.610414 -0.686508 -2.119258
v 0.622817 -0.744337 -2.091401
v 0.641379 -0.782978 -2.049708
v 0.623269 -0.453609 -2.036551
v 0.589354 -0.492250 -2.067088
v 0.566693 -0.550079 -2.087493
v 0.558735 -0.618293 -2.094658
v 0.566693 -0.686508 -2.087493
v 0.589354 -0.744337 -2.067088
v 0.623269 -0.782978 -2.036551
v 0.612077 -0.453609 -2.017165
v 0.568673 -0.492250 -2.031267
v 0.539671 -0.550079 -2.040691
v 0.529487 -0.618293 -2.044000
v 0.539671 -0.686508 -2.040691
v 0.568673 -0.744337 -2.031267
v 0.612077 -0.782978 -2.017165
v 0.609737 -0.453609 -1.994902
v 0.564349 -0.492250 -1.990132
v 0.534022 -0.550079 -1.986944
v 0.523373 -0.618293 -1.985825
v 0.534022 -0.686508 -1.986944
v 0.564349 -0.744337 -1.990132
v 0.609737 -0.782978 -1.994902
v 0.616654 -0.453609 -1.973613
v 0.577131 -0.492250 -1.950794
v 0.550722 -0.550079 -1.935547
v 0.541449 -0.618293 -1.930193
v 0.550722 -0.686508 -1.935547
v 0.577131 -0.744337 -1.950794
v 0.616654 -0.782978 -1.973613
v 0.631633 -0.453609 -1.956977
v 0.604808 -0.492250 -1.920056
v 0.586884 -0.550079 -1.895385
v 0.580590 -0.618293 -1.886722
v 0.586884 -0.686508 -1.895385
v 0.604808 -0.744337 -1.920056
v 0.631633 -0.782978 -1.956977
v 0.652083 -0.453609 -1.947872
v 0.642594 -0.492250 -1.903232
v 0.636254 -0.550079 -1.873404
v 0.634028 -0.618293 -1.862930
v 0.636254 -0.686508 -1.873404
v 0.642594 -0.744337 -1.903232
v 0.652083 -0.782978 -1.947872
v 0.663275 -0.440040 -2.000529
v 0.674468 -0.453609 -1.947872
v 0.683957 -0.492250 -1.903232
v 0.690297 -0.550079 -1.873404
v 0.692523 -0.618293 -1.862930
v 0.690297 -0.686508 -1.873404
v 0.683957 -0.744337 -1.903232
v 0.674468 -0.782978 -1.947872
v 0.694918 -0.453609 -1.956977
v 0.721743 -0.492250 -1.920056
v 0.739667 -0.550079 -1.895385
v 0.745961 -0.618293 -1.886722
v 0.739667 -0.686508 -1.895385
v 0.721743 -0.744337 -1.920056
v 0.694918 -0.782978 -1.956977
v 0.663275 -0.796547 -2.000529
v 0.709896 -0.453609 -1.973613
v 0.749420 -0.492250 -1.950794
v 0.775828 -0.550079 -1.935547
v 0.785102 -0.618293 -1.930193
v 0.775828 -0.686508 -1.935547
v 0.749420 -0.744337 -1.950794
v 0.709896 -0.782978 -1.973613
v 0.716814 -0.453609 -1.994902
v 0.762201 -0.492250 -1.990132
v 0.792528 -0.550079 -1.986944
v 0.803178 -0.618293 -1.985825
v 0.792528 -0.686508 -1.986944
v 0.762201 -0.744337 -1.990132
v 0.716814 -0.782978 -1.994902
v 0.714474 -0.453609 -2.017165
v 0.757878 -0.492250 -2.031267
v 0.786879 -0.550079 -2.040691
v 0.797063 -0.618293 -2.044000
v 0.786879 -0.686508 -2.040691
v 0.757878 -0.744337 -2.031267
v 0.714474 -0.782978 -2.017165
v 0.703281 -0.453609 -2.036551
v 0.737197 -0.492250 -2.067088
v 0.759858 -0.550079 -2.087493
v 0.767816 -0.618293 -2.094658
v 0.759858 -0.686508 -2.087493
v 0.737197 -0.744337 -2.067088
v 0.703281 -0.782978 -2.036551
v 0.685171 -0.453609 -2.049708
v 0.703734 -0.492250 -2.091400
v 0.716137 -0.550079 -2.119258
v 0.720492 -0.618293 -2.129041
v 0.716137 -0.686508 -2.119258
v 0.703734 -0.744337 -2.091400
v 0.685171 -0.782978 -2.049708
v 0.663275 -0.453609 -2.054363
v 0.663275 -0.492250 -2.100000
v 0.663275 -0.550079 -2.130494
vn 0.0519 0.9684 -0.2441
vn 0.0519 -0.9684 -0.2441
vn 0.1848 -0.4584 -0.8693
vn 0.2055 0.1518 -0.9668
vn 0.1361 0.7561 -0.6402
vn 0.1361 -0.7561 -0.6402
vn 0.2055 -0.1518 -0.9668
vn 0.1848 0.4584 -0.8693
vn 0.5810 0.1518 -0.7996
vn 0.3847 0.7561 -0.5295
vn 0.3847 -0.7561 -0.5295
vn 0.5810 -0.1518 -0.7996
vn 0.5224 0.4584 -0.7190
vn 0.1467 0.9684 -0.2019
vn 0.1467 -0.9684 -0.2019
vn 0.5224 -0.4584 -0.7190
vn 0.5668 -0.7561 -0.3272
vn 0.8560 -0.1518 -0.4942
vn 0.7697 0.4584 -0.4444
vn 0.2161 0.9684 -0.1248
vn 0.2161 -0.9684 -0.1248
vn 0.7697 -0.4584 -0.4444
vn 0.8560 0.1518 -0.4942
vn 0.5668 0.7561 -0.3272
vn 0.8839 0.4584 -0.0929
vn 0.2482 0.9684 -0.0261
vn 0.2482 -0.9684 -0.0261
vn 0.8839 -0.4584 -0.0929
vn 0.9830 0.1518 -0.1033
vn 0.6509 0.7561 -0.0684
vn 0.6509 -0.7561 -0.0684
vn 0.9830 -0.1518 -0.1033
vn 0.2373 -0.9684 0.0771
vn 0.8452 -0.4584 0.2746
vn 0.9400 0.1518 0.3054
vn 0.6224 0.7561 0.2022
vn 0.6224 -0.7561 0.2022
vn 0.9400 -0.1518 0.3054
vn 0.8452 0.4584 0.2746
vn 0.2373 0.9684 0.0771
vn 0.4864 0.7561 0.4379
vn 0.4864 -0.7561 0.4379
vn 0.7345 -0.1518 0.6614
vn 0.6605 0.4584 0.5947
vn 0.1854 0.9684 0.1670
vn 0.1854 -0.9684 0.1670
vn 0.6605 -0.4584 0.5947
vn 0.7345 0.1518 0.6614
vn 0.2662 -0.7561 0.5979
vn 0.4020 -0.1518 0.9030
vn 0.3615 0.4584 0.8119
vn 0.1015 0.9684 0.2280
vn 0.1015 -0.9684 0.2280
vn 0.3615 -0.4584 0.8119
vn 0.4020 0.1518 0.9030
vn 0.2662 0.7561 0.5979
vn -0.0000 0.9684 0.2495
vn -0.0000 -0.9684 0.2495
vn -0.0000 -0.4584 0.8887
vn -0.0000 0.1518 0.9884
vn -0.0000 0.7561 0.6545
vn -0.0000 -0.7561 0.6545
vn -0.0000 -0.1518 0.9884
vn -0.0000 0.4584 0.8887
vn -0.3615 -0.4584 0.8119
vn -0.4020 0.1518 0.9030
vn -0.2662 0.7561 0.5979
vn -0.2662 -0.7561 0.5979
vn -0.4020 -0.1518 0.9030
vn -0.3615 0.4584 0.8119
vn -0.1015 0.9684 0.2280
vn -0.1015 -0.9684 0.2280
vn -0.4864 -0.7561 0.4379
vn -0.7345 -0.1518 0.6614
vn -0.6605 0.4584 0.5947
vn -0.1854 0.9684 0.1670
vn -0.1854 -0.9684 0.1670
vn -0.6605 -0.4584 0.5947
vn -0.7345 0.1518 0.6614
vn -0.4864 0.7561 0.4379
vn -0.9400 -0.1518 0.3054
vn -0.8452 0.4584 0.2746
vn -0.2373 0.9684 0.0771
vn -0.2373 -0.9684 0.0771
vn -0.8452 -0.4584 0.2746
vn -0.9400 0.1518 0.3054
vn -0.6224 0.7561 0.2022
vn -0.6224 -0.7561 0.2022
vn -0.2482 -0.9684 -0.0261
vn -0.8839 -0.4584 -0.0929
vn -0.9830 0.1518 -0.1033
vn -0.6509 0.7561 -0.0684
vn -0.6509 -0.7561 -0.0684
vn -0.9830 -0.1518 -0.1033
vn -0.8839 0.4584 -0.0929
vn -0.2482 0.9684 -0.0261
vn -0.8560 0.1518 -0.4942
vn -0.5668 0.7561 -0.3272
vn -0.5668 -0.7561 -0.3272
vn -0.8560 -0.1518 -0.4942
vn -0.7697 0.4584 -0.4444
vn -0.2161 0.9684 -0.1248
vn -0.2161 -0.9684 -0.1248
vn -0.7697 -0.4584 -0.4444
vn -0.3847 -0.7561 -0.5295
vn -0.5810 -0.1518 -0.7996
vn -0.5224 0.4584 -0.7190
vn -0.1467 0.9684 -0.2019
vn -0.1467 -0.9684 -0.2019
vn -0.5224 -0.4584 -0.7190
vn -0.5810 0.1518 -0.7996
vn -0.3847 0.7561 -0.5295
vn -0.1848 0.4584 -0.8693
vn -0.0519 0.9684 -0.2441
vn -0.0519 -0.9684 -0.2441
vn -0.1848 -0.4584 -0.8693
vn -0.2055 0.1518 -0.9668
vn -0.1361 0.7561 -0.6402
vn -0.1361 -0.7561 -0.6402
vn -0.2055 -0.1518 -0.9668
vt 0.733333 0.875000
vt 0.700000 1.000000
vt 0.666667 0.875000
vt 0.700000 0.000000
vt 0.733333 0.125000
vt 0.666667 0.125000
vt 0.733333 0.250000
vt 0.733333 0.375000
vt 0.666667 0.375000
vt 0.666667 0.250000
vt 0.733333 0.500000
vt 0.733333 0.625000
vt 0.666667 0.625000
vt 0.666667 0.500000
vt 0.733333 0.750000
vt 0.666667 0.750000
vt 0.600000 0.625000
vt 0.600000 0.500000
vt 0.600000 0.875000
vt 0.600000 0.750000
vt 0.600000 0.250000
vt 0.600000 0.125000
vt 0.600000 0.375000
vt 0.633333 1.000000
vt 0.633333 0.000000
vt 0.533333 0.250000
vt 0.533333 0.125000
vt 0.533333 0.500000
vt 0.533333 0.375000
vt 0.533333 0.750000
vt 0.533333 0.625000
vt 0.566667 1.000000
vt 0.533333 0.875000
vt 0.566667 0.000000
vt 0.466667 0.750000
vt 0.466667 0.625000
vt 0.500000 1.000000
vt 0.466667 0.875000
vt 0.500000 0.000000
vt 0.466667 0.125000
vt 0.466667 0.375000
vt 0.466667 0.250000
vt 0.466667 0.500000
vt 0.433333 0.000000
vt 0.400000 0.125000
vt 0.400000 0.375000
vt 0.400000 0.250000
vt 0.400000 0.625000
vt 0.400000 0.500000
vt 0.400000 0.875000
vt 0.400000 0.750000
vt 0.433333 1.000000
vt 0.333333 0.875000
vt 0.333333 0.750000
vt 0.333333 0.250000
vt 0.333333 0.125000
vt 0.333333 0.500000
vt 0.333333 0.375000
vt 0.333333 0.625000
vt 0.366667 1.000000
vt 0.366667 0.000000
vt 0.266667 0.250000
vt 0.266667 0.125000
vt 0.266667 0.500000
vt 0.266667 0.375000
vt 0.266667 0.750000
vt 0.266667 0.625000
vt 0.300000 1.000000
vt 0.266667 0.875000
vt 0.300000 0.000000
vt 0.233333 1.000000
vt 0.200000 0.875000
vt 0.233333 0.000000
vt 0.200000 0.125000
vt 0.200000 0.375000
vt 0.200000 0.250000
vt 0.200000 0.625000
vt 0.200000 0.500000
vt 0.200000 0.750000
vt 0.133333 0.375000
vt 0.133333 0.250000
vt 0.133333 0.625000
vt 0.133333 0.500000
vt 0.133333 0.875000
vt 0.133333 0.750000
vt 0.133333 0.125000
vt 0.166667 1.000000
vt 0.166667 0.000000
vt 0.066667 0.250000
vt 0.066667 0.125000
vt 0.066667 0.500000
vt 0.066667 0.375000
vt 0.066667 0.750000
vt 0.066667 0.625000
vt 0.100000 1.000000
vt 0.066667 0.875000
vt 0.100000 0.000000
vt 0.000000 0.500000
vt 0.000000 0.375000
vt 0.000000 0.750000
vt 0.000000 0.625000
vt 0.033333 1.000000
vt 0.000000 0.875000
vt 0.033333 0.000000
vt 0.000000 0.125000
vt 0.000000 0.250000
vt 0.966667 0.000000
vt 1.000000 0.125000
vt 0.933333 0.125000
vt 1.000000 0.250000
vt 1.000000 0.375000
vt 0.933333 0.375000
vt 0.933333 0.250000
vt 1.000000 0.500000
vt 1.000000 0.625000
vt 0.933333 0.625000
vt 0.933333 0.500000
vt 1.000000 0.750000
vt 1.000000 0.875000
vt 0.933333 0.875000
vt 0.933333 0.750000
vt 0.966667 1.000000
vt 0.866667 0.625000
vt 0.866667 0.500000
vt 0.866667 0.875000
vt 0.866667 0.750000
vt 0.866667 0.250000
vt 0.866667 0.125000
vt 0.866667 0.375000
vt 0.900000 1.000000
vt 0.900000 0.000000
vt 0.800000 0.250000
vt 0.800000 0.125000
vt 0.800000 0.500000
vt 0.800000 0.375000
vt 0.800000 0.750000
vt 0.800000 0.625000
vt 0.833333 1.000000
vt 0.800000 0.875000
vt 0.833333 0.000000
vt 0.766667 1.000000
vt 0.766667 0.000000
s 0
f 1419/1408/1123 1368/1409/1123 1319/1410/1123
f 1383/1411/1124 1318/1412/1124 1325/1413/1124
f 1317/1414/1125 1316/1415/1125 1323/1416/1125 1324/1417/1125
f 1315/1418/1126 1421/1419/1126 1321/1420/1126 1322/1421/1126
f 1420/1422/1127 1419/1408/1127 1319/1410/1127 1320/1423/1127
f 1318/1412/1128 1317/1414/1128 1324/1417/1128 1325/1413/1128
f 1316/1415/1129 1315/1418/1129 1322/1421/1129 1323/1416/1129
f 1421/1419/1130 1420/1422/1130 1320/1423/1130 1321/1420/1130
f 1322/1421/1131 1321/1420/1131 1328/1424/1131 1329/1425/1131
f 1320/1423/1132 1319/1410/1132 1326/1426/1132 1327/1427/1132
f 1325/1413/1133 1324/1417/1133 1331/1428/1133 1332/1429/1133
f 1323/1416/1134 1322/1421/1134 1329/1425/1134 1330/1430/1134
f 1321/1420/1135 1320/1423/1135 1327/1427/1135 1328/1424/1135
f 1319/1410/1136 1368/1431/1136 1326/1426/1136
f 1383/1432/1137 1325/1413/1137 1332/1429/1137
f 1324/1417/1138 1323/1416/1138 1330/1430/1138 1331/1428/1138
f 1332/1429/1139 1331/1428/1139 1338/1433/1139 1339/1434/1139
f 1330/1430/1140 1329/1425/1140 1336/1435/1140 1337/1436/1140
f 1328/1424/1141 1327/1427/1141 1334/1437/1141 1335/1438/1141
f 1326/1426/1142 1368/1439/1142 1333/1440/1142
f 1383/1441/1143 1332/1429/1143 1339/1434/1143
f 1331/1428/1144 1330/1430/1144 1337/1436/1144 1338/1433/1144
f 1329/1425/1145 1328/1424/1145 1335/1438/1145 1336/1435/1145
f 1327/1427/1146 1326/1426/1146 1333/1440/1146 1334/1437/1146
f 1335/1438/1147 1334/1437/1147 1341/1442/1147 1342/1443/1147
f 1333/1440/1148 1368/1444/1148 1340/1445/1148
f 1383/1446/1149 1339/1434/1149 1346/1447/1149
f 1338/1433/1150 1337/1436/1150 1344/1448/1150 1345/1449/1150
f 1336/1435/1151 1335/1438/1151 1342/1443/1151 1343/1450/1151
f 1334/1437/1152 1333/1440/1152 1340/1445/1152 1341/1442/1152
f 1339/1434/1153 1338/1433/1153 1345/1449/1153 1346/1447/1153
f 1337/1436/1154 1336/1435/1154 1343/1450/1154 1344/1448/1154
f 1383/1451/1155 1346/1447/1155 1353/1452/1155
f 1345/1449/1156 1344/1448/1156 1351/1453/1156 1352/1454/1156
f 1343/1450/1157 1342/1443/1157 1349/1455/1157 1350/1456/1157
f 1341/1442/1158 1340/1445/1158 1347/1457/1158 1348/1458/1158
f 1346/1447/1159 1345/1449/1159 1352/1454/1159 1353/1452/1159
f 1344/1448/1160 1343/1450/1160 1350/1456/1160 1351/1453/1160
f 1342/1443/1161 1341/1442/1161 1348/1458/1161 1349/1455/1161
f 1340/1445/1162 1368/1459/1162 1347/1457/1162
f 1348/1458/1163 1347/1457/1163 1354/1460/1163 1355/1461/1163
f 1353/1452/1164 1352/1454/1164 1359/1462/1164 1360/1463/1164
f 1351/1453/1165 1350/1456/1165 1357/1464/1165 1358/1465/1165
f 1349/1455/1166 1348/1458/1166 1355/1461/1166 1356/1466/1166
f 1347/1457/1167 1368/1467/1167 1354/1460/1167
f 1383/1468/1168 1353/1452/1168 1360/1463/1168
f 1352/1454/1169 1351/1453/1169 1358/1465/1169 1359/1462/1169
f 1350/1456/1170 1349/1455/1170 1356/1466/1170 1357/1464/1170
f 1360/1463/1171 1359/1462/1171 1366/1469/1171 1367/1470/1171
f 1358/1465/1172 1357/1464/1172 1364/1471/1172 1365/1472/1172
f 1356/1466/1173 1355/1461/1173 1362/1473/1173 1363/1474/1173
f 1354/1460/1174 1368/1475/1174 1361/1476/1174
f 1383/1477/1175 1360/1463/1175 1367/1470/1175
f 1359/1462/1176 1358/1465/1176 1365/1472/1176 1366/1469/1176
f 1357/1464/1177 1356/1466/1177 1363/1474/1177 1364/1471/1177
f 1355/1461/1178 1354/1460/1178 1361/1476/1178 1362/1473/1178
f 1361/1476/1179 1368/1478/1179 1369/1479/1179
f 1383/1480/1180 1367/1470/1180 1375/1481/1180
f 1366/1469/1181 1365/1472/1181 1373/1482/1181 1374/1483/1181
f 1364/1471/1182 1363/1474/1182 1371/1484/1182 1372/1485/1182
f 1362/1473/1183 1361/1476/1183 1369/1479/1183 1370/1486/1183
f 1367/1470/1184 1366/1469/1184 1374/1483/1184 1375/1481/1184
f 1365/1472/1185 1364/1471/1185 1372/1485/1185 1373/1482/1185
f 1363/1474/1186 1362/1473/1186 1370/1486/1186 1371/1484/1186
f 1374/1483/1187 1373/1482/1187 1380/1487/1187 1381/1488/1187
f 1372/1485/1188 1371/1484/1188 1378/1489/1188 1379/1490/1188
f 1370/1486/1189 1369/1479/1189 1376/1491/1189 1377/1492/1189
f 1375/1481/1190 1374/1483/1190 1381/1488/1190 1382/1493/1190
f 1373/1482/1191 1372/1485/1191 1379/1490/1191 1380/1487/1191
f 1371/1484/1192 1370/1486/1192 1377/1492/1192 1378/1489/1192
f 1369/1479/1193 1368/1494/1193 1376/1491/1193
f 1383/1495/1194 1375/1481/1194 1382/1493/1194
f 1382/1493/1195 1381/1488/1195 1389/1496/1195 1390/1497/1195
f 1380/1487/1196 1379/1490/1196 1387/1498/1196 1388/1499/1196
f 1378/1489/1197 1377/1492/1197 1385/1500/1197 1386/1501/1197
f 1376/1491/1198 1368/1502/1198 1384/1503/1198
f 1383/1504/1199 1382/1493/1199 1390/1497/1199
f 1381/1488/1200 1380/1487/1200 1388/1499/1200 1389/1496/1200
f 1379/1490/1201 1378/1489/1201 1386/1501/1201 1387/1498/1201
f 1377/1492/1202 1376/1491/1202 1384/1503/1202 1385/1500/1202
f 1388/1499/1203 1387/1498/1203 1394/1505/1203 1395/1506/1203
f 1386/1501/1204 1385/1500/1204 1392/1507/1204 1393/1508/1204
f 1384/1503/1205 1368/1509/1205 1391/1510/1205
f 1383/1511/1206 1390/1497/1206 1397/1512/1206
f 1389/1496/1207 1388/1499/1207 1395/1506/1207 1396/1513/1207
f 1387/1498/1208 1386/1501/1208 1393/1508/1208 1394/1505/1208
f 1385/1500/1209 1384/1503/1209 1391/1510/1209 1392/1507/1209
f 1390/1497/1210 1389/1496/1210 1396/1513/1210 1397/1512/1210
f 1383/1514/1211 1397/1515/1211 1404/1516/1211
f 1396/1517/1212 1395/1518/1212 1402/1519/1212 1403/1520/1212
f 1394/1521/1213 1393/1522/1213 1400/1523/1213 1401/1524/1213
f 1392/1525/1214 1391/1526/1214 1398/1527/1214 1399/1528/1214
f 1397/1515/1215 1396/1517/1215 1403/1520/1215 1404/1516/1215
f 1395/1518/1216 1394/1521/1216 1401/1524/1216 1402/1519/1216
f 1393/1522/1217 1392/1525/1217 1399/1528/1217 1400/1523/1217
f 1391/1526/1218 1368/1529/1218 1398/1527/1218
f 1401/1524/1219 1400/1523/1219 1407/1530/1219 1408/1531/1219
f 1399/1528/1220 1398/1527/1220 1405/1532/1220 1406/1533/1220
f 1404/1516/1221 1403/1520/1221 1410/1534/1221 1411/1535/1221
f 1402/1519/1222 1401/1524/1222 1408/1531/1222 1409/1536/1222
f 1400/1523/1223 1399/1528/1223 1406/1533/1223 1407/1530/1223
f 1398/1527/1224 1368/1537/1224 1405/1532/1224
f 1383/1538/1225 1404/1516/1225 1411/1535/1225
f 1403/1520/1226 1402/1519/1226 1409/1536/1226 1410/1534/1226
f 1411/1535/1227 1410/1534/1227 1417/1539/1227 1418/1540/1227
f 1409/1536/1228 1408/1531/1228 1415/1541/1228 1416/1542/1228
f 1407/1530/1229 1406/1533/1229 1413/1543/1229 1414/1544/1229
f 1405/1532/1230 1368/1545/1230 1412/1546/1230
f 1383/1547/1231 1411/1535/1231 1418/1540/1231
f 1410/1534/1232 1409/1536/1232 1416/1542/1232 1417/1539/1232
f 1408/1531/1233 1407/1530/1233 1414/1544/1233 1415/1541/1233
f 1406/1533/1234 1405/1532/1234 1412/1546/1234 1413/1543/1234
f 1414/1544/1235 1413/1543/1235 1420/1422/1235 1421/1419/1235
f 1412/1546/1236 1368/1548/1236 1419/1408/1236
f 1383/1549/1237 1418/1540/1237 1318/1412/1237
f 1417/1539/1238 1416/1542/1238 1316/1415/1238 1317/1414/1238
f 1415/1541/1239 1414/1544/1239 1421/1419/1239 1315/1418/1239
f 1413/1543/1240 1412/1546/1240 1419/1408/1240 1420/1422/1240
f 1418/1540/1241 1417/1539/1241 1317/1414/1241 1318/1412/1241
f 1416/1542/1242 1415/1541/1242 1315/1418/1242 1316/1415/1242
f 1526/1408/1236 1426/1410/1236 1475/1409/1236
f 1490/1411/1237 1432/1413/1237 1425/1412/1237
f 1424/1414/1238 1431/1417/1238 1430/1416/1238 1423/1415/1238
f 1422/1418/1239 1429/1421/1239 1428/1420/1239 1528/1419/1239
f 1527/1422/1240 1427/1423/1240 1426/1410/1240 1526/1408/1240
f 1425/1412/1241 1432/1413/1241 1431/1417/1241 1424/1414/1241
f 1423/1415/1242 1430/1416/1242 1429/1421/1242 1422/1418/1242
f 1528/1419/1235 1428/1420/1235 1427/1423/1235 1527/1422/1235
f 1429/1421/1233 1436/1425/1233 1435/1424/1233 1428/1420/1233
f 1427/1423/1234 1434/1427/1234 1433/1426/1234 1426/1410/1234
f 1432/1413/1227 1439/1429/1227 1438/1428/1227 1431/1417/1227
f 1430/1416/1228 1437/1430/1228 1436/1425/1228 1429/1421/1228
f 1428/1420/1229 1435/1424/1229 1434/1427/1229 1427/1423/1229
f 1426/1410/1230 1433/1426/1230 1475/1431/1230
f 1490/1432/1231 1439/1429/1231 1432/1413/1231
f 1431/1417/1232 1438/1428/1232 1437/1430/1232 1430/1416/1232
f 1439/1429/1221 1446/1434/1221 1445/1433/1221 1438/1428/1221
f 1437/1430/1222 1444/1436/1222 1443/1435/1222 1436/1425/1222
f 1435/1424/1223 1442/1438/1223 1441/1437/1223 1434/1427/1223
f 1433/1426/1224 1440/1440/1224 1475/1439/1224
f 1490/1441/1225 1446/1434/1225 1439/1429/1225
f 1438/1428/1226 1445/1433/1226 1444/1436/1226 1437/1430/1226
f 1436/1425/1219 1443/1435/1219 1442/1438/1219 1435/1424/1219
f 1434/1427/1220 1441/1437/1220 1440/1440/1220 1433/1426/1220
f 1442/1438/1217 1449/1443/1217 1448/1442/1217 1441/1437/1217
f 1440/1440/1218 1447/1445/1218 1475/1444/1218
f 1490/1446/1211 1453/1447/1211 1446/1434/1211
f 1445/1433/1212 1452/1449/1212 1451/1448/1212 1444/1436/1212
f 1443/1435/1213 1450/1450/1213 1449/1443/1213 1442/1438/1213
f 1441/1437/1214 1448/1442/1214 1447/1445/1214 1440/1440/1214
f 1446/1434/1215 1453/1447/1215 1452/1449/1215 1445/1433/1215
f 1444/1436/1216 1451/1448/1216 1450/1450/1216 1443/1435/1216
f 1490/1451/1206 1460/1452/1206 1453/1447/1206
f 1452/1449/1207 1459/1454/1207 1458/1453/1207 1451/1448/1207
f 1450/1450/1208 1457/1456/1208 1456/1455/1208 1449/1443/1208
f 1448/1442/1209 1455/1458/1209 1454/1457/1209 1447/1445/1209
f 1453/1447/1210 1460/1452/1210 1459/1454/1210 1452/1449/1210
f 1451/1448/1203 1458/1453/1203 1457/1456/1203 1450/1450/1203
f 1449/1443/1204 1456/1455/1204 1455/1458/1204 1448/1442/1204
f 1447/1445/1205 1454/1457/1205 1475/1459/1205
f 1455/1458/1202 1462/1461/1202 1461/1460/1202 1454/1457/1202
f 1460/1452/1195 1467/1463/1195 1466/1462/1195 1459/1454/1195
f 1458/1453/1196 1465/1465/1196 1464/1464/1196 1457/1456/1196
f 1456/1455/1197 1463/1466/1197 1462/1461/1197 1455/1458/1197
f 1454/1457/1198 1461/1460/1198 1475/1467/1198
f 1490/1468/1199 1467/1463/1199 1460/1452/1199
f 1459/1454/1200 1466/1462/1200 1465/1465/1200 1458/1453/1200
f 1457/1456/1201 1464/1464/1201 1463/1466/1201 1456/1455/1201
f 1467/1463/1190 1474/1470/1190 1473/1469/1190 1466/1462/1190
f 1465/1465/1191 1472/1472/1191 1471/1471/1191 1464/1464/1191
f 1463/1466/1192 1470/1474/1192 1469/1473/1192 1462/1461/1192
f 1461/1460/1193 1468/1476/1193 1475/1475/1193
f 1490/1477/1194 1474/1470/1194 1467/1463/1194
f 1466/1462/1187 1473/1469/1187 1472/1472/1187 1465/1465/1187
f 1464/1464/1188 1471/1471/1188 1470/1474/1188 1463/1466/1188
f 1462/1461/1189 1469/1473/1189 1468/1476/1189 1461/1460/1189
f 1468/1476/1179 1476/1479/1179 1475/1478/1179
f 1490/1480/1180 1482/1481/1180 1474/1470/1180
f 1473/1469/1181 1481/1483/1181 1480/1482/1181 1472/1472/1181
f 1471/1471/1182 1479/1485/1182 1478/1484/1182 1470/1474/1182
f 1469/1473/1183 1477/1486/1183 1476/1479/1183 1468/1476/1183
f 1474/1470/1184 1482/1481/1184 1481/1483/1184 1473/1469/1184
f 1472/1472/1185 1480/1482/1185 1479/1485/1185 1471/1471/1185
f 1470/1474/1186 1478/1484/1186 1477/1486/1186 1469/1473/1186
f 1481/1483/1176 1488/1488/1176 1487/1487/1176 1480/1482/1176
f 1479/1485/1177 1486/1490/1177 1485/1489/1177 1478/1484/1177
f 1477/1486/1178 1484/1492/1178 1483/1491/1178 1476/1479/1178
f 1482/1481/1171 1489/1493/1171 1488/1488/1171 1481/1483/1171
f 1480/1482/1172 1487/1487/1172 1486/1490/1172 1479/1485/1172
f 1478/1484/1173 1485/1489/1173 1484/1492/1173 1477/1486/1173
f 1476/1479/1174 1483/1491/1174 1475/1494/1174
f 1490/1495/1175 1489/1493/1175 1482/1481/1175
f 1489/1493/1164 1497/1497/1164 1496/1496/1164 1488/1488/1164
f 1487/1487/1165 1495/1499/1165 1494/1498/1165 1486/1490/1165
f 1485/1489/1166 1493/1501/1166 1492/1500/1166 1484/1492/1166
f 1483/1491/1167 1491/1503/1167 1475/1502/1167
f 1490/1504/1168 1497/1497/1168 1489/1493/1168
f 1488/1488/1169 1496/1496/1169 1495/1499/1169 1487/1487/1169
f 1486/1490/1170 1494/1498/1170 1493/1501/1170 1485/1489/1170
f 1484/1492/1163 1492/1500/1163 1491/1503/1163 1483/1491/1163
f 1495/1499/1160 1502/1506/1160 1501/1505/1160 1494/1498/1160
f 1493/1501/1161 1500/1508/1161 1499/1507/1161 1492/1500/1161
f 1491/1503/1162 1498/1510/1162 1475/1509/1162
f 1490/1511/1155 1504/1512/1155 1497/1497/1155
f 1496/1496/1156 1503/1513/1156 1502/1506/1156 1495/1499/1156
f 1494/1498/1157 1501/1505/1157 1500/1508/1157 1493/1501/1157
f 1492/1500/1158 1499/1507/1158 1498/1510/1158 1491/1503/1158
f 1497/1497/1159 1504/1512/1159 1503/1513/1159 1496/1496/1159
f 1490/1514/1149 1511/1516/1149 1504/1515/1149
f 1503/1517/1150 1510/1520/1150 1509/1519/1150 1502/1518/1150
f 1501/1521/1151 1508/1524/1151 1507/1523/1151 1500/1522/1151
f 1499/1525/1152 1506/1528/1152 1505/1527/1152 1498/1526/1152
f 1504/1515/1153 1511/1516/1153 1510/1520/1153 1503/1517/1153
f 1502/1518/1154 1509/1519/1154 1508/1524/1154 1501/1521/1154
f 1500/1522/1147 1507/1523/1147 1506/1528/1147 1499/1525/1147
f 1498/1526/1148 1505/1527/1148 1475/1529/1148
f 1508/1524/1145 1515/1531/1145 1514/1530/1145 1507/1523/1145
f 1506/1528/1146 1513/1533/1146 1512/1532/1146 1505/1527/1146
f 1511/1516/1139 1518/1535/1139 1517/1534/1139 1510/1520/1139
f 1509/1519/1140 1516/1536/1140 1515/1531/1140 1508/1524/1140
f 1507/1523/1141 1514/1530/1141 1513/1533/1141 1506/1528/1141
f 1505/1527/1142 1512/1532/1142 1475/1537/1142
f 1490/1538/1143 1518/1535/1143 1511/1516/1143
f 1510/1520/1144 1517/1534/1144 1516/1536/1144 1509/1519/1144
f 1518/1535/1133 1525/1540/1133 1524/1539/1133 1517/1534/1133
f 1516/1536/1134 1523/1542/1134 1522/1541/1134 1515/1531/1134
f 1514/1530/1135 1521/1544/1135 1520/1543/1135 1513/1533/1135
f 1512/1532/1136 1519/1546/1136 1475/1545/1136
f 1490/1547/1137 1525/1540/1137 1518/1535/1137
f 1517/1534/1138 1524/1539/1138 1523/1542/1138 1516/1536/1138
f 1515/1531/1131 1522/1541/1131 1521/1544/1131 1514/1530/1131
f 1513/1533/1132 1520/1543/1132 1519/1546/1132 1512/1532/1132
f 1521/1544/1130 1528/1419/1130 1527/1422/1130 1520/1543/1130
f 1519/1546/1123 1526/1408/1123 1475/1548/1123
f 1490/1549/1124 1425/1412/1124 1525/1540/1124
f 1524/1539/1125 1424/1414/1125 1423/1415/1125 1523/1542/1125
f 1522/1541/1126 1422/1418/1126 1528/1419/1126 1521/1544/1126
f 1520/1543/1127 1527/1422/1127 1526/1408/1127 1519/1546/1127
f 1525/1540/1128 1425/1412/1128 1424/1414/1128 1524/1539/1128
f 1523/1542/1129 1423/1415/1129 1422/1418/1129 1522/1541/1129
o Tee_Joint
v -0.647382 0.386274 -0.957096
v -0.643736 0.372796 -0.957096
v -0.644433 0.358850 -0.957096
v -0.649405 0.345802 -0.957096
v -0.658166 0.334929 -0.957096
v -0.669859 0.327296 -0.957096
v -0.683337 0.323650 -0.957096
v -0.697283 0.324347 -0.957096
v -0.710331 0.329319 -0.957096
v -0.657197 0.395992 -0.942559
v -0.667353 0.404176 -0.942559
v -0.679541 0.408821 -0.942559
v -0.692567 0.409472 -0.942559
v -0.705157 0.406066 -0.942559
v -0.716078 0.398936 -0.942559
v -0.724262 0.388780 -0.942559
v -0.728906 0.376592 -0.942559
v -0.729558 0.363566 -0.942559
v -0.726152 0.350976 -0.942559
v -0.719022 0.340055 -0.942559
v -0.708866 0.331871 -0.942559
v -0.696678 0.327227 -0.942559
v -0.683652 0.326575 -0.942559
v -0.671062 0.329981 -0.942559
v -0.660141 0.337111 -0.942559
v -0.651957 0.347267 -0.942559
v -0.647312 0.359455 -0.942559
v -0.646661 0.372481 -0.942559
v -0.650067 0.385071 -0.942559
v -0.664055 0.409920 -0.942559
v -0.678179 0.415302 -0.942559
v -0.693275 0.416057 -0.942559
v -0.707865 0.412110 -0.942559
v -0.720522 0.403847 -0.942559
v -0.730005 0.392078 -0.942559
v -0.732195 0.348268 -0.942559
v -0.723933 0.335611 -0.942559
v -0.712164 0.326128 -0.942559
v -0.698040 0.320745 -0.942559
v -0.682944 0.319990 -0.942559
v -0.668353 0.323938 -0.942559
v -0.655697 0.332200 -0.942559
v -0.646213 0.343969 -0.942559
v -0.640831 0.358093 -0.942559
v -0.640076 0.373189 -0.942559
v -0.652286 0.400436 -0.942559
v -0.735388 0.377954 -0.942559
v -0.736143 0.362858 -0.942559
v -0.644023 0.387780 -0.942559
v -0.658253 0.395037 -0.947107
v -0.668062 0.402941 -0.947107
v -0.679833 0.407427 -0.947107
v -0.692415 0.408056 -0.947107
v -0.704574 0.404766 -0.947107
v -0.715123 0.397880 -0.947107
v -0.723027 0.388071 -0.947107
v -0.727513 0.376300 -0.947107
v -0.728141 0.363718 -0.947107
v -0.724852 0.351558 -0.947107
v -0.717965 0.341010 -0.947107
v -0.708157 0.333106 -0.947107
v -0.696385 0.328620 -0.947107
v -0.683804 0.327991 -0.947107
v -0.671644 0.331281 -0.947107
v -0.661096 0.338167 -0.947107
v -0.653192 0.347976 -0.947107
v -0.648706 0.359747 -0.947107
v -0.648077 0.372329 -0.947107
v -0.651367 0.384489 -0.947107
v -0.667353 0.404176 -0.947107
v -0.679541 0.408821 -0.947107
v -0.692567 0.409472 -0.947107
v -0.705157 0.406066 -0.947107
v -0.716078 0.398936 -0.947107
v -0.724262 0.388780 -0.947107
v -0.726152 0.350976 -0.947107
v -0.719022 0.340055 -0.947107
v -0.708866 0.331871 -0.947107
v -0.696678 0.327227 -0.947107
v -0.683652 0.326575 -0.947107
v -0.671062 0.329981 -0.947107
v -0.660141 0.337111 -0.947107
v -0.651957 0.347267 -0.947107
v -0.647312 0.359455 -0.947107
v -0.646661 0.372481 -0.947107
v -0.657197 0.395992 -0.947107
v -0.728906 0.376592 -0.947107
v -0.729558 0.363566 -0.947107
v -0.650067 0.385071 -0.947107
v -0.663234 0.390530 -0.934073
v -0.671407 0.397115 -0.934073
v -0.681214 0.400853 -0.934073
v -0.691696 0.401377 -0.934073
v -0.701827 0.398636 -0.934073
v -0.710616 0.392898 -0.934073
v -0.717201 0.384726 -0.934073
v -0.720938 0.374919 -0.934073
v -0.721462 0.364437 -0.934073
v -0.718722 0.354306 -0.934073
v -0.712984 0.345517 -0.934073
v -0.704812 0.338932 -0.934073
v -0.695005 0.335194 -0.934073
v -0.684522 0.334670 -0.934073
v -0.674391 0.337411 -0.934073
v -0.665603 0.343149 -0.934073
v -0.659018 0.351321 -0.934073
v -0.655280 0.361128 -0.934073
v -0.654756 0.371611 -0.934073
v -0.657497 0.381742 -0.934073
v -0.720564 0.443346 -0.970575
v -0.690168 0.422184 -0.970575
v -0.689591 0.414088 -0.970575
v -0.727607 0.394060 -0.970575
v -0.720564 0.443346 -1.002062
v -0.690168 0.422184 -1.002062
v -0.689591 0.414088 -1.002062
v -0.727607 0.394060 -1.002062
v -0.655015 0.397967 -0.957096
v -0.665888 0.406728 -0.957096
v -0.678936 0.411700 -0.957096
v -0.692882 0.412397 -0.957096
v -0.706360 0.408751 -0.957096
v -0.718052 0.401118 -0.957096
v -0.726814 0.390245 -0.957096
v -0.731786 0.377197 -0.957096
v -0.732483 0.363251 -0.957096
v -0.728837 0.349773 -0.957096
v -0.721204 0.338081 -0.957096
v -0.644023 0.387780 -0.957096
v -0.640076 0.373189 -0.957096
v -0.640831 0.358093 -0.957096
v -0.646213 0.343969 -0.957096
v -0.655697 0.332200 -0.957096
v -0.668353 0.323938 -0.957096
v -0.682944 0.319990 -0.957096
v -0.698040 0.320745 -0.957096
v -0.712164 0.326128 -0.957096
v -0.652286 0.400436 -0.957096
v -0.664055 0.409920 -0.957096
v -0.678179 0.415302 -0.957096
v -0.693275 0.416057 -0.957096
v -0.707865 0.412110 -0.957096
v -0.720522 0.403847 -0.957096
v -0.730005 0.392078 -0.957096
v -0.735388 0.377954 -0.957096
v -0.736143 0.362858 -0.957096
v -0.732195 0.348268 -0.957096
v -0.723933 0.335611 -0.957096
v -0.647382 0.386274 -0.972906
v -0.643736 0.372796 -0.972906
v -0.644433 0.358850 -0.972906
v -0.649405 0.345802 -0.972906
v -0.658166 0.334929 -0.972906
v -0.669859 0.327296 -0.972906
v -0.683337 0.323650 -0.972906
v -0.697283 0.324347 -0.972906
v -0.710331 0.329319 -0.972906
v -0.655015 0.397967 -0.972906
v -0.665888 0.406728 -0.972906
v -0.678936 0.411700 -0.972906
v -0.692882 0.412397 -0.972906
v -0.706360 0.408751 -0.972906
v -0.718052 0.401118 -0.972906
v -0.726814 0.390245 -0.972906
v -0.731786 0.377197 -0.972906
v -0.732483 0.363251 -0.972906
v -0.728837 0.349773 -0.972906
v -0.721204 0.338081 -0.972906
v -0.647382 0.386274 -1.047029
v -0.643736 0.372796 -1.047029
v -0.644433 0.358850 -1.047029
v -0.649405 0.345802 -1.047029
v -0.658166 0.334929 -1.047029
v -0.669859 0.327296 -1.047029
v -0.683337 0.323650 -1.047029
v -0.697283 0.324347 -1.047029
v -0.710331 0.329319 -1.047029
v -0.657197 0.395992 -1.061566
v -0.667353 0.404176 -1.061566
v -0.679541 0.408821 -1.061566
v -0.692567 0.409472 -1.061566
v -0.705157 0.406066 -1.061566
v -0.716078 0.398936 -1.061566
v -0.724262 0.388780 -1.061566
v -0.728906 0.376592 -1.061566
v -0.729558 0.363566 -1.061566
v -0.726152 0.350976 -1.061566
v -0.719022 0.340055 -1.061566
v -0.708866 0.331871 -1.061566
v -0.696678 0.327227 -1.061566
v -0.683652 0.326575 -1.061566
v -0.671062 0.329981 -1.061566
v -0.660141 0.337111 -1.061566
v -0.651957 0.347267 -1.061566
v -0.647312 0.359455 -1.061566
v -0.646661 0.372481 -1.061566
v -0.650067 0.385071 -1.061566
v -0.664055 0.409920 -1.061566
v -0.678179 0.415302 -1.061566
v -0.693275 0.416057 -1.061566
v -0.707865 0.412110 -1.061566
v -0.720522 0.403847 -1.061566
v -0.730005 0.392078 -1.061566
v -0.732195 0.348268 -1.061566
v -0.723933 0.335611 -1.061566
v -0.712164 0.326128 -1.061566
v -0.698040 0.320745 -1.061566
v -0.682944 0.319990 -1.061566
v -0.668353 0.323938 -1.061566
v -0.655697 0.332200 -1.061566
v -0.646213 0.343969 -1.061566
v -0.640831 0.358093 -1.061566
v -0.640076 0.373189 -1.061566
v -0.652286 0.400436 -1.061566
v -0.735388 0.377954 -1.061566
v -0.736143 0.362858 -1.061566
v -0.644023 0.387780 -1.061566
v -0.658253 0.395037 -1.057018
v -0.668062 0.402941 -1.057018
v -0.679833 0.407427 -1.057018
v -0.692415 0.408056 -1.057018
v -0.704575 0.404766 -1.057018
v -0.715123 0.397880 -1.057018
v -0.723027 0.388071 -1.057018
v -0.727513 0.376300 -1.057018
v -0.728141 0.363718 -1.057018
v -0.724852 0.351558 -1.057018
v -0.717965 0.341010 -1.057018
v -0.708157 0.333106 -1.057018
v -0.696386 0.328620 -1.057018
v -0.683804 0.327991 -1.057018
v -0.671644 0.331281 -1.057018
v -0.661096 0.338167 -1.057018
v -0.653192 0.347976 -1.057018
v -0.648706 0.359747 -1.057018
v -0.648077 0.372329 -1.057018
v -0.651367 0.384489 -1.057018
v -0.667353 0.404176 -1.057018
v -0.679541 0.408821 -1.057018
v -0.692567 0.409472 -1.057018
v -0.705157 0.406066 -1.057018
v -0.716078 0.398936 -1.057018
v -0.724262 0.388780 -1.057018
v -0.726152 0.350976 -1.057018
v -0.719022 0.340055 -1.057018
v -0.708866 0.331871 -1.057018
v -0.696678 0.327227 -1.057018
v -0.683652 0.326575 -1.057018
v -0.671062 0.329981 -1.057018
v -0.660141 0.337111 -1.057018
v -0.651957 0.347267 -1.057018
v -0.647312 0.359455 -1.057018
v -0.646661 0.372481 -1.057018
v -0.657197 0.395992 -1.057018
v -0.728906 0.376592 -1.057018
v -0.729558 0.363566 -1.057018
v -0.650067 0.385071 -1.057018
v -0.663235 0.390530 -1.070052
v -0.671407 0.397115 -1.070052
v -0.681214 0.400853 -1.070052
v -0.691696 0.401377 -1.070052
v -0.701827 0.398636 -1.070052
v -0.710616 0.392898 -1.070052
v -0.717201 0.384726 -1.070052
v -0.720939 0.374919 -1.070052
v -0.721462 0.364437 -1.070052
v -0.718722 0.354306 -1.070052
v -0.712984 0.345517 -1.070052
v -0.704812 0.338932 -1.070052
v -0.695005 0.335194 -1.070052
v -0.684522 0.334670 -1.070052
v -0.674391 0.337411 -1.070052
v -0.665603 0.343149 -1.070052
v -0.659018 0.351321 -1.070052
v -0.655280 0.361128 -1.070052
v -0.654756 0.371611 -1.070052
v -0.657497 0.381742 -1.070052
v -0.720564 0.443346 -1.033549
v -0.690168 0.422184 -1.033549
v -0.689591 0.414088 -1.033549
v -0.727607 0.394060 -1.033549
v -0.655015 0.397967 -1.047029
v -0.665888 0.406728 -1.047029
v -0.678936 0.411700 -1.047029
v -0.692882 0.412397 -1.047029
v -0.706360 0.408751 -1.047029
v -0.718052 0.401118 -1.047029
v -0.726814 0.390245 -1.047029
v -0.731786 0.377197 -1.047029
v -0.732483 0.363251 -1.047029
v -0.728837 0.349773 -1.047029
v -0.721204 0.338081 -1.047029
v -0.644023 0.387780 -1.047029
v -0.640076 0.373189 -1.047029
v -0.640831 0.358093 -1.047029
v -0.646213 0.343969 -1.047029
v -0.655697 0.332200 -1.047029
v -0.668353 0.323938 -1.047029
v -0.682944 0.319990 -1.047029
v -0.698040 0.320745 -1.047029
v -0.712164 0.326128 -1.047029
v -0.652286 0.400436 -1.047029
v -0.664055 0.409920 -1.047029
v -0.678179 0.415302 -1.047029
v -0.693275 0.416057 -1.047029
v -0.707865 0.412110 -1.047029
v -0.720522 0.403847 -1.047029
v -0.730005 0.392078 -1.047029
v -0.735388 0.377954 -1.047029
v -0.736143 0.362858 -1.047029
v -0.732195 0.348268 -1.047029
v -0.723933 0.335611 -1.047029
v -0.647382 0.386274 -1.031219
v -0.643736 0.372796 -1.031219
v -0.644433 0.358850 -1.031219
v -0.649405 0.345802 -1.031219
v -0.658166 0.334929 -1.031219
v -0.669859 0.327296 -1.031219
v -0.683337 0.323650 -1.031219
v -0.697283 0.324347 -1.031219
v -0.710331 0.329319 -1.031219
v -0.655015 0.397967 -1.031219
v -0.665888 0.406728 -1.031219
v -0.678936 0.411700 -1.031219
v -0.692882 0.412397 -1.031219
v -0.706360 0.408751 -1.031219
v -0.718052 0.401118 -1.031219
v -0.726814 0.390245 -1.031219
v -0.731786 0.377197 -1.031219
v -0.732483 0.363251 -1.031219
v -0.728837 0.349773 -1.031219
v -0.721204 0.338081 -1.031219
vn 0.7415 0.6709 -0.0000
vn 0.9126 0.4089 -0.0000
vn 0.4979 0.8672 -0.0000
vn 0.2056 0.9786 -0.0000
vn -0.1069 0.9943 -0.0000
vn -0.4089 0.9126 -0.0000
vn -0.6709 0.7415 -0.0000
vn -0.8672 0.4979 -0.0000
vn -0.9786 0.2056 -0.0000
vn -0.9943 -0.1069 -0.0000
vn -0.9126 -0.4089 -0.0000
vn -0.7415 -0.6709 -0.0000
vn -0.4979 -0.8672 -0.0000
vn -0.2056 -0.9786 -0.0000
vn 0.1069 -0.9943 -0.0000
vn 0.4089 -0.9126 -0.0000
vn 0.6709 -0.7415 -0.0000
vn 0.8672 -0.4979 -0.0000
vn 0.9786 -0.2056 -0.0000
vn 0.9943 0.1069 -0.0000
vn -0.0000 -0.0000 1.0000
vn 0.8838 0.0950 0.4581
vn 0.8699 -0.1827 0.4581
vn 0.1827 0.8699 0.4581
vn 0.4426 0.7709 0.4581
vn 0.5964 -0.6591 0.4581
vn 0.3635 -0.8112 0.4581
vn 0.6591 0.5964 0.4581
vn -0.3635 0.8112 0.4581
vn -0.0950 0.8838 0.4581
vn 0.7709 -0.4426 0.4581
vn -0.7709 0.4426 0.4581
vn -0.5964 0.6591 0.4581
vn 0.8112 0.3635 0.4581
vn -0.6591 -0.5964 0.4581
vn -0.8112 -0.3635 0.4581
vn -0.8699 0.1827 0.4581
vn -0.1827 -0.8699 0.4581
vn -0.4426 -0.7709 0.4581
vn -0.8838 -0.0950 0.4581
vn 0.0950 -0.8838 0.4581
vn -0.0000 -0.0000 -1.0000
vn -0.4661 0.8847 -0.0000
vn -0.5714 -0.8207 -0.0000
vn 0.9899 -0.1415 -0.0000
vn -0.9975 -0.0711 -0.0000
vn 0.8838 0.0950 -0.4581
vn 0.8699 -0.1827 -0.4581
vn 0.1827 0.8699 -0.4581
vn 0.4426 0.7709 -0.4581
vn 0.5964 -0.6591 -0.4581
vn 0.3635 -0.8112 -0.4581
vn 0.6591 0.5964 -0.4581
vn -0.3635 0.8112 -0.4581
vn -0.0950 0.8838 -0.4581
vn 0.7709 -0.4426 -0.4581
vn -0.7709 0.4426 -0.4581
vn -0.5964 0.6591 -0.4581
vn 0.8112 0.3635 -0.4581
vn -0.6591 -0.5964 -0.4581
vn -0.8112 -0.3635 -0.4581
vn -0.8699 0.1827 -0.4581
vn -0.1827 -0.8699 -0.4581
vn -0.4426 -0.7709 -0.4581
vn -0.8838 -0.0950 -0.4581
vn 0.0950 -0.8838 -0.4581
s 1
usemtl Material.001
f 1574//1243 1577//1244 1657//1244 1666//1243
f 1667//1245 1668//1246 1559//1246 1558//1245
f 1669//1247 1670//1248 1561//1248 1560//1247
f 1670//1248 1671//1249 1562//1249 1561//1248
f 1671//1249 1672//1250 1563//1250 1562//1249
f 1672//1250 1673//1251 1575//1251 1563//1250
f 1673//1251 1674//1252 1576//1252 1575//1251
f 1674//1252 1675//1253 1564//1253 1576//1252
f 1675//1253 1676//1254 1565//1254 1564//1253
f 1665//1255 1566//1255 1565//1254 1676//1254
f 1666//1243 1667//1245 1558//1245 1574//1243
f 1668//1246 1669//1247 1560//1247 1559//1246
f 1665//1255 1664//1256 1567//1256 1566//1255
f 1664//1256 1663//1257 1568//1257 1567//1256
f 1663//1257 1662//1258 1569//1258 1568//1257
f 1662//1258 1661//1259 1570//1259 1569//1258
f 1661//1259 1660//1260 1571//1260 1570//1259
f 1660//1260 1659//1261 1572//1261 1571//1260
f 1659//1261 1658//1262 1573//1262 1572//1261
f 1658//1262 1657//1244 1577//1244 1573//1262
f 1539//1255 1598//1255 1614//1254 1538//1254
f 1539//1263 1558//1263 1559//1263 1540//1263
f 1541//1263 1560//1263 1561//1263 1542//1263
f 1543//1263 1562//1263 1563//1263 1544//1263
f 1547//1263 1564//1263 1565//1263 1548//1263
f 1549//1263 1566//1263 1567//1263 1550//1263
f 1551//1263 1568//1263 1569//1263 1552//1263
f 1553//1263 1570//1263 1571//1263 1554//1263
f 1555//1263 1572//1263 1573//1263 1556//1263
f 1538//1263 1574//1263 1558//1263 1539//1263
f 1540//1263 1559//1263 1560//1263 1541//1263
f 1542//1263 1561//1263 1562//1263 1543//1263
f 1544//1263 1563//1263 1575//1263 1545//1263
f 1546//1263 1576//1263 1564//1263 1547//1263
f 1548//1263 1565//1263 1566//1263 1549//1263
f 1550//1263 1567//1263 1568//1263 1551//1263
f 1552//1263 1569//1263 1570//1263 1553//1263
f 1554//1263 1571//1263 1572//1263 1555//1263
f 1557//1263 1577//1263 1574//1263 1538//1263
f 1556//1263 1573//1263 1577//1263 1557//1263
f 1545//1263 1575//1263 1576//1263 1546//1263
f 1542//1258 1601//1258 1600//1257 1541//1257
f 1555//1251 1612//1251 1611//1250 1554//1250
f 1541//1257 1600//1257 1599//1256 1540//1256
f 1544//1260 1603//1260 1602//1259 1543//1259
f 1538//1254 1614//1254 1617//1253 1557//1253
f 1543//1259 1602//1259 1601//1258 1542//1258
f 1548//1243 1605//1243 1604//1244 1547//1244
f 1557//1253 1617//1253 1613//1252 1556//1252
f 1545//1261 1615//1261 1603//1260 1544//1260
f 1550//1246 1607//1246 1606//1245 1549//1245
f 1546//1262 1616//1262 1615//1261 1545//1261
f 1547//1244 1604//1244 1616//1262 1546//1262
f 1552//1248 1609//1248 1608//1247 1551//1247
f 1549//1245 1606//1245 1605//1243 1548//1243
f 1554//1250 1611//1250 1610//1249 1553//1249
f 1551//1247 1608//1247 1607//1246 1550//1246
f 1556//1252 1613//1252 1612//1251 1555//1251
f 1540//1256 1599//1256 1598//1255 1539//1255
f 1553//1249 1610//1249 1609//1248 1552//1248
f 1639//1284 1640//1284 1641//1284 1638//1284
f 1640//1285 1644//1285 1645//1285 1641//1285
f 1638//1286 1642//1286 1643//1286 1639//1286
f 1641//1287 1645//1287 1642//1287 1638//1287
f 1639//1288 1643//1288 1644//1288 1640//1288
f 1647//1245 1687//1245 1688//1246 1648//1246
f 1529//1284 1657//1284 1658//1284 1530//1284
f 1531//1284 1659//1284 1660//1284 1532//1284
f 1533//1284 1661//1284 1662//1284 1534//1284
f 1535//1284 1663//1284 1664//1284 1536//1284
f 1530//1284 1658//1284 1659//1284 1531//1284
f 1532//1284 1660//1284 1661//1284 1533//1284
f 1534//1284 1662//1284 1663//1284 1535//1284
f 1536//1284 1664//1284 1665//1284 1537//1284
f 1647//1284 1667//1284 1666//1284 1646//1284
f 1649//1284 1669//1284 1668//1284 1648//1284
f 1651//1284 1671//1284 1670//1284 1650//1284
f 1653//1284 1673//1284 1672//1284 1652//1284
f 1655//1284 1675//1284 1674//1284 1654//1284
f 1648//1284 1668//1284 1667//1284 1647//1284
f 1650//1284 1670//1284 1669//1284 1649//1284
f 1652//1284 1672//1284 1671//1284 1651//1284
f 1654//1284 1674//1284 1673//1284 1653//1284
f 1656//1284 1676//1284 1675//1284 1655//1284
f 1646//1284 1666//1284 1657//1284 1529//1284
f 1537//1284 1665//1284 1676//1284 1656//1284
f 1678//1284 1679//1284 1680//1284 1681//1284 1682//1284 1683//1284 1684//1284 1685//1284 1696//1284 1695//1284 1694//1284 1693//1284 1692//1284 1691//1284 1690//1284 1689//1284 1688//1284 1687//1284 1686//1284 1677//1284
f 1535//1257 1683//1257 1682//1258 1534//1258
f 1649//1247 1689//1247 1690//1248 1650//1248
f 1537//1255 1685//1255 1684//1256 1536//1256
f 1530//1262 1678//1262 1677//1244 1529//1244
f 1651//1249 1691//1249 1692//1250 1652//1250
f 1646//1243 1686//1243 1687//1245 1647//1245
f 1532//1260 1680//1260 1679//1261 1531//1261
f 1653//1251 1693//1251 1694//1252 1654//1252
f 1648//1246 1688//1246 1689//1247 1649//1247
f 1534//1258 1682//1258 1681//1259 1533//1259
f 1655//1253 1695//1253 1696//1254 1656//1254
f 1650//1248 1690//1248 1691//1249 1651//1249
f 1536//1256 1684//1256 1683//1257 1535//1257
f 1529//1244 1677//1244 1686//1243 1646//1243
f 1652//1250 1692//1250 1693//1251 1653//1251
f 1531//1261 1679//1261 1678//1262 1530//1262
f 1656//1254 1696//1254 1685//1255 1537//1255
f 1654//1252 1694//1252 1695//1253 1655//1253
f 1533//1259 1681//1259 1680//1260 1532//1260
f 1742//1243 1830//1243 1821//1244 1745//1244
f 1831//1245 1726//1245 1727//1246 1832//1246
f 1833//1247 1728//1247 1729//1248 1834//1248
f 1834//1248 1729//1248 1730//1249 1835//1249
f 1835//1249 1730//1249 1731//1250 1836//1250
f 1836//1250 1731//1250 1743//1251 1837//1251
f 1837//1251 1743//1251 1744//1252 1838//1252
f 1838//1252 1744//1252 1732//1253 1839//1253
f 1839//1253 1732//1253 1733//1254 1840//1254
f 1829//1255 1840//1254 1733//1254 1734//1255
f 1830//1243 1742//1243 1726//1245 1831//1245
f 1832//1246 1727//1246 1728//1247 1833//1247
f 1829//1255 1734//1255 1735//1256 1828//1256
f 1828//1256 1735//1256 1736//1257 1827//1257
f 1827//1257 1736//1257 1737//1258 1826//1258
f 1826//1258 1737//1258 1738//1259 1825//1259
f 1825//1259 1738//1259 1739//1260 1824//1260
f 1824//1260 1739//1260 1740//1261 1823//1261
f 1823//1261 1740//1261 1741//1262 1822//1262
f 1822//1262 1741//1262 1745//1244 1821//1244
f 1707//1255 1706//1254 1782//1254 1766//1255
f 1707//1284 1708//1284 1727//1284 1726//1284
f 1709//1284 1710//1284 1729//1284 1728//1284
f 1711//1284 1712//1284 1731//1284 1730//1284
f 1715//1284 1716//1284 1733//1284 1732//1284
f 1717//1284 1718//1284 1735//1284 1734//1284
f 1719//1284 1720//1284 1737//1284 1736//1284
f 1721//1284 1722//1284 1739//1284 1738//1284
f 1723//1284 1724//1284 1741//1284 1740//1284
f 1706//1284 1707//1284 1726//1284 1742//1284
f 1708//1284 1709//1284 1728//1284 1727//1284
f 1710//1284 1711//1284 1730//1284 1729//1284
f 1712//1284 1713//1284 1743//1284 1731//1284
f 1714//1284 1715//1284 1732//1284 1744//1284
f 1716//1284 1717//1284 1734//1284 1733//1284
f 1718//1284 1719//1284 1736//1284 1735//1284
f 1720//1284 1721//1284 1738//1284 1737//1284
f 1722//1284 1723//1284 1740//1284 1739//1284
f 1725//1284 1706//1284 1742//1284 1745//1284
f 1724//1284 1725//1284 1745//1284 1741//1284
f 1713//1284 1714//1284 1744//1284 1743//1284
f 1710//1258 1709//1257 1768//1257 1769//1258
f 1723//1251 1722//1250 1779//1250 1780//1251
f 1709//1257 1708//1256 1767//1256 1768//1257
f 1712//1260 1711//1259 1770//1259 1771//1260
f 1706//1254 1725//1253 1785//1253 1782//1254
f 1711//1259 1710//1258 1769//1258 1770//1259
f 1716//1243 1715//1244 1772//1244 1773//1243
f 1725//1253 1724//1252 1781//1252 1785//1253
f 1713//1261 1712//1260 1771//1260 1783//1261
f 1718//1246 1717//1245 1774//1245 1775//1246
f 1714//1262 1713//1261 1783//1261 1784//1262
f 1715//1244 1714//1262 1784//1262 1772//1244
f 1720//1248 1719//1247 1776//1247 1777//1248
f 1717//1245 1716//1243 1773//1243 1774//1245
f 1722//1250 1721//1249 1778//1249 1779//1250
f 1719//1247 1718//1246 1775//1246 1776//1247
f 1724//1252 1723//1251 1780//1251 1781//1252
f 1708//1256 1707//1255 1766//1255 1767//1256
f 1721//1249 1720//1248 1777//1248 1778//1249
f 1807//1263 1806//1263 1809//1263 1808//1263
f 1808//1285 1809//1285 1645//1285 1644//1285
f 1806//1286 1807//1286 1643//1286 1642//1286
f 1809//1287 1806//1287 1642//1287 1645//1287
f 1807//1288 1808//1288 1644//1288 1643//1288
f 1811//1245 1812//1246 1852//1246 1851//1245
f 1697//1263 1698//1263 1822//1263 1821//1263
f 1699//1263 1700//1263 1824//1263 1823//1263
f 1701//1263 1702//1263 1826//1263 1825//1263
f 1703//1263 1704//1263 1828//1263 1827//1263
f 1698//1263 1699//1263 1823//1263 1822//1263
f 1700//1263 1701//1263 1825//1263 1824//1263
f 1702//1263 1703//1263 1827//1263 1826//1263
f 1704//1263 1705//1263 1829//1263 1828//1263
f 1811//1263 1810//1263 1830//1263 1831//1263
f 1813//1263 1812//1263 1832//1263 1833//1263
f 1815//1263 1814//1263 1834//1263 1835//1263
f 1817//1263 1816//1263 1836//1263 1837//1263
f 1819//1263 1818//1263 1838//1263 1839//1263
f 1812//1263 1811//1263 1831//1263 1832//1263
f 1814//1263 1813//1263 1833//1263 1834//1263
f 1816//1263 1815//1263 1835//1263 1836//1263
f 1818//1263 1817//1263 1837//1263 1838//1263
f 1820//1263 1819//1263 1839//1263 1840//1263
f 1810//1263 1697//1263 1821//1263 1830//1263
f 1705//1263 1820//1263 1840//1263 1829//1263
f 1842//1263 1841//1263 1850//1263 1851//1263 1852//1263 1853//1263 1854//1263 1855//1263 1856//1263 1857//1263 1858//1263 1859//1263 1860//1263 1849//1263 1848//1263 1847//1263 1846//1263 1845//1263 1844//1263 1843//1263
f 1703//1257 1702//1258 1846//1258 1847//1257
f 1813//1247 1814//1248 1854//1248 1853//1247
f 1705//1255 1704//1256 1848//1256 1849//1255
f 1698//1262 1697//1244 1841//1244 1842//1262
f 1815//1249 1816//1250 1856//1250 1855//1249
f 1810//1243 1811//1245 1851//1245 1850//1243
f 1700//1260 1699//1261 1843//1261 1844//1260
f 1817//1251 1818//1252 1858//1252 1857//1251
f 1812//1246 1813//1247 1853//1247 1852//1246
f 1702//1258 1701//1259 1845//1259 1846//1258
f 1819//1253 1820//1254 1860//1254 1859//1253
f 1814//1248 1815//1249 1855//1249 1854//1248
f 1704//1256 1703//1257 1847//1257 1848//1256
f 1697//1244 1810//1243 1850//1243 1841//1244
f 1816//1250 1817//1251 1857//1251 1856//1250
f 1699//1261 1698//1262 1842//1262 1843//1261
f 1820//1254 1705//1255 1849//1255 1860//1254
f 1818//1252 1819//1253 1859//1253 1858//1252
f 1701//1259 1700//1260 1844//1260 1845//1259
usemtl Material.002
f 1596//1264 1636//1264 1635//1265 1595//1265
f 1579//1263 1598//1263 1599//1263 1580//1263
f 1581//1263 1600//1263 1601//1263 1582//1263
f 1583//1263 1602//1263 1603//1263 1584//1263
f 1587//1263 1604//1263 1605//1263 1588//1263
f 1589//1263 1606//1263 1607//1263 1590//1263
f 1591//1263 1608//1263 1609//1263 1592//1263
f 1593//1263 1610//1263 1611//1263 1594//1263
f 1595//1263 1612//1263 1613//1263 1596//1263
f 1578//1263 1614//1263 1598//1263 1579//1263
f 1580//1263 1599//1263 1600//1263 1581//1263
f 1582//1263 1601//1263 1602//1263 1583//1263
f 1584//1263 1603//1263 1615//1263 1585//1263
f 1586//1263 1616//1263 1604//1263 1587//1263
f 1588//1263 1605//1263 1606//1263 1589//1263
f 1590//1263 1607//1263 1608//1263 1591//1263
f 1592//1263 1609//1263 1610//1263 1593//1263
f 1594//1263 1611//1263 1612//1263 1595//1263
f 1597//1263 1617//1263 1614//1263 1578//1263
f 1596//1263 1613//1263 1617//1263 1597//1263
f 1585//1263 1615//1263 1616//1263 1586//1263
f 1619//1263 1620//1263 1621//1263 1622//1263 1623//1263 1624//1263 1625//1263 1626//1263 1627//1263 1628//1263 1629//1263 1630//1263 1631//1263 1632//1263 1633//1263 1634//1263 1635//1263 1636//1263 1637//1263 1618//1263
f 1580//1266 1620//1266 1619//1267 1579//1267
f 1593//1268 1633//1268 1632//1269 1592//1269
f 1579//1267 1619//1267 1618//1270 1578//1270
f 1582//1271 1622//1271 1621//1272 1581//1272
f 1595//1265 1635//1265 1634//1273 1594//1273
f 1581//1272 1621//1272 1620//1266 1580//1266
f 1584//1274 1624//1274 1623//1275 1583//1275
f 1578//1270 1618//1270 1637//1276 1597//1276
f 1583//1275 1623//1275 1622//1271 1582//1271
f 1588//1277 1628//1277 1627//1278 1587//1278
f 1597//1276 1637//1276 1636//1264 1596//1264
f 1585//1279 1625//1279 1624//1274 1584//1274
f 1590//1280 1630//1280 1629//1281 1589//1281
f 1586//1282 1626//1282 1625//1279 1585//1279
f 1587//1278 1627//1278 1626//1282 1586//1282
f 1592//1269 1632//1269 1631//1283 1591//1283
f 1589//1281 1629//1281 1628//1277 1588//1277
f 1594//1273 1634//1273 1633//1268 1593//1268
f 1591//1283 1631//1283 1630//1280 1590//1280
f 1764//1289 1763//1290 1803//1290 1804//1289
f 1747//1284 1748//1284 1767//1284 1766//1284
f 1749//1284 1750//1284 1769//1284 1768//1284
f 1751//1284 1752//1284 1771//1284 1770//1284
f 1755//1284 1756//1284 1773//1284 1772//1284
f 1757//1284 1758//1284 1775//1284 1774//1284
f 1759//1284 1760//1284 1777//1284 1776//1284
f 1761//1284 1762//1284 1779//1284 1778//1284
f 1763//1284 1764//1284 1781//1284 1780//1284
f 1746//1284 1747//1284 1766//1284 1782//1284
f 1748//1284 1749//1284 1768//1284 1767//1284
f 1750//1284 1751//1284 1770//1284 1769//1284
f 1752//1284 1753//1284 1783//1284 1771//1284
f 1754//1284 1755//1284 1772//1284 1784//1284
f 1756//1284 1757//1284 1774//1284 1773//1284
f 1758//1284 1759//1284 1776//1284 1775//1284
f 1760//1284 1761//1284 1778//1284 1777//1284
f 1762//1284 1763//1284 1780//1284 1779//1284
f 1765//1284 1746//1284 1782//1284 1785//1284
f 1764//1284 1765//1284 1785//1284 1781//1284
f 1753//1284 1754//1284 1784//1284 1783//1284
f 1787//1284 1786//1284 1805//1284 1804//1284 1803//1284 1802//1284 1801//1284 1800//1284 1799//1284 1798//1284 1797//1284 1796//1284 1795//1284 1794//1284 1793//1284 1792//1284 1791//1284 1790//1284 1789//1284 1788//1284
f 1748//1291 1747//1292 1787//1292 1788//1291
f 1761//1293 1760//1294 1800//1294 1801//1293
f 1747//1292 1746//1295 1786//1295 1787//1292
f 1750//1296 1749//1297 1789//1297 1790//1296
f 1763//1290 1762//1298 1802//1298 1803//1290
f 1749//1297 1748//1291 1788//1291 1789//1297
f 1752//1299 1751//1300 1791//1300 1792//1299
f 1746//1295 1765//1301 1805//1301 1786//1295
f 1751//1300 1750//1296 1790//1296 1791//1300
f 1756//1302 1755//1303 1795//1303 1796//1302
f 1765//1301 1764//1289 1804//1289 1805//1301
f 1753//1304 1752//1299 1792//1299 1793//1304
f 1758//1305 1757//1306 1797//1306 1798//1305
f 1754//1307 1753//1304 1793//1304 1794//1307
f 1755//1303 1754//1307 1794//1307 1795//1303
f 1760//1294 1759//1308 1799//1308 1800//1294
f 1757//1306 1756//1302 1796//1302 1797//1306
f 1762//1298 1761//1293 1801//1293 1802//1298
f 1759//1308 1758//1305 1798//1305 1799//1308
