# Blender 4.2.0
# www.blender.org
mtllib Skito1_Collection_001.mtl
o Plane.001
v 0.397744 -0.021791 -0.899093
v 0.303322 -0.310855 -0.732931
v 0.207121 -0.494419 -0.757023
v 0.183765 -0.602856 -0.898347
v 0.251943 -0.638070 -1.075670
v 0.368741 0.086091 -1.042751
v 0.237934 -0.177249 -0.885940
v 0.129046 -0.439349 -0.935735
v 0.159026 -0.584642 -0.960311
v 0.236136 -0.623067 -1.204414
v 0.354271 0.156618 -1.226852
v 0.211397 -0.029388 -1.160531
v 0.132230 -0.318535 -1.249067
v 0.167424 -0.506010 -1.326549
v 0.255170 -0.643470 -1.336881
v 0.365754 0.159232 -1.423287
v 0.226042 0.000066 -1.634264
v 0.160955 -0.304528 -1.698840
v 0.204681 -0.500876 -1.484296
v 0.290062 -0.637543 -1.440407
v 0.400906 0.120499 -1.720652
v 0.340317 -0.117154 -1.916125
v 0.299076 -0.375043 -1.814996
v 0.284964 -0.520165 -1.620750
v 0.332343 -0.606718 -1.499553
v 0.446669 0.069981 -1.844547
v 0.417894 -0.187045 -1.961027
v 0.388147 -0.404129 -1.839545
v 0.369826 -0.537744 -1.702433
v 0.392708 -0.586436 -1.540992
v 0.485669 -0.021791 -0.899093
v 0.485669 0.086091 -1.042751
v 0.485669 0.156618 -1.226852
v 0.485669 0.159232 -1.414187
v 0.485669 0.120499 -1.663147
v 0.485669 0.069981 -1.850978
v 0.485669 -0.638070 -1.098912
v 0.485669 -0.623067 -1.218868
v 0.485669 -0.643470 -1.344251
v 0.485669 -0.637543 -1.437252
v 0.485669 -0.606718 -1.499371
v 0.485669 -0.586436 -1.542806
v 0.485669 -0.187045 -1.988629
v 0.485669 -0.404129 -1.861002
v 0.485669 -0.537744 -1.714883
v 0.485669 -0.310855 -0.748206
v 0.485669 -0.494419 -0.790305
v 0.485669 -0.602856 -0.932633
v 0.573594 -0.021791 -0.899093
v 0.668016 -0.310855 -0.732931
v 0.764217 -0.494419 -0.757023
v 0.787573 -0.602856 -0.898347
v 0.719395 -0.638070 -1.075670
v 0.602596 0.086091 -1.042751
v 0.733403 -0.177249 -0.885940
v 0.842292 -0.439349 -0.935735
v 0.812311 -0.584642 -0.960311
v 0.735202 -0.623067 -1.204414
v 0.617066 0.156618 -1.226852
v 0.759941 -0.029388 -1.160531
v 0.839108 -0.318535 -1.249067
v 0.803913 -0.506010 -1.326549
v 0.716167 -0.643470 -1.336881
v 0.605583 0.159232 -1.423287
v 0.745296 0.000066 -1.634264
v 0.810383 -0.304528 -1.698840
v 0.766656 -0.500876 -1.484296
v 0.681275 -0.637543 -1.440407
v 0.570432 0.120499 -1.720652
v 0.631020 -0.117154 -1.916125
v 0.672261 -0.375043 -1.814996
v 0.686373 -0.520165 -1.620750
v 0.638995 -0.606718 -1.499553
v 0.524669 0.069981 -1.844547
v 0.553444 -0.187045 -1.961027
v 0.583191 -0.404129 -1.839545
v 0.601512 -0.537744 -1.702433
v 0.578629 -0.586436 -1.540992
vn -0.9178 -0.2338 0.3209
vn -0.9716 0.0359 0.2337
vn -0.8485 -0.5260 0.0585
vn -0.5115 0.5795 0.6345
vn -0.6729 0.6082 0.4211
vn -0.5640 0.5926 0.5751
vn -0.5303 -0.8471 -0.0348
vn -0.7690 -0.6309 -0.1024
vn -0.8088 0.2871 0.5131
vn -0.9054 0.2883 0.3115
vn -0.9140 -0.3824 -0.1354
vn -0.8058 -0.5611 -0.1893
vn -0.9620 0.2643 0.0682
vn -0.9984 0.0565 -0.0052
vn -0.7625 0.6339 0.1294
vn -0.7449 0.6269 0.2284
vn -0.8337 -0.4785 -0.2755
vn -0.7272 -0.6042 -0.3257
vn -0.9456 0.2021 -0.2551
vn -0.9244 -0.1042 -0.3668
vn -0.7506 0.6546 -0.0897
vn -0.6882 0.6784 -0.2572
vn -0.6762 -0.3588 -0.6434
vn -0.5537 -0.7075 -0.4393
vn -0.6091 0.6582 -0.4425
vn -0.5122 0.5801 -0.6333
vn -0.2861 -0.8516 -0.4392
vn -0.7075 -0.0725 -0.7030
vn -0.3528 -0.5586 -0.7507
vn -0.2685 -0.8161 -0.5118
vn -0.3836 0.4973 -0.7782
vn -0.3388 0.4743 -0.8125
vn -0.1017 -0.9235 -0.3698
vn -0.3859 -0.3900 -0.8360
vn 0.1197 0.9495 -0.2902
vn 0.0916 0.9681 -0.2331
vn -0.0000 0.9824 -0.1868
vn -0.0000 0.9563 -0.2923
vn -0.0000 0.8803 0.4744
vn 0.0263 0.6467 0.7623
vn -0.0000 0.6524 0.7579
vn -0.0000 0.8752 0.4838
vn -0.0003 0.9822 0.1877
vn -0.0000 0.9821 0.1886
vn 0.0220 0.9979 -0.0615
vn -0.0000 0.9983 -0.0585
vn -0.0000 -0.9344 -0.3563
vn -0.0000 -0.8968 -0.4425
vn 0.0040 -0.9977 0.0681
vn 0.0012 -0.9794 -0.2019
vn -0.0000 -0.9657 -0.2596
vn -0.0000 -0.9989 0.0463
vn 0.0083 -0.9980 0.0632
vn -0.0015 -0.9999 0.0125
vn -0.0000 -0.9997 0.0241
vn -0.0000 -0.9994 0.0332
vn -0.0000 -0.4842 -0.8749
vn -0.0000 -0.6021 -0.7984
vn -0.0000 0.4559 -0.8900
vn -0.0000 -0.8599 -0.5104
vn 0.0701 -0.7952 0.6022
vn 0.0512 -0.8932 0.4468
vn -0.0000 -0.9160 0.4012
vn -0.0000 -0.7972 0.6037
vn 0.1026 -0.2025 0.9739
vn -0.0000 -0.2035 0.9791
vn 0.0497 0.4740 0.8791
vn -0.0000 0.4746 0.8802
vn 0.9178 -0.2338 0.3209
vn 0.8485 -0.5260 0.0585
vn 0.9716 0.0359 0.2337
vn 0.5115 0.5795 0.6345
vn 0.5640 0.5926 0.5751
vn 0.6729 0.6082 0.4211
vn 0.5303 -0.8471 -0.0348
vn 0.7690 -0.6309 -0.1024
vn 0.8088 0.2871 0.5131
vn 0.9054 0.2883 0.3115
vn 0.8058 -0.5611 -0.1893
vn 0.9140 -0.3824 -0.1354
vn 0.9984 0.0565 -0.0052
vn 0.9620 0.2643 0.0682
vn 0.7449 0.6269 0.2284
vn 0.7625 0.6339 0.1294
vn 0.7272 -0.6042 -0.3257
vn 0.8337 -0.4785 -0.2755
vn 0.9244 -0.1042 -0.3668
vn 0.9456 0.2021 -0.2551
vn 0.6882 0.6784 -0.2572
vn 0.7506 0.6546 -0.0897
vn 0.5537 -0.7075 -0.4393
vn 0.6762 -0.3588 -0.6434
vn 0.5122 0.5801 -0.6333
vn 0.6091 0.6582 -0.4425
vn 0.2861 -0.8516 -0.4392
vn 0.7075 -0.0725 -0.7030
vn 0.2685 -0.8161 -0.5118
vn 0.3528 -0.5586 -0.7507
vn 0.3388 0.4743 -0.8125
vn 0.3836 0.4973 -0.7782
vn 0.1017 -0.9235 -0.3698
vn 0.3859 -0.3900 -0.8360
vn -0.1197 0.9495 -0.2902
vn -0.0916 0.9681 -0.2331
vn -0.0263 0.6467 0.7623
vn 0.0003 0.9822 0.1877
vn -0.0220 0.9979 -0.0615
vn -0.0040 -0.9977 0.0681
vn -0.0012 -0.9794 -0.2019
vn -0.0083 -0.9980 0.0632
vn 0.0015 -0.9999 0.0125
vn -0.0701 -0.7952 0.6022
vn -0.0512 -0.8932 0.4468
vn -0.1026 -0.2025 0.9739
vn -0.0497 0.4740 0.8791
vt 0.133333 0.375000
vt 0.133333 0.500000
vt 0.066667 0.500000
vt 0.109943 0.375000
vt 0.133333 0.625000
vt 0.133333 0.750000
vt 0.066667 0.750000
vt 0.066667 0.625000
vt 0.133333 0.250000
vt 0.066667 0.250000
vt 0.000000 0.375000
vt 0.000000 0.250000
vt 0.000000 0.625000
vt 0.000000 0.500000
vt 0.000000 0.750000
vt 1.000000 0.250000
vt 1.000000 0.375000
vt 0.933333 0.375000
vt 0.933333 0.250000
vt 1.000000 0.500000
vt 1.000000 0.625000
vt 0.933333 0.625000
vt 0.933333 0.500000
vt 1.000000 0.750000
vt 0.933333 0.750000
vt 0.866667 0.500000
vt 0.866667 0.375000
vt 0.866667 0.750000
vt 0.866667 0.625000
vt 0.866667 0.250000
vt 0.800000 0.500000
vt 0.800000 0.375000
vt 0.800000 0.750000
vt 0.800000 0.625000
vt 0.800000 0.250000
vt 0.800000 0.750000
vt 1.000000 0.750000
vt 0.933333 0.750000
vt 0.800000 0.250000
vt 0.933333 0.250000
vt 1.000000 0.250000
vt 0.000000 0.000000
vt 0.133333 0.500000
vt 0.133333 0.625000
s 1
usemtl Material.005
f 4/1/1 3/2/1 8/3/2 9/4/3
f 2/5/4 1/6/4 6/7/5 7/8/6
f 5/9/7 4/1/7 9/4/3 10/10/8
f 3/2/9 2/5/9 7/8/10 8/3/2
f 10/10/8 9/4/3 14/11/11 15/12/12
f 8/3/2 7/8/10 12/13/13 13/14/14
f 9/4/3 8/3/2 13/14/14 14/11/11
f 7/8/6 6/7/5 11/15/15 12/13/16
f 15/16/12 14/17/11 19/18/17 20/19/18
f 13/20/14 12/21/13 17/22/19 18/23/20
f 14/17/11 13/20/14 18/23/20 19/18/17
f 12/21/16 11/24/15 16/25/21 17/22/22
f 19/18/17 18/23/20 23/26/23 24/27/24
f 17/22/22 16/25/21 21/28/25 22/29/26
f 20/19/18 19/18/17 24/27/24 25/30/27
f 18/23/20 17/22/19 22/29/28 23/26/23
f 24/27/24 23/26/23 28/31/29 29/32/30
f 22/29/26 21/28/25 26/33/31 27/34/32
f 25/30/27 24/27/24 29/32/30 30/35/33
f 23/26/23 22/29/28 27/34/34 28/31/29
f 25/30/27 30/35/33 42/39/47 41/30/48
f 15/16/49 20/19/50 40/40/51 39/41/52
f 20/19/50 25/30/27 41/30/48 40/40/51
f 5/9/53 10/10/54 38/10/55 37/9/56
f 10/10/54 15/12/49 39/12/52 38/10/55
f 28/31/29 27/34/34 43/34/57 44/31/58
f 27/34/32 26/33/31 36/36/59 43/34/59
f 29/32/30 28/31/29 44/31/58 45/42/60
f 29/32/30 45/42/60 42/39/47 30/35/33
f 3/2/61 4/1/62 48/1/63 47/43/64
f 2/5/65 3/2/65 47/43/66 46/44/66
f 2/5/67 46/44/68 31/6/41 1/6/40
f 4/1/62 5/9/53 37/9/56 48/1/63
f 52/1/69 57/4/70 56/3/71 51/2/69
f 50/5/72 55/8/73 54/7/74 49/6/72
f 53/9/75 58/10/76 57/4/70 52/1/75
f 51/2/77 56/3/71 55/8/78 50/5/77
f 58/10/76 63/12/79 62/11/80 57/4/70
f 56/3/71 61/14/81 60/13/82 55/8/78
f 57/4/70 62/11/80 61/14/81 56/3/71
f 55/8/73 60/13/83 59/15/84 54/7/74
f 63/16/79 68/19/85 67/18/86 62/17/80
f 61/20/81 66/23/87 65/22/88 60/21/82
f 62/17/80 67/18/86 66/23/87 61/20/81
f 60/21/83 65/22/89 64/25/90 59/24/84
f 67/18/86 72/27/91 71/26/92 66/23/87
f 65/22/89 70/29/93 69/28/94 64/25/90
f 68/19/85 73/30/95 72/27/91 67/18/86
f 66/23/87 71/26/92 70/29/96 65/22/88
f 72/27/91 77/32/97 76/31/98 71/26/92
f 70/29/93 75/34/99 74/33/100 69/28/94
f 73/30/95 78/35/101 77/32/97 72/27/91
f 71/26/92 76/31/98 75/34/102 70/29/96
f 73/30/95 41/30/48 42/39/47 78/35/101
f 63/16/108 39/41/52 40/40/51 68/19/109
f 68/19/109 40/40/51 41/30/48 73/30/95
f 53/9/110 37/9/56 38/10/55 58/10/111
f 58/10/111 38/10/55 39/12/52 63/12/108
f 76/31/98 44/31/58 43/34/57 75/34/102
f 75/34/99 43/34/59 36/36/59 74/33/100
f 77/32/97 45/42/60 44/31/58 76/31/98
f 77/32/97 78/35/101 42/39/47 45/42/60
f 51/2/112 47/43/64 48/1/63 52/1/113
f 50/5/114 46/44/66 47/43/66 51/2/114
f 50/5/115 49/6/105 31/6/41 46/44/68
f 52/1/113 48/1/63 37/9/56 53/9/110
usemtl Material.004
f 26/33/35 21/28/36 35/28/37 36/36/38
f 6/7/39 1/6/40 31/6/41 32/7/42
f 11/15/43 6/7/39 32/7/42 33/15/44
f 16/25/45 11/24/43 33/37/44 34/38/46
f 21/28/36 16/25/45 34/38/46 35/28/37
f 74/33/103 36/36/38 35/28/37 69/28/104
f 54/7/39 32/7/42 31/6/41 49/6/105
f 59/15/106 33/15/44 32/7/42 54/7/39
f 64/25/107 34/38/46 33/37/44 59/24/106
f 69/28/104 35/28/37 34/38/46 64/25/107
o Sphere.002
v 0.485669 -0.588360 -2.240396
v 0.485669 -0.717194 -2.258936
v 0.485669 -0.849057 -2.246886
v 0.485669 -0.954514 -2.198390
v 0.527476 -0.373300 -2.020406
v 0.562919 -0.415902 -2.109357
v 0.586601 -0.491781 -2.177656
v 0.594917 -0.592627 -2.217570
v 0.586601 -0.721136 -2.237848
v 0.562919 -0.852075 -2.230746
v 0.527476 -0.956147 -2.189655
v 0.562055 -0.377917 -1.995711
v 0.626812 -0.424434 -2.063726
v 0.670081 -0.502928 -2.118038
v 0.685276 -0.604693 -2.153039
v 0.670081 -0.732283 -2.178229
v 0.626812 -0.860607 -2.185116
v 0.562055 -0.960764 -2.164960
v 0.583426 -0.384720 -1.959326
v 0.666300 -0.437004 -1.996496
v 0.721675 -0.519352 -2.030197
v 0.741120 -0.622469 -2.057961
v 0.721675 -0.748707 -2.090389
v 0.666300 -0.873177 -2.117885
v 0.583426 -0.967567 -2.128575
v 0.587893 -0.392532 -1.917543
v 0.674555 -0.451439 -1.919290
v 0.732461 -0.538212 -1.929323
v 0.752795 -0.642884 -1.948776
v 0.732461 -0.767567 -1.989514
v 0.674555 -0.887612 -2.040679
v 0.587893 -0.975379 -2.086792
v 0.574686 -0.400003 -1.877586
v 0.650150 -0.465243 -1.845459
v 0.700574 -0.556249 -1.832858
v 0.718281 -0.662406 -1.844362
v 0.700574 -0.785604 -1.893049
v 0.650150 -0.901416 -1.966848
v 0.574686 -0.982850 -2.046834
v 0.546086 -0.405840 -1.846364
v 0.597305 -0.476030 -1.787768
v 0.631529 -0.570342 -1.757481
v 0.643546 -0.677660 -1.762775
v 0.631529 -0.799697 -1.817672
v 0.597305 -0.912203 -1.909157
v 0.546086 -0.988688 -2.015612
v 0.507039 -0.409035 -1.829275
v 0.525157 -0.481933 -1.756193
v 0.537262 -0.578055 -1.716226
v 0.541513 -0.686009 -1.718121
v 0.537262 -0.807410 -1.776417
v 0.525157 -0.918106 -1.877582
v 0.507039 -0.991883 -1.998524
v 0.485669 -0.370460 -1.924347
v 0.464298 -0.409035 -1.829275
v 0.446181 -0.481933 -1.756193
v 0.434075 -0.578055 -1.716226
v 0.429824 -0.686009 -1.718121
v 0.434075 -0.807410 -1.776417
v 0.446181 -0.918106 -1.877582
v 0.464298 -0.991883 -1.998524
v 0.425252 -0.405840 -1.846364
v 0.374032 -0.476030 -1.787768
v 0.339809 -0.570342 -1.757481
v 0.327791 -0.677660 -1.762775
v 0.339809 -0.799697 -1.817672
v 0.374032 -0.912203 -1.909157
v 0.425252 -0.988688 -2.015612
v 0.485669 -1.007538 -2.112640
v 0.396652 -0.400003 -1.877586
v 0.321187 -0.465243 -1.845459
v 0.270763 -0.556249 -1.832858
v 0.253056 -0.662406 -1.844362
v 0.270763 -0.785604 -1.893049
v 0.321187 -0.901416 -1.966848
v 0.396652 -0.982850 -2.046834
v 0.383444 -0.392532 -1.917543
v 0.296782 -0.451439 -1.919290
v 0.238876 -0.538212 -1.929323
v 0.218543 -0.642884 -1.948776
v 0.238876 -0.767567 -1.989514
v 0.296782 -0.887612 -2.040680
v 0.383444 -0.975379 -2.086792
v 0.387912 -0.384720 -1.959326
v 0.305037 -0.437004 -1.996496
v 0.249662 -0.519352 -2.030197
v 0.230217 -0.622469 -2.057961
v 0.249662 -0.748707 -2.090389
v 0.305037 -0.873177 -2.117885
v 0.387912 -0.967567 -2.128575
v 0.409282 -0.377917 -1.995711
v 0.344525 -0.424434 -2.063726
v 0.301256 -0.502928 -2.118037
v 0.286062 -0.604693 -2.153039
v 0.301256 -0.732283 -2.178229
v 0.344525 -0.860607 -2.185116
v 0.409282 -0.960764 -2.164960
v 0.443861 -0.373300 -2.020406
v 0.408418 -0.415902 -2.109357
v 0.384736 -0.491781 -2.177656
v 0.376420 -0.592627 -2.217570
v 0.384736 -0.721136 -2.237848
v 0.408418 -0.852075 -2.230746
v 0.443861 -0.956147 -2.189655
v 0.485669 -0.371666 -2.029141
v 0.485669 -0.412884 -2.125497
v 0.485669 -0.487839 -2.198745
vn -0.0000 -0.4178 -0.9085
vn -0.0000 -0.2490 -0.9685
vn 0.3649 -0.2755 -0.8894
vn 0.3216 -0.4405 -0.8382
vn -0.0000 0.0283 -0.9996
vn -0.0000 0.2634 -0.9647
vn 0.4080 0.2417 -0.8804
vn 0.4017 0.0008 -0.9158
vn -0.0000 0.5429 -0.8398
vn -0.0000 0.8148 -0.5797
vn 0.2927 0.8034 -0.5186
vn 0.3770 0.5275 -0.7613
vn -0.0000 0.9733 -0.2294
vn -0.0000 0.9830 0.1838
vn 0.1645 0.9669 -0.1951
vn -0.0000 -0.9775 -0.2109
vn -0.0000 -0.8505 -0.5259
vn 0.1469 -0.8578 -0.4926
vn 0.3005 0.9487 -0.0979
vn 0.2626 -0.8776 -0.4012
vn 0.7289 -0.0761 -0.6804
vn 0.6555 -0.3483 -0.6700
vn 0.6891 0.4839 -0.5394
vn 0.7450 0.1805 -0.6422
vn 0.5348 0.7710 -0.3457
vn 0.5775 -0.5028 -0.6431
vn 0.9221 -0.1868 -0.3388
vn 0.8174 -0.4504 -0.3592
vn 0.8827 0.4195 -0.2120
vn 0.9523 0.0908 -0.2914
vn 0.3846 0.9220 0.0452
vn 0.6844 0.7234 -0.0910
vn 0.5611 -0.7564 -0.3361
vn 0.8283 -0.5599 -0.0211
vn 0.5651 -0.8188 -0.1012
vn 0.9938 -0.0114 0.1103
vn 0.9499 -0.3095 0.0440
vn 0.7157 0.6687 0.2016
vn 0.9239 0.3454 0.1647
vn 0.4022 0.8912 0.2096
vn 0.8634 -0.1081 0.4929
vn 0.8140 -0.4222 0.3990
vn 0.6232 0.6164 0.4813
vn 0.8052 0.2744 0.5256
vn 0.3502 0.8618 0.3669
vn 0.4745 -0.8737 0.1075
vn 0.6990 -0.6570 0.2826
vn 0.3130 -0.9134 0.2601
vn 0.5451 -0.5069 0.6678
vn 0.4625 -0.7278 0.5064
vn 0.5469 0.2189 0.8081
vn 0.5847 -0.1830 0.7904
vn 0.2377 0.8389 0.4897
vn 0.4230 0.5756 0.6999
vn 0.1935 0.1884 0.9628
vn 0.2065 -0.2236 0.9525
vn 0.0841 0.8263 0.5569
vn 0.1496 0.5532 0.8195
vn 0.1613 -0.7647 0.6239
vn 0.1090 -0.9341 0.3399
vn 0.1913 -0.5519 0.8117
vn -0.1613 -0.7647 0.6239
vn -0.1090 -0.9341 0.3399
vn -0.2065 -0.2236 0.9525
vn -0.1913 -0.5519 0.8117
vn -0.1496 0.5532 0.8195
vn -0.1935 0.1884 0.9628
vn -0.0841 0.8263 0.5569
vn -0.4230 0.5756 0.6999
vn -0.5469 0.2189 0.8081
vn -0.2377 0.8389 0.4897
vn -0.3130 -0.9135 0.2601
vn -0.5451 -0.5069 0.6678
vn -0.4625 -0.7278 0.5064
vn -0.5847 -0.1830 0.7904
vn -0.4745 -0.8737 0.1075
vn -0.8140 -0.4222 0.3990
vn -0.6990 -0.6570 0.2826
vn -0.8052 0.2744 0.5256
vn -0.8634 -0.1081 0.4929
vn -0.3502 0.8618 0.3669
vn -0.6232 0.6164 0.4813
vn -0.4022 0.8912 0.2096
vn -0.7157 0.6687 0.2016
vn -0.8283 -0.5599 -0.0211
vn -0.5651 -0.8188 -0.1012
vn -0.9938 -0.0114 0.1103
vn -0.9499 -0.3095 0.0440
vn -0.9239 0.3454 0.1647
vn -0.8174 -0.4504 -0.3592
vn -0.5611 -0.7564 -0.3361
vn -0.9523 0.0908 -0.2914
vn -0.9221 -0.1868 -0.3388
vn -0.6844 0.7234 -0.0910
vn -0.8827 0.4195 -0.2120
vn -0.3846 0.9220 0.0452
vn -0.3005 0.9487 -0.0979
vn -0.2626 -0.8776 -0.4012
vn -0.7289 -0.0761 -0.6804
vn -0.6555 -0.3483 -0.6700
vn -0.6891 0.4839 -0.5394
vn -0.7450 0.1805 -0.6422
vn -0.5348 0.7710 -0.3457
vn -0.5775 -0.5028 -0.6431
vn -0.4017 0.0008 -0.9158
vn -0.3649 -0.2755 -0.8894
vn -0.3770 0.5275 -0.7613
vn -0.4080 0.2417 -0.8804
vn -0.1645 0.9669 -0.1951
vn -0.2927 0.8034 -0.5186
vn -0.3216 -0.4405 -0.8382
vn -0.1469 -0.8578 -0.4926
vt 0.733333 0.125000
vt 0.733333 0.250000
vt 0.666667 0.250000
vt 0.666667 0.125000
vt 0.733333 0.375000
vt 0.733333 0.500000
vt 0.666667 0.500000
vt 0.666667 0.375000
vt 0.733333 0.625000
vt 0.733333 0.750000
vt 0.666667 0.750000
vt 0.666667 0.625000
vt 0.733333 0.875000
vt 0.700000 1.000000
vt 0.666667 0.875000
vt 0.700000 0.000000
vt 0.633333 1.000000
vt 0.600000 0.875000
vt 0.633333 0.000000
vt 0.600000 0.125000
vt 0.600000 0.375000
vt 0.600000 0.250000
vt 0.600000 0.625000
vt 0.600000 0.500000
vt 0.600000 0.750000
vt 0.533333 0.375000
vt 0.533333 0.250000
vt 0.533333 0.625000
vt 0.533333 0.500000
vt 0.533333 0.875000
vt 0.533333 0.750000
vt 0.533333 0.125000
vt 0.566667 1.000000
vt 0.566667 0.000000
vt 0.466667 0.250000
vt 0.466667 0.125000
vt 0.466667 0.500000
vt 0.466667 0.375000
vt 0.466667 0.750000
vt 0.466667 0.625000
vt 0.500000 1.000000
vt 0.466667 0.875000
vt 0.500000 0.000000
vt 0.400000 0.500000
vt 0.400000 0.375000
vt 0.400000 0.750000
vt 0.400000 0.625000
vt 0.433333 1.000000
vt 0.400000 0.875000
vt 0.433333 0.000000
vt 0.400000 0.125000
vt 0.400000 0.250000
vt 0.366667 0.000000
vt 0.333333 0.125000
vt 0.333333 0.375000
vt 0.333333 0.250000
vt 0.333333 0.625000
vt 0.333333 0.500000
vt 0.333333 0.875000
vt 0.333333 0.750000
vt 0.366667 1.000000
vt 0.266667 0.625000
vt 0.266667 0.500000
vt 0.266667 0.875000
vt 0.266667 0.750000
vt 0.266667 0.250000
vt 0.266667 0.125000
vt 0.266667 0.375000
vt 0.300000 1.000000
vt 0.300000 0.000000
vt 0.200000 0.250000
vt 0.200000 0.125000
vt 0.200000 0.500000
vt 0.200000 0.375000
vt 0.200000 0.750000
vt 0.200000 0.625000
vt 0.233333 1.000000
vt 0.200000 0.875000
vt 0.233333 0.000000
vt 0.133333 0.750000
vt 0.133333 0.625000
vt 0.166667 1.000000
vt 0.133333 0.875000
vt 0.166667 0.000000
vt 0.133333 0.125000
vt 0.133333 0.375000
vt 0.133333 0.250000
vt 0.133333 0.500000
vt 0.100000 0.000000
vt 0.066667 0.125000
vt 0.066667 0.375000
vt 0.066667 0.250000
vt 0.066667 0.625000
vt 0.066667 0.500000
vt 0.066667 0.875000
vt 0.066667 0.750000
vt 0.100000 1.000000
vt 0.000000 0.875000
vt 0.000000 0.750000
vt 0.000000 0.250000
vt 0.000000 0.125000
vt 0.000000 0.500000
vt 0.000000 0.375000
vt 0.000000 0.625000
vt 0.033333 1.000000
vt 0.033333 0.000000
vt 1.000000 0.125000
vt 1.000000 0.250000
vt 0.933333 0.250000
vt 0.933333 0.125000
vt 1.000000 0.375000
vt 1.000000 0.500000
vt 0.933333 0.500000
vt 0.933333 0.375000
vt 1.000000 0.625000
vt 1.000000 0.750000
vt 0.933333 0.750000
vt 0.933333 0.625000
vt 1.000000 0.875000
vt 0.966667 1.000000
vt 0.933333 0.875000
vt 0.966667 0.000000
vt 0.900000 1.000000
vt 0.866667 0.875000
vt 0.900000 0.000000
vt 0.866667 0.125000
vt 0.866667 0.375000
vt 0.866667 0.250000
vt 0.866667 0.625000
vt 0.866667 0.500000
vt 0.866667 0.750000
vt 0.800000 0.375000
vt 0.800000 0.250000
vt 0.800000 0.625000
vt 0.800000 0.500000
vt 0.800000 0.875000
vt 0.800000 0.750000
vt 0.800000 0.125000
vt 0.833333 1.000000
vt 0.833333 0.000000
vt 0.766667 1.000000
vt 0.766667 0.000000
s 1
usemtl Material.003
f 82/45/116 81/46/117 88/47/118 89/48/119
f 80/49/120 79/50/121 86/51/122 87/52/123
f 185/53/124 184/54/125 84/55/126 85/56/127
f 183/57/128 132/58/129 83/59/130
f 147/60/131 82/45/132 89/48/133
f 81/46/117 80/49/120 87/52/123 88/47/118
f 79/50/121 185/53/124 85/56/127 86/51/122
f 184/54/125 183/57/128 83/59/130 84/55/126
f 83/59/130 132/61/129 90/62/134
f 147/63/131 89/48/133 96/64/135
f 88/47/118 87/52/123 94/65/136 95/66/137
f 86/51/122 85/56/127 92/67/138 93/68/139
f 84/55/126 83/59/130 90/62/134 91/69/140
f 89/48/119 88/47/118 95/66/137 96/64/141
f 87/52/123 86/51/122 93/68/139 94/65/136
f 85/56/127 84/55/126 91/69/140 92/67/138
f 95/66/137 94/65/136 101/70/142 102/71/143
f 93/68/139 92/67/138 99/72/144 100/73/145
f 91/69/140 90/62/134 97/74/146 98/75/147
f 96/64/141 95/66/137 102/71/143 103/76/148
f 94/65/136 93/68/139 100/73/145 101/70/142
f 92/67/138 91/69/140 98/75/147 99/72/144
f 90/62/134 132/77/129 97/74/146
f 147/78/131 96/64/135 103/76/148
f 103/76/148 102/71/143 109/79/149 110/80/150
f 101/70/142 100/73/145 107/81/151 108/82/152
f 99/72/144 98/75/147 105/83/153 106/84/154
f 97/74/146 132/85/129 104/86/155
f 147/87/131 103/76/148 110/80/150
f 102/71/143 101/70/142 108/82/152 109/79/149
f 100/73/145 99/72/144 106/84/154 107/81/151
f 98/75/147 97/74/146 104/86/155 105/83/153
f 108/82/152 107/81/151 114/88/156 115/89/157
f 106/84/154 105/83/153 112/90/158 113/91/159
f 104/86/155 132/92/129 111/93/160
f 147/94/131 110/80/150 117/95/161
f 109/79/149 108/82/152 115/89/157 116/96/162
f 107/81/151 106/84/154 113/91/159 114/88/156
f 105/83/153 104/86/155 111/93/160 112/90/158
f 110/80/150 109/79/149 116/96/162 117/95/161
f 147/97/131 117/95/161 124/98/163
f 116/96/162 115/89/157 122/99/164 123/100/165
f 114/88/156 113/91/159 120/101/166 121/102/167
f 112/90/158 111/93/160 118/103/168 119/104/169
f 117/95/161 116/96/162 123/100/165 124/98/163
f 115/89/157 114/88/156 121/102/167 122/99/164
f 113/91/159 112/90/158 119/104/169 120/101/166
f 111/93/160 132/105/129 118/103/168
f 121/102/167 120/101/166 127/106/170 128/107/171
f 119/104/169 118/103/168 125/108/172 126/109/173
f 124/98/163 123/100/165 130/110/174 131/111/175
f 122/99/164 121/102/167 128/107/171 129/112/176
f 120/101/166 119/104/169 126/109/173 127/106/170
f 118/103/168 132/113/129 125/108/172
f 147/114/131 124/98/163 131/111/175
f 123/100/165 122/99/164 129/112/176 130/110/174
f 131/111/175 130/110/174 138/115/177 139/116/178
f 129/112/176 128/107/171 136/117/179 137/118/180
f 127/106/170 126/109/173 134/119/181 135/120/182
f 125/108/172 132/121/129 133/122/183
f 147/123/131 131/111/175 139/116/178
f 130/110/174 129/112/176 137/118/180 138/115/177
f 128/107/171 127/106/170 135/120/182 136/117/179
f 126/109/173 125/108/172 133/122/183 134/119/181
f 135/120/182 134/119/181 141/124/184 142/125/185
f 133/122/183 132/126/129 140/127/186
f 147/128/131 139/116/178 146/129/187
f 138/115/177 137/118/180 144/130/188 145/131/189
f 136/117/179 135/120/182 142/125/185 143/132/190
f 134/119/181 133/122/183 140/127/186 141/124/184
f 139/116/178 138/115/177 145/131/189 146/129/187
f 137/118/180 136/117/179 143/132/190 144/130/188
f 147/133/131 146/129/187 154/134/191
f 145/131/189 144/130/188 152/135/192 153/136/193
f 143/132/190 142/125/185 150/137/194 151/138/195
f 141/124/184 140/127/186 148/139/196 149/140/197
f 146/129/187 145/131/189 153/136/193 154/134/191
f 144/130/188 143/132/190 151/138/195 152/135/192
f 142/125/185 141/124/184 149/140/197 150/137/194
f 140/127/186 132/141/129 148/139/196
f 149/140/197 148/139/196 155/142/198 156/143/199
f 154/134/191 153/136/193 160/144/200 161/145/201
f 152/135/192 151/138/195 158/146/202 159/147/203
f 150/137/194 149/140/197 156/143/199 157/148/204
f 148/139/196 132/149/129 155/142/198
f 147/150/131 154/134/191 161/145/201
f 153/136/193 152/135/192 159/147/203 160/144/200
f 151/138/195 150/137/194 157/148/204 158/146/202
f 161/151/201 160/152/200 167/153/205 168/154/206
f 159/155/203 158/156/202 165/157/207 166/158/208
f 157/159/204 156/160/199 163/161/209 164/162/210
f 155/163/198 132/164/129 162/165/211
f 147/166/131 161/151/201 168/154/206
f 160/152/200 159/155/203 166/158/208 167/153/205
f 158/156/202 157/159/204 164/162/210 165/157/207
f 156/160/199 155/163/198 162/165/211 163/161/209
f 162/165/211 132/167/129 169/168/212
f 147/169/131 168/154/206 175/170/213
f 167/153/205 166/158/208 173/171/214 174/172/215
f 165/157/207 164/162/210 171/173/216 172/174/217
f 163/161/209 162/165/211 169/168/212 170/175/218
f 168/154/206 167/153/205 174/172/215 175/170/219
f 166/158/208 165/157/207 172/174/217 173/171/214
f 164/162/210 163/161/209 170/175/218 171/173/216
f 174/172/215 173/171/214 180/176/220 181/177/221
f 172/174/217 171/173/216 178/178/222 179/179/223
f 170/175/218 169/168/212 176/180/224 177/181/225
f 175/170/219 174/172/215 181/177/221 182/182/226
f 173/171/214 172/174/217 179/179/223 180/176/220
f 171/173/216 170/175/218 177/181/225 178/178/222
f 169/168/212 132/183/129 176/180/224
f 147/184/131 175/170/213 182/182/227
f 182/182/226 181/177/221 81/46/117 82/45/116
f 180/176/220 179/179/223 79/50/121 80/49/120
f 178/178/222 177/181/225 184/54/125 185/53/124
f 176/180/224 132/185/129 183/57/128
f 147/186/131 182/182/227 82/45/132
f 181/177/221 180/176/220 80/49/120 81/46/117
f 179/179/223 178/178/222 185/53/124 79/50/121
f 177/181/225 176/180/224 183/57/128 184/54/125
o Sphere.003
v 0.308062 -0.618293 -2.141202
v 0.308062 -0.686508 -2.130494
v 0.308062 -0.744337 -2.100000
v 0.308062 -0.782978 -2.054363
v 0.329958 -0.453609 -2.049708
v 0.348520 -0.492250 -2.091401
v 0.360923 -0.550079 -2.119258
v 0.365279 -0.618293 -2.129041
v 0.360923 -0.686508 -2.119258
v 0.348520 -0.744337 -2.091401
v 0.329958 -0.782978 -2.049708
v 0.348068 -0.453609 -2.036551
v 0.381983 -0.492250 -2.067088
v 0.404645 -0.550079 -2.087493
v 0.412602 -0.618293 -2.094658
v 0.404645 -0.686508 -2.087493
v 0.381983 -0.744337 -2.067088
v 0.348068 -0.782978 -2.036551
v 0.359260 -0.453609 -2.017165
v 0.402664 -0.492250 -2.031267
v 0.431666 -0.550079 -2.040691
v 0.441850 -0.618293 -2.044000
v 0.431666 -0.686508 -2.040691
v 0.402664 -0.744337 -2.031267
v 0.359260 -0.782978 -2.017165
v 0.361600 -0.453609 -1.994902
v 0.406988 -0.492250 -1.990132
v 0.437315 -0.550079 -1.986944
v 0.447964 -0.618293 -1.985825
v 0.437315 -0.686508 -1.986944
v 0.406988 -0.744337 -1.990132
v 0.361600 -0.782978 -1.994902
v 0.354683 -0.453609 -1.973613
v 0.394206 -0.492250 -1.950794
v 0.420615 -0.550079 -1.935547
v 0.429888 -0.618293 -1.930193
v 0.420615 -0.686508 -1.935547
v 0.394206 -0.744337 -1.950794
v 0.354683 -0.782978 -1.973613
v 0.339704 -0.453609 -1.956977
v 0.366529 -0.492250 -1.920056
v 0.384453 -0.550079 -1.895385
v 0.390748 -0.618293 -1.886722
v 0.384453 -0.686508 -1.895385
v 0.366529 -0.744337 -1.920056
v 0.339704 -0.782978 -1.956977
v 0.319255 -0.453609 -1.947872
v 0.328743 -0.492250 -1.903232
v 0.335083 -0.550079 -1.873404
v 0.337310 -0.618293 -1.862930
v 0.335083 -0.686508 -1.873404
v 0.328743 -0.744337 -1.903232
v 0.319255 -0.782978 -1.947872
v 0.308062 -0.440040 -2.000529
v 0.296869 -0.453609 -1.947872
v 0.287381 -0.492250 -1.903232
v 0.281041 -0.550079 -1.873404
v 0.278814 -0.618293 -1.862930
v 0.281041 -0.686508 -1.873404
v 0.287381 -0.744337 -1.903232
v 0.296869 -0.782978 -1.947872
v 0.276420 -0.453609 -1.956977
v 0.249594 -0.492250 -1.920056
v 0.231670 -0.550079 -1.895385
v 0.225376 -0.618293 -1.886722
v 0.231670 -0.686508 -1.895385
v 0.249594 -0.744337 -1.920056
v 0.276420 -0.782978 -1.956977
v 0.308062 -0.796547 -2.000529
v 0.261441 -0.453609 -1.973613
v 0.221918 -0.492250 -1.950794
v 0.195509 -0.550079 -1.935547
v 0.186235 -0.618293 -1.930193
v 0.195509 -0.686508 -1.935547
v 0.221918 -0.744337 -1.950794
v 0.261441 -0.782978 -1.973613
v 0.254524 -0.453609 -1.994902
v 0.209136 -0.492250 -1.990132
v 0.178809 -0.550079 -1.986944
v 0.168159 -0.618293 -1.985825
v 0.178809 -0.686508 -1.986944
v 0.209136 -0.744337 -1.990132
v 0.254524 -0.782978 -1.994902
v 0.256863 -0.453609 -2.017165
v 0.213459 -0.492250 -2.031267
v 0.184458 -0.550079 -2.040691
v 0.174274 -0.618293 -2.044000
v 0.184458 -0.686508 -2.040691
v 0.213459 -0.744337 -2.031267
v 0.256863 -0.782978 -2.017165
v 0.268056 -0.453609 -2.036551
v 0.234141 -0.492250 -2.067088
v 0.211479 -0.550079 -2.087493
v 0.203521 -0.618293 -2.094658
v 0.211479 -0.686508 -2.087493
v 0.234141 -0.744337 -2.067088
v 0.268056 -0.782978 -2.036551
v 0.286166 -0.453609 -2.049708
v 0.267604 -0.492250 -2.091400
v 0.255200 -0.550079 -2.119258
v 0.250845 -0.618293 -2.129041
v 0.255200 -0.686508 -2.119258
v 0.267604 -0.744337 -2.091400
v 0.286166 -0.782978 -2.049708
v 0.308062 -0.453609 -2.054363
v 0.308062 -0.492250 -2.100000
v 0.308062 -0.550079 -2.130494
v 0.663275 -0.618293 -2.141202
v 0.663275 -0.686508 -2.130494
v 0.663275 -0.744337 -2.100000
v 0.663275 -0.782978 -2.054363
v 0.641379 -0.453609 -2.049708
v 0.622817 -0.492250 -2.091401
v 0.610414 -0.550079 -2.119258
v 0.606058 -0.618293 -2.129041
v 0.610414 -0.686508 -2.119258
v 0.622817 -0.744337 -2.091401
v 0.641379 -0.782978 -2.049708
v 0.623269 -0.453609 -2.036551
v 0.589354 -0.492250 -2.067088
v 0.566693 -0.550079 -2.087493
v 0.558735 -0.618293 -2.094658
v 0.566693 -0.686508 -2.087493
v 0.589354 -0.744337 -2.067088
v 0.623269 -0.782978 -2.036551
v 0.612077 -0.453609 -2.017165
v 0.568673 -0.492250 -2.031267
v 0.539671 -0.550079 -2.040691
v 0.529487 -0.618293 -2.044000
v 0.539671 -0.686508 -2.040691
v 0.568673 -0.744337 -2.031267
v 0.612077 -0.782978 -2.017165
v 0.609737 -0.453609 -1.994902
v 0.564349 -0.492250 -1.990132
v 0.534022 -0.550079 -1.986944
v 0.523373 -0.618293 -1.985825
v 0.534022 -0.686508 -1.986944
v 0.564349 -0.744337 -1.990132
v 0.609737 -0.782978 -1.994902
v 0.616654 -0.453609 -1.973613
v 0.577131 -0.492250 -1.950794
v 0.550722 -0.550079 -1.935547
v 0.541449 -0.618293 -1.930193
v 0.550722 -0.686508 -1.935547
v 0.577131 -0.744337 -1.950794
v 0.616654 -0.782978 -1.973613
v 0.631633 -0.453609 -1.956977
v 0.604808 -0.492250 -1.920056
v 0.586884 -0.550079 -1.895385
v 0.580590 -0.618293 -1.886722
v 0.586884 -0.686508 -1.895385
v 0.604808 -0.744337 -1.920056
v 0.631633 -0.782978 -1.956977
v 0.652083 -0.453609 -1.947872
v 0.642594 -0.492250 -1.903232
v 0.636254 -0.550079 -1.873404
v 0.634028 -0.618293 -1.862930
v 0.636254 -0.686508 -1.873404
v 0.642594 -0.744337 -1.903232
v 0.652083 -0.782978 -1.947872
v 0.663275 -0.440040 -2.000529
v 0.674468 -0.453609 -1.947872
v 0.683957 -0.492250 -1.903232
v 0.690297 -0.550079 -1.873404
v 0.692523 -0.618293 -1.862930
v 0.690297 -0.686508 -1.873404
v 0.683957 -0.744337 -1.903232
v 0.674468 -0.782978 -1.947872
v 0.694918 -0.453609 -1.956977
v 0.721743 -0.492250 -1.920056
v 0.739667 -0.550079 -1.895385
v 0.745961 -0.618293 -1.886722
v 0.739667 -0.686508 -1.895385
v 0.721743 -0.744337 -1.920056
v 0.694918 -0.782978 -1.956977
v 0.663275 -0.796547 -2.000529
v 0.709896 -0.453609 -1.973613
v 0.749420 -0.492250 -1.950794
v 0.775828 -0.550079 -1.935547
v 0.785102 -0.618293 -1.930193
v 0.775828 -0.686508 -1.935547
v 0.749420 -0.744337 -1.950794
v 0.709896 -0.782978 -1.973613
v 0.716814 -0.453609 -1.994902
v 0.762201 -0.492250 -1.990132
v 0.792528 -0.550079 -1.986944
v 0.803178 -0.618293 -1.985825
v 0.792528 -0.686508 -1.986944
v 0.762201 -0.744337 -1.990132
v 0.716814 -0.782978 -1.994902
v 0.714474 -0.453609 -2.017165
v 0.757878 -0.492250 -2.031267
v 0.786879 -0.550079 -2.040691
v 0.797063 -0.618293 -2.044000
v 0.786879 -0.686508 -2.040691
v 0.757878 -0.744337 -2.031267
v 0.714474 -0.782978 -2.017165
v 0.703281 -0.453609 -2.036551
v 0.737197 -0.492250 -2.067088
v 0.759858 -0.550079 -2.087493
v 0.767816 -0.618293 -2.094658
v 0.759858 -0.686508 -2.087493
v 0.737197 -0.744337 -2.067088
v 0.703281 -0.782978 -2.036551
v 0.685171 -0.453609 -2.049708
v 0.703734 -0.492250 -2.091400
v 0.716137 -0.550079 -2.119258
v 0.720492 -0.618293 -2.129041
v 0.716137 -0.686508 -2.119258
v 0.703734 -0.744337 -2.091400
v 0.685171 -0.782978 -2.049708
v 0.663275 -0.453609 -2.054363
v 0.663275 -0.492250 -2.100000
v 0.663275 -0.550079 -2.130494
vn -0.0000 -0.0000 -1.0000
vn -0.0000 -0.3031 -0.9530
vn -0.0000 -0.6058 -0.7956
vn -0.0000 -0.8724 -0.4888
vn 0.1988 0.8724 -0.4466
vn 0.3236 0.6058 -0.7268
vn 0.3876 0.3031 -0.8706
vn 0.4067 -0.0000 -0.9135
vn 0.3876 -0.3031 -0.8706
vn 0.3236 -0.6058 -0.7268
vn 0.1988 -0.8724 -0.4466
vn 0.3633 0.8724 -0.3271
vn 0.5912 0.6058 -0.5323
vn 0.7082 0.3031 -0.6376
vn 0.7431 -0.0000 -0.6691
vn 0.7082 -0.3031 -0.6376
vn 0.5912 -0.6058 -0.5323
vn 0.3633 -0.8724 -0.3271
vn 0.4649 0.8724 -0.1511
vn 0.7566 0.6058 -0.2458
vn 0.9063 0.3031 -0.2945
vn 0.9511 -0.0000 -0.3090
vn 0.9063 -0.3031 -0.2945
vn 0.7566 -0.6058 -0.2458
vn 0.4649 -0.8724 -0.1511
vn 0.4861 0.8724 0.0511
vn 0.7912 0.6058 0.0832
vn 0.9477 0.3031 0.0996
vn 0.9945 -0.0000 0.1045
vn 0.9477 -0.3031 0.0996
vn 0.7912 -0.6058 0.0832
vn 0.4861 -0.8724 0.0511
vn 0.4233 0.8724 0.2444
vn 0.6890 0.6058 0.3978
vn 0.8253 0.3031 0.4765
vn 0.8660 -0.0000 0.5000
vn 0.8253 -0.3031 0.4765
vn 0.6890 -0.6058 0.3978
vn 0.4233 -0.8724 0.2444
vn 0.2873 0.8724 0.3955
vn 0.4676 0.6058 0.6436
vn 0.5601 0.3031 0.7710
vn 0.5878 -0.0000 0.8090
vn 0.5601 -0.3031 0.7710
vn 0.4676 -0.6058 0.6436
vn 0.2873 -0.8724 0.3955
vn 0.1016 0.8724 0.4781
vn 0.1654 0.6058 0.7782
vn 0.1981 0.3031 0.9321
vn 0.2079 -0.0000 0.9781
vn 0.1981 -0.3031 0.9321
vn 0.1654 -0.6058 0.7782
vn 0.1016 -0.8724 0.4781
vn -0.0000 1.0000 -0.0000
vn -0.1016 0.8724 0.4781
vn -0.1654 0.6058 0.7782
vn -0.1981 0.3031 0.9321
vn -0.2079 -0.0000 0.9781
vn -0.1981 -0.3031 0.9321
vn -0.1654 -0.6058 0.7782
vn -0.1016 -0.8724 0.4781
vn -0.2873 0.8724 0.3955
vn -0.4676 0.6058 0.6436
vn -0.5601 0.3031 0.7710
vn -0.5878 -0.0000 0.8090
vn -0.5601 -0.3031 0.7710
vn -0.4676 -0.6058 0.6436
vn -0.2873 -0.8724 0.3955
vn -0.0000 -1.0000 -0.0000
vn -0.4233 0.8724 0.2444
vn -0.6890 0.6058 0.3978
vn -0.8253 0.3031 0.4765
vn -0.8660 -0.0000 0.5000
vn -0.8253 -0.3031 0.4765
vn -0.6890 -0.6058 0.3978
vn -0.4233 -0.8724 0.2444
vn -0.4861 0.8724 0.0511
vn -0.7912 0.6058 0.0832
vn -0.9477 0.3031 0.0996
vn -0.9945 -0.0000 0.1045
vn -0.9477 -0.3031 0.0996
vn -0.7912 -0.6058 0.0832
vn -0.4861 -0.8724 0.0511
vn -0.4649 0.8724 -0.1511
vn -0.7566 0.6058 -0.2458
vn -0.9063 0.3031 -0.2945
vn -0.9511 -0.0000 -0.3090
vn -0.9063 -0.3031 -0.2945
vn -0.7566 -0.6058 -0.2458
vn -0.4649 -0.8724 -0.1511
vn -0.3633 0.8724 -0.3271
vn -0.5912 0.6058 -0.5323
vn -0.7082 0.3031 -0.6376
vn -0.7431 -0.0000 -0.6691
vn -0.7082 -0.3031 -0.6376
vn -0.5912 -0.6058 -0.5323
vn -0.3633 -0.8724 -0.3271
vn -0.1988 0.8724 -0.4466
vn -0.3236 0.6058 -0.7268
vn -0.3876 0.3031 -0.8706
vn -0.4067 -0.0000 -0.9135
vn -0.3876 -0.3031 -0.8706
vn -0.3236 -0.6058 -0.7268
vn -0.1988 -0.8724 -0.4466
vn -0.0000 0.8724 -0.4888
vn -0.0000 0.6058 -0.7956
vn -0.0000 0.3031 -0.9530
vt 0.733333 0.875000
vt 0.700000 1.000000
vt 0.666667 0.875000
vt 0.700000 0.000000
vt 0.733333 0.125000
vt 0.666667 0.125000
vt 0.733333 0.250000
vt 0.733333 0.375000
vt 0.666667 0.375000
vt 0.666667 0.250000
vt 0.733333 0.500000
vt 0.733333 0.625000
vt 0.666667 0.625000
vt 0.666667 0.500000
vt 0.733333 0.750000
vt 0.666667 0.750000
vt 0.600000 0.625000
vt 0.600000 0.500000
vt 0.600000 0.875000
vt 0.600000 0.750000
vt 0.600000 0.250000
vt 0.600000 0.125000
vt 0.600000 0.375000
vt 0.633333 1.000000
vt 0.633333 0.000000
vt 0.533333 0.250000
vt 0.533333 0.125000
vt 0.533333 0.500000
vt 0.533333 0.375000
vt 0.533333 0.750000
vt 0.533333 0.625000
vt 0.566667 1.000000
vt 0.533333 0.875000
vt 0.566667 0.000000
vt 0.466667 0.750000
vt 0.466667 0.625000
vt 0.500000 1.000000
vt 0.466667 0.875000
vt 0.500000 0.000000
vt 0.466667 0.125000
vt 0.466667 0.375000
vt 0.466667 0.250000
vt 0.466667 0.500000
vt 0.433333 0.000000
vt 0.400000 0.125000
vt 0.400000 0.375000
vt 0.400000 0.250000
vt 0.400000 0.625000
vt 0.400000 0.500000
vt 0.400000 0.875000
vt 0.400000 0.750000
vt 0.433333 1.000000
vt 0.333333 0.875000
vt 0.333333 0.750000
vt 0.333333 0.250000
vt 0.333333 0.125000
vt 0.333333 0.500000
vt 0.333333 0.375000
vt 0.333333 0.625000
vt 0.366667 1.000000
vt 0.366667 0.000000
vt 0.266667 0.250000
vt 0.266667 0.125000
vt 0.266667 0.500000
vt 0.266667 0.375000
vt 0.266667 0.750000
vt 0.266667 0.625000
vt 0.300000 1.000000
vt 0.266667 0.875000
vt 0.300000 0.000000
vt 0.233333 1.000000
vt 0.200000 0.875000
vt 0.233333 0.000000
vt 0.200000 0.125000
vt 0.200000 0.375000
vt 0.200000 0.250000
vt 0.200000 0.625000
vt 0.200000 0.500000
vt 0.200000 0.750000
vt 0.133333 0.375000
vt 0.133333 0.250000
vt 0.133333 0.625000
vt 0.133333 0.500000
vt 0.133333 0.875000
vt 0.133333 0.750000
vt 0.133333 0.125000
vt 0.166667 1.000000
vt 0.166667 0.000000
vt 0.066667 0.250000
vt 0.066667 0.125000
vt 0.066667 0.500000
vt 0.066667 0.375000
vt 0.066667 0.750000
vt 0.066667 0.625000
vt 0.100000 1.000000
vt 0.066667 0.875000
vt 0.100000 0.000000
vt 0.000000 0.500000
vt 0.000000 0.375000
vt 0.000000 0.750000
vt 0.000000 0.625000
vt 0.033333 1.000000
vt 0.000000 0.875000
vt 0.033333 0.000000
vt 0.000000 0.125000
vt 0.000000 0.250000
vt 0.966667 0.000000
vt 1.000000 0.125000
vt 0.933333 0.125000
vt 1.000000 0.250000
vt 1.000000 0.375000
vt 0.933333 0.375000
vt 0.933333 0.250000
vt 1.000000 0.500000
vt 1.000000 0.625000
vt 0.933333 0.625000
vt 0.933333 0.500000
vt 1.000000 0.750000
vt 1.000000 0.875000
vt 0.933333 0.875000
vt 0.933333 0.750000
vt 0.966667 1.000000
vt 0.866667 0.625000
vt 0.866667 0.500000
vt 0.866667 0.875000
vt 0.866667 0.750000
vt 0.866667 0.250000
vt 0.866667 0.125000
vt 0.866667 0.375000
vt 0.900000 1.000000
vt 0.900000 0.000000
vt 0.800000 0.250000
vt 0.800000 0.125000
vt 0.800000 0.500000
vt 0.800000 0.375000
vt 0.800000 0.750000
vt 0.800000 0.625000
vt 0.833333 1.000000
vt 0.800000 0.875000
vt 0.833333 0.000000
vt 0.766667 1.000000
vt 0.766667 0.000000
s 1
usemtl Material.001
f 290/187/332 239/188/281 190/189/232
f 254/190/296 189/191/231 196/192/238
f 188/193/230 187/194/229 194/195/236 195/196/237
f 186/197/228 292/198/334 192/199/234 193/200/235
f 291/201/333 290/187/332 190/189/232 191/202/233
f 189/191/231 188/193/230 195/196/237 196/192/238
f 187/194/229 186/197/228 193/200/235 194/195/236
f 292/198/334 291/201/333 191/202/233 192/199/234
f 193/200/235 192/199/234 199/203/241 200/204/242
f 191/202/233 190/189/232 197/205/239 198/206/240
f 196/192/238 195/196/237 202/207/244 203/208/245
f 194/195/236 193/200/235 200/204/242 201/209/243
f 192/199/234 191/202/233 198/206/240 199/203/241
f 190/189/232 239/210/281 197/205/239
f 254/211/296 196/192/238 203/208/245
f 195/196/237 194/195/236 201/209/243 202/207/244
f 203/208/245 202/207/244 209/212/251 210/213/252
f 201/209/243 200/204/242 207/214/249 208/215/250
f 199/203/241 198/206/240 205/216/247 206/217/248
f 197/205/239 239/218/281 204/219/246
f 254/220/296 203/208/245 210/213/252
f 202/207/244 201/209/243 208/215/250 209/212/251
f 200/204/242 199/203/241 206/217/248 207/214/249
f 198/206/240 197/205/239 204/219/246 205/216/247
f 206/217/248 205/216/247 212/221/254 213/222/255
f 204/219/246 239/223/281 211/224/253
f 254/225/296 210/213/252 217/226/259
f 209/212/251 208/215/250 215/227/257 216/228/258
f 207/214/249 206/217/248 213/222/255 214/229/256
f 205/216/247 204/219/246 211/224/253 212/221/254
f 210/213/252 209/212/251 216/228/258 217/226/259
f 208/215/250 207/214/249 214/229/256 215/227/257
f 254/230/296 217/226/259 224/231/266
f 216/228/258 215/227/257 222/232/264 223/233/265
f 214/229/256 213/222/255 220/234/262 221/235/263
f 212/221/254 211/224/253 218/236/260 219/237/261
f 217/226/259 216/228/258 223/233/265 224/231/266
f 215/227/257 214/229/256 221/235/263 222/232/264
f 213/222/255 212/221/254 219/237/261 220/234/262
f 211/224/253 239/238/281 218/236/260
f 219/237/261 218/236/260 225/239/267 226/240/268
f 224/231/266 223/233/265 230/241/272 231/242/273
f 222/232/264 221/235/263 228/243/270 229/244/271
f 220/234/262 219/237/261 226/240/268 227/245/269
f 218/236/260 239/246/281 225/239/267
f 254/247/296 224/231/266 231/242/273
f 223/233/265 222/232/264 229/244/271 230/241/272
f 221/235/263 220/234/262 227/245/269 228/243/270
f 231/242/273 230/241/272 237/248/279 238/249/280
f 229/244/271 228/243/270 235/250/277 236/251/278
f 227/245/269 226/240/268 233/252/275 234/253/276
f 225/239/267 239/254/281 232/255/274
f 254/256/296 231/242/273 238/249/280
f 230/241/272 229/244/271 236/251/278 237/248/279
f 228/243/270 227/245/269 234/253/276 235/250/277
f 226/240/268 225/239/267 232/255/274 233/252/275
f 232/255/274 239/257/281 240/258/282
f 254/259/296 238/249/280 246/260/288
f 237/248/279 236/251/278 244/261/286 245/262/287
f 235/250/277 234/253/276 242/263/284 243/264/285
f 233/252/275 232/255/274 240/258/282 241/265/283
f 238/249/280 237/248/279 245/262/287 246/260/288
f 236/251/278 235/250/277 243/264/285 244/261/286
f 234/253/276 233/252/275 241/265/283 242/263/284
f 245/262/287 244/261/286 251/266/293 252/267/294
f 243/264/285 242/263/284 249/268/291 250/269/292
f 241/265/283 240/258/282 247/270/289 248/271/290
f 246/260/288 245/262/287 252/267/294 253/272/295
f 244/261/286 243/264/285 250/269/292 251/266/293
f 242/263/284 241/265/283 248/271/290 249/268/291
f 240/258/282 239/273/281 247/270/289
f 254/274/296 246/260/288 253/272/295
f 253/272/295 252/267/294 260/275/302 261/276/303
f 251/266/293 250/269/292 258/277/300 259/278/301
f 249/268/291 248/271/290 256/279/298 257/280/299
f 247/270/289 239/281/281 255/282/297
f 254/283/296 253/272/295 261/276/303
f 252/267/294 251/266/293 259/278/301 260/275/302
f 250/269/292 249/268/291 257/280/299 258/277/300
f 248/271/290 247/270/289 255/282/297 256/279/298
f 259/278/301 258/277/300 265/284/307 266/285/308
f 257/280/299 256/279/298 263/286/305 264/287/306
f 255/282/297 239/288/281 262/289/304
f 254/290/296 261/276/303 268/291/310
f 260/275/302 259/278/301 266/285/308 267/292/309
f 258/277/300 257/280/299 264/287/306 265/284/307
f 256/279/298 255/282/297 262/289/304 263/286/305
f 261/276/303 260/275/302 267/292/309 268/291/310
f 254/293/296 268/294/310 275/295/317
f 267/296/309 266/297/308 273/298/315 274/299/316
f 265/300/307 264/301/306 271/302/313 272/303/314
f 263/304/305 262/305/304 269/306/311 270/307/312
f 268/294/310 267/296/309 274/299/316 275/295/317
f 266/297/308 265/300/307 272/303/314 273/298/315
f 264/301/306 263/304/305 270/307/312 271/302/313
f 262/305/304 239/308/281 269/306/311
f 272/303/314 271/302/313 278/309/320 279/310/321
f 270/307/312 269/306/311 276/311/318 277/312/319
f 275/295/317 274/299/316 281/313/323 282/314/324
f 273/298/315 272/303/314 279/310/321 280/315/322
f 271/302/313 270/307/312 277/312/319 278/309/320
f 269/306/311 239/316/281 276/311/318
f 254/317/296 275/295/317 282/314/324
f 274/299/316 273/298/315 280/315/322 281/313/323
f 282/314/324 281/313/323 288/318/330 289/319/331
f 280/315/322 279/310/321 286/320/328 287/321/329
f 278/309/320 277/312/319 284/322/326 285/323/327
f 276/311/318 239/324/281 283/325/325
f 254/326/296 282/314/324 289/319/331
f 281/313/323 280/315/322 287/321/329 288/318/330
f 279/310/321 278/309/320 285/323/327 286/320/328
f 277/312/319 276/311/318 283/325/325 284/322/326
f 285/323/327 284/322/326 291/201/333 292/198/334
f 283/325/325 239/327/281 290/187/332
f 254/328/296 289/319/331 189/191/231
f 288/318/330 287/321/329 187/194/229 188/193/230
f 286/320/328 285/323/327 292/198/334 186/197/228
f 284/322/326 283/325/325 290/187/332 291/201/333
f 289/319/331 288/318/330 188/193/230 189/191/231
f 287/321/329 286/320/328 186/197/228 187/194/229
f 397/187/332 297/189/325 346/188/281
f 361/190/296 303/192/331 296/191/231
f 295/193/230 302/196/330 301/195/329 294/194/229
f 293/197/228 300/200/328 299/199/327 399/198/334
f 398/201/333 298/202/326 297/189/325 397/187/332
f 296/191/231 303/192/331 302/196/330 295/193/230
f 294/194/229 301/195/329 300/200/328 293/197/228
f 399/198/334 299/199/327 298/202/326 398/201/333
f 300/200/328 307/204/321 306/203/320 299/199/327
f 298/202/326 305/206/319 304/205/318 297/189/325
f 303/192/331 310/208/324 309/207/323 302/196/330
f 301/195/329 308/209/322 307/204/321 300/200/328
f 299/199/327 306/203/320 305/206/319 298/202/326
f 297/189/325 304/205/318 346/210/281
f 361/211/296 310/208/324 303/192/331
f 302/196/330 309/207/323 308/209/322 301/195/329
f 310/208/324 317/213/317 316/212/316 309/207/323
f 308/209/322 315/215/315 314/214/314 307/204/321
f 306/203/320 313/217/313 312/216/312 305/206/319
f 304/205/318 311/219/311 346/218/281
f 361/220/296 317/213/317 310/208/324
f 309/207/323 316/212/316 315/215/315 308/209/322
f 307/204/321 314/214/314 313/217/313 306/203/320
f 305/206/319 312/216/312 311/219/311 304/205/318
f 313/217/313 320/222/306 319/221/305 312/216/312
f 311/219/311 318/224/304 346/223/281
f 361/225/296 324/226/310 317/213/317
f 316/212/316 323/228/309 322/227/308 315/215/315
f 314/214/314 321/229/307 320/222/306 313/217/313
f 312/216/312 319/221/305 318/224/304 311/219/311
f 317/213/317 324/226/310 323/228/309 316/212/316
f 315/215/315 322/227/308 321/229/307 314/214/314
f 361/230/296 331/231/303 324/226/310
f 323/228/309 330/233/302 329/232/301 322/227/308
f 321/229/307 328/235/300 327/234/299 320/222/306
f 319/221/305 326/237/298 325/236/297 318/224/304
f 324/226/310 331/231/303 330/233/302 323/228/309
f 322/227/308 329/232/301 328/235/300 321/229/307
f 320/222/306 327/234/299 326/237/298 319/221/305
f 318/224/304 325/236/297 346/238/281
f 326/237/298 333/240/290 332/239/289 325/236/297
f 331/231/303 338/242/295 337/241/294 330/233/302
f 329/232/301 336/244/293 335/243/292 328/235/300
f 327/234/299 334/245/291 333/240/290 326/237/298
f 325/236/297 332/239/289 346/246/281
f 361/247/296 338/242/295 331/231/303
f 330/233/302 337/241/294 336/244/293 329/232/301
f 328/235/300 335/243/292 334/245/291 327/234/299
f 338/242/295 345/249/288 344/248/287 337/241/294
f 336/244/293 343/251/286 342/250/285 335/243/292
f 334/245/291 341/253/284 340/252/283 333/240/290
f 332/239/289 339/255/282 346/254/281
f 361/256/296 345/249/288 338/242/295
f 337/241/294 344/248/287 343/251/286 336/244/293
f 335/243/292 342/250/285 341/253/284 334/245/291
f 333/240/290 340/252/283 339/255/282 332/239/289
f 339/255/282 347/258/274 346/257/281
f 361/259/296 353/260/280 345/249/288
f 344/248/287 352/262/279 351/261/278 343/251/286
f 342/250/285 350/264/277 349/263/276 341/253/284
f 340/252/283 348/265/275 347/258/274 339/255/282
f 345/249/288 353/260/280 352/262/279 344/248/287
f 343/251/286 351/261/278 350/264/277 342/250/285
f 341/253/284 349/263/276 348/265/275 340/252/283
f 352/262/279 359/267/272 358/266/271 351/261/278
f 350/264/277 357/269/270 356/268/269 349/263/276
f 348/265/275 355/271/268 354/270/267 347/258/274
f 353/260/280 360/272/273 359/267/272 352/262/279
f 351/261/278 358/266/271 357/269/270 350/264/277
f 349/263/276 356/268/269 355/271/268 348/265/275
f 347/258/274 354/270/267 346/273/281
f 361/274/296 360/272/273 353/260/280
f 360/272/273 368/276/266 367/275/265 359/267/272
f 358/266/271 366/278/264 365/277/263 357/269/270
f 356/268/269 364/280/262 363/279/261 355/271/268
f 354/270/267 362/282/260 346/281/281
f 361/283/296 368/276/266 360/272/273
f 359/267/272 367/275/265 366/278/264 358/266/271
f 357/269/270 365/277/263 364/280/262 356/268/269
f 355/271/268 363/279/261 362/282/260 354/270/267
f 366/278/264 373/285/257 372/284/256 365/277/263
f 364/280/262 371/287/255 370/286/254 363/279/261
f 362/282/260 369/289/253 346/288/281
f 361/290/296 375/291/259 368/276/266
f 367/275/265 374/292/258 373/285/257 366/278/264
f 365/277/263 372/284/256 371/287/255 364/280/262
f 363/279/261 370/286/254 369/289/253 362/282/260
f 368/276/266 375/291/259 374/292/258 367/275/265
f 361/293/296 382/295/252 375/294/259
f 374/296/258 381/299/251 380/298/250 373/297/257
f 372/300/256 379/303/249 378/302/248 371/301/255
f 370/304/254 377/307/247 376/306/246 369/305/253
f 375/294/259 382/295/252 381/299/251 374/296/258
f 373/297/257 380/298/250 379/303/249 372/300/256
f 371/301/255 378/302/248 377/307/247 370/304/254
f 369/305/253 376/306/246 346/308/281
f 379/303/249 386/310/242 385/309/241 378/302/248
f 377/307/247 384/312/240 383/311/239 376/306/246
f 382/295/252 389/314/245 388/313/244 381/299/251
f 380/298/250 387/315/243 386/310/242 379/303/249
f 378/302/248 385/309/241 384/312/240 377/307/247
f 376/306/246 383/311/239 346/316/281
f 361/317/296 389/314/245 382/295/252
f 381/299/251 388/313/244 387/315/243 380/298/250
f 389/314/245 396/319/238 395/318/237 388/313/244
f 387/315/243 394/321/236 393/320/235 386/310/242
f 385/309/241 392/323/234 391/322/233 384/312/240
f 383/311/239 390/325/232 346/324/281
f 361/326/296 396/319/238 389/314/245
f 388/313/244 395/318/237 394/321/236 387/315/243
f 386/310/242 393/320/235 392/323/234 385/309/241
f 384/312/240 391/322/233 390/325/232 383/311/239
f 392/323/234 399/198/334 398/201/333 391/322/233
f 390/325/232 397/187/332 346/327/281
f 361/328/296 296/191/231 396/319/238
f 395/318/237 295/193/230 294/194/229 394/321/236
f 393/320/235 293/197/228 399/198/334 392/323/234
f 391/322/233 398/201/333 397/187/332 390/325/232
f 396/319/238 296/191/231 295/193/230 395/318/237
f 394/321/236 294/194/229 293/197/228 393/320/235
o Cylinder.014
v 0.100554 -0.653784 -1.104536
v 0.089296 -0.627448 -1.100000
v 0.079140 -0.603689 -1.086835
v 0.071080 -0.584835 -1.066330
v 0.065905 -0.572729 -1.040492
v 0.064122 -0.568558 -1.011850
v 0.136986 -0.739009 -1.011850
v 0.135203 -0.734838 -1.040492
v 0.130028 -0.722733 -1.066330
v 0.121968 -0.703878 -1.086835
v 0.111812 -0.680120 -1.100000
v 0.163075 -0.627058 -1.152225
v 0.142519 -0.635845 -1.133148
v 0.127785 -0.601379 -1.127211
v 0.146024 -0.587171 -1.145354
v 0.114494 -0.570287 -1.109982
v 0.130643 -0.551189 -1.125416
v 0.103946 -0.545612 -1.083147
v 0.118436 -0.522633 -1.094360
v 0.097174 -0.529769 -1.049333
v 0.110598 -0.504299 -1.055228
v 0.094840 -0.524311 -1.011850
v 0.107898 -0.497982 -1.011850
v 0.190197 -0.747379 -1.011850
v 0.218251 -0.756133 -1.011850
v 0.187863 -0.741920 -1.049333
v 0.215551 -0.749816 -1.055228
v 0.181091 -0.726078 -1.083147
v 0.207714 -0.731482 -1.094360
v 0.170543 -0.701403 -1.109982
v 0.195507 -0.702926 -1.125416
v 0.157252 -0.670311 -1.127211
v 0.180125 -0.666944 -1.145354
v 0.179294 -0.705561 -1.119979
v 0.190916 -0.732750 -1.090410
v 0.198379 -0.750206 -1.053152
v 0.200950 -0.756221 -1.011850
v 0.095879 -0.510428 -1.011850
v 0.098451 -0.516443 -1.053152
v 0.105913 -0.533899 -1.090410
v 0.117535 -0.561088 -1.119979
v 0.132180 -0.595347 -1.138963
v 0.148415 -0.633324 -1.145504
v 0.164649 -0.671301 -1.138963
v 0.086985 -0.622041 -1.118097
v 0.100554 -0.653784 -1.123565
v 0.074743 -0.593405 -1.102229
v 0.065029 -0.570680 -1.077514
v 0.058792 -0.556089 -1.046372
v 0.056643 -0.551061 -1.011850
v 0.144465 -0.756506 -1.011850
v 0.142316 -0.751479 -1.046372
v 0.136079 -0.736888 -1.077514
v 0.126364 -0.714162 -1.102229
v 0.114123 -0.685527 -1.118097
v 0.110115 -0.623440 -1.086157
v 0.119605 -0.645640 -1.089981
v 0.101554 -0.603412 -1.075059
v 0.094759 -0.587519 -1.057774
v 0.090397 -0.577314 -1.035994
v 0.088894 -0.573798 -1.011850
v 0.150315 -0.717482 -1.011850
v 0.148812 -0.713965 -1.035994
v 0.144450 -0.703761 -1.057774
v 0.137656 -0.687867 -1.075059
v 0.129095 -0.667840 -1.086157
v 0.108347 -0.619304 -1.100000
v 0.119605 -0.645640 -1.104536
v 0.098191 -0.595546 -1.086835
v 0.090131 -0.576691 -1.066330
v 0.084956 -0.564586 -1.040492
v 0.083173 -0.560414 -1.011850
v 0.156037 -0.730866 -1.011850
v 0.154254 -0.726694 -1.040492
v 0.149079 -0.714589 -1.066330
v 0.141019 -0.695734 -1.086835
v 0.130863 -0.671976 -1.100000
v 0.083422 -0.640120 -1.071244
v 0.091007 -0.657865 -1.074301
v 0.076578 -0.624112 -1.062374
v 0.071148 -0.611408 -1.048558
v 0.067661 -0.603251 -1.031149
v 0.066460 -0.600441 -1.011850
v 0.115554 -0.715289 -1.011850
v 0.114353 -0.712478 -1.031149
v 0.110866 -0.704322 -1.048558
v 0.105436 -0.691618 -1.062374
v 0.098593 -0.675610 -1.071244
v 0.105783 -0.505729 -1.011850
v 0.101916 -0.509733 -1.011850
v 0.108362 -0.511763 -1.053284
v 0.104454 -0.515670 -1.052616
v 0.115848 -0.529275 -1.090662
v 0.111819 -0.532899 -1.089391
v 0.127508 -0.556551 -1.120325
v 0.123291 -0.559735 -1.118576
v 0.142200 -0.590920 -1.139371
v 0.137746 -0.593551 -1.137314
v 0.158486 -0.629019 -1.145933
v 0.153770 -0.631035 -1.143771
v 0.153386 -0.631199 -1.147784
v 0.158103 -0.629183 -1.149946
v 0.136875 -0.592574 -1.141131
v 0.141329 -0.589944 -1.143187
v 0.121980 -0.557731 -1.121823
v 0.126197 -0.554546 -1.123572
v 0.110160 -0.530078 -1.091750
v 0.114189 -0.526454 -1.093021
v 0.102570 -0.512325 -1.053856
v 0.106479 -0.508418 -1.054524
v 0.099955 -0.506207 -1.011850
v 0.103822 -0.502203 -1.011850
v 0.206818 -0.756191 -1.011850
v 0.212384 -0.756163 -1.011850
v 0.204202 -0.750074 -1.053856
v 0.209727 -0.749948 -1.054524
v 0.196613 -0.732320 -1.091750
v 0.202017 -0.731912 -1.093021
v 0.184792 -0.704668 -1.121823
v 0.190008 -0.703820 -1.123572
v 0.174877 -0.668422 -1.143187
v 0.169898 -0.669824 -1.141131
v 0.205624 -0.752337 -1.011850
v 0.211190 -0.752309 -1.011850
v 0.203086 -0.746401 -1.052616
v 0.208610 -0.746275 -1.053284
v 0.195721 -0.729171 -1.089391
v 0.201124 -0.728763 -1.090662
v 0.184249 -0.702335 -1.118576
v 0.189465 -0.701487 -1.120325
v 0.174773 -0.667118 -1.139371
v 0.169794 -0.668520 -1.137314
v 0.083422 -0.640120 -1.071244
v 0.091007 -0.657865 -1.074301
v 0.076578 -0.624112 -1.062374
v 0.071148 -0.611408 -1.048558
v 0.067661 -0.603251 -1.031149
v 0.066460 -0.600441 -1.011850
v 0.115554 -0.715289 -1.011850
v 0.114353 -0.712478 -1.031149
v 0.110866 -0.704322 -1.048558
v 0.105436 -0.691618 -1.062374
v 0.098593 -0.675610 -1.071244
v -0.484636 -0.893193 -1.050979
v -0.479639 -0.904883 -1.052992
v -0.489144 -0.882647 -1.045135
v -0.492722 -0.874278 -1.036033
v -0.495019 -0.868904 -1.024564
v -0.495810 -0.867053 -1.011850
v -0.463467 -0.942713 -1.011850
v -0.464259 -0.940862 -1.024564
v -0.466556 -0.935489 -1.036033
v -0.470133 -0.927119 -1.045135
v -0.474641 -0.916573 -1.050979
v -0.019235 -0.686939 -1.062935
v 0.005379 -0.673481 -1.071244
v -0.011737 -0.682266 -1.067090
v -0.002728 -0.677340 -1.070131
v 0.012965 -0.691226 -1.074301
v -0.012711 -0.702202 -1.065564
v 0.004715 -0.694752 -1.073130
v -0.004682 -0.698770 -1.069932
v -0.001464 -0.657473 -1.062374
v -0.018102 -0.667378 -1.058840
v -0.009443 -0.661632 -1.061427
v -0.029791 -0.662244 -1.043422
v -0.006895 -0.644769 -1.048558
v -0.023153 -0.655563 -1.045990
v -0.014772 -0.649166 -1.047870
v -0.010381 -0.636613 -1.031149
v -0.026395 -0.647977 -1.029799
v -0.018193 -0.641163 -1.030787
v -0.033824 -0.652812 -1.011850
v -0.011583 -0.633802 -1.011850
v -0.027513 -0.645363 -1.011850
v -0.019372 -0.638405 -1.011850
v 0.037512 -0.748650 -1.011850
v 0.018148 -0.752177 -1.011850
v 0.028803 -0.751100 -1.011850
v 0.036311 -0.745839 -1.031149
v 0.017030 -0.749563 -1.029799
v 0.027624 -0.748342 -1.030787
v 0.032824 -0.737683 -1.048558
v 0.013788 -0.741977 -1.045990
v 0.024202 -0.740339 -1.047870
v -0.000301 -0.731232 -1.055305
v 0.027393 -0.724979 -1.062374
v 0.008737 -0.730162 -1.058840
v 0.018873 -0.727873 -1.061427
v 0.020550 -0.708971 -1.071244
v 0.002372 -0.715273 -1.067090
v 0.012159 -0.712165 -1.070131
v -0.027919 -0.691687 -1.060003
v -0.025058 -0.690326 -1.060396
v -0.021880 -0.688588 -1.061469
v -0.021769 -0.706074 -1.062481
v -0.015543 -0.703412 -1.064022
v -0.018858 -0.704830 -1.062894
v -0.033467 -0.678709 -1.052812
v -0.025120 -0.673171 -1.055305
v -0.030652 -0.677242 -1.053146
v -0.027597 -0.675215 -1.054058
v -0.037869 -0.668409 -1.041610
v -0.035090 -0.666858 -1.041853
v -0.032134 -0.664602 -1.042516
v -0.040696 -0.661797 -1.027496
v -0.032790 -0.655229 -1.028449
v -0.037940 -0.660191 -1.027624
v -0.035046 -0.657787 -1.027972
v -0.041670 -0.659518 -1.011850
v -0.038922 -0.657894 -1.011850
v -0.036050 -0.655439 -1.011850
v -0.001867 -0.752629 -1.011850
v 0.008402 -0.751592 -1.011850
v 0.001205 -0.751765 -1.011850
v 0.004964 -0.751385 -1.011850
v -0.002842 -0.750351 -1.027496
v 0.007369 -0.749174 -1.028449
v 0.000223 -0.749468 -1.027624
v 0.003961 -0.749037 -1.027972
v -0.005668 -0.743738 -1.041610
v 0.004370 -0.742159 -1.043422
v -0.002627 -0.742801 -1.041853
v 0.001048 -0.742223 -1.042516
v -0.010071 -0.733438 -1.052812
v -0.007065 -0.732418 -1.053146
v -0.003489 -0.731610 -1.054058
v -0.015619 -0.720460 -1.060003
v -0.006186 -0.717464 -1.062935
v -0.012658 -0.719333 -1.060396
v -0.009206 -0.718237 -1.061469
v -0.485952 -0.890115 -1.061281
v -0.479639 -0.904883 -1.063825
v -0.491647 -0.876792 -1.053898
v -0.496166 -0.866220 -1.042400
v -0.499068 -0.859431 -1.027911
v -0.500068 -0.857092 -1.011850
v -0.459209 -0.952674 -1.011850
v -0.460209 -0.950335 -1.027911
v -0.463111 -0.943547 -1.042400
v -0.467631 -0.932974 -1.053898
v -0.473326 -0.919651 -1.061281
v -0.517986 -0.963829 -1.024564
v -0.568902 -0.943041 -1.024564
v -0.526279 -0.966308 -1.024564
v -0.534928 -0.966857 -1.024564
v -0.543498 -0.965451 -1.024564
v -0.551560 -0.962160 -1.024564
v -0.558710 -0.957147 -1.024564
v -0.564589 -0.950666 -1.024564
v -0.568110 -0.944893 -1.011850
v -0.517195 -0.965681 -1.011850
v -0.563797 -0.952518 -1.011850
v -0.557918 -0.958999 -1.011850
v -0.550768 -0.964011 -1.011850
v -0.542706 -0.967303 -1.011850
v -0.534136 -0.968709 -1.011850
v -0.525488 -0.968159 -1.011850
v -0.568902 -0.943041 -1.024564
v -0.548746 -0.891872 -1.024564
v -0.571434 -0.934654 -1.024564
v -0.572056 -0.925926 -1.024564
v -0.570739 -0.917295 -1.024564
v -0.567547 -0.909192 -1.024564
v -0.562642 -0.902026 -1.024564
v -0.556268 -0.896154 -1.024564
v -0.569693 -0.941190 -1.011850
v -0.549538 -0.890020 -1.011850
v -0.572225 -0.932803 -1.011850
v -0.572848 -0.924075 -1.011850
v -0.571530 -0.915443 -1.011850
v -0.568339 -0.907341 -1.011850
v -0.563433 -0.900174 -1.011850
v -0.557060 -0.894303 -1.011850
v 0.100554 -0.653784 -0.919164
v 0.089296 -0.627448 -0.923701
v 0.079140 -0.603689 -0.936866
v 0.071080 -0.584835 -0.957371
v 0.065905 -0.572729 -0.983209
v 0.135203 -0.734838 -0.983209
v 0.130028 -0.722733 -0.957371
v 0.121968 -0.703878 -0.936866
v 0.111812 -0.680120 -0.923701
v 0.163075 -0.627058 -0.871476
v 0.142519 -0.635845 -0.890553
v 0.127785 -0.601379 -0.896489
v 0.146024 -0.587171 -0.878346
v 0.114494 -0.570287 -0.913718
v 0.130643 -0.551189 -0.898285
v 0.103946 -0.545612 -0.940553
v 0.118436 -0.522633 -0.929340
v 0.097174 -0.529769 -0.974367
v 0.110598 -0.504299 -0.968472
v 0.187863 -0.741920 -0.974367
v 0.215551 -0.749816 -0.968472
v 0.181091 -0.726078 -0.940553
v 0.207714 -0.731482 -0.929340
v 0.170543 -0.701403 -0.913718
v 0.195507 -0.702926 -0.898285
v 0.157252 -0.670311 -0.896489
v 0.180125 -0.666944 -0.878346
v 0.179294 -0.705561 -0.903722
v 0.190916 -0.732750 -0.933290
v 0.198379 -0.750206 -0.970549
v 0.098451 -0.516443 -0.970549
v 0.105913 -0.533899 -0.933290
v 0.117535 -0.561088 -0.903722
v 0.132180 -0.595347 -0.884737
v 0.148415 -0.633324 -0.878196
v 0.164649 -0.671301 -0.884737
v 0.086985 -0.622041 -0.905604
v 0.100554 -0.653784 -0.900136
v 0.074743 -0.593405 -0.921471
v 0.065029 -0.570680 -0.946186
v 0.058792 -0.556089 -0.977329
v 0.142316 -0.751479 -0.977329
v 0.136079 -0.736888 -0.946186
v 0.126364 -0.714162 -0.921471
v 0.114123 -0.685527 -0.905604
v 0.110115 -0.623440 -0.937544
v 0.119605 -0.645640 -0.933720
v 0.101554 -0.603412 -0.948641
v 0.094759 -0.587519 -0.965926
v 0.090397 -0.577314 -0.987707
v 0.148812 -0.713965 -0.987707
v 0.144450 -0.703761 -0.965926
v 0.137656 -0.687867 -0.948641
v 0.129095 -0.667840 -0.937544
v 0.108347 -0.619304 -0.923701
v 0.119605 -0.645640 -0.919164
v 0.098191 -0.595546 -0.936866
v 0.090131 -0.576691 -0.957371
v 0.084956 -0.564586 -0.983209
v 0.154254 -0.726694 -0.983209
v 0.149079 -0.714589 -0.957371
v 0.141019 -0.695734 -0.936866
v 0.130863 -0.671976 -0.923701
v 0.083422 -0.640120 -0.952456
v 0.091007 -0.657865 -0.949400
v 0.076578 -0.624112 -0.961327
v 0.071148 -0.611408 -0.975143
v 0.067661 -0.603251 -0.992552
v 0.114353 -0.712478 -0.992552
v 0.110866 -0.704322 -0.975143
v 0.105436 -0.691618 -0.961327
v 0.098593 -0.675610 -0.952456
v 0.108362 -0.511763 -0.970416
v 0.104454 -0.515670 -0.971084
v 0.115848 -0.529275 -0.933038
v 0.111819 -0.532899 -0.934309
v 0.127508 -0.556551 -0.903375
v 0.123291 -0.559735 -0.905124
v 0.142200 -0.590920 -0.884330
v 0.137746 -0.593551 -0.886386
v 0.158486 -0.629019 -0.877768
v 0.153770 -0.631035 -0.879930
v 0.153386 -0.631199 -0.875917
v 0.158103 -0.629183 -0.873755
v 0.136875 -0.592574 -0.882570
v 0.141329 -0.589944 -0.880514
v 0.121980 -0.557731 -0.901878
v 0.126197 -0.554546 -0.900129
v 0.110160 -0.530078 -0.931951
v 0.114189 -0.526454 -0.930680
v 0.102570 -0.512325 -0.969845
v 0.106479 -0.508418 -0.969176
v 0.204202 -0.750074 -0.969845
v 0.209727 -0.749948 -0.969176
v 0.196613 -0.732320 -0.931951
v 0.202017 -0.731912 -0.930680
v 0.184792 -0.704668 -0.901878
v 0.190008 -0.703820 -0.900129
v 0.174876 -0.668422 -0.880514
v 0.169898 -0.669824 -0.882570
v 0.203086 -0.746401 -0.971084
v 0.208610 -0.746275 -0.970416
v 0.195721 -0.729171 -0.934309
v 0.201124 -0.728763 -0.933038
v 0.184249 -0.702335 -0.905124
v 0.189465 -0.701487 -0.903375
v 0.174773 -0.667118 -0.884330
v 0.169794 -0.668520 -0.886386
v 0.083422 -0.640120 -0.952456
v 0.091007 -0.657865 -0.949400
v 0.076578 -0.624112 -0.961327
v 0.071148 -0.611408 -0.975143
v 0.067661 -0.603251 -0.992552
v 0.114353 -0.712478 -0.992552
v 0.110866 -0.704322 -0.975143
v 0.105436 -0.691618 -0.961327
v 0.098593 -0.675610 -0.952456
v -0.484636 -0.893193 -0.972722
v -0.479639 -0.904883 -0.970708
v -0.489144 -0.882647 -0.978566
v -0.492722 -0.874278 -0.987668
v -0.495019 -0.868904 -0.999137
v -0.464259 -0.940862 -0.999137
v -0.466556 -0.935489 -0.987668
v -0.470133 -0.927119 -0.978566
v -0.474641 -0.916573 -0.972722
v -0.019235 -0.686939 -0.960766
v 0.005379 -0.673481 -0.952456
v -0.011737 -0.682266 -0.956611
v -0.002728 -0.677340 -0.953569
v 0.012965 -0.691226 -0.949400
v -0.012711 -0.702202 -0.958137
v 0.004715 -0.694752 -0.950570
v -0.004682 -0.698770 -0.953768
v -0.001464 -0.657473 -0.961327
v -0.018102 -0.667378 -0.964861
v -0.009443 -0.661632 -0.962274
v -0.029791 -0.662244 -0.980278
v -0.006895 -0.644769 -0.975143
v -0.023153 -0.655563 -0.977710
v -0.014772 -0.649166 -0.975831
v -0.010381 -0.636613 -0.992552
v -0.026395 -0.647977 -0.993902
v -0.018193 -0.641163 -0.992914
v 0.036311 -0.745839 -0.992552
v 0.017030 -0.749563 -0.993902
v 0.027624 -0.748342 -0.992914
v 0.032824 -0.737683 -0.975143
v 0.013788 -0.741977 -0.977710
v 0.024202 -0.740339 -0.975831
v -0.000301 -0.731232 -0.968395
v 0.027393 -0.724979 -0.961327
v 0.008737 -0.730162 -0.964861
v 0.018873 -0.727873 -0.962274
v 0.020550 -0.708971 -0.952456
v 0.002372 -0.715273 -0.956611
v 0.012159 -0.712165 -0.953569
v -0.027919 -0.691687 -0.963697
v -0.025058 -0.690326 -0.963305
v -0.021880 -0.688588 -0.962232
v -0.021769 -0.706074 -0.961219
v -0.015543 -0.703412 -0.959678
v -0.018858 -0.704830 -0.960806
v -0.033467 -0.678709 -0.970889
v -0.025120 -0.673171 -0.968395
v -0.030652 -0.677242 -0.970555
v -0.027597 -0.675215 -0.969642
v -0.037869 -0.668409 -0.982090
v -0.035090 -0.666858 -0.981847
v -0.032134 -0.664602 -0.981184
v -0.040696 -0.661797 -0.996204
v -0.032790 -0.655229 -0.995252
v -0.037940 -0.660191 -0.996077
v -0.035046 -0.657787 -0.995728
v -0.002842 -0.750351 -0.996204
v 0.007369 -0.749174 -0.995252
v 0.000223 -0.749468 -0.996077
v 0.003961 -0.749037 -0.995728
v -0.005668 -0.743738 -0.982090
v 0.004370 -0.742159 -0.980278
v -0.002627 -0.742801 -0.981847
v 0.001048 -0.742223 -0.981184
v -0.010071 -0.733438 -0.970889
v -0.007065 -0.732418 -0.970555
v -0.003489 -0.731610 -0.969642
v -0.015619 -0.720460 -0.963697
v -0.006186 -0.717464 -0.960766
v -0.012658 -0.719333 -0.963305
v -0.009206 -0.718237 -0.962232
v -0.485952 -0.890115 -0.962420
v -0.479639 -0.904883 -0.959876
v -0.491647 -0.876792 -0.969802
v -0.496166 -0.866220 -0.981300
v -0.499068 -0.859431 -0.995789
v -0.460209 -0.950335 -0.995789
v -0.463111 -0.943547 -0.981300
v -0.467631 -0.932974 -0.969802
v -0.473326 -0.919651 -0.962420
v -0.517986 -0.963829 -0.999137
v -0.568902 -0.943041 -0.999137
v -0.526279 -0.966308 -0.999137
v -0.534928 -0.966857 -0.999137
v -0.543498 -0.965451 -0.999137
v -0.551560 -0.962160 -0.999137
v -0.558710 -0.957147 -0.999137
v -0.564589 -0.950666 -0.999137
v -0.568902 -0.943041 -0.999137
v -0.548746 -0.891872 -0.999137
v -0.571434 -0.934654 -0.999137
v -0.572056 -0.925926 -0.999137
v -0.570739 -0.917295 -0.999137
v -0.567547 -0.909192 -0.999137
v -0.562642 -0.902026 -0.999137
v -0.556268 -0.896154 -0.999137
vn 0.2310 -0.5405 0.8090
vn 0.1215 -0.2841 0.9511
vn 0.0372 -0.6097 -0.7918
vn -0.0701 -0.3589 -0.9308
vn 0.1223 -0.8088 -0.5752
vn 0.1769 -0.9366 -0.3024
vn 0.1957 -0.9807 -0.0000
vn -0.5548 0.7751 -0.3024
vn -0.5736 0.8191 -0.0000
vn -0.5002 0.6472 -0.5752
vn -0.4151 0.4482 -0.7918
vn -0.3078 0.1973 -0.9308
vn -0.1890 -0.0808 -0.9787
vn -0.7098 -0.5978 -0.3726
vn -0.7602 -0.4798 -0.4381
vn -0.6697 -0.6915 -0.2707
vn -0.6440 -0.7517 -0.1423
vn -0.6351 -0.7724 -0.0000
vn -0.9884 0.0539 -0.1423
vn -0.9972 0.0746 -0.0000
vn -0.9626 -0.0063 -0.2707
vn -0.9226 -0.1000 -0.3726
vn -0.8721 -0.2180 -0.4381
vn -0.8162 -0.3489 -0.4606
vn -0.2452 -0.4145 -0.8764
vn -0.3572 -0.1527 -0.9215
vn -0.1443 -0.6507 -0.7455
vn -0.0641 -0.8382 -0.5416
vn -0.0127 -0.9585 -0.2848
vn 0.0051 -1.0000 -0.0000
vn -0.7016 0.6532 -0.2848
vn -0.7194 0.6946 -0.0000
vn -0.6502 0.5328 -0.5416
vn -0.5701 0.3454 -0.7455
vn -0.4691 0.1092 -0.8764
vn -0.9195 -0.3931 -0.0000
vn -0.3180 0.7439 0.5878
vn -0.3738 0.8745 0.3090
vn 0.3180 -0.7439 0.5878
vn -0.2310 0.5405 0.8090
vn 0.3738 -0.8745 0.3090
vn -0.1215 0.2841 0.9511
vn 0.3931 -0.9195 -0.0000
vn -0.0000 -0.0000 1.0000
vn -0.3931 0.9195 -0.0000
vn -0.5224 0.0768 -0.8492
vn -0.4139 -0.1770 -0.8929
vn -0.0801 -0.9578 -0.2759
vn -0.0630 -0.9980 -0.0000
vn -0.6202 0.3057 -0.7224
vn -0.1300 -0.8412 -0.5249
vn -0.6979 0.4873 -0.5249
vn -0.2076 -0.6596 -0.7224
vn -0.7478 0.6039 -0.2759
vn -0.3055 -0.4307 -0.8492
vn -0.7649 0.6441 -0.0000
vn 0.9146 0.3910 -0.1034
vn 0.9020 0.4203 -0.0983
vn -0.9385 -0.3351 0.0836
vn -0.9475 -0.3140 0.0608
vn -0.9146 -0.3910 0.1034
vn -0.9271 -0.3616 0.0983
vn 0.8759 0.4814 -0.0320
vn 0.8739 0.4860 -0.0000
vn -0.8759 -0.4814 0.0320
vn -0.8817 -0.4679 0.0608
vn 0.9475 0.3140 -0.0608
vn 0.9385 0.3351 -0.0836
vn 0.9271 0.3616 -0.0983
vn -0.9532 -0.3005 0.0320
vn 0.8817 0.4679 -0.0608
vn -0.8907 -0.4468 0.0836
vn 0.9532 0.3005 -0.0320
vn -0.8739 -0.4860 -0.0000
vn -0.9020 -0.4203 0.0983
vn 0.8907 0.4468 -0.0836
vn 0.9552 0.2959 -0.0000
vn -0.9552 -0.2959 -0.0000
vn 0.3812 -0.8712 -0.3092
vn 0.4007 -0.9162 -0.0000
vn 0.3813 -0.8713 -0.3088
vn 0.3246 -0.7408 -0.5880
vn 0.3248 -0.7412 -0.5875
vn -0.2318 0.5406 -0.8087
vn -0.1208 0.2850 -0.9509
vn -0.1204 0.2840 -0.9512
vn -0.2315 0.5399 -0.8093
vn 0.2364 -0.5378 -0.8093
vn 0.2367 -0.5384 -0.8087
vn -0.1215 0.2841 -0.9511
vn -0.0000 -0.0000 -1.0000
vn 0.1253 -0.2819 -0.9512
vn 0.1258 -0.2829 -0.9509
vn -0.3958 0.9183 -0.0000
vn -0.3763 0.8735 -0.3088
vn -0.3763 0.8734 -0.3092
vn -0.3198 0.7433 -0.5875
vn -0.3197 0.7430 -0.5881
vn 0.3180 -0.7439 -0.5878
vn 0.3738 -0.8745 -0.3090
vn -0.3180 0.7439 -0.5878
vn -0.2310 0.5405 -0.8090
vn 0.2310 -0.5405 -0.8090
vn -0.3738 0.8745 -0.3090
vn 0.1215 -0.2841 -0.9511
vn 0.0022 0.0016 -1.0000
vn 0.0027 0.0005 -1.0000
vn -0.2394 0.2309 -0.9431
vn -0.1190 -0.0509 -0.9916
vn -0.1959 -0.0837 -0.9770
vn -0.3146 0.1939 -0.9292
vn -0.3416 -0.1460 -0.9284
vn -0.4544 0.1178 -0.8830
vn -0.4115 -0.1759 -0.8943
vn -0.5201 0.0782 -0.8505
vn -0.3481 0.4851 -0.8022
vn -0.4216 0.4443 -0.7904
vn -0.5561 0.3558 -0.7511
vn -0.6181 0.3075 -0.7235
vn -0.4343 0.6868 -0.5828
vn -0.5066 0.6431 -0.5743
vn -0.6368 0.5446 -0.5457
vn -0.6958 0.4894 -0.5257
vn -0.4897 0.8163 -0.3064
vn -0.5611 0.7707 -0.3019
vn -0.6887 0.6659 -0.2869
vn -0.7458 0.6062 -0.2764
vn -0.5087 0.8609 -0.0000
vn -0.5799 0.8147 -0.0000
vn -0.7065 0.7077 -0.0000
vn -0.7630 0.6464 -0.0000
vn 0.2517 -0.9180 -0.3064
vn 0.2708 -0.9626 -0.0000
vn 0.1882 -0.9821 -0.0000
vn 0.1694 -0.9382 -0.3019
vn 0.0233 -0.9997 -0.0000
vn 0.0055 -0.9579 -0.2869
vn -0.0599 -0.9982 -0.0000
vn -0.0771 -0.9580 -0.2764
vn 0.1964 -0.7885 -0.5828
vn 0.1148 -0.8106 -0.5743
vn -0.0464 -0.8367 -0.5457
vn -0.1271 -0.8412 -0.5257
vn 0.1101 -0.5868 -0.8022
vn 0.0299 -0.6118 -0.7904
vn -0.1271 -0.6478 -0.7511
vn -0.2048 -0.6592 -0.7235
vn 0.0015 -0.3326 -0.9431
vn -0.0772 -0.3614 -0.9292
vn -0.2288 -0.4098 -0.8830
vn -0.3028 -0.4300 -0.8505
vn -0.3467 -0.1482 -0.9262
vn -0.4592 0.1150 -0.8809
vn -0.1992 -0.0852 -0.9763
vn -0.3178 0.1922 -0.9285
vn -0.5607 0.3524 -0.7493
vn -0.4248 0.4425 -0.7898
vn -0.6412 0.5408 -0.5444
vn -0.5097 0.6411 -0.5738
vn -0.6929 0.6617 -0.2862
vn -0.5642 0.7686 -0.3017
vn -0.7108 0.7034 -0.0000
vn -0.5829 0.8125 -0.0000
vn 0.0173 -0.9998 -0.0000
vn -0.0005 -0.9582 -0.2862
vn 0.1845 -0.9828 -0.0000
vn 0.1657 -0.9389 -0.3017
vn -0.0522 -0.8372 -0.5444
vn 0.1112 -0.8114 -0.5738
vn -0.1327 -0.6488 -0.7493
vn 0.0263 -0.6128 -0.7898
vn -0.2342 -0.4114 -0.8809
vn -0.0806 -0.3626 -0.9285
vn -0.3882 0.9082 -0.1564
vn 0.3882 -0.9082 -0.1564
vn 0.2828 -0.9465 -0.1554
vn 0.2863 -0.9581 -0.0000
vn 0.1785 -0.9839 -0.0000
vn 0.1714 -0.9733 -0.1524
vn -0.0447 -0.9990 -0.0000
vn -0.0540 -0.9886 -0.1406
vn -0.2650 -0.9643 -0.0000
vn -0.2765 -0.9533 -0.1216
vn -0.4714 -0.8819 -0.0000
vn -0.4845 -0.8695 -0.0965
vn -0.6539 -0.7565 -0.0000
vn -0.6675 -0.7416 -0.0665
vn -0.8042 -0.5944 -0.0000
vn -0.8164 -0.5766 -0.0331
vn -0.8704 -0.4923 -0.0000
vn -0.8703 -0.4923 -0.0175
vn -0.4948 0.8690 -0.0000
vn -0.4887 0.8585 -0.1554
vn -0.5851 0.7965 -0.1524
vn -0.5879 0.8089 -0.0000
vn -0.7519 0.6441 -0.1406
vn -0.7530 0.6580 -0.0000
vn -0.8801 0.4589 -0.1216
vn -0.8801 0.4747 -0.0000
vn -0.9633 0.2506 -0.0965
vn -0.9632 0.2687 -0.0000
vn -0.9973 0.0300 -0.0665
vn -0.9987 0.0501 -0.0000
vn -0.9809 -0.1917 -0.0331
vn -0.9853 -0.1706 -0.0000
vn -0.9572 -0.2889 -0.0175
vn -0.9573 -0.2890 -0.0000
vn 0.9195 0.3931 -0.0000
vn 0.0372 -0.6097 0.7918
vn -0.0701 -0.3589 0.9308
vn 0.1223 -0.8088 0.5752
vn 0.1769 -0.9366 0.3024
vn -0.5548 0.7751 0.3024
vn -0.5002 0.6472 0.5752
vn -0.4151 0.4482 0.7918
vn -0.3078 0.1973 0.9308
vn -0.1890 -0.0808 0.9787
vn -0.7098 -0.5978 0.3726
vn -0.7602 -0.4798 0.4381
vn -0.6697 -0.6915 0.2707
vn -0.6440 -0.7517 0.1423
vn -0.9884 0.0539 0.1423
vn -0.9626 -0.0063 0.2707
vn -0.9226 -0.1000 0.3726
vn -0.8721 -0.2180 0.4381
vn -0.8162 -0.3489 0.4606
vn -0.2452 -0.4145 0.8764
vn -0.3572 -0.1527 0.9215
vn -0.1443 -0.6507 0.7455
vn -0.0641 -0.8382 0.5416
vn -0.0127 -0.9585 0.2848
vn -0.7016 0.6532 0.2848
vn -0.6502 0.5328 0.5416
vn -0.5701 0.3454 0.7455
vn -0.4691 0.1092 0.8764
vn -0.5224 0.0768 0.8492
vn -0.4139 -0.1770 0.8929
vn -0.0801 -0.9578 0.2759
vn -0.6202 0.3057 0.7224
vn -0.1300 -0.8412 0.5249
vn -0.6979 0.4873 0.5249
vn -0.2076 -0.6596 0.7224
vn -0.7478 0.6039 0.2759
vn -0.3055 -0.4307 0.8492
vn 0.9146 0.3910 0.1034
vn 0.9020 0.4203 0.0983
vn -0.9385 -0.3351 -0.0836
vn -0.9475 -0.3140 -0.0608
vn -0.9146 -0.3910 -0.1034
vn -0.9271 -0.3616 -0.0983
vn 0.8759 0.4814 0.0320
vn -0.8759 -0.4814 -0.0320
vn -0.8817 -0.4679 -0.0608
vn 0.9475 0.3140 0.0608
vn 0.9385 0.3351 0.0836
vn 0.9271 0.3616 0.0983
vn -0.9532 -0.3005 -0.0320
vn 0.8817 0.4679 0.0608
vn -0.8907 -0.4468 -0.0836
vn 0.9532 0.3005 0.0320
vn -0.9020 -0.4203 -0.0983
vn 0.8907 0.4468 0.0836
vn 0.3812 -0.8712 0.3092
vn 0.3813 -0.8713 0.3088
vn 0.3246 -0.7408 0.5880
vn 0.3248 -0.7412 0.5875
vn -0.2318 0.5406 0.8087
vn -0.2315 0.5399 0.8093
vn -0.1204 0.2840 0.9512
vn -0.1208 0.2850 0.9509
vn 0.2364 -0.5378 0.8093
vn 0.2367 -0.5384 0.8087
vn 0.1253 -0.2819 0.9512
vn 0.1258 -0.2829 0.9509
vn -0.3763 0.8734 0.3092
vn -0.3763 0.8735 0.3088
vn -0.3197 0.7430 0.5881
vn -0.3198 0.7433 0.5875
vn 0.0022 0.0016 1.0000
vn 0.0027 0.0005 1.0000
vn -0.2394 0.2309 0.9431
vn -0.3146 0.1939 0.9292
vn -0.1959 -0.0837 0.9770
vn -0.1190 -0.0509 0.9916
vn -0.4544 0.1178 0.8830
vn -0.3416 -0.1460 0.9284
vn -0.5201 0.0782 0.8505
vn -0.4115 -0.1759 0.8943
vn -0.3481 0.4851 0.8022
vn -0.4216 0.4443 0.7904
vn -0.5561 0.3558 0.7511
vn -0.6181 0.3075 0.7235
vn -0.4343 0.6868 0.5828
vn -0.5066 0.6431 0.5743
vn -0.6368 0.5446 0.5457
vn -0.6958 0.4894 0.5257
vn -0.4897 0.8163 0.3064
vn -0.5611 0.7707 0.3019
vn -0.6887 0.6659 0.2869
vn -0.7458 0.6062 0.2764
vn 0.2517 -0.9180 0.3064
vn 0.1694 -0.9382 0.3019
vn 0.0055 -0.9579 0.2869
vn -0.0771 -0.9580 0.2764
vn 0.1964 -0.7885 0.5828
vn 0.1148 -0.8106 0.5743
vn -0.0464 -0.8367 0.5457
vn -0.1271 -0.8412 0.5257
vn 0.1101 -0.5868 0.8022
vn 0.0299 -0.6118 0.7904
vn -0.1271 -0.6478 0.7511
vn -0.2048 -0.6592 0.7235
vn 0.0015 -0.3326 0.9431
vn -0.0772 -0.3614 0.9292
vn -0.2288 -0.4098 0.8830
vn -0.3028 -0.4300 0.8505
vn -0.4592 0.1150 0.8809
vn -0.3467 -0.1482 0.9262
vn -0.3178 0.1922 0.9285
vn -0.1992 -0.0852 0.9763
vn -0.5607 0.3524 0.7493
vn -0.4248 0.4425 0.7898
vn -0.6412 0.5408 0.5444
vn -0.5097 0.6411 0.5738
vn -0.6929 0.6617 0.2862
vn -0.5642 0.7686 0.3017
vn -0.0005 -0.9582 0.2862
vn 0.1657 -0.9389 0.3017
vn -0.0522 -0.8372 0.5444
vn 0.1112 -0.8114 0.5738
vn -0.1327 -0.6488 0.7493
vn 0.0263 -0.6128 0.7898
vn -0.2342 -0.4114 0.8809
vn -0.0806 -0.3626 0.9285
vn -0.3882 0.9082 0.1564
vn 0.3882 -0.9082 0.1564
vn 0.2828 -0.9465 0.1554
vn 0.1714 -0.9733 0.1524
vn -0.0540 -0.9886 0.1406
vn -0.2765 -0.9533 0.1216
vn -0.4845 -0.8695 0.0965
vn -0.6675 -0.7416 0.0664
vn -0.8164 -0.5766 0.0331
vn -0.8703 -0.4923 0.0175
vn -0.5851 0.7965 0.1524
vn -0.4887 0.8585 0.1554
vn -0.7519 0.6441 0.1406
vn -0.8801 0.4589 0.1216
vn -0.9633 0.2506 0.0965
vn -0.9973 0.0300 0.0665
vn -0.9809 -0.1917 0.0331
vn -0.9572 -0.2889 0.0175
vt 0.367040 0.411092
vt 0.311532 0.439375
vt 0.100000 0.884172
vt 0.100000 1.000000
vt 0.050000 1.000000
vt 0.050000 0.884172
vt 0.150000 0.884172
vt 0.150000 1.000000
vt 0.200000 0.884172
vt 0.200000 1.000000
vt 0.250000 0.884172
vt 0.250000 1.000000
vt 0.800000 0.884172
vt 0.800000 1.000000
vt 0.750000 1.000000
vt 0.750000 0.884172
vt 0.850000 0.884172
vt 0.850000 1.000000
vt 0.900000 0.884172
vt 0.900000 1.000000
vt 0.950000 0.884172
vt 0.950000 1.000000
vt 1.000000 0.884172
vt 1.000000 1.000000
vt 0.100000 0.865056
vt 0.050000 0.865056
vt 0.150000 0.865056
vt -0.000000 1.000000
vt -0.000000 0.884172
vt 0.200000 0.865056
vt 0.250000 0.865056
vt 0.800000 0.865056
vt 0.750000 0.865056
vt 0.850000 0.865056
vt 0.900000 0.865056
vt 0.950000 0.865056
vt 1.000000 0.865056
vt -0.000000 0.865056
vt 0.050000 0.851037
vt -0.000000 0.851037
vt -0.000000 0.837740
vt 0.050000 0.837740
vt 0.100000 0.823721
vt 0.100000 0.837740
vt 0.050000 0.823721
vt 0.150000 0.823721
vt 0.150000 0.837740
vt 0.200000 0.823721
vt 0.200000 0.837740
vt 0.250000 0.823721
vt 0.250000 0.837740
vt 0.800000 0.823721
vt 0.800000 0.837740
vt 0.750000 0.837740
vt 0.750000 0.823721
vt 0.850000 0.823721
vt 0.850000 0.837740
vt 0.900000 0.823721
vt 0.900000 0.837740
vt 0.950000 0.823721
vt 0.950000 0.837740
vt 0.250000 0.449120
vt 0.324164 0.478254
vt 0.250000 0.490000
vt 0.391068 0.444164
vt 0.411092 0.367040
vt 0.444164 0.391068
vt 0.439375 0.311532
vt 0.478254 0.324164
vt 0.449120 0.250000
vt 0.490000 0.250000
vt 0.050880 0.250000
vt 0.060625 0.311532
vt 0.021746 0.324164
vt 0.010000 0.250000
vt 0.088908 0.367040
vt 0.055836 0.391068
vt 0.132960 0.411092
vt 0.108932 0.444164
vt 0.188468 0.439375
vt 0.175836 0.478254
vt 0.250000 0.417850
vt 0.301869 0.409635
vt 0.348660 0.385794
vt 0.385794 0.348660
vt 0.409635 0.301869
vt 0.417850 0.250000
vt 0.082150 0.250000
vt 0.090365 0.301869
vt 0.114206 0.348660
vt 0.151340 0.385794
vt 0.198131 0.409635
vt 0.250000 0.417850
vt 0.301869 0.409635
vt 0.090365 0.301869
vt 0.348660 0.385794
vt 0.114206 0.348660
vt 0.151340 0.385794
vt 0.409635 0.301869
vt 1.000000 0.851037
vt 0.950000 0.851037
vt -0.000000 0.823721
vt 0.900000 0.851037
vt 0.850000 0.851037
vt 0.800000 0.851037
vt 0.750000 0.851037
vt 0.250000 0.851037
vt 0.200000 0.851037
vt 0.150000 0.851037
vt 0.100000 0.851037
vt 0.100000 0.837740
vt 0.150000 0.851037
vt 0.850000 0.851037
vt 0.200000 0.851037
vt 1.000000 0.823721
vt 1.000000 0.837740
vt 0.950000 0.837740
vt 0.114206 0.348660
vt 0.250000 0.417773
vt 0.301845 0.409562
vt 0.250000 0.417772
vt 0.301844 0.409561
vt 0.348615 0.385732
vt 0.348614 0.385730
vt 0.385732 0.348615
vt 0.385730 0.348614
vt 0.409562 0.301845
vt 0.409561 0.301844
vt 0.409635 0.301869
vt 0.417773 0.250000
vt 0.417772 0.250000
vt 0.082226 0.250000
vt 0.090438 0.301845
vt 0.082228 0.250000
vt 0.090439 0.301844
vt 0.114268 0.348615
vt 0.114270 0.348614
vt 0.151385 0.385732
vt 0.151386 0.385730
vt 0.198155 0.409562
vt 0.198156 0.409561
vt 0.250000 0.417881
vt 0.301878 0.409665
vt 0.250000 0.417884
vt 0.301879 0.409667
vt 0.348678 0.385819
vt 0.348680 0.385821
vt 0.385819 0.348678
vt 0.385821 0.348680
vt 0.409665 0.301878
vt 0.409667 0.301879
vt 0.417881 0.250000
vt 0.417884 0.250000
vt 0.082118 0.250000
vt 0.090335 0.301878
vt 0.082116 0.250000
vt 0.090333 0.301879
vt 0.114181 0.348678
vt 0.114179 0.348680
vt 0.151322 0.385819
vt 0.151320 0.385821
vt 0.198122 0.409665
vt 0.198121 0.409667
vt 0.250000 0.382867
vt 0.291058 0.376364
vt 0.328097 0.357492
vt 0.357492 0.328097
vt 0.376364 0.291058
vt 0.382867 0.250000
vt 0.117133 0.250000
vt 0.123636 0.291058
vt 0.142508 0.328097
vt 0.171903 0.357492
vt 0.208942 0.376364
vt 0.117210 0.250000
vt 0.124744 0.291385
vt 0.117439 0.250000
vt 0.128011 0.292347
vt 0.117807 0.250000
vt 0.133275 0.293898
vt 0.164710 0.250000
vt 0.171213 0.291058
vt 0.188670 0.250000
vt 0.195173 0.291058
vt 0.215378 0.250000
vt 0.221881 0.291058
vt 0.243497 0.250000
vt 0.250000 0.291058
vt 0.375256 0.291385
vt 0.382790 0.250000
vt 0.371989 0.292347
vt 0.382561 0.250000
vt 0.366725 0.293898
vt 0.382192 0.250000
vt 0.328787 0.291058
vt 0.335290 0.250000
vt 0.304827 0.291058
vt 0.311330 0.250000
vt 0.278119 0.291058
vt 0.284622 0.250000
vt 0.250000 0.291058
vt 0.256503 0.250000
s 1
usemtl Material.002
f 402/329/335 401/330/336 466/330/336 468/329/335
f 429/331/337 453/332/337 454/333/338 431/334/338
f 427/335/339 452/336/339 453/332/337 429/331/337
f 425/337/340 451/338/340 452/336/339 427/335/339
f 423/339/341 450/340/341 451/338/340 425/337/340
f 419/341/342 448/342/342 449/343/343 421/344/343
f 417/345/344 447/346/344 448/342/342 419/341/342
f 415/347/345 446/348/345 447/346/344 417/345/344
f 413/349/346 444/350/346 446/348/345 415/347/345
f 412/351/347 445/352/347 444/350/346 413/349/346
f 433/353/348 429/331/348 431/334/349 443/354/349
f 434/355/350 427/335/350 429/331/348 433/353/348
f 431/334/338 454/333/338 445/356/347 412/357/347
f 435/358/351 425/337/351 427/335/350 434/355/350
f 436/359/352 423/339/352 425/337/351 435/358/351
f 438/360/353 419/341/353 421/344/354 437/361/354
f 439/362/355 417/345/355 419/341/353 438/360/353
f 440/363/356 415/347/356 417/345/355 439/362/355
f 441/364/357 413/349/357 415/347/356 440/363/356
f 442/365/358 412/351/358 413/349/357 441/364/357
f 443/354/349 431/334/349 412/357/358 442/366/358
f 531/367/359 499/368/360 498/369/360 530/370/359
f 430/371/361 519/372/361 520/370/359 432/373/359
f 428/374/362 517/375/362 519/372/361 430/371/361
f 426/376/363 515/377/363 517/375/362 428/374/362
f 424/378/364 513/379/364 515/377/363 426/376/363
f 420/380/365 509/381/365 511/382/366 422/383/366
f 418/384/367 507/385/367 509/381/365 420/380/365
f 416/386/368 505/387/368 507/385/367 418/384/367
f 521/367/359 443/354/359 442/366/360 500/368/360
f 414/388/369 503/389/369 505/387/368 416/386/368
f 400/390/370 401/330/370 444/391/370 445/392/370
f 401/330/370 402/329/370 446/393/370 444/391/370
f 402/329/370 403/394/370 447/395/370 446/393/370
f 403/394/370 404/396/370 448/397/370 447/395/370
f 404/396/370 405/398/370 449/399/370 448/397/370
f 406/400/370 407/401/370 451/402/370 450/403/370
f 407/401/370 408/404/370 452/405/370 451/402/370
f 408/404/370 409/406/370 453/407/370 452/405/370
f 409/406/370 410/408/370 454/409/370 453/407/370
f 410/408/370 400/390/370 445/392/370 454/409/370
f 408/404/371 407/401/372 473/401/372 474/404/371
f 403/394/373 402/329/335 468/329/335 469/394/373
f 409/406/374 408/404/371 474/404/371 475/406/374
f 404/396/375 403/394/373 469/394/373 470/396/375
f 410/408/376 409/406/374 475/406/374 476/408/376
f 405/398/377 404/396/375 470/396/375 471/398/377
f 400/390/378 410/408/376 476/408/376 467/390/378
f 401/330/336 400/390/378 467/390/378 466/330/336
f 407/401/372 406/400/379 472/400/379 473/401/372
f 456/410/370 455/411/370 466/330/370 467/390/370
f 455/411/370 457/412/370 468/329/370 466/330/370
f 457/412/370 458/413/370 469/394/370 468/329/370
f 458/413/370 459/414/370 470/396/370 469/394/370
f 459/414/370 460/415/370 471/398/370 470/396/370
f 461/416/370 462/417/370 473/401/370 472/400/370
f 462/417/370 463/418/370 474/404/370 473/401/370
f 463/418/370 464/419/370 475/406/370 474/404/370
f 464/419/370 465/420/370 476/408/370 475/406/370
f 465/420/370 456/410/370 467/390/370 476/408/370
f 455/411/380 456/410/381 478/421/381 477/422/380
f 462/417/382 461/416/383 483/416/383 484/423/382
f 457/412/384 455/411/380 477/422/380 479/424/384
f 463/418/385 462/417/382 484/423/382 485/425/385
f 458/413/386 457/412/384 479/424/384 480/413/386
f 464/419/387 463/418/385 485/425/385 486/426/387
f 459/414/388 458/413/386 480/413/386 481/427/388
f 465/420/389 464/419/387 486/426/387 487/420/389
f 460/415/390 459/414/388 481/427/388 482/415/390
f 456/410/381 465/420/389 487/420/389 478/421/381
f 500/428/360 442/365/360 441/364/369 502/429/369
f 432/373/359 520/370/359 501/369/360 411/430/360
f 502/429/369 441/364/369 440/363/368 504/431/368
f 504/431/368 440/363/368 439/362/367 506/432/367
f 506/432/367 439/362/367 438/360/365 508/433/365
f 508/433/365 438/360/365 437/361/366 510/434/366
f 512/435/364 436/359/364 435/358/363 514/436/363
f 514/436/363 435/358/363 434/355/362 516/437/362
f 516/437/362 434/355/362 433/353/361 518/438/361
f 518/438/361 433/353/361 443/354/359 521/367/359
f 500/428/391 502/429/392 497/429/392 499/428/391
f 519/372/393 517/375/394 527/375/394 529/439/393
f 501/369/395 520/370/396 530/370/396 498/369/395
f 508/433/397 510/434/398 489/434/398 491/433/397
f 509/381/399 507/385/400 492/385/400 490/381/399
f 516/437/401 518/438/402 528/438/402 526/440/401
f 521/367/403 500/368/391 499/368/391 531/367/403
f 517/375/394 515/377/404 525/377/404 527/375/394
f 506/432/405 508/433/397 491/433/397 493/441/405
f 507/385/400 505/387/406 494/387/406 492/385/400
f 514/436/407 516/437/401 526/440/401 524/442/407
f 411/443/360 501/444/360 503/389/369 414/388/369
f 499/428/360 497/429/369 496/445/369 498/444/360
f 497/429/369 495/431/368 494/387/368 496/445/369
f 495/431/368 493/441/367 492/385/367 494/387/368
f 493/441/367 491/433/365 490/381/365 492/385/367
f 491/433/365 489/434/366 488/382/366 490/381/365
f 522/435/364 524/442/363 525/377/363 523/379/364
f 524/442/363 526/440/362 527/375/362 525/377/363
f 526/440/362 528/438/361 529/439/361 527/375/362
f 528/438/361 531/367/359 530/370/359 529/439/361
f 518/438/402 521/367/403 531/367/403 528/438/402
f 511/382/408 509/381/399 490/381/399 488/382/408
f 520/370/396 519/372/393 529/439/393 530/370/396
f 503/389/409 501/444/395 498/444/395 496/445/409
f 502/429/392 504/431/410 495/431/410 497/429/392
f 512/435/411 514/436/407 524/442/407 522/435/411
f 505/387/406 503/389/409 496/445/409 494/387/406
f 504/431/410 506/432/405 493/441/405 495/431/410
f 515/377/404 513/379/412 523/379/412 525/377/404
f 477/422/370 478/421/370 487/420/370 486/426/370 485/425/370 484/423/370 483/416/370 482/415/370 481/427/370 480/413/370 479/424/370
f 432/373/542 411/443/542 414/388/542 416/386/542 418/384/542 420/380/542 422/383/542 424/378/542 426/376/542 428/374/542 430/371/542
f 676/329/437 730/329/437 728/330/439 675/330/439
f 697/331/543 699/334/544 718/333/544 717/332/543
f 695/335/545 697/331/543 717/332/543 716/336/545
f 693/337/546 695/335/545 716/336/545 715/338/546
f 423/339/341 693/337/546 715/338/546 450/340/341
f 691/341/547 421/344/343 449/343/343 714/342/547
f 689/345/548 691/341/547 714/342/547 713/346/548
f 687/347/549 689/345/548 713/346/548 712/348/549
f 685/349/550 687/347/549 712/348/549 710/350/550
f 684/351/551 685/349/550 710/350/550 711/352/551
f 701/353/552 709/354/553 699/334/553 697/331/552
f 702/355/554 701/353/552 697/331/552 695/335/554
f 699/334/544 684/357/551 711/356/551 718/333/544
f 703/358/555 702/355/554 695/335/554 693/337/555
f 436/359/352 703/358/555 693/337/555 423/339/352
f 704/360/556 437/361/354 421/344/354 691/341/556
f 705/362/557 704/360/556 691/341/556 689/345/557
f 706/363/558 705/362/557 689/345/557 687/347/558
f 707/364/559 706/363/558 687/347/558 685/349/559
f 708/365/560 707/364/559 685/349/559 684/351/560
f 709/354/553 708/366/560 684/357/560 699/334/553
f 781/367/561 780/370/561 754/369/562 755/368/562
f 698/371/563 700/373/561 772/370/561 771/372/563
f 696/374/564 698/371/563 771/372/563 769/375/564
f 694/376/565 696/374/564 769/375/564 767/377/565
f 424/378/364 694/376/565 767/377/565 513/379/364
f 692/380/566 422/383/366 511/382/366 765/381/566
f 690/384/567 692/380/566 765/381/566 763/385/567
f 688/386/568 690/384/567 763/385/567 761/387/568
f 773/367/561 756/368/562 708/366/562 709/354/561
f 686/388/569 688/386/568 761/387/568 759/389/569
f 674/390/370 711/392/370 710/391/370 675/330/370
f 675/330/370 710/391/370 712/393/370 676/329/370
f 676/329/370 712/393/370 713/395/370 677/394/370
f 677/394/370 713/395/370 714/397/370 678/396/370
f 678/396/370 714/397/370 449/399/370 405/398/370
f 406/400/370 450/403/370 715/402/370 679/401/370
f 679/401/370 715/402/370 716/405/370 680/404/370
f 680/404/370 716/405/370 717/407/370 681/406/370
f 681/406/370 717/407/370 718/409/370 682/408/370
f 682/408/370 718/409/370 711/392/370 674/390/370
f 680/404/435 734/404/435 733/401/438 679/401/438
f 677/394/433 731/394/433 730/329/437 676/329/437
f 681/406/436 735/406/436 734/404/435 680/404/435
f 678/396/434 732/396/434 731/394/433 677/394/433
f 682/408/424 736/408/424 735/406/436 681/406/436
f 405/398/377 471/398/377 732/396/434 678/396/434
f 674/390/425 729/390/425 736/408/424 682/408/424
f 675/330/439 728/330/439 729/390/425 674/390/425
f 679/401/438 733/401/438 472/400/379 406/400/379
f 720/410/370 729/390/370 728/330/370 719/411/370
f 719/411/370 728/330/370 730/329/370 721/412/370
f 721/412/370 730/329/370 731/394/370 722/413/370
f 722/413/370 731/394/370 732/396/370 723/414/370
f 723/414/370 732/396/370 471/398/370 460/415/370
f 461/416/370 472/400/370 733/401/370 724/417/370
f 724/417/370 733/401/370 734/404/370 725/418/370
f 725/418/370 734/404/370 735/406/370 726/419/370
f 726/419/370 735/406/370 736/408/370 727/420/370
f 727/420/370 736/408/370 729/390/370 720/410/370
f 719/411/570 737/422/570 738/421/571 720/410/571
f 724/417/572 742/423/572 483/416/383 461/416/383
f 721/412/573 739/424/573 737/422/570 719/411/570
f 725/418/574 743/425/574 742/423/572 724/417/572
f 722/413/575 740/413/575 739/424/573 721/412/573
f 726/419/576 744/426/576 743/425/574 725/418/574
f 723/414/577 741/427/577 740/413/575 722/413/575
f 727/420/578 745/420/578 744/426/576 726/419/576
f 460/415/390 482/415/390 741/427/577 723/414/577
f 720/410/571 738/421/571 745/420/578 727/420/578
f 756/428/562 758/429/569 707/364/569 708/365/562
f 700/373/561 683/430/562 757/369/562 772/370/561
f 758/429/569 760/431/568 706/363/568 707/364/569
f 760/431/568 762/432/567 705/362/567 706/363/568
f 762/432/567 764/433/566 704/360/566 705/362/567
f 764/433/566 510/434/366 437/361/366 704/360/566
f 512/435/364 766/436/565 703/358/565 436/359/364
f 766/436/565 768/437/564 702/355/564 703/358/565
f 768/437/564 770/438/563 701/353/563 702/355/564
f 770/438/563 773/367/561 709/354/561 701/353/563
f 756/428/579 755/428/579 753/429/580 758/429/580
f 771/372/581 779/439/581 777/375/582 769/375/582
f 757/369/583 754/369/583 780/370/584 772/370/584
f 764/433/585 747/433/585 489/434/398 510/434/398
f 765/381/586 746/381/586 748/385/587 763/385/587
f 768/437/588 776/440/588 778/438/589 770/438/589
f 773/367/590 781/367/590 755/368/579 756/368/579
f 769/375/582 777/375/582 775/377/591 767/377/591
f 762/432/592 749/441/592 747/433/585 764/433/585
f 763/385/587 748/385/587 750/387/593 761/387/593
f 766/436/594 774/442/594 776/440/588 768/437/588
f 683/443/562 686/388/569 759/389/569 757/444/562
f 755/428/562 754/444/562 752/445/569 753/429/569
f 753/429/569 752/445/569 750/387/568 751/431/568
f 751/431/568 750/387/568 748/385/567 749/441/567
f 749/441/567 748/385/567 746/381/566 747/433/566
f 747/433/566 746/381/566 488/382/366 489/434/366
f 522/435/364 523/379/364 775/377/565 774/442/565
f 774/442/565 775/377/565 777/375/564 776/440/564
f 776/440/564 777/375/564 779/439/563 778/438/563
f 778/438/563 779/439/563 780/370/561 781/367/561
f 770/438/589 778/438/589 781/367/590 773/367/590
f 511/382/408 488/382/408 746/381/586 765/381/586
f 772/370/584 780/370/584 779/439/581 771/372/581
f 759/389/595 752/445/595 754/444/583 757/444/583
f 758/429/580 753/429/580 751/431/596 760/431/596
f 512/435/411 522/435/411 774/442/594 766/436/594
f 761/387/593 750/387/593 752/445/595 759/389/595
f 760/431/596 751/431/596 749/441/592 762/432/592
f 767/377/591 775/377/591 523/379/412 513/379/412
f 737/422/370 739/424/370 740/413/370 741/427/370 482/415/370 483/416/370 742/423/370 743/425/370 744/426/370 745/420/370 738/421/370
f 700/373/542 698/371/542 696/374/542 694/376/542 424/378/542 422/383/542 692/380/542 690/384/542 688/386/542 686/388/542 683/443/542
usemtl Material.001
f 616/423/413 612/416/414 637/416/414 638/423/415
f 620/425/416 616/423/413 638/423/415 639/425/417
f 598/424/418 592/422/419 631/422/420 633/424/421
f 624/426/422 620/425/416 639/425/417 640/426/423
f 532/422/424 533/421/425 558/421/425 555/422/424
f 627/420/426 624/426/422 640/426/423 641/420/427
f 609/415/428 605/427/429 635/427/430 636/415/428
f 605/427/429 602/413/431 634/413/432 635/427/430
f 602/413/431 598/424/418 633/424/421 634/413/432
f 540/425/433 539/423/434 579/423/434 582/446/433
f 535/413/435 534/424/436 562/424/436 566/413/435
f 541/426/437 540/425/433 582/446/433 586/426/437
f 536/427/438 535/413/435 566/413/435 569/427/438
f 542/420/439 541/426/437 586/426/437 589/420/439
f 537/415/379 536/427/438 569/427/438 573/415/379
f 533/421/425 542/420/439 589/420/439 558/421/425
f 534/424/436 532/422/424 555/422/424 562/424/436
f 539/423/434 538/416/377 576/416/377 579/423/434
f 595/421/440 627/420/426 641/420/427 632/421/441
f 555/422/442 558/421/443 560/447/444 557/448/445
f 557/448/445 560/447/444 561/449/446 556/450/447
f 556/450/447 561/449/446 559/421/448 554/422/449
f 562/424/450 555/422/442 557/448/445 564/451/451
f 564/451/451 557/448/445 556/450/447 563/452/452
f 563/452/452 556/450/447 554/422/449 599/424/453
f 566/413/454 562/424/450 564/451/451 568/453/455
f 568/453/455 564/451/451 563/452/452 567/454/456
f 567/454/456 563/452/452 599/424/453 565/413/457
f 569/427/458 566/413/454 568/453/455 571/455/459
f 571/455/459 568/453/455 567/454/456 570/456/460
f 570/456/460 567/454/456 565/413/457 606/457/461
f 573/415/462 569/427/458 571/455/459 575/458/463
f 575/458/463 571/455/459 570/456/460 574/459/464
f 574/459/464 570/456/460 606/457/461 572/415/465
f 579/423/466 576/416/467 578/460/468 581/461/469
f 581/461/469 578/460/468 577/462/470 580/463/471
f 580/463/471 577/462/470 613/416/472 617/423/473
f 582/446/474 579/423/466 581/461/469 584/464/475
f 584/464/475 581/461/469 580/463/471 583/465/476
f 583/465/476 580/463/471 617/423/473 621/425/477
f 586/426/478 582/446/474 584/464/475 588/466/479
f 588/466/479 584/464/475 583/465/476 587/467/480
f 587/467/480 583/465/476 621/425/477 585/426/481
f 589/420/482 586/426/478 588/466/479 591/468/483
f 591/468/483 588/466/479 587/467/480 590/469/484
f 590/469/484 587/467/480 585/426/481 628/420/485
f 558/421/443 589/420/482 591/468/483 560/447/444
f 560/447/444 591/468/483 590/469/484 561/449/446
f 561/449/446 590/469/484 628/420/485 559/421/448
f 592/422/419 595/421/440 632/421/441 631/422/420
f 554/422/449 559/421/448 596/470/486 594/471/487
f 594/471/487 596/470/486 597/472/488 593/473/489
f 593/473/489 597/472/488 595/421/443 592/422/442
f 599/424/453 554/422/449 594/471/487 601/474/490
f 601/474/490 594/471/487 593/473/489 600/475/491
f 600/475/491 593/473/489 592/422/442 598/424/450
f 565/413/457 599/424/453 601/474/490 604/476/492
f 604/476/492 601/474/490 600/475/491 603/477/493
f 603/477/493 600/475/491 598/424/450 602/413/454
f 606/457/461 565/413/457 604/476/492 608/478/494
f 608/478/494 604/476/492 603/477/493 607/479/495
f 607/479/495 603/477/493 602/413/454 605/427/458
f 572/415/465 606/457/461 608/478/494 611/480/496
f 611/480/496 608/478/494 607/479/495 610/481/497
f 610/481/497 607/479/495 605/427/458 609/415/462
f 617/423/473 613/416/472 615/482/498 619/483/499
f 619/483/499 615/482/498 614/484/500 618/485/501
f 618/485/501 614/484/500 612/416/467 616/423/466
f 621/425/477 617/423/473 619/483/499 623/486/502
f 623/486/502 619/483/499 618/485/501 622/487/503
f 622/487/503 618/485/501 616/423/466 620/425/474
f 585/426/481 621/425/477 623/486/502 626/488/504
f 626/488/504 623/486/502 622/487/503 625/489/505
f 625/489/505 622/487/503 620/425/474 624/426/478
f 628/420/485 585/426/481 626/488/504 630/490/506
f 630/490/506 626/488/504 625/489/505 629/491/507
f 629/491/507 625/489/505 624/426/478 627/420/482
f 559/421/448 628/420/485 630/490/506 596/470/486
f 596/470/486 630/490/506 629/491/507 597/472/488
f 597/472/488 629/491/507 627/420/482 595/421/443
f 544/492/370 543/493/370 631/422/370 632/421/370
f 543/493/370 545/494/370 633/424/370 631/422/370
f 545/494/370 546/495/370 634/413/370 633/424/370
f 546/495/370 547/496/370 635/427/370 634/413/370
f 547/496/370 548/497/370 636/415/370 635/427/370
f 549/498/370 550/499/370 638/423/370 637/416/370
f 550/499/370 551/500/370 639/425/370 638/423/370
f 551/500/370 552/501/370 640/426/370 639/425/370
f 552/501/370 553/502/370 641/420/370 640/426/370
f 553/502/370 544/492/370 632/421/370 641/420/370
f 548/497/379 547/496/508 659/496/508 667/497/379
f 550/499/509 549/498/377 651/498/377 642/499/509
f 543/493/370 544/492/370 553/502/370 552/501/370 551/500/370 550/499/370 547/496/370 546/495/370 545/494/370
f 642/499/510 651/498/511 657/503/512 644/504/513
f 644/504/513 657/503/512 656/505/514 645/506/515
f 645/506/515 656/505/514 655/507/516 646/508/517
f 646/508/517 655/507/516 654/509/518 647/510/519
f 647/510/519 654/509/518 653/511/520 648/512/521
f 648/512/521 653/511/520 652/513/522 649/514/523
f 649/514/523 652/513/522 650/515/524 643/516/525
f 667/497/526 659/496/527 665/517/528 673/518/529
f 673/518/529 665/517/528 664/519/530 672/520/531
f 672/520/531 664/519/530 663/521/532 671/522/533
f 671/522/533 663/521/532 662/523/534 670/524/535
f 670/524/535 662/523/534 661/525/536 669/526/537
f 669/526/537 661/525/536 660/527/538 668/528/539
f 668/528/539 660/527/538 658/529/540 666/530/541
f 547/496/425 550/499/425 642/499/425 644/504/425 645/506/425 646/508/425 647/510/425 648/512/425 649/514/425 643/516/425 658/529/425 660/527/425 661/525/425 662/523/425 663/521/425 664/519/425 665/517/425 659/496/425
f 658/529/370 643/516/370 650/515/370 666/530/370
f 532/422/542 534/424/542 535/413/542 536/427/542 537/415/542 538/416/542 539/423/542 540/425/542 541/426/542 542/420/542 533/421/542
f 848/423/597 868/423/598 637/416/414 612/416/414
f 852/425/599 869/425/600 868/423/598 848/423/597
f 837/424/601 865/424/602 863/422/603 831/422/604
f 856/426/605 870/426/606 869/425/600 852/425/599
f 782/422/376 801/422/376 804/421/378 783/421/378
f 859/420/607 871/420/608 870/426/606 856/426/605
f 609/415/428 636/415/428 867/427/609 844/427/610
f 844/427/610 867/427/609 866/413/611 841/413/612
f 841/413/612 866/413/611 865/424/602 837/424/601
f 788/425/373 821/446/373 818/423/375 787/423/375
f 785/413/371 812/413/371 808/424/374 784/424/374
f 789/426/335 825/426/335 821/446/373 788/425/373
f 786/427/372 815/427/372 812/413/371 785/413/371
f 790/420/336 828/420/336 825/426/335 789/426/335
f 537/415/379 573/415/379 815/427/372 786/427/372
f 783/421/378 804/421/378 828/420/336 790/420/336
f 784/424/374 808/424/374 801/422/376 782/422/376
f 787/423/375 818/423/375 576/416/377 538/416/377
f 834/421/613 864/421/614 871/420/608 859/420/607
f 801/422/615 803/448/616 806/447/617 804/421/618
f 803/448/616 802/450/619 807/449/620 806/447/617
f 802/450/619 800/422/621 805/421/622 807/449/620
f 808/424/623 810/451/624 803/448/616 801/422/615
f 810/451/624 809/452/625 802/450/619 803/448/616
f 809/452/625 838/424/626 800/422/621 802/450/619
f 812/413/627 814/453/628 810/451/624 808/424/623
f 814/453/628 813/454/629 809/452/625 810/451/624
f 813/454/629 811/413/630 838/424/626 809/452/625
f 815/427/631 817/455/632 814/453/628 812/413/627
f 817/455/632 816/456/633 813/454/629 814/453/628
f 816/456/633 845/457/634 811/413/630 813/454/629
f 573/415/462 575/458/463 817/455/632 815/427/631
f 575/458/463 574/459/464 816/456/633 817/455/632
f 574/459/464 572/415/465 845/457/634 816/456/633
f 818/423/635 820/461/636 578/460/468 576/416/467
f 820/461/636 819/463/637 577/462/470 578/460/468
f 819/463/637 849/423/638 613/416/472 577/462/470
f 821/446/639 823/464/640 820/461/636 818/423/635
f 823/464/640 822/465/641 819/463/637 820/461/636
f 822/465/641 853/425/642 849/423/638 819/463/637
f 825/426/643 827/466/644 823/464/640 821/446/639
f 827/466/644 826/467/645 822/465/641 823/464/640
f 826/467/645 824/426/646 853/425/642 822/465/641
f 828/420/647 830/468/648 827/466/644 825/426/643
f 830/468/648 829/469/649 826/467/645 827/466/644
f 829/469/649 860/420/650 824/426/646 826/467/645
f 804/421/618 806/447/617 830/468/648 828/420/647
f 806/447/617 807/449/620 829/469/649 830/468/648
f 807/449/620 805/421/622 860/420/650 829/469/649
f 831/422/604 863/422/603 864/421/614 834/421/613
f 800/422/621 833/471/651 835/470/652 805/421/622
f 833/471/651 832/473/653 836/472/654 835/470/652
f 832/473/653 831/422/615 834/421/618 836/472/654
f 838/424/626 840/474/655 833/471/651 800/422/621
f 840/474/655 839/475/656 832/473/653 833/471/651
f 839/475/656 837/424/623 831/422/615 832/473/653
f 811/413/630 843/476/657 840/474/655 838/424/626
f 843/476/657 842/477/658 839/475/656 840/474/655
f 842/477/658 841/413/627 837/424/623 839/475/656
f 845/457/634 847/478/659 843/476/657 811/413/630
f 847/478/659 846/479/660 842/477/658 843/476/657
f 846/479/660 844/427/631 841/413/627 842/477/658
f 572/415/465 611/480/496 847/478/659 845/457/634
f 611/480/496 610/481/497 846/479/660 847/478/659
f 610/481/497 609/415/462 844/427/631 846/479/660
f 849/423/638 851/483/661 615/482/498 613/416/472
f 851/483/661 850/485/662 614/484/500 615/482/498
f 850/485/662 848/423/635 612/416/467 614/484/500
f 853/425/642 855/486/663 851/483/661 849/423/638
f 855/486/663 854/487/664 850/485/662 851/483/661
f 854/487/664 852/425/639 848/423/635 850/485/662
f 824/426/646 858/488/665 855/486/663 853/425/642
f 858/488/665 857/489/666 854/487/664 855/486/663
f 857/489/666 856/426/643 852/425/639 854/487/664
f 860/420/650 862/490/667 858/488/665 824/426/646
f 862/490/667 861/491/668 857/489/666 858/488/665
f 861/491/668 859/420/647 856/426/643 857/489/666
f 805/421/622 835/470/652 862/490/667 860/420/650
f 835/470/652 836/472/654 861/491/668 862/490/667
f 836/472/654 834/421/618 859/420/647 861/491/668
f 792/492/370 864/421/370 863/422/370 791/493/370
f 791/493/370 863/422/370 865/424/370 793/494/370
f 793/494/370 865/424/370 866/413/370 794/495/370
f 794/495/370 866/413/370 867/427/370 795/496/370
f 795/496/370 867/427/370 636/415/370 548/497/370
f 549/498/370 637/416/370 868/423/370 796/499/370
f 796/499/370 868/423/370 869/425/370 797/500/370
f 797/500/370 869/425/370 870/426/370 798/501/370
f 798/501/370 870/426/370 871/420/370 799/502/370
f 799/502/370 871/420/370 864/421/370 792/492/370
f 548/497/379 667/497/379 881/496/669 795/496/669
f 796/499/670 872/499/670 651/498/377 549/498/377
f 791/493/370 793/494/370 794/495/370 795/496/370 796/499/370 797/500/370 798/501/370 799/502/370 792/492/370
f 872/499/671 874/504/672 657/503/512 651/498/511
f 874/504/672 875/506/673 656/505/514 657/503/512
f 875/506/673 876/508/674 655/507/516 656/505/514
f 876/508/674 877/510/675 654/509/518 655/507/516
f 877/510/675 878/512/676 653/511/520 654/509/518
f 878/512/676 879/514/677 652/513/522 653/511/520
f 879/514/677 873/516/678 650/515/524 652/513/522
f 667/497/526 673/518/529 887/517/679 881/496/680
f 673/518/529 672/520/531 886/519/681 887/517/679
f 672/520/531 671/522/533 885/521/682 886/519/681
f 671/522/533 670/524/535 884/523/683 885/521/682
f 670/524/535 669/526/537 883/525/684 884/523/683
f 669/526/537 668/528/539 882/527/685 883/525/684
f 668/528/539 666/530/541 880/529/686 882/527/685
f 795/496/378 881/496/378 887/517/378 886/519/378 885/521/378 884/523/378 883/525/378 882/527/378 880/529/378 873/516/378 879/514/378 878/512/378 877/510/378 876/508/378 875/506/378 874/504/378 872/499/378 796/499/378
f 880/529/370 666/530/370 650/515/370 873/516/370
f 782/422/542 783/421/542 790/420/542 789/426/542 788/425/542 787/423/542 538/416/542 537/415/542 786/427/542 785/413/542 784/424/542
o Cylinder.016
v -0.795968 0.745041 -1.035032
v -0.813008 0.740980 -1.039851
v -0.816418 0.742137 -1.017113
v -0.798655 0.745953 -1.017113
v -0.788168 0.742395 -1.051196
v -0.803110 0.737623 -1.060364
v -0.776019 0.738274 -1.064025
v -0.787694 0.732394 -1.076642
v -0.760711 0.733082 -1.072261
v -0.768269 0.725804 -1.087095
v -0.743742 0.727326 -1.075099
v -0.746736 0.718500 -1.090696
v -0.726773 0.721570 -1.072261
v -0.725203 0.711196 -1.087095
v -0.711465 0.716377 -1.064025
v -0.705778 0.704607 -1.076642
v -0.699317 0.712256 -1.051196
v -0.690362 0.699378 -1.060364
v -0.691517 0.709611 -1.035032
v -0.680464 0.696020 -1.039851
v -0.688830 0.708699 -1.017113
v -0.677054 0.694864 -1.017113
v -0.691517 0.709611 -0.999194
v -0.680464 0.696020 -0.994375
v -0.699317 0.712256 -0.983030
v -0.690362 0.699378 -0.973863
v -0.711465 0.716377 -0.970201
v -0.705778 0.704607 -0.957584
v -0.726773 0.721570 -0.961965
v -0.725203 0.711196 -0.947132
v -0.743742 0.727326 -0.959127
v -0.746736 0.718500 -0.943530
v -0.760711 0.733082 -0.961965
v -0.768269 0.725804 -0.947132
v -0.776019 0.738274 -0.970201
v -0.787694 0.732394 -0.957584
v -0.788168 0.742395 -0.983030
v -0.803110 0.737623 -0.973863
v -0.795968 0.745041 -0.999194
v -0.813008 0.740980 -0.994375
v -0.804565 0.747957 -1.017113
v -0.801588 0.746948 -1.036960
v -0.792949 0.744017 -1.054865
v -0.779493 0.739453 -1.069074
v -0.762538 0.733701 -1.078196
v -0.743742 0.727326 -1.081340
v -0.724947 0.720950 -1.078196
v -0.707992 0.715199 -1.069074
v -0.694536 0.710635 -1.054865
v -0.685897 0.707704 -1.036960
v -0.682920 0.706694 -1.017113
v -0.685897 0.707704 -0.997266
v -0.694536 0.710635 -0.979362
v -0.707992 0.715199 -0.965153
v -0.724947 0.720950 -0.956030
v -0.743742 0.727326 -0.952886
v -0.762538 0.733701 -0.956030
v -0.779493 0.739453 -0.965153
v -0.792949 0.744017 -0.979362
v -0.801588 0.746948 -0.997266
v -0.794364 0.733675 -1.017113
v -0.792048 0.732889 -1.032557
v -0.785325 0.730609 -1.046490
v -0.774854 0.727057 -1.057546
v -0.761660 0.722582 -1.064645
v -0.747034 0.717621 -1.067091
v -0.732409 0.712659 -1.064645
v -0.719215 0.708184 -1.057546
v -0.708744 0.704632 -1.046490
v -0.702021 0.702352 -1.032557
v -0.699705 0.701566 -1.017113
v -0.702021 0.702352 -1.001669
v -0.708744 0.704632 -0.987737
v -0.719215 0.708184 -0.976680
v -0.732409 0.712659 -0.969581
v -0.747034 0.717621 -0.967135
v -0.761660 0.722582 -0.969581
v -0.774854 0.727057 -0.976680
v -0.785325 0.730609 -0.987737
v -0.792048 0.732889 -1.001669
v -0.801947 0.736247 -1.017113
v -0.799260 0.735336 -1.035032
v -0.791460 0.732690 -1.051196
v -0.779312 0.728569 -1.064025
v -0.764004 0.723377 -1.072261
v -0.747034 0.717621 -1.075099
v -0.730065 0.711865 -1.072261
v -0.714758 0.706672 -1.064025
v -0.702609 0.702551 -1.051196
v -0.694809 0.699905 -1.035032
v -0.692122 0.698994 -1.017113
v -0.694809 0.699905 -0.999194
v -0.702609 0.702551 -0.983030
v -0.714758 0.706672 -0.970201
v -0.730065 0.711865 -0.961965
v -0.747034 0.717621 -0.959127
v -0.764004 0.723377 -0.961965
v -0.779312 0.728569 -0.970201
v -0.791460 0.732690 -0.983030
v -0.799260 0.735336 -0.999194
v -0.783475 0.748613 -1.017113
v -0.781414 0.747914 -1.030854
v -0.775433 0.745885 -1.043249
v -0.766117 0.742725 -1.053086
v -0.754379 0.738744 -1.059402
v -0.741367 0.734330 -1.061578
v -0.728354 0.729916 -1.059402
v -0.716616 0.725934 -1.053086
v -0.707300 0.722774 -1.043249
v -0.701319 0.720745 -1.030854
v -0.699258 0.720046 -1.017113
v -0.701319 0.720745 -1.003373
v -0.707300 0.722774 -0.990977
v -0.716616 0.725934 -0.981140
v -0.728354 0.729916 -0.974824
v -0.741367 0.734330 -0.972648
v -0.754379 0.738744 -0.974824
v -0.766117 0.742725 -0.981140
v -0.775433 0.745885 -0.990977
v -0.781414 0.747914 -1.003373
v -1.184134 -0.409877 -1.054710
v -1.187477 -0.425754 -1.053306
v -1.187303 -0.441665 -1.049472
v -1.183621 -0.456525 -1.043471
v -1.170733 -0.414423 -1.068861
v -1.174577 -0.430130 -1.066928
v -1.175769 -0.445577 -1.061651
v -1.174226 -0.459712 -1.053392
v -1.170055 -0.471572 -1.042711
v -1.153847 -0.420151 -1.077947
v -1.158322 -0.435643 -1.075674
v -1.161235 -0.450507 -1.069472
v -1.162388 -0.463728 -1.059762
v -1.161702 -0.474405 -1.047206
v -1.135128 -0.426500 -1.081078
v -1.140303 -0.441756 -1.078688
v -1.145125 -0.455972 -1.072166
v -1.149266 -0.468179 -1.061956
v -1.152443 -0.477546 -1.048755
v -1.116409 -0.432850 -1.077947
v -1.122284 -0.447868 -1.075674
v -1.129014 -0.461436 -1.069472
v -1.136143 -0.472630 -1.059762
v -1.143184 -0.480687 -1.047206
v -1.099524 -0.438578 -1.068861
v -1.106029 -0.453382 -1.066928
v -1.114481 -0.466366 -1.061651
v -1.124305 -0.476646 -1.053392
v -1.134831 -0.483520 -1.042711
v -1.086123 -0.443123 -1.054710
v -1.093128 -0.457758 -1.053306
v -1.102947 -0.470279 -1.049472
v -1.114910 -0.479833 -1.043471
v -1.086123 -0.443123 -0.979516
v -1.093128 -0.457758 -0.980921
v -1.102947 -0.470279 -0.984754
v -1.114910 -0.479833 -0.990755
v -1.099524 -0.438578 -0.965365
v -1.106029 -0.453382 -0.967299
v -1.114481 -0.466366 -0.972575
v -1.124305 -0.476646 -0.980835
v -1.134831 -0.483520 -0.991515
v -1.116409 -0.432850 -0.956279
v -1.122284 -0.447868 -0.958552
v -1.129014 -0.461436 -0.964755
v -1.136143 -0.472630 -0.974465
v -1.143184 -0.480687 -0.987020
v -1.135128 -0.426500 -0.953148
v -1.140303 -0.441756 -0.955538
v -1.145125 -0.455972 -0.962060
v -1.149266 -0.468179 -0.972270
v -1.152443 -0.477546 -0.985472
v -1.153847 -0.420151 -0.956279
v -1.158322 -0.435643 -0.958552
v -1.161235 -0.450507 -0.964755
v -1.162388 -0.463728 -0.974465
v -1.161702 -0.474405 -0.987020
v -1.170733 -0.414423 -0.965365
v -1.174577 -0.430130 -0.967299
v -1.175769 -0.445577 -0.972575
v -1.174226 -0.459712 -0.980835
v -1.170055 -0.471572 -0.991515
v -1.184134 -0.409877 -0.979516
v -1.187477 -0.425754 -0.980921
v -1.187303 -0.441665 -0.984754
v -1.183621 -0.456525 -0.990755
v -1.067374 -0.426423 -1.017113
v -1.185234 -0.386444 -0.995957
v -1.070992 -0.425196 -0.995957
v -1.070347 -0.425414 -0.997293
v -1.085873 -0.460219 -0.995957
v -1.097542 -0.472112 -0.995957
v -1.112401 -0.480684 -0.995957
v -1.138605 -0.484597 -0.995957
v -1.130625 -0.484947 -0.995957
v -1.160179 -0.478956 -0.995957
v -1.167716 -0.474723 -0.995957
v -1.153813 -0.481583 -0.995957
v -1.147161 -0.483372 -0.995957
v -1.123819 -0.483811 -0.995957
v -1.174261 -0.470145 -0.995957
v -1.070347 -0.425414 -1.036933
v -1.185879 -0.386225 -1.036933
v -1.188852 -0.385217 -1.017113
v -1.185879 -0.386225 -0.997293
v -1.070992 -0.425196 -1.038270
v -1.185234 -0.386444 -1.038270
v -1.192067 -0.407186 -0.995957
v -1.078190 -0.445814 -0.995957
v -1.194732 -0.423293 -0.995957
v -1.192708 -0.439831 -0.995957
v -1.186131 -0.455674 -0.995957
v -1.178972 -0.465103 -0.995957
v -1.078190 -0.445814 -1.038270
v -1.085873 -0.460219 -1.038270
v -1.097542 -0.472112 -1.038270
v -1.192067 -0.407186 -1.038270
v -1.194732 -0.423293 -1.038270
v -1.192708 -0.439831 -1.038270
v -1.186131 -0.455674 -1.038270
v -1.112401 -0.480684 -1.038270
v -1.130625 -0.484947 -1.038270
v -1.123819 -0.483811 -1.038270
v -1.178972 -0.465103 -1.038270
v -1.174261 -0.470145 -1.038270
v -1.160179 -0.478956 -1.038270
v -1.153813 -0.481583 -1.038270
v -1.147161 -0.483372 -1.038270
v -1.167716 -0.474723 -1.038270
v -1.138605 -0.484597 -1.038270
vn 0.7661 -0.2599 -0.5878
vn 0.5566 -0.1888 -0.8090
vn -0.4081 0.8865 -0.2181
vn -0.4408 0.8976 -0.0000
vn -0.3131 0.8543 -0.4148
vn -0.1653 0.8042 -0.5710
vn 0.0211 0.7410 -0.6712
vn 0.2276 0.6709 -0.7057
vn 0.4341 0.6009 -0.6712
vn 0.6204 0.5377 -0.5710
vn 0.7683 0.4875 -0.4148
vn 0.8632 0.4553 -0.2181
vn 0.8959 0.4442 -0.0000
vn 0.8632 0.4553 0.2181
vn 0.7683 0.4875 0.4148
vn 0.6204 0.5377 0.5710
vn 0.4341 0.6009 0.6712
vn 0.2276 0.6709 0.7057
vn 0.0211 0.7410 0.6712
vn -0.1653 0.8042 0.5710
vn -0.3131 0.8543 0.4148
vn -0.4081 0.8865 0.2181
vn 0.3212 0.9470 -0.0000
vn 0.6271 0.1022 -0.7722
vn 0.3751 0.1877 -0.9078
vn -0.9007 0.3055 -0.3090
vn -0.9470 0.3212 -0.0000
vn 0.2926 -0.0993 0.9511
vn 0.5566 -0.1888 0.8090
vn 0.9007 -0.3055 -0.3090
vn -0.7661 0.2599 -0.5878
vn -0.0000 -0.0000 1.0000
vn 0.9470 -0.3212 -0.0000
vn -0.5566 0.1888 -0.8090
vn -0.2926 0.0993 0.9511
vn -0.2926 0.0993 -0.9511
vn -0.5566 0.1888 0.8090
vn -0.0000 -0.0000 -1.0000
vn -0.7661 0.2599 0.5878
vn 0.9007 -0.3055 0.3090
vn 0.2926 -0.0993 -0.9511
vn -0.9007 0.3055 0.3090
vn 0.7661 -0.2599 0.5878
vn 0.0958 0.2824 0.9545
vn 0.3751 0.1877 0.9078
vn 0.8271 0.0344 -0.5610
vn -0.7639 0.5741 -0.2950
vn -0.8081 0.5891 -0.0000
vn -0.1835 0.3772 0.9078
vn 0.9555 -0.0092 -0.2950
vn -0.6355 0.5305 -0.5610
vn -0.4355 0.4627 0.7722
vn 0.9997 -0.0242 -0.0000
vn -0.4355 0.4627 -0.7722
vn -0.6355 0.5305 0.5610
vn 0.9555 -0.0092 0.2950
vn -0.1835 0.3772 -0.9078
vn -0.7639 0.5741 0.2950
vn 0.8271 0.0344 0.5610
vn 0.0958 0.2824 -0.9545
vn 0.6271 0.1022 0.7722
vn -0.7687 0.2523 0.5878
vn -0.9032 0.2980 0.3090
vn -0.8463 0.2788 0.4540
vn 0.2901 -0.1068 -0.9510
vn 0.5541 -0.1963 -0.8090
vn 0.8981 -0.3130 0.3090
vn 0.7636 -0.2674 0.5878
vn 0.8412 -0.2936 0.4540
vn -0.2952 0.0917 0.9510
vn -0.5592 0.1813 0.8090
vn -0.2952 0.0917 -0.9510
vn -0.0026 -0.0075 -1.0000
vn 0.8981 -0.3130 -0.3090
vn 0.9444 -0.3288 -0.0000
vn 0.2901 -0.1068 0.9510
vn -0.0026 -0.0075 1.0000
vn -0.9495 0.3137 -0.0000
vn -0.9032 0.2980 -0.3090
vn 0.7636 -0.2674 -0.5878
vn 0.5541 -0.1963 0.8090
vn -0.7687 0.2523 -0.5878
vn -0.5592 0.1813 -0.8090
vn 0.8412 -0.2936 -0.4540
vn -0.8463 0.2788 -0.4540
vn -0.7675 -0.4896 -0.4138
vn -0.8316 -0.4481 -0.3279
vn -0.8928 -0.2155 -0.3955
vn -0.8231 -0.2577 -0.5062
vn -0.8983 0.0295 -0.4383
vn -0.8246 -0.0071 -0.5657
vn -0.8814 0.1459 -0.4492
vn -0.8050 0.1181 -0.5814
vn -0.5572 -0.7244 -0.4059
vn -0.6356 -0.6678 -0.3874
vn -0.6796 -0.6128 -0.4032
vn -0.6200 -0.5396 -0.5696
vn -0.6427 -0.3189 -0.6966
vn -0.6230 -0.0755 -0.7786
vn -0.5978 0.0478 -0.8002
vn -0.4247 -0.7694 -0.4772
vn -0.4342 -0.6026 -0.6696
vn -0.4153 -0.3960 -0.8190
vn -0.3689 -0.1617 -0.9153
vn -0.3366 -0.0408 -0.9408
vn -0.2779 -0.8192 -0.5017
vn -0.2281 -0.6725 -0.7040
vn -0.1633 -0.4815 -0.8611
vn -0.0872 -0.2572 -0.9624
vn -0.0471 -0.1390 -0.9892
vn -0.1310 -0.8690 -0.4772
vn -0.0221 -0.7424 -0.6696
vn 0.0887 -0.5669 -0.8190
vn 0.1944 -0.3528 -0.9153
vn 0.2423 -0.2372 -0.9408
vn 0.0014 -0.9139 -0.4059
vn 0.1638 -0.8055 -0.5696
vn 0.3160 -0.6441 -0.6966
vn 0.4485 -0.4389 -0.7786
vn 0.5035 -0.3258 -0.8002
vn 0.3113 -0.8555 -0.4138
vn 0.4964 -0.7052 -0.5062
vn 0.6501 -0.5073 -0.5657
vn 0.7107 -0.3960 -0.5814
vn 0.3113 -0.8555 0.4138
vn 0.3874 -0.8616 0.3279
vn 0.5774 -0.7142 0.3955
vn 0.4964 -0.7052 0.5062
vn 0.7309 -0.5231 0.4383
vn 0.6501 -0.5073 0.5657
vn 0.7883 -0.4205 0.4492
vn 0.7107 -0.3960 0.5814
vn 0.0014 -0.9139 0.4059
vn 0.0981 -0.9167 0.3874
vn 0.1665 -0.8999 0.4032
vn 0.1638 -0.8055 0.5696
vn 0.3160 -0.6441 0.6966
vn 0.4485 -0.4389 0.7786
vn 0.5035 -0.3258 0.8002
vn -0.1310 -0.8690 0.4772
vn -0.0221 -0.7424 0.6696
vn 0.0887 -0.5669 0.8190
vn 0.1944 -0.3528 0.9153
vn 0.2423 -0.2372 0.9408
vn -0.2779 -0.8192 0.5017
vn -0.2281 -0.6725 0.7040
vn -0.1633 -0.4815 0.8611
vn -0.0872 -0.2572 0.9624
vn -0.0471 -0.1390 0.9892
vn -0.4247 -0.7694 0.4772
vn -0.4342 -0.6026 0.6696
vn -0.4153 -0.3960 0.8190
vn -0.3689 -0.1617 0.9153
vn -0.3366 -0.0408 0.9408
vn -0.5572 -0.7244 0.4059
vn -0.6200 -0.5396 0.5696
vn -0.6427 -0.3189 0.6966
vn -0.6230 -0.0755 0.7786
vn -0.5978 0.0478 0.8002
vn -0.7675 -0.4896 0.4138
vn -0.8231 -0.2577 0.5062
vn -0.8246 -0.0071 0.5657
vn -0.8050 0.1181 0.5814
vn -0.4876 -0.8125 -0.3196
vn 0.5774 -0.7142 -0.3955
vn 0.3874 -0.8616 -0.3279
vn -0.4876 -0.8125 0.3195
vn -0.3961 -0.8438 0.3622
vn 0.1665 -0.8999 -0.4032
vn 0.0981 -0.9167 -0.3874
vn -0.8983 0.0295 0.4383
vn -0.8928 -0.2155 0.3955
vn 0.7309 -0.5231 -0.4383
vn -0.1074 -0.9415 0.3195
vn -0.6356 -0.6678 0.3874
vn -0.3961 -0.8438 -0.3622
vn -0.6796 -0.6128 0.4032
vn -0.8316 -0.4481 0.3279
vn -0.1074 -0.9415 -0.3195
vn -0.1990 -0.9106 -0.3622
vn -0.1990 -0.9106 0.3622
vn -0.2976 -0.8773 0.3766
vn -0.2976 -0.8773 -0.3766
vn -0.3212 -0.9470 -0.0000
vn -0.8814 0.1459 0.4492
vn 0.7883 -0.4205 -0.4492
vt 0.138953 0.402843
vt 0.097157 0.361047
vt 0.324123 0.478260
vt 0.250041 0.489994
vt 0.250000 0.459257
vt 0.314664 0.449015
vt 0.391032 0.444183
vt 0.324201 0.478235
vt 0.372998 0.419292
vt 0.444135 0.391098
vt 0.391098 0.444135
vt 0.419292 0.372998
vt 0.478235 0.324200
vt 0.444183 0.391032
vt 0.449015 0.314664
vt 0.489994 0.250040
vt 0.478260 0.324124
vt 0.459257 0.250000
vt 0.478260 0.175876
vt 0.489994 0.249960
vt 0.449015 0.185336
vt 0.444183 0.108968
vt 0.478235 0.175800
vt 0.419292 0.127002
vt 0.391098 0.055865
vt 0.444135 0.108902
vt 0.372998 0.080708
vt 0.324201 0.021765
vt 0.391032 0.055817
vt 0.314664 0.050985
vt 0.250041 0.010006
vt 0.324123 0.021740
vt 0.250000 0.040743
vt 0.175877 0.021740
vt 0.249959 0.010006
vt 0.185336 0.050985
vt 0.108968 0.055817
vt 0.175799 0.021765
vt 0.127002 0.080708
vt 0.055865 0.108902
vt 0.108902 0.055865
vt 0.080708 0.127002
vt 0.021765 0.175800
vt 0.055817 0.108968
vt 0.050985 0.185336
vt 0.010006 0.249960
vt 0.021740 0.175876
vt 0.040743 0.250000
vt 0.021740 0.324124
vt 0.010006 0.250040
vt 0.050985 0.314664
vt 0.055817 0.391032
vt 0.021765 0.324200
vt 0.080708 0.372998
vt 0.108902 0.444135
vt 0.055865 0.391098
vt 0.127002 0.419292
vt 0.175799 0.478235
vt 0.108968 0.444183
vt 0.185336 0.449015
vt 0.249959 0.489994
vt 0.175877 0.478260
vt 0.250000 0.438924
vt 0.308381 0.429678
vt 0.361047 0.402843
vt 0.402843 0.361047
vt 0.429678 0.308381
vt 0.438924 0.250000
vt 0.429678 0.191619
vt 0.402843 0.138953
vt 0.361047 0.097157
vt 0.308381 0.070322
vt 0.250000 0.061076
vt 0.191619 0.070322
vt 0.138953 0.097157
vt 0.097157 0.138953
vt 0.070322 0.191619
vt 0.061076 0.250000
vt 0.070322 0.308381
vt 0.191619 0.429678
vt 0.381736 0.154289
vt 0.404864 0.199681
vt 0.404864 0.199681
vt 0.381736 0.154289
vt 0.250000 0.412834
vt 0.300318 0.404864
vt 0.345712 0.381736
vt 0.381736 0.345711
vt 0.404864 0.300319
vt 0.412834 0.250000
vt 0.345712 0.118264
vt 0.300319 0.095136
vt 0.250000 0.087166
vt 0.199682 0.095136
vt 0.154288 0.118264
vt 0.118264 0.154289
vt 0.095136 0.199681
vt 0.087166 0.250000
vt 0.095136 0.300318
vt 0.118264 0.345711
vt 0.154289 0.381736
vt 0.199681 0.404864
vt 0.300318 0.404864
vt 0.199681 0.404864
vt 0.095136 0.300318
vt 0.087166 0.250000
vt 0.095136 0.199681
vt 0.118264 0.154289
vt 0.154289 0.118264
vt 0.199682 0.095136
vt 0.250000 0.087166
vt 0.300319 0.095136
vt 0.345712 0.118264
vt 0.170804 0.475690
vt 0.170588 0.475579
vt 0.170588 0.024421
vt 0.170804 0.024310
vt 0.324123 0.478260
vt 0.055865 0.108902
vt 0.055865 0.391098
vt 0.489994 0.249960
vt 0.249959 0.010006
vt 0.444183 0.391032
vt 0.329196 0.024310
vt 0.329413 0.024421
vt 0.391032 0.055817
vt 0.175877 0.478260
vt 0.329413 0.475579
vt 0.329196 0.475690
vt 0.324201 0.478235
vt 0.390056 0.442800
vt 0.362428 0.456876
vt 0.341931 0.468330
vt 0.390606 0.443528
vt 0.332393 0.473834
vt 0.390949 0.443999
vt 0.347467 0.320829
vt 0.330553 0.337739
vt 0.343643 0.378911
vt 0.442777 0.390086
vt 0.443528 0.390606
vt 0.443999 0.390949
vt 0.364584 0.287247
vt 0.476630 0.323658
vt 0.477506 0.323921
vt 0.478060 0.324101
vt 0.370486 0.250019
vt 0.488300 0.250020
vt 0.489214 0.250000
vt 0.489796 0.250000
vt 0.364595 0.212789
vt 0.476643 0.176380
vt 0.477506 0.176079
vt 0.478060 0.175899
vt 0.347486 0.179201
vt 0.442801 0.109947
vt 0.443528 0.109393
vt 0.443999 0.109051
vt 0.390086 0.057223
vt 0.390606 0.056472
vt 0.390949 0.056001
vt 0.109947 0.057199
vt 0.137588 0.043119
vt 0.158070 0.031670
vt 0.109394 0.056472
vt 0.167607 0.026165
vt 0.109051 0.056001
vt 0.152541 0.179168
vt 0.169457 0.162258
vt 0.156366 0.121088
vt 0.057223 0.109914
vt 0.056472 0.109393
vt 0.056001 0.109051
vt 0.135422 0.212751
vt 0.023370 0.176342
vt 0.022494 0.176079
vt 0.021940 0.175899
vt 0.129519 0.249979
vt 0.011700 0.249980
vt 0.010786 0.250000
vt 0.010204 0.250000
vt 0.135410 0.287209
vt 0.023357 0.323620
vt 0.022494 0.323921
vt 0.021940 0.324101
vt 0.152519 0.320798
vt 0.057199 0.390053
vt 0.056472 0.390607
vt 0.056001 0.390949
vt 0.109914 0.442777
vt 0.109394 0.443528
vt 0.109051 0.443999
vt 0.330556 0.308538
vt 0.341931 0.031670
vt 0.362448 0.043138
vt 0.169434 0.308512
vt 0.169440 0.276158
vt 0.000000 0.000000
vt 0.343670 0.121110
vt 0.330576 0.162285
vt 0.167608 0.473835
vt 0.158070 0.468330
vt 0.332393 0.026165
vt 0.169453 0.191460
vt 0.169430 0.337714
vt 0.330559 0.276184
vt 0.156335 0.378887
vt 0.137553 0.456862
vt 0.330572 0.191486
vt 0.330567 0.223840
vt 0.169448 0.223814
vt 0.169444 0.249986
vt 0.330563 0.250012
s 1
usemtl Material.001
f 924/531/687 922/532/688 985/532/688 986/531/687
f 889/533/689 890/534/690 928/535/690 929/536/689
f 893/537/691 889/538/689 929/536/689 930/539/691
f 895/540/692 893/541/691 930/539/691 931/542/692
f 897/543/693 895/544/692 931/542/692 932/545/693
f 899/546/694 897/547/693 932/545/693 933/548/694
f 901/549/695 899/550/694 933/548/694 934/551/695
f 903/552/696 901/553/695 934/551/695 935/554/696
f 905/555/697 903/556/696 935/554/696 936/557/697
f 907/558/698 905/559/697 936/557/697 937/560/698
f 909/561/699 907/562/698 937/560/698 938/563/699
f 911/564/700 909/565/699 938/563/699 939/566/700
f 913/567/701 911/568/700 939/566/700 940/569/701
f 915/570/702 913/571/701 940/569/701 941/572/702
f 917/573/703 915/574/702 941/572/702 942/575/703
f 919/576/704 917/577/703 942/575/703 943/578/704
f 921/579/705 919/580/704 943/578/704 944/581/705
f 923/582/706 921/583/705 944/581/705 945/584/706
f 925/585/707 923/586/706 945/584/706 946/587/707
f 927/588/708 925/589/707 946/587/707 947/590/708
f 890/591/690 927/592/708 947/590/708 928/535/690
f 891/593/709 888/594/709 929/536/709 928/535/709
f 888/594/709 892/595/709 930/539/709 929/536/709
f 892/595/709 894/596/709 931/542/709 930/539/709
f 894/596/709 896/597/709 932/545/709 931/542/709
f 896/597/709 898/598/709 933/548/709 932/545/709
f 898/598/709 900/599/709 934/551/709 933/548/709
f 900/599/709 902/600/709 935/554/709 934/551/709
f 902/600/709 904/601/709 936/557/709 935/554/709
f 904/601/709 906/602/709 937/560/709 936/557/709
f 906/602/709 908/603/709 938/563/709 937/560/709
f 908/603/709 910/604/709 939/566/709 938/563/709
f 910/604/709 912/605/709 940/569/709 939/566/709
f 912/605/709 914/606/709 941/572/709 940/569/709
f 914/606/709 916/607/709 942/575/709 941/572/709
f 916/607/709 918/608/709 943/578/709 942/575/709
f 918/608/709 920/609/709 944/581/709 943/578/709
f 920/609/709 922/532/709 945/584/709 944/581/709
f 922/532/709 924/531/709 946/587/709 945/584/709
f 924/531/709 926/610/709 947/590/709 946/587/709
f 926/610/709 891/593/709 928/535/709 947/590/709
f 910/604/712 908/603/713 978/603/713 979/604/712
f 896/597/714 894/596/715 971/596/715 972/597/714
f 926/610/716 924/531/687 986/531/687 987/610/716
f 912/605/717 910/604/712 979/604/712 980/605/717
f 898/598/718 896/597/714 972/597/714 973/598/718
f 891/593/719 926/610/716 987/610/716 968/593/719
f 914/606/720 912/605/717 980/605/717 981/606/720
f 900/599/721 898/598/718 973/598/718 974/599/721
f 916/607/722 914/606/720 981/606/720 982/607/722
f 902/600/723 900/599/721 974/599/721 975/600/723
f 918/608/724 916/607/722 982/607/722 983/608/724
f 904/601/725 902/600/723 975/600/723 976/601/725
f 888/594/726 891/593/719 968/593/719 969/594/726
f 920/609/727 918/608/724 983/608/724 984/609/727
f 906/602/728 904/601/725 976/601/725 977/602/728
f 892/595/729 888/594/726 969/594/726 970/595/729
f 922/532/688 920/609/727 984/609/727 985/532/688
f 908/603/713 906/602/728 977/602/728 978/603/713
f 894/596/715 892/595/729 970/595/729 971/596/715
f 925/589/748 927/588/749 1092/588/749 1075/644/750 1095/645/750 1070/589/748
f 901/553/751 903/552/752 1032/552/752 1027/553/751
f 911/568/753 913/567/754 1041/567/754 1096/646/755 1076/647/755 1077/568/753
f 921/583/756 923/582/757 1065/582/757 1060/583/756
f 897/547/758 899/546/759 1022/546/759 1017/547/758
f 907/562/760 909/561/761 1074/561/761 1089/562/760
f 917/577/762 919/576/763 1055/576/763 1050/577/762
f 890/534/764 889/533/765 1090/648/765 1091/534/764
f 903/556/752 905/555/766 1037/555/766 1032/556/752
f 913/571/754 915/570/767 1045/649/767 1041/571/754
f 923/586/757 925/585/748 1070/585/748 1065/650/757
f 893/541/768 895/540/769 1012/540/769 1008/541/768
f 899/550/759 901/549/751 1027/549/751 1022/651/759
f 909/565/761 911/564/753 1077/564/753 1074/652/761
f 919/580/763 921/579/756 1060/579/756 1055/580/763
f 895/544/769 897/543/758 1017/543/758 1012/653/769
f 905/559/766 907/558/760 1089/558/760 1093/654/770 1101/655/770 1037/656/766
f 927/592/749 890/591/764 1091/591/764 1092/657/749
f 915/574/767 917/573/762 1050/573/762 1045/574/767
f 889/538/765 893/537/768 1008/537/768 1104/658/771 1094/659/771 1090/660/765
f 1011/661/772 1107/662/773 1106/663/774 1010/664/775
f 1010/664/775 1106/663/774 1105/665/776 1009/666/777
f 1009/666/777 1105/665/776 1104/658/778 1008/537/779
f 1016/667/780 1112/668/781 1111/669/782 1011/661/772 1015/670/783
f 1015/670/783 1011/661/772 1010/664/775 1014/671/784
f 1014/671/784 1010/664/775 1009/666/777 1013/672/785
f 1013/672/785 1009/666/777 1008/541/779 1012/540/786
f 1021/673/787 1016/667/780 1015/670/783 1020/674/788
f 1020/674/788 1015/670/783 1014/671/784 1019/675/789
f 1019/675/789 1014/671/784 1013/672/785 1018/676/790
f 1018/676/790 1013/672/785 1012/653/786 1017/543/791
f 1026/677/792 1021/673/787 1020/674/788 1025/678/793
f 1025/678/793 1020/674/788 1019/675/789 1024/679/794
f 1024/679/794 1019/675/789 1018/676/790 1023/680/795
f 1023/680/795 1018/676/790 1017/547/791 1022/546/796
f 1031/681/797 1026/677/792 1025/678/793 1030/682/798
f 1030/682/798 1025/678/793 1024/679/794 1029/683/799
f 1029/683/799 1024/679/794 1023/680/795 1028/684/800
f 1028/684/800 1023/680/795 1022/651/796 1027/549/801
f 1036/685/802 1031/681/797 1030/682/798 1035/686/803
f 1035/686/803 1030/682/798 1029/683/799 1034/687/804
f 1034/687/804 1029/683/799 1028/684/800 1033/688/805
f 1033/688/805 1028/684/800 1027/553/801 1032/552/806
f 1040/689/807 1035/686/803 1034/687/804 1039/690/808
f 1039/690/808 1034/687/804 1033/688/805 1038/691/809
f 1038/691/809 1033/688/805 1032/556/806 1037/555/810
f 1044/692/811 1080/693/812 1079/694/813 1043/695/814
f 1043/695/814 1079/694/813 1078/696/815 1042/697/816
f 1042/697/816 1078/696/815 1096/646/817 1041/567/818
f 1049/698/819 1082/699/820 1087/700/821 1044/692/811 1048/701/822
f 1048/701/822 1044/692/811 1043/695/814 1047/702/823
f 1047/702/823 1043/695/814 1042/697/816 1046/703/824
f 1046/703/824 1042/697/816 1041/571/818 1045/649/825
f 1054/704/826 1049/698/819 1048/701/822 1053/705/827
f 1053/705/827 1048/701/822 1047/702/823 1052/706/828
f 1052/706/828 1047/702/823 1046/703/824 1051/707/829
f 1051/707/829 1046/703/824 1045/574/825 1050/573/830
f 1059/708/831 1054/704/826 1053/705/827 1058/709/832
f 1058/709/832 1053/705/827 1052/706/828 1057/710/833
f 1057/710/833 1052/706/828 1051/707/829 1056/711/834
f 1056/711/834 1051/707/829 1050/577/830 1055/576/835
f 1064/712/836 1059/708/831 1058/709/832 1063/713/837
f 1063/713/837 1058/709/832 1057/710/833 1062/714/838
f 1062/714/838 1057/710/833 1056/711/834 1061/715/839
f 1061/715/839 1056/711/834 1055/580/835 1060/579/840
f 1069/716/841 1064/712/836 1063/713/837 1068/717/842
f 1068/717/842 1063/713/837 1062/714/838 1067/718/843
f 1067/718/843 1062/714/838 1061/715/839 1066/719/844
f 1066/719/844 1061/715/839 1060/583/840 1065/582/845
f 1073/720/846 1068/717/842 1067/718/843 1072/721/847
f 1072/721/847 1067/718/843 1066/719/844 1071/722/848
f 1071/722/848 1066/719/844 1065/650/845 1070/585/849
f 1116/723/850 1112/668/781 1016/667/780
f 1111/669/782 1107/662/773 1011/661/772
f 1103/724/851 1108/725/852 1040/689/807 1039/690/808
f 1084/726/853 1083/727/854 1064/712/836 1069/716/841
s 0
f 1093/728/718 1094/728/718 1104/728/718 1105/728/718 1106/728/718 1107/728/718 1111/728/718 1112/728/718 1116/728/718 1113/728/718 1114/728/718 1115/728/718 1117/728/718 1109/728/718 1110/728/718 1108/728/718 1103/728/718 1102/728/718 1101/728/718
s 1
f 1110/729/855 1109/730/856 1036/685/802 1035/686/803 1040/689/807
f 1097/731/857 1098/732/858 1072/721/847 1071/722/848
f 1102/733/859 1103/724/851 1039/690/808 1038/691/809
f 1081/734/860 1082/699/820 1049/698/819
f 1088/735/861 1084/726/853 1069/716/841
f 1113/736/862 1116/723/850 1016/667/780 1021/673/787
f 1100/737/863 1088/735/861 1069/716/841 1068/717/842 1073/720/846
s 0
f 1075/728/724 1076/728/724 1096/728/724 1078/728/724 1079/728/724 1080/728/724 1087/728/724 1082/728/724 1081/728/724 1086/728/724 1085/728/724 1083/728/724 1084/728/724 1088/728/724 1100/728/724 1099/728/724 1098/728/724 1097/728/724 1095/728/724
s 1
f 1098/732/858 1099/738/864 1073/720/846 1072/721/847
f 1117/739/865 1115/740/866 1031/681/797 1036/685/802
f 1086/741/867 1081/734/860 1049/698/819 1054/704/826
f 1083/727/854 1085/742/868 1059/708/831 1064/712/836
f 1085/742/868 1086/741/867 1054/704/826 1059/708/831
f 1115/740/866 1114/743/869 1026/677/792 1031/681/797
s 0
f 1076/728/870 1075/728/870 1092/728/870 1091/728/870 1090/728/870 1094/728/870 1093/728/870 1089/728/870 1074/728/870 1077/728/870
s 1
f 1114/743/869 1113/736/862 1021/673/787 1026/677/792
f 1095/645/871 1097/731/857 1071/722/848 1070/589/849
f 1099/738/864 1100/737/863 1073/720/846
f 1087/700/821 1080/693/812 1044/692/811
f 1108/725/852 1110/729/855 1040/689/807
f 1109/730/856 1117/739/865 1036/685/802
f 1101/655/872 1102/733/859 1038/691/809 1037/656/810
usemtl Material.004
f 955/611/710 954/612/711 994/613/711 995/614/710
f 948/615/709 949/616/709 969/594/709 968/593/709
f 949/616/709 950/617/709 970/595/709 969/594/709
f 950/617/709 951/618/709 971/596/709 970/595/709
f 951/618/709 952/619/709 972/597/709 971/596/709
f 952/619/709 953/620/709 973/598/709 972/597/709
f 953/620/709 954/612/709 974/599/709 973/598/709
f 954/612/709 955/611/709 975/600/709 974/599/709
f 955/611/709 956/621/709 976/601/709 975/600/709
f 956/621/709 957/622/709 977/602/709 976/601/709
f 957/622/709 958/623/709 978/603/709 977/602/709
f 958/623/709 959/624/709 979/604/709 978/603/709
f 959/624/709 960/625/709 980/605/709 979/604/709
f 960/625/709 961/626/709 981/606/709 980/605/709
f 961/626/709 962/627/709 982/607/709 981/606/709
f 962/627/709 963/628/709 983/608/709 982/607/709
f 963/628/709 964/629/709 984/609/709 983/608/709
f 964/629/709 965/630/709 985/532/709 984/609/709
f 965/630/709 966/631/709 986/531/709 985/532/709
f 966/631/709 967/632/709 987/610/709 986/531/709
f 967/632/709 948/615/709 968/593/709 987/610/709
f 989/633/709 988/615/709 1007/634/709 1006/631/709 1005/630/709 1004/635/709 1003/636/709 1002/637/709 1001/638/709 1000/639/709 999/640/709 998/641/709 997/642/709 996/643/709 995/614/709 994/613/709 993/620/709 992/619/709 991/618/709 990/617/709
f 963/628/730 962/627/731 1002/637/731 1003/636/730
f 956/621/732 955/611/710 995/614/710 996/643/732
f 949/616/733 948/615/734 988/615/734 989/633/733
f 964/629/735 963/628/730 1003/636/730 1004/635/735
f 957/622/736 956/621/732 996/643/732 997/642/736
f 950/617/737 949/616/733 989/633/733 990/617/737
f 965/630/738 964/629/735 1004/635/735 1005/630/738
f 958/623/739 957/622/736 997/642/736 998/641/739
f 951/618/740 950/617/737 990/617/737 991/618/740
f 966/631/741 965/630/738 1005/630/738 1006/631/741
f 959/624/742 958/623/739 998/641/739 999/640/742
f 952/619/743 951/618/740 991/618/740 992/619/743
f 967/632/744 966/631/741 1006/631/741 1007/634/744
f 960/625/745 959/624/742 999/640/742 1000/639/745
f 953/620/746 952/619/743 992/619/743 993/620/746
f 948/615/734 967/632/744 1007/634/744 988/615/734
f 961/626/747 960/625/745 1000/639/745 1001/638/747
f 954/612/711 953/620/746 993/620/746 994/613/711
f 962/627/731 961/626/747 1001/638/747 1002/637/731
o Cylinder.022
v -1.221312 -0.460500 -1.036590
v -1.223837 -0.458728 -1.017113
v -1.213984 -0.465642 -1.054160
v -1.202569 -0.473651 -1.068103
v -1.188187 -0.483742 -1.077056
v -1.172243 -0.494929 -1.080141
v -1.156300 -0.506116 -1.077056
v -1.141917 -0.516207 -1.068103
v -1.130503 -0.524216 -1.054160
v -1.123175 -0.529358 -1.036590
v -1.120649 -0.531130 -1.017113
v -1.123175 -0.529358 -0.997637
v -1.130503 -0.524216 -0.980067
v -1.141917 -0.516207 -0.966123
v -1.156300 -0.506116 -0.957170
v -1.172243 -0.494929 -0.954085
v -1.188187 -0.483742 -0.957170
v -1.202569 -0.473651 -0.966123
v -1.213984 -0.465642 -0.980067
v -1.221312 -0.460500 -0.997637
v -1.761671 -1.269142 -1.029402
v -1.766069 -1.278097 -1.028901
v -1.768121 -1.287878 -1.027621
v -1.757047 -1.272387 -1.040488
v -1.761634 -1.281209 -1.039534
v -1.764167 -1.290652 -1.037101
v -1.764474 -1.300071 -1.033352
v -1.762534 -1.308826 -1.028545
v -1.749846 -1.277440 -1.049286
v -1.754726 -1.286056 -1.047973
v -1.758009 -1.294973 -1.044623
v -1.759470 -1.303582 -1.039464
v -1.759011 -1.311297 -1.032848
v -1.740771 -1.283807 -1.054935
v -1.746021 -1.292164 -1.053392
v -1.750249 -1.300417 -1.049454
v -1.753166 -1.308005 -1.043389
v -1.754573 -1.314411 -1.035611
v -1.730711 -1.290866 -1.056882
v -1.736372 -1.298934 -1.055259
v -1.741647 -1.306453 -1.051118
v -1.746177 -1.312909 -1.044741
v -1.749653 -1.317863 -1.036563
v -1.720651 -1.297924 -1.054935
v -1.726722 -1.305705 -1.053392
v -1.733045 -1.312488 -1.049454
v -1.739189 -1.317812 -1.043389
v -1.744734 -1.321315 -1.035611
v -1.711576 -1.304292 -1.049286
v -1.718018 -1.311812 -1.047973
v -1.725286 -1.317933 -1.044623
v -1.732884 -1.322236 -1.039464
v -1.740295 -1.324429 -1.032848
v -1.704374 -1.309345 -1.040488
v -1.711110 -1.316659 -1.039534
v -1.719127 -1.322254 -1.037101
v -1.727881 -1.325747 -1.033352
v -1.736773 -1.326900 -1.028545
v -1.699750 -1.312589 -1.029402
v -1.706675 -1.319771 -1.028901
v -1.715174 -1.325028 -1.027621
v -1.699750 -1.312589 -1.004824
v -1.706675 -1.319771 -1.005326
v -1.715174 -1.325028 -1.006605
v -1.704374 -1.309345 -0.993738
v -1.711110 -1.316659 -0.994692
v -1.719127 -1.322254 -0.997126
v -1.727881 -1.325747 -1.000874
v -1.736773 -1.326900 -1.005681
v -1.711576 -1.304292 -0.984940
v -1.718018 -1.311812 -0.986253
v -1.725286 -1.317933 -0.989603
v -1.732884 -1.322236 -0.994762
v -1.740295 -1.324429 -1.001378
v -1.720651 -1.297924 -0.979291
v -1.726722 -1.305705 -0.980834
v -1.733045 -1.312488 -0.984773
v -1.739189 -1.317812 -0.990837
v -1.744734 -1.321315 -0.998616
v -1.730711 -1.290866 -0.977345
v -1.736372 -1.298934 -0.978967
v -1.741647 -1.306453 -0.983108
v -1.746177 -1.312909 -0.989485
v -1.749653 -1.317863 -0.997664
v -1.740771 -1.283807 -0.979291
v -1.746021 -1.292164 -0.980834
v -1.750249 -1.300417 -0.984773
v -1.753166 -1.308005 -0.990837
v -1.754573 -1.314411 -0.998616
v -1.749846 -1.277440 -0.984940
v -1.754726 -1.286056 -0.986253
v -1.758009 -1.294973 -0.989603
v -1.759470 -1.303582 -0.994762
v -1.759011 -1.311297 -1.001378
v -1.757047 -1.272387 -0.993738
v -1.761634 -1.281209 -0.994692
v -1.764167 -1.290652 -0.997126
v -1.764474 -1.300071 -1.000874
v -1.762534 -1.308826 -1.005681
v -1.761671 -1.269142 -1.004824
v -1.766069 -1.278097 -1.005326
v -1.768121 -1.287878 -1.006605
v -1.200393 -0.457146 -1.031652
v -1.202278 -0.455824 -1.017113
v -1.194923 -0.460985 -1.044767
v -1.186403 -0.466963 -1.055175
v -1.175667 -0.474496 -1.061858
v -1.163765 -0.482846 -1.064161
v -1.151864 -0.491197 -1.061858
v -1.141128 -0.498730 -1.055175
v -1.132608 -0.504708 -1.044767
v -1.127138 -0.508546 -1.031652
v -1.125253 -0.509869 -1.017113
v -1.127138 -0.508546 -1.002575
v -1.132608 -0.504708 -0.989460
v -1.141128 -0.498730 -0.979051
v -1.151864 -0.491197 -0.972368
v -1.163765 -0.482846 -0.970065
v -1.175667 -0.474496 -0.972368
v -1.186403 -0.466963 -0.979051
v -1.194923 -0.460985 -0.989460
v -1.200393 -0.457146 -1.002575
v -1.181955 -0.430868 -1.031652
v -1.119944 -0.420391 -1.031652
v -1.174137 -0.422381 -1.031652
v -1.164356 -0.416223 -1.031652
v -1.153278 -0.412815 -1.031652
v -1.141659 -0.412388 -1.031652
v -1.130289 -0.414972 -1.031652
v -1.183840 -0.429546 -1.017113
v -1.121829 -0.419069 -1.017113
v -1.176022 -0.421058 -1.017113
v -1.166241 -0.414900 -1.017113
v -1.155163 -0.411492 -1.017113
v -1.143544 -0.411066 -1.017113
v -1.132174 -0.413650 -1.017113
v -1.118059 -0.421714 -1.017113
v -1.106815 -0.483591 -1.017113
v -1.109444 -0.429598 -1.017113
v -1.103146 -0.439411 -1.017113
v -1.099594 -0.450482 -1.017113
v -1.099030 -0.462059 -1.017113
v -1.101493 -0.473352 -1.017113
v -1.119944 -0.420391 -1.031652
v -1.108700 -0.482268 -1.031652
v -1.111329 -0.428276 -1.031652
v -1.105031 -0.438088 -1.031652
v -1.101479 -0.449160 -1.031652
v -1.100915 -0.460736 -1.031652
v -1.103378 -0.472029 -1.031652
v -1.108700 -0.482268 -1.002575
v -1.119944 -0.420391 -1.002575
v -1.103378 -0.472029 -1.002575
v -1.100915 -0.460736 -1.002575
v -1.101479 -0.449160 -1.002575
v -1.105031 -0.438088 -1.002575
v -1.111329 -0.428276 -1.002575
v -1.119944 -0.420391 -1.002575
v -1.181955 -0.430868 -1.002575
v -1.130289 -0.414972 -1.002575
v -1.141659 -0.412388 -1.002575
v -1.153278 -0.412815 -1.002575
v -1.164356 -0.416223 -1.002575
v -1.174137 -0.422381 -1.002575
v -1.695051 -1.306915 -1.027164
v -1.699460 -1.312793 -1.027164
v -1.757935 -1.262793 -1.027164
v -1.761961 -1.268939 -1.027164
v -1.706449 -1.319929 -1.027164
v -1.715114 -1.325069 -1.027164
v -1.717378 -1.325718 -1.027164
v -1.725299 -1.327558 -1.027164
v -1.736197 -1.327305 -1.027164
v -1.738874 -1.326585 -1.027164
v -1.766294 -1.277939 -1.027164
v -1.768180 -1.287836 -1.027164
v -1.767055 -1.298260 -1.027164
v -1.768020 -1.290185 -1.027164
v -1.754386 -1.318923 -1.027164
v -1.751833 -1.320970 -1.027164
v -1.749040 -1.322674 -1.027164
v -1.763110 -1.308421 -1.027164
v -1.761522 -1.310694 -1.027164
v -1.757260 -1.315992 -1.027164
v -1.745306 -1.324379 -1.027164
v -1.757935 -1.262793 -1.007063
v -1.693748 -1.307830 -1.017113
v -1.695051 -1.306915 -1.007063
v -1.761961 -1.268939 -1.007063
v -1.699460 -1.312793 -1.007063
v -1.766294 -1.277939 -1.007063
v -1.768180 -1.287836 -1.007063
v -1.768020 -1.290185 -1.007063
v -1.767055 -1.298260 -1.007063
v -1.763110 -1.308421 -1.007063
v -1.761522 -1.310694 -1.007063
v -1.715114 -1.325069 -1.007063
v -1.706449 -1.319929 -1.007063
v -1.736197 -1.327305 -1.007063
v -1.725299 -1.327558 -1.007063
v -1.717378 -1.325718 -1.007063
v -1.745306 -1.324379 -1.007063
v -1.738874 -1.326585 -1.007063
v -1.754386 -1.318923 -1.007063
v -1.757260 -1.315992 -1.007063
v -1.751833 -1.320970 -1.007063
v -1.749040 -1.322674 -1.007063
v -1.759238 -1.261879 -1.017113
vn 0.2503 0.7218 0.6453
vn 0.4219 0.6013 0.6785
vn 0.8047 -0.5937 -0.0000
vn 0.7644 -0.5655 0.3098
vn 0.7945 -0.5863 0.1581
vn -0.4948 0.3179 -0.8088
vn -0.2666 0.1579 -0.9508
vn -0.6758 0.4450 0.5876
vn -0.7918 0.5264 0.3098
vn 0.6483 -0.4841 0.5876
vn -0.0137 -0.0196 -0.9997
vn 0.4673 -0.3571 0.8088
vn 0.2392 -0.1970 -0.9508
vn -0.6758 0.4450 -0.5876
vn 0.2392 -0.1970 0.9508
vn 0.4673 -0.3571 -0.8088
vn -0.0137 -0.0196 0.9997
vn 0.6483 -0.4841 -0.5876
vn -0.2666 0.1579 0.9508
vn 0.7644 -0.5655 -0.3098
vn -0.8321 0.5547 -0.0000
vn -0.8216 0.5477 0.1581
vn -0.4948 0.3179 0.8088
vn 0.7945 -0.5863 -0.1581
vn -0.7918 0.5264 -0.3098
vn -0.8216 0.5477 -0.1581
vn 0.5936 0.4809 0.6453
vn -0.8615 0.4060 -0.3049
vn -0.7468 0.3255 -0.5800
vn -0.7987 0.2115 -0.5633
vn -0.9102 0.2897 -0.2961
vn -0.8641 -0.0272 -0.5026
vn -0.9635 0.0426 -0.2642
vn -0.8736 -0.2615 -0.4104
vn -0.9233 -0.2042 -0.3253
vn -0.9339 -0.1084 -0.3407
vn -0.5681 0.2002 -0.7983
vn -0.6252 0.0897 -0.7753
vn -0.7093 -0.1358 -0.6917
vn -0.7471 -0.3502 -0.5649
vn -0.7377 -0.5417 -0.4029
vn -0.8279 -0.4784 -0.2927
vn -0.6958 -0.6442 -0.3176
vn -0.7622 -0.5972 -0.2499
vn -0.3429 0.0422 -0.9384
vn -0.4065 -0.0637 -0.9114
vn -0.5142 -0.2727 -0.8132
vn -0.5878 -0.4620 -0.6641
vn -0.6241 -0.6215 -0.4736
vn -0.6172 -0.6996 -0.3600
vn -0.0933 -0.1330 -0.9867
vn -0.1641 -0.2338 -0.9583
vn -0.2978 -0.4245 -0.8550
vn -0.4112 -0.5860 -0.6983
vn -0.4981 -0.7099 -0.4980
vn -0.5326 -0.7591 -0.3744
vn 0.1563 -0.3081 -0.9384
vn 0.0784 -0.4039 -0.9114
vn -0.0815 -0.5763 -0.8132
vn -0.2345 -0.7099 -0.6641
vn -0.3721 -0.7983 -0.4736
vn -0.4479 -0.8184 -0.3600
vn 0.3815 -0.4661 -0.7983
vn 0.2971 -0.5574 -0.7753
vn 0.1136 -0.7132 -0.6917
vn -0.0752 -0.8217 -0.5649
vn -0.2584 -0.8780 -0.4029
vn -0.3691 -0.8734 -0.3176
vn 0.5602 -0.5915 -0.5800
vn 0.4706 -0.6791 -0.5633
vn 0.2684 -0.8218 -0.5026
vn 0.0513 -0.9104 -0.4104
vn -0.1683 -0.9413 -0.2927
vn -0.3023 -0.9199 -0.2499
vn 0.6749 -0.6720 -0.3049
vn 0.5820 -0.7573 -0.2961
vn 0.3678 -0.8916 -0.2642
vn 0.2158 -0.9151 -0.3407
vn 0.1221 -0.9377 -0.3253
vn -0.1085 -0.9654 -0.2373
vn 0.7059 -0.6913 -0.1544
vn 0.6134 -0.7754 -0.1501
vn 0.3985 -0.9073 -0.1342
vn 0.6749 -0.6720 0.3049
vn 0.5602 -0.5915 0.5800
vn 0.4706 -0.6791 0.5633
vn 0.5820 -0.7573 0.2961
vn 0.2684 -0.8218 0.5026
vn 0.3678 -0.8916 0.2642
vn 0.0513 -0.9104 0.4104
vn 0.1221 -0.9377 0.3253
vn 0.2158 -0.9151 0.3407
vn 0.3815 -0.4661 0.7983
vn 0.2971 -0.5574 0.7753
vn 0.1136 -0.7132 0.6917
vn -0.0752 -0.8217 0.5649
vn -0.2584 -0.8780 0.4029
vn -0.1683 -0.9413 0.2927
vn -0.3691 -0.8734 0.3177
vn -0.3023 -0.9199 0.2499
vn 0.1563 -0.3081 0.9384
vn 0.0784 -0.4039 0.9114
vn -0.0815 -0.5763 0.8132
vn -0.2345 -0.7099 0.6641
vn -0.3721 -0.7983 0.4736
vn -0.4479 -0.8184 0.3600
vn -0.0933 -0.1330 0.9867
vn -0.1641 -0.2338 0.9583
vn -0.2978 -0.4245 0.8550
vn -0.4112 -0.5860 0.6983
vn -0.4981 -0.7099 0.4980
vn -0.5326 -0.7591 0.3744
vn -0.3429 0.0422 0.9384
vn -0.4065 -0.0637 0.9114
vn -0.5141 -0.2727 0.8132
vn -0.5878 -0.4620 0.6641
vn -0.6241 -0.6215 0.4736
vn -0.6172 -0.6996 0.3600
vn -0.5681 0.2002 0.7983
vn -0.6252 0.0897 0.7753
vn -0.7093 -0.1358 0.6917
vn -0.7471 -0.3502 0.5649
vn -0.7377 -0.5417 0.4029
vn -0.6958 -0.6442 0.3176
vn -0.7468 0.3255 0.5800
vn -0.7987 0.2115 0.5633
vn -0.8641 -0.0272 0.5026
vn -0.8736 -0.2615 0.4104
vn -0.8279 -0.4784 0.2927
vn -0.7622 -0.5972 0.2499
vn -0.8615 0.4060 0.3049
vn -0.9102 0.2897 0.2961
vn -0.9635 0.0426 0.2642
vn -0.9339 -0.1084 0.3407
vn -0.9233 -0.2042 0.3253
vn -0.8709 -0.4305 0.2372
vn -0.8902 0.4286 0.1544
vn -0.9378 0.3130 0.1501
vn -0.9888 0.0660 0.1342
vn 0.5744 0.8186 -0.0000
vn 0.0954 0.8304 0.5489
vn -0.0274 0.9166 0.3988
vn -0.1063 0.9720 0.2097
vn -0.1335 0.9910 -0.0000
vn -0.1063 0.9720 -0.2097
vn -0.0274 0.9166 -0.3988
vn 0.0954 0.8304 -0.5489
vn 0.2503 0.7218 -0.6453
vn 0.4219 0.6013 -0.6785
vn 0.5936 0.4809 -0.6453
vn 0.7484 0.3722 -0.5489
vn 0.8713 0.2860 -0.3988
vn 0.9502 0.2307 -0.2097
vn 0.9774 0.2116 -0.0000
vn 0.9502 0.2307 0.2097
vn 0.8713 0.2860 0.3988
vn 0.7484 0.3722 0.5489
vn -0.0000 -0.0000 -1.0000
vn 0.8085 -0.5673 0.1564
vn 0.8186 -0.5744 -0.0000
vn -0.0000 -0.0000 1.0000
vn -0.8186 0.5744 -0.0000
vn -0.8085 0.5673 0.1564
vn 0.8085 -0.5673 -0.1564
vn -0.7266 0.6693 -0.1551
vn -0.7355 0.6775 -0.0000
vn -0.6423 0.7664 -0.0000
vn -0.6297 0.7620 -0.1510
vn -0.4229 0.9062 -0.0000
vn -0.4072 0.9033 -0.1350
vn -0.1758 0.9844 -0.0000
vn -0.1566 0.9816 -0.1096
vn 0.0822 0.9966 -0.0000
vn 0.1043 0.9916 -0.0767
vn 0.3340 0.9426 -0.0000
vn 0.3572 0.9332 -0.0386
vn 0.4640 0.8858 -0.0000
vn 0.4639 0.8856 -0.0204
vn 0.8873 -0.4612 -0.0000
vn 0.8766 -0.4556 -0.1551
vn 0.9308 -0.3329 -0.1510
vn 0.9392 -0.3433 -0.0000
vn 0.9880 -0.0756 -0.1350
vn 0.9960 -0.0894 -0.0000
vn 0.9763 0.1867 -0.1096
vn 0.9855 0.1696 -0.0000
vn 0.8970 0.4354 -0.0767
vn 0.9092 0.4163 -0.0000
vn 0.7560 0.6534 -0.0386
vn 0.7727 0.6348 -0.0000
vn 0.6750 0.7375 -0.0204
vn 0.6751 0.7377 -0.0000
vn 0.8766 -0.4556 0.1551
vn 0.9308 -0.3329 0.1510
vn 0.9880 -0.0756 0.1350
vn 0.9763 0.1867 0.1096
vn 0.8970 0.4354 0.0767
vn 0.7560 0.6534 0.0386
vn 0.6750 0.7375 0.0204
vn -0.7266 0.6693 0.1551
vn -0.6297 0.7620 0.1510
vn -0.4072 0.9033 0.1350
vn -0.1566 0.9816 0.1096
vn 0.1043 0.9916 0.0767
vn 0.3572 0.9332 0.0386
vn 0.4639 0.8856 0.0204
vn -0.8085 0.5673 -0.1564
vn 0.3985 -0.9073 0.1342
vn 0.6134 -0.7754 0.1500
vn 0.7059 -0.6913 0.1544
vn -0.1085 -0.9654 0.2373
vn -0.5744 -0.8186 -0.0000
vn -0.9378 0.3130 -0.1501
vn -0.8902 0.4286 -0.1544
vn -0.9888 0.0660 -0.1342
vn -0.8709 -0.4305 -0.2372
vt 0.021740 0.324124
vt 0.010006 0.249960
vt 0.250041 0.010006
vt 0.175877 0.021740
vt 0.189385 0.019603
vt 0.189720 0.019550
vt 0.444135 0.391098
vt 0.478235 0.324200
vt 0.108902 0.444135
vt 0.175799 0.478235
vt 0.108968 0.055817
vt 0.489994 0.250040
vt 0.055865 0.108902
vt 0.478260 0.175876
vt 0.391032 0.444183
vt 0.391032 0.444183
vt 0.021765 0.175800
vt 0.444183 0.108968
vt 0.391098 0.055865
vt 0.324201 0.021765
vt 0.249959 0.489994
vt 0.189642 0.480430
vt 0.189307 0.480377
vt 0.055817 0.391032
vt 0.310358 0.019570
vt 0.310692 0.019623
vt 0.324201 0.478235
vt 0.310678 0.480377
vt 0.310343 0.480430
vt 0.390918 0.444025
vt 0.324139 0.478050
vt 0.390580 0.443556
vt 0.323957 0.477501
vt 0.390058 0.442832
vt 0.336717 0.470008
vt 0.323891 0.477304
vt 0.443977 0.390983
vt 0.443510 0.390643
vt 0.442787 0.390118
vt 0.347883 0.321132
vt 0.321113 0.347896
vt 0.312524 0.295432
vt 0.312520 0.336067
vt 0.478049 0.324140
vt 0.477500 0.323961
vt 0.476650 0.323685
vt 0.365074 0.287406
vt 0.312526 0.270321
vt 0.489798 0.250040
vt 0.489220 0.250040
vt 0.488327 0.250040
vt 0.371000 0.250019
vt 0.312529 0.250009
vt 0.478074 0.175936
vt 0.477524 0.176115
vt 0.476674 0.176391
vt 0.365084 0.212630
vt 0.312532 0.229697
vt 0.444025 0.109083
vt 0.443557 0.109423
vt 0.442834 0.109948
vt 0.347902 0.178898
vt 0.312536 0.204586
vt 0.390983 0.056023
vt 0.390643 0.056491
vt 0.390117 0.057213
vt 0.321137 0.152124
vt 0.312542 0.163951
vt 0.324140 0.021951
vt 0.323962 0.022501
vt 0.323898 0.022698
vt 0.336737 0.030004
vt 0.312544 0.147744
vt 0.313221 0.020219
vt 0.320744 0.021990
vt 0.109083 0.055975
vt 0.175937 0.021926
vt 0.109423 0.056443
vt 0.176115 0.022476
vt 0.109948 0.057166
vt 0.163337 0.029974
vt 0.176179 0.022673
vt 0.056023 0.109017
vt 0.056490 0.109357
vt 0.057213 0.109882
vt 0.152125 0.178865
vt 0.178899 0.152100
vt 0.187484 0.204565
vt 0.187491 0.163930
vt 0.021951 0.175860
vt 0.022500 0.176039
vt 0.023350 0.176315
vt 0.134932 0.212592
vt 0.187481 0.229676
vt 0.010202 0.249960
vt 0.010780 0.249960
vt 0.011673 0.249960
vt 0.129004 0.249979
vt 0.187477 0.249989
vt 0.021926 0.324064
vt 0.022476 0.323885
vt 0.023326 0.323609
vt 0.134920 0.287368
vt 0.187474 0.270301
vt 0.055975 0.390917
vt 0.056443 0.390577
vt 0.057166 0.390052
vt 0.152102 0.321100
vt 0.187471 0.295412
vt 0.109017 0.443977
vt 0.109357 0.443509
vt 0.109882 0.442787
vt 0.178868 0.347874
vt 0.187464 0.336048
vt 0.175860 0.478049
vt 0.176038 0.477499
vt 0.176102 0.477302
vt 0.163262 0.469996
vt 0.187462 0.352254
vt 0.186779 0.479780
vt 0.179256 0.478010
vt 0.324201 0.478235
vt 0.325003 0.475516
vt 0.327354 0.467543
vt 0.324201 0.455952
vt 0.324201 0.364117
vt 0.324201 0.309072
vt 0.324201 0.250000
vt 0.324201 0.250000
vt 0.324201 0.190928
vt 0.324201 0.135883
vt 0.324201 0.044048
vt 0.327350 0.032457
vt 0.325002 0.024484
vt 0.250017 0.261740
vt 0.175838 0.249987
vt 0.175838 0.249987
vt 0.250020 0.238248
vt 0.175075 0.024459
vt 0.172725 0.032431
vt 0.175873 0.044024
vt 0.175857 0.135864
vt 0.175848 0.190913
vt 0.175828 0.309062
vt 0.175819 0.364111
vt 0.175803 0.455951
vt 0.172651 0.467542
vt 0.174999 0.475515
vt 0.175799 0.478235
vt 0.249959 0.489994
vt 0.249960 0.489803
vt 0.249962 0.489244
vt 0.249965 0.488356
vt 0.250005 0.375861
vt 0.250011 0.320813
vt 0.250041 0.010197
vt 0.250041 0.010755
vt 0.250040 0.011642
vt 0.250030 0.124127
vt 0.250025 0.179175
vt 0.179333 0.021966
vt 0.186857 0.020198
vt 0.000000 0.000000
vt 0.187493 0.147723
vt 0.313208 0.479781
vt 0.320736 0.478011
vt 0.312519 0.352273
s 1
usemtl Material.001
f 1134/744/873 1133/745/874 1235/745/874 1236/744/873
f 1128/746/875 1129/747/876 1179/747/876 1307/748/877 1305/749/877 1304/746/875
f 1121/750/878 1122/751/879 1151/751/879 1146/750/878
f 1136/752/880 1137/753/881 1217/753/881 1212/752/880
f 1129/747/876 1130/754/882 1182/754/882 1179/747/876
f 1122/751/879 1123/755/883 1156/755/883 1151/751/879
f 1130/754/882 1131/756/884 1187/756/884 1182/754/882
f 1123/755/883 1124/757/885 1161/757/885 1156/755/883
f 1120/758/886 1121/750/878 1146/750/878 1141/759/886
f 1131/756/884 1132/760/887 1192/760/887 1187/756/884
f 1124/757/885 1125/761/888 1166/761/888 1161/757/885
f 1132/760/887 1133/745/889 1197/745/889 1192/760/887
f 1125/761/888 1126/762/890 1171/762/890 1166/761/888
f 1133/745/889 1134/744/891 1202/744/891 1197/745/889
f 1126/762/890 1127/763/892 1176/763/892 1171/762/890
f 1137/753/881 1119/764/893 1325/764/893 1303/765/894 1306/766/894 1217/753/881
f 1134/744/891 1135/767/895 1207/767/895 1202/744/891
f 1127/763/892 1128/746/875 1304/746/875 1282/768/896 1283/769/896 1176/763/892
f 1119/764/893 1118/770/897 1138/770/897 1285/771/898 1284/772/898 1325/764/893
f 1135/767/895 1136/752/880 1212/752/880 1207/767/895
f 1118/770/897 1120/758/886 1141/759/886 1138/770/897
f 1133/745/874 1132/760/899 1234/760/899 1235/745/874
f 1138/770/900 1141/759/901 1142/773/902 1139/774/903
f 1139/774/903 1142/773/902 1143/775/904 1140/776/905
f 1140/776/905 1143/775/904 1144/777/906 1294/778/907 1295/779/908
f 1141/759/901 1146/750/909 1147/780/910 1142/773/902
f 1142/773/902 1147/780/910 1148/781/911 1143/775/904
f 1143/775/904 1148/781/911 1149/782/912 1144/777/906
f 1144/777/906 1149/782/912 1150/783/913 1145/784/914
f 1145/784/914 1150/783/913 1301/785/915 1300/786/916
f 1146/750/909 1151/751/917 1152/787/918 1147/780/910
f 1147/780/910 1152/787/918 1153/788/919 1148/781/911
f 1148/781/911 1153/788/919 1154/789/920 1149/782/912
f 1149/782/912 1154/789/920 1155/790/921 1150/783/913
f 1150/783/913 1155/790/921 1296/791/922 1301/785/915
f 1151/751/917 1156/755/923 1157/792/924 1152/787/918
f 1152/787/918 1157/792/924 1158/793/925 1153/788/919
f 1153/788/919 1158/793/925 1159/794/926 1154/789/920
f 1154/789/920 1159/794/926 1160/795/927 1155/790/921
f 1155/790/921 1160/795/927 1297/796/928 1296/791/922
f 1156/755/923 1161/757/929 1162/797/930 1157/792/924
f 1157/792/924 1162/797/930 1163/798/931 1158/793/925
f 1158/793/925 1163/798/931 1164/799/932 1159/794/926
f 1159/794/926 1164/799/932 1165/800/933 1160/795/927
f 1160/795/927 1165/800/933 1298/801/934 1297/796/928
f 1161/757/929 1166/761/935 1167/802/936 1162/797/930
f 1162/797/930 1167/802/936 1168/803/937 1163/798/931
f 1163/798/931 1168/803/937 1169/804/938 1164/799/932
f 1164/799/932 1169/804/938 1170/805/939 1165/800/933
f 1165/800/933 1170/805/939 1302/806/940 1298/801/934
f 1166/761/935 1171/762/941 1172/807/942 1167/802/936
f 1167/802/936 1172/807/942 1173/808/943 1168/803/937
f 1168/803/937 1173/808/943 1174/809/944 1169/804/938
f 1169/804/938 1174/809/944 1175/810/945 1170/805/939
f 1170/805/939 1175/810/945 1291/811/946 1302/806/940
f 1171/762/941 1176/763/947 1177/812/948 1172/807/942
f 1172/807/942 1177/812/948 1178/813/949 1173/808/943
f 1173/808/943 1178/813/949 1288/814/950 1289/815/951 1174/809/944
f 1174/809/944 1289/815/951 1290/816/952 1175/810/945
f 1175/810/945 1290/816/952 1291/811/946
f 1176/763/947 1283/769/953 1286/817/954 1177/812/948
f 1177/812/948 1286/817/954 1287/818/955 1178/813/949
f 1178/813/949 1287/818/955 1288/814/950
f 1179/747/956 1182/754/957 1183/819/958 1180/820/959
f 1180/820/959 1183/819/958 1184/821/960 1181/822/961
f 1181/822/961 1184/821/960 1185/823/962 1317/824/963 1318/825/964
f 1182/754/957 1187/756/965 1188/826/966 1183/819/958
f 1183/819/958 1188/826/966 1189/827/967 1184/821/960
f 1184/821/960 1189/827/967 1190/828/968 1185/823/962
f 1185/823/962 1190/828/968 1191/829/969 1186/830/970
f 1186/830/970 1191/829/969 1319/831/971 1320/832/972
f 1187/756/965 1192/760/973 1193/833/974 1188/826/966
f 1188/826/966 1193/833/974 1194/834/975 1189/827/967
f 1189/827/967 1194/834/975 1195/835/976 1190/828/968
f 1190/828/968 1195/835/976 1196/836/977 1191/829/969
f 1191/829/969 1196/836/977 1324/837/978 1319/831/971
f 1192/760/973 1197/745/979 1198/838/980 1193/833/974
f 1193/833/974 1198/838/980 1199/839/981 1194/834/975
f 1194/834/975 1199/839/981 1200/840/982 1195/835/976
f 1195/835/976 1200/840/982 1201/841/983 1196/836/977
f 1196/836/977 1201/841/983 1323/842/984 1324/837/978
f 1197/745/979 1202/744/985 1203/843/986 1198/838/980
f 1198/838/980 1203/843/986 1204/844/987 1199/839/981
f 1199/839/981 1204/844/987 1205/845/988 1200/840/982
f 1200/840/982 1205/845/988 1206/846/989 1201/841/983
f 1201/841/983 1206/846/989 1321/847/990 1323/842/984
f 1202/744/985 1207/767/991 1208/848/992 1203/843/986
f 1203/843/986 1208/848/992 1209/849/993 1204/844/987
f 1204/844/987 1209/849/993 1210/850/994 1205/845/988
f 1205/845/988 1210/850/994 1211/851/995 1206/846/989
f 1206/846/989 1211/851/995 1322/852/996 1321/847/990
f 1207/767/991 1212/752/997 1213/853/998 1208/848/992
f 1208/848/992 1213/853/998 1214/854/999 1209/849/993
f 1209/849/993 1214/854/999 1215/855/1000 1210/850/994
f 1210/850/994 1215/855/1000 1216/856/1001 1211/851/995
f 1211/851/995 1216/856/1001 1313/857/1002 1322/852/996
f 1212/752/997 1217/753/1003 1218/858/1004 1213/853/998
f 1213/853/998 1218/858/1004 1219/859/1005 1214/854/999
f 1214/854/999 1219/859/1005 1310/860/1006 1311/861/1007 1215/855/1000
f 1215/855/1000 1311/861/1007 1312/862/1008 1216/856/1001
f 1216/856/1001 1312/862/1008 1313/857/1002
f 1217/753/1003 1306/766/1009 1308/863/1010 1218/858/1004
f 1218/858/1004 1308/863/1010 1309/864/1011 1219/859/1005
f 1219/859/1005 1309/864/1011 1310/860/1006
f 1220/770/1012 1229/763/1012 1228/762/1012 1227/761/1012 1226/757/1012 1225/755/1012 1224/751/1012 1223/750/1012 1222/758/1012
f 1135/767/1013 1134/744/873 1236/744/873 1237/767/1013
f 1136/752/1014 1135/767/1013 1237/767/1013 1238/752/1014
f 1137/753/1015 1136/752/1014 1238/752/1014 1239/753/1015
f 1119/764/1016 1137/753/1015 1239/753/1015 1221/764/1016
f 1118/770/1017 1119/764/1016 1221/764/1016 1220/770/1017
f 1120/758/1018 1118/770/1017 1220/770/1017 1222/758/1018
f 1121/750/1019 1120/758/1018 1222/758/1018 1223/750/1019
f 1122/751/1020 1121/750/1019 1223/750/1019 1224/751/1020
f 1123/755/1021 1122/751/1020 1224/751/1020 1225/755/1021
f 1124/757/1022 1123/755/1021 1225/755/1021 1226/757/1022
f 1125/761/1023 1124/757/1022 1226/757/1022 1227/761/1023
f 1126/762/1024 1125/761/1023 1227/761/1023 1228/762/1024
f 1127/763/1025 1126/762/1024 1228/762/1024 1229/763/1025
f 1128/746/1026 1127/763/1025 1229/763/1025 1230/746/1026
f 1129/747/1027 1128/746/1026 1230/746/1026 1231/747/1027
f 1130/754/1028 1129/747/1027 1231/747/1027 1232/754/1028
f 1131/756/1029 1130/754/1028 1232/754/1028 1233/756/1029
f 1132/760/899 1131/756/1029 1233/756/1029 1234/760/899
f 1229/763/1030 1220/770/1030 1240/865/1030 1242/866/1030 1243/867/1030 1244/868/1030 1245/869/1030 1246/870/1030 1241/871/1030 1261/872/1030 1263/873/1030 1264/874/1030 1265/875/1030 1266/876/1030 1267/877/1030 1262/763/1030
f 1231/747/1012 1239/753/1012 1238/752/1012 1237/767/1012 1236/744/1012 1235/745/1012 1234/760/1012 1233/756/1012 1232/754/1012
f 1261/872/1012 1241/871/1012 1248/878/1012 1275/879/1012 1269/880/1012 1254/881/1012
f 1231/747/1031 1230/746/1032 1255/746/1032 1268/747/1031
f 1239/753/1033 1231/747/1033 1268/747/1033 1270/882/1033 1271/883/1033 1272/884/1033 1273/885/1033 1274/886/1033 1269/880/1033 1275/879/1033 1277/887/1033 1278/888/1033 1279/889/1033 1280/890/1033 1281/891/1033 1276/892/1033
f 1221/764/1034 1239/753/1035 1276/892/1035 1247/893/1034
f 1230/746/1032 1229/763/1036 1262/763/1036 1255/746/1032
f 1240/865/1037 1247/893/1038 1249/894/1039 1242/866/1040
f 1242/866/1040 1249/894/1039 1250/895/1041 1243/867/1042
f 1243/867/1042 1250/895/1041 1251/896/1043 1244/868/1044
f 1244/868/1044 1251/896/1043 1252/897/1045 1245/869/1046
f 1245/869/1046 1252/897/1045 1253/898/1047 1246/870/1048
f 1246/870/1048 1253/898/1047 1248/878/1049 1241/871/1050
f 1255/746/1051 1262/763/1052 1267/877/1053 1260/899/1054
f 1260/899/1054 1267/877/1053 1266/876/1055 1259/900/1056
f 1259/900/1056 1266/876/1055 1265/875/1057 1258/901/1058
f 1258/901/1058 1265/875/1057 1264/874/1059 1257/902/1060
f 1257/902/1060 1264/874/1059 1263/873/1061 1256/903/1062
f 1256/903/1062 1263/873/1061 1261/872/1063 1254/881/1064
f 1268/747/1065 1255/746/1051 1260/899/1054 1270/882/1066
f 1270/882/1066 1260/899/1054 1259/900/1056 1271/883/1067
f 1271/883/1067 1259/900/1056 1258/901/1058 1272/884/1068
f 1272/884/1068 1258/901/1058 1257/902/1060 1273/885/1069
f 1273/885/1069 1257/902/1060 1256/903/1062 1274/886/1070
f 1274/886/1070 1256/903/1062 1254/881/1064 1269/880/1071
f 1247/893/1038 1276/892/1072 1281/891/1073 1249/894/1039
f 1249/894/1039 1281/891/1073 1280/890/1074 1250/895/1041
f 1250/895/1041 1280/890/1074 1279/889/1075 1251/896/1043
f 1251/896/1043 1279/889/1075 1278/888/1076 1252/897/1045
f 1252/897/1045 1278/888/1076 1277/887/1077 1253/898/1047
f 1253/898/1047 1277/887/1077 1275/879/1078 1248/878/1049
f 1220/770/1079 1221/764/1034 1247/893/1034 1240/865/1079
f 1314/904/1080 1315/905/1081 1180/820/959 1181/822/961
s 0
f 1303/906/1030 1305/906/1030 1307/906/1030 1315/906/1030 1314/906/1030 1318/906/1030 1317/906/1030 1316/906/1030 1320/906/1030 1319/906/1030 1324/906/1030 1323/906/1030 1321/906/1030 1322/906/1030 1313/906/1030 1312/906/1030 1311/906/1030 1310/906/1030 1309/906/1030 1308/906/1030 1306/906/1030
s 1
f 1315/905/1081 1307/748/1082 1179/747/956 1180/820/959
f 1320/832/972 1316/907/1083 1186/830/970
s 0
f 1305/906/1084 1303/906/1084 1325/906/1084 1284/906/1084 1282/906/1084 1304/906/1084
f 1282/906/1033 1284/906/1033 1285/906/1033 1292/906/1033 1293/906/1033 1295/906/1033 1294/906/1033 1299/906/1033 1300/906/1033 1301/906/1033 1296/906/1033 1297/906/1033 1298/906/1033 1302/906/1033 1291/906/1033 1290/906/1033 1289/906/1033 1288/906/1033 1287/906/1033 1286/906/1033 1283/906/1033
s 1
f 1292/908/1085 1285/771/1086 1138/770/900 1139/774/903
f 1316/907/1083 1317/824/963 1185/823/962 1186/830/970
f 1295/779/908 1293/909/1087 1140/776/905
f 1300/786/916 1299/910/1088 1145/784/914
f 1318/825/964 1314/904/1080 1181/822/961
f 1299/910/1088 1294/778/907 1144/777/906 1145/784/914
f 1293/909/1087 1292/908/1085 1139/774/903 1140/776/905
o Cylinder.023
v -1.064822 -0.533832 -1.038270
v -1.064822 -0.533832 -0.995957
v -1.032411 -0.438283 -1.038270
v -1.032411 -0.438283 -0.995957
v -1.222352 -0.480397 -1.038270
v -1.222352 -0.480397 -0.995957
v -1.189941 -0.384847 -1.038270
v -1.189941 -0.384847 -0.995957
vn 0.9470 -0.3212 -0.0000
vn -0.9470 0.3212 -0.0000
vn -0.0000 -0.0000 1.0000
vn -0.3212 -0.9470 -0.0000
vn -0.0000 -0.0000 -1.0000
vn 0.3212 0.9470 -0.0000
vt 0.000000 0.000000
s 0
usemtl Material.001
f 1326/911/1089 1328/911/1089 1329/911/1089 1327/911/1089
f 1330/911/1090 1331/911/1090 1333/911/1090 1332/911/1090
f 1327/911/1091 1329/911/1091 1333/911/1091 1331/911/1091
f 1326/911/1092 1327/911/1092 1331/911/1092 1330/911/1092
f 1328/911/1093 1326/911/1093 1330/911/1093 1332/911/1093
f 1329/911/1094 1328/911/1094 1332/911/1094 1333/911/1094
o Cylinder.020
v -1.788272 -1.301694 -1.028793
v -1.789539 -1.300347 -1.017113
v -1.784595 -1.305605 -1.039329
v -1.778866 -1.311697 -1.047691
v -1.771649 -1.319373 -1.053060
v -1.763648 -1.327881 -1.054910
v -1.755647 -1.336390 -1.053060
v -1.748429 -1.344066 -1.047691
v -1.742701 -1.350157 -1.039329
v -1.739023 -1.354068 -1.028793
v -1.737756 -1.355416 -1.017113
v -1.739023 -1.354068 -1.005434
v -1.742701 -1.350157 -0.994897
v -1.748429 -1.344066 -0.986536
v -1.755647 -1.336390 -0.981167
v -1.763648 -1.327881 -0.979317
v -1.771649 -1.319373 -0.981167
v -1.778866 -1.311697 -0.986536
v -1.784595 -1.305605 -0.994897
v -1.788272 -1.301694 -1.005434
v -2.279490 -1.781809 -1.024483
v -2.283162 -1.786532 -1.024182
v -2.285557 -1.792026 -1.023415
v -2.277170 -1.784277 -1.031131
v -2.280936 -1.788899 -1.030559
v -2.283573 -1.794136 -1.029099
v -2.284899 -1.799630 -1.026851
v -2.284825 -1.805006 -1.023969
v -2.273556 -1.788120 -1.036407
v -2.277470 -1.792586 -1.035619
v -2.280482 -1.797422 -1.033610
v -2.282388 -1.802300 -1.030517
v -2.283057 -1.806886 -1.026549
v -2.269001 -1.792964 -1.039794
v -2.273101 -1.797232 -1.038869
v -2.276588 -1.801564 -1.036507
v -2.279224 -1.805665 -1.032870
v -2.280830 -1.809255 -1.028206
v -2.263953 -1.798332 -1.040961
v -2.268259 -1.802381 -1.039988
v -2.272271 -1.806154 -1.037505
v -2.275717 -1.809394 -1.033681
v -2.278361 -1.811880 -1.028777
v -2.258905 -1.803701 -1.039794
v -2.263417 -1.807531 -1.038869
v -2.267955 -1.810745 -1.036507
v -2.272210 -1.813124 -1.032870
v -2.275892 -1.814506 -1.028206
v -2.254351 -1.808544 -1.036407
v -2.259048 -1.812176 -1.035619
v -2.264061 -1.814886 -1.033610
v -2.269046 -1.816489 -1.030517
v -2.273665 -1.816875 -1.026549
v -2.250736 -1.812387 -1.031131
v -2.255582 -1.815863 -1.030559
v -2.260970 -1.818173 -1.029099
v -2.266535 -1.819159 -1.026851
v -2.271897 -1.818754 -1.023969
v -2.248416 -1.814855 -1.024483
v -2.253356 -1.818230 -1.024182
v -2.258986 -1.820283 -1.023415
v -2.248416 -1.814855 -1.009744
v -2.253356 -1.818230 -1.010044
v -2.258986 -1.820283 -1.010812
v -2.250736 -1.812387 -1.003096
v -2.255582 -1.815863 -1.003668
v -2.260970 -1.818173 -1.005127
v -2.266535 -1.819159 -1.007375
v -2.271897 -1.818754 -1.010258
v -2.254351 -1.808544 -0.997820
v -2.259048 -1.812176 -0.998607
v -2.264061 -1.814886 -1.000616
v -2.269046 -1.816489 -1.003710
v -2.273665 -1.816875 -1.007677
v -2.258905 -1.803701 -0.994432
v -2.263417 -1.807531 -0.995358
v -2.267955 -1.810745 -0.997719
v -2.272210 -1.813124 -1.001356
v -2.275892 -1.814506 -1.006021
v -2.263953 -1.798332 -0.993265
v -2.268259 -1.802381 -0.994238
v -2.272271 -1.806154 -0.996721
v -2.275717 -1.809394 -1.000545
v -2.278361 -1.811880 -1.005450
v -2.269001 -1.792964 -0.994432
v -2.273101 -1.797232 -0.995358
v -2.276588 -1.801564 -0.997719
v -2.279224 -1.805665 -1.001356
v -2.280830 -1.809255 -1.006021
v -2.273556 -1.788120 -0.997820
v -2.277470 -1.792586 -0.998607
v -2.280482 -1.797422 -1.000616
v -2.282388 -1.802300 -1.003710
v -2.283057 -1.806886 -1.007677
v -2.277170 -1.784277 -1.003096
v -2.280936 -1.788899 -1.003668
v -2.283573 -1.794136 -1.005127
v -2.284899 -1.799630 -1.007375
v -2.284825 -1.805006 -1.010258
v -2.279490 -1.781809 -1.009744
v -2.283162 -1.786532 -1.010044
v -2.285557 -1.792026 -1.010812
v -1.775581 -1.302270 -1.025832
v -1.776526 -1.301264 -1.017113
v -1.772835 -1.305190 -1.033696
v -1.768560 -1.309737 -1.039938
v -1.763172 -1.315466 -1.043946
v -1.757199 -1.321818 -1.045327
v -1.751227 -1.328169 -1.043946
v -1.745839 -1.333899 -1.039938
v -1.741564 -1.338446 -1.033696
v -1.738818 -1.341365 -1.025832
v -1.737872 -1.342371 -1.017113
v -1.738818 -1.341365 -1.008395
v -1.741564 -1.338446 -1.000530
v -1.745839 -1.333899 -0.994288
v -1.751227 -1.328169 -0.990281
v -1.757199 -1.321818 -0.988900
v -1.763172 -1.315466 -0.990281
v -1.768560 -1.309737 -0.994288
v -1.772835 -1.305190 -1.000530
v -1.775581 -1.302270 -1.008395
v -1.761556 -1.289083 -1.025832
v -1.723868 -1.290476 -1.025832
v -1.755933 -1.285050 -1.025832
v -1.749440 -1.282624 -1.025832
v -1.742521 -1.281971 -1.025832
v -1.735646 -1.283134 -1.025832
v -1.729284 -1.286035 -1.025832
v -1.762502 -1.288077 -1.017113
v -1.724814 -1.289470 -1.017113
v -1.756879 -1.284044 -1.017113
v -1.750386 -1.281618 -1.017113
v -1.743467 -1.280965 -1.017113
v -1.736592 -1.282128 -1.017113
v -1.730230 -1.285029 -1.017113
v -1.722923 -1.291482 -1.017113
v -1.723848 -1.329184 -1.017113
v -1.718823 -1.297160 -1.017113
v -1.716319 -1.303688 -1.017113
v -1.715580 -1.310621 -1.017113
v -1.716658 -1.317488 -1.017113
v -1.719478 -1.323819 -1.017113
v -1.723868 -1.290476 -1.025832
v -1.724794 -1.328178 -1.025832
v -1.719769 -1.296154 -1.025832
v -1.717265 -1.302682 -1.025832
v -1.716526 -1.309615 -1.025832
v -1.717603 -1.316482 -1.025832
v -1.720424 -1.322813 -1.025832
v -1.724794 -1.328178 -1.008395
v -1.723868 -1.290476 -1.008395
v -1.720424 -1.322813 -1.008395
v -1.717603 -1.316482 -1.008395
v -1.716526 -1.309615 -1.008395
v -1.717265 -1.302682 -1.008395
v -1.719769 -1.296154 -1.008395
v -1.723868 -1.290476 -1.008395
v -1.761556 -1.289083 -1.008395
v -1.729284 -1.286035 -1.008395
v -1.735646 -1.283134 -1.008395
v -1.742521 -1.281971 -1.008395
v -1.749440 -1.282624 -1.008395
v -1.755933 -1.285050 -1.008395
v -2.244966 -1.812095 -1.023140
v -2.248270 -1.815010 -1.023140
v -2.276523 -1.778536 -1.023140
v -2.279636 -1.781654 -1.023140
v -2.253243 -1.818350 -1.023140
v -2.258956 -1.820314 -1.023140
v -2.260364 -1.820420 -1.023140
v -2.265240 -1.820536 -1.023140
v -2.271608 -1.819062 -1.023140
v -2.273093 -1.818314 -1.023140
v -2.283275 -1.786412 -1.023140
v -2.285587 -1.791994 -1.023140
v -2.286194 -1.798252 -1.023140
v -2.285778 -1.793393 -1.023140
v -2.281269 -1.811927 -1.023140
v -2.280019 -1.813439 -1.023140
v -2.278586 -1.814780 -1.023140
v -2.285114 -1.804699 -1.023140
v -2.284458 -1.806227 -1.023140
v -2.282600 -1.809856 -1.023140
v -2.276601 -1.816236 -1.023140
v -2.276523 -1.778536 -1.011086
v -2.244312 -1.812791 -1.017113
v -2.244966 -1.812095 -1.011086
v -2.279636 -1.781654 -1.011086
v -2.248270 -1.815010 -1.011086
v -2.283275 -1.786412 -1.011086
v -2.285587 -1.791994 -1.011086
v -2.285778 -1.793393 -1.011086
v -2.286194 -1.798252 -1.011086
v -2.285114 -1.804699 -1.011086
v -2.284458 -1.806227 -1.011086
v -2.258956 -1.820314 -1.011086
v -2.253243 -1.818350 -1.011086
v -2.271608 -1.819062 -1.011086
v -2.265240 -1.820536 -1.011086
v -2.260364 -1.820420 -1.011086
v -2.276601 -1.816236 -1.011086
v -2.273093 -1.818314 -1.011086
v -2.281269 -1.811927 -1.011086
v -2.282600 -1.809856 -1.011086
v -2.280019 -1.813439 -1.011086
v -2.278586 -1.814780 -1.011086
v -2.277177 -1.777840 -1.017113
vn 0.3915 0.6560 0.6453
vn 0.5352 0.5032 0.6785
vn 0.6701 -0.7422 -0.0000
vn 0.6363 -0.7063 0.3102
vn 0.6616 -0.7328 0.1590
vn -0.4174 0.4142 -0.8088
vn -0.2265 0.2112 -0.9509
vn -0.5689 0.5753 0.5877
vn -0.6659 0.6785 0.3102
vn 0.5393 -0.6032 0.5877
vn -0.0148 -0.0139 -0.9998
vn 0.3878 -0.4420 0.8088
vn 0.1969 -0.2390 -0.9509
vn -0.5689 0.5753 -0.5877
vn 0.1969 -0.2390 0.9509
vn 0.3878 -0.4420 -0.8088
vn -0.0148 -0.0139 0.9998
vn 0.5393 -0.6032 -0.5877
vn -0.2265 0.2112 0.9509
vn 0.6363 -0.7063 -0.3102
vn -0.6997 0.7145 -0.0000
vn -0.6908 0.7054 0.1590
vn -0.4174 0.4142 0.8088
vn 0.6616 -0.7328 -0.1590
vn -0.6659 0.6785 -0.3102
vn -0.6908 0.7054 -0.1590
vn 0.6788 0.3505 0.6453
vn -0.7612 0.5724 -0.3049
vn -0.6652 0.4703 -0.5800
vn -0.7392 0.3691 -0.5633
vn -0.8325 0.4683 -0.2961
vn -0.8516 0.1487 -0.5026
vn -0.9349 0.2372 -0.2642
vn -0.9085 -0.0788 -0.4104
vn -0.9455 -0.0126 -0.3253
vn -0.9365 0.0834 -0.3407
vn -0.5157 0.3113 -0.7983
vn -0.5940 0.2147 -0.7753
vn -0.7221 0.0109 -0.6917
vn -0.8027 -0.1914 -0.5649
vn -0.8323 -0.3808 -0.4029
vn -0.9077 -0.3005 -0.2927
vn -0.8120 -0.4896 -0.3176
vn -0.8675 -0.4301 -0.2499
vn -0.3272 0.1109 -0.9384
vn -0.4110 0.0201 -0.9114
vn -0.5588 -0.1627 -0.8132
vn -0.6693 -0.3332 -0.6641
vn -0.7372 -0.4819 -0.4736
vn -0.7463 -0.5598 -0.3600
vn -0.1183 -0.1113 -0.9867
vn -0.2081 -0.1957 -0.9583
vn -0.3778 -0.3552 -0.8550
vn -0.5215 -0.4904 -0.6983
vn -0.6317 -0.5940 -0.4980
vn -0.6755 -0.6352 -0.3744
vn 0.0905 -0.3334 -0.9384
vn -0.0052 -0.4114 -0.9114
vn -0.1968 -0.5477 -0.8132
vn -0.3737 -0.6476 -0.6641
vn -0.5263 -0.7062 -0.4736
vn -0.6046 -0.7105 -0.3600
vn 0.2790 -0.5338 -0.7983
vn 0.1778 -0.6061 -0.7753
vn -0.0335 -0.7214 -0.6917
vn -0.2403 -0.7894 -0.5649
vn -0.4312 -0.8073 -0.4029
vn -0.5386 -0.7804 -0.3176
vn 0.4285 -0.6928 -0.5800
vn 0.3230 -0.7605 -0.5633
vn 0.0961 -0.8592 -0.5026
vn -0.1345 -0.9019 -0.4104
vn -0.3557 -0.8876 -0.2927
vn -0.4826 -0.8394 -0.2499
vn 0.5245 -0.7949 -0.3049
vn 0.4163 -0.8597 -0.2961
vn 0.1793 -0.9477 -0.2642
vn 0.0257 -0.9398 -0.3407
vn -0.0707 -0.9430 -0.3253
vn -0.3021 -0.9233 -0.2372
vn 0.5509 -0.8202 -0.1544
vn 0.4433 -0.8837 -0.1501
vn 0.2061 -0.9693 -0.1342
vn 0.5245 -0.7949 0.3049
vn 0.4285 -0.6928 0.5800
vn 0.3230 -0.7605 0.5633
vn 0.4163 -0.8597 0.2961
vn 0.0961 -0.8592 0.5026
vn 0.1793 -0.9477 0.2642
vn -0.1345 -0.9019 0.4104
vn -0.0707 -0.9430 0.3253
vn 0.0257 -0.9398 0.3407
vn 0.2790 -0.5338 0.7983
vn 0.1778 -0.6061 0.7753
vn -0.0335 -0.7214 0.6917
vn -0.2403 -0.7894 0.5649
vn -0.4312 -0.8073 0.4029
vn -0.3557 -0.8876 0.2927
vn -0.5386 -0.7804 0.3177
vn -0.4826 -0.8394 0.2499
vn 0.0905 -0.3334 0.9384
vn -0.0052 -0.4114 0.9114
vn -0.1968 -0.5477 0.8132
vn -0.3737 -0.6476 0.6641
vn -0.5263 -0.7062 0.4736
vn -0.6046 -0.7105 0.3600
vn -0.1183 -0.1113 0.9867
vn -0.2081 -0.1957 0.9583
vn -0.3778 -0.3552 0.8550
vn -0.5215 -0.4904 0.6983
vn -0.6317 -0.5940 0.4980
vn -0.6755 -0.6352 0.3744
vn -0.3272 0.1109 0.9384
vn -0.4110 0.0201 0.9114
vn -0.5588 -0.1627 0.8132
vn -0.6693 -0.3332 0.6641
vn -0.7372 -0.4819 0.4736
vn -0.7463 -0.5598 0.3600
vn -0.5157 0.3113 0.7983
vn -0.5940 0.2147 0.7753
vn -0.7221 0.0109 0.6917
vn -0.8027 -0.1914 0.5649
vn -0.8323 -0.3808 0.4029
vn -0.8120 -0.4896 0.3176
vn -0.6652 0.4703 0.5800
vn -0.7392 0.3691 0.5633
vn -0.8516 0.1487 0.5026
vn -0.9085 -0.0788 0.4104
vn -0.9077 -0.3005 0.2927
vn -0.8675 -0.4301 0.2499
vn -0.7612 0.5724 0.3049
vn -0.8325 0.4683 0.2961
vn -0.9348 0.2372 0.2642
vn -0.9365 0.0834 0.3407
vn -0.9455 -0.0126 0.3253
vn -0.9401 -0.2448 0.2372
vn -0.7848 0.6003 0.1544
vn -0.8548 0.4968 0.1501
vn -0.9548 0.2652 0.1342
vn 0.7285 0.6850 -0.0000
vn 0.2619 0.7938 0.5489
vn 0.1591 0.9031 0.3988
vn 0.0931 0.9733 0.2097
vn 0.0703 0.9975 -0.0000
vn 0.0931 0.9733 -0.2097
vn 0.1591 0.9031 -0.3988
vn 0.2619 0.7938 -0.5489
vn 0.3915 0.6560 -0.6453
vn 0.5352 0.5032 -0.6785
vn 0.6788 0.3505 -0.6453
vn 0.8084 0.2127 -0.5489
vn 0.9112 0.1033 -0.3988
vn 0.9772 0.0331 -0.2097
vn 1.0000 0.0089 -0.0000
vn 0.9772 0.0331 0.2097
vn 0.9112 0.1033 0.3988
vn 0.8084 0.2127 0.5489
vn -0.0000 -0.0000 -1.0000
vn 0.6766 -0.7195 0.1564
vn 0.6850 -0.7285 -0.0000
vn -0.0000 -0.0000 1.0000
vn -0.6850 0.7285 -0.0000
vn -0.6766 0.7195 0.1564
vn 0.6766 -0.7195 -0.1564
vn -0.5757 0.8028 -0.1551
vn -0.5828 0.8126 -0.0000
vn -0.4735 0.8808 -0.0000
vn -0.4620 0.8739 -0.1510
vn -0.2303 0.9731 -0.0000
vn -0.2154 0.9672 -0.1350
vn 0.0276 0.9996 -0.0000
vn 0.0458 0.9929 -0.1096
vn 0.2827 0.9592 -0.0000
vn 0.3033 0.9498 -0.0767
vn 0.5183 0.8552 -0.0000
vn 0.5391 0.8414 -0.0386
vn 0.6341 0.7733 -0.0000
vn 0.6340 0.7731 -0.0204
vn 0.7753 -0.6316 -0.0000
vn 0.7659 -0.6240 -0.1551
vn 0.8439 -0.5149 -0.1510
vn 0.8501 -0.5267 -0.0000
vn 0.9521 -0.2744 -0.1350
vn 0.9571 -0.2896 -0.0000
vn 0.9939 -0.0153 -0.1096
vn 0.9994 -0.0339 -0.0000
vn 0.9667 0.2443 -0.0767
vn 0.9748 0.2232 -0.0000
vn 0.8729 0.4864 -0.0386
vn 0.8854 0.4648 -0.0000
vn 0.8106 0.5853 -0.0204
vn 0.8108 0.5854 -0.0000
vn 0.7659 -0.6240 0.1551
vn 0.8439 -0.5149 0.1510
vn 0.9521 -0.2744 0.1350
vn 0.9939 -0.0153 0.1096
vn 0.9667 0.2443 0.0767
vn 0.8729 0.4864 0.0386
vn 0.8106 0.5853 0.0204
vn -0.5757 0.8028 0.1551
vn -0.4620 0.8739 0.1510
vn -0.2154 0.9672 0.1350
vn 0.0458 0.9929 0.1096
vn 0.3033 0.9498 0.0767
vn 0.5391 0.8414 0.0386
vn 0.6340 0.7731 0.0204
vn -0.6766 0.7195 -0.1564
vn 0.2061 -0.9693 0.1342
vn 0.4433 -0.8837 0.1501
vn 0.5509 -0.8202 0.1544
vn -0.3021 -0.9233 0.2372
vn -0.7285 -0.6850 -0.0000
vn -0.8548 0.4968 -0.1501
vn -0.7848 0.6003 -0.1544
vn -0.9548 0.2652 -0.1341
vn -0.9401 -0.2448 -0.2372
vt 0.021740 0.324124
vt 0.010006 0.249960
vt 0.250041 0.010006
vt 0.175877 0.021740
vt 0.189385 0.019603
vt 0.189720 0.019550
vt 0.444135 0.391098
vt 0.478235 0.324200
vt 0.108902 0.444135
vt 0.175799 0.478235
vt 0.108968 0.055817
vt 0.489994 0.250040
vt 0.055865 0.108902
vt 0.478260 0.175876
vt 0.391032 0.444183
vt 0.391032 0.444183
vt 0.021765 0.175800
vt 0.444183 0.108968
vt 0.391098 0.055865
vt 0.324201 0.021765
vt 0.249959 0.489994
vt 0.189642 0.480430
vt 0.189307 0.480377
vt 0.055817 0.391032
vt 0.310358 0.019570
vt 0.310692 0.019623
vt 0.324201 0.478235
vt 0.310678 0.480377
vt 0.310343 0.480430
vt 0.390918 0.444025
vt 0.324139 0.478050
vt 0.390580 0.443556
vt 0.323957 0.477501
vt 0.390058 0.442832
vt 0.336717 0.470008
vt 0.323891 0.477304
vt 0.443977 0.390983
vt 0.443510 0.390643
vt 0.442787 0.390118
vt 0.347883 0.321132
vt 0.321113 0.347896
vt 0.312524 0.295432
vt 0.312520 0.336067
vt 0.478049 0.324140
vt 0.477500 0.323961
vt 0.476650 0.323685
vt 0.365074 0.287406
vt 0.312526 0.270321
vt 0.489798 0.250040
vt 0.489220 0.250040
vt 0.488327 0.250040
vt 0.371000 0.250019
vt 0.312529 0.250009
vt 0.478074 0.175936
vt 0.477524 0.176115
vt 0.476674 0.176391
vt 0.365084 0.212630
vt 0.312532 0.229697
vt 0.444025 0.109083
vt 0.443557 0.109423
vt 0.442834 0.109948
vt 0.347902 0.178898
vt 0.312536 0.204586
vt 0.390983 0.056023
vt 0.390643 0.056491
vt 0.390117 0.057213
vt 0.321137 0.152124
vt 0.312542 0.163951
vt 0.324140 0.021951
vt 0.323962 0.022501
vt 0.323898 0.022698
vt 0.336737 0.030004
vt 0.312544 0.147744
vt 0.313221 0.020219
vt 0.320744 0.021990
vt 0.109083 0.055975
vt 0.175937 0.021926
vt 0.109423 0.056443
vt 0.176115 0.022476
vt 0.109948 0.057166
vt 0.163337 0.029974
vt 0.176179 0.022673
vt 0.056023 0.109017
vt 0.056490 0.109357
vt 0.057213 0.109882
vt 0.152125 0.178865
vt 0.178899 0.152100
vt 0.187484 0.204565
vt 0.187491 0.163930
vt 0.021951 0.175860
vt 0.022500 0.176039
vt 0.023350 0.176315
vt 0.134932 0.212592
vt 0.187481 0.229676
vt 0.010202 0.249960
vt 0.010780 0.249960
vt 0.011673 0.249960
vt 0.129004 0.249979
vt 0.187477 0.249989
vt 0.021926 0.324064
vt 0.022476 0.323885
vt 0.023326 0.323609
vt 0.134920 0.287368
vt 0.187474 0.270301
vt 0.055975 0.390917
vt 0.056443 0.390577
vt 0.057166 0.390052
vt 0.152102 0.321100
vt 0.187471 0.295412
vt 0.109017 0.443977
vt 0.109357 0.443509
vt 0.109882 0.442787
vt 0.178868 0.347874
vt 0.187464 0.336048
vt 0.175860 0.478049
vt 0.176038 0.477499
vt 0.176102 0.477302
vt 0.163262 0.469996
vt 0.187462 0.352254
vt 0.186779 0.479780
vt 0.179256 0.478010
vt 0.324201 0.478235
vt 0.325003 0.475516
vt 0.327354 0.467543
vt 0.324201 0.455952
vt 0.324201 0.364117
vt 0.324201 0.309072
vt 0.324201 0.250000
vt 0.324201 0.250000
vt 0.324201 0.190928
vt 0.324201 0.135883
vt 0.324201 0.044048
vt 0.327350 0.032457
vt 0.325002 0.024484
vt 0.250017 0.261740
vt 0.175838 0.249987
vt 0.175838 0.249987
vt 0.250020 0.238248
vt 0.175075 0.024459
vt 0.172725 0.032431
vt 0.175873 0.044024
vt 0.175857 0.135864
vt 0.175848 0.190913
vt 0.175828 0.309062
vt 0.175819 0.364111
vt 0.175803 0.455951
vt 0.172651 0.467542
vt 0.174999 0.475515
vt 0.175799 0.478235
vt 0.249959 0.489994
vt 0.249960 0.489803
vt 0.249962 0.489244
vt 0.249965 0.488356
vt 0.250005 0.375861
vt 0.250011 0.320813
vt 0.250041 0.010197
vt 0.250041 0.010755
vt 0.250040 0.011642
vt 0.250030 0.124127
vt 0.250025 0.179175
vt 0.179333 0.021966
vt 0.186857 0.020198
vt 0.000000 0.000000
vt 0.187493 0.147723
vt 0.313208 0.479781
vt 0.320736 0.478011
vt 0.312519 0.352273
s 1
usemtl Material.001
f 1350/912/1095 1349/913/1096 1451/913/1096 1452/912/1095
f 1344/914/1097 1345/915/1098 1395/915/1098 1523/916/1099 1521/917/1099 1520/914/1097
f 1337/918/1100 1338/919/1101 1367/919/1101 1362/918/1100
f 1352/920/1102 1353/921/1103 1433/921/1103 1428/920/1102
f 1345/915/1098 1346/922/1104 1398/922/1104 1395/915/1098
f 1338/919/1101 1339/923/1105 1372/923/1105 1367/919/1101
f 1346/922/1104 1347/924/1106 1403/924/1106 1398/922/1104
f 1339/923/1105 1340/925/1107 1377/925/1107 1372/923/1105
f 1336/926/1108 1337/918/1100 1362/918/1100 1357/927/1108
f 1347/924/1106 1348/928/1109 1408/928/1109 1403/924/1106
f 1340/925/1107 1341/929/1110 1382/929/1110 1377/925/1107
f 1348/928/1109 1349/913/1111 1413/913/1111 1408/928/1109
f 1341/929/1110 1342/930/1112 1387/930/1112 1382/929/1110
f 1349/913/1111 1350/912/1113 1418/912/1113 1413/913/1111
f 1342/930/1112 1343/931/1114 1392/931/1114 1387/930/1112
f 1353/921/1103 1335/932/1115 1541/932/1115 1519/933/1116 1522/934/1116 1433/921/1103
f 1350/912/1113 1351/935/1117 1423/935/1117 1418/912/1113
f 1343/931/1114 1344/914/1097 1520/914/1097 1498/936/1118 1499/937/1118 1392/931/1114
f 1335/932/1115 1334/938/1119 1354/938/1119 1501/939/1120 1500/940/1120 1541/932/1115
f 1351/935/1117 1352/920/1102 1428/920/1102 1423/935/1117
f 1334/938/1119 1336/926/1108 1357/927/1108 1354/938/1119
f 1349/913/1096 1348/928/1121 1450/928/1121 1451/913/1096
f 1354/938/1122 1357/927/1123 1358/941/1124 1355/942/1125
f 1355/942/1125 1358/941/1124 1359/943/1126 1356/944/1127
f 1356/944/1127 1359/943/1126 1360/945/1128 1510/946/1129 1511/947/1130
f 1357/927/1123 1362/918/1131 1363/948/1132 1358/941/1124
f 1358/941/1124 1363/948/1132 1364/949/1133 1359/943/1126
f 1359/943/1126 1364/949/1133 1365/950/1134 1360/945/1128
f 1360/945/1128 1365/950/1134 1366/951/1135 1361/952/1136
f 1361/952/1136 1366/951/1135 1517/953/1137 1516/954/1138
f 1362/918/1131 1367/919/1139 1368/955/1140 1363/948/1132
f 1363/948/1132 1368/955/1140 1369/956/1141 1364/949/1133
f 1364/949/1133 1369/956/1141 1370/957/1142 1365/950/1134
f 1365/950/1134 1370/957/1142 1371/958/1143 1366/951/1135
f 1366/951/1135 1371/958/1143 1512/959/1144 1517/953/1137
f 1367/919/1139 1372/923/1145 1373/960/1146 1368/955/1140
f 1368/955/1140 1373/960/1146 1374/961/1147 1369/956/1141
f 1369/956/1141 1374/961/1147 1375/962/1148 1370/957/1142
f 1370/957/1142 1375/962/1148 1376/963/1149 1371/958/1143
f 1371/958/1143 1376/963/1149 1513/964/1150 1512/959/1144
f 1372/923/1145 1377/925/1151 1378/965/1152 1373/960/1146
f 1373/960/1146 1378/965/1152 1379/966/1153 1374/961/1147
f 1374/961/1147 1379/966/1153 1380/967/1154 1375/962/1148
f 1375/962/1148 1380/967/1154 1381/968/1155 1376/963/1149
f 1376/963/1149 1381/968/1155 1514/969/1156 1513/964/1150
f 1377/925/1151 1382/929/1157 1383/970/1158 1378/965/1152
f 1378/965/1152 1383/970/1158 1384/971/1159 1379/966/1153
f 1379/966/1153 1384/971/1159 1385/972/1160 1380/967/1154
f 1380/967/1154 1385/972/1160 1386/973/1161 1381/968/1155
f 1381/968/1155 1386/973/1161 1518/974/1162 1514/969/1156
f 1382/929/1157 1387/930/1163 1388/975/1164 1383/970/1158
f 1383/970/1158 1388/975/1164 1389/976/1165 1384/971/1159
f 1384/971/1159 1389/976/1165 1390/977/1166 1385/972/1160
f 1385/972/1160 1390/977/1166 1391/978/1167 1386/973/1161
f 1386/973/1161 1391/978/1167 1507/979/1168 1518/974/1162
f 1387/930/1163 1392/931/1169 1393/980/1170 1388/975/1164
f 1388/975/1164 1393/980/1170 1394/981/1171 1389/976/1165
f 1389/976/1165 1394/981/1171 1504/982/1172 1505/983/1173 1390/977/1166
f 1390/977/1166 1505/983/1173 1506/984/1174 1391/978/1167
f 1391/978/1167 1506/984/1174 1507/979/1168
f 1392/931/1169 1499/937/1175 1502/985/1176 1393/980/1170
f 1393/980/1170 1502/985/1176 1503/986/1177 1394/981/1171
f 1394/981/1171 1503/986/1177 1504/982/1172
f 1395/915/1178 1398/922/1179 1399/987/1180 1396/988/1181
f 1396/988/1181 1399/987/1180 1400/989/1182 1397/990/1183
f 1397/990/1183 1400/989/1182 1401/991/1184 1533/992/1185 1534/993/1186
f 1398/922/1179 1403/924/1187 1404/994/1188 1399/987/1180
f 1399/987/1180 1404/994/1188 1405/995/1189 1400/989/1182
f 1400/989/1182 1405/995/1189 1406/996/1190 1401/991/1184
f 1401/991/1184 1406/996/1190 1407/997/1191 1402/998/1192
f 1402/998/1192 1407/997/1191 1535/999/1193 1536/1000/1194
f 1403/924/1187 1408/928/1195 1409/1001/1196 1404/994/1188
f 1404/994/1188 1409/1001/1196 1410/1002/1197 1405/995/1189
f 1405/995/1189 1410/1002/1197 1411/1003/1198 1406/996/1190
f 1406/996/1190 1411/1003/1198 1412/1004/1199 1407/997/1191
f 1407/997/1191 1412/1004/1199 1540/1005/1200 1535/999/1193
f 1408/928/1195 1413/913/1201 1414/1006/1202 1409/1001/1196
f 1409/1001/1196 1414/1006/1202 1415/1007/1203 1410/1002/1197
f 1410/1002/1197 1415/1007/1203 1416/1008/1204 1411/1003/1198
f 1411/1003/1198 1416/1008/1204 1417/1009/1205 1412/1004/1199
f 1412/1004/1199 1417/1009/1205 1539/1010/1206 1540/1005/1200
f 1413/913/1201 1418/912/1207 1419/1011/1208 1414/1006/1202
f 1414/1006/1202 1419/1011/1208 1420/1012/1209 1415/1007/1203
f 1415/1007/1203 1420/1012/1209 1421/1013/1210 1416/1008/1204
f 1416/1008/1204 1421/1013/1210 1422/1014/1211 1417/1009/1205
f 1417/1009/1205 1422/1014/1211 1537/1015/1212 1539/1010/1206
f 1418/912/1207 1423/935/1213 1424/1016/1214 1419/1011/1208
f 1419/1011/1208 1424/1016/1214 1425/1017/1215 1420/1012/1209
f 1420/1012/1209 1425/1017/1215 1426/1018/1216 1421/1013/1210
f 1421/1013/1210 1426/1018/1216 1427/1019/1217 1422/1014/1211
f 1422/1014/1211 1427/1019/1217 1538/1020/1218 1537/1015/1212
f 1423/935/1213 1428/920/1219 1429/1021/1220 1424/1016/1214
f 1424/1016/1214 1429/1021/1220 1430/1022/1221 1425/1017/1215
f 1425/1017/1215 1430/1022/1221 1431/1023/1222 1426/1018/1216
f 1426/1018/1216 1431/1023/1222 1432/1024/1223 1427/1019/1217
f 1427/1019/1217 1432/1024/1223 1529/1025/1224 1538/1020/1218
f 1428/920/1219 1433/921/1225 1434/1026/1226 1429/1021/1220
f 1429/1021/1220 1434/1026/1226 1435/1027/1227 1430/1022/1221
f 1430/1022/1221 1435/1027/1227 1526/1028/1228 1527/1029/1229 1431/1023/1222
f 1431/1023/1222 1527/1029/1229 1528/1030/1230 1432/1024/1223
f 1432/1024/1223 1528/1030/1230 1529/1025/1224
f 1433/921/1225 1522/934/1231 1524/1031/1232 1434/1026/1226
f 1434/1026/1226 1524/1031/1232 1525/1032/1233 1435/1027/1227
f 1435/1027/1227 1525/1032/1233 1526/1028/1228
f 1436/938/1234 1445/931/1234 1444/930/1234 1443/929/1234 1442/925/1234 1441/923/1234 1440/919/1234 1439/918/1234 1438/926/1234
f 1351/935/1235 1350/912/1095 1452/912/1095 1453/935/1235
f 1352/920/1236 1351/935/1235 1453/935/1235 1454/920/1236
f 1353/921/1237 1352/920/1236 1454/920/1236 1455/921/1237
f 1335/932/1238 1353/921/1237 1455/921/1237 1437/932/1238
f 1334/938/1239 1335/932/1238 1437/932/1238 1436/938/1239
f 1336/926/1240 1334/938/1239 1436/938/1239 1438/926/1240
f 1337/918/1241 1336/926/1240 1438/926/1240 1439/918/1241
f 1338/919/1242 1337/918/1241 1439/918/1241 1440/919/1242
f 1339/923/1243 1338/919/1242 1440/919/1242 1441/923/1243
f 1340/925/1244 1339/923/1243 1441/923/1243 1442/925/1244
f 1341/929/1245 1340/925/1244 1442/925/1244 1443/929/1245
f 1342/930/1246 1341/929/1245 1443/929/1245 1444/930/1246
f 1343/931/1247 1342/930/1246 1444/930/1246 1445/931/1247
f 1344/914/1248 1343/931/1247 1445/931/1247 1446/914/1248
f 1345/915/1249 1344/914/1248 1446/914/1248 1447/915/1249
f 1346/922/1250 1345/915/1249 1447/915/1249 1448/922/1250
f 1347/924/1251 1346/922/1250 1448/922/1250 1449/924/1251
f 1348/928/1121 1347/924/1251 1449/924/1251 1450/928/1121
f 1445/931/1252 1436/938/1252 1456/1033/1252 1458/1034/1252 1459/1035/1252 1460/1036/1252 1461/1037/1252 1462/1038/1252 1457/1039/1252 1477/1040/1252 1479/1041/1252 1480/1042/1252 1481/1043/1252 1482/1044/1252 1483/1045/1252 1478/931/1252
f 1447/915/1234 1455/921/1234 1454/920/1234 1453/935/1234 1452/912/1234 1451/913/1234 1450/928/1234 1449/924/1234 1448/922/1234
f 1477/1040/1234 1457/1039/1234 1464/1046/1234 1491/1047/1234 1485/1048/1234 1470/1049/1234
f 1447/915/1253 1446/914/1254 1471/914/1254 1484/915/1253
f 1455/921/1255 1447/915/1255 1484/915/1255 1486/1050/1255 1487/1051/1255 1488/1052/1255 1489/1053/1255 1490/1054/1255 1485/1048/1255 1491/1047/1255 1493/1055/1255 1494/1056/1255 1495/1057/1255 1496/1058/1255 1497/1059/1255 1492/1060/1255
f 1437/932/1256 1455/921/1257 1492/1060/1257 1463/1061/1256
f 1446/914/1254 1445/931/1258 1478/931/1258 1471/914/1254
f 1456/1033/1259 1463/1061/1260 1465/1062/1261 1458/1034/1262
f 1458/1034/1262 1465/1062/1261 1466/1063/1263 1459/1035/1264
f 1459/1035/1264 1466/1063/1263 1467/1064/1265 1460/1036/1266
f 1460/1036/1266 1467/1064/1265 1468/1065/1267 1461/1037/1268
f 1461/1037/1268 1468/1065/1267 1469/1066/1269 1462/1038/1270
f 1462/1038/1270 1469/1066/1269 1464/1046/1271 1457/1039/1272
f 1471/914/1273 1478/931/1274 1483/1045/1275 1476/1067/1276
f 1476/1067/1276 1483/1045/1275 1482/1044/1277 1475/1068/1278
f 1475/1068/1278 1482/1044/1277 1481/1043/1279 1474/1069/1280
f 1474/1069/1280 1481/1043/1279 1480/1042/1281 1473/1070/1282
f 1473/1070/1282 1480/1042/1281 1479/1041/1283 1472/1071/1284
f 1472/1071/1284 1479/1041/1283 1477/1040/1285 1470/1049/1286
f 1484/915/1287 1471/914/1273 1476/1067/1276 1486/1050/1288
f 1486/1050/1288 1476/1067/1276 1475/1068/1278 1487/1051/1289
f 1487/1051/1289 1475/1068/1278 1474/1069/1280 1488/1052/1290
f 1488/1052/1290 1474/1069/1280 1473/1070/1282 1489/1053/1291
f 1489/1053/1291 1473/1070/1282 1472/1071/1284 1490/1054/1292
f 1490/1054/1292 1472/1071/1284 1470/1049/1286 1485/1048/1293
f 1463/1061/1260 1492/1060/1294 1497/1059/1295 1465/1062/1261
f 1465/1062/1261 1497/1059/1295 1496/1058/1296 1466/1063/1263
f 1466/1063/1263 1496/1058/1296 1495/1057/1297 1467/1064/1265
f 1467/1064/1265 1495/1057/1297 1494/1056/1298 1468/1065/1267
f 1468/1065/1267 1494/1056/1298 1493/1055/1299 1469/1066/1269
f 1469/1066/1269 1493/1055/1299 1491/1047/1300 1464/1046/1271
f 1436/938/1301 1437/932/1256 1463/1061/1256 1456/1033/1301
f 1530/1072/1302 1531/1073/1303 1396/988/1181 1397/990/1183
s 0
f 1519/1074/1252 1521/1074/1252 1523/1074/1252 1531/1074/1252 1530/1074/1252 1534/1074/1252 1533/1074/1252 1532/1074/1252 1536/1074/1252 1535/1074/1252 1540/1074/1252 1539/1074/1252 1537/1074/1252 1538/1074/1252 1529/1074/1252 1528/1074/1252 1527/1074/1252 1526/1074/1252 1525/1074/1252 1524/1074/1252 1522/1074/1252
s 1
f 1531/1073/1303 1523/916/1304 1395/915/1178 1396/988/1181
f 1536/1000/1194 1532/1075/1305 1402/998/1192
s 0
f 1521/1074/1306 1519/1074/1306 1541/1074/1306 1500/1074/1306 1498/1074/1306 1520/1074/1306
f 1498/1074/1255 1500/1074/1255 1501/1074/1255 1508/1074/1255 1509/1074/1255 1511/1074/1255 1510/1074/1255 1515/1074/1255 1516/1074/1255 1517/1074/1255 1512/1074/1255 1513/1074/1255 1514/1074/1255 1518/1074/1255 1507/1074/1255 1506/1074/1255 1505/1074/1255 1504/1074/1255 1503/1074/1255 1502/1074/1255 1499/1074/1255
s 1
f 1508/1076/1307 1501/939/1308 1354/938/1122 1355/942/1125
f 1532/1075/1305 1533/992/1185 1401/991/1184 1402/998/1192
f 1511/947/1130 1509/1077/1309 1356/944/1127
f 1516/954/1138 1515/1078/1310 1361/952/1136
f 1534/993/1186 1530/1072/1302 1397/990/1183
f 1515/1078/1310 1510/946/1129 1360/945/1128 1361/952/1136
f 1509/1077/1309 1508/1076/1307 1355/942/1125 1356/944/1127
o Cylinder.021
v -2.293717 -1.799996 -1.023186
v -2.294115 -1.799120 -1.017113
v -2.292562 -1.802537 -1.028665
v -2.290762 -1.806495 -1.033013
v -2.288494 -1.811482 -1.035805
v -2.285980 -1.817010 -1.036767
v -2.283465 -1.822539 -1.035805
v -2.281198 -1.827526 -1.033013
v -2.279398 -1.831484 -1.028665
v -2.278242 -1.834025 -1.023186
v -2.277844 -1.834901 -1.017113
v -2.278242 -1.834025 -1.011040
v -2.279398 -1.831484 -1.005561
v -2.281198 -1.827526 -1.001213
v -2.283465 -1.822539 -0.998422
v -2.285980 -1.817010 -0.997460
v -2.288494 -1.811482 -0.998422
v -2.290761 -1.806495 -1.001213
v -2.292562 -1.802537 -1.005561
v -2.293717 -1.799996 -1.011040
v -2.593824 -1.944047 -1.020945
v -2.596422 -1.945758 -1.020789
v -2.598521 -1.948061 -1.020390
v -2.593095 -1.945651 -1.024402
v -2.595723 -1.947296 -1.024105
v -2.597898 -1.949432 -1.023346
v -2.599471 -1.951915 -1.022177
v -2.600334 -1.954574 -1.020678
v -2.591959 -1.948148 -1.027146
v -2.594634 -1.949691 -1.026736
v -2.596927 -1.951567 -1.025692
v -2.598681 -1.953650 -1.024083
v -2.599779 -1.955795 -1.022020
v -2.590528 -1.951295 -1.028907
v -2.593261 -1.952709 -1.028426
v -2.595703 -1.954258 -1.027198
v -2.597687 -1.955836 -1.025307
v -2.599079 -1.957334 -1.022881
v -2.588942 -1.954783 -1.029514
v -2.591740 -1.956055 -1.029008
v -2.594347 -1.957241 -1.027717
v -2.596585 -1.958259 -1.025728
v -2.598303 -1.959040 -1.023178
v -2.587356 -1.958271 -1.028907
v -2.590218 -1.959401 -1.028426
v -2.592990 -1.960224 -1.027198
v -2.595483 -1.960682 -1.025307
v -2.597528 -1.960746 -1.022881
v -2.585925 -1.961418 -1.027146
v -2.588845 -1.962420 -1.026736
v -2.591767 -1.962914 -1.025692
v -2.594489 -1.962868 -1.024083
v -2.596828 -1.962285 -1.022020
v -2.584789 -1.963915 -1.024402
v -2.587756 -1.964815 -1.024105
v -2.590796 -1.965050 -1.023346
v -2.593700 -1.964603 -1.022177
v -2.596272 -1.963506 -1.020678
v -2.584060 -1.965519 -1.020945
v -2.587057 -1.966353 -1.020789
v -2.590172 -1.966421 -1.020390
v -2.584060 -1.965519 -1.013281
v -2.587057 -1.966353 -1.013438
v -2.590172 -1.966421 -1.013837
v -2.584789 -1.963915 -1.009824
v -2.587756 -1.964815 -1.010122
v -2.590796 -1.965050 -1.010881
v -2.593700 -1.964603 -1.012050
v -2.596272 -1.963506 -1.013548
v -2.585925 -1.961418 -1.007081
v -2.588845 -1.962420 -1.007490
v -2.591767 -1.962914 -1.008535
v -2.594489 -1.962868 -1.010144
v -2.596828 -1.962285 -1.012207
v -2.587356 -1.958271 -1.005319
v -2.590218 -1.959401 -1.005801
v -2.592990 -1.960224 -1.007029
v -2.595483 -1.960682 -1.008920
v -2.597528 -1.960746 -1.011345
v -2.588942 -1.954783 -1.004712
v -2.591740 -1.956055 -1.005219
v -2.594347 -1.957241 -1.006510
v -2.596585 -1.958259 -1.008498
v -2.598303 -1.959040 -1.011048
v -2.590528 -1.951295 -1.005319
v -2.593261 -1.952709 -1.005801
v -2.595703 -1.954258 -1.007029
v -2.597687 -1.955836 -1.008920
v -2.599079 -1.957334 -1.011345
v -2.591959 -1.948148 -1.007081
v -2.594634 -1.949691 -1.007490
v -2.596927 -1.951567 -1.008535
v -2.598681 -1.953650 -1.010144
v -2.599779 -1.955795 -1.012207
v -2.593095 -1.945651 -1.009824
v -2.595723 -1.947296 -1.010122
v -2.597898 -1.949432 -1.010881
v -2.599471 -1.951915 -1.012050
v -2.600334 -1.954574 -1.013548
v -2.593824 -1.944047 -1.013281
v -2.596422 -1.945758 -1.013438
v -2.598521 -1.948061 -1.013837
v -2.287565 -1.802404 -1.021647
v -2.287863 -1.801751 -1.017113
v -2.286703 -1.804301 -1.025736
v -2.285359 -1.807256 -1.028982
v -2.283666 -1.810978 -1.031066
v -2.281790 -1.815105 -1.031784
v -2.279913 -1.819232 -1.031066
v -2.278220 -1.822955 -1.028982
v -2.276877 -1.825909 -1.025736
v -2.276014 -1.827806 -1.021647
v -2.275717 -1.828459 -1.017113
v -2.276014 -1.827806 -1.012580
v -2.276877 -1.825909 -1.008490
v -2.278220 -1.822955 -1.005245
v -2.279913 -1.819232 -1.003161
v -2.281790 -1.815105 -1.002443
v -2.283666 -1.810978 -1.003161
v -2.285359 -1.807256 -1.005245
v -2.286703 -1.804301 -1.008490
v -2.287565 -1.802404 -1.012580
v -2.278454 -1.798260 -1.021647
v -2.260133 -1.805257 -1.021647
v -2.275010 -1.797217 -1.021647
v -2.271407 -1.797110 -1.021647
v -2.267892 -1.797947 -1.021647
v -2.264702 -1.799671 -1.021647
v -2.262056 -1.802164 -1.021647
v -2.278751 -1.797607 -1.017113
v -2.260431 -1.804603 -1.017113
v -2.275307 -1.796563 -1.017113
v -2.271705 -1.796456 -1.017113
v -2.268189 -1.797293 -1.017113
v -2.264999 -1.799017 -1.017113
v -2.262353 -1.801510 -1.017113
v -2.259836 -1.805910 -1.017113
v -2.266605 -1.824316 -1.017113
v -2.258769 -1.809392 -1.017113
v -2.258629 -1.813025 -1.017113
v -2.259426 -1.816562 -1.017113
v -2.261106 -1.819762 -1.017113
v -2.263555 -1.822407 -1.017113
v -2.260133 -1.805257 -1.021647
v -2.266902 -1.823662 -1.021647
v -2.259066 -1.808738 -1.021647
v -2.258926 -1.812371 -1.021647
v -2.259723 -1.815908 -1.021647
v -2.261404 -1.819108 -1.021647
v -2.263852 -1.821753 -1.021647
v -2.266902 -1.823662 -1.012580
v -2.260133 -1.805257 -1.012580
v -2.263852 -1.821753 -1.012580
v -2.261404 -1.819108 -1.012580
v -2.259723 -1.815908 -1.012580
v -2.258926 -1.812371 -1.012580
v -2.259066 -1.808738 -1.012580
v -2.260133 -1.805257 -1.012580
v -2.278454 -1.798260 -1.012580
v -2.262056 -1.802164 -1.012580
v -2.264702 -1.799671 -1.012580
v -2.267892 -1.797947 -1.012580
v -2.271407 -1.797110 -1.012580
v -2.275010 -1.797217 -1.012580
v -2.581899 -1.964738 -1.020247
v -2.584014 -1.965619 -1.020247
v -2.591815 -1.942932 -1.020247
v -2.593870 -1.943947 -1.020247
v -2.587021 -1.966431 -1.020247
v -2.590163 -1.966441 -1.020247
v -2.590873 -1.966257 -1.020247
v -2.593293 -1.965498 -1.020247
v -2.596181 -1.963706 -1.020247
v -2.596787 -1.963089 -1.020247
v -2.596458 -1.945680 -1.020247
v -2.598531 -1.948040 -1.020247
v -2.599878 -1.951020 -1.020247
v -2.598859 -1.948697 -1.020247
v -2.599743 -1.958576 -1.020247
v -2.599380 -1.959530 -1.020247
v -2.598900 -1.960430 -1.020247
v -2.600425 -1.954374 -1.020247
v -2.600358 -1.955236 -1.020247
v -2.600051 -1.957334 -1.020247
v -2.598166 -1.961479 -1.020247
v -2.591815 -1.942932 -1.013979
v -2.581694 -1.965190 -1.017113
v -2.581899 -1.964738 -1.013979
v -2.593870 -1.943947 -1.013979
v -2.584014 -1.965619 -1.013979
v -2.596458 -1.945680 -1.013979
v -2.598531 -1.948040 -1.013979
v -2.598859 -1.948697 -1.013979
v -2.599878 -1.951020 -1.013979
v -2.600425 -1.954374 -1.013979
v -2.600358 -1.955236 -1.013979
v -2.590163 -1.966441 -1.013979
v -2.587021 -1.966431 -1.013979
v -2.596181 -1.963706 -1.013979
v -2.593293 -1.965498 -1.013979
v -2.590873 -1.966257 -1.013979
v -2.598166 -1.961479 -1.013979
v -2.596787 -1.963089 -1.013979
v -2.599743 -1.958576 -1.013979
v -2.600051 -1.957334 -1.013979
v -2.599380 -1.959530 -1.013979
v -2.598900 -1.960430 -1.013979
v -2.592021 -1.942481 -1.017113
vn 0.5819 0.4950 0.6453
vn 0.6687 0.3041 0.6785
vn 0.3941 -0.9191 -0.0000
vn 0.3737 -0.8742 0.3100
vn 0.3891 -0.9074 0.1586
vn -0.2631 0.5259 -0.8088
vn -0.1477 0.2722 -0.9508
vn -0.3547 0.7273 0.5876
vn -0.4133 0.8562 0.3100
vn 0.3150 -0.7453 0.5876
vn -0.0198 -0.0090 -0.9998
vn 0.2234 -0.5440 0.8088
vn 0.1081 -0.2903 -0.9508
vn -0.3547 0.7273 -0.5876
vn 0.1081 -0.2903 0.9508
vn 0.2234 -0.5440 -0.8088
vn -0.0198 -0.0090 0.9998
vn 0.3150 -0.7453 -0.5876
vn -0.1477 0.2722 0.9508
vn 0.3737 -0.8742 -0.3100
vn -0.4337 0.9011 -0.0000
vn -0.4282 0.8897 0.1586
vn -0.2631 0.5259 0.8088
vn 0.3891 -0.9074 -0.1586
vn -0.4133 0.8562 -0.3100
vn -0.4282 0.8897 -0.1586
vn 0.7555 0.1132 0.6453
vn -0.5363 0.7870 -0.3049
vn -0.4783 0.6594 -0.5800
vn -0.5810 0.5875 -0.5633
vn -0.6373 0.7114 -0.2961
vn -0.7584 0.4150 -0.5026
vn -0.8087 0.5256 -0.2642
vn -0.8855 0.2179 -0.4104
vn -0.8992 0.2925 -0.3253
vn -0.8597 0.3805 -0.3407
vn -0.3880 0.4607 -0.7983
vn -0.4932 0.3945 -0.7753
vn -0.6801 0.2428 -0.6917
vn -0.8215 0.0773 -0.5649
vn -0.9106 -0.0925 -0.4029
vn -0.9562 0.0078 -0.2927
vn -0.9264 -0.2021 -0.3176
vn -0.9598 -0.1279 -0.2499
vn -0.2741 0.2103 -0.9384
vn -0.3826 0.1513 -0.9114
vn -0.5814 0.0259 -0.8132
vn -0.7410 -0.0999 -0.6641
vn -0.8531 -0.2189 -0.4736
vn -0.8868 -0.2897 -0.3600
vn -0.1479 -0.0672 -0.9867
vn -0.2600 -0.1183 -0.9583
vn -0.4720 -0.2147 -0.8550
vn -0.6516 -0.2963 -0.6983
vn -0.7894 -0.3590 -0.4980
vn -0.8441 -0.3839 -0.3744
vn -0.0216 -0.3448 -0.9384
vn -0.1374 -0.3878 -0.9114
vn -0.3627 -0.4552 -0.8132
vn -0.5623 -0.4928 -0.6641
vn -0.7257 -0.4991 -0.4736
vn -0.8012 -0.4780 -0.3600
vn 0.0922 -0.5952 -0.7983
vn -0.0268 -0.6310 -0.7753
vn -0.2640 -0.6722 -0.6917
vn -0.4817 -0.6700 -0.5649
vn -0.6682 -0.6254 -0.4029
vn -0.7612 -0.5654 -0.3176
vn 0.1826 -0.7939 -0.5800
vn 0.0609 -0.8240 -0.5633
vn -0.1857 -0.8444 -0.5026
vn -0.4178 -0.8106 -0.4104
vn -0.6226 -0.7257 -0.2927
vn -0.7272 -0.6393 -0.2499
vn 0.2406 -0.9215 -0.3049
vn 0.1173 -0.9479 -0.2961
vn -0.1354 -0.9549 -0.2642
vn -0.2783 -0.8980 -0.3407
vn -0.3706 -0.8700 -0.3253
vn -0.5834 -0.7768 -0.2372
vn 0.2575 -0.9539 -0.1544
vn 0.1351 -0.9794 -0.1501
vn -0.1170 -0.9840 -0.1342
vn 0.2406 -0.9215 0.3049
vn 0.1826 -0.7939 0.5800
vn 0.0609 -0.8240 0.5633
vn 0.1173 -0.9479 0.2961
vn -0.1857 -0.8444 0.5026
vn -0.1354 -0.9549 0.2642
vn -0.4178 -0.8106 0.4104
vn -0.3706 -0.8700 0.3253
vn -0.2783 -0.8980 0.3407
vn 0.0922 -0.5952 0.7983
vn -0.0268 -0.6310 0.7753
vn -0.2640 -0.6722 0.6917
vn -0.4817 -0.6700 0.5649
vn -0.6682 -0.6254 0.4029
vn -0.6226 -0.7257 0.2927
vn -0.7612 -0.5654 0.3176
vn -0.7272 -0.6393 0.2499
vn -0.0216 -0.3448 0.9384
vn -0.1374 -0.3878 0.9114
vn -0.3627 -0.4552 0.8132
vn -0.5623 -0.4928 0.6641
vn -0.7257 -0.4991 0.4736
vn -0.8012 -0.4780 0.3600
vn -0.1479 -0.0672 0.9867
vn -0.2600 -0.1183 0.9583
vn -0.4720 -0.2147 0.8550
vn -0.6516 -0.2963 0.6983
vn -0.7894 -0.3590 0.4980
vn -0.8441 -0.3839 0.3744
vn -0.2741 0.2103 0.9384
vn -0.3826 0.1513 0.9114
vn -0.5814 0.0259 0.8132
vn -0.7410 -0.0999 0.6641
vn -0.8531 -0.2189 0.4736
vn -0.8868 -0.2897 0.3600
vn -0.3880 0.4607 0.7983
vn -0.4932 0.3945 0.7753
vn -0.6801 0.2428 0.6917
vn -0.8215 0.0773 0.5649
vn -0.9106 -0.0925 0.4029
vn -0.9264 -0.2021 0.3176
vn -0.4783 0.6594 0.5800
vn -0.5810 0.5875 0.5633
vn -0.7584 0.4150 0.5026
vn -0.8855 0.2179 0.4104
vn -0.9562 0.0078 0.2927
vn -0.9598 -0.1279 0.2499
vn -0.5363 0.7870 0.3049
vn -0.6373 0.7114 0.2961
vn -0.8087 0.5256 0.2642
vn -0.8597 0.3805 0.3407
vn -0.8992 0.2925 0.3253
vn -0.9689 0.0709 0.2373
vn -0.5497 0.8210 0.1544
vn -0.6493 0.7456 0.1501
vn -0.8185 0.5586 0.1342
vn 0.9103 0.4140 -0.0000
vn 0.5036 0.6671 0.5489
vn 0.4415 0.8038 0.3988
vn 0.4016 0.8915 0.2097
vn 0.3878 0.9217 -0.0000
vn 0.4016 0.8915 -0.2097
vn 0.4415 0.8038 -0.3988
vn 0.5036 0.6671 -0.5489
vn 0.5819 0.4950 -0.6453
vn 0.6687 0.3041 -0.6785
vn 0.7555 0.1132 -0.6453
vn 0.8338 -0.0590 -0.5489
vn 0.8959 -0.1956 -0.3988
vn 0.9358 -0.2833 -0.2097
vn 0.9496 -0.3136 -0.0000
vn 0.9358 -0.2833 0.2097
vn 0.8959 -0.1956 0.3988
vn 0.8338 -0.0590 0.5489
vn -0.0000 -0.0000 -1.0000
vn 0.4089 -0.8991 0.1564
vn 0.4140 -0.9103 -0.0000
vn -0.0000 -0.0000 1.0000
vn -0.4140 0.9103 -0.0000
vn -0.4089 0.8991 0.1564
vn 0.4089 -0.8991 -0.1564
vn -0.2865 0.9454 -0.1551
vn -0.2901 0.9570 -0.0000
vn -0.1646 0.9864 -0.0000
vn -0.1560 0.9761 -0.1510
vn 0.0954 0.9954 -0.0000
vn 0.1075 0.9850 -0.1350
vn 0.3480 0.9375 -0.0000
vn 0.3631 0.9253 -0.1096
vn 0.5765 0.8171 -0.0000
vn 0.5930 0.8016 -0.0767
vn 0.7661 0.6427 -0.0000
vn 0.7813 0.6229 -0.0386
vn 0.8493 0.5279 -0.0000
vn 0.8491 0.5278 -0.0204
vn 0.5306 -0.8476 -0.0000
vn 0.5242 -0.8374 -0.1551
vn 0.6331 -0.7592 -0.1510
vn 0.6352 -0.7724 -0.0000
vn 0.8130 -0.5664 -0.1350
vn 0.8129 -0.5824 -0.0000
vn 0.9360 -0.3345 -0.1096
vn 0.9353 -0.3539 -0.0000
vn 0.9938 -0.0800 -0.0767
vn 0.9947 -0.1026 -0.0000
vn 0.9830 0.1794 -0.0386
vn 0.9879 0.1549 -0.0000
vn 0.9559 0.2931 -0.0204
vn 0.9561 0.2931 -0.0000
vn 0.5242 -0.8374 0.1551
vn 0.6331 -0.7592 0.1510
vn 0.8130 -0.5664 0.1350
vn 0.9360 -0.3345 0.1096
vn 0.9938 -0.0800 0.0767
vn 0.9830 0.1794 0.0386
vn 0.9559 0.2931 0.0204
vn -0.2865 0.9454 0.1551
vn -0.1560 0.9761 0.1510
vn 0.1075 0.9850 0.1350
vn 0.3631 0.9253 0.1096
vn 0.5930 0.8016 0.0767
vn 0.7813 0.6229 0.0386
vn 0.8491 0.5278 0.0204
vn -0.4089 0.8991 -0.1564
vn -0.1170 -0.9840 0.1341
vn 0.1351 -0.9794 0.1501
vn 0.2575 -0.9539 0.1544
vn -0.5834 -0.7768 0.2372
vn -0.9103 -0.4140 -0.0000
vn -0.6493 0.7456 -0.1500
vn -0.5497 0.8210 -0.1544
vn -0.8185 0.5586 -0.1342
vn -0.9689 0.0709 -0.2372
vt 0.021740 0.324124
vt 0.010006 0.249960
vt 0.250041 0.010006
vt 0.175877 0.021740
vt 0.189385 0.019603
vt 0.189720 0.019550
vt 0.444135 0.391098
vt 0.478235 0.324200
vt 0.108902 0.444135
vt 0.175799 0.478235
vt 0.108968 0.055817
vt 0.489994 0.250040
vt 0.055865 0.108902
vt 0.478260 0.175876
vt 0.391032 0.444183
vt 0.391032 0.444183
vt 0.021765 0.175800
vt 0.444183 0.108968
vt 0.391098 0.055865
vt 0.324201 0.021765
vt 0.249959 0.489994
vt 0.189642 0.480430
vt 0.189307 0.480377
vt 0.055817 0.391032
vt 0.310358 0.019570
vt 0.310692 0.019623
vt 0.324201 0.478235
vt 0.310678 0.480377
vt 0.310343 0.480430
vt 0.390918 0.444025
vt 0.324139 0.478050
vt 0.390580 0.443556
vt 0.323957 0.477501
vt 0.390058 0.442832
vt 0.336717 0.470008
vt 0.323891 0.477304
vt 0.443977 0.390983
vt 0.443510 0.390643
vt 0.442787 0.390118
vt 0.347883 0.321132
vt 0.321113 0.347896
vt 0.312524 0.295432
vt 0.312520 0.336067
vt 0.478049 0.324140
vt 0.477500 0.323961
vt 0.476650 0.323685
vt 0.365074 0.287406
vt 0.312526 0.270321
vt 0.489798 0.250040
vt 0.489220 0.250040
vt 0.488327 0.250040
vt 0.371000 0.250019
vt 0.312529 0.250009
vt 0.478074 0.175936
vt 0.477524 0.176115
vt 0.476674 0.176391
vt 0.365084 0.212630
vt 0.312532 0.229697
vt 0.444025 0.109083
vt 0.443557 0.109423
vt 0.442834 0.109948
vt 0.347902 0.178898
vt 0.312536 0.204586
vt 0.390983 0.056023
vt 0.390643 0.056491
vt 0.390117 0.057213
vt 0.321137 0.152124
vt 0.312542 0.163951
vt 0.324140 0.021951
vt 0.323962 0.022501
vt 0.323898 0.022698
vt 0.336737 0.030004
vt 0.312544 0.147744
vt 0.313221 0.020219
vt 0.320744 0.021990
vt 0.109083 0.055975
vt 0.175937 0.021926
vt 0.109423 0.056443
vt 0.176115 0.022476
vt 0.109948 0.057166
vt 0.163337 0.029974
vt 0.176179 0.022673
vt 0.056023 0.109017
vt 0.056490 0.109357
vt 0.057213 0.109882
vt 0.152125 0.178865
vt 0.178899 0.152100
vt 0.187484 0.204565
vt 0.187491 0.163930
vt 0.021951 0.175860
vt 0.022500 0.176039
vt 0.023350 0.176315
vt 0.134932 0.212592
vt 0.187481 0.229676
vt 0.010202 0.249960
vt 0.010780 0.249960
vt 0.011673 0.249960
vt 0.129004 0.249979
vt 0.187477 0.249989
vt 0.021926 0.324064
vt 0.022476 0.323885
vt 0.023326 0.323609
vt 0.134920 0.287368
vt 0.187474 0.270301
vt 0.055975 0.390917
vt 0.056443 0.390577
vt 0.057166 0.390052
vt 0.152102 0.321100
vt 0.187471 0.295412
vt 0.109017 0.443977
vt 0.109357 0.443509
vt 0.109882 0.442787
vt 0.178868 0.347874
vt 0.187464 0.336048
vt 0.175860 0.478049
vt 0.176038 0.477499
vt 0.176102 0.477302
vt 0.163262 0.469996
vt 0.187462 0.352254
vt 0.186779 0.479780
vt 0.179256 0.478010
vt 0.324201 0.478235
vt 0.325003 0.475516
vt 0.327354 0.467543
vt 0.324201 0.455952
vt 0.324201 0.364117
vt 0.324201 0.309072
vt 0.324201 0.250000
vt 0.324201 0.250000
vt 0.324201 0.190928
vt 0.324201 0.135883
vt 0.324201 0.044048
vt 0.327350 0.032457
vt 0.325002 0.024484
vt 0.250017 0.261740
vt 0.175838 0.249987
vt 0.175838 0.249987
vt 0.250020 0.238248
vt 0.175075 0.024459
vt 0.172725 0.032431
vt 0.175873 0.044024
vt 0.175857 0.135864
vt 0.175848 0.190913
vt 0.175828 0.309062
vt 0.175819 0.364111
vt 0.175803 0.455951
vt 0.172651 0.467542
vt 0.174999 0.475515
vt 0.175799 0.478235
vt 0.249959 0.489994
vt 0.249960 0.489803
vt 0.249962 0.489244
vt 0.249965 0.488356
vt 0.250005 0.375861
vt 0.250011 0.320813
vt 0.250041 0.010197
vt 0.250041 0.010755
vt 0.250040 0.011642
vt 0.250030 0.124127
vt 0.250025 0.179175
vt 0.179333 0.021966
vt 0.186857 0.020198
vt 0.000000 0.000000
vt 0.187493 0.147723
vt 0.313208 0.479781
vt 0.320736 0.478011
vt 0.312519 0.352273
s 1
usemtl Material.004
f 1558/1079/1311 1557/1080/1312 1659/1080/1312 1660/1079/1311
f 1552/1081/1313 1553/1082/1314 1603/1082/1314 1731/1083/1315 1729/1084/1315 1728/1081/1313
f 1545/1085/1316 1546/1086/1317 1575/1086/1317 1570/1085/1316
f 1560/1087/1318 1561/1088/1319 1641/1088/1319 1636/1087/1318
f 1553/1082/1314 1554/1089/1320 1606/1089/1320 1603/1082/1314
f 1546/1086/1317 1547/1090/1321 1580/1090/1321 1575/1086/1317
f 1554/1089/1320 1555/1091/1322 1611/1091/1322 1606/1089/1320
f 1547/1090/1321 1548/1092/1323 1585/1092/1323 1580/1090/1321
f 1544/1093/1324 1545/1085/1316 1570/1085/1316 1565/1094/1324
f 1555/1091/1322 1556/1095/1325 1616/1095/1325 1611/1091/1322
f 1548/1092/1323 1549/1096/1326 1590/1096/1326 1585/1092/1323
f 1556/1095/1325 1557/1080/1327 1621/1080/1327 1616/1095/1325
f 1549/1096/1326 1550/1097/1328 1595/1097/1328 1590/1096/1326
f 1557/1080/1327 1558/1079/1329 1626/1079/1329 1621/1080/1327
f 1550/1097/1328 1551/1098/1330 1600/1098/1330 1595/1097/1328
f 1561/1088/1319 1543/1099/1331 1749/1099/1331 1727/1100/1332 1730/1101/1332 1641/1088/1319
f 1558/1079/1329 1559/1102/1333 1631/1102/1333 1626/1079/1329
f 1551/1098/1330 1552/1081/1313 1728/1081/1313 1706/1103/1334 1707/1104/1334 1600/1098/1330
f 1543/1099/1331 1542/1105/1335 1562/1105/1335 1709/1106/1336 1708/1107/1336 1749/1099/1331
f 1559/1102/1333 1560/1087/1318 1636/1087/1318 1631/1102/1333
f 1542/1105/1335 1544/1093/1324 1565/1094/1324 1562/1105/1335
f 1557/1080/1312 1556/1095/1337 1658/1095/1337 1659/1080/1312
f 1562/1105/1338 1565/1094/1339 1566/1108/1340 1563/1109/1341
f 1563/1109/1341 1566/1108/1340 1567/1110/1342 1564/1111/1343
f 1564/1111/1343 1567/1110/1342 1568/1112/1344 1718/1113/1345 1719/1114/1346
f 1565/1094/1339 1570/1085/1347 1571/1115/1348 1566/1108/1340
f 1566/1108/1340 1571/1115/1348 1572/1116/1349 1567/1110/1342
f 1567/1110/1342 1572/1116/1349 1573/1117/1350 1568/1112/1344
f 1568/1112/1344 1573/1117/1350 1574/1118/1351 1569/1119/1352
f 1569/1119/1352 1574/1118/1351 1725/1120/1353 1724/1121/1354
f 1570/1085/1347 1575/1086/1355 1576/1122/1356 1571/1115/1348
f 1571/1115/1348 1576/1122/1356 1577/1123/1357 1572/1116/1349
f 1572/1116/1349 1577/1123/1357 1578/1124/1358 1573/1117/1350
f 1573/1117/1350 1578/1124/1358 1579/1125/1359 1574/1118/1351
f 1574/1118/1351 1579/1125/1359 1720/1126/1360 1725/1120/1353
f 1575/1086/1355 1580/1090/1361 1581/1127/1362 1576/1122/1356
f 1576/1122/1356 1581/1127/1362 1582/1128/1363 1577/1123/1357
f 1577/1123/1357 1582/1128/1363 1583/1129/1364 1578/1124/1358
f 1578/1124/1358 1583/1129/1364 1584/1130/1365 1579/1125/1359
f 1579/1125/1359 1584/1130/1365 1721/1131/1366 1720/1126/1360
f 1580/1090/1361 1585/1092/1367 1586/1132/1368 1581/1127/1362
f 1581/1127/1362 1586/1132/1368 1587/1133/1369 1582/1128/1363
f 1582/1128/1363 1587/1133/1369 1588/1134/1370 1583/1129/1364
f 1583/1129/1364 1588/1134/1370 1589/1135/1371 1584/1130/1365
f 1584/1130/1365 1589/1135/1371 1722/1136/1372 1721/1131/1366
f 1585/1092/1367 1590/1096/1373 1591/1137/1374 1586/1132/1368
f 1586/1132/1368 1591/1137/1374 1592/1138/1375 1587/1133/1369
f 1587/1133/1369 1592/1138/1375 1593/1139/1376 1588/1134/1370
f 1588/1134/1370 1593/1139/1376 1594/1140/1377 1589/1135/1371
f 1589/1135/1371 1594/1140/1377 1726/1141/1378 1722/1136/1372
f 1590/1096/1373 1595/1097/1379 1596/1142/1380 1591/1137/1374
f 1591/1137/1374 1596/1142/1380 1597/1143/1381 1592/1138/1375
f 1592/1138/1375 1597/1143/1381 1598/1144/1382 1593/1139/1376
f 1593/1139/1376 1598/1144/1382 1599/1145/1383 1594/1140/1377
f 1594/1140/1377 1599/1145/1383 1715/1146/1384 1726/1141/1378
f 1595/1097/1379 1600/1098/1385 1601/1147/1386 1596/1142/1380
f 1596/1142/1380 1601/1147/1386 1602/1148/1387 1597/1143/1381
f 1597/1143/1381 1602/1148/1387 1712/1149/1388 1713/1150/1389 1598/1144/1382
f 1598/1144/1382 1713/1150/1389 1714/1151/1390 1599/1145/1383
f 1599/1145/1383 1714/1151/1390 1715/1146/1384
f 1600/1098/1385 1707/1104/1391 1710/1152/1392 1601/1147/1386
f 1601/1147/1386 1710/1152/1392 1711/1153/1393 1602/1148/1387
f 1602/1148/1387 1711/1153/1393 1712/1149/1388
f 1603/1082/1394 1606/1089/1395 1607/1154/1396 1604/1155/1397
f 1604/1155/1397 1607/1154/1396 1608/1156/1398 1605/1157/1399
f 1605/1157/1399 1608/1156/1398 1609/1158/1400 1741/1159/1401 1742/1160/1402
f 1606/1089/1395 1611/1091/1403 1612/1161/1404 1607/1154/1396
f 1607/1154/1396 1612/1161/1404 1613/1162/1405 1608/1156/1398
f 1608/1156/1398 1613/1162/1405 1614/1163/1406 1609/1158/1400
f 1609/1158/1400 1614/1163/1406 1615/1164/1407 1610/1165/1408
f 1610/1165/1408 1615/1164/1407 1743/1166/1409 1744/1167/1410
f 1611/1091/1403 1616/1095/1411 1617/1168/1412 1612/1161/1404
f 1612/1161/1404 1617/1168/1412 1618/1169/1413 1613/1162/1405
f 1613/1162/1405 1618/1169/1413 1619/1170/1414 1614/1163/1406
f 1614/1163/1406 1619/1170/1414 1620/1171/1415 1615/1164/1407
f 1615/1164/1407 1620/1171/1415 1748/1172/1416 1743/1166/1409
f 1616/1095/1411 1621/1080/1417 1622/1173/1418 1617/1168/1412
f 1617/1168/1412 1622/1173/1418 1623/1174/1419 1618/1169/1413
f 1618/1169/1413 1623/1174/1419 1624/1175/1420 1619/1170/1414
f 1619/1170/1414 1624/1175/1420 1625/1176/1421 1620/1171/1415
f 1620/1171/1415 1625/1176/1421 1747/1177/1422 1748/1172/1416
f 1621/1080/1417 1626/1079/1423 1627/1178/1424 1622/1173/1418
f 1622/1173/1418 1627/1178/1424 1628/1179/1425 1623/1174/1419
f 1623/1174/1419 1628/1179/1425 1629/1180/1426 1624/1175/1420
f 1624/1175/1420 1629/1180/1426 1630/1181/1427 1625/1176/1421
f 1625/1176/1421 1630/1181/1427 1745/1182/1428 1747/1177/1422
f 1626/1079/1423 1631/1102/1429 1632/1183/1430 1627/1178/1424
f 1627/1178/1424 1632/1183/1430 1633/1184/1431 1628/1179/1425
f 1628/1179/1425 1633/1184/1431 1634/1185/1432 1629/1180/1426
f 1629/1180/1426 1634/1185/1432 1635/1186/1433 1630/1181/1427
f 1630/1181/1427 1635/1186/1433 1746/1187/1434 1745/1182/1428
f 1631/1102/1429 1636/1087/1435 1637/1188/1436 1632/1183/1430
f 1632/1183/1430 1637/1188/1436 1638/1189/1437 1633/1184/1431
f 1633/1184/1431 1638/1189/1437 1639/1190/1438 1634/1185/1432
f 1634/1185/1432 1639/1190/1438 1640/1191/1439 1635/1186/1433
f 1635/1186/1433 1640/1191/1439 1737/1192/1440 1746/1187/1434
f 1636/1087/1435 1641/1088/1441 1642/1193/1442 1637/1188/1436
f 1637/1188/1436 1642/1193/1442 1643/1194/1443 1638/1189/1437
f 1638/1189/1437 1643/1194/1443 1734/1195/1444 1735/1196/1445 1639/1190/1438
f 1639/1190/1438 1735/1196/1445 1736/1197/1446 1640/1191/1439
f 1640/1191/1439 1736/1197/1446 1737/1192/1440
f 1641/1088/1441 1730/1101/1447 1732/1198/1448 1642/1193/1442
f 1642/1193/1442 1732/1198/1448 1733/1199/1449 1643/1194/1443
f 1643/1194/1443 1733/1199/1449 1734/1195/1444
f 1644/1105/1450 1653/1098/1450 1652/1097/1450 1651/1096/1450 1650/1092/1450 1649/1090/1450 1648/1086/1450 1647/1085/1450 1646/1093/1450
f 1559/1102/1451 1558/1079/1311 1660/1079/1311 1661/1102/1451
f 1560/1087/1452 1559/1102/1451 1661/1102/1451 1662/1087/1452
f 1561/1088/1453 1560/1087/1452 1662/1087/1452 1663/1088/1453
f 1543/1099/1454 1561/1088/1453 1663/1088/1453 1645/1099/1454
f 1542/1105/1455 1543/1099/1454 1645/1099/1454 1644/1105/1455
f 1544/1093/1456 1542/1105/1455 1644/1105/1455 1646/1093/1456
f 1545/1085/1457 1544/1093/1456 1646/1093/1456 1647/1085/1457
f 1546/1086/1458 1545/1085/1457 1647/1085/1457 1648/1086/1458
f 1547/1090/1459 1546/1086/1458 1648/1086/1458 1649/1090/1459
f 1548/1092/1460 1547/1090/1459 1649/1090/1459 1650/1092/1460
f 1549/1096/1461 1548/1092/1460 1650/1092/1460 1651/1096/1461
f 1550/1097/1462 1549/1096/1461 1651/1096/1461 1652/1097/1462
f 1551/1098/1463 1550/1097/1462 1652/1097/1462 1653/1098/1463
f 1552/1081/1464 1551/1098/1463 1653/1098/1463 1654/1081/1464
f 1553/1082/1465 1552/1081/1464 1654/1081/1464 1655/1082/1465
f 1554/1089/1466 1553/1082/1465 1655/1082/1465 1656/1089/1466
f 1555/1091/1467 1554/1089/1466 1656/1089/1466 1657/1091/1467
f 1556/1095/1337 1555/1091/1467 1657/1091/1467 1658/1095/1337
f 1653/1098/1468 1644/1105/1468 1664/1200/1468 1666/1201/1468 1667/1202/1468 1668/1203/1468 1669/1204/1468 1670/1205/1468 1665/1206/1468 1685/1207/1468 1687/1208/1468 1688/1209/1468 1689/1210/1468 1690/1211/1468 1691/1212/1468 1686/1098/1468
f 1655/1082/1450 1663/1088/1450 1662/1087/1450 1661/1102/1450 1660/1079/1450 1659/1080/1450 1658/1095/1450 1657/1091/1450 1656/1089/1450
f 1685/1207/1450 1665/1206/1450 1672/1213/1450 1699/1214/1450 1693/1215/1450 1678/1216/1450
f 1655/1082/1469 1654/1081/1470 1679/1081/1470 1692/1082/1469
f 1663/1088/1471 1655/1082/1471 1692/1082/1471 1694/1217/1471 1695/1218/1471 1696/1219/1471 1697/1220/1471 1698/1221/1471 1693/1215/1471 1699/1214/1471 1701/1222/1471 1702/1223/1471 1703/1224/1471 1704/1225/1471 1705/1226/1471 1700/1227/1471
f 1645/1099/1472 1663/1088/1473 1700/1227/1473 1671/1228/1472
f 1654/1081/1470 1653/1098/1474 1686/1098/1474 1679/1081/1470
f 1664/1200/1475 1671/1228/1476 1673/1229/1477 1666/1201/1478
f 1666/1201/1478 1673/1229/1477 1674/1230/1479 1667/1202/1480
f 1667/1202/1480 1674/1230/1479 1675/1231/1481 1668/1203/1482
f 1668/1203/1482 1675/1231/1481 1676/1232/1483 1669/1204/1484
f 1669/1204/1484 1676/1232/1483 1677/1233/1485 1670/1205/1486
f 1670/1205/1486 1677/1233/1485 1672/1213/1487 1665/1206/1488
f 1679/1081/1489 1686/1098/1490 1691/1212/1491 1684/1234/1492
f 1684/1234/1492 1691/1212/1491 1690/1211/1493 1683/1235/1494
f 1683/1235/1494 1690/1211/1493 1689/1210/1495 1682/1236/1496
f 1682/1236/1496 1689/1210/1495 1688/1209/1497 1681/1237/1498
f 1681/1237/1498 1688/1209/1497 1687/1208/1499 1680/1238/1500
f 1680/1238/1500 1687/1208/1499 1685/1207/1501 1678/1216/1502
f 1692/1082/1503 1679/1081/1489 1684/1234/1492 1694/1217/1504
f 1694/1217/1504 1684/1234/1492 1683/1235/1494 1695/1218/1505
f 1695/1218/1505 1683/1235/1494 1682/1236/1496 1696/1219/1506
f 1696/1219/1506 1682/1236/1496 1681/1237/1498 1697/1220/1507
f 1697/1220/1507 1681/1237/1498 1680/1238/1500 1698/1221/1508
f 1698/1221/1508 1680/1238/1500 1678/1216/1502 1693/1215/1509
f 1671/1228/1476 1700/1227/1510 1705/1226/1511 1673/1229/1477
f 1673/1229/1477 1705/1226/1511 1704/1225/1512 1674/1230/1479
f 1674/1230/1479 1704/1225/1512 1703/1224/1513 1675/1231/1481
f 1675/1231/1481 1703/1224/1513 1702/1223/1514 1676/1232/1483
f 1676/1232/1483 1702/1223/1514 1701/1222/1515 1677/1233/1485
f 1677/1233/1485 1701/1222/1515 1699/1214/1516 1672/1213/1487
f 1644/1105/1517 1645/1099/1472 1671/1228/1472 1664/1200/1517
f 1738/1239/1518 1739/1240/1519 1604/1155/1397 1605/1157/1399
s 0
f 1727/1241/1468 1729/1241/1468 1731/1241/1468 1739/1241/1468 1738/1241/1468 1742/1241/1468 1741/1241/1468 1740/1241/1468 1744/1241/1468 1743/1241/1468 1748/1241/1468 1747/1241/1468 1745/1241/1468 1746/1241/1468 1737/1241/1468 1736/1241/1468 1735/1241/1468 1734/1241/1468 1733/1241/1468 1732/1241/1468 1730/1241/1468
s 1
f 1739/1240/1519 1731/1083/1520 1603/1082/1394 1604/1155/1397
f 1744/1167/1410 1740/1242/1521 1610/1165/1408
s 0
f 1729/1241/1522 1727/1241/1522 1749/1241/1522 1708/1241/1522 1706/1241/1522 1728/1241/1522
f 1706/1241/1471 1708/1241/1471 1709/1241/1471 1716/1241/1471 1717/1241/1471 1719/1241/1471 1718/1241/1471 1723/1241/1471 1724/1241/1471 1725/1241/1471 1720/1241/1471 1721/1241/1471 1722/1241/1471 1726/1241/1471 1715/1241/1471 1714/1241/1471 1713/1241/1471 1712/1241/1471 1711/1241/1471 1710/1241/1471 1707/1241/1471
s 1
f 1716/1243/1523 1709/1106/1524 1562/1105/1338 1563/1109/1341
f 1740/1242/1521 1741/1159/1401 1609/1158/1400 1610/1165/1408
f 1719/1114/1346 1717/1244/1525 1564/1111/1343
f 1724/1121/1354 1723/1245/1526 1569/1119/1352
f 1742/1160/1402 1738/1239/1518 1605/1157/1399
f 1723/1245/1526 1718/1113/1345 1568/1112/1344 1569/1119/1352
f 1717/1244/1525 1716/1243/1523 1563/1109/1341 1564/1111/1343
o Cylinder.026
v 0.330121 -0.478917 -2.158063
v 0.324959 -0.457749 -2.154868
v 0.337638 -0.477005 -2.156837
v 0.331114 -0.456183 -2.153864
v 0.344383 -0.475132 -2.153279
v 0.336637 -0.454649 -2.150951
v 0.349695 -0.473480 -2.147738
v 0.340987 -0.453297 -2.146413
v 0.353055 -0.472212 -2.140755
v 0.343739 -0.452258 -2.140695
v 0.354134 -0.471452 -2.133014
v 0.344622 -0.451636 -2.134356
v 0.352827 -0.471273 -2.125273
v 0.343551 -0.451490 -2.128017
v 0.349260 -0.471694 -2.118290
v 0.340631 -0.451834 -2.122299
v 0.343783 -0.472674 -2.112748
v 0.336146 -0.452637 -2.117761
v 0.336933 -0.474116 -2.109190
v 0.330537 -0.453817 -2.114848
v 0.329380 -0.475879 -2.107964
v 0.324352 -0.455261 -2.113844
v 0.321863 -0.477791 -2.109190
v 0.318197 -0.456827 -2.114848
v 0.315119 -0.479664 -2.112748
v 0.312674 -0.458361 -2.117761
v 0.309806 -0.481316 -2.118290
v 0.308324 -0.459713 -2.122299
v 0.306446 -0.482584 -2.125273
v 0.305572 -0.460751 -2.128017
v 0.305367 -0.483344 -2.133014
v 0.304689 -0.461374 -2.134356
v 0.306675 -0.483523 -2.140755
v 0.305760 -0.461520 -2.140695
v 0.310241 -0.483101 -2.147738
v 0.308680 -0.461175 -2.146413
v 0.315718 -0.482122 -2.153279
v 0.313165 -0.460373 -2.150951
v 0.322568 -0.480680 -2.156837
v 0.318774 -0.459192 -2.153864
v 0.332543 -0.456112 -2.158180
v 0.325026 -0.458024 -2.159406
v 0.339288 -0.454239 -2.154622
v 0.344600 -0.452587 -2.149080
v 0.347960 -0.451319 -2.142097
v 0.349039 -0.450559 -2.134356
v 0.347731 -0.450380 -2.126615
v 0.344165 -0.450801 -2.119632
v 0.338688 -0.451781 -2.114090
v 0.331838 -0.453223 -2.110533
v 0.324285 -0.454986 -2.109306
v 0.316768 -0.456898 -2.110533
v 0.310023 -0.458771 -2.114090
v 0.304711 -0.460423 -2.119632
v 0.301351 -0.461691 -2.126615
v 0.300272 -0.462451 -2.134356
v 0.301580 -0.462630 -2.142097
v 0.305146 -0.462208 -2.149080
v 0.310623 -0.461229 -2.154622
v 0.317473 -0.459787 -2.158180
v 0.324605 -0.429491 -2.155579
v 0.318450 -0.431056 -2.156583
v 0.330128 -0.427957 -2.152666
v 0.334478 -0.426604 -2.148128
v 0.337230 -0.425566 -2.142410
v 0.338113 -0.424943 -2.136071
v 0.337042 -0.424797 -2.129732
v 0.334122 -0.425142 -2.124014
v 0.329637 -0.425944 -2.119476
v 0.324028 -0.427125 -2.116563
v 0.317843 -0.428569 -2.115559
v 0.311688 -0.430134 -2.116563
v 0.306165 -0.431668 -2.119476
v 0.301814 -0.433021 -2.124014
v 0.299063 -0.434059 -2.129732
v 0.298179 -0.434682 -2.136071
v 0.299250 -0.434828 -2.142410
v 0.302171 -0.434483 -2.148128
v 0.306655 -0.433681 -2.152666
v 0.312265 -0.432500 -2.155579
v 0.322817 -0.429580 -2.150179
v 0.318366 -0.430712 -2.150905
v 0.326811 -0.428471 -2.148072
v 0.329957 -0.427493 -2.144790
v 0.331947 -0.426742 -2.140655
v 0.332586 -0.426291 -2.136071
v 0.331812 -0.426186 -2.131487
v 0.329699 -0.426435 -2.127352
v 0.326456 -0.427015 -2.124070
v 0.322400 -0.427869 -2.121963
v 0.317927 -0.428913 -2.121237
v 0.313475 -0.430045 -2.121963
v 0.309481 -0.431155 -2.124070
v 0.306335 -0.432133 -2.127352
v 0.304345 -0.432884 -2.131487
v 0.303706 -0.433334 -2.136071
v 0.304481 -0.433440 -2.140655
v 0.306593 -0.433190 -2.144790
v 0.309836 -0.432610 -2.148072
v 0.313893 -0.431756 -2.150179
v 0.342333 -0.446491 -2.141065
v 0.342976 -0.449128 -2.140896
v 0.341248 -0.442042 -2.141351
v 0.341891 -0.444679 -2.141181
v 0.340163 -0.437594 -2.141637
v 0.340806 -0.440231 -2.141467
v 0.339078 -0.433145 -2.141922
v 0.339721 -0.435782 -2.141753
v 0.337993 -0.428696 -2.142208
v 0.338636 -0.431333 -2.142039
v 0.339520 -0.430711 -2.135700
v 0.338877 -0.428074 -2.135870
v 0.340604 -0.435159 -2.135415
v 0.339961 -0.432522 -2.135584
v 0.341689 -0.439608 -2.135129
v 0.341046 -0.436971 -2.135298
v 0.342774 -0.444057 -2.134843
v 0.342131 -0.441420 -2.135012
v 0.343859 -0.448505 -2.134557
v 0.343216 -0.445869 -2.134727
v 0.317367 -0.453425 -2.154235
v 0.318011 -0.456062 -2.154065
v 0.316283 -0.448977 -2.154521
v 0.316926 -0.451613 -2.154351
v 0.315198 -0.444528 -2.154806
v 0.315841 -0.447165 -2.154637
v 0.314113 -0.440079 -2.155092
v 0.314756 -0.442716 -2.154923
v 0.313028 -0.435631 -2.155378
v 0.313671 -0.438267 -2.155209
v 0.319856 -0.436824 -2.156213
v 0.319213 -0.434187 -2.156382
v 0.320941 -0.441272 -2.155927
v 0.320298 -0.438635 -2.156096
v 0.322026 -0.445721 -2.155641
v 0.321383 -0.443084 -2.155810
v 0.323111 -0.450170 -2.155355
v 0.322468 -0.447533 -2.155524
v 0.324195 -0.454618 -2.155069
v 0.323552 -0.451982 -2.155239
v 0.311267 -0.452594 -2.118132
v 0.311911 -0.455230 -2.117962
v 0.310183 -0.448145 -2.118418
v 0.310826 -0.450782 -2.118248
v 0.309098 -0.443696 -2.118703
v 0.309741 -0.446333 -2.118534
v 0.308013 -0.439247 -2.118989
v 0.308656 -0.441884 -2.118820
v 0.306928 -0.434799 -2.119275
v 0.307571 -0.437436 -2.119106
v 0.303221 -0.438788 -2.123644
v 0.302578 -0.436151 -2.123813
v 0.304306 -0.443237 -2.123358
v 0.303663 -0.440600 -2.123527
v 0.305391 -0.447685 -2.123072
v 0.304748 -0.445049 -2.123241
v 0.306475 -0.452134 -2.122786
v 0.305832 -0.449497 -2.122956
v 0.307560 -0.456583 -2.122500
v 0.306917 -0.453946 -2.122670
v 0.338449 -0.430564 -2.129362
v 0.337806 -0.427928 -2.129531
v 0.339533 -0.435013 -2.129076
v 0.338890 -0.432376 -2.129245
v 0.340618 -0.439462 -2.128790
v 0.339975 -0.436825 -2.128960
v 0.341703 -0.443911 -2.128504
v 0.341060 -0.441274 -2.128674
v 0.342788 -0.448359 -2.128219
v 0.342145 -0.445722 -2.128388
v 0.300469 -0.439826 -2.129362
v 0.299826 -0.437190 -2.129531
v 0.301554 -0.444275 -2.129076
v 0.300911 -0.441638 -2.129245
v 0.302639 -0.448724 -2.128790
v 0.301996 -0.446087 -2.128960
v 0.303724 -0.453172 -2.128504
v 0.303081 -0.450536 -2.128674
v 0.304809 -0.457621 -2.128219
v 0.304166 -0.454984 -2.128388
v 0.335528 -0.430909 -2.123644
v 0.334885 -0.428273 -2.123813
v 0.336613 -0.435358 -2.123358
v 0.335970 -0.432721 -2.123527
v 0.337698 -0.439807 -2.123072
v 0.337055 -0.437170 -2.123241
v 0.338783 -0.444256 -2.122786
v 0.338140 -0.441619 -2.122956
v 0.339867 -0.448704 -2.122500
v 0.339224 -0.446067 -2.122670
v 0.299586 -0.440449 -2.135700
v 0.298943 -0.437812 -2.135870
v 0.300671 -0.444898 -2.135415
v 0.300028 -0.442261 -2.135584
v 0.301755 -0.449346 -2.135129
v 0.301112 -0.446710 -2.135298
v 0.302840 -0.453795 -2.134843
v 0.302197 -0.451158 -2.135012
v 0.303925 -0.458244 -2.134557
v 0.303282 -0.455607 -2.134727
v 0.331044 -0.431711 -2.119106
v 0.330400 -0.429075 -2.119275
v 0.332128 -0.436160 -2.118820
v 0.331485 -0.433523 -2.118989
v 0.333213 -0.440609 -2.118534
v 0.332570 -0.437972 -2.118703
v 0.334298 -0.445058 -2.118248
v 0.333655 -0.442421 -2.118418
v 0.335383 -0.449506 -2.117962
v 0.334740 -0.446869 -2.118132
v 0.326011 -0.435258 -2.155209
v 0.325368 -0.432621 -2.155378
v 0.327096 -0.439707 -2.154923
v 0.326453 -0.437070 -2.155092
v 0.328181 -0.444155 -2.154637
v 0.327538 -0.441519 -2.154806
v 0.329266 -0.448604 -2.154351
v 0.328623 -0.445967 -2.154521
v 0.330351 -0.453053 -2.154065
v 0.329708 -0.450416 -2.154235
v 0.300657 -0.440595 -2.142039
v 0.300014 -0.437958 -2.142208
v 0.301742 -0.445044 -2.141753
v 0.301099 -0.442407 -2.141922
v 0.302826 -0.449492 -2.141467
v 0.302183 -0.446856 -2.141637
v 0.303911 -0.453941 -2.141181
v 0.303268 -0.451304 -2.141351
v 0.304996 -0.458390 -2.140896
v 0.304353 -0.455753 -2.141065
v 0.325434 -0.432892 -2.116192
v 0.324791 -0.430255 -2.116362
v 0.326519 -0.437341 -2.115906
v 0.325876 -0.434704 -2.116076
v 0.327604 -0.441790 -2.115621
v 0.326961 -0.439153 -2.115790
v 0.328689 -0.446238 -2.115335
v 0.328046 -0.443601 -2.115504
v 0.329774 -0.450687 -2.115049
v 0.329131 -0.448050 -2.115218
v 0.331534 -0.433724 -2.152295
v 0.330891 -0.431087 -2.152464
v 0.332619 -0.438173 -2.152009
v 0.331976 -0.435536 -2.152179
v 0.333704 -0.442621 -2.151723
v 0.333061 -0.439985 -2.151893
v 0.334789 -0.447070 -2.151438
v 0.334146 -0.444433 -2.151607
v 0.335874 -0.451519 -2.151152
v 0.335231 -0.448882 -2.151321
v 0.303577 -0.440250 -2.147757
v 0.302934 -0.437613 -2.147927
v 0.304662 -0.444699 -2.147471
v 0.304019 -0.442062 -2.147641
v 0.305747 -0.449148 -2.147186
v 0.305104 -0.446511 -2.147355
v 0.306832 -0.453596 -2.146900
v 0.306189 -0.450959 -2.147069
v 0.307917 -0.458045 -2.146614
v 0.307274 -0.455408 -2.146783
v 0.319249 -0.434336 -2.115188
v 0.318606 -0.431699 -2.115358
v 0.320334 -0.438785 -2.114902
v 0.319691 -0.436148 -2.115072
v 0.321419 -0.443233 -2.114617
v 0.320776 -0.440597 -2.114786
v 0.322504 -0.447682 -2.114331
v 0.321861 -0.445045 -2.114500
v 0.323589 -0.452131 -2.114045
v 0.322946 -0.449494 -2.114214
v 0.335885 -0.432372 -2.147757
v 0.335241 -0.429735 -2.147927
v 0.336969 -0.436820 -2.147471
v 0.336326 -0.434183 -2.147641
v 0.338054 -0.441269 -2.147186
v 0.337411 -0.438632 -2.147355
v 0.339139 -0.445718 -2.146900
v 0.338496 -0.443081 -2.147069
v 0.340224 -0.450166 -2.146614
v 0.339581 -0.447530 -2.146783
v 0.308062 -0.439448 -2.152295
v 0.307419 -0.436811 -2.152464
v 0.309147 -0.443897 -2.152009
v 0.308504 -0.441260 -2.152179
v 0.310232 -0.448345 -2.151723
v 0.309588 -0.445709 -2.151893
v 0.311316 -0.452794 -2.151438
v 0.310673 -0.450157 -2.151607
v 0.312401 -0.457243 -2.151152
v 0.311758 -0.454606 -2.151321
v 0.313094 -0.435902 -2.116192
v 0.312451 -0.433265 -2.116362
v 0.314179 -0.440350 -2.115906
v 0.313536 -0.437713 -2.116076
v 0.315264 -0.444799 -2.115621
v 0.314621 -0.442162 -2.115790
v 0.316349 -0.449248 -2.115335
v 0.315706 -0.446611 -2.115504
v 0.317434 -0.453696 -2.115049
v 0.316791 -0.451060 -2.115218
v 0.296748 -0.322679 -2.157047
v 0.292296 -0.323811 -2.157773
v 0.300742 -0.321570 -2.154939
v 0.303888 -0.320591 -2.151658
v 0.305878 -0.319841 -2.147522
v 0.306517 -0.319390 -2.142938
v 0.305742 -0.319285 -2.138355
v 0.303630 -0.319534 -2.134219
v 0.300387 -0.320114 -2.130937
v 0.296330 -0.320968 -2.128830
v 0.291857 -0.322012 -2.128104
v 0.287406 -0.323144 -2.128830
v 0.283412 -0.324254 -2.130937
v 0.280266 -0.325232 -2.134219
v 0.278276 -0.325983 -2.138355
v 0.277637 -0.326433 -2.142938
v 0.278411 -0.326539 -2.147522
v 0.280524 -0.326289 -2.151658
v 0.283767 -0.325709 -2.154939
v 0.287823 -0.324855 -2.157047
v 0.297436 -0.322645 -2.159126
v 0.292328 -0.323944 -2.159959
v 0.302019 -0.321372 -2.156708
v 0.305629 -0.320249 -2.152943
v 0.307912 -0.319388 -2.148198
v 0.308645 -0.318871 -2.142938
v 0.307756 -0.318750 -2.137679
v 0.305333 -0.319036 -2.132934
v 0.301612 -0.319702 -2.129168
v 0.296957 -0.320681 -2.126751
v 0.291825 -0.321880 -2.125918
v 0.286717 -0.323179 -2.126751
v 0.282135 -0.324452 -2.129168
v 0.278525 -0.325574 -2.132934
v 0.276242 -0.326435 -2.137679
v 0.275508 -0.326952 -2.142938
v 0.276397 -0.327073 -2.148198
v 0.278821 -0.326787 -2.152943
v 0.282542 -0.326122 -2.156708
v 0.287196 -0.325142 -2.159126
v 0.284837 -0.270980 -2.162445
v 0.279729 -0.272279 -2.163278
v 0.289420 -0.269707 -2.160028
v 0.293030 -0.268585 -2.156262
v 0.295313 -0.267723 -2.151517
v 0.296046 -0.267206 -2.146258
v 0.295157 -0.267085 -2.140998
v 0.292734 -0.267371 -2.136253
v 0.289013 -0.268037 -2.132487
v 0.284358 -0.269017 -2.130070
v 0.279226 -0.270215 -2.129237
v 0.274118 -0.271514 -2.130070
v 0.269535 -0.272787 -2.132487
v 0.265925 -0.273909 -2.136253
v 0.263642 -0.274771 -2.140998
v 0.262909 -0.275287 -2.146258
v 0.263798 -0.275409 -2.151517
v 0.266221 -0.275122 -2.156262
v 0.269943 -0.274457 -2.160028
v 0.274597 -0.273477 -2.162445
v 0.280578 -0.271192 -2.149582
v 0.279529 -0.271459 -2.149753
v 0.281520 -0.270931 -2.149086
v 0.282261 -0.270700 -2.148312
v 0.282730 -0.270523 -2.147338
v 0.282881 -0.270417 -2.146258
v 0.282698 -0.270392 -2.145177
v 0.282200 -0.270451 -2.144203
v 0.281436 -0.270588 -2.143429
v 0.280480 -0.270789 -2.142933
v 0.279426 -0.271035 -2.142762
v 0.278377 -0.271302 -2.142933
v 0.277436 -0.271563 -2.143429
v 0.276694 -0.271794 -2.144203
v 0.276225 -0.271971 -2.145177
v 0.276075 -0.272077 -2.146258
v 0.276257 -0.272102 -2.147338
v 0.276755 -0.272043 -2.148312
v 0.277519 -0.271906 -2.149086
v 0.278475 -0.271705 -2.149582
v 0.140148 0.304660 -2.186577
v 0.139099 0.304393 -2.186748
v 0.141089 0.304921 -2.186080
v 0.141831 0.305152 -2.185307
v 0.142300 0.305329 -2.184332
v 0.142450 0.305435 -2.183252
v 0.142268 0.305460 -2.182172
v 0.141770 0.305401 -2.181197
v 0.141006 0.305264 -2.180423
v 0.140050 0.305063 -2.179927
v 0.138996 0.304817 -2.179756
v 0.137946 0.304550 -2.179927
v 0.137005 0.304289 -2.180423
v 0.136264 0.304058 -2.181197
v 0.135795 0.303881 -2.182172
v 0.135644 0.303775 -2.183252
v 0.135827 0.303750 -2.184332
v 0.136325 0.303809 -2.185307
v 0.137089 0.303946 -2.186080
v 0.138045 0.304147 -2.186577
v 0.142444 0.304774 -2.193513
v 0.139207 0.303951 -2.194041
v 0.145349 0.305581 -2.191980
v 0.147638 0.306292 -2.189594
v 0.149085 0.306839 -2.186586
v 0.149549 0.307166 -2.183252
v 0.148986 0.307243 -2.179918
v 0.147450 0.307061 -2.176910
v 0.145091 0.306640 -2.174523
v 0.142141 0.306019 -2.172991
v 0.138888 0.305259 -2.172463
v 0.135650 0.304436 -2.172991
v 0.132745 0.303629 -2.174523
v 0.130457 0.302917 -2.176910
v 0.129010 0.302371 -2.179918
v 0.128545 0.302044 -2.183252
v 0.129108 0.301967 -2.186586
v 0.130644 0.302148 -2.189594
v 0.133003 0.302570 -2.191980
v 0.135954 0.303191 -2.193513
v 0.126576 0.355746 -2.186537
v 0.132497 0.345563 -2.196133
v 0.127287 0.355580 -2.188526
v 0.128068 0.355023 -2.190413
v 0.128888 0.354096 -2.192126
v 0.129717 0.352834 -2.193598
v 0.130522 0.351286 -2.194773
v 0.131273 0.349512 -2.195607
v 0.131940 0.347579 -2.196066
v 0.129260 0.344739 -2.196661
v 0.126576 0.355746 -2.186537
v 0.128764 0.346772 -2.196584
v 0.128282 0.348751 -2.196095
v 0.127830 0.350601 -2.195212
v 0.127428 0.352251 -2.193971
v 0.127090 0.353638 -2.192419
v 0.126829 0.354708 -2.190615
v 0.126655 0.355420 -2.188629
v 0.126576 0.355746 -2.186537
v 0.135402 0.346370 -2.194601
v 0.127854 0.355738 -2.188227
v 0.129179 0.355332 -2.189827
v 0.130502 0.354544 -2.191274
v 0.131771 0.353404 -2.192514
v 0.132938 0.351957 -2.193499
v 0.133957 0.350257 -2.194191
v 0.134789 0.348371 -2.194563
v 0.126576 0.355746 -2.186537
v 0.137691 0.347081 -2.192214
v 0.128300 0.355877 -2.187762
v 0.130055 0.355604 -2.188914
v 0.131774 0.354939 -2.189948
v 0.133389 0.353907 -2.190827
v 0.134840 0.352548 -2.191514
v 0.136071 0.350914 -2.191986
v 0.137033 0.349068 -2.192222
v 0.126576 0.355746 -2.186537
v 0.139138 0.347627 -2.189206
v 0.128582 0.355983 -2.187175
v 0.130609 0.355813 -2.187762
v 0.132578 0.355243 -2.188277
v 0.134413 0.354293 -2.188700
v 0.136044 0.353002 -2.189014
v 0.137408 0.351419 -2.189207
v 0.138452 0.349604 -2.189272
v 0.126576 0.355746 -2.186537
v 0.139603 0.347955 -2.185872
v 0.128673 0.356047 -2.186524
v 0.130787 0.355938 -2.186487
v 0.132836 0.355424 -2.186425
v 0.134741 0.354525 -2.186342
v 0.136430 0.353275 -2.186242
v 0.137837 0.351722 -2.186127
v 0.138908 0.349925 -2.186002
v 0.126576 0.355746 -2.186537
v 0.139039 0.348031 -2.182538
v 0.128563 0.356062 -2.185874
v 0.130571 0.355968 -2.185211
v 0.132523 0.355467 -2.184573
v 0.134343 0.354579 -2.183985
v 0.135962 0.353339 -2.183470
v 0.137317 0.351793 -2.183046
v 0.138356 0.350000 -2.182732
v 0.126576 0.355746 -2.186537
v 0.137503 0.347850 -2.179530
v 0.128263 0.356027 -2.185287
v 0.129983 0.355898 -2.184060
v 0.131669 0.355366 -2.182902
v 0.133257 0.354451 -2.181858
v 0.134684 0.353188 -2.180969
v 0.135897 0.351625 -2.180268
v 0.136849 0.349823 -2.179782
v 0.126576 0.355746 -2.186537
v 0.135144 0.347428 -2.177144
v 0.127803 0.355944 -2.184822
v 0.129081 0.355737 -2.183146
v 0.130359 0.355132 -2.181576
v 0.131589 0.354153 -2.180171
v 0.132723 0.352837 -2.178984
v 0.133718 0.351235 -2.178062
v 0.134536 0.349409 -2.177441
v 0.126576 0.355746 -2.186537
v 0.132194 0.346807 -2.175611
v 0.127228 0.355823 -2.184523
v 0.127952 0.355499 -2.182560
v 0.128720 0.354787 -2.180724
v 0.129503 0.353714 -2.179087
v 0.130270 0.352321 -2.177710
v 0.130992 0.350661 -2.176647
v 0.131642 0.348800 -2.175938
v 0.126576 0.355746 -2.186537
v 0.128941 0.346048 -2.175083
v 0.126593 0.355675 -2.184420
v 0.126707 0.355209 -2.182358
v 0.126912 0.354365 -2.180431
v 0.127202 0.353177 -2.178713
v 0.127565 0.351689 -2.177271
v 0.127987 0.349960 -2.176159
v 0.128451 0.348055 -2.175420
v 0.126576 0.355746 -2.186537
v 0.125703 0.345224 -2.175611
v 0.125961 0.355514 -2.184523
v 0.125468 0.354894 -2.182560
v 0.125114 0.353908 -2.180724
v 0.124913 0.352594 -2.179087
v 0.124873 0.351005 -2.177710
v 0.124996 0.349199 -2.176647
v 0.125276 0.347247 -2.175938
v 0.126576 0.355746 -2.186537
v 0.122798 0.344417 -2.177144
v 0.125395 0.355357 -2.184822
v 0.124356 0.354585 -2.183146
v 0.123500 0.353459 -2.181576
v 0.122859 0.352024 -2.180171
v 0.122458 0.350334 -2.178984
v 0.122312 0.348454 -2.178062
v 0.122427 0.346456 -2.177441
v 0.126576 0.355746 -2.186537
v 0.120510 0.343706 -2.179530
v 0.124948 0.355218 -2.185287
v 0.123480 0.354313 -2.184060
v 0.122229 0.353064 -2.182902
v 0.121241 0.351521 -2.181858
v 0.120555 0.349742 -2.180969
v 0.120198 0.347796 -2.180268
v 0.120182 0.345758 -2.179782
v 0.126576 0.355746 -2.186537
v 0.119063 0.343160 -2.182538
v 0.124666 0.355112 -2.185874
v 0.122927 0.354104 -2.185211
v 0.121424 0.352761 -2.184573
v 0.120217 0.351135 -2.183985
v 0.119352 0.349288 -2.183470
v 0.118861 0.347292 -2.183046
v 0.118763 0.345223 -2.182732
v 0.126576 0.355746 -2.186537
v 0.118598 0.342832 -2.185872
v 0.124575 0.355048 -2.186524
v 0.122749 0.353978 -2.186487
v 0.121166 0.352579 -2.186425
v 0.119889 0.350903 -2.186342
v 0.118965 0.349016 -2.186242
v 0.118431 0.346989 -2.186127
v 0.118307 0.344901 -2.186002
v 0.126576 0.355746 -2.186537
v 0.119161 0.342756 -2.189206
v 0.124685 0.355033 -2.187175
v 0.122964 0.353949 -2.187762
v 0.121479 0.352536 -2.188277
v 0.120287 0.350849 -2.188700
v 0.119434 0.348952 -2.189014
v 0.118952 0.346918 -2.189207
v 0.118860 0.344826 -2.189272
v 0.126576 0.355746 -2.186537
v 0.120698 0.342937 -2.192214
v 0.124985 0.355068 -2.187762
v 0.123552 0.354018 -2.188914
v 0.122333 0.352637 -2.189948
v 0.121373 0.350977 -2.190827
v 0.120711 0.349103 -2.191514
v 0.120371 0.347086 -2.191986
v 0.120366 0.345004 -2.192222
v 0.126576 0.355746 -2.186537
v 0.123056 0.343359 -2.194601
v 0.125445 0.355150 -2.188227
v 0.124455 0.354180 -2.189827
v 0.123643 0.352871 -2.191274
v 0.123041 0.351275 -2.192514
v 0.122672 0.349453 -2.193499
v 0.122550 0.347476 -2.194191
v 0.122680 0.345418 -2.194563
v 0.126576 0.355746 -2.186537
v 0.126007 0.343980 -2.196133
v 0.126021 0.355272 -2.188526
v 0.125584 0.354417 -2.190413
v 0.125282 0.353216 -2.192126
v 0.125127 0.351715 -2.193598
v 0.125125 0.349970 -2.194773
v 0.125276 0.348049 -2.195607
v 0.125574 0.346027 -2.196066
v 0.325878 -0.431224 -2.113739
v 0.325162 -0.430086 -2.115130
v 0.325878 -0.431224 -2.113739
v 0.325805 -0.432723 -2.114961
v 0.326963 -0.435673 -2.113453
v 0.326247 -0.434534 -2.114845
v 0.326963 -0.435673 -2.113453
v 0.326890 -0.437171 -2.114675
v 0.327332 -0.438983 -2.114559
v 0.328048 -0.440122 -2.113168
v 0.328048 -0.440122 -2.113168
v 0.327975 -0.441620 -2.114389
v 0.329133 -0.444570 -2.112882
v 0.328417 -0.443432 -2.114273
v 0.329133 -0.444570 -2.112882
v 0.329060 -0.446069 -2.114104
v 0.329502 -0.447881 -2.113987
v 0.330217 -0.449019 -2.112596
v 0.330217 -0.449019 -2.112596
v 0.330145 -0.450517 -2.113818
v 0.331647 -0.430970 -2.153512
v 0.332771 -0.432164 -2.154538
v 0.332771 -0.432164 -2.154538
v 0.332290 -0.433607 -2.153342
v 0.333856 -0.436613 -2.154253
v 0.332732 -0.435419 -2.153226
v 0.333856 -0.436613 -2.154253
v 0.333375 -0.438056 -2.153056
v 0.333817 -0.439867 -2.152940
v 0.334941 -0.441062 -2.153967
v 0.334460 -0.442504 -2.152771
v 0.334941 -0.441062 -2.153967
v 0.336026 -0.445510 -2.153681
v 0.334902 -0.444316 -2.152654
v 0.336026 -0.445510 -2.153681
v 0.335545 -0.446953 -2.152485
v 0.337111 -0.449959 -2.153395
v 0.335987 -0.448765 -2.152368
v 0.337111 -0.449959 -2.153395
v 0.336630 -0.451402 -2.152199
v 0.301926 -0.437908 -2.148687
v 0.301178 -0.439539 -2.149410
v 0.302569 -0.440545 -2.148518
v 0.301178 -0.439539 -2.149410
v 0.302263 -0.443988 -2.149124
v 0.303011 -0.442357 -2.148401
v 0.302263 -0.443988 -2.149124
v 0.303654 -0.444994 -2.148232
v 0.304096 -0.446805 -2.148116
v 0.303347 -0.448437 -2.148839
v 0.304739 -0.449442 -2.147946
v 0.303347 -0.448437 -2.148839
v 0.305181 -0.451254 -2.147830
v 0.304432 -0.452885 -2.148553
v 0.305824 -0.453891 -2.147660
v 0.304432 -0.452885 -2.148553
v 0.305517 -0.457334 -2.148267
v 0.306266 -0.455703 -2.147544
v 0.305517 -0.457334 -2.148267
v 0.306909 -0.458340 -2.147375
v 0.318587 -0.431621 -2.114063
v 0.318888 -0.432856 -2.112605
v 0.319230 -0.434258 -2.113894
v 0.318888 -0.432856 -2.112605
v 0.319672 -0.436069 -2.113777
v 0.319973 -0.437304 -2.112319
v 0.319973 -0.437304 -2.112319
v 0.320315 -0.438706 -2.113608
v 0.321058 -0.441753 -2.112033
v 0.320757 -0.440518 -2.113492
v 0.321058 -0.441753 -2.112033
v 0.321400 -0.443155 -2.113322
v 0.321842 -0.444967 -2.113206
v 0.322143 -0.446202 -2.111747
v 0.322485 -0.447604 -2.113036
v 0.322143 -0.446202 -2.111747
v 0.323228 -0.450651 -2.111461
v 0.322927 -0.449415 -2.112920
v 0.323228 -0.450651 -2.111461
v 0.323570 -0.452052 -2.112751
v 0.340797 -0.429462 -2.142948
v 0.339840 -0.431065 -2.142439
v 0.339197 -0.428428 -2.142608
v 0.340797 -0.429462 -2.142948
v 0.337688 -0.430636 -2.149410
v 0.336272 -0.429532 -2.148687
v 0.337688 -0.430636 -2.149410
v 0.336915 -0.432169 -2.148518
v 0.341882 -0.433911 -2.142663
v 0.340925 -0.435514 -2.142153
v 0.340282 -0.432877 -2.142323
v 0.341882 -0.433911 -2.142663
v 0.337357 -0.433981 -2.148401
v 0.338772 -0.435084 -2.149124
v 0.338000 -0.436618 -2.148232
v 0.338772 -0.435084 -2.149124
v 0.342967 -0.438360 -2.142377
v 0.342010 -0.439963 -2.141867
v 0.341367 -0.437326 -2.142037
v 0.342967 -0.438360 -2.142377
v 0.339857 -0.439533 -2.148839
v 0.338442 -0.438430 -2.148116
v 0.339857 -0.439533 -2.148839
v 0.339085 -0.441067 -2.147946
v 0.344052 -0.442808 -2.142091
v 0.343095 -0.444411 -2.141582
v 0.342452 -0.441775 -2.141751
v 0.344052 -0.442808 -2.142091
v 0.339527 -0.442878 -2.147830
v 0.340942 -0.443982 -2.148553
v 0.340170 -0.445515 -2.147660
v 0.340942 -0.443982 -2.148553
v 0.345137 -0.447257 -2.141805
v 0.344180 -0.448860 -2.141296
v 0.343537 -0.446223 -2.141465
v 0.345137 -0.447257 -2.141805
v 0.342027 -0.448431 -2.148267
v 0.340612 -0.447327 -2.147544
v 0.341255 -0.449964 -2.147375
v 0.342027 -0.448431 -2.148267
v 0.312584 -0.437299 -2.157831
v 0.313300 -0.438437 -2.156440
v 0.312657 -0.435800 -2.156609
v 0.312584 -0.437299 -2.157831
v 0.306245 -0.438633 -2.154538
v 0.306694 -0.437055 -2.153512
v 0.306245 -0.438633 -2.154538
v 0.307337 -0.439692 -2.153342
v 0.313669 -0.441747 -2.157545
v 0.314385 -0.442886 -2.156154
v 0.313742 -0.440249 -2.156323
v 0.313669 -0.441747 -2.157545
v 0.307779 -0.441504 -2.153226
v 0.307330 -0.443082 -2.154253
v 0.308422 -0.444141 -2.153056
v 0.307330 -0.443082 -2.154253
v 0.314754 -0.446196 -2.157259
v 0.315470 -0.447334 -2.155868
v 0.314827 -0.444698 -2.156037
v 0.314754 -0.446196 -2.157259
v 0.308863 -0.445953 -2.152940
v 0.308415 -0.447530 -2.153967
v 0.308415 -0.447530 -2.153967
v 0.309506 -0.448590 -2.152771
v 0.315839 -0.450645 -2.156974
v 0.316554 -0.451783 -2.155582
v 0.315911 -0.449146 -2.155752
v 0.315839 -0.450645 -2.156974
v 0.309500 -0.451979 -2.153681
v 0.309948 -0.450401 -2.152654
v 0.309500 -0.451979 -2.153681
v 0.310591 -0.453038 -2.152485
v 0.316924 -0.455093 -2.156688
v 0.317639 -0.456232 -2.155296
v 0.316996 -0.453595 -2.155466
v 0.316924 -0.455093 -2.156688
v 0.311033 -0.454850 -2.152368
v 0.310585 -0.456428 -2.153395
v 0.311676 -0.457487 -2.152199
v 0.310585 -0.456428 -2.153395
v 0.305691 -0.436359 -2.117032
v 0.306815 -0.437553 -2.118058
v 0.306172 -0.434916 -2.118228
v 0.305691 -0.436359 -2.117032
v 0.311932 -0.434625 -2.113739
v 0.312043 -0.433285 -2.115130
v 0.311932 -0.434625 -2.113739
v 0.312686 -0.435922 -2.114961
v 0.306776 -0.440807 -2.116746
v 0.307900 -0.442001 -2.117773
v 0.307257 -0.439365 -2.117942
v 0.306776 -0.440807 -2.116746
v 0.313017 -0.439074 -2.113453
v 0.313128 -0.437734 -2.114845
v 0.313017 -0.439074 -2.113453
v 0.313771 -0.440371 -2.114675
v 0.307861 -0.445256 -2.116460
v 0.308985 -0.446450 -2.117487
v 0.308342 -0.443813 -2.117656
v 0.307861 -0.445256 -2.116460
v 0.314213 -0.442182 -2.114559
v 0.314102 -0.443522 -2.113168
v 0.314856 -0.444819 -2.114389
v 0.314102 -0.443522 -2.113168
v 0.308945 -0.449705 -2.116174
v 0.310070 -0.450899 -2.117201
v 0.309427 -0.448262 -2.117371
v 0.308945 -0.449705 -2.116174
v 0.315187 -0.447971 -2.112882
v 0.315298 -0.446631 -2.114273
v 0.315187 -0.447971 -2.112882
v 0.315941 -0.449268 -2.114104
v 0.310030 -0.454153 -2.115888
v 0.311154 -0.455348 -2.116915
v 0.310511 -0.452711 -2.117085
v 0.310030 -0.454153 -2.115888
v 0.316383 -0.451080 -2.113987
v 0.316272 -0.452420 -2.112596
v 0.317026 -0.453717 -2.113818
v 0.316272 -0.452420 -2.112596
v 0.302217 -0.457724 -2.141805
v 0.303804 -0.458706 -2.141296
v 0.303161 -0.456070 -2.141465
v 0.302217 -0.457724 -2.141805
v 0.301132 -0.453275 -2.142091
v 0.302719 -0.454258 -2.141582
v 0.302076 -0.451621 -2.141751
v 0.301132 -0.453275 -2.142091
v 0.300047 -0.448826 -2.142377
v 0.301634 -0.449809 -2.141867
v 0.300047 -0.448826 -2.142377
v 0.300991 -0.447172 -2.142037
v 0.298962 -0.444378 -2.142663
v 0.300549 -0.445360 -2.142153
v 0.299906 -0.442723 -2.142323
v 0.298962 -0.444378 -2.142663
v 0.297877 -0.439929 -2.142948
v 0.299464 -0.440912 -2.142439
v 0.297877 -0.439929 -2.142948
v 0.298821 -0.438275 -2.142608
v 0.330869 -0.451693 -2.156688
v 0.330758 -0.453032 -2.155296
v 0.330115 -0.450396 -2.155466
v 0.330869 -0.451693 -2.156688
v 0.329673 -0.448584 -2.155582
v 0.329785 -0.447244 -2.156974
v 0.329030 -0.445947 -2.155752
v 0.329785 -0.447244 -2.156974
v 0.328700 -0.442795 -2.157259
v 0.328589 -0.444135 -2.155868
v 0.328700 -0.442795 -2.157259
v 0.327946 -0.441498 -2.156037
v 0.327615 -0.438346 -2.157545
v 0.327504 -0.439686 -2.156154
v 0.326861 -0.437050 -2.156323
v 0.327615 -0.438346 -2.157545
v 0.326530 -0.433898 -2.157831
v 0.326419 -0.435238 -2.156440
v 0.326530 -0.433898 -2.157831
v 0.325776 -0.432601 -2.156609
v 0.336108 -0.449262 -2.116915
v 0.336556 -0.447685 -2.115888
v 0.335465 -0.446625 -2.117085
v 0.336556 -0.447685 -2.115888
v 0.335471 -0.443236 -2.116174
v 0.335023 -0.444813 -2.117201
v 0.335471 -0.443236 -2.116174
v 0.334380 -0.442177 -2.117371
v 0.334387 -0.438787 -2.116460
v 0.333938 -0.440365 -2.117487
v 0.333295 -0.437728 -2.117656
v 0.334387 -0.438787 -2.116460
v 0.333302 -0.434339 -2.116746
v 0.332853 -0.435916 -2.117773
v 0.333302 -0.434339 -2.116746
v 0.332210 -0.433279 -2.117942
v 0.332217 -0.429890 -2.117032
v 0.331769 -0.431467 -2.118058
v 0.332217 -0.429890 -2.117032
v 0.331126 -0.428831 -2.118228
v 0.302665 -0.458551 -2.134557
v 0.301006 -0.457559 -2.134642
v 0.302022 -0.455914 -2.134727
v 0.301006 -0.457559 -2.134642
v 0.299921 -0.453110 -2.134928
v 0.301580 -0.454102 -2.134843
v 0.299921 -0.453110 -2.134928
v 0.300937 -0.451466 -2.135012
v 0.298837 -0.448661 -2.135213
v 0.300496 -0.449654 -2.135129
v 0.299852 -0.447017 -2.135298
v 0.298837 -0.448661 -2.135213
v 0.299411 -0.445205 -2.135415
v 0.297752 -0.444213 -2.135499
v 0.297752 -0.444213 -2.135499
v 0.298768 -0.442568 -2.135584
v 0.298326 -0.440756 -2.135700
v 0.296667 -0.439764 -2.135785
v 0.296667 -0.439764 -2.135785
v 0.297683 -0.438119 -2.135870
v 0.324215 -0.454697 -2.156364
v 0.323913 -0.453462 -2.157822
v 0.323913 -0.453462 -2.157822
v 0.323572 -0.452060 -2.156533
v 0.323130 -0.450248 -2.156650
v 0.322829 -0.449013 -2.158108
v 0.322829 -0.449013 -2.158108
v 0.322487 -0.447611 -2.156819
v 0.322045 -0.445799 -2.156935
v 0.321744 -0.444564 -2.158394
v 0.321744 -0.444564 -2.158394
v 0.321402 -0.443163 -2.157105
v 0.320960 -0.441351 -2.157221
v 0.320659 -0.440116 -2.158680
v 0.320659 -0.440116 -2.158680
v 0.320317 -0.438714 -2.157391
v 0.319875 -0.436902 -2.157507
v 0.319574 -0.435667 -2.158966
v 0.319574 -0.435667 -2.158966
v 0.319232 -0.434265 -2.157676
v 0.340876 -0.448409 -2.121740
v 0.341624 -0.446778 -2.121017
v 0.341624 -0.446778 -2.121017
v 0.340233 -0.445773 -2.121909
v 0.339791 -0.443961 -2.122025
v 0.340539 -0.442330 -2.121303
v 0.340539 -0.442330 -2.121303
v 0.339148 -0.441324 -2.122195
v 0.338706 -0.439512 -2.122311
v 0.339454 -0.437881 -2.121588
v 0.339454 -0.437881 -2.121588
v 0.338063 -0.436875 -2.122481
v 0.337621 -0.435063 -2.122597
v 0.338369 -0.433432 -2.121874
v 0.338369 -0.433432 -2.121874
v 0.336978 -0.432427 -2.122766
v 0.336536 -0.430615 -2.122883
v 0.337285 -0.428983 -2.122160
v 0.337285 -0.428983 -2.122160
v 0.335893 -0.427978 -2.123052
v 0.303605 -0.457889 -2.127819
v 0.302005 -0.456855 -2.127479
v 0.302005 -0.456855 -2.127479
v 0.302962 -0.455252 -2.127988
v 0.302520 -0.453440 -2.128104
v 0.300920 -0.452406 -2.127764
v 0.300920 -0.452406 -2.127764
v 0.301877 -0.450804 -2.128274
v 0.301435 -0.448992 -2.128390
v 0.299835 -0.447958 -2.128050
v 0.299835 -0.447958 -2.128050
v 0.300792 -0.446355 -2.128560
v 0.300350 -0.444543 -2.128676
v 0.298750 -0.443509 -2.128336
v 0.298750 -0.443509 -2.128336
v 0.299707 -0.441906 -2.128845
v 0.299265 -0.440094 -2.128962
v 0.297665 -0.439060 -2.128622
v 0.297665 -0.439060 -2.128622
v 0.298622 -0.437458 -2.129131
v 0.343981 -0.448043 -2.127819
v 0.344925 -0.446388 -2.127479
v 0.344925 -0.446388 -2.127479
v 0.343337 -0.445406 -2.127988
v 0.342896 -0.443594 -2.128104
v 0.343840 -0.441940 -2.127764
v 0.343840 -0.441940 -2.127764
v 0.342253 -0.440957 -2.128274
v 0.341811 -0.439145 -2.128390
v 0.342755 -0.437491 -2.128050
v 0.342755 -0.437491 -2.128050
v 0.341168 -0.436509 -2.128560
v 0.340726 -0.434697 -2.128676
v 0.341670 -0.433042 -2.128336
v 0.341670 -0.433042 -2.128336
v 0.340083 -0.432060 -2.128845
v 0.339641 -0.430248 -2.128962
v 0.340585 -0.428594 -2.128622
v 0.340585 -0.428594 -2.128622
v 0.338998 -0.427611 -2.129131
v 0.306530 -0.456785 -2.121740
v 0.305114 -0.455682 -2.121017
v 0.305114 -0.455682 -2.121017
v 0.305887 -0.454148 -2.121909
v 0.305445 -0.452337 -2.122025
v 0.304029 -0.451233 -2.121303
v 0.304029 -0.451233 -2.121303
v 0.304802 -0.449700 -2.122195
v 0.304360 -0.447888 -2.122311
v 0.302944 -0.446784 -2.121588
v 0.302944 -0.446784 -2.121588
v 0.303717 -0.445251 -2.122481
v 0.303275 -0.443439 -2.122597
v 0.301860 -0.442336 -2.121874
v 0.301860 -0.442336 -2.121874
v 0.302632 -0.440802 -2.122766
v 0.302190 -0.438990 -2.122883
v 0.300775 -0.437887 -2.122160
v 0.300775 -0.437887 -2.122160
v 0.301547 -0.436354 -2.123052
v 0.345119 -0.448198 -2.134557
v 0.346135 -0.446553 -2.134642
v 0.346135 -0.446553 -2.134642
v 0.344476 -0.445561 -2.134727
v 0.344034 -0.443749 -2.134843
v 0.345050 -0.442105 -2.134928
v 0.345050 -0.442105 -2.134928
v 0.343391 -0.441113 -2.135012
v 0.342949 -0.439301 -2.135129
v 0.343965 -0.437656 -2.135213
v 0.343965 -0.437656 -2.135213
v 0.342306 -0.436664 -2.135298
v 0.341864 -0.434852 -2.135415
v 0.342880 -0.433207 -2.135499
v 0.342880 -0.433207 -2.135499
v 0.341221 -0.432215 -2.135584
v 0.340780 -0.430403 -2.135700
v 0.341795 -0.428759 -2.135785
v 0.341795 -0.428759 -2.135785
v 0.340137 -0.427766 -2.135870
v 0.641216 -0.478917 -2.158063
v 0.646379 -0.457749 -2.154868
v 0.633699 -0.477005 -2.156837
v 0.640223 -0.456183 -2.153864
v 0.626955 -0.475132 -2.153279
v 0.634700 -0.454649 -2.150951
v 0.621642 -0.473480 -2.147738
v 0.630350 -0.453297 -2.146413
v 0.618282 -0.472212 -2.140755
v 0.627598 -0.452258 -2.140695
v 0.617203 -0.471452 -2.133014
v 0.626715 -0.451636 -2.134356
v 0.618511 -0.471273 -2.125273
v 0.627786 -0.451490 -2.128017
v 0.622078 -0.471694 -2.118290
v 0.630707 -0.451834 -2.122299
v 0.627554 -0.472674 -2.112748
v 0.635191 -0.452637 -2.117761
v 0.634404 -0.474116 -2.109190
v 0.640800 -0.453817 -2.114848
v 0.641957 -0.475879 -2.107964
v 0.646985 -0.455261 -2.113844
v 0.649474 -0.477791 -2.109190
v 0.653140 -0.456827 -2.114848
v 0.656219 -0.479664 -2.112748
v 0.658664 -0.458361 -2.117761
v 0.661531 -0.481316 -2.118290
v 0.663014 -0.459713 -2.122299
v 0.664892 -0.482584 -2.125273
v 0.665765 -0.460751 -2.128017
v 0.665971 -0.483344 -2.133014
v 0.666649 -0.461374 -2.134356
v 0.664663 -0.483523 -2.140755
v 0.665578 -0.461520 -2.140695
v 0.661096 -0.483101 -2.147738
v 0.662657 -0.461175 -2.146413
v 0.655620 -0.482122 -2.153279
v 0.658173 -0.460373 -2.150951
v 0.648769 -0.480680 -2.156837
v 0.652563 -0.459192 -2.153864
v 0.638795 -0.456112 -2.158180
v 0.646311 -0.458024 -2.159406
v 0.632050 -0.454239 -2.154622
v 0.626737 -0.452587 -2.149080
v 0.623377 -0.451319 -2.142097
v 0.622298 -0.450559 -2.134356
v 0.623606 -0.450380 -2.126615
v 0.627173 -0.450801 -2.119632
v 0.632649 -0.451781 -2.114090
v 0.639499 -0.453223 -2.110533
v 0.647052 -0.454986 -2.109306
v 0.654569 -0.456898 -2.110533
v 0.661314 -0.458771 -2.114090
v 0.666626 -0.460423 -2.119632
v 0.669987 -0.461691 -2.126615
v 0.671066 -0.462451 -2.134356
v 0.669758 -0.462630 -2.142097
v 0.666191 -0.462208 -2.149080
v 0.660715 -0.461229 -2.154622
v 0.653865 -0.459787 -2.158180
v 0.646733 -0.429491 -2.155579
v 0.652888 -0.431056 -2.156583
v 0.641209 -0.427957 -2.152666
v 0.636859 -0.426604 -2.148128
v 0.634108 -0.425566 -2.142410
v 0.633224 -0.424943 -2.136071
v 0.634295 -0.424797 -2.129732
v 0.637216 -0.425142 -2.124014
v 0.641700 -0.425944 -2.119476
v 0.647309 -0.427125 -2.116563
v 0.653494 -0.428569 -2.115559
v 0.659650 -0.430134 -2.116563
v 0.665173 -0.431668 -2.119476
v 0.669523 -0.433021 -2.124014
v 0.672275 -0.434059 -2.129732
v 0.673158 -0.434682 -2.136071
v 0.672087 -0.434828 -2.142410
v 0.669166 -0.434483 -2.148128
v 0.664682 -0.433681 -2.152666
v 0.659073 -0.432500 -2.155579
v 0.648520 -0.429580 -2.150179
v 0.652972 -0.430712 -2.150905
v 0.644526 -0.428471 -2.148072
v 0.641380 -0.427493 -2.144790
v 0.639390 -0.426742 -2.140655
v 0.638751 -0.426291 -2.136071
v 0.639526 -0.426186 -2.131487
v 0.641638 -0.426435 -2.127352
v 0.644881 -0.427015 -2.124070
v 0.648938 -0.427869 -2.121963
v 0.653410 -0.428913 -2.121237
v 0.657862 -0.430045 -2.121963
v 0.661856 -0.431155 -2.124070
v 0.665002 -0.432133 -2.127352
v 0.666992 -0.432884 -2.131487
v 0.667631 -0.433334 -2.136071
v 0.666856 -0.433440 -2.140655
v 0.664744 -0.433190 -2.144790
v 0.661501 -0.432610 -2.148072
v 0.657445 -0.431756 -2.150179
v 0.629005 -0.446491 -2.141065
v 0.628362 -0.449128 -2.140896
v 0.630090 -0.442042 -2.141351
v 0.629447 -0.444679 -2.141181
v 0.631175 -0.437594 -2.141637
v 0.630532 -0.440231 -2.141467
v 0.632259 -0.433145 -2.141922
v 0.631616 -0.435782 -2.141753
v 0.633344 -0.428696 -2.142208
v 0.632701 -0.431333 -2.142039
v 0.631818 -0.430711 -2.135700
v 0.632461 -0.428074 -2.135870
v 0.630733 -0.435159 -2.135415
v 0.631376 -0.432522 -2.135584
v 0.629648 -0.439608 -2.135129
v 0.630291 -0.436971 -2.135298
v 0.628563 -0.444057 -2.134843
v 0.629206 -0.441420 -2.135012
v 0.627478 -0.448505 -2.134557
v 0.628121 -0.445869 -2.134727
v 0.653970 -0.453425 -2.154235
v 0.653327 -0.456062 -2.154065
v 0.655055 -0.448977 -2.154521
v 0.654412 -0.451613 -2.154351
v 0.656140 -0.444528 -2.154806
v 0.655497 -0.447165 -2.154637
v 0.657225 -0.440079 -2.155092
v 0.656582 -0.442716 -2.154923
v 0.658309 -0.435631 -2.155378
v 0.657666 -0.438267 -2.155209
v 0.651481 -0.436824 -2.156213
v 0.652124 -0.434187 -2.156382
v 0.650396 -0.441272 -2.155927
v 0.651040 -0.438635 -2.156096
v 0.649312 -0.445721 -2.155641
v 0.649955 -0.443084 -2.155810
v 0.648227 -0.450170 -2.155355
v 0.648870 -0.447533 -2.155524
v 0.647142 -0.454618 -2.155069
v 0.647785 -0.451982 -2.155239
v 0.660070 -0.452594 -2.118132
v 0.659427 -0.455230 -2.117962
v 0.661155 -0.448145 -2.118418
v 0.660512 -0.450782 -2.118248
v 0.662240 -0.443696 -2.118703
v 0.661597 -0.446333 -2.118534
v 0.663325 -0.439247 -2.118989
v 0.662682 -0.441884 -2.118820
v 0.664409 -0.434799 -2.119275
v 0.663766 -0.437436 -2.119106
v 0.668117 -0.438788 -2.123644
v 0.668760 -0.436151 -2.123813
v 0.667032 -0.443237 -2.123358
v 0.667675 -0.440600 -2.123527
v 0.665947 -0.447685 -2.123072
v 0.666590 -0.445049 -2.123241
v 0.664862 -0.452134 -2.122786
v 0.665505 -0.449497 -2.122956
v 0.663777 -0.456583 -2.122500
v 0.664420 -0.453946 -2.122670
v 0.632889 -0.430564 -2.129362
v 0.633532 -0.427928 -2.129531
v 0.631804 -0.435013 -2.129076
v 0.632447 -0.432376 -2.129245
v 0.630719 -0.439462 -2.128790
v 0.631362 -0.436825 -2.128960
v 0.629634 -0.443911 -2.128504
v 0.630277 -0.441274 -2.128674
v 0.628549 -0.448359 -2.128219
v 0.629192 -0.445722 -2.128388
v 0.670868 -0.439826 -2.129362
v 0.671511 -0.437190 -2.129531
v 0.669783 -0.444275 -2.129076
v 0.670426 -0.441638 -2.129245
v 0.668698 -0.448724 -2.128790
v 0.669341 -0.446087 -2.128960
v 0.667614 -0.453172 -2.128504
v 0.668257 -0.450536 -2.128674
v 0.666529 -0.457621 -2.128219
v 0.667172 -0.454984 -2.128388
v 0.635809 -0.430909 -2.123644
v 0.636452 -0.428273 -2.123813
v 0.634725 -0.435358 -2.123358
v 0.635368 -0.432721 -2.123527
v 0.633640 -0.439807 -2.123072
v 0.634283 -0.437170 -2.123241
v 0.632555 -0.444255 -2.122786
v 0.633198 -0.441619 -2.122956
v 0.631470 -0.448704 -2.122500
v 0.632113 -0.446067 -2.122670
v 0.671752 -0.440449 -2.135700
v 0.672395 -0.437812 -2.135870
v 0.670667 -0.444898 -2.135415
v 0.671310 -0.442261 -2.135584
v 0.669582 -0.449346 -2.135129
v 0.670225 -0.446710 -2.135298
v 0.668497 -0.453795 -2.134843
v 0.669140 -0.451158 -2.135012
v 0.667412 -0.458244 -2.134557
v 0.668055 -0.455607 -2.134727
v 0.640294 -0.431711 -2.119106
v 0.640937 -0.429075 -2.119275
v 0.639209 -0.436160 -2.118820
v 0.639852 -0.433523 -2.118989
v 0.638124 -0.440609 -2.118534
v 0.638767 -0.437972 -2.118703
v 0.637039 -0.445058 -2.118248
v 0.637682 -0.442421 -2.118418
v 0.635954 -0.449506 -2.117962
v 0.636597 -0.446869 -2.118132
v 0.645326 -0.435258 -2.155209
v 0.645969 -0.432621 -2.155378
v 0.644241 -0.439707 -2.154923
v 0.644884 -0.437070 -2.155092
v 0.643156 -0.444155 -2.154637
v 0.643799 -0.441519 -2.154806
v 0.642071 -0.448604 -2.154351
v 0.642715 -0.445967 -2.154521
v 0.640987 -0.453053 -2.154065
v 0.641630 -0.450416 -2.154235
v 0.670681 -0.440595 -2.142039
v 0.671324 -0.437958 -2.142208
v 0.669596 -0.445044 -2.141753
v 0.670239 -0.442407 -2.141922
v 0.668511 -0.449492 -2.141467
v 0.669154 -0.446856 -2.141637
v 0.667426 -0.453941 -2.141181
v 0.668069 -0.451304 -2.141351
v 0.666341 -0.458390 -2.140896
v 0.666984 -0.455753 -2.141065
v 0.645903 -0.432892 -2.116192
v 0.646546 -0.430255 -2.116362
v 0.644818 -0.437341 -2.115906
v 0.645461 -0.434704 -2.116076
v 0.643733 -0.441790 -2.115621
v 0.644376 -0.439153 -2.115790
v 0.642648 -0.446238 -2.115335
v 0.643291 -0.443601 -2.115504
v 0.641564 -0.450687 -2.115049
v 0.642207 -0.448050 -2.115218
v 0.639803 -0.433724 -2.152295
v 0.640446 -0.431087 -2.152464
v 0.638718 -0.438173 -2.152009
v 0.639361 -0.435536 -2.152179
v 0.637633 -0.442621 -2.151723
v 0.638276 -0.439985 -2.151893
v 0.636548 -0.447070 -2.151438
v 0.637191 -0.444433 -2.151607
v 0.635463 -0.451519 -2.151152
v 0.636107 -0.448882 -2.151321
v 0.667760 -0.440250 -2.147757
v 0.668403 -0.437613 -2.147927
v 0.666675 -0.444699 -2.147471
v 0.667318 -0.442062 -2.147641
v 0.665590 -0.449148 -2.147186
v 0.666233 -0.446511 -2.147355
v 0.664505 -0.453596 -2.146900
v 0.665148 -0.450959 -2.147069
v 0.663420 -0.458045 -2.146614
v 0.664064 -0.455408 -2.146783
v 0.652088 -0.434336 -2.115188
v 0.652731 -0.431699 -2.115358
v 0.651003 -0.438785 -2.114902
v 0.651646 -0.436148 -2.115072
v 0.649918 -0.443233 -2.114617
v 0.650561 -0.440597 -2.114786
v 0.648833 -0.447682 -2.114331
v 0.649476 -0.445045 -2.114500
v 0.647749 -0.452131 -2.114045
v 0.648392 -0.449494 -2.114214
v 0.635453 -0.432372 -2.147757
v 0.636096 -0.429735 -2.147927
v 0.634368 -0.436820 -2.147471
v 0.635011 -0.434183 -2.147641
v 0.633283 -0.441269 -2.147186
v 0.633926 -0.438632 -2.147355
v 0.632198 -0.445718 -2.146900
v 0.632841 -0.443081 -2.147069
v 0.631113 -0.450166 -2.146614
v 0.631756 -0.447530 -2.146783
v 0.663276 -0.439448 -2.152295
v 0.663919 -0.436811 -2.152464
v 0.662191 -0.443897 -2.152009
v 0.662834 -0.441260 -2.152179
v 0.661106 -0.448345 -2.151723
v 0.661749 -0.445709 -2.151893
v 0.660021 -0.452794 -2.151438
v 0.660664 -0.450157 -2.151607
v 0.658936 -0.457243 -2.151152
v 0.659579 -0.454606 -2.151321
v 0.658243 -0.435902 -2.116192
v 0.658886 -0.433265 -2.116362
v 0.657158 -0.440350 -2.115906
v 0.657802 -0.437713 -2.116076
v 0.656074 -0.444799 -2.115621
v 0.656717 -0.442162 -2.115790
v 0.654989 -0.449248 -2.115335
v 0.655632 -0.446611 -2.115504
v 0.653904 -0.453696 -2.115049
v 0.654547 -0.451060 -2.115218
v 0.674590 -0.322679 -2.157047
v 0.679041 -0.323811 -2.157773
v 0.670596 -0.321570 -2.154939
v 0.667450 -0.320591 -2.151658
v 0.665460 -0.319841 -2.147522
v 0.664821 -0.319390 -2.142938
v 0.665595 -0.319285 -2.138355
v 0.667708 -0.319534 -2.134219
v 0.670951 -0.320114 -2.130937
v 0.675007 -0.320968 -2.128830
v 0.679480 -0.322012 -2.128104
v 0.683931 -0.323144 -2.128830
v 0.687926 -0.324254 -2.130937
v 0.691072 -0.325232 -2.134219
v 0.693061 -0.325983 -2.138355
v 0.693700 -0.326433 -2.142938
v 0.692926 -0.326539 -2.147522
v 0.690814 -0.326289 -2.151658
v 0.687571 -0.325709 -2.154939
v 0.683514 -0.324855 -2.157047
v 0.673901 -0.322645 -2.159126
v 0.679009 -0.323944 -2.159959
v 0.669318 -0.321372 -2.156708
v 0.665709 -0.320249 -2.152943
v 0.663425 -0.319388 -2.148198
v 0.662692 -0.318871 -2.142938
v 0.663581 -0.318750 -2.137679
v 0.666004 -0.319036 -2.132934
v 0.669726 -0.319702 -2.129168
v 0.674380 -0.320681 -2.126751
v 0.679512 -0.321880 -2.125918
v 0.684620 -0.323179 -2.126751
v 0.689203 -0.324452 -2.129168
v 0.692813 -0.325574 -2.132934
v 0.695096 -0.326435 -2.137679
v 0.695829 -0.326952 -2.142938
v 0.694940 -0.327073 -2.148198
v 0.692517 -0.326787 -2.152943
v 0.688796 -0.326122 -2.156708
v 0.684141 -0.325142 -2.159126
v 0.686501 -0.270980 -2.162445
v 0.691608 -0.272279 -2.163278
v 0.681918 -0.269707 -2.160028
v 0.678308 -0.268585 -2.156262
v 0.676025 -0.267723 -2.151517
v 0.675291 -0.267206 -2.146258
v 0.676180 -0.267085 -2.140998
v 0.678604 -0.267371 -2.136253
v 0.682325 -0.268037 -2.132487
v 0.686979 -0.269017 -2.130070
v 0.692111 -0.270215 -2.129237
v 0.697219 -0.271514 -2.130070
v 0.701802 -0.272787 -2.132487
v 0.705412 -0.273909 -2.136253
v 0.707695 -0.274771 -2.140998
v 0.708428 -0.275287 -2.146258
v 0.707539 -0.275409 -2.151517
v 0.705116 -0.275122 -2.156262
v 0.701395 -0.274457 -2.160028
v 0.696740 -0.273477 -2.162445
v 0.690759 -0.271192 -2.149582
v 0.691808 -0.271459 -2.149753
v 0.689818 -0.270931 -2.149086
v 0.689076 -0.270700 -2.148312
v 0.688607 -0.270523 -2.147338
v 0.688457 -0.270417 -2.146258
v 0.688639 -0.270392 -2.145177
v 0.689137 -0.270451 -2.144203
v 0.689901 -0.270588 -2.143429
v 0.690857 -0.270789 -2.142933
v 0.691912 -0.271035 -2.142762
v 0.692961 -0.271302 -2.142933
v 0.693902 -0.271563 -2.143429
v 0.694643 -0.271794 -2.144203
v 0.695112 -0.271971 -2.145177
v 0.695263 -0.272077 -2.146258
v 0.695080 -0.272102 -2.147338
v 0.694582 -0.272043 -2.148312
v 0.693818 -0.271906 -2.149086
v 0.692862 -0.271705 -2.149582
v 0.831189 0.304660 -2.186577
v 0.832238 0.304393 -2.186748
v 0.830248 0.304921 -2.186080
v 0.829507 0.305152 -2.185307
v 0.829038 0.305329 -2.184332
v 0.828887 0.305435 -2.183252
v 0.829070 0.305460 -2.182172
v 0.829568 0.305401 -2.181197
v 0.830332 0.305264 -2.180423
v 0.831288 0.305063 -2.179927
v 0.832342 0.304817 -2.179756
v 0.833391 0.304550 -2.179927
v 0.834332 0.304289 -2.180423
v 0.835074 0.304058 -2.181197
v 0.835543 0.303881 -2.182172
v 0.835693 0.303775 -2.183252
v 0.835511 0.303750 -2.184332
v 0.835013 0.303809 -2.185307
v 0.834249 0.303946 -2.186080
v 0.833293 0.304147 -2.186577
v 0.828893 0.304774 -2.193513
v 0.832131 0.303951 -2.194041
v 0.825988 0.305581 -2.191980
v 0.823700 0.306292 -2.189594
v 0.822253 0.306839 -2.186586
v 0.821788 0.307166 -2.183252
v 0.822351 0.307243 -2.179918
v 0.823887 0.307062 -2.176910
v 0.826246 0.306640 -2.174523
v 0.829197 0.306019 -2.172991
v 0.832450 0.305259 -2.172463
v 0.835687 0.304436 -2.172991
v 0.838592 0.303629 -2.174523
v 0.840880 0.302917 -2.176910
v 0.842328 0.302371 -2.179918
v 0.842792 0.302044 -2.183252
v 0.842229 0.301967 -2.186586
v 0.840693 0.302148 -2.189594
v 0.838334 0.302570 -2.191980
v 0.835384 0.303191 -2.193513
v 0.844762 0.355746 -2.186537
v 0.838840 0.345563 -2.196133
v 0.844051 0.355580 -2.188526
v 0.843270 0.355023 -2.190413
v 0.842449 0.354096 -2.192126
v 0.841620 0.352834 -2.193598
v 0.840815 0.351286 -2.194773
v 0.840065 0.349512 -2.195607
v 0.839398 0.347579 -2.196066
v 0.842078 0.344739 -2.196661
v 0.844762 0.355746 -2.186537
v 0.842573 0.346772 -2.196584
v 0.843056 0.348751 -2.196095
v 0.843507 0.350601 -2.195212
v 0.843910 0.352251 -2.193971
v 0.844248 0.353638 -2.192419
v 0.844509 0.354708 -2.190615
v 0.844682 0.355420 -2.188629
v 0.844762 0.355746 -2.186537
v 0.835935 0.346370 -2.194601
v 0.843484 0.355738 -2.188227
v 0.842158 0.355332 -2.189827
v 0.840835 0.354544 -2.191274
v 0.839566 0.353404 -2.192514
v 0.838400 0.351957 -2.193499
v 0.837381 0.350257 -2.194191
v 0.836549 0.348371 -2.194563
v 0.844762 0.355746 -2.186537
v 0.833647 0.347081 -2.192214
v 0.843037 0.355877 -2.187762
v 0.841282 0.355604 -2.188914
v 0.839564 0.354939 -2.189948
v 0.837948 0.353907 -2.190827
v 0.836497 0.352548 -2.191514
v 0.835267 0.350914 -2.191986
v 0.834304 0.349068 -2.192222
v 0.844762 0.355746 -2.186537
v 0.832200 0.347627 -2.189206
v 0.842755 0.355983 -2.187175
v 0.840728 0.355813 -2.187762
v 0.838760 0.355243 -2.188277
v 0.836925 0.354294 -2.188700
v 0.835294 0.353002 -2.189014
v 0.833930 0.351419 -2.189207
v 0.832885 0.349604 -2.189272
v 0.844762 0.355746 -2.186537
v 0.831735 0.347955 -2.185872
v 0.842664 0.356047 -2.186524
v 0.840551 0.355938 -2.186487
v 0.838502 0.355424 -2.186425
v 0.836596 0.354525 -2.186342
v 0.834907 0.353275 -2.186242
v 0.833500 0.351722 -2.186127
v 0.832429 0.349925 -2.186002
v 0.844762 0.355746 -2.186537
v 0.832298 0.348031 -2.182538
v 0.842774 0.356062 -2.185874
v 0.840766 0.355968 -2.185211
v 0.838814 0.355467 -2.184573
v 0.836994 0.354579 -2.183985
v 0.835376 0.353339 -2.183470
v 0.834021 0.351793 -2.183047
v 0.832982 0.350001 -2.182732
v 0.844762 0.355746 -2.186537
v 0.833834 0.347850 -2.179530
v 0.843074 0.356027 -2.185287
v 0.841354 0.355898 -2.184060
v 0.839668 0.355366 -2.182902
v 0.838081 0.354451 -2.181858
v 0.836653 0.353188 -2.180969
v 0.835440 0.351625 -2.180268
v 0.834488 0.349823 -2.179782
v 0.844762 0.355746 -2.186537
v 0.836193 0.347428 -2.177144
v 0.843534 0.355944 -2.184822
v 0.842257 0.355737 -2.183146
v 0.840978 0.355132 -2.181576
v 0.839749 0.354153 -2.180171
v 0.838614 0.352837 -2.178984
v 0.837619 0.351235 -2.178062
v 0.836802 0.349409 -2.177441
v 0.844762 0.355746 -2.186537
v 0.839143 0.346807 -2.175611
v 0.844110 0.355823 -2.184523
v 0.843386 0.355499 -2.182560
v 0.842618 0.354787 -2.180724
v 0.841835 0.353714 -2.179087
v 0.841067 0.352321 -2.177710
v 0.840345 0.350661 -2.176647
v 0.839695 0.348800 -2.175938
v 0.844762 0.355746 -2.186537
v 0.842397 0.346048 -2.175083
v 0.844744 0.355675 -2.184420
v 0.844631 0.355209 -2.182358
v 0.844425 0.354365 -2.180431
v 0.844135 0.353177 -2.178713
v 0.843772 0.351689 -2.177271
v 0.843351 0.349960 -2.176159
v 0.842886 0.348055 -2.175420
v 0.844762 0.355746 -2.186537
v 0.845634 0.345224 -2.175611
v 0.845376 0.355514 -2.184523
v 0.845870 0.354894 -2.182560
v 0.846224 0.353908 -2.180724
v 0.846424 0.352594 -2.179087
v 0.846464 0.351005 -2.177710
v 0.846342 0.349199 -2.176647
v 0.846061 0.347247 -2.175938
v 0.844762 0.355746 -2.186537
v 0.848539 0.344417 -2.177144
v 0.845943 0.355357 -2.184822
v 0.846981 0.354585 -2.183146
v 0.847838 0.353459 -2.181576
v 0.848479 0.352024 -2.180171
v 0.848880 0.350334 -2.178984
v 0.849026 0.348454 -2.178063
v 0.848911 0.346456 -2.177441
v 0.844762 0.355746 -2.186537
v 0.850827 0.343706 -2.179531
v 0.846389 0.355218 -2.185287
v 0.847857 0.354313 -2.184060
v 0.849109 0.353064 -2.182902
v 0.850097 0.351521 -2.181858
v 0.850782 0.349742 -2.180969
v 0.851140 0.347796 -2.180268
v 0.851155 0.345758 -2.179782
v 0.844762 0.355746 -2.186537
v 0.852275 0.343160 -2.182538
v 0.846672 0.355112 -2.185874
v 0.848411 0.354104 -2.185211
v 0.849913 0.352761 -2.184573
v 0.851120 0.351135 -2.183985
v 0.851986 0.349288 -2.183470
v 0.852477 0.347292 -2.183046
v 0.852574 0.345223 -2.182732
v 0.844762 0.355746 -2.186537
v 0.852739 0.342832 -2.185872
v 0.846762 0.355048 -2.186524
v 0.848589 0.353978 -2.186487
v 0.850171 0.352579 -2.186425
v 0.851449 0.350903 -2.186342
v 0.852372 0.349016 -2.186242
v 0.852906 0.346989 -2.186127
v 0.853030 0.344901 -2.186002
v 0.844762 0.355746 -2.186537
v 0.852176 0.342756 -2.189206
v 0.846652 0.355033 -2.187175
v 0.848373 0.353949 -2.187762
v 0.849858 0.352536 -2.188277
v 0.851050 0.350849 -2.188700
v 0.851904 0.348952 -2.189014
v 0.852386 0.346918 -2.189207
v 0.852478 0.344826 -2.189272
v 0.844762 0.355746 -2.186537
v 0.850640 0.342937 -2.192214
v 0.846353 0.355068 -2.187762
v 0.847785 0.354018 -2.188914
v 0.849005 0.352637 -2.189948
v 0.849964 0.350977 -2.190827
v 0.850626 0.349103 -2.191514
v 0.850966 0.347086 -2.191986
v 0.850971 0.345004 -2.192222
v 0.844762 0.355746 -2.186537
v 0.848281 0.343359 -2.194601
v 0.845892 0.355150 -2.188227
v 0.846883 0.354180 -2.189827
v 0.847694 0.352871 -2.191274
v 0.848296 0.351275 -2.192514
v 0.848665 0.349454 -2.193499
v 0.848787 0.347476 -2.194191
v 0.848657 0.345418 -2.194563
v 0.844762 0.355746 -2.186537
v 0.845331 0.343980 -2.196133
v 0.845317 0.355272 -2.188526
v 0.845754 0.354417 -2.190413
v 0.846055 0.353216 -2.192126
v 0.846210 0.351715 -2.193598
v 0.846212 0.349970 -2.194773
v 0.846061 0.348049 -2.195607
v 0.845764 0.346027 -2.196066
v 0.645459 -0.431224 -2.113739
v 0.646175 -0.430086 -2.115130
v 0.645459 -0.431224 -2.113739
v 0.645532 -0.432723 -2.114961
v 0.644375 -0.435673 -2.113453
v 0.645090 -0.434534 -2.114845
v 0.644375 -0.435673 -2.113453
v 0.644447 -0.437171 -2.114675
v 0.644005 -0.438983 -2.114559
v 0.643290 -0.440122 -2.113168
v 0.643290 -0.440122 -2.113168
v 0.643362 -0.441620 -2.114389
v 0.642205 -0.444570 -2.112882
v 0.642920 -0.443432 -2.114273
v 0.642205 -0.444570 -2.112882
v 0.642277 -0.446069 -2.114104
v 0.641835 -0.447881 -2.113987
v 0.641120 -0.449019 -2.112596
v 0.641120 -0.449019 -2.112596
v 0.641192 -0.450517 -2.113818
v 0.639690 -0.430970 -2.153512
v 0.638566 -0.432164 -2.154538
v 0.638566 -0.432164 -2.154538
v 0.639047 -0.433607 -2.153342
v 0.637481 -0.436613 -2.154253
v 0.638605 -0.435419 -2.153226
v 0.637481 -0.436613 -2.154253
v 0.637962 -0.438056 -2.153056
v 0.637520 -0.439867 -2.152940
v 0.636396 -0.441062 -2.153967
v 0.636877 -0.442504 -2.152771
v 0.636396 -0.441062 -2.153967
v 0.635311 -0.445510 -2.153681
v 0.636435 -0.444316 -2.152654
v 0.635311 -0.445510 -2.153681
v 0.635792 -0.446953 -2.152485
v 0.634226 -0.449959 -2.153395
v 0.635350 -0.448765 -2.152368
v 0.634226 -0.449959 -2.153395
v 0.634707 -0.451402 -2.152199
v 0.669411 -0.437908 -2.148687
v 0.670160 -0.439539 -2.149410
v 0.668768 -0.440545 -2.148518
v 0.670160 -0.439539 -2.149410
v 0.669075 -0.443988 -2.149124
v 0.668326 -0.442357 -2.148401
v 0.669075 -0.443988 -2.149124
v 0.667683 -0.444994 -2.148232
v 0.667241 -0.446805 -2.148116
v 0.667990 -0.448437 -2.148839
v 0.666598 -0.449442 -2.147946
v 0.667990 -0.448437 -2.148839
v 0.666157 -0.451254 -2.147830
v 0.666905 -0.452885 -2.148553
v 0.665514 -0.453891 -2.147660
v 0.666905 -0.452885 -2.148553
v 0.665820 -0.457334 -2.148267
v 0.665072 -0.455703 -2.147544
v 0.665820 -0.457334 -2.148267
v 0.664429 -0.458340 -2.147375
v 0.652750 -0.431621 -2.114063
v 0.652449 -0.432856 -2.112605
v 0.652107 -0.434257 -2.113894
v 0.652449 -0.432856 -2.112605
v 0.651665 -0.436069 -2.113777
v 0.651364 -0.437304 -2.112319
v 0.651364 -0.437304 -2.112319
v 0.651022 -0.438706 -2.113608
v 0.650279 -0.441753 -2.112033
v 0.650580 -0.440518 -2.113492
v 0.650279 -0.441753 -2.112033
v 0.649937 -0.443155 -2.113322
v 0.649496 -0.444967 -2.113206
v 0.649194 -0.446202 -2.111747
v 0.648853 -0.447604 -2.113036
v 0.649194 -0.446202 -2.111747
v 0.648109 -0.450651 -2.111461
v 0.648411 -0.449416 -2.112920
v 0.648109 -0.450651 -2.111461
v 0.647768 -0.452052 -2.112751
v 0.630540 -0.429462 -2.142948
v 0.631497 -0.431065 -2.142439
v 0.632140 -0.428428 -2.142608
v 0.630540 -0.429462 -2.142948
v 0.633650 -0.430636 -2.149410
v 0.635065 -0.429532 -2.148687
v 0.633650 -0.430636 -2.149410
v 0.634422 -0.432169 -2.148518
v 0.629455 -0.433911 -2.142663
v 0.630412 -0.435514 -2.142153
v 0.631055 -0.432877 -2.142323
v 0.629455 -0.433911 -2.142663
v 0.633980 -0.433981 -2.148401
v 0.632565 -0.435084 -2.149124
v 0.633337 -0.436618 -2.148232
v 0.632565 -0.435084 -2.149124
v 0.628371 -0.438360 -2.142377
v 0.629327 -0.439963 -2.141867
v 0.629970 -0.437326 -2.142037
v 0.628371 -0.438360 -2.142377
v 0.631480 -0.439533 -2.148839
v 0.632896 -0.438430 -2.148116
v 0.631480 -0.439533 -2.148839
v 0.632252 -0.441067 -2.147946
v 0.627286 -0.442808 -2.142091
v 0.628242 -0.444411 -2.141582
v 0.628886 -0.441775 -2.141751
v 0.627286 -0.442808 -2.142091
v 0.631811 -0.442878 -2.147830
v 0.630395 -0.443982 -2.148553
v 0.631168 -0.445515 -2.147660
v 0.630395 -0.443982 -2.148553
v 0.626201 -0.447257 -2.141805
v 0.627158 -0.448860 -2.141296
v 0.627801 -0.446223 -2.141465
v 0.626201 -0.447257 -2.141805
v 0.629310 -0.448431 -2.148267
v 0.630726 -0.447327 -2.147544
v 0.630083 -0.449964 -2.147375
v 0.629310 -0.448431 -2.148267
v 0.658753 -0.437299 -2.157831
v 0.658038 -0.438437 -2.156440
v 0.658681 -0.435800 -2.156609
v 0.658753 -0.437299 -2.157831
v 0.665092 -0.438633 -2.154538
v 0.664644 -0.437055 -2.153512
v 0.665092 -0.438633 -2.154538
v 0.664001 -0.439692 -2.153342
v 0.657668 -0.441747 -2.157545
v 0.656953 -0.442886 -2.156154
v 0.657596 -0.440249 -2.156323
v 0.657668 -0.441747 -2.157545
v 0.663559 -0.441504 -2.153226
v 0.664007 -0.443082 -2.154253
v 0.662916 -0.444141 -2.153056
v 0.664007 -0.443082 -2.154253
v 0.656583 -0.446196 -2.157259
v 0.655868 -0.447334 -2.155868
v 0.656511 -0.444698 -2.156037
v 0.656583 -0.446196 -2.157259
v 0.662474 -0.445953 -2.152940
v 0.662922 -0.447530 -2.153967
v 0.662922 -0.447530 -2.153967
v 0.661831 -0.448590 -2.152771
v 0.655498 -0.450645 -2.156974
v 0.654783 -0.451783 -2.155582
v 0.655426 -0.449146 -2.155752
v 0.655498 -0.450645 -2.156974
v 0.661837 -0.451979 -2.153681
v 0.661389 -0.450401 -2.152654
v 0.661837 -0.451979 -2.153681
v 0.660746 -0.453038 -2.152485
v 0.654413 -0.455093 -2.156688
v 0.653698 -0.456232 -2.155296
v 0.654341 -0.453595 -2.155466
v 0.654413 -0.455093 -2.156688
v 0.660304 -0.454850 -2.152368
v 0.660752 -0.456428 -2.153395
v 0.659661 -0.457487 -2.152199
v 0.660752 -0.456428 -2.153395
v 0.665647 -0.436359 -2.117032
v 0.664523 -0.437553 -2.118058
v 0.665165 -0.434916 -2.118228
v 0.665647 -0.436359 -2.117032
v 0.659405 -0.434625 -2.113739
v 0.659294 -0.433285 -2.115130
v 0.659405 -0.434625 -2.113739
v 0.658651 -0.435922 -2.114961
v 0.664562 -0.440807 -2.116746
v 0.663438 -0.442001 -2.117773
v 0.664081 -0.439365 -2.117942
v 0.664562 -0.440807 -2.116746
v 0.658320 -0.439074 -2.113453
v 0.658209 -0.437734 -2.114845
v 0.658320 -0.439074 -2.113453
v 0.657566 -0.440371 -2.114675
v 0.663477 -0.445256 -2.116460
v 0.662353 -0.446450 -2.117487
v 0.662996 -0.443813 -2.117656
v 0.663477 -0.445256 -2.116460
v 0.657124 -0.442182 -2.114559
v 0.657235 -0.443522 -2.113168
v 0.656481 -0.444819 -2.114389
v 0.657235 -0.443522 -2.113168
v 0.662392 -0.449705 -2.116174
v 0.661268 -0.450899 -2.117201
v 0.661911 -0.448262 -2.117371
v 0.662392 -0.449705 -2.116174
v 0.656150 -0.447971 -2.112882
v 0.656039 -0.446631 -2.114273
v 0.656150 -0.447971 -2.112882
v 0.655396 -0.449268 -2.114104
v 0.661307 -0.454153 -2.115888
v 0.660183 -0.455348 -2.116915
v 0.660826 -0.452711 -2.117085
v 0.661307 -0.454153 -2.115888
v 0.654954 -0.451080 -2.113987
v 0.655065 -0.452420 -2.112596
v 0.654311 -0.453717 -2.113818
v 0.655065 -0.452420 -2.112596
v 0.669121 -0.457724 -2.141805
v 0.667534 -0.458706 -2.141296
v 0.668177 -0.456070 -2.141465
v 0.669121 -0.457724 -2.141805
v 0.670206 -0.453275 -2.142091
v 0.668618 -0.454258 -2.141582
v 0.669261 -0.451621 -2.141751
v 0.670206 -0.453275 -2.142091
v 0.671291 -0.448826 -2.142377
v 0.669703 -0.449809 -2.141867
v 0.671291 -0.448826 -2.142377
v 0.670346 -0.447172 -2.142037
v 0.672375 -0.444378 -2.142663
v 0.670788 -0.445360 -2.142153
v 0.671431 -0.442723 -2.142323
v 0.672375 -0.444378 -2.142663
v 0.673460 -0.439929 -2.142948
v 0.671873 -0.440912 -2.142439
v 0.673460 -0.439929 -2.142948
v 0.672516 -0.438275 -2.142608
v 0.640468 -0.451693 -2.156688
v 0.640579 -0.453032 -2.155296
v 0.641222 -0.450396 -2.155466
v 0.640468 -0.451693 -2.156688
v 0.641664 -0.448584 -2.155582
v 0.641553 -0.447244 -2.156974
v 0.642307 -0.445947 -2.155752
v 0.641553 -0.447244 -2.156974
v 0.642638 -0.442795 -2.157259
v 0.642749 -0.444135 -2.155868
v 0.642638 -0.442795 -2.157259
v 0.643392 -0.441498 -2.156037
v 0.643723 -0.438346 -2.157545
v 0.643834 -0.439686 -2.156154
v 0.644477 -0.437050 -2.156323
v 0.643723 -0.438346 -2.157545
v 0.644807 -0.433898 -2.157831
v 0.644919 -0.435238 -2.156440
v 0.644807 -0.433898 -2.157831
v 0.645562 -0.432601 -2.156609
v 0.635229 -0.449262 -2.116915
v 0.634781 -0.447685 -2.115888
v 0.635872 -0.446625 -2.117085
v 0.634781 -0.447685 -2.115888
v 0.635866 -0.443236 -2.116174
v 0.636314 -0.444813 -2.117201
v 0.635866 -0.443236 -2.116174
v 0.636957 -0.442177 -2.117371
v 0.636951 -0.438787 -2.116460
v 0.637399 -0.440365 -2.117487
v 0.638042 -0.437728 -2.117656
v 0.636951 -0.438787 -2.116460
v 0.638036 -0.434339 -2.116746
v 0.638484 -0.435916 -2.117773
v 0.638036 -0.434339 -2.116746
v 0.639127 -0.433279 -2.117942
v 0.639121 -0.429890 -2.117032
v 0.639569 -0.431467 -2.118058
v 0.639121 -0.429890 -2.117032
v 0.640212 -0.428831 -2.118228
v 0.668672 -0.458551 -2.134557
v 0.670331 -0.457559 -2.134642
v 0.669315 -0.455914 -2.134727
v 0.670331 -0.457559 -2.134642
v 0.671416 -0.453110 -2.134928
v 0.669757 -0.454102 -2.134843
v 0.671416 -0.453110 -2.134928
v 0.670400 -0.451466 -2.135012
v 0.672501 -0.448661 -2.135213
v 0.670842 -0.449654 -2.135129
v 0.671485 -0.447017 -2.135298
v 0.672501 -0.448661 -2.135213
v 0.671927 -0.445205 -2.135415
v 0.673586 -0.444213 -2.135499
v 0.673586 -0.444213 -2.135499
v 0.672570 -0.442568 -2.135584
v 0.673012 -0.440756 -2.135700
v 0.674671 -0.439764 -2.135785
v 0.674671 -0.439764 -2.135785
v 0.673655 -0.438119 -2.135870
v 0.647123 -0.454697 -2.156364
v 0.647424 -0.453462 -2.157822
v 0.647424 -0.453462 -2.157822
v 0.647766 -0.452060 -2.156533
v 0.648208 -0.450248 -2.156650
v 0.648509 -0.449013 -2.158108
v 0.648509 -0.449013 -2.158108
v 0.648851 -0.447611 -2.156819
v 0.649293 -0.445799 -2.156935
v 0.649594 -0.444564 -2.158394
v 0.649594 -0.444564 -2.158394
v 0.649935 -0.443163 -2.157105
v 0.650377 -0.441351 -2.157221
v 0.650679 -0.440116 -2.158680
v 0.650679 -0.440116 -2.158680
v 0.651020 -0.438714 -2.157391
v 0.651462 -0.436902 -2.157507
v 0.651763 -0.435667 -2.158966
v 0.651763 -0.435667 -2.158966
v 0.652105 -0.434265 -2.157676
v 0.630462 -0.448409 -2.121740
v 0.629713 -0.446778 -2.121017
v 0.629713 -0.446778 -2.121017
v 0.631105 -0.445773 -2.121909
v 0.631547 -0.443961 -2.122025
v 0.630798 -0.442330 -2.121303
v 0.630798 -0.442330 -2.121303
v 0.632190 -0.441324 -2.122195
v 0.632632 -0.439512 -2.122311
v 0.631883 -0.437881 -2.121588
v 0.631883 -0.437881 -2.121588
v 0.633275 -0.436875 -2.122481
v 0.633716 -0.435063 -2.122597
v 0.632968 -0.433432 -2.121874
v 0.632968 -0.433432 -2.121874
v 0.634359 -0.432427 -2.122766
v 0.634801 -0.430615 -2.122883
v 0.634053 -0.428983 -2.122160
v 0.634053 -0.428983 -2.122160
v 0.635444 -0.427978 -2.123052
v 0.667733 -0.457889 -2.127819
v 0.669333 -0.456855 -2.127479
v 0.669333 -0.456855 -2.127479
v 0.668376 -0.455252 -2.127988
v 0.668818 -0.453440 -2.128104
v 0.670417 -0.452406 -2.127764
v 0.670417 -0.452406 -2.127764
v 0.669461 -0.450804 -2.128274
v 0.669903 -0.448992 -2.128390
v 0.671502 -0.447958 -2.128050
v 0.671502 -0.447958 -2.128050
v 0.670546 -0.446355 -2.128560
v 0.670987 -0.444543 -2.128676
v 0.672587 -0.443509 -2.128336
v 0.672587 -0.443509 -2.128336
v 0.671631 -0.441906 -2.128845
v 0.672072 -0.440094 -2.128962
v 0.673672 -0.439060 -2.128622
v 0.673672 -0.439060 -2.128622
v 0.672715 -0.437458 -2.129131
v 0.627357 -0.448043 -2.127819
v 0.626413 -0.446388 -2.127479
v 0.626413 -0.446388 -2.127479
v 0.628000 -0.445406 -2.127988
v 0.628442 -0.443594 -2.128104
v 0.627498 -0.441940 -2.127764
v 0.627498 -0.441940 -2.127764
v 0.629085 -0.440957 -2.128274
v 0.629527 -0.439145 -2.128390
v 0.628582 -0.437491 -2.128050
v 0.628582 -0.437491 -2.128050
v 0.630170 -0.436509 -2.128560
v 0.630612 -0.434697 -2.128676
v 0.629667 -0.433042 -2.128336
v 0.629667 -0.433042 -2.128336
v 0.631255 -0.432060 -2.128845
v 0.631696 -0.430248 -2.128962
v 0.630752 -0.428594 -2.128622
v 0.630752 -0.428594 -2.128622
v 0.632339 -0.427611 -2.129131
v 0.664808 -0.456785 -2.121740
v 0.666223 -0.455682 -2.121017
v 0.666223 -0.455682 -2.121017
v 0.665451 -0.454148 -2.121909
v 0.665893 -0.452337 -2.122025
v 0.667308 -0.451233 -2.121303
v 0.667308 -0.451233 -2.121303
v 0.666536 -0.449700 -2.122195
v 0.666977 -0.447888 -2.122311
v 0.668393 -0.446784 -2.121588
v 0.668393 -0.446784 -2.121588
v 0.667620 -0.445251 -2.122481
v 0.668062 -0.443439 -2.122597
v 0.669478 -0.442336 -2.121874
v 0.669478 -0.442336 -2.121874
v 0.668705 -0.440802 -2.122766
v 0.669147 -0.438990 -2.122883
v 0.670563 -0.437887 -2.122160
v 0.670563 -0.437887 -2.122160
v 0.669790 -0.436354 -2.123052
v 0.626218 -0.448198 -2.134557
v 0.625202 -0.446553 -2.134642
v 0.625202 -0.446553 -2.134642
v 0.626861 -0.445561 -2.134727
v 0.627303 -0.443749 -2.134843
v 0.626287 -0.442105 -2.134928
v 0.626287 -0.442105 -2.134928
v 0.627946 -0.441113 -2.135012
v 0.628388 -0.439301 -2.135129
v 0.627372 -0.437656 -2.135213
v 0.627372 -0.437656 -2.135213
v 0.629031 -0.436664 -2.135298
v 0.629473 -0.434852 -2.135415
v 0.628457 -0.433207 -2.135499
v 0.628457 -0.433207 -2.135499
v 0.630116 -0.432215 -2.135584
v 0.630558 -0.430403 -2.135700
v 0.629542 -0.428759 -2.135785
v 0.629542 -0.428759 -2.135785
v 0.631201 -0.427766 -2.135870
vn 0.0148 -0.0605 -0.9981
vn 0.3143 0.0157 -0.9492
vn 0.5830 0.0903 -0.8074
vn 0.7947 0.1561 -0.5866
vn 0.9285 0.2066 -0.3084
vn 0.9715 0.2369 -0.0000
vn 0.9194 0.2440 0.3084
vn 0.7773 0.2272 0.5866
vn 0.5591 0.1882 0.8074
vn 0.2862 0.1308 0.9492
vn -0.0148 0.0605 0.9981
vn -0.3143 -0.0157 0.9492
vn -0.5830 -0.0903 0.8074
vn -0.7947 -0.1561 0.5866
vn -0.9285 -0.2066 0.3084
vn -0.9715 -0.2369 -0.0000
vn -0.9194 -0.2440 -0.3084
vn -0.7773 -0.2272 -0.5866
vn -0.5591 -0.1882 -0.8074
vn -0.2862 -0.1308 -0.9492
vn 0.2365 -0.9696 0.0623
vn -0.2365 0.9696 -0.0623
vn -0.6133 -0.0992 0.7836
vn -0.8181 -0.1641 0.5512
vn 0.9138 0.2437 0.3250
vn 0.3038 0.1347 0.9432
vn -0.9234 -0.2043 0.3250
vn 0.8018 0.2309 0.5512
vn 0.5901 0.1943 0.7836
vn -0.3038 -0.1347 -0.9432
vn 0.9234 0.2043 -0.3250
vn -0.9138 -0.2437 -0.3250
vn -0.8018 -0.2309 -0.5512
vn 0.3317 0.0203 -0.9432
vn 0.6133 0.0992 -0.7836
vn -0.3317 -0.0203 0.9432
vn -0.5901 -0.1943 -0.7836
vn 0.8181 0.1641 -0.5512
vn -0.9300 -0.1958 -0.3111
vn -0.7880 -0.1790 -0.5890
vn 0.2364 -0.9696 0.0623
vn 0.3022 0.0636 -0.9511
vn 0.5706 0.1381 -0.8095
vn 0.2741 0.1785 0.9450
vn -0.0264 0.1084 0.9938
vn -0.2975 -0.0827 -0.9511
vn 0.0031 -0.0125 -0.9999
vn -0.5701 -0.1401 -0.8095
vn -0.3256 0.0323 0.9450
vn 0.7820 0.2038 -0.5890
vn 0.9157 0.2543 -0.3111
vn -0.5940 -0.0423 0.8034
vn 0.9587 0.2846 -0.0031
vn -0.8054 -0.1080 0.5828
vn 0.9066 0.2917 0.3050
vn -0.9391 -0.1584 0.3050
vn 0.7647 0.2749 0.5828
vn -0.9820 -0.1887 -0.0031
vn 0.5467 0.2359 0.8034
vn -0.5437 0.8315 -0.1142
vn -0.5808 0.8063 -0.1123
vn -0.5411 0.8327 -0.1180
vn -0.5964 0.7962 -0.1019
vn -0.5974 0.7968 -0.0905
vn -0.6023 0.7948 -0.0747
vn -0.6058 0.7936 -0.0571
vn -0.5996 0.7993 -0.0395
vn -0.5986 0.8007 -0.0239
vn -0.5967 0.8024 -0.0124
vn -0.5451 0.8384 0.0003
vn -0.5842 0.8116 -0.0033
vn -0.5470 0.8371 -0.0033
vn -0.5354 0.8445 -0.0118
vn -0.5420 0.8400 -0.0254
vn -0.5116 0.8583 -0.0406
vn -0.5043 0.8615 -0.0595
vn -0.5206 0.8503 -0.0774
vn -0.5212 0.8482 -0.0939
vn -0.5366 0.8372 -0.1058
vn -0.0318 0.1302 -0.9910
vn 0.2620 0.2049 -0.9431
vn -0.0770 0.3157 -0.9457
vn 0.1997 0.3860 -0.9006
vn -0.1191 0.4885 -0.8644
vn 0.1298 0.5519 -0.8238
vn -0.1566 0.6422 -0.7503
vn 0.0553 0.6962 -0.7158
vn -0.1881 0.7711 -0.6082
vn -0.0211 0.8136 -0.5810
vn -0.2123 0.8707 -0.4436
vn -0.0964 0.9002 -0.4247
vn -0.2286 0.9374 -0.2627
vn -0.1680 0.9528 -0.2529
vn 0.5255 0.2781 -0.8040
vn 0.4479 0.4550 -0.7697
vn 0.3533 0.6139 -0.7059
vn 0.2455 0.7490 -0.6154
vn 0.1288 0.8552 -0.5020
vn 0.0075 0.9290 -0.3699
vn -0.1138 0.9679 -0.2242
vn 0.7331 0.3427 -0.5875
vn 0.6434 0.5158 -0.5657
vn 0.5292 0.6686 -0.5223
vn 0.3953 0.7955 -0.4592
vn 0.2468 0.8919 -0.3788
vn 0.0895 0.9545 -0.2844
vn -0.0710 0.9812 -0.1796
vn 0.8644 0.3922 -0.3146
vn 0.7670 0.5624 -0.3087
vn 0.6405 0.7106 -0.2910
vn 0.4900 0.8313 -0.2623
vn 0.3215 0.9201 -0.2237
vn 0.1413 0.9741 -0.1768
vn -0.0439 0.9914 -0.1233
vn 0.9066 0.4219 -0.0122
vn 0.8068 0.5904 -0.0239
vn 0.6763 0.7358 -0.0346
vn 0.5205 0.8527 -0.0440
vn 0.3455 0.9370 -0.0517
vn 0.1579 0.9858 -0.0574
vn -0.0352 0.9975 -0.0610
vn 0.8554 0.4289 0.2903
vn 0.7586 0.5970 0.2610
vn 0.6330 0.7417 0.2218
vn 0.4836 0.8578 0.1743
vn 0.3164 0.9410 0.1203
vn 0.1377 0.9885 0.0619
vn -0.0457 0.9990 0.0013
vn 0.7161 0.4124 0.5631
vn 0.6274 0.5815 0.5180
vn 0.5148 0.7278 0.4531
vn 0.3830 0.8459 0.3711
vn 0.2372 0.9316 0.2754
vn 0.0828 0.9820 0.1696
vn -0.0744 0.9956 0.0576
vn 0.5021 0.3742 0.7797
vn 0.4258 0.5454 0.7219
vn 0.3334 0.6953 0.6367
vn 0.2286 0.8183 0.5274
vn 0.1155 0.9099 0.3985
vn -0.0017 0.9669 0.2550
vn -0.1186 0.9877 0.1022
vn 0.2344 0.3178 0.9187
vn 0.1737 0.4923 0.8529
vn 0.1065 0.6476 0.7545
vn 0.0355 0.7776 0.6277
vn -0.0367 0.8778 0.4776
vn -0.1073 0.9447 0.3099
vn -0.1737 0.9761 0.1308
vn -0.0607 0.2489 0.9666
vn -0.1042 0.4275 0.8980
vn -0.1437 0.5892 0.7951
vn -0.1775 0.7279 0.6623
vn -0.2045 0.8386 0.5048
vn -0.2237 0.9175 0.3288
vn -0.2346 0.9619 0.1407
vn -0.3544 0.1742 0.9187
vn -0.3809 0.3571 0.8529
vn -0.3927 0.5258 0.7545
vn -0.3895 0.6740 0.6277
vn -0.3715 0.7962 0.4776
vn -0.3397 0.8880 0.3099
vn -0.2951 0.9465 0.1308
vn -0.6180 0.1010 0.7797
vn -0.6291 0.2882 0.7219
vn -0.6161 0.4638 0.6367
vn -0.5796 0.6212 0.5274
vn -0.5214 0.7546 0.3985
vn -0.4436 0.8592 0.2550
vn -0.3495 0.9314 0.1022
vn -0.8256 0.0365 0.5631
vn -0.8246 0.2274 0.5180
vn -0.7921 0.4091 0.4531
vn -0.7294 0.5746 0.3711
vn -0.6394 0.7179 0.2754
vn -0.5255 0.8337 0.1696
vn -0.3923 0.9180 0.0576
vn -0.9569 -0.0131 0.2903
vn -0.9483 0.1807 0.2610
vn -0.9034 0.3671 0.2218
vn -0.8242 0.5388 0.1743
vn -0.7141 0.6897 0.1203
vn -0.5773 0.8141 0.0619
vn -0.4193 0.9079 0.0013
vn -0.9990 -0.0428 -0.0122
vn -0.9880 0.1527 -0.0239
vn -0.9391 0.3419 -0.0346
vn -0.8546 0.5174 -0.0440
vn -0.7380 0.6728 -0.0517
vn -0.5940 0.8024 -0.0574
vn -0.4280 0.9017 -0.0610
vn -0.9479 -0.0498 -0.3146
vn -0.9398 0.1462 -0.3087
vn -0.8958 0.3360 -0.2910
vn -0.8177 0.5124 -0.2623
vn -0.7090 0.6688 -0.2237
vn -0.5738 0.7997 -0.1768
vn -0.4174 0.9003 -0.1233
vn -0.8085 -0.0333 -0.5875
vn -0.8086 0.1617 -0.5657
vn -0.7776 0.3499 -0.5223
vn -0.7172 0.5243 -0.4592
vn -0.6297 0.6782 -0.3788
vn -0.5188 0.8062 -0.2844
vn -0.3887 0.9037 -0.1796
vn -0.5945 0.0050 -0.8040
vn -0.6070 0.1977 -0.7697
vn -0.5962 0.3824 -0.7059
vn -0.5627 0.5519 -0.6154
vn -0.5081 0.6999 -0.5020
vn -0.4344 0.8213 -0.3699
vn -0.3446 0.9116 -0.2242
vn -0.3269 0.0613 -0.9431
vn -0.3549 0.2508 -0.9006
vn -0.3693 0.4301 -0.8238
vn -0.3696 0.5925 -0.7158
vn -0.3559 0.7320 -0.5810
vn -0.3288 0.8435 -0.4247
vn -0.2894 0.9232 -0.2529
vn 0.5611 -0.5576 0.6117
vn 0.7145 -0.5302 0.4566
vn 0.3891 -0.6789 -0.6227
vn 0.1786 -0.7324 -0.6570
vn -0.4779 -0.8614 -0.1724
vn -0.5145 -0.8564 0.0443
vn 0.3693 -0.5980 0.7113
vn 0.5779 -0.6264 -0.5231
vn 0.0329 0.7818 0.6227
vn -0.1786 0.7324 0.6570
vn 0.1579 -0.6473 0.7457
vn -0.7145 0.5302 -0.4566
vn -0.5611 0.5576 -0.6117
vn -0.0526 -0.7009 0.7113
vn 0.3902 0.7996 -0.4566
vn 0.4843 0.8351 -0.2610
vn -0.2414 -0.7533 0.6117
vn -0.4843 -0.8351 0.2610
vn 0.3780 0.8496 0.3679
vn 0.2247 0.8221 0.5231
vn -0.8509 0.5234 -0.0443
vn -0.8143 0.5184 -0.2610
vn 0.0526 0.7009 -0.7113
vn 0.2414 0.7533 -0.6117
vn -0.3780 -0.8496 -0.3679
vn 0.7267 -0.5802 -0.3679
vn -0.2247 -0.8221 -0.5231
vn -0.3891 0.6789 0.6227
vn 0.8207 -0.5447 -0.1724
vn -0.0329 -0.7818 -0.6227
vn -0.3693 0.5980 -0.7113
vn -0.5779 0.6264 0.5231
vn -0.1579 0.6473 -0.7457
vn -0.8207 0.5447 0.1724
vn 0.4779 0.8614 0.1724
vn 0.8143 -0.5184 0.2610
vn -0.7267 0.5802 0.3679
vn -0.3902 -0.7996 0.4566
vn 0.5145 0.8564 -0.0443
vn 0.8509 -0.5234 0.0443
vn -0.0148 -0.0605 -0.9981
vn -0.3143 0.0157 -0.9492
vn -0.5830 0.0903 -0.8074
vn -0.7947 0.1561 -0.5866
vn -0.9285 0.2066 -0.3084
vn -0.9715 0.2369 -0.0000
vn -0.9194 0.2440 0.3084
vn -0.7773 0.2272 0.5866
vn -0.5591 0.1882 0.8074
vn -0.2862 0.1308 0.9492
vn 0.0148 0.0605 0.9981
vn 0.3143 -0.0157 0.9492
vn 0.5830 -0.0903 0.8074
vn 0.7947 -0.1561 0.5866
vn 0.9285 -0.2066 0.3084
vn 0.9715 -0.2369 -0.0000
vn 0.9194 -0.2440 -0.3084
vn 0.7773 -0.2272 -0.5866
vn 0.5591 -0.1882 -0.8074
vn 0.2862 -0.1308 -0.9492
vn -0.2365 -0.9696 0.0623
vn 0.2365 0.9696 -0.0623
vn -0.7773 0.2272 0.5867
vn -0.3142 0.0157 -0.9492
vn 0.7946 -0.1561 0.5867
vn 0.7880 -0.1790 -0.5890
vn 0.9300 -0.1958 -0.3111
vn -0.5706 0.1381 -0.8095
vn -0.3022 0.0636 -0.9511
vn 0.0264 0.1084 0.9938
vn -0.2741 0.1785 0.9450
vn -0.0030 -0.0125 -0.9999
vn 0.2975 -0.0827 -0.9511
vn 0.5701 -0.1401 -0.8095
vn 0.3256 0.0323 0.9450
vn -0.9157 0.2543 -0.3111
vn -0.7820 0.2038 -0.5890
vn 0.5940 -0.0423 0.8034
vn -0.9587 0.2846 -0.0031
vn 0.8054 -0.1080 0.5828
vn -0.9066 0.2917 0.3050
vn 0.9391 -0.1584 0.3050
vn -0.7647 0.2749 0.5828
vn 0.9820 -0.1887 -0.0031
vn -0.5467 0.2359 0.8034
vn -0.0523 0.9925 -0.1104
vn 0.0557 0.9909 -0.1223
vn -0.0740 0.9931 -0.0906
vn -0.0792 0.9938 -0.0777
vn -0.0809 0.9947 -0.0638
vn -0.0789 0.9956 -0.0500
vn 0.0345 0.9992 -0.0212
vn -0.0605 0.9979 -0.0248
vn -0.0532 0.9984 -0.0186
vn -0.0396 0.9991 -0.0142
vn 0.1253 0.9921 0.0083
vn 0.1320 0.9912 -0.0067
vn 0.0087 0.9992 -0.0379
vn 0.0143 0.9986 -0.0510
vn 0.0160 0.9977 -0.0653
vn 0.0139 0.9967 -0.0794
vn 0.0080 0.9957 -0.0924
vn 0.1377 0.9828 -0.1228
vn 0.0728 0.9892 -0.1274
vn 0.0975 0.9856 -0.1380
vn -0.2620 0.2049 -0.9431
vn 0.0318 0.1302 -0.9910
vn -0.1997 0.3860 -0.9006
vn 0.0770 0.3157 -0.9457
vn -0.1298 0.5519 -0.8238
vn 0.1191 0.4885 -0.8644
vn -0.0553 0.6962 -0.7157
vn 0.1566 0.6423 -0.7503
vn 0.0211 0.8136 -0.5810
vn 0.1881 0.7711 -0.6082
vn 0.0965 0.9002 -0.4247
vn 0.2123 0.8707 -0.4436
vn 0.1681 0.9528 -0.2528
vn 0.2286 0.9374 -0.2627
vn -0.5255 0.2781 -0.8040
vn -0.4479 0.4550 -0.7697
vn -0.3533 0.6139 -0.7059
vn -0.2455 0.7490 -0.6154
vn -0.1288 0.8552 -0.5020
vn -0.0075 0.9290 -0.3699
vn 0.1138 0.9679 -0.2242
vn -0.7331 0.3426 -0.5875
vn -0.6434 0.5158 -0.5657
vn -0.5292 0.6686 -0.5223
vn -0.3953 0.7956 -0.4592
vn -0.2468 0.8919 -0.3788
vn -0.0895 0.9545 -0.2844
vn 0.0710 0.9812 -0.1796
vn -0.8644 0.3922 -0.3146
vn -0.7670 0.5624 -0.3087
vn -0.6405 0.7106 -0.2910
vn -0.4900 0.8313 -0.2623
vn -0.3215 0.9201 -0.2237
vn -0.1413 0.9741 -0.1768
vn 0.0439 0.9914 -0.1234
vn -0.9066 0.4219 -0.0122
vn -0.8068 0.5904 -0.0239
vn -0.6763 0.7358 -0.0346
vn -0.5205 0.8527 -0.0440
vn -0.3455 0.9370 -0.0517
vn -0.1579 0.9858 -0.0574
vn 0.0352 0.9975 -0.0610
vn -0.8555 0.4289 0.2903
vn -0.7586 0.5970 0.2610
vn -0.6330 0.7417 0.2218
vn -0.4836 0.8578 0.1742
vn -0.3164 0.9410 0.1203
vn -0.1377 0.9885 0.0619
vn 0.0458 0.9990 0.0013
vn -0.7161 0.4124 0.5631
vn -0.6274 0.5815 0.5180
vn -0.5148 0.7278 0.4531
vn -0.3830 0.8459 0.3711
vn -0.2372 0.9316 0.2754
vn -0.0827 0.9820 0.1696
vn 0.0745 0.9956 0.0576
vn -0.5021 0.3741 0.7797
vn -0.4258 0.5454 0.7219
vn -0.3334 0.6953 0.6367
vn -0.2286 0.8183 0.5274
vn -0.1155 0.9099 0.3985
vn 0.0017 0.9669 0.2550
vn 0.1186 0.9877 0.1022
vn -0.2344 0.3178 0.9187
vn -0.1737 0.4924 0.8529
vn -0.1065 0.6476 0.7545
vn -0.0355 0.7776 0.6277
vn 0.0367 0.8778 0.4776
vn 0.1073 0.9447 0.3099
vn 0.1737 0.9761 0.1308
vn 0.0607 0.2489 0.9666
vn 0.1042 0.4275 0.8980
vn 0.1437 0.5892 0.7951
vn 0.1775 0.7279 0.6623
vn 0.2045 0.8386 0.5048
vn 0.2237 0.9175 0.3288
vn 0.2346 0.9619 0.1407
vn 0.3544 0.1742 0.9187
vn 0.3809 0.3571 0.8529
vn 0.3927 0.5258 0.7545
vn 0.3895 0.6740 0.6277
vn 0.3715 0.7962 0.4776
vn 0.3396 0.8880 0.3099
vn 0.2952 0.9464 0.1309
vn 0.6180 0.1010 0.7797
vn 0.6291 0.2882 0.7219
vn 0.6161 0.4638 0.6367
vn 0.5796 0.6212 0.5274
vn 0.5214 0.7545 0.3985
vn 0.4436 0.8592 0.2550
vn 0.3494 0.9314 0.1022
vn 0.8256 0.0365 0.5631
vn 0.8246 0.2274 0.5180
vn 0.7921 0.4091 0.4531
vn 0.7294 0.5746 0.3711
vn 0.6394 0.7179 0.2754
vn 0.5255 0.8337 0.1696
vn 0.3922 0.9181 0.0576
vn 0.9569 -0.0131 0.2903
vn 0.9483 0.1807 0.2610
vn 0.9034 0.3671 0.2218
vn 0.8242 0.5389 0.1742
vn 0.7141 0.6897 0.1203
vn 0.5774 0.8141 0.0619
vn 0.4193 0.9079 0.0013
vn 0.9990 -0.0428 -0.0122
vn 0.9880 0.1527 -0.0239
vn 0.9391 0.3419 -0.0346
vn 0.8546 0.5174 -0.0440
vn 0.7380 0.6728 -0.0517
vn 0.5940 0.8024 -0.0574
vn 0.4280 0.9017 -0.0610
vn 0.9479 -0.0498 -0.3146
vn 0.9399 0.1462 -0.3087
vn 0.8958 0.3360 -0.2910
vn 0.8177 0.5124 -0.2623
vn 0.7090 0.6688 -0.2237
vn 0.5738 0.7997 -0.1768
vn 0.4174 0.9003 -0.1234
vn 0.8085 -0.0333 -0.5875
vn 0.8086 0.1617 -0.5657
vn 0.7776 0.3499 -0.5223
vn 0.7172 0.5243 -0.4592
vn 0.6297 0.6782 -0.3788
vn 0.5188 0.8062 -0.2844
vn 0.3887 0.9037 -0.1796
vn 0.5945 0.0050 -0.8040
vn 0.6070 0.1977 -0.7697
vn 0.5962 0.3824 -0.7059
vn 0.5627 0.5519 -0.6154
vn 0.5081 0.6999 -0.5019
vn 0.4344 0.8213 -0.3699
vn 0.3446 0.9116 -0.2242
vn 0.3269 0.0613 -0.9431
vn 0.3549 0.2508 -0.9006
vn 0.3693 0.4301 -0.8238
vn 0.3696 0.5925 -0.7158
vn 0.3559 0.7320 -0.5810
vn 0.3288 0.8435 -0.4247
vn 0.2894 0.9232 -0.2529
vn -0.5611 -0.5576 0.6117
vn -0.7145 -0.5302 0.4566
vn -0.3891 -0.6789 -0.6227
vn -0.1786 -0.7324 -0.6570
vn 0.4779 -0.8614 -0.1724
vn 0.5145 -0.8564 0.0443
vn -0.3693 -0.5980 0.7113
vn -0.5779 -0.6264 -0.5231
vn -0.0329 0.7818 0.6227
vn 0.1786 0.7324 0.6570
vn -0.1579 -0.6473 0.7457
vn 0.7145 0.5302 -0.4566
vn 0.5611 0.5576 -0.6117
vn 0.0526 -0.7009 0.7113
vn -0.3902 0.7996 -0.4566
vn -0.4843 0.8351 -0.2610
vn 0.2414 -0.7533 0.6117
vn 0.4843 -0.8351 0.2610
vn -0.3780 0.8496 0.3679
vn -0.2247 0.8221 0.5231
vn 0.8509 0.5234 -0.0443
vn 0.8143 0.5184 -0.2611
vn 0.8143 0.5184 -0.2610
vn -0.0526 0.7009 -0.7113
vn -0.2414 0.7533 -0.6117
vn 0.3780 -0.8496 -0.3679
vn -0.7267 -0.5802 -0.3679
vn 0.2247 -0.8221 -0.5231
vn 0.3891 0.6789 0.6227
vn -0.8207 -0.5447 -0.1724
vn 0.0329 -0.7818 -0.6227
vn 0.3693 0.5980 -0.7113
vn 0.5779 0.6264 0.5231
vn 0.1579 0.6473 -0.7457
vn 0.8207 0.5447 0.1724
vn -0.4779 0.8614 0.1724
vn -0.8143 -0.5184 0.2610
vn -0.4778 0.8614 0.1724
vn 0.7267 0.5802 0.3679
vn 0.3902 -0.7996 0.4566
vn -0.5145 0.8564 -0.0443
vn -0.8509 -0.5234 0.0443
vt 1.000000 0.500000
vt 1.000000 1.000000
vt 0.950000 1.000000
vt 0.950000 0.500000
vt 0.900000 1.000000
vt 0.900000 0.500000
vt 0.850000 1.000000
vt 0.850000 0.500000
vt 0.800000 1.000000
vt 0.800000 0.500000
vt 0.750000 1.000000
vt 0.750000 0.500000
vt 0.700000 1.000000
vt 0.700000 0.500000
vt 0.650000 1.000000
vt 0.650000 0.500000
vt 0.600000 1.000000
vt 0.600000 0.500000
vt 0.550000 1.000000
vt 0.550000 0.500000
vt 0.500000 1.000000
vt 0.500000 0.500000
vt 0.450000 1.000000
vt 0.450000 0.500000
vt 0.400000 1.000000
vt 0.400000 0.500000
vt 0.350000 1.000000
vt 0.350000 0.500000
vt 0.300000 1.000000
vt 0.300000 0.500000
vt 0.250000 1.000000
vt 0.250000 0.500000
vt 0.200000 1.000000
vt 0.200000 0.500000
vt 0.150000 1.000000
vt 0.150000 0.500000
vt 0.100000 1.000000
vt 0.100000 0.500000
vt 0.436908 0.189270
vt 0.446527 0.250000
vt 0.436908 0.189270
vt 0.050000 1.000000
vt 0.050000 0.500000
vt -0.000000 1.000000
vt -0.000000 0.500000
vt 0.750000 0.490000
vt 0.824164 0.478254
vt 0.891068 0.444164
vt 0.944164 0.391068
vt 0.978254 0.324164
vt 0.990000 0.250000
vt 0.978254 0.175836
vt 0.944164 0.108932
vt 0.891068 0.055836
vt 0.824164 0.021746
vt 0.750000 0.010000
vt 0.675836 0.021746
vt 0.608932 0.055836
vt 0.555836 0.108932
vt 0.521746 0.175836
vt 0.510000 0.250000
vt 0.521746 0.324164
vt 0.555836 0.391068
vt 0.608932 0.444164
vt 0.675836 0.478254
vt 0.250000 0.446527
vt 0.310730 0.436908
vt 0.324164 0.478254
vt 0.250000 0.490000
vt 0.365515 0.408993
vt 0.391068 0.444164
vt 0.408993 0.365515
vt 0.444164 0.391068
vt 0.436908 0.310730
vt 0.478254 0.324164
vt 0.490000 0.250000
vt 0.478254 0.175836
vt 0.408993 0.134485
vt 0.444164 0.108932
vt 0.365515 0.091007
vt 0.391068 0.055836
vt 0.310730 0.063092
vt 0.324164 0.021746
vt 0.250000 0.053473
vt 0.250000 0.010000
vt 0.189270 0.063092
vt 0.175836 0.021746
vt 0.134485 0.091007
vt 0.108932 0.055836
vt 0.091007 0.134485
vt 0.055836 0.108932
vt 0.063092 0.189270
vt 0.021746 0.175836
vt 0.053473 0.250000
vt 0.010000 0.250000
vt 0.063092 0.310730
vt 0.021746 0.324164
vt 0.091007 0.365515
vt 0.055836 0.391068
vt 0.134485 0.408993
vt 0.108932 0.444164
vt 0.189270 0.436908
vt 0.175836 0.478254
vt 0.250000 0.446527
vt 0.436908 0.189270
vt 0.436908 0.189270
vt 0.063092 0.189270
vt 0.310730 0.436908
vt 0.310730 0.063092
vt 0.365515 0.408993
vt 0.091007 0.365515
vt 0.134485 0.408993
vt 0.189270 0.063092
vt 0.436908 0.310730
vt 0.189270 0.436908
vt 0.134485 0.091007
vt 0.134485 0.091007
vt 0.091007 0.134485
vt 0.134485 0.091007
vt 0.189270 0.436908
vt 0.189270 0.436908
vt 0.189270 0.436908
vt 0.189270 0.436908
vt 0.436908 0.310730
vt 0.250000 0.053473
vt 0.189270 0.063092
vt 0.091007 0.365515
vt 0.408993 0.365515
vt 0.365515 0.408993
vt 0.408993 0.365516
vt 0.053473 0.250000
vt 0.408993 0.134485
vt 0.063092 0.189270
vt 0.436908 0.189270
vt 0.365515 0.408993
vt 0.310730 0.436908
vt 0.091007 0.134485
vt 0.408993 0.365515
vt 0.189270 0.436908
vt 0.063092 0.310730
vt 0.091007 0.365515
vt 0.436908 0.189270
vt 0.365515 0.091007
vt 0.134485 0.091007
vt 0.063092 0.310730
vt 0.053473 0.250000
vt 0.250000 0.250000
vt 0.250000 0.250000
vt 0.250000 0.250000
vt 0.250000 0.250000
vt 0.250000 0.250000
vt 0.250000 0.250000
vt 0.249999 0.250000
vt 0.250000 0.250000
vt 0.250000 0.250000
vt 0.250000 0.250000
vt 0.250000 0.250000
vt 0.250000 0.250000
vt 0.250000 0.250000
vt 0.250000 0.250000
vt 0.250000 0.250000
vt 0.250000 0.250000
vt 0.250000 0.250000
vt 0.250000 0.250000
vt 0.250000 0.250000
vt 0.250000 0.250000
vt 0.250000 0.446434
vt 0.310701 0.436820
vt 0.250000 0.446160
vt 0.310617 0.436560
vt 0.250000 0.445716
vt 0.310480 0.436137
vt 0.250000 0.445118
vt 0.310295 0.435568
vt 0.250000 0.359184
vt 0.283740 0.353841
vt 0.250000 0.325208
vt 0.273240 0.321527
vt 0.250000 0.288341
vt 0.261848 0.286464
vt 0.365461 0.408919
vt 0.365300 0.408697
vt 0.365039 0.408338
vt 0.364688 0.407854
vt 0.314177 0.338332
vt 0.294206 0.310844
vt 0.272536 0.281018
vt 0.408919 0.365461
vt 0.408697 0.365300
vt 0.408338 0.365039
vt 0.407854 0.364688
vt 0.338332 0.314177
vt 0.310844 0.294206
vt 0.281018 0.272536
vt 0.436820 0.310702
vt 0.436560 0.310617
vt 0.436137 0.310480
vt 0.435568 0.310295
vt 0.353841 0.283740
vt 0.321527 0.273241
vt 0.286464 0.261848
vt 0.446434 0.250000
vt 0.446160 0.250000
vt 0.445716 0.250000
vt 0.445118 0.250000
vt 0.359185 0.250000
vt 0.325208 0.250000
vt 0.288341 0.250000
vt 0.436820 0.189298
vt 0.436560 0.189383
vt 0.436137 0.189520
vt 0.435568 0.189705
vt 0.353841 0.216260
vt 0.321527 0.226759
vt 0.286464 0.238152
vt 0.408919 0.134539
vt 0.408697 0.134700
vt 0.408338 0.134961
vt 0.407854 0.135313
vt 0.338332 0.185823
vt 0.310844 0.205794
vt 0.281018 0.227464
vt 0.365461 0.091081
vt 0.365300 0.091303
vt 0.365039 0.091662
vt 0.364687 0.092146
vt 0.314177 0.161668
vt 0.294206 0.189156
vt 0.272536 0.218982
vt 0.310701 0.063180
vt 0.310617 0.063440
vt 0.310480 0.063863
vt 0.310295 0.064432
vt 0.283740 0.146159
vt 0.273241 0.178473
vt 0.261848 0.213536
vt 0.250000 0.053566
vt 0.250000 0.053839
vt 0.250000 0.054284
vt 0.250000 0.054882
vt 0.250000 0.140815
vt 0.250000 0.174792
vt 0.250000 0.211659
vt 0.189299 0.063180
vt 0.189383 0.063440
vt 0.189520 0.063863
vt 0.189705 0.064432
vt 0.216260 0.146159
vt 0.226760 0.178473
vt 0.238152 0.213536
vt 0.134539 0.091081
vt 0.134700 0.091303
vt 0.134961 0.091662
vt 0.135312 0.092146
vt 0.185823 0.161668
vt 0.205794 0.189156
vt 0.227464 0.218982
vt 0.091081 0.134539
vt 0.091303 0.134700
vt 0.091662 0.134961
vt 0.092146 0.135313
vt 0.161668 0.185823
vt 0.189156 0.205794
vt 0.218982 0.227464
vt 0.063180 0.189298
vt 0.063440 0.189383
vt 0.063863 0.189520
vt 0.064432 0.189705
vt 0.146159 0.216260
vt 0.178473 0.226759
vt 0.213536 0.238152
vt 0.053566 0.250000
vt 0.053839 0.250000
vt 0.054284 0.250000
vt 0.054882 0.250000
vt 0.140815 0.250000
vt 0.174792 0.250000
vt 0.211659 0.250000
vt 0.063180 0.310702
vt 0.063440 0.310617
vt 0.063863 0.310480
vt 0.064432 0.310295
vt 0.146159 0.283740
vt 0.178473 0.273240
vt 0.213536 0.261848
vt 0.091081 0.365461
vt 0.091303 0.365300
vt 0.091662 0.365039
vt 0.092146 0.364687
vt 0.161668 0.314177
vt 0.189156 0.294206
vt 0.218982 0.272536
vt 0.134539 0.408919
vt 0.134700 0.408697
vt 0.134961 0.408338
vt 0.135313 0.407854
vt 0.185823 0.338332
vt 0.205794 0.310844
vt 0.227464 0.281018
vt 0.189298 0.436820
vt 0.189383 0.436560
vt 0.189520 0.436137
vt 0.189705 0.435568
vt 0.216260 0.353841
vt 0.226760 0.321527
vt 0.238152 0.286464
s 1
usemtl Material.001
f 1750/1291/1547 1752/1292/1547 1754/1293/1547 1756/1294/1547 1758/1295/1547 1760/1296/1547 1762/1297/1547 1764/1298/1547 1766/1299/1547 1768/1300/1547 1770/1301/1547 1772/1302/1547 1774/1303/1547 1776/1304/1547 1778/1305/1547 1780/1306/1547 1782/1307/1547 1784/1308/1547 1786/1309/1547 1788/1310/1547
f 1831/1311/1527 1849/1347/1546 2069/1347/1546 2051/1311/1527
f 1843/1335/1540 1842/1333/1539 2062/1333/1539 2063/1335/1540
f 1836/1286/1533 1835/1285/1532 2055/1285/1532 2056/1286/1533
f 1844/1337/1541 1843/1335/1540 2063/1335/1540 2064/1337/1541
f 1837/1323/1534 1836/1286/1533 2056/1286/1533 2057/1323/1534
f 1845/1339/1542 1844/1337/1541 2064/1337/1541 2065/1339/1542
f 1838/1325/1535 1837/1323/1534 2057/1323/1534 2058/1325/1535
f 1830/1312/1528 1831/1311/1527 2051/1311/1527 2050/1312/1528
f 1846/1341/1543 1845/1339/1542 2065/1339/1542 2066/1341/1543
f 1839/1327/1536 1838/1325/1535 2058/1325/1535 2059/1327/1536
f 1832/1315/1529 1830/1312/1528 2050/1312/1528 2052/1315/1529
f 1847/1343/1544 1846/1341/1543 2066/1341/1543 2067/1343/1544
f 1840/1329/1537 1839/1327/1536 2059/1327/1536 2060/1329/1537
f 1833/1317/1530 1832/1315/1529 2052/1315/1529 2053/1317/1530
f 1848/1345/1545 1847/1343/1544 2067/1343/1544 2068/1345/1545
f 1841/1331/1538 1840/1329/1537 2060/1329/1537 2061/1331/1538
f 1834/1319/1531 1833/1317/1530 2053/1317/1530 2054/1319/1531
f 1849/1347/1546 1848/1345/1545 2068/1345/1545 2069/1347/1546
f 1842/1333/1539 1841/1331/1538 2061/1331/1538 2062/1333/1539
f 1835/1285/1532 1834/1319/1531 2054/1319/1531 2055/1285/1532
f 2750/1291/1806 2788/1310/1806 2786/1309/1806 2784/1308/1806 2782/1307/1806 2780/1306/1806 2778/1305/1806 2776/1304/1806 2774/1303/1806 2772/1302/1806 2770/1301/1806 2768/1300/1806 2766/1299/1806 2764/1298/1806 2762/1297/1806 2760/1296/1806 2758/1295/1806 2756/1294/1806 2754/1293/1806 2752/1292/1806
f 2831/1311/1786 3051/1311/1786 3069/1347/1805 2849/1347/1805
f 2843/1335/1799 3063/1335/1799 3062/1333/1798 2842/1333/1798
f 2836/1286/1792 3056/1286/1792 3055/1285/1791 2835/1285/1791
f 2844/1337/1800 3064/1337/1800 3063/1335/1799 2843/1335/1799
f 2837/1323/1793 3057/1323/1793 3056/1286/1792 2836/1286/1792
f 2845/1339/1801 3065/1339/1801 3064/1337/1800 2844/1337/1800
f 2838/1325/1794 3058/1325/1794 3057/1323/1793 2837/1323/1793
f 2830/1312/1787 3050/1312/1787 3051/1311/1786 2831/1311/1786
f 2846/1341/1802 3066/1341/1802 3065/1339/1801 2845/1339/1801
f 2839/1327/1795 3059/1327/1795 3058/1325/1794 2838/1325/1794
f 2832/1315/1788 3052/1315/1788 3050/1312/1787 2830/1312/1787
f 2847/1343/1803 3067/1343/1803 3066/1341/1802 2846/1341/1802
f 2840/1329/1796 3060/1329/1796 3059/1327/1795 2839/1327/1795
f 2833/1317/1789 3053/1317/1789 3052/1315/1788 2832/1315/1788
f 2848/1345/1804 3068/1345/1804 3067/1343/1803 2847/1343/1803
f 2841/1331/1797 3061/1331/1797 3060/1329/1796 2840/1329/1796
f 2834/1319/1790 3054/1319/1790 3053/1317/1789 2833/1317/1789
f 2849/1347/1805 3069/1347/1805 3068/1345/1804 2848/1345/1804
f 2842/1333/1798 3062/1333/1798 3061/1331/1797 2841/1331/1797
f 2835/1285/1791 3055/1285/1791 3054/1319/1790 2834/1319/1790
usemtl Material.002
f 1750/1246/1527 1791/1247/1527 1790/1248/1528 1752/1249/1528
f 1752/1249/1528 1790/1248/1528 1792/1250/1529 1754/1251/1529
f 1754/1251/1529 1792/1250/1529 1793/1252/1530 1756/1253/1530
f 1756/1253/1530 1793/1252/1530 1794/1254/1531 1758/1255/1531
f 1758/1255/1531 1794/1254/1531 1795/1256/1532 1760/1257/1532
f 1760/1257/1532 1795/1256/1532 1796/1258/1533 1762/1259/1533
f 1762/1259/1533 1796/1258/1533 1797/1260/1534 1764/1261/1534
f 1764/1261/1534 1797/1260/1534 1798/1262/1535 1766/1263/1535
f 1766/1263/1535 1798/1262/1535 1799/1264/1536 1768/1265/1536
f 1768/1265/1536 1799/1264/1536 1800/1266/1537 1770/1267/1537
f 1770/1267/1537 1800/1266/1537 1801/1268/1538 1772/1269/1538
f 1772/1269/1538 1801/1268/1538 1802/1270/1539 1774/1271/1539
f 1774/1271/1539 1802/1270/1539 1803/1272/1540 1776/1273/1540
f 1776/1273/1540 1803/1272/1540 1804/1274/1541 1778/1275/1541
f 1778/1275/1541 1804/1274/1541 1805/1276/1542 1780/1277/1542
f 1780/1277/1542 1805/1276/1542 1806/1278/1543 1782/1279/1543
f 1782/1279/1543 1806/1278/1543 1807/1280/1544 1784/1281/1544
f 1784/1281/1544 1807/1280/1544 1808/1282/1545 1786/1283/1545
f 1911/1284/1533 1861/1285/1532 1815/1285/1532 1816/1286/1533
f 1786/1283/1545 1808/1282/1545 1809/1287/1546 1788/1288/1546
f 1788/1288/1546 1809/1287/1546 1791/1289/1527 1750/1290/1527
f 1751/1311/1548 1753/1312/1548 1790/1313/1548 1791/1314/1548
f 1753/1312/1548 1755/1315/1548 1792/1316/1548 1790/1313/1548
f 1755/1315/1548 1757/1317/1548 1793/1318/1548 1792/1316/1548
f 1757/1317/1548 1759/1319/1548 1794/1320/1548 1793/1318/1548
f 1759/1319/1548 1761/1285/1548 1795/1321/1548 1794/1320/1548
f 1761/1285/1548 1763/1286/1548 1796/1322/1548 1795/1321/1548
f 1763/1286/1548 1765/1323/1548 1797/1324/1548 1796/1322/1548
f 1765/1323/1548 1767/1325/1548 1798/1326/1548 1797/1324/1548
f 1767/1325/1548 1769/1327/1548 1799/1328/1548 1798/1326/1548
f 1769/1327/1548 1771/1329/1548 1800/1330/1548 1799/1328/1548
f 1771/1329/1548 1773/1331/1548 1801/1332/1548 1800/1330/1548
f 1773/1331/1548 1775/1333/1548 1802/1334/1548 1801/1332/1548
f 1775/1333/1548 1777/1335/1548 1803/1336/1548 1802/1334/1548
f 1777/1335/1548 1779/1337/1548 1804/1338/1548 1803/1336/1548
f 1779/1337/1548 1781/1339/1548 1805/1340/1548 1804/1338/1548
f 1781/1339/1548 1783/1341/1548 1806/1342/1548 1805/1340/1548
f 1783/1341/1548 1785/1343/1548 1807/1344/1548 1806/1342/1548
f 1785/1343/1548 1787/1345/1548 1808/1346/1548 1807/1344/1548
f 1787/1345/1548 1789/1347/1548 1809/1348/1548 1808/1346/1548
f 1789/1347/1548 1751/1311/1548 1791/1314/1548 1809/1348/1548
f 1812/1315/1548 1810/1312/1548 1830/1312/1548 1832/1315/1548
f 1961/1312/1528 1881/1349/1527 1811/1311/1527 1810/1312/1528
f 1921/1337/1541 1901/1335/1540 1823/1335/1540 1824/1337/1541
f 1913/1350/1533 1863/1285/1532 1860/1285/1532 1910/1351/1533
f 1923/1337/1541 1903/1335/1540 1900/1335/1540 1920/1352/1541
f 1933/1323/1534 1913/1350/1533 1910/1351/1533 1930/1323/1534
f 1943/1339/1542 1923/1337/1541 1920/1352/1541 1940/1339/1542
f 1953/1325/1535 1933/1323/1534 1930/1323/1534 1950/1325/1535
f 1963/1312/1528 1883/1349/1527 1880/1349/1527 1960/1353/1528
f 1973/1341/1543 1943/1339/1542 1940/1339/1542 1970/1341/1543
f 1983/1327/1536 1953/1325/1535 1950/1325/1535 1980/1354/1536
f 1993/1355/1529 1963/1312/1528 1960/1353/1528 1990/1315/1529
f 2003/1356/1544 1973/1341/1543 1970/1341/1543 2000/1343/1544
f 2013/1329/1537 1983/1327/1536 1980/1354/1536 2010/1329/1537
f 2023/1317/1530 1993/1355/1529 1990/1315/1529 2020/1317/1530
f 2033/1345/1545 2003/1356/1544 2000/1343/1544 2030/1357/1545
f 2043/1358/1538 2013/1329/1537 2010/1329/1537 2040/1358/1538
f 1861/1285/1532 1858/1359/1531 1814/1319/1531 1815/1285/1532
f 1881/1349/1527 1878/1360/1546 1829/1347/1546 1811/1311/1527
f 1901/1335/1540 1898/1333/1539 1822/1333/1539 1823/1335/1540
f 1827/1343/1548 1826/1341/1548 1846/1341/1548 1847/1343/1548
f 1820/1329/1548 1819/1327/1548 1839/1327/1548 1840/1329/1548
f 1813/1317/1548 1812/1315/1548 1832/1315/1548 1833/1317/1548
f 1828/1345/1548 1827/1343/1548 1847/1343/1548 1848/1345/1548
f 1821/1331/1548 1820/1329/1548 1840/1329/1548 1841/1331/1548
f 1814/1319/1548 1813/1317/1548 1833/1317/1548 1834/1319/1548
f 1829/1347/1548 1828/1345/1548 1848/1345/1548 1849/1347/1548
f 1822/1333/1548 1821/1331/1548 1841/1331/1548 1842/1333/1548
f 1815/1285/1548 1814/1319/1548 1834/1319/1548 1835/1285/1548
f 1811/1311/1548 1829/1347/1548 1849/1347/1548 1831/1311/1548
f 1823/1335/1548 1822/1333/1548 1842/1333/1548 1843/1335/1548
f 1816/1286/1548 1815/1285/1548 1835/1285/1548 1836/1286/1548
f 1824/1337/1548 1823/1335/1548 1843/1335/1548 1844/1337/1548
f 1817/1323/1548 1816/1286/1548 1836/1286/1548 1837/1323/1548
f 1825/1339/1548 1824/1337/1548 1844/1337/1548 1845/1339/1548
f 1818/1325/1548 1817/1323/1548 1837/1323/1548 1838/1325/1548
f 1810/1312/1548 1811/1311/1548 1831/1311/1548 1830/1312/1548
f 1826/1341/1548 1825/1339/1548 1845/1339/1548 1846/1341/1548
f 1819/1327/1548 1818/1325/1548 1838/1325/1548 1839/1327/1548
f 1909/1335/1540 1890/1361/1539 1893/1361/1539 1906/1335/1540
f 1907/1335/1540 1892/1362/1539 1895/1361/1539 1904/1363/1540
f 1905/1335/1540 1894/1361/1539 1897/1361/1539 1902/1335/1540
f 1903/1335/1540 1896/1364/1539 1899/1333/1539 1900/1335/1540
f 1898/1333/1539 2041/1358/1538 1821/1331/1538 1822/1333/1539
f 1889/1349/1527 1870/1360/1546 1873/1365/1546 1886/1349/1527
f 1887/1349/1527 1872/1366/1546 1875/1367/1546 1884/1349/1527
f 1885/1349/1527 1874/1368/1546 1877/1360/1546 1882/1349/1527
f 1883/1349/1527 1876/1360/1546 1879/1360/1546 1880/1349/1527
f 1878/1360/1546 2031/1345/1545 1828/1345/1545 1829/1347/1546
f 1869/1285/1532 1850/1359/1531 1853/1369/1531 1866/1285/1532
f 1867/1285/1532 1852/1369/1531 1855/1359/1531 1864/1285/1532
f 1865/1285/1532 1854/1359/1531 1857/1359/1531 1862/1285/1532
f 1863/1285/1532 1856/1359/1531 1859/1359/1531 1860/1285/1532
f 1858/1359/1531 2021/1317/1530 1813/1317/1530 1814/1319/1531
f 2545/1361/1549 2712/1335/1550 2711/1335/1550 2542/1361/1549
f 1773/1331/1538 1771/1329/1537 2018/1370/1537 2048/1371/1538
f 2049/1358/1538 2019/1370/1537 2016/1370/1537 2046/1358/1538
f 2047/1331/1538 2017/1370/1537 2014/1370/1537 2044/1331/1538
f 2045/1358/1538 2015/1329/1537 2012/1329/1537 2042/1358/1538
f 2041/1358/1538 2011/1329/1537 1820/1329/1537 1821/1331/1538
f 1787/1345/1545 1785/1343/1544 2008/1372/1544 2038/1345/1545
f 2039/1345/1545 2009/1372/1544 2006/1372/1544 2036/1345/1545
f 2037/1345/1545 2007/1372/1544 2004/1356/1544 2034/1345/1545
f 2035/1345/1545 2005/1356/1544 2002/1356/1544 2032/1345/1545
f 2031/1345/1545 2001/1343/1544 1827/1343/1544 1828/1345/1545
f 1757/1317/1530 1755/1315/1529 1998/1315/1529 2028/1373/1530
f 2029/1317/1530 1999/1374/1529 1996/1355/1529 2026/1317/1530
f 2027/1317/1530 1997/1355/1529 1994/1315/1529 2024/1375/1530
f 2025/1317/1530 1995/1315/1529 1992/1355/1529 2022/1317/1530
f 2021/1317/1530 1991/1315/1529 1812/1315/1529 1813/1317/1530
f 1771/1329/1537 1769/1327/1536 1988/1327/1536 2018/1370/1537
f 2019/1370/1537 1989/1327/1536 1986/1327/1536 2016/1370/1537
f 2017/1370/1537 1987/1327/1536 1984/1327/1536 2014/1370/1537
f 2015/1329/1537 1985/1327/1536 1982/1327/1536 2012/1329/1537
f 2011/1329/1537 1981/1354/1536 1819/1327/1536 1820/1329/1537
f 1785/1343/1544 1783/1341/1543 1978/1341/1543 2008/1372/1544
f 2009/1372/1544 1979/1341/1543 1976/1341/1543 2006/1372/1544
f 2007/1372/1544 1977/1341/1543 1974/1341/1543 2004/1356/1544
f 2005/1356/1544 1975/1341/1543 1972/1341/1543 2002/1356/1544
f 2001/1343/1544 1971/1341/1543 1826/1341/1543 1827/1343/1544
f 1755/1315/1529 1753/1312/1528 1968/1312/1528 1998/1315/1529
f 1999/1374/1529 1969/1312/1528 1966/1312/1528 1996/1355/1529
f 1997/1355/1529 1967/1312/1528 1964/1312/1528 1994/1315/1529
f 1995/1315/1529 1965/1312/1528 1962/1312/1528 1992/1355/1529
f 1991/1315/1529 1961/1312/1528 1810/1312/1528 1812/1315/1529
f 1769/1327/1536 1767/1325/1535 1958/1325/1535 1988/1327/1536
f 1989/1327/1536 1959/1325/1535 1956/1325/1535 1986/1327/1536
f 1987/1327/1536 1957/1325/1535 1954/1325/1535 1984/1327/1536
f 1985/1327/1536 1955/1325/1535 1952/1325/1535 1982/1327/1536
f 1981/1354/1536 1951/1325/1535 1818/1325/1535 1819/1327/1536
f 1783/1341/1543 1781/1339/1542 1948/1376/1542 1978/1341/1543
f 1979/1341/1543 1949/1376/1542 1946/1376/1542 1976/1341/1543
f 1977/1341/1543 1947/1376/1542 1944/1376/1542 1974/1341/1543
f 1975/1341/1543 1945/1339/1542 1942/1339/1542 1972/1341/1543
f 1777/1335/1540 1775/1333/1539 1891/1333/1539 1908/1335/1540
f 1753/1312/1528 1751/1311/1527 1888/1349/1527 1968/1312/1528
f 1969/1312/1528 1889/1349/1527 1886/1349/1527 1966/1312/1528
f 1967/1312/1528 1887/1349/1527 1884/1349/1527 1964/1312/1528
f 1965/1312/1528 1885/1349/1527 1882/1349/1527 1962/1312/1528
f 1971/1341/1543 1941/1339/1542 1825/1339/1542 1826/1341/1543
f 1767/1325/1535 1765/1323/1534 1938/1323/1534 1958/1325/1535
f 1959/1325/1535 1939/1323/1534 1936/1323/1534 1956/1325/1535
f 1957/1325/1535 1937/1377/1534 1934/1323/1534 1954/1325/1535
f 1955/1325/1535 1935/1323/1534 1932/1323/1534 1952/1325/1535
f 1951/1325/1535 1931/1323/1534 1817/1323/1534 1818/1325/1535
f 1781/1339/1542 1779/1337/1541 1928/1378/1541 1948/1376/1542
f 1949/1376/1542 1929/1378/1541 1926/1378/1541 1946/1376/1542
f 1947/1376/1542 1927/1378/1541 1924/1337/1541 1944/1376/1542
f 1945/1339/1542 1925/1352/1541 1922/1337/1541 1942/1339/1542
f 1941/1339/1542 1921/1337/1541 1824/1337/1541 1825/1339/1542
f 1765/1323/1534 1763/1286/1533 1918/1284/1533 1938/1323/1534
f 1939/1323/1534 1919/1351/1533 1916/1351/1533 1936/1323/1534
f 1937/1377/1534 1917/1351/1533 1914/1350/1533 1934/1323/1534
f 1935/1323/1534 1915/1379/1533 1912/1286/1533 1932/1323/1534
f 1931/1323/1534 1911/1284/1533 1816/1286/1533 1817/1323/1534
f 1779/1337/1541 1777/1335/1540 1908/1335/1540 1928/1378/1541
f 1929/1378/1541 1909/1335/1540 1906/1335/1540 1926/1378/1541
f 1927/1378/1541 1907/1335/1540 1904/1363/1540 1924/1337/1541
f 1925/1352/1541 1905/1335/1540 1902/1335/1540 1922/1337/1541
f 1751/1311/1527 1789/1347/1546 1871/1360/1546 1888/1349/1527
f 1763/1286/1533 1761/1285/1532 1868/1285/1532 1918/1284/1533
f 1919/1351/1533 1869/1285/1532 1866/1285/1532 1916/1351/1533
f 1917/1351/1533 1867/1285/1532 1864/1285/1532 1914/1350/1533
f 1915/1379/1533 1865/1285/1532 1862/1285/1532 1912/1286/1533
f 1775/1333/1539 1773/1331/1538 2048/1371/1538 1891/1333/1539
f 1890/1361/1539 2049/1358/1538 2046/1358/1538 1893/1361/1539
f 1892/1362/1539 2047/1331/1538 2044/1331/1538 1895/1361/1539
f 1894/1361/1539 2045/1358/1538 2042/1358/1538 1897/1361/1539
f 1896/1364/1539 2043/1358/1538 2040/1358/1538 1899/1333/1539
f 1789/1347/1546 1787/1345/1545 2038/1345/1545 1871/1360/1546
f 1870/1360/1546 2039/1345/1545 2036/1345/1545 1873/1365/1546
f 1872/1366/1546 2037/1345/1545 2034/1345/1545 1875/1367/1546
f 1874/1368/1546 2035/1345/1545 2032/1345/1545 1877/1360/1546
f 1876/1360/1546 2033/1345/1545 2030/1357/1545 1879/1360/1546
f 1759/1319/1531 1757/1317/1530 2028/1373/1530 1851/1359/1531
f 1850/1359/1531 2029/1317/1530 2026/1317/1530 1853/1369/1531
f 1852/1369/1531 2027/1317/1530 2024/1375/1530 1855/1359/1531
f 1854/1359/1531 2025/1317/1530 2022/1317/1530 1857/1359/1531
f 1856/1359/1531 2023/1317/1530 2020/1317/1530 1859/1359/1531
f 2596/1325/1548 2362/1327/1548 2364/1327/1548 2594/1325/1548
f 1854/1359/1548 1865/1285/1548 2741/1285/1548 2448/1359/1548
f 2732/1285/1532 2692/1351/1551 2691/1351/1551 2731/1285/1532
f 2018/1370/1547 1988/1327/1547 2369/1327/1547 2429/1370/1547
f 1916/1351/1547 1866/1285/1547 2734/1285/1547 2694/1351/1547
f 2027/1317/1548 1852/1369/1548 2456/1369/1548 2458/1317/1548
f 2367/1327/1552 2426/1370/1537 2428/1370/1537 2368/1327/1552
f 2728/1335/1548 2688/1352/1548 2687/1352/1548 2727/1335/1548
f 1852/1369/1548 1867/1285/1548 2737/1285/1548 2456/1369/1548
f 2020/1317/1547 1990/1315/1547 2373/1380/1547 2437/1317/1547
f 1918/1284/1547 1868/1285/1547 2730/1285/1547 2690/1350/1547
f 1990/1315/1547 1960/1353/1547 2587/1381/1547 2373/1380/1547
f 2029/1317/1548 1850/1359/1548 2464/1359/1548 2467/1317/1548
f 1903/1335/1548 1923/1337/1548 2685/1378/1548 2725/1335/1548
f 2022/1317/1547 1992/1355/1547 2377/1355/1547 2444/1317/1547
f 1920/1352/1547 1900/1335/1547 2726/1382/1547 2686/1352/1547
f 1850/1359/1548 1869/1285/1548 2733/1285/1548 2464/1359/1548
f 1993/1355/1548 2023/1317/1548 2442/1383/1548 2375/1355/1548
f 1905/1335/1548 1925/1352/1548 2681/1378/1548 2721/1335/1548
f 2031/1345/1548 1878/1360/1548 2472/1360/1548 2475/1345/1548
f 1997/1355/1548 2027/1317/1548 2458/1317/1548 2383/1355/1548
f 2724/1335/1548 2684/1352/1548 2683/1352/1548 2723/1335/1548
f 2379/1315/1548 2450/1317/1548 2452/1317/1548 2381/1315/1548
f 1878/1360/1548 1881/1349/1548 2649/1349/1548 2472/1360/1548
f 1907/1335/1548 1927/1378/1548 2677/1378/1548 2717/1335/1548
f 2026/1317/1547 1996/1355/1547 2385/1355/1547 2460/1317/1547
f 2720/1335/1548 2680/1337/1548 2679/1337/1548 2719/1335/1548
f 2033/1345/1548 1876/1360/1548 2480/1360/1548 2482/1345/1548
f 1996/1355/1547 1966/1312/1547 2574/1381/1547 2385/1355/1547
f 1909/1335/1548 1929/1378/1548 2673/1378/1548 2713/1335/1548
f 1876/1360/1548 1883/1349/1548 2645/1349/1548 2480/1360/1548
f 2028/1373/1547 1998/1315/1547 2389/1355/1547 2468/1373/1547
f 2716/1335/1548 2676/1378/1548 2675/1378/1548 2715/1335/1548
f 1998/1315/1547 1968/1312/1547 2571/1381/1547 2389/1355/1547
f 2035/1345/1548 1874/1368/1548 2488/1360/1548 2490/1345/1548
f 1911/1284/1548 1931/1323/1548 2669/1323/1548 2709/1351/1548
f 2003/1356/1548 2033/1345/1548 2482/1345/1548 2395/1343/1548
f 2712/1335/1550 2672/1378/1553 2671/1378/1553 2711/1335/1550
f 1874/1368/1548 1885/1349/1548 2641/1349/1548 2488/1360/1548
f 2030/1357/1547 2000/1343/1547 2392/1343/1547 2477/1357/1547
f 1913/1350/1548 1933/1323/1548 2665/1323/1548 2705/1350/1548
f 2037/1345/1548 1872/1366/1548 2496/1384/1548 2499/1345/1548
f 2032/1345/1547 2002/1356/1547 2397/1356/1547 2484/1345/1547
f 2708/1351/1548 2668/1323/1548 2667/1323/1548 2707/1351/1548
f 2002/1356/1547 1972/1341/1547 2563/1385/1547 2397/1356/1547
f 1872/1366/1548 1887/1349/1548 2637/1349/1548 2496/1384/1548
f 1915/1379/1548 1935/1323/1548 2661/1323/1548 2701/1379/1548
f 2557/1341/1548 2403/1386/1548 2405/1386/1548 2554/1341/1548
f 2704/1350/1548 2664/1323/1548 2663/1323/1548 2703/1350/1548
f 2039/1345/1548 1870/1360/1548 2504/1360/1548 2506/1345/1548
f 2399/1356/1548 2491/1345/1548 2492/1345/1548 2401/1356/1548
f 1917/1351/1548 1937/1377/1548 2657/1323/1548 2697/1351/1548
f 1870/1360/1548 1889/1349/1548 2633/1349/1548 2504/1360/1548
f 2009/1372/1548 2039/1345/1548 2506/1345/1548 2407/1372/1548
f 2700/1387/1548 2660/1323/1548 2659/1323/1548 2699/1387/1548
f 2036/1345/1547 2006/1372/1547 2404/1372/1547 2501/1345/1547
f 1900/1335/1547 1899/1333/1547 2511/1333/1547 2726/1382/1547
f 1919/1351/1548 1939/1323/1548 2653/1323/1548 2693/1351/1548
f 2038/1345/1547 2008/1372/1547 2409/1372/1547 2508/1345/1547
f 2696/1351/1548 2656/1323/1548 2655/1323/1548 2695/1351/1548
f 1898/1333/1548 1901/1335/1548 2729/1382/1548 2512/1333/1548
f 2008/1372/1547 1978/1341/1547 2551/1385/1547 2409/1372/1547
f 1921/1337/1548 1941/1339/1548 2629/1376/1548 2689/1352/1548
f 1902/1335/1547 1897/1361/1547 2519/1361/1547 2722/1335/1547
f 2354/1327/1548 2415/1329/1548 2416/1329/1548 2356/1327/1548
f 2692/1351/1551 2652/1323/1554 2651/1323/1554 2691/1351/1551
f 1980/1354/1547 1950/1325/1547 2607/1388/1547 2353/1354/1547
f 1896/1364/1548 1903/1335/1548 2725/1335/1548 2520/1364/1548
f 1923/1337/1548 1943/1339/1548 2625/1376/1548 2685/1378/1548
f 2601/1325/1548 2359/1327/1548 2360/1327/1548 2598/1325/1548
f 2688/1352/1548 2628/1376/1548 2627/1376/1548 2687/1352/1548
f 1904/1363/1547 1895/1361/1547 2527/1361/1547 2718/1363/1547
f 1982/1327/1547 1952/1325/1547 2603/1325/1547 2357/1327/1547
f 1925/1352/1548 1945/1339/1548 2620/1376/1548 2681/1378/1548
f 1894/1361/1548 1905/1335/1548 2721/1335/1548 2528/1361/1548
f 2362/1327/1548 2423/1370/1548 2425/1370/1548 2364/1327/1548
f 2684/1352/1548 2624/1339/1548 2623/1339/1548 2683/1352/1548
f 1984/1327/1547 1954/1325/1547 2599/1325/1547 2361/1327/1547
f 1906/1335/1547 1893/1361/1547 2535/1361/1547 2714/1335/1547
f 1927/1378/1548 1947/1376/1548 2617/1376/1548 2677/1378/1548
f 2593/1325/1555 2367/1327/1552 2368/1327/1552 2591/1325/1555
f 2680/1337/1548 2621/1339/1548 2618/1339/1548 2679/1337/1548
f 1892/1362/1548 1907/1335/1548 2717/1335/1548 2536/1362/1548
f 1986/1327/1547 1956/1325/1547 2595/1325/1547 2365/1327/1547
f 1929/1378/1548 1949/1376/1548 2612/1376/1548 2673/1378/1548
f 1908/1335/1547 1891/1333/1547 2543/1333/1547 2710/1335/1547
f 2588/1312/1548 2371/1355/1548 2372/1355/1548 2586/1312/1548
f 2676/1378/1548 2616/1376/1548 2614/1376/1548 2675/1378/1548
f 1988/1327/1547 1958/1325/1547 2590/1325/1547 2369/1327/1547
f 1890/1361/1548 1909/1335/1548 2713/1335/1548 2544/1361/1548
f 1931/1323/1548 1951/1325/1548 2609/1388/1548 2669/1323/1548
f 2374/1355/1548 2443/1317/1548 2445/1317/1548 2376/1355/1548
f 2672/1378/1553 2613/1376/1542 2611/1376/1542 2671/1378/1553
f 1961/1312/1548 1991/1315/1548 2370/1380/1548 2589/1353/1548
f 1933/1323/1548 1953/1325/1548 2605/1325/1548 2665/1323/1548
f 2580/1312/1548 2379/1315/1548 2381/1315/1548 2578/1312/1548
f 2668/1323/1548 2608/1325/1548 2606/1325/1548 2667/1323/1548
f 1992/1355/1547 1962/1312/1547 2583/1381/1547 2377/1355/1547
f 1935/1323/1548 1955/1325/1548 2600/1325/1548 2661/1323/1548
f 1994/1315/1547 1964/1312/1547 2579/1381/1547 2380/1355/1547
f 1761/1285/1532 1759/1319/1531 1851/1359/1531 1868/1285/1532
f 1893/1361/1547 2046/1358/1547 2541/1358/1547 2535/1361/1547
f 2529/1361/1548 2720/1335/1548 2719/1335/1548 2526/1361/1548
f 2521/1389/1548 2724/1335/1548 2723/1335/1548 2518/1389/1548
f 2513/1333/1548 2728/1335/1548 2727/1335/1548 2510/1333/1548
f 2505/1360/1556 2632/1349/1527 2631/1349/1527 2502/1360/1556
f 2497/1366/1548 2636/1349/1548 2635/1349/1548 2494/1366/1548
f 1884/1349/1547 1875/1367/1547 2487/1384/1547 2638/1349/1547
f 1882/1349/1547 1877/1360/1547 2479/1360/1547 2642/1349/1547
f 2473/1360/1548 2648/1349/1548 2647/1349/1548 2470/1360/1548
f 2465/1359/1557 2732/1285/1532 2731/1285/1532 2462/1359/1557
f 2457/1369/1548 2736/1285/1548 2735/1285/1548 2454/1369/1548
f 1864/1285/1547 1855/1359/1547 2447/1359/1547 2738/1285/1547
f 1862/1285/1547 1857/1359/1547 2439/1359/1547 2742/1285/1547
f 1860/1285/1547 1859/1359/1547 2431/1359/1547 2746/1285/1547
f 2048/1371/1547 2018/1370/1547 2429/1370/1547 2548/1371/1547
f 2017/1370/1548 2047/1331/1548 2539/1358/1548 2422/1370/1548
f 2044/1331/1547 2014/1370/1547 2421/1370/1547 2532/1331/1547
f 2013/1329/1548 2043/1358/1548 2523/1358/1548 2414/1329/1548
f 2011/1329/1548 2041/1358/1548 2515/1358/1548 2410/1329/1548
f 2553/1341/1558 2406/1386/1559 2408/1386/1559 2550/1341/1558
f 2007/1372/1548 2037/1345/1548 2499/1345/1548 2402/1372/1548
f 2034/1345/1547 2004/1356/1547 2400/1356/1547 2493/1345/1547
f 2565/1341/1548 2394/1356/1548 2396/1356/1548 2562/1341/1548
f 2001/1343/1548 2031/1345/1548 2475/1345/1548 2390/1343/1548
f 2573/1312/1560 2386/1355/1561 2388/1355/1561 2570/1312/1560
f 2577/1312/1548 2382/1355/1548 2384/1355/1548 2575/1312/1548
f 1995/1315/1548 2025/1317/1548 2451/1383/1548 2378/1315/1548
f 2585/1312/1548 2374/1355/1548 2376/1355/1548 2582/1312/1548
f 1991/1315/1548 2021/1317/1548 2435/1383/1548 2370/1380/1548
f 1989/1327/1548 2019/1370/1548 2427/1370/1548 2366/1327/1548
f 1957/1325/1548 1987/1327/1548 2363/1327/1548 2597/1325/1548
f 1985/1327/1548 2015/1329/1548 2419/1370/1548 2358/1327/1548
f 1953/1325/1548 1983/1327/1548 2355/1327/1548 2605/1325/1548
f 1951/1325/1548 1981/1354/1548 2351/1327/1548 2609/1388/1548
f 1979/1341/1548 2009/1372/1548 2407/1372/1548 2552/1341/1548
f 2403/1386/1548 2498/1345/1548 2500/1345/1548 2405/1386/1548
f 2005/1356/1548 2035/1345/1548 2490/1345/1548 2398/1356/1548
f 1973/1341/1548 2003/1356/1548 2395/1343/1548 2564/1341/1548
f 2391/1343/1548 2474/1345/1548 2476/1345/1548 2393/1343/1548
f 1969/1312/1548 1999/1374/1548 2387/1355/1548 2572/1312/1548
f 1967/1312/1548 1997/1355/1548 2383/1355/1548 2576/1312/1548
f 1965/1312/1548 1995/1315/1548 2378/1315/1548 2581/1312/1548
f 1963/1312/1548 1993/1355/1548 2375/1355/1548 2584/1312/1548
f 2371/1355/1548 2434/1317/1548 2436/1317/1548 2372/1355/1548
f 1959/1325/1548 1989/1327/1548 2366/1327/1548 2592/1325/1548
f 1987/1327/1548 2017/1370/1548 2422/1370/1548 2363/1327/1548
f 1955/1325/1548 1985/1327/1548 2358/1327/1548 2600/1325/1548
f 1983/1327/1548 2013/1329/1548 2414/1329/1548 2355/1327/1548
f 1981/1354/1548 2011/1329/1548 2410/1329/1548 2351/1327/1548
f 1949/1376/1548 1979/1341/1548 2552/1341/1548 2612/1376/1548
f 1947/1376/1548 1977/1341/1548 2556/1385/1548 2617/1376/1548
f 1945/1339/1548 1975/1341/1548 2561/1385/1548 2620/1376/1548
f 1972/1341/1547 1942/1339/1547 2622/1376/1547 2563/1385/1547
f 1941/1339/1548 1971/1341/1548 2569/1385/1548 2629/1376/1548
f 1889/1349/1548 1969/1312/1548 2572/1312/1548 2633/1349/1548
f 1887/1349/1548 1967/1312/1548 2576/1312/1548 2637/1349/1548
f 1885/1349/1548 1965/1312/1548 2581/1312/1548 2641/1349/1548
f 1883/1349/1548 1963/1312/1548 2584/1312/1548 2645/1349/1548
f 1881/1349/1548 1961/1312/1548 2589/1353/1548 2649/1349/1548
f 1939/1323/1548 1959/1325/1548 2592/1325/1548 2653/1323/1548
f 1937/1377/1548 1957/1325/1548 2597/1325/1548 2657/1323/1548
f 1954/1325/1547 1934/1323/1547 2658/1323/1547 2599/1325/1547
f 1952/1325/1547 1932/1323/1547 2662/1323/1547 2603/1325/1547
f 1950/1325/1547 1930/1323/1547 2666/1323/1547 2607/1388/1547
f 1948/1376/1547 1928/1378/1547 2670/1378/1547 2610/1376/1547
f 1946/1376/1547 1926/1378/1547 2674/1378/1547 2615/1376/1547
f 1944/1376/1547 1924/1337/1547 2678/1378/1547 2619/1339/1547
f 1942/1339/1547 1922/1337/1547 2682/1378/1547 2622/1376/1547
f 1940/1339/1547 1920/1352/1547 2686/1352/1547 2626/1339/1547
f 1938/1323/1547 1918/1284/1547 2690/1350/1547 2650/1323/1547
f 1936/1323/1547 1916/1351/1547 2694/1351/1547 2654/1323/1547
f 1934/1323/1547 1914/1350/1547 2698/1350/1547 2658/1323/1547
f 1932/1323/1547 1912/1286/1547 2702/1350/1547 2662/1323/1547
f 1930/1323/1547 1910/1351/1547 2706/1351/1547 2666/1323/1547
f 1928/1378/1547 1908/1335/1547 2710/1335/1547 2670/1378/1547
f 1926/1378/1547 1906/1335/1547 2714/1335/1547 2674/1378/1547
f 1924/1337/1547 1904/1363/1547 2718/1363/1547 2678/1378/1547
f 1922/1337/1547 1902/1335/1547 2722/1335/1547 2682/1378/1547
f 1901/1335/1548 1921/1337/1548 2689/1352/1548 2729/1382/1548
f 1869/1285/1548 1919/1351/1548 2693/1351/1548 2733/1285/1548
f 1867/1285/1548 1917/1351/1548 2697/1351/1548 2737/1285/1548
f 1914/1350/1547 1864/1285/1547 2738/1285/1547 2698/1350/1547
f 1912/1286/1547 1862/1285/1547 2742/1285/1547 2702/1350/1547
f 1910/1351/1547 1860/1285/1547 2746/1285/1547 2706/1351/1547
f 2049/1358/1548 1890/1361/1548 2544/1361/1548 2546/1358/1548
f 2538/1358/1548 2537/1361/1548 2534/1361/1548 2540/1358/1548
f 1895/1361/1547 2044/1331/1547 2532/1331/1547 2527/1361/1547
f 1897/1361/1547 2042/1358/1547 2525/1358/1547 2519/1361/1547
f 1899/1333/1547 2040/1358/1547 2517/1358/1547 2511/1333/1547
f 1888/1349/1547 1871/1360/1547 2503/1360/1547 2630/1349/1547
f 1886/1349/1547 1873/1365/1547 2495/1360/1547 2634/1349/1547
f 2491/1345/1548 2489/1366/1548 2486/1366/1548 2492/1345/1548
f 2483/1345/1548 2481/1360/1548 2478/1360/1548 2485/1345/1548
f 1880/1349/1547 1879/1360/1547 2471/1360/1547 2646/1349/1547
f 1868/1285/1547 1851/1359/1547 2463/1359/1547 2730/1285/1547
f 1866/1285/1547 1853/1369/1547 2455/1369/1547 2734/1285/1547
f 2450/1317/1548 2449/1359/1548 2446/1359/1548 2452/1317/1548
f 2443/1317/1548 2441/1359/1548 2438/1359/1548 2445/1317/1548
f 2434/1317/1548 2433/1359/1548 2430/1359/1548 2436/1317/1548
f 2740/1285/1548 2700/1387/1548 2699/1387/1548 2739/1285/1548
f 2016/1370/1547 1986/1327/1547 2365/1327/1547 2424/1370/1547
f 2025/1317/1548 1854/1359/1548 2448/1359/1548 2451/1383/1548
f 2736/1285/1548 2696/1351/1548 2695/1351/1548 2735/1285/1548
f 2359/1327/1548 2418/1329/1548 2420/1329/1548 2360/1327/1548
f 1856/1359/1548 1863/1285/1548 2745/1285/1548 2440/1359/1548
f 2744/1285/1548 2704/1350/1548 2703/1350/1548 2743/1285/1548
f 2014/1370/1547 1984/1327/1547 2361/1327/1547 2421/1370/1547
f 1865/1285/1548 1915/1379/1548 2701/1379/1548 2741/1285/1548
f 2023/1317/1548 1856/1359/1548 2440/1359/1548 2442/1383/1548
f 2604/1325/1548 2354/1327/1548 2356/1327/1548 2602/1325/1548
f 2748/1285/1548 2708/1351/1548 2707/1351/1548 2747/1285/1548
f 2012/1329/1547 1982/1327/1547 2357/1327/1547 2417/1329/1547
f 1858/1359/1548 1861/1285/1548 2749/1285/1548 2432/1359/1548
f 1863/1285/1548 1913/1350/1548 2705/1350/1548 2745/1285/1548
f 2608/1325/1548 2350/1327/1548 2352/1327/1548 2606/1325/1548
f 2021/1317/1548 1858/1359/1548 2432/1359/1548 2435/1383/1548
f 2010/1329/1547 1980/1354/1547 2353/1354/1547 2412/1329/1547
f 1861/1285/1548 1911/1284/1548 2709/1351/1548 2749/1285/1548
f 2426/1370/1537 2547/1371/1562 2549/1371/1562 2428/1370/1537
f 1978/1341/1547 1948/1376/1547 2610/1376/1547 2551/1385/1547
f 1976/1341/1547 1946/1376/1547 2615/1376/1547 2555/1341/1547
f 2433/1359/1548 2748/1285/1548 2747/1285/1548 2430/1359/1548
f 2547/1371/1562 2545/1361/1549 2542/1361/1549 2549/1371/1562
f 2613/1376/1542 2553/1341/1558 2550/1341/1558 2611/1376/1542
f 1891/1333/1547 2048/1371/1547 2548/1371/1547 2543/1333/1547
f 2046/1358/1547 2016/1370/1547 2424/1370/1547 2541/1358/1547
f 2047/1331/1548 1892/1362/1548 2536/1362/1548 2539/1358/1548
f 1974/1341/1547 1944/1376/1547 2619/1339/1547 2559/1341/1547
f 2019/1370/1548 2049/1358/1548 2546/1358/1548 2427/1370/1548
f 2537/1361/1548 2716/1335/1548 2715/1335/1548 2534/1361/1548
f 2616/1376/1548 2557/1341/1548 2554/1341/1548 2614/1376/1548
f 2045/1358/1548 1894/1361/1548 2528/1361/1548 2530/1331/1548
f 2418/1329/1548 2531/1358/1548 2533/1358/1548 2420/1329/1548
f 2531/1358/1548 2529/1361/1548 2526/1361/1548 2533/1358/1548
f 2624/1339/1548 2565/1341/1548 2562/1341/1548 2623/1339/1548
f 2423/1370/1548 2538/1358/1548 2540/1358/1548 2425/1370/1548
f 2043/1358/1548 1896/1364/1548 2520/1364/1548 2523/1358/1548
f 2621/1339/1548 2560/1341/1548 2558/1341/1548 2618/1339/1548
f 2522/1358/1548 2521/1389/1548 2518/1389/1548 2524/1358/1548
f 2042/1358/1547 2012/1329/1547 2417/1329/1547 2525/1358/1547
f 2041/1358/1548 1898/1333/1548 2512/1333/1548 2515/1358/1548
f 1970/1341/1547 1940/1339/1547 2626/1339/1547 2567/1341/1547
f 2015/1329/1548 2045/1358/1548 2530/1331/1548 2419/1370/1548
f 2514/1358/1548 2513/1333/1548 2510/1333/1548 2516/1358/1548
f 1943/1339/1548 1973/1341/1548 2564/1341/1548 2625/1376/1548
f 1871/1360/1547 2038/1345/1547 2508/1345/1547 2503/1360/1547
f 2040/1358/1547 2010/1329/1547 2412/1329/1547 2517/1358/1547
f 2507/1345/1563 2505/1360/1556 2502/1360/1556 2509/1345/1563
f 1968/1312/1547 1888/1349/1547 2630/1349/1547 2571/1381/1547
f 2415/1329/1548 2522/1358/1548 2524/1358/1548 2416/1329/1548
f 1873/1365/1547 2036/1345/1547 2501/1345/1547 2495/1360/1547
f 2628/1376/1548 2568/1390/1548 2566/1390/1548 2627/1376/1548
f 2498/1345/1548 2497/1366/1548 2494/1366/1548 2500/1345/1548
f 2406/1386/1559 2507/1345/1563 2509/1345/1563 2408/1386/1559
f 1875/1367/1547 2034/1345/1547 2493/1345/1547 2487/1384/1547
f 1966/1312/1547 1886/1349/1547 2634/1349/1547 2574/1381/1547
f 2411/1329/1548 2514/1358/1548 2516/1358/1548 2413/1329/1548
f 2489/1366/1548 2640/1349/1548 2639/1349/1548 2486/1366/1548
f 2632/1349/1527 2573/1312/1560 2570/1312/1560 2631/1349/1527
f 1877/1360/1547 2032/1345/1547 2484/1345/1547 2479/1360/1547
f 1977/1341/1548 2007/1372/1548 2402/1372/1548 2556/1385/1548
f 2481/1360/1548 2644/1349/1548 2643/1349/1548 2478/1360/1548
f 1964/1312/1547 1884/1349/1547 2638/1349/1547 2579/1381/1547
f 2006/1372/1547 1976/1341/1547 2555/1341/1547 2404/1372/1547
f 1879/1360/1547 2030/1357/1547 2477/1357/1547 2471/1360/1547
f 2636/1349/1548 2577/1312/1548 2575/1312/1548 2635/1349/1548
f 2474/1345/1548 2473/1360/1548 2470/1360/1548 2476/1345/1548
f 1975/1341/1548 2005/1356/1548 2398/1356/1548 2561/1385/1548
f 1851/1359/1547 2028/1373/1547 2468/1373/1547 2463/1359/1547
f 1962/1312/1547 1882/1349/1547 2642/1349/1547 2583/1381/1547
f 2004/1356/1547 1974/1341/1547 2559/1341/1547 2400/1356/1547
f 2466/1317/1564 2465/1359/1557 2462/1359/1557 2469/1317/1564
f 2640/1349/1548 2580/1312/1548 2578/1312/1548 2639/1349/1548
f 1853/1369/1547 2026/1317/1547 2460/1317/1547 2455/1369/1547
f 2394/1356/1548 2483/1345/1548 2485/1345/1548 2396/1356/1548
f 2459/1317/1548 2457/1369/1548 2454/1369/1548 2461/1317/1548
f 1960/1353/1547 1880/1349/1547 2646/1349/1547 2587/1381/1547
f 2560/1341/1548 2399/1356/1548 2401/1356/1548 2558/1341/1548
f 1855/1359/1547 2024/1375/1547 2453/1383/1547 2447/1359/1547
f 2644/1349/1548 2585/1312/1548 2582/1312/1548 2643/1349/1548
f 2449/1359/1548 2740/1285/1548 2739/1285/1548 2446/1359/1548
f 1971/1341/1548 2001/1343/1548 2390/1343/1548 2569/1385/1548
f 1857/1359/1547 2022/1317/1547 2444/1317/1547 2439/1359/1547
f 1958/1325/1547 1938/1323/1547 2650/1323/1547 2590/1325/1547
f 2000/1343/1547 1970/1341/1547 2567/1341/1547 2392/1343/1547
f 2441/1359/1548 2744/1285/1548 2743/1285/1548 2438/1359/1548
f 2648/1349/1548 2588/1312/1548 2586/1312/1548 2647/1349/1548
f 1859/1359/1547 2020/1317/1547 2437/1317/1547 2431/1359/1547
f 2386/1355/1561 2466/1317/1564 2469/1317/1564 2388/1355/1561
f 1956/1325/1547 1936/1323/1547 2654/1323/1547 2595/1325/1547
f 2568/1390/1548 2391/1343/1548 2393/1343/1548 2566/1390/1548
f 2652/1323/1554 2593/1325/1555 2591/1325/1555 2651/1323/1554
f 2382/1355/1548 2459/1317/1548 2461/1317/1548 2384/1355/1548
f 2660/1323/1548 2601/1325/1548 2598/1325/1548 2659/1323/1548
f 1999/1374/1548 2029/1317/1548 2467/1317/1548 2387/1355/1548
f 2656/1323/1548 2596/1325/1548 2594/1325/1548 2655/1323/1548
f 2024/1375/1547 1994/1315/1547 2380/1355/1547 2453/1383/1547
f 2664/1323/1548 2604/1325/1548 2602/1325/1548 2663/1323/1548
f 2059/1327/1547 2058/1325/1547 2078/1325/1547 2079/1327/1547
f 2076/1286/1533 2075/1285/1532 2095/1285/1532 2096/1286/1533
f 2052/1315/1547 2050/1312/1547 2070/1312/1547 2072/1315/1547
f 2067/1343/1547 2066/1341/1547 2086/1341/1547 2087/1343/1547
f 2060/1329/1547 2059/1327/1547 2079/1327/1547 2080/1329/1547
f 2053/1317/1547 2052/1315/1547 2072/1315/1547 2073/1317/1547
f 2068/1345/1547 2067/1343/1547 2087/1343/1547 2088/1345/1547
f 2061/1331/1547 2060/1329/1547 2080/1329/1547 2081/1331/1547
f 2054/1319/1547 2053/1317/1547 2073/1317/1547 2074/1319/1547
f 2069/1347/1547 2068/1345/1547 2088/1345/1547 2089/1347/1547
f 2062/1333/1547 2061/1331/1547 2081/1331/1547 2082/1333/1547
f 2055/1285/1547 2054/1319/1547 2074/1319/1547 2075/1285/1547
f 2051/1311/1547 2069/1347/1547 2089/1347/1547 2071/1311/1547
f 2063/1335/1547 2062/1333/1547 2082/1333/1547 2083/1335/1547
f 2056/1286/1547 2055/1285/1547 2075/1285/1547 2076/1286/1547
f 2064/1337/1547 2063/1335/1547 2083/1335/1547 2084/1337/1547
f 2057/1323/1547 2056/1286/1547 2076/1286/1547 2077/1323/1547
f 2065/1339/1547 2064/1337/1547 2084/1337/1547 2085/1339/1547
f 2058/1325/1547 2057/1323/1547 2077/1323/1547 2078/1325/1547
f 2050/1312/1547 2051/1311/1547 2071/1311/1547 2070/1312/1547
f 2066/1341/1547 2065/1339/1547 2085/1339/1547 2086/1341/1547
f 2093/1317/1548 2092/1315/1548 2112/1315/1548 2113/1317/1548
f 2084/1337/1541 2083/1335/1540 2103/1335/1540 2104/1337/1541
f 2077/1323/1534 2076/1286/1533 2096/1286/1533 2097/1323/1534
f 2085/1339/1542 2084/1337/1541 2104/1337/1541 2105/1339/1542
f 2078/1325/1535 2077/1323/1534 2097/1323/1534 2098/1325/1535
f 2070/1312/1528 2071/1311/1527 2091/1311/1527 2090/1312/1528
f 2086/1341/1543 2085/1339/1542 2105/1339/1542 2106/1341/1543
f 2079/1327/1536 2078/1325/1535 2098/1325/1535 2099/1327/1536
f 2072/1315/1529 2070/1312/1528 2090/1312/1528 2092/1315/1529
f 2087/1343/1544 2086/1341/1543 2106/1341/1543 2107/1343/1544
f 2080/1329/1537 2079/1327/1536 2099/1327/1536 2100/1329/1537
f 2073/1317/1530 2072/1315/1529 2092/1315/1529 2093/1317/1530
f 2088/1345/1545 2087/1343/1544 2107/1343/1544 2108/1345/1545
f 2081/1331/1538 2080/1329/1537 2100/1329/1537 2101/1331/1538
f 2074/1319/1531 2073/1317/1530 2093/1317/1530 2094/1319/1531
f 2089/1347/1546 2088/1345/1545 2108/1345/1545 2109/1347/1546
f 2082/1333/1539 2081/1331/1538 2101/1331/1538 2102/1333/1539
f 2075/1285/1532 2074/1319/1531 2094/1319/1531 2095/1285/1532
f 2071/1311/1527 2089/1347/1546 2109/1347/1546 2091/1311/1527
f 2083/1335/1540 2082/1333/1539 2102/1333/1539 2103/1335/1540
f 2125/1339/1542 2124/1337/1541 2144/1337/1541 2145/1339/1542
f 2108/1345/1548 2107/1343/1548 2127/1343/1548 2128/1345/1548
f 2101/1331/1548 2100/1329/1548 2120/1329/1548 2121/1331/1548
f 2094/1319/1548 2093/1317/1548 2113/1317/1548 2114/1319/1548
f 2109/1347/1548 2108/1345/1548 2128/1345/1548 2129/1347/1548
f 2102/1333/1548 2101/1331/1548 2121/1331/1548 2122/1333/1548
f 2095/1285/1548 2094/1319/1548 2114/1319/1548 2115/1285/1548
f 2091/1311/1548 2109/1347/1548 2129/1347/1548 2111/1311/1548
f 2103/1335/1548 2102/1333/1548 2122/1333/1548 2123/1335/1548
f 2096/1286/1548 2095/1285/1548 2115/1285/1548 2116/1286/1548
f 2104/1337/1548 2103/1335/1548 2123/1335/1548 2124/1337/1548
f 2097/1323/1548 2096/1286/1548 2116/1286/1548 2117/1323/1548
f 2105/1339/1548 2104/1337/1548 2124/1337/1548 2125/1339/1548
f 2098/1325/1548 2097/1323/1548 2117/1323/1548 2118/1325/1548
f 2090/1312/1548 2091/1311/1548 2111/1311/1548 2110/1312/1548
f 2106/1341/1548 2105/1339/1548 2125/1339/1548 2126/1341/1548
f 2099/1327/1548 2098/1325/1548 2118/1325/1548 2119/1327/1548
f 2092/1315/1548 2090/1312/1548 2110/1312/1548 2112/1315/1548
f 2107/1343/1548 2106/1341/1548 2126/1341/1548 2127/1343/1548
f 2100/1329/1548 2099/1327/1548 2119/1327/1548 2120/1329/1548
f 2149/1347/1547 2148/1345/1547 2168/1345/1547 2169/1347/1547
f 2118/1325/1535 2117/1323/1534 2137/1323/1534 2138/1325/1535
f 2110/1312/1528 2111/1311/1527 2131/1311/1527 2130/1312/1528
f 2126/1341/1543 2125/1339/1542 2145/1339/1542 2146/1341/1543
f 2119/1327/1536 2118/1325/1535 2138/1325/1535 2139/1327/1536
f 2112/1315/1529 2110/1312/1528 2130/1312/1528 2132/1315/1529
f 2127/1343/1544 2126/1341/1543 2146/1341/1543 2147/1343/1544
f 2120/1329/1537 2119/1327/1536 2139/1327/1536 2140/1329/1537
f 2113/1317/1530 2112/1315/1529 2132/1315/1529 2133/1317/1530
f 2128/1345/1545 2127/1343/1544 2147/1343/1544 2148/1345/1545
f 2121/1331/1538 2120/1329/1537 2140/1329/1537 2141/1331/1538
f 2114/1319/1531 2113/1317/1530 2133/1317/1530 2134/1319/1531
f 2129/1347/1546 2128/1345/1545 2148/1345/1545 2149/1347/1546
f 2122/1333/1539 2121/1331/1538 2141/1331/1538 2142/1333/1539
f 2115/1285/1532 2114/1319/1531 2134/1319/1531 2135/1285/1532
f 2111/1311/1527 2129/1347/1546 2149/1347/1546 2131/1311/1527
f 2123/1335/1540 2122/1333/1539 2142/1333/1539 2143/1335/1540
f 2116/1286/1533 2115/1285/1532 2135/1285/1532 2136/1286/1533
f 2124/1337/1541 2123/1335/1540 2143/1335/1540 2144/1337/1541
f 2117/1323/1534 2116/1286/1533 2136/1286/1533 2137/1323/1534
f 2167/1343/1544 2166/1341/1543 2315/1341/1565 2324/1372/1566
f 2142/1333/1547 2141/1331/1547 2161/1331/1547 2162/1333/1547
f 2135/1285/1547 2134/1319/1547 2154/1319/1547 2155/1285/1547
f 2131/1311/1547 2149/1347/1547 2169/1347/1547 2151/1311/1547
f 2143/1335/1547 2142/1333/1547 2162/1333/1547 2163/1335/1547
f 2136/1286/1547 2135/1285/1547 2155/1285/1547 2156/1286/1547
f 2144/1337/1547 2143/1335/1547 2163/1335/1547 2164/1337/1547
f 2137/1323/1547 2136/1286/1547 2156/1286/1547 2157/1323/1547
f 2145/1339/1547 2144/1337/1547 2164/1337/1547 2165/1339/1547
f 2138/1325/1547 2137/1323/1547 2157/1323/1547 2158/1325/1547
f 2130/1312/1547 2131/1311/1547 2151/1311/1547 2150/1312/1547
f 2146/1341/1547 2145/1339/1547 2165/1339/1547 2166/1341/1547
f 2139/1327/1547 2138/1325/1547 2158/1325/1547 2159/1327/1547
f 2132/1315/1567 2130/1312/1547 2150/1312/1547 2152/1315/1567
f 2147/1343/1547 2146/1341/1547 2166/1341/1547 2167/1343/1547
f 2140/1329/1547 2139/1327/1547 2159/1327/1547 2160/1329/1547
f 2133/1317/1547 2132/1315/1567 2152/1315/1567 2153/1317/1547
f 2148/1345/1547 2147/1343/1547 2167/1343/1547 2168/1345/1547
f 2141/1331/1547 2140/1329/1547 2160/1329/1547 2161/1331/1547
f 2134/1319/1547 2133/1317/1547 2153/1317/1547 2154/1319/1547
f 2152/1315/1529 2150/1312/1528 2171/1312/1568 2189/1315/1569
f 2160/1329/1537 2159/1327/1536 2252/1327/1570 2261/1329/1571
f 2151/1311/1527 2169/1347/1546 2342/1347/1572 2179/1349/1573
f 2168/1345/1545 2167/1343/1544 2324/1372/1566 2333/1345/1574
f 2161/1331/1538 2160/1329/1537 2261/1329/1571 2270/1358/1575
f 2154/1319/1531 2153/1317/1530 2198/1383/1576 2207/1319/1577
f 2169/1347/1546 2168/1345/1545 2333/1345/1574 2342/1347/1572
f 2162/1333/1539 2161/1331/1538 2270/1358/1575 2279/1333/1578
f 2155/1285/1532 2154/1319/1531 2207/1319/1577 2216/1285/1579
f 2163/1335/1540 2162/1333/1539 2279/1333/1578 2288/1335/1580
f 2156/1286/1533 2155/1285/1532 2216/1285/1579 2225/1350/1581
f 2153/1317/1530 2152/1315/1529 2189/1315/1569 2198/1383/1576
f 2164/1337/1541 2163/1335/1540 2288/1335/1580 2297/1337/1582
f 2157/1323/1534 2156/1286/1533 2225/1350/1581 2234/1323/1583
f 2165/1339/1542 2164/1337/1541 2297/1337/1582 2306/1391/1584
f 2158/1325/1535 2157/1323/1534 2234/1323/1583 2243/1325/1585
f 2166/1341/1543 2165/1339/1542 2306/1391/1584 2315/1341/1565
f 2159/1327/1536 2158/1325/1535 2243/1325/1585 2252/1327/1570
f 2170/1392/1586 2180/1393/1587 2341/1394/1588 2332/1395/1589 2323/1396/1590 2314/1397/1591 2305/1398/1592 2296/1399/1593 2287/1400/1594 2278/1401/1595 2269/1402/1596 2260/1403/1597 2251/1404/1598 2242/1405/1599 2233/1406/1600 2224/1407/1601 2215/1408/1602 2206/1409/1603 2197/1410/1604 2188/1411/1605
f 2171/1312/1568 2179/1349/1573 2181/1412/1606 2178/1413/1607
f 2178/1413/1607 2181/1412/1606 2182/1414/1608 2177/1415/1609
f 2177/1415/1609 2182/1414/1608 2183/1416/1610 2176/1417/1611
f 2176/1417/1611 2183/1416/1610 2184/1418/1612 2175/1419/1613
f 2175/1419/1613 2184/1418/1612 2185/1420/1614 2174/1421/1615
f 2174/1421/1615 2185/1420/1614 2186/1422/1616 2173/1423/1617
f 2173/1423/1617 2186/1422/1616 2187/1424/1618 2172/1425/1619
f 2172/1425/1619 2187/1424/1618 2180/1393/1587 2170/1392/1586
f 2189/1315/1569 2171/1312/1568 2178/1413/1607 2196/1426/1620
f 2196/1426/1620 2178/1413/1607 2177/1415/1609 2195/1427/1621
f 2195/1427/1621 2177/1415/1609 2176/1417/1611 2194/1428/1622
f 2194/1428/1622 2176/1417/1611 2175/1419/1613 2193/1429/1623
f 2193/1429/1623 2175/1419/1613 2174/1421/1615 2192/1430/1624
f 2192/1430/1624 2174/1421/1615 2173/1423/1617 2191/1431/1625
f 2191/1431/1625 2173/1423/1617 2172/1425/1619 2190/1432/1626
f 2190/1432/1626 2172/1425/1619 2170/1392/1586 2188/1411/1605
f 2198/1383/1576 2189/1315/1569 2196/1426/1620 2205/1433/1627
f 2205/1433/1627 2196/1426/1620 2195/1427/1621 2204/1434/1628
f 2204/1434/1628 2195/1427/1621 2194/1428/1622 2203/1435/1629
f 2203/1435/1629 2194/1428/1622 2193/1429/1623 2202/1436/1630
f 2202/1436/1630 2193/1429/1623 2192/1430/1624 2201/1437/1631
f 2201/1437/1631 2192/1430/1624 2191/1431/1625 2200/1438/1632
f 2200/1438/1632 2191/1431/1625 2190/1432/1626 2199/1439/1633
f 2199/1439/1633 2190/1432/1626 2188/1411/1605 2197/1410/1604
f 2207/1319/1577 2198/1383/1576 2205/1433/1627 2214/1440/1634
f 2214/1440/1634 2205/1433/1627 2204/1434/1628 2213/1441/1635
f 2213/1441/1635 2204/1434/1628 2203/1435/1629 2212/1442/1636
f 2212/1442/1636 2203/1435/1629 2202/1436/1630 2211/1443/1637
f 2211/1443/1637 2202/1436/1630 2201/1437/1631 2210/1444/1638
f 2210/1444/1638 2201/1437/1631 2200/1438/1632 2209/1445/1639
f 2209/1445/1639 2200/1438/1632 2199/1439/1633 2208/1446/1640
f 2208/1446/1640 2199/1439/1633 2197/1410/1604 2206/1409/1603
f 2216/1285/1579 2207/1319/1577 2214/1440/1634 2223/1447/1641
f 2223/1447/1641 2214/1440/1634 2213/1441/1635 2222/1448/1642
f 2222/1448/1642 2213/1441/1635 2212/1442/1636 2221/1449/1643
f 2221/1449/1643 2212/1442/1636 2211/1443/1637 2220/1450/1644
f 2220/1450/1644 2211/1443/1637 2210/1444/1638 2219/1451/1645
f 2219/1451/1645 2210/1444/1638 2209/1445/1639 2218/1452/1646
f 2218/1452/1646 2209/1445/1639 2208/1446/1640 2217/1453/1647
f 2217/1453/1647 2208/1446/1640 2206/1409/1603 2215/1408/1602
f 2225/1350/1581 2216/1285/1579 2223/1447/1641 2232/1454/1648
f 2232/1454/1648 2223/1447/1641 2222/1448/1642 2231/1455/1649
f 2231/1455/1649 2222/1448/1642 2221/1449/1643 2230/1456/1650
f 2230/1456/1650 2221/1449/1643 2220/1450/1644 2229/1457/1651
f 2229/1457/1651 2220/1450/1644 2219/1451/1645 2228/1458/1652
f 2228/1458/1652 2219/1451/1645 2218/1452/1646 2227/1459/1653
f 2227/1459/1653 2218/1452/1646 2217/1453/1647 2226/1460/1654
f 2226/1460/1654 2217/1453/1647 2215/1408/1602 2224/1407/1601
f 2234/1323/1583 2225/1350/1581 2232/1454/1648 2241/1461/1655
f 2241/1461/1655 2232/1454/1648 2231/1455/1649 2240/1462/1656
f 2240/1462/1656 2231/1455/1649 2230/1456/1650 2239/1463/1657
f 2239/1463/1657 2230/1456/1650 2229/1457/1651 2238/1464/1658
f 2238/1464/1658 2229/1457/1651 2228/1458/1652 2237/1465/1659
f 2237/1465/1659 2228/1458/1652 2227/1459/1653 2236/1466/1660
f 2236/1466/1660 2227/1459/1653 2226/1460/1654 2235/1467/1661
f 2235/1467/1661 2226/1460/1654 2224/1407/1601 2233/1406/1600
f 2243/1325/1585 2234/1323/1583 2241/1461/1655 2250/1468/1662
f 2250/1468/1662 2241/1461/1655 2240/1462/1656 2249/1469/1663
f 2249/1469/1663 2240/1462/1656 2239/1463/1657 2248/1470/1664
f 2248/1470/1664 2239/1463/1657 2238/1464/1658 2247/1471/1665
f 2247/1471/1665 2238/1464/1658 2237/1465/1659 2246/1472/1666
f 2246/1472/1666 2237/1465/1659 2236/1466/1660 2245/1473/1667
f 2245/1473/1667 2236/1466/1660 2235/1467/1661 2244/1474/1668
f 2244/1474/1668 2235/1467/1661 2233/1406/1600 2242/1405/1599
f 2252/1327/1570 2243/1325/1585 2250/1468/1662 2259/1475/1669
f 2259/1475/1669 2250/1468/1662 2249/1469/1663 2258/1476/1670
f 2258/1476/1670 2249/1469/1663 2248/1470/1664 2257/1477/1671
f 2257/1477/1671 2248/1470/1664 2247/1471/1665 2256/1478/1672
f 2256/1478/1672 2247/1471/1665 2246/1472/1666 2255/1479/1673
f 2255/1479/1673 2246/1472/1666 2245/1473/1667 2254/1480/1674
f 2254/1480/1674 2245/1473/1667 2244/1474/1668 2253/1481/1675
f 2253/1481/1675 2244/1474/1668 2242/1405/1599 2251/1404/1598
f 2261/1329/1571 2252/1327/1570 2259/1475/1669 2268/1482/1676
f 2268/1482/1676 2259/1475/1669 2258/1476/1670 2267/1483/1677
f 2267/1483/1677 2258/1476/1670 2257/1477/1671 2266/1484/1678
f 2266/1484/1678 2257/1477/1671 2256/1478/1672 2265/1485/1679
f 2265/1485/1679 2256/1478/1672 2255/1479/1673 2264/1486/1680
f 2264/1486/1680 2255/1479/1673 2254/1480/1674 2263/1487/1681
f 2263/1487/1681 2254/1480/1674 2253/1481/1675 2262/1488/1682
f 2262/1488/1682 2253/1481/1675 2251/1404/1598 2260/1403/1597
f 2270/1358/1575 2261/1329/1571 2268/1482/1676 2277/1489/1683
f 2277/1489/1683 2268/1482/1676 2267/1483/1677 2276/1490/1684
f 2276/1490/1684 2267/1483/1677 2266/1484/1678 2275/1491/1685
f 2275/1491/1685 2266/1484/1678 2265/1485/1679 2274/1492/1686
f 2274/1492/1686 2265/1485/1679 2264/1486/1680 2273/1493/1687
f 2273/1493/1687 2264/1486/1680 2263/1487/1681 2272/1494/1688
f 2272/1494/1688 2263/1487/1681 2262/1488/1682 2271/1495/1689
f 2271/1495/1689 2262/1488/1682 2260/1403/1597 2269/1402/1596
f 2279/1333/1578 2270/1358/1575 2277/1489/1683 2286/1496/1690
f 2286/1496/1690 2277/1489/1683 2276/1490/1684 2285/1497/1691
f 2285/1497/1691 2276/1490/1684 2275/1491/1685 2284/1498/1692
f 2284/1498/1692 2275/1491/1685 2274/1492/1686 2283/1499/1693
f 2283/1499/1693 2274/1492/1686 2273/1493/1687 2282/1500/1694
f 2282/1500/1694 2273/1493/1687 2272/1494/1688 2281/1501/1695
f 2281/1501/1695 2272/1494/1688 2271/1495/1689 2280/1502/1696
f 2280/1502/1696 2271/1495/1689 2269/1402/1596 2278/1401/1595
f 2288/1335/1580 2279/1333/1578 2286/1496/1690 2295/1503/1697
f 2295/1503/1697 2286/1496/1690 2285/1497/1691 2294/1504/1698
f 2294/1504/1698 2285/1497/1691 2284/1498/1692 2293/1505/1699
f 2293/1505/1699 2284/1498/1692 2283/1499/1693 2292/1506/1700
f 2292/1506/1700 2283/1499/1693 2282/1500/1694 2291/1507/1701
f 2291/1507/1701 2282/1500/1694 2281/1501/1695 2290/1508/1702
f 2290/1508/1702 2281/1501/1695 2280/1502/1696 2289/1509/1703
f 2289/1509/1703 2280/1502/1696 2278/1401/1595 2287/1400/1594
f 2297/1337/1582 2288/1335/1580 2295/1503/1697 2304/1510/1704
f 2304/1510/1704 2295/1503/1697 2294/1504/1698 2303/1511/1705
f 2303/1511/1705 2294/1504/1698 2293/1505/1699 2302/1512/1706
f 2302/1512/1706 2293/1505/1699 2292/1506/1700 2301/1513/1707
f 2301/1513/1707 2292/1506/1700 2291/1507/1701 2300/1514/1708
f 2300/1514/1708 2291/1507/1701 2290/1508/1702 2299/1515/1709
f 2299/1515/1709 2290/1508/1702 2289/1509/1703 2298/1516/1710
f 2298/1516/1710 2289/1509/1703 2287/1400/1594 2296/1399/1593
f 2306/1391/1584 2297/1337/1582 2304/1510/1704 2313/1517/1711
f 2313/1517/1711 2304/1510/1704 2303/1511/1705 2312/1518/1712
f 2312/1518/1712 2303/1511/1705 2302/1512/1706 2311/1519/1713
f 2311/1519/1713 2302/1512/1706 2301/1513/1707 2310/1520/1714
f 2310/1520/1714 2301/1513/1707 2300/1514/1708 2309/1521/1715
f 2309/1521/1715 2300/1514/1708 2299/1515/1709 2308/1522/1716
f 2308/1522/1716 2299/1515/1709 2298/1516/1710 2307/1523/1717
f 2307/1523/1717 2298/1516/1710 2296/1399/1593 2305/1398/1592
f 2315/1341/1565 2306/1391/1584 2313/1517/1711 2322/1524/1718
f 2322/1524/1718 2313/1517/1711 2312/1518/1712 2321/1525/1719
f 2321/1525/1719 2312/1518/1712 2311/1519/1713 2320/1526/1720
f 2320/1526/1720 2311/1519/1713 2310/1520/1714 2319/1527/1721
f 2319/1527/1721 2310/1520/1714 2309/1521/1715 2318/1528/1722
f 2318/1528/1722 2309/1521/1715 2308/1522/1716 2317/1529/1723
f 2317/1529/1723 2308/1522/1716 2307/1523/1717 2316/1530/1724
f 2316/1530/1724 2307/1523/1717 2305/1398/1592 2314/1397/1591
f 2324/1372/1566 2315/1341/1565 2322/1524/1718 2331/1531/1725
f 2331/1531/1725 2322/1524/1718 2321/1525/1719 2330/1532/1726
f 2330/1532/1726 2321/1525/1719 2320/1526/1720 2329/1533/1727
f 2329/1533/1727 2320/1526/1720 2319/1527/1721 2328/1534/1728
f 2328/1534/1728 2319/1527/1721 2318/1528/1722 2327/1535/1729
f 2327/1535/1729 2318/1528/1722 2317/1529/1723 2326/1536/1730
f 2326/1536/1730 2317/1529/1723 2316/1530/1724 2325/1537/1731
f 2325/1537/1731 2316/1530/1724 2314/1397/1591 2323/1396/1590
f 2333/1345/1574 2324/1372/1566 2331/1531/1725 2340/1538/1732
f 2340/1538/1732 2331/1531/1725 2330/1532/1726 2339/1539/1733
f 2339/1539/1733 2330/1532/1726 2329/1533/1727 2338/1540/1734
f 2338/1540/1734 2329/1533/1727 2328/1534/1728 2337/1541/1735
f 2337/1541/1735 2328/1534/1728 2327/1535/1729 2336/1542/1736
f 2336/1542/1736 2327/1535/1729 2326/1536/1730 2335/1543/1737
f 2335/1543/1737 2326/1536/1730 2325/1537/1731 2334/1544/1738
f 2334/1544/1738 2325/1537/1731 2323/1396/1590 2332/1395/1589
f 2342/1347/1572 2333/1345/1574 2340/1538/1732 2349/1545/1739
f 2349/1545/1739 2340/1538/1732 2339/1539/1733 2348/1546/1740
f 2348/1546/1740 2339/1539/1733 2338/1540/1734 2347/1547/1741
f 2347/1547/1741 2338/1540/1734 2337/1541/1735 2346/1548/1742
f 2346/1548/1742 2337/1541/1735 2336/1542/1736 2345/1549/1743
f 2345/1549/1743 2336/1542/1736 2335/1543/1737 2344/1550/1744
f 2344/1550/1744 2335/1543/1737 2334/1544/1738 2343/1551/1745
f 2343/1551/1745 2334/1544/1738 2332/1395/1589 2341/1394/1588
f 2179/1349/1573 2342/1347/1572 2349/1545/1739 2181/1412/1606
f 2181/1412/1606 2349/1545/1739 2348/1546/1740 2182/1414/1608
f 2182/1414/1608 2348/1546/1740 2347/1547/1741 2183/1416/1610
f 2183/1416/1610 2347/1547/1741 2346/1548/1742 2184/1418/1612
f 2184/1418/1612 2346/1548/1742 2345/1549/1743 2185/1420/1614
f 2185/1420/1614 2345/1549/1743 2344/1550/1744 2186/1422/1616
f 2186/1422/1616 2344/1550/1744 2343/1551/1745 2187/1424/1618
f 2187/1424/1618 2343/1551/1745 2341/1394/1588 2180/1393/1587
f 2150/1312/1528 2151/1311/1527 2179/1349/1573 2171/1312/1568
f 2603/1325/1746 2662/1323/1747 2663/1323/1747 2602/1325/1746
f 2587/1381/1748 2646/1349/1749 2647/1349/1749 2586/1312/1748
f 2567/1341/1750 2626/1339/1751 2627/1376/1751 2566/1390/1750
f 2551/1385/1750 2610/1376/1751 2611/1376/1751 2550/1341/1750
f 2369/1327/1752 2590/1325/1746 2591/1325/1746 2368/1327/1752
f 2385/1355/1753 2574/1381/1748 2575/1312/1748 2384/1355/1753
f 2351/1327/1754 2410/1329/1755 2411/1329/1755 2350/1327/1754
f 2429/1370/1756 2369/1327/1752 2368/1327/1752 2428/1370/1756
f 2395/1343/1757 2482/1345/1758 2483/1345/1758 2394/1356/1757
f 2517/1358/1759 2412/1329/1756 2413/1329/1756 2516/1358/1759
f 2467/1317/1760 2464/1359/1761 2465/1359/1761 2466/1317/1760
f 2511/1333/1762 2517/1358/1759 2516/1358/1759 2510/1333/1762
f 2619/1339/1751 2678/1378/1763 2679/1337/1763 2618/1339/1751
f 2615/1376/1751 2674/1378/1763 2675/1378/1763 2614/1376/1751
f 2610/1376/1751 2670/1378/1763 2671/1378/1763 2611/1376/1751
f 2607/1388/1746 2666/1323/1747 2667/1323/1747 2606/1325/1746
f 2599/1325/1746 2658/1323/1747 2659/1323/1747 2598/1325/1746
f 2661/1323/1764 2600/1325/1765 2601/1325/1765 2660/1323/1764
f 2595/1325/1746 2654/1323/1747 2655/1323/1747 2594/1325/1746
f 2653/1323/1764 2592/1325/1765 2593/1325/1765 2652/1323/1764
f 2583/1381/1748 2642/1349/1749 2643/1349/1749 2582/1312/1748
f 2579/1381/1748 2638/1349/1749 2639/1349/1749 2578/1312/1748
f 2574/1381/1748 2634/1349/1749 2635/1349/1749 2575/1312/1748
f 2571/1381/1748 2630/1349/1749 2631/1349/1749 2570/1312/1748
f 2563/1385/1750 2622/1376/1751 2623/1339/1751 2562/1341/1750
f 2625/1376/1766 2564/1341/1767 2565/1341/1767 2624/1339/1766
f 2559/1341/1750 2619/1339/1751 2618/1339/1751 2558/1341/1750
f 2617/1376/1766 2556/1385/1767 2557/1341/1767 2616/1376/1766
f 2353/1354/1752 2607/1388/1746 2606/1325/1746 2352/1327/1752
f 2357/1327/1752 2603/1325/1746 2602/1325/1746 2356/1327/1752
f 2361/1327/1752 2599/1325/1746 2598/1325/1746 2360/1327/1752
f 2365/1327/1752 2595/1325/1746 2594/1325/1746 2364/1327/1752
f 2373/1380/1753 2587/1381/1748 2586/1312/1748 2372/1355/1753
f 2589/1353/1768 2370/1380/1769 2371/1355/1769 2588/1312/1768
f 2377/1355/1753 2583/1381/1748 2582/1312/1748 2376/1355/1753
f 2581/1312/1768 2378/1315/1769 2379/1315/1769 2580/1312/1768
f 2389/1355/1753 2571/1381/1748 2570/1312/1748 2388/1355/1753
f 2569/1385/1767 2390/1343/1757 2391/1343/1757 2568/1390/1767
f 2397/1356/1770 2563/1385/1750 2562/1341/1750 2396/1356/1770
f 2561/1385/1767 2398/1356/1757 2399/1356/1757 2560/1341/1767
f 2556/1385/1767 2402/1372/1757 2403/1386/1757 2557/1341/1767
f 2409/1372/1770 2551/1385/1750 2550/1341/1750 2408/1386/1770
f 2417/1329/1756 2357/1327/1752 2356/1327/1752 2416/1329/1756
f 2355/1327/1754 2414/1329/1755 2415/1329/1755 2354/1327/1754
f 2421/1370/1756 2361/1327/1752 2360/1327/1752 2420/1329/1756
f 2363/1327/1754 2422/1370/1755 2423/1370/1755 2362/1327/1754
f 2437/1317/1771 2373/1380/1753 2372/1355/1753 2436/1317/1771
f 2375/1355/1769 2442/1383/1760 2443/1317/1760 2374/1355/1769
f 2453/1383/1771 2380/1355/1753 2381/1315/1753 2452/1317/1771
f 2383/1355/1769 2458/1317/1760 2459/1317/1760 2382/1355/1769
f 2387/1355/1769 2467/1317/1760 2466/1317/1760 2386/1355/1769
f 2477/1357/1772 2392/1343/1770 2393/1343/1770 2476/1345/1772
f 2493/1345/1772 2400/1356/1770 2401/1356/1770 2492/1345/1772
f 2398/1356/1757 2490/1345/1758 2491/1345/1758 2399/1356/1757
f 2501/1345/1772 2404/1372/1770 2405/1386/1770 2500/1345/1772
f 2407/1372/1757 2506/1345/1758 2507/1345/1758 2406/1386/1757
f 2525/1358/1759 2417/1329/1756 2416/1329/1756 2524/1358/1759
f 2419/1370/1755 2530/1331/1773 2531/1358/1773 2418/1329/1755
f 2541/1358/1759 2424/1370/1756 2425/1370/1756 2540/1358/1759
f 2427/1370/1755 2546/1358/1773 2547/1371/1773 2426/1370/1755
f 2451/1383/1760 2448/1359/1761 2449/1359/1761 2450/1317/1760
f 2455/1369/1774 2460/1317/1771 2461/1317/1771 2454/1369/1774
f 2458/1317/1760 2456/1369/1761 2457/1369/1761 2459/1317/1760
f 2463/1359/1774 2468/1373/1771 2469/1317/1771 2462/1359/1774
f 2471/1360/1775 2477/1357/1772 2476/1345/1772 2470/1360/1775
f 2495/1360/1775 2501/1345/1772 2500/1345/1772 2494/1366/1775
f 2499/1345/1758 2496/1384/1776 2497/1366/1776 2498/1345/1758
f 2503/1360/1775 2508/1345/1772 2509/1345/1772 2502/1360/1775
f 2506/1345/1758 2504/1360/1776 2505/1360/1776 2507/1345/1758
f 2515/1358/1773 2512/1333/1777 2513/1333/1777 2514/1358/1773
f 2519/1361/1762 2525/1358/1759 2524/1358/1759 2518/1389/1762
f 2523/1358/1773 2520/1364/1777 2521/1389/1777 2522/1358/1773
f 2527/1361/1762 2532/1331/1759 2533/1358/1759 2526/1361/1762
f 2530/1331/1773 2528/1361/1777 2529/1361/1777 2531/1358/1773
f 2535/1361/1762 2541/1358/1759 2540/1358/1759 2534/1361/1762
f 2539/1358/1773 2536/1362/1777 2537/1361/1777 2538/1358/1773
f 2543/1333/1762 2548/1371/1759 2549/1371/1759 2542/1361/1762
f 2546/1358/1773 2544/1361/1777 2545/1361/1777 2547/1371/1773
f 2609/1388/1765 2351/1327/1754 2350/1327/1754 2608/1325/1765
f 2605/1325/1765 2355/1327/1754 2354/1327/1754 2604/1325/1765
f 2600/1325/1765 2358/1327/1754 2359/1327/1754 2601/1325/1765
f 2597/1325/1765 2363/1327/1754 2362/1327/1754 2596/1325/1765
f 2592/1325/1765 2366/1327/1754 2367/1327/1754 2593/1325/1765
f 2645/1349/1778 2584/1312/1768 2585/1312/1768 2644/1349/1778
f 2641/1349/1778 2581/1312/1768 2580/1312/1768 2640/1349/1778
f 2637/1349/1778 2576/1312/1768 2577/1312/1768 2636/1349/1778
f 2633/1349/1778 2572/1312/1768 2573/1312/1768 2632/1349/1778
f 2629/1376/1766 2569/1385/1767 2568/1390/1767 2628/1376/1766
f 2681/1378/1779 2620/1376/1766 2621/1339/1766 2680/1337/1779
f 2677/1378/1779 2617/1376/1766 2616/1376/1766 2676/1378/1779
f 2673/1378/1779 2612/1376/1766 2613/1376/1766 2672/1378/1779
f 2669/1323/1764 2609/1388/1765 2608/1325/1765 2668/1323/1764
f 2665/1323/1764 2605/1325/1765 2604/1325/1765 2664/1323/1764
f 2490/1345/1758 2488/1360/1776 2489/1366/1776 2491/1345/1758
f 2487/1384/1775 2493/1345/1772 2492/1345/1772 2486/1366/1775
f 2482/1345/1758 2480/1360/1776 2481/1360/1776 2483/1345/1758
f 2479/1360/1775 2484/1345/1772 2485/1345/1772 2478/1360/1775
f 2475/1345/1758 2472/1360/1776 2473/1360/1776 2474/1345/1758
f 2447/1359/1774 2453/1383/1771 2452/1317/1771 2446/1359/1774
f 2442/1383/1760 2440/1359/1761 2441/1359/1761 2443/1317/1760
f 2439/1359/1774 2444/1317/1771 2445/1317/1771 2438/1359/1774
f 2435/1383/1760 2432/1359/1761 2433/1359/1761 2434/1317/1760
f 2431/1359/1774 2437/1317/1771 2436/1317/1771 2430/1359/1774
f 2548/1371/1759 2429/1370/1756 2428/1370/1756 2549/1371/1759
f 2422/1370/1755 2539/1358/1773 2538/1358/1773 2423/1370/1755
f 2532/1331/1759 2421/1370/1756 2420/1329/1756 2533/1358/1759
f 2414/1329/1755 2523/1358/1773 2522/1358/1773 2415/1329/1755
f 2410/1329/1755 2515/1358/1773 2514/1358/1773 2411/1329/1755
f 2508/1345/1772 2409/1372/1770 2408/1386/1770 2509/1345/1772
f 2402/1372/1757 2499/1345/1758 2498/1345/1758 2403/1386/1757
f 2484/1345/1772 2397/1356/1770 2396/1356/1770 2485/1345/1772
f 2390/1343/1757 2475/1345/1758 2474/1345/1758 2391/1343/1757
f 2468/1373/1771 2389/1355/1753 2388/1355/1753 2469/1317/1771
f 2460/1317/1771 2385/1355/1753 2384/1355/1753 2461/1317/1771
f 2378/1315/1769 2451/1383/1760 2450/1317/1760 2379/1315/1769
f 2444/1317/1771 2377/1355/1753 2376/1355/1753 2445/1317/1771
f 2370/1380/1769 2435/1383/1760 2434/1317/1760 2371/1355/1769
f 2612/1376/1766 2552/1341/1767 2553/1341/1767 2613/1376/1766
f 2555/1341/1750 2615/1376/1751 2614/1376/1751 2554/1341/1750
f 2620/1376/1766 2561/1385/1767 2560/1341/1767 2621/1339/1766
f 2366/1327/1754 2427/1370/1755 2426/1370/1755 2367/1327/1754
f 2424/1370/1756 2365/1327/1752 2364/1327/1752 2425/1370/1756
f 2358/1327/1754 2419/1370/1755 2418/1329/1755 2359/1327/1754
f 2412/1329/1756 2353/1354/1752 2352/1327/1752 2413/1329/1756
f 2552/1341/1767 2407/1372/1757 2406/1386/1757 2553/1341/1767
f 2404/1372/1770 2555/1341/1750 2554/1341/1750 2405/1386/1770
f 2400/1356/1770 2559/1341/1750 2558/1341/1750 2401/1356/1770
f 2564/1341/1767 2395/1343/1757 2394/1356/1757 2565/1341/1767
f 2392/1343/1770 2567/1341/1750 2566/1390/1750 2393/1343/1770
f 2572/1312/1768 2387/1355/1769 2386/1355/1769 2573/1312/1768
f 2576/1312/1768 2383/1355/1769 2382/1355/1769 2577/1312/1768
f 2380/1355/1753 2579/1381/1748 2578/1312/1748 2381/1315/1753
f 2584/1312/1768 2375/1355/1769 2374/1355/1769 2585/1312/1768
f 2649/1349/1778 2589/1353/1768 2588/1312/1768 2648/1349/1778
f 2590/1325/1746 2650/1323/1747 2651/1323/1747 2591/1325/1746
f 2657/1323/1764 2597/1325/1765 2596/1325/1765 2656/1323/1764
f 2685/1378/1779 2625/1376/1766 2624/1339/1766 2684/1352/1779
f 2622/1376/1751 2682/1378/1763 2683/1352/1763 2623/1339/1751
f 2689/1352/1779 2629/1376/1766 2628/1376/1766 2688/1352/1779
f 2626/1339/1751 2686/1352/1763 2687/1352/1763 2627/1376/1751
f 2693/1351/1780 2653/1323/1764 2652/1323/1764 2692/1351/1780
f 2650/1323/1747 2690/1350/1781 2691/1351/1781 2651/1323/1747
f 2697/1351/1780 2657/1323/1764 2656/1323/1764 2696/1351/1780
f 2654/1323/1747 2694/1351/1781 2695/1351/1781 2655/1323/1747
f 2701/1379/1780 2661/1323/1764 2660/1323/1764 2700/1387/1780
f 2658/1323/1747 2698/1350/1781 2699/1387/1781 2659/1323/1747
f 2705/1350/1780 2665/1323/1764 2664/1323/1764 2704/1350/1780
f 2662/1323/1747 2702/1350/1781 2703/1350/1781 2663/1323/1747
f 2709/1351/1780 2669/1323/1764 2668/1323/1764 2708/1351/1780
f 2666/1323/1747 2706/1351/1781 2707/1351/1781 2667/1323/1747
f 2713/1335/1782 2673/1378/1779 2672/1378/1779 2712/1335/1782
f 2670/1378/1763 2710/1335/1783 2711/1335/1783 2671/1378/1763
f 2717/1335/1782 2677/1378/1779 2676/1378/1779 2716/1335/1782
f 2674/1378/1763 2714/1335/1783 2715/1335/1783 2675/1378/1763
f 2721/1335/1782 2681/1378/1779 2680/1337/1779 2720/1335/1782
f 2678/1378/1763 2718/1363/1783 2719/1335/1783 2679/1337/1763
f 2725/1335/1782 2685/1378/1779 2684/1352/1779 2724/1335/1782
f 2682/1378/1763 2722/1335/1783 2723/1335/1783 2683/1352/1763
f 2729/1382/1782 2689/1352/1779 2688/1352/1779 2728/1335/1782
f 2686/1352/1763 2726/1382/1783 2727/1335/1783 2687/1352/1763
f 2733/1285/1784 2693/1351/1780 2692/1351/1780 2732/1285/1784
f 2690/1350/1781 2730/1285/1785 2731/1285/1785 2691/1351/1781
f 2737/1285/1784 2697/1351/1780 2696/1351/1780 2736/1285/1784
f 2694/1351/1781 2734/1285/1785 2735/1285/1785 2695/1351/1781
f 2741/1285/1784 2701/1379/1780 2700/1387/1780 2740/1285/1784
f 2698/1350/1781 2738/1285/1785 2739/1285/1785 2699/1387/1781
f 2745/1285/1784 2705/1350/1780 2704/1350/1780 2744/1285/1784
f 2702/1350/1781 2742/1285/1785 2743/1285/1785 2703/1350/1781
f 2749/1285/1784 2709/1351/1780 2708/1351/1780 2748/1285/1784
f 2706/1351/1781 2746/1285/1785 2747/1285/1785 2707/1351/1781
f 2544/1361/1777 2713/1335/1782 2712/1335/1782 2545/1361/1777
f 2710/1335/1783 2543/1333/1762 2542/1361/1762 2711/1335/1783
f 2536/1362/1777 2717/1335/1782 2716/1335/1782 2537/1361/1777
f 2714/1335/1783 2535/1361/1762 2534/1361/1762 2715/1335/1783
f 2528/1361/1777 2721/1335/1782 2720/1335/1782 2529/1361/1777
f 2718/1363/1783 2527/1361/1762 2526/1361/1762 2719/1335/1783
f 2520/1364/1777 2725/1335/1782 2724/1335/1782 2521/1389/1777
f 2722/1335/1783 2519/1361/1762 2518/1389/1762 2723/1335/1783
f 2512/1333/1777 2729/1382/1782 2728/1335/1782 2513/1333/1777
f 2726/1382/1783 2511/1333/1762 2510/1333/1762 2727/1335/1783
f 2504/1360/1776 2633/1349/1778 2632/1349/1778 2505/1360/1776
f 2630/1349/1749 2503/1360/1775 2502/1360/1775 2631/1349/1749
f 2496/1384/1776 2637/1349/1778 2636/1349/1778 2497/1366/1776
f 2634/1349/1749 2495/1360/1775 2494/1366/1775 2635/1349/1749
f 2488/1360/1776 2641/1349/1778 2640/1349/1778 2489/1366/1776
f 2638/1349/1749 2487/1384/1775 2486/1366/1775 2639/1349/1749
f 2480/1360/1776 2645/1349/1778 2644/1349/1778 2481/1360/1776
f 2642/1349/1749 2479/1360/1775 2478/1360/1775 2643/1349/1749
f 2472/1360/1776 2649/1349/1778 2648/1349/1778 2473/1360/1776
f 2646/1349/1749 2471/1360/1775 2470/1360/1775 2647/1349/1749
f 2464/1359/1761 2733/1285/1784 2732/1285/1784 2465/1359/1761
f 2730/1285/1785 2463/1359/1774 2462/1359/1774 2731/1285/1785
f 2456/1369/1761 2737/1285/1784 2736/1285/1784 2457/1369/1761
f 2734/1285/1785 2455/1369/1774 2454/1369/1774 2735/1285/1785
f 2448/1359/1761 2741/1285/1784 2740/1285/1784 2449/1359/1761
f 2738/1285/1785 2447/1359/1774 2446/1359/1774 2739/1285/1785
f 2440/1359/1761 2745/1285/1784 2744/1285/1784 2441/1359/1761
f 2742/1285/1785 2439/1359/1774 2438/1359/1774 2743/1285/1785
f 2432/1359/1761 2749/1285/1784 2748/1285/1784 2433/1359/1761
f 2746/1285/1785 2431/1359/1774 2430/1359/1774 2747/1285/1785
f 2350/1327/1548 2411/1329/1548 2413/1329/1548 2352/1327/1548
f 2750/1246/1786 2752/1249/1787 2790/1248/1787 2791/1247/1786
f 2752/1249/1787 2754/1251/1788 2792/1250/1788 2790/1248/1787
f 2754/1251/1788 2756/1253/1789 2793/1252/1789 2792/1250/1788
f 2756/1253/1789 2758/1255/1790 2794/1254/1790 2793/1252/1789
f 2758/1255/1790 2760/1257/1791 2795/1256/1791 2794/1254/1790
f 2760/1257/1791 2762/1259/1792 2796/1258/1792 2795/1256/1791
f 2762/1259/1792 2764/1261/1793 2797/1260/1793 2796/1258/1792
f 2764/1261/1793 2766/1263/1794 2798/1262/1794 2797/1260/1793
f 2766/1263/1794 2768/1265/1795 2799/1264/1795 2798/1262/1794
f 2768/1265/1795 2770/1267/1796 2800/1266/1796 2799/1264/1795
f 2770/1267/1796 2772/1269/1797 2801/1268/1797 2800/1266/1796
f 2772/1269/1797 2774/1271/1798 2802/1270/1798 2801/1268/1797
f 2774/1271/1798 2776/1273/1799 2803/1272/1799 2802/1270/1798
f 2776/1273/1799 2778/1275/1800 2804/1274/1800 2803/1272/1799
f 2778/1275/1800 2780/1277/1801 2805/1276/1801 2804/1274/1800
f 2780/1277/1801 2782/1279/1802 2806/1278/1802 2805/1276/1801
f 2782/1279/1802 2784/1281/1803 2807/1280/1803 2806/1278/1802
f 2784/1281/1803 2786/1283/1804 2808/1282/1804 2807/1280/1803
f 2911/1284/1792 2816/1286/1792 2815/1285/1791 2861/1285/1791
f 2786/1283/1804 2788/1288/1805 2809/1287/1805 2808/1282/1804
f 2788/1288/1805 2750/1290/1786 2791/1289/1786 2809/1287/1805
f 2751/1311/1807 2791/1314/1807 2790/1313/1807 2753/1312/1807
f 2753/1312/1807 2790/1313/1807 2792/1316/1807 2755/1315/1807
f 2755/1315/1807 2792/1316/1807 2793/1318/1807 2757/1317/1807
f 2757/1317/1807 2793/1318/1807 2794/1320/1807 2759/1319/1807
f 2759/1319/1807 2794/1320/1807 2795/1321/1807 2761/1285/1807
f 2761/1285/1807 2795/1321/1807 2796/1322/1807 2763/1286/1807
f 2763/1286/1807 2796/1322/1807 2797/1324/1807 2765/1323/1807
f 2765/1323/1807 2797/1324/1807 2798/1326/1807 2767/1325/1807
f 2767/1325/1807 2798/1326/1807 2799/1328/1807 2769/1327/1807
f 2769/1327/1807 2799/1328/1807 2800/1330/1807 2771/1329/1807
f 2771/1329/1807 2800/1330/1807 2801/1332/1807 2773/1331/1807
f 2773/1331/1807 2801/1332/1807 2802/1334/1807 2775/1333/1807
f 2775/1333/1807 2802/1334/1807 2803/1336/1807 2777/1335/1807
f 2777/1335/1807 2803/1336/1807 2804/1338/1807 2779/1337/1807
f 2779/1337/1807 2804/1338/1807 2805/1340/1807 2781/1339/1807
f 2781/1339/1807 2805/1340/1807 2806/1342/1807 2783/1341/1807
f 2783/1341/1807 2806/1342/1807 2807/1344/1807 2785/1343/1807
f 2785/1343/1807 2807/1344/1807 2808/1346/1807 2787/1345/1807
f 2787/1345/1807 2808/1346/1807 2809/1348/1807 2789/1347/1807
f 2789/1347/1807 2809/1348/1807 2791/1314/1807 2751/1311/1807
f 2812/1315/1807 2832/1315/1807 2830/1312/1807 2810/1312/1807
f 2961/1312/1787 2810/1312/1787 2811/1311/1786 2881/1349/1786
f 2921/1337/1800 2824/1337/1800 2823/1335/1799 2901/1335/1799
f 2913/1350/1792 2910/1351/1792 2860/1285/1791 2863/1285/1791
f 2923/1337/1800 2920/1352/1800 2900/1335/1799 2903/1335/1799
f 2933/1323/1793 2930/1323/1793 2910/1351/1792 2913/1350/1792
f 2943/1339/1801 2940/1339/1801 2920/1352/1800 2923/1337/1800
f 2953/1325/1794 2950/1325/1794 2930/1323/1793 2933/1323/1793
f 2963/1312/1787 2960/1353/1787 2880/1349/1786 2883/1349/1786
f 2973/1341/1802 2970/1341/1802 2940/1339/1801 2943/1339/1801
f 2983/1327/1795 2980/1354/1795 2950/1325/1794 2953/1325/1794
f 2993/1355/1788 2990/1315/1788 2960/1353/1787 2963/1312/1787
f 3003/1356/1803 3000/1343/1803 2970/1341/1802 2973/1341/1802
f 3013/1329/1796 3010/1329/1796 2980/1354/1795 2983/1327/1795
f 3023/1317/1789 3020/1317/1789 2990/1315/1788 2993/1355/1788
f 3033/1345/1804 3030/1357/1804 3000/1343/1803 3003/1356/1803
f 3043/1358/1797 3040/1358/1797 3010/1329/1796 3013/1329/1796
f 2861/1285/1791 2815/1285/1791 2814/1319/1790 2858/1359/1790
f 2881/1349/1786 2811/1311/1786 2829/1347/1805 2878/1360/1805
f 2901/1335/1799 2823/1335/1799 2822/1333/1798 2898/1333/1798
f 2827/1343/1807 2847/1343/1807 2846/1341/1807 2826/1341/1807
f 2820/1329/1807 2840/1329/1807 2839/1327/1807 2819/1327/1807
f 2813/1317/1807 2833/1317/1807 2832/1315/1807 2812/1315/1807
f 2828/1345/1807 2848/1345/1807 2847/1343/1807 2827/1343/1807
f 2821/1331/1807 2841/1331/1807 2840/1329/1807 2820/1329/1807
f 2814/1319/1807 2834/1319/1807 2833/1317/1807 2813/1317/1807
f 2829/1347/1807 2849/1347/1807 2848/1345/1807 2828/1345/1807
f 2822/1333/1807 2842/1333/1807 2841/1331/1807 2821/1331/1807
f 2815/1285/1807 2835/1285/1807 2834/1319/1807 2814/1319/1807
f 2811/1311/1807 2831/1311/1807 2849/1347/1807 2829/1347/1807
f 2823/1335/1807 2843/1335/1807 2842/1333/1807 2822/1333/1807
f 2816/1286/1807 2836/1286/1807 2835/1285/1807 2815/1285/1807
f 2824/1337/1807 2844/1337/1807 2843/1335/1807 2823/1335/1807
f 2817/1323/1807 2837/1323/1807 2836/1286/1807 2816/1286/1807
f 2825/1339/1807 2845/1339/1807 2844/1337/1807 2824/1337/1807
f 2818/1325/1807 2838/1325/1807 2837/1323/1807 2817/1323/1807
f 2810/1312/1807 2830/1312/1807 2831/1311/1807 2811/1311/1807
f 2826/1341/1807 2846/1341/1807 2845/1339/1807 2825/1339/1807
f 2819/1327/1807 2839/1327/1807 2838/1325/1807 2818/1325/1807
f 2909/1335/1799 2906/1335/1799 2893/1361/1798 2890/1361/1798
f 2907/1335/1799 2904/1363/1799 2895/1361/1798 2892/1362/1798
f 2905/1335/1799 2902/1335/1799 2897/1361/1798 2894/1361/1798
f 2903/1335/1799 2900/1335/1799 2899/1333/1798 2896/1364/1798
f 2898/1333/1798 2822/1333/1798 2821/1331/1797 3041/1358/1797
f 2889/1349/1786 2886/1349/1786 2873/1365/1805 2870/1360/1805
f 2887/1349/1786 2884/1349/1786 2875/1367/1805 2872/1366/1805
f 2885/1349/1786 2882/1349/1786 2877/1360/1805 2874/1368/1805
f 2883/1349/1786 2880/1349/1786 2879/1360/1805 2876/1360/1805
f 2878/1360/1805 2829/1347/1805 2828/1345/1804 3031/1345/1804
f 2869/1285/1791 2866/1285/1791 2853/1369/1790 2850/1359/1790
f 2867/1285/1791 2864/1285/1791 2855/1359/1790 2852/1369/1790
f 2865/1285/1791 2862/1285/1791 2857/1359/1790 2854/1359/1790
f 2863/1285/1791 2860/1285/1791 2859/1359/1790 2856/1359/1790
f 2858/1359/1790 2814/1319/1790 2813/1317/1789 3021/1317/1789
f 3545/1361/1548 3542/1361/1548 3711/1335/1548 3712/1335/1548
f 2773/1331/1797 3048/1371/1797 3018/1370/1796 2771/1329/1796
f 3049/1358/1797 3046/1358/1797 3016/1370/1796 3019/1370/1796
f 3047/1331/1797 3044/1331/1797 3014/1370/1796 3017/1370/1796
f 3045/1358/1797 3042/1358/1797 3012/1329/1796 3015/1329/1796
f 3041/1358/1797 2821/1331/1797 2820/1329/1796 3011/1329/1796
f 2787/1345/1804 3038/1345/1804 3008/1372/1803 2785/1343/1803
f 3039/1345/1804 3036/1345/1804 3006/1372/1803 3009/1372/1803
f 3037/1345/1804 3034/1345/1804 3004/1356/1803 3007/1372/1803
f 3035/1345/1804 3032/1345/1804 3002/1356/1803 3005/1356/1803
f 3031/1345/1804 2828/1345/1804 2827/1343/1803 3001/1343/1803
f 2757/1317/1789 3028/1373/1789 2998/1315/1788 2755/1315/1788
f 3029/1317/1789 3026/1317/1789 2996/1355/1788 2999/1374/1788
f 3027/1317/1789 3024/1375/1789 2994/1315/1788 2997/1355/1788
f 3025/1317/1789 3022/1317/1789 2992/1355/1788 2995/1315/1788
f 3021/1317/1789 2813/1317/1789 2812/1315/1788 2991/1315/1788
f 2771/1329/1796 3018/1370/1796 2988/1327/1795 2769/1327/1795
f 3019/1370/1796 3016/1370/1796 2986/1327/1795 2989/1327/1795
f 3017/1370/1796 3014/1370/1796 2984/1327/1795 2987/1327/1795
f 3015/1329/1796 3012/1329/1796 2982/1327/1795 2985/1327/1795
f 3011/1329/1796 2820/1329/1796 2819/1327/1795 2981/1354/1795
f 2785/1343/1803 3008/1372/1803 2978/1341/1802 2783/1341/1802
f 3009/1372/1803 3006/1372/1803 2976/1341/1802 2979/1341/1802
f 3007/1372/1803 3004/1356/1803 2974/1341/1802 2977/1341/1802
f 3005/1356/1803 3002/1356/1803 2972/1341/1802 2975/1341/1802
f 3001/1343/1803 2827/1343/1803 2826/1341/1802 2971/1341/1802
f 2755/1315/1788 2998/1315/1788 2968/1312/1787 2753/1312/1787
f 2999/1374/1788 2996/1355/1788 2966/1312/1787 2969/1312/1787
f 2997/1355/1788 2994/1315/1788 2964/1312/1787 2967/1312/1787
f 2995/1315/1788 2992/1355/1788 2962/1312/1787 2965/1312/1787
f 2991/1315/1788 2812/1315/1788 2810/1312/1787 2961/1312/1787
f 2769/1327/1795 2988/1327/1795 2958/1325/1794 2767/1325/1794
f 2989/1327/1795 2986/1327/1795 2956/1325/1794 2959/1325/1794
f 2987/1327/1795 2984/1327/1795 2954/1325/1794 2957/1325/1794
f 2985/1327/1795 2982/1327/1795 2952/1325/1794 2955/1325/1794
f 2981/1354/1795 2819/1327/1795 2818/1325/1794 2951/1325/1794
f 2783/1341/1802 2978/1341/1802 2948/1376/1801 2781/1339/1801
f 2979/1341/1802 2976/1341/1802 2946/1376/1801 2949/1376/1801
f 2977/1341/1802 2974/1341/1802 2944/1376/1801 2947/1376/1801
f 2975/1341/1802 2972/1341/1802 2942/1339/1801 2945/1339/1801
f 2777/1335/1799 2908/1335/1799 2891/1333/1798 2775/1333/1798
f 2753/1312/1787 2968/1312/1787 2888/1349/1786 2751/1311/1786
f 2969/1312/1787 2966/1312/1787 2886/1349/1786 2889/1349/1786
f 2967/1312/1787 2964/1312/1787 2884/1349/1786 2887/1349/1786
f 2965/1312/1787 2962/1312/1787 2882/1349/1786 2885/1349/1786
f 2971/1341/1802 2826/1341/1802 2825/1339/1801 2941/1339/1801
f 2767/1325/1794 2958/1325/1794 2938/1323/1793 2765/1323/1793
f 2959/1325/1794 2956/1325/1794 2936/1323/1793 2939/1323/1793
f 2957/1325/1794 2954/1325/1794 2934/1323/1793 2937/1377/1793
f 2955/1325/1794 2952/1325/1794 2932/1323/1793 2935/1323/1793
f 2951/1325/1794 2818/1325/1794 2817/1323/1793 2931/1323/1793
f 2781/1339/1801 2948/1376/1801 2928/1378/1800 2779/1337/1800
f 2949/1376/1801 2946/1376/1801 2926/1378/1800 2929/1378/1800
f 2947/1376/1801 2944/1376/1801 2924/1337/1800 2927/1378/1800
f 2945/1339/1801 2942/1339/1801 2922/1337/1800 2925/1352/1800
f 2941/1339/1801 2825/1339/1801 2824/1337/1800 2921/1337/1800
f 2765/1323/1793 2938/1323/1793 2918/1284/1792 2763/1286/1792
f 2939/1323/1793 2936/1323/1793 2916/1351/1792 2919/1351/1792
f 2937/1377/1793 2934/1323/1793 2914/1350/1792 2917/1351/1792
f 2935/1323/1793 2932/1323/1793 2912/1286/1792 2915/1379/1792
f 2931/1323/1793 2817/1323/1793 2816/1286/1792 2911/1284/1792
f 2779/1337/1800 2928/1378/1800 2908/1335/1799 2777/1335/1799
f 2929/1378/1800 2926/1378/1800 2906/1335/1799 2909/1335/1799
f 2927/1378/1800 2924/1337/1800 2904/1363/1799 2907/1335/1799
f 2925/1352/1800 2922/1337/1800 2902/1335/1799 2905/1335/1799
f 2751/1311/1786 2888/1349/1786 2871/1360/1805 2789/1347/1805
f 2763/1286/1792 2918/1284/1792 2868/1285/1791 2761/1285/1791
f 2919/1351/1792 2916/1351/1792 2866/1285/1791 2869/1285/1791
f 2917/1351/1792 2914/1350/1792 2864/1285/1791 2867/1285/1791
f 2915/1379/1792 2912/1286/1792 2862/1285/1791 2865/1285/1791
f 2775/1333/1798 2891/1333/1798 3048/1371/1797 2773/1331/1797
f 2890/1361/1798 2893/1361/1798 3046/1358/1797 3049/1358/1797
f 2892/1362/1798 2895/1361/1798 3044/1331/1797 3047/1331/1797
f 2894/1361/1798 2897/1361/1798 3042/1358/1797 3045/1358/1797
f 2896/1364/1798 2899/1333/1798 3040/1358/1797 3043/1358/1797
f 2789/1347/1805 2871/1360/1805 3038/1345/1804 2787/1345/1804
f 2870/1360/1805 2873/1365/1805 3036/1345/1804 3039/1345/1804
f 2872/1366/1805 2875/1367/1805 3034/1345/1804 3037/1345/1804
f 2874/1368/1805 2877/1360/1805 3032/1345/1804 3035/1345/1804
f 2876/1360/1805 2879/1360/1805 3030/1357/1804 3033/1345/1804
f 2759/1319/1790 2851/1359/1790 3028/1373/1789 2757/1317/1789
f 2850/1359/1790 2853/1369/1790 3026/1317/1789 3029/1317/1789
f 2852/1369/1790 2855/1359/1790 3024/1375/1789 3027/1317/1789
f 2854/1359/1790 2857/1359/1790 3022/1317/1789 3025/1317/1789
f 2856/1359/1790 2859/1359/1790 3020/1317/1789 3023/1317/1789
f 3596/1325/1548 3594/1325/1548 3364/1327/1548 3362/1327/1548
f 2854/1359/1807 3448/1359/1807 3741/1285/1807 2865/1285/1807
f 3732/1285/1548 3731/1285/1548 3691/1351/1548 3692/1351/1548
f 3018/1370/1806 3429/1370/1806 3369/1327/1806 2988/1327/1806
f 2916/1351/1806 3694/1351/1806 3734/1285/1806 2866/1285/1806
f 3027/1317/1807 3458/1317/1807 3456/1369/1807 2852/1369/1807
f 3367/1327/1548 3368/1327/1548 3428/1370/1548 3426/1370/1548
f 3728/1335/1548 3727/1335/1548 3687/1352/1548 3688/1352/1548
f 2852/1369/1807 3456/1369/1807 3737/1285/1807 2867/1285/1807
f 3020/1317/1806 3437/1317/1806 3373/1380/1806 2990/1315/1806
f 2918/1284/1806 3690/1350/1806 3730/1285/1806 2868/1285/1806
f 2990/1315/1806 3373/1380/1806 3587/1381/1806 2960/1353/1806
f 3029/1317/1807 3467/1317/1807 3464/1359/1807 2850/1359/1807
f 2903/1335/1807 3725/1335/1807 3685/1378/1807 2923/1337/1807
f 3022/1317/1806 3444/1317/1806 3377/1355/1806 2992/1355/1806
f 2920/1352/1806 3686/1352/1806 3726/1382/1806 2900/1335/1806
f 2850/1359/1807 3464/1359/1807 3733/1285/1807 2869/1285/1807
f 2993/1355/1807 3375/1355/1807 3442/1383/1807 3023/1317/1807
f 2905/1335/1807 3721/1335/1807 3681/1378/1807 2925/1352/1807
f 3031/1345/1807 3475/1345/1807 3472/1360/1807 2878/1360/1807
f 2997/1355/1807 3383/1355/1807 3458/1317/1807 3027/1317/1807
f 3724/1335/1548 3723/1335/1548 3683/1352/1548 3684/1352/1548
f 3379/1315/1548 3381/1315/1548 3452/1317/1548 3450/1317/1548
f 2878/1360/1807 3472/1360/1807 3649/1349/1807 2881/1349/1807
f 2907/1335/1807 3717/1335/1807 3677/1378/1807 2927/1378/1807
f 3026/1317/1806 3460/1317/1806 3385/1355/1806 2996/1355/1806
f 3720/1335/1548 3719/1335/1548 3679/1337/1548 3680/1337/1548
f 3033/1345/1807 3482/1345/1807 3480/1360/1807 2876/1360/1807
f 2996/1355/1806 3385/1355/1806 3574/1381/1806 2966/1312/1806
f 2909/1335/1807 3713/1335/1807 3673/1378/1807 2929/1378/1807
f 2876/1360/1807 3480/1360/1807 3645/1349/1807 2883/1349/1807
f 3028/1373/1806 3468/1373/1806 3389/1355/1806 2998/1315/1806
f 3716/1335/1548 3715/1335/1548 3675/1378/1548 3676/1378/1548
f 2998/1315/1806 3389/1355/1806 3571/1381/1806 2968/1312/1806
f 3035/1345/1807 3490/1345/1807 3488/1360/1807 2874/1368/1807
f 2911/1284/1807 3709/1351/1807 3669/1323/1807 2931/1323/1807
f 3003/1356/1807 3395/1343/1807 3482/1345/1807 3033/1345/1807
f 3712/1335/1548 3711/1335/1548 3671/1378/1548 3672/1378/1548
f 2874/1368/1807 3488/1360/1807 3641/1349/1807 2885/1349/1807
f 3030/1357/1806 3477/1357/1806 3392/1343/1806 3000/1343/1806
f 2913/1350/1807 3705/1350/1807 3665/1323/1807 2933/1323/1807
f 3037/1345/1807 3499/1345/1807 3496/1384/1807 2872/1366/1807
f 3032/1345/1806 3484/1345/1806 3397/1356/1806 3002/1356/1806
f 3708/1351/1548 3707/1351/1548 3667/1323/1548 3668/1323/1548
f 3002/1356/1806 3397/1356/1806 3563/1385/1806 2972/1341/1806
f 2872/1366/1807 3496/1384/1807 3637/1349/1807 2887/1349/1807
f 2915/1379/1807 3701/1379/1807 3661/1323/1807 2935/1323/1807
f 3557/1341/1548 3554/1341/1548 3405/1386/1548 3403/1386/1548
f 3704/1350/1548 3703/1350/1548 3663/1323/1548 3664/1323/1548
f 3039/1345/1807 3506/1345/1807 3504/1360/1807 2870/1360/1807
f 3399/1356/1548 3401/1356/1548 3492/1345/1548 3491/1345/1548
f 2917/1351/1807 3697/1351/1807 3657/1323/1807 2937/1377/1807
f 2870/1360/1807 3504/1360/1807 3633/1349/1807 2889/1349/1807
f 3009/1372/1807 3407/1372/1807 3506/1345/1807 3039/1345/1807
f 3700/1387/1548 3699/1387/1548 3659/1323/1548 3660/1323/1548
f 3036/1345/1806 3501/1345/1806 3404/1372/1806 3006/1372/1806
f 2900/1335/1806 3726/1382/1806 3511/1333/1806 2899/1333/1806
f 2919/1351/1807 3693/1351/1807 3653/1323/1807 2939/1323/1807
f 3038/1345/1806 3508/1345/1806 3409/1372/1806 3008/1372/1806
f 3696/1351/1548 3695/1351/1548 3655/1323/1548 3656/1323/1548
f 2898/1333/1807 3512/1333/1807 3729/1382/1807 2901/1335/1807
f 3008/1372/1806 3409/1372/1806 3551/1385/1806 2978/1341/1806
f 2921/1337/1807 3689/1352/1807 3629/1376/1807 2941/1339/1807
f 2902/1335/1806 3722/1335/1806 3519/1361/1806 2897/1361/1806
f 3354/1327/1548 3356/1327/1548 3416/1329/1548 3415/1329/1548
f 3692/1351/1548 3691/1351/1548 3651/1323/1548 3652/1323/1548
f 2980/1354/1806 3353/1354/1806 3607/1388/1806 2950/1325/1806
f 2896/1364/1807 3520/1364/1807 3725/1335/1807 2903/1335/1807
f 2923/1337/1807 3685/1378/1807 3625/1376/1807 2943/1339/1807
f 3601/1325/1548 3598/1325/1548 3360/1327/1548 3359/1327/1548
f 3688/1352/1548 3687/1352/1548 3627/1376/1548 3628/1376/1548
f 2904/1363/1806 3718/1363/1806 3527/1361/1806 2895/1361/1806
f 2982/1327/1806 3357/1327/1806 3603/1325/1806 2952/1325/1806
f 2925/1352/1807 3681/1378/1807 3620/1376/1807 2945/1339/1807
f 2894/1361/1807 3528/1361/1807 3721/1335/1807 2905/1335/1807
f 3362/1327/1548 3364/1327/1548 3425/1370/1548 3423/1370/1548
f 3684/1352/1548 3683/1352/1548 3623/1339/1548 3624/1339/1548
f 2984/1327/1806 3361/1327/1806 3599/1325/1806 2954/1325/1806
f 2906/1335/1806 3714/1335/1806 3535/1361/1806 2893/1361/1806
f 2927/1378/1807 3677/1378/1807 3617/1376/1807 2947/1376/1807
f 3593/1325/1548 3591/1325/1548 3368/1327/1548 3367/1327/1548
f 3680/1337/1548 3679/1337/1548 3618/1339/1548 3621/1339/1548
f 2892/1362/1807 3536/1362/1807 3717/1335/1807 2907/1335/1807
f 2986/1327/1806 3365/1327/1806 3595/1325/1806 2956/1325/1806
f 2929/1378/1807 3673/1378/1807 3612/1376/1807 2949/1376/1807
f 2908/1335/1806 3710/1335/1806 3543/1333/1806 2891/1333/1806
f 3588/1312/1548 3586/1312/1548 3372/1355/1548 3371/1355/1548
f 3676/1378/1548 3675/1378/1548 3614/1376/1548 3616/1376/1548
f 2988/1327/1806 3369/1327/1806 3590/1325/1806 2958/1325/1806
f 2890/1361/1807 3544/1361/1807 3713/1335/1807 2909/1335/1807
f 2931/1323/1807 3669/1323/1807 3609/1388/1807 2951/1325/1807
f 3374/1355/1548 3376/1355/1548 3445/1317/1548 3443/1317/1548
f 3672/1378/1548 3671/1378/1548 3611/1376/1548 3613/1376/1548
f 2961/1312/1807 3589/1353/1807 3370/1380/1807 2991/1315/1807
f 2933/1323/1807 3665/1323/1807 3605/1325/1807 2953/1325/1807
f 3580/1312/1548 3578/1312/1548 3381/1315/1548 3379/1315/1548
f 3668/1323/1548 3667/1323/1548 3606/1325/1548 3608/1325/1548
f 2992/1355/1806 3377/1355/1806 3583/1381/1806 2962/1312/1806
f 2935/1323/1807 3661/1323/1807 3600/1325/1807 2955/1325/1807
f 2994/1315/1806 3380/1355/1806 3579/1381/1806 2964/1312/1806
f 2761/1285/1791 2868/1285/1791 2851/1359/1790 2759/1319/1790
f 2893/1361/1806 3535/1361/1806 3541/1358/1806 3046/1358/1806
f 3529/1361/1548 3526/1361/1548 3719/1335/1548 3720/1335/1548
f 3521/1389/1548 3518/1389/1548 3723/1335/1548 3724/1335/1548
f 3513/1333/1548 3510/1333/1548 3727/1335/1548 3728/1335/1548
f 3505/1360/1548 3502/1360/1548 3631/1349/1548 3632/1349/1548
f 3497/1366/1548 3494/1366/1548 3635/1349/1548 3636/1349/1548
f 2884/1349/1806 3638/1349/1806 3487/1384/1806 2875/1367/1806
f 2882/1349/1806 3642/1349/1806 3479/1360/1806 2877/1360/1806
f 3473/1360/1548 3470/1360/1548 3647/1349/1548 3648/1349/1548
f 3465/1359/1548 3462/1359/1548 3731/1285/1548 3732/1285/1548
f 3457/1369/1548 3454/1369/1548 3735/1285/1548 3736/1285/1548
f 2864/1285/1806 3738/1285/1806 3447/1359/1806 2855/1359/1806
f 2862/1285/1806 3742/1285/1806 3439/1359/1806 2857/1359/1806
f 2860/1285/1806 3746/1285/1806 3431/1359/1806 2859/1359/1806
f 3048/1371/1806 3548/1371/1806 3429/1370/1806 3018/1370/1806
f 3017/1370/1807 3422/1370/1807 3539/1358/1807 3047/1331/1807
f 3044/1331/1806 3532/1331/1806 3421/1370/1806 3014/1370/1806
f 3013/1329/1807 3414/1329/1807 3523/1358/1807 3043/1358/1807
f 3011/1329/1807 3410/1329/1807 3515/1358/1807 3041/1358/1807
f 3553/1341/1548 3550/1341/1548 3408/1386/1548 3406/1386/1548
f 3007/1372/1807 3402/1372/1807 3499/1345/1807 3037/1345/1807
f 3034/1345/1806 3493/1345/1806 3400/1356/1806 3004/1356/1806
f 3565/1341/1548 3562/1341/1548 3396/1356/1548 3394/1356/1548
f 3001/1343/1807 3390/1343/1807 3475/1345/1807 3031/1345/1807
f 3573/1312/1548 3570/1312/1548 3388/1355/1548 3386/1355/1548
f 3577/1312/1548 3575/1312/1548 3384/1355/1548 3382/1355/1548
f 2995/1315/1807 3378/1315/1807 3451/1383/1807 3025/1317/1807
f 3585/1312/1548 3582/1312/1548 3376/1355/1548 3374/1355/1548
f 2991/1315/1807 3370/1380/1807 3435/1383/1807 3021/1317/1807
f 2989/1327/1807 3366/1327/1807 3427/1370/1807 3019/1370/1807
f 2957/1325/1807 3597/1325/1807 3363/1327/1807 2987/1327/1807
f 2985/1327/1807 3358/1327/1807 3419/1370/1807 3015/1329/1807
f 2953/1325/1807 3605/1325/1807 3355/1327/1807 2983/1327/1807
f 2951/1325/1807 3609/1388/1807 3351/1327/1807 2981/1354/1807
f 2979/1341/1807 3552/1341/1807 3407/1372/1807 3009/1372/1807
f 3403/1386/1548 3405/1386/1548 3500/1345/1548 3498/1345/1548
f 3005/1356/1807 3398/1356/1807 3490/1345/1807 3035/1345/1807
f 2973/1341/1807 3564/1341/1807 3395/1343/1807 3003/1356/1807
f 3391/1343/1548 3393/1343/1548 3476/1345/1548 3474/1345/1548
f 2969/1312/1807 3572/1312/1807 3387/1355/1807 2999/1374/1807
f 2967/1312/1807 3576/1312/1807 3383/1355/1807 2997/1355/1807
f 2965/1312/1807 3581/1312/1807 3378/1315/1807 2995/1315/1807
f 2963/1312/1807 3584/1312/1807 3375/1355/1807 2993/1355/1807
f 3371/1355/1548 3372/1355/1548 3436/1317/1548 3434/1317/1548
f 2959/1325/1807 3592/1325/1807 3366/1327/1807 2989/1327/1807
f 2987/1327/1807 3363/1327/1807 3422/1370/1807 3017/1370/1807
f 2955/1325/1807 3600/1325/1807 3358/1327/1807 2985/1327/1807
f 2983/1327/1807 3355/1327/1807 3414/1329/1807 3013/1329/1807
f 2981/1354/1807 3351/1327/1807 3410/1329/1807 3011/1329/1807
f 2949/1376/1807 3612/1376/1807 3552/1341/1807 2979/1341/1807
f 2947/1376/1807 3617/1376/1807 3556/1385/1807 2977/1341/1807
f 2945/1339/1807 3620/1376/1807 3561/1385/1807 2975/1341/1807
f 2972/1341/1806 3563/1385/1806 3622/1376/1806 2942/1339/1806
f 2941/1339/1807 3629/1376/1807 3569/1385/1807 2971/1341/1807
f 2889/1349/1807 3633/1349/1807 3572/1312/1807 2969/1312/1807
f 2887/1349/1807 3637/1349/1807 3576/1312/1807 2967/1312/1807
f 2885/1349/1807 3641/1349/1807 3581/1312/1807 2965/1312/1807
f 2883/1349/1807 3645/1349/1807 3584/1312/1807 2963/1312/1807
f 2881/1349/1807 3649/1349/1807 3589/1353/1807 2961/1312/1807
f 2939/1323/1807 3653/1323/1807 3592/1325/1807 2959/1325/1807
f 2937/1377/1807 3657/1323/1807 3597/1325/1807 2957/1325/1807
f 2954/1325/1806 3599/1325/1806 3658/1323/1806 2934/1323/1806
f 2952/1325/1806 3603/1325/1806 3662/1323/1806 2932/1323/1806
f 2950/1325/1806 3607/1388/1806 3666/1323/1806 2930/1323/1806
f 2948/1376/1806 3610/1376/1806 3670/1378/1806 2928/1378/1806
f 2946/1376/1806 3615/1376/1806 3674/1378/1806 2926/1378/1806
f 2944/1376/1806 3619/1339/1806 3678/1378/1806 2924/1337/1806
f 2942/1339/1806 3622/1376/1806 3682/1378/1806 2922/1337/1806
f 2940/1339/1806 3626/1339/1806 3686/1352/1806 2920/1352/1806
f 2938/1323/1806 3650/1323/1806 3690/1350/1806 2918/1284/1806
f 2936/1323/1806 3654/1323/1806 3694/1351/1806 2916/1351/1806
f 2934/1323/1806 3658/1323/1806 3698/1350/1806 2914/1350/1806
f 2932/1323/1806 3662/1323/1806 3702/1350/1806 2912/1286/1806
f 2930/1323/1806 3666/1323/1806 3706/1351/1806 2910/1351/1806
f 2928/1378/1806 3670/1378/1806 3710/1335/1806 2908/1335/1806
f 2926/1378/1806 3674/1378/1806 3714/1335/1806 2906/1335/1806
f 2924/1337/1806 3678/1378/1806 3718/1363/1806 2904/1363/1806
f 2922/1337/1806 3682/1378/1806 3722/1335/1806 2902/1335/1806
f 2901/1335/1807 3729/1382/1807 3689/1352/1807 2921/1337/1807
f 2869/1285/1807 3733/1285/1807 3693/1351/1807 2919/1351/1807
f 2867/1285/1807 3737/1285/1807 3697/1351/1807 2917/1351/1807
f 2914/1350/1806 3698/1350/1806 3738/1285/1806 2864/1285/1806
f 2912/1286/1806 3702/1350/1806 3742/1285/1806 2862/1285/1806
f 2910/1351/1806 3706/1351/1806 3746/1285/1806 2860/1285/1806
f 3049/1358/1807 3546/1358/1807 3544/1361/1807 2890/1361/1807
f 3538/1358/1548 3540/1358/1548 3534/1361/1548 3537/1361/1548
f 2895/1361/1806 3527/1361/1806 3532/1331/1806 3044/1331/1806
f 2897/1361/1806 3519/1361/1806 3525/1358/1806 3042/1358/1806
f 2899/1333/1806 3511/1333/1806 3517/1358/1806 3040/1358/1806
f 2888/1349/1806 3630/1349/1806 3503/1360/1806 2871/1360/1806
f 2886/1349/1806 3634/1349/1806 3495/1360/1806 2873/1365/1806
f 3491/1345/1548 3492/1345/1548 3486/1366/1548 3489/1366/1548
f 3483/1345/1548 3485/1345/1548 3478/1360/1548 3481/1360/1548
f 2880/1349/1806 3646/1349/1806 3471/1360/1806 2879/1360/1806
f 2868/1285/1806 3730/1285/1806 3463/1359/1806 2851/1359/1806
f 2866/1285/1806 3734/1285/1806 3455/1369/1806 2853/1369/1806
f 3450/1317/1548 3452/1317/1548 3446/1359/1548 3449/1359/1548
f 3443/1317/1548 3445/1317/1548 3438/1359/1548 3441/1359/1548
f 3434/1317/1548 3436/1317/1548 3430/1359/1548 3433/1359/1548
f 3740/1285/1548 3739/1285/1548 3699/1387/1548 3700/1387/1548
f 3016/1370/1806 3424/1370/1806 3365/1327/1806 2986/1327/1806
f 3025/1317/1807 3451/1383/1807 3448/1359/1807 2854/1359/1807
f 3736/1285/1548 3735/1285/1548 3695/1351/1548 3696/1351/1548
f 3359/1327/1548 3360/1327/1548 3420/1329/1548 3418/1329/1548
f 2856/1359/1807 3440/1359/1807 3745/1285/1807 2863/1285/1807
f 3744/1285/1548 3743/1285/1548 3703/1350/1548 3704/1350/1548
f 3014/1370/1806 3421/1370/1806 3361/1327/1806 2984/1327/1806
f 2865/1285/1807 3741/1285/1807 3701/1379/1807 2915/1379/1807
f 3023/1317/1807 3442/1383/1807 3440/1359/1807 2856/1359/1807
f 3604/1325/1548 3602/1325/1548 3356/1327/1548 3354/1327/1548
f 3748/1285/1548 3747/1285/1548 3707/1351/1548 3708/1351/1548
f 3012/1329/1806 3417/1329/1806 3357/1327/1806 2982/1327/1806
f 2858/1359/1807 3432/1359/1807 3749/1285/1807 2861/1285/1807
f 2863/1285/1807 3745/1285/1807 3705/1350/1807 2913/1350/1807
f 3608/1325/1548 3606/1325/1548 3352/1327/1548 3350/1327/1548
f 3021/1317/1807 3435/1383/1807 3432/1359/1807 2858/1359/1807
f 3010/1329/1806 3412/1329/1806 3353/1354/1806 2980/1354/1806
f 2861/1285/1807 3749/1285/1807 3709/1351/1807 2911/1284/1807
f 3426/1370/1548 3428/1370/1548 3549/1371/1548 3547/1371/1548
f 2978/1341/1806 3551/1385/1806 3610/1376/1806 2948/1376/1806
f 2976/1341/1806 3555/1341/1806 3615/1376/1806 2946/1376/1806
f 3433/1359/1548 3430/1359/1548 3747/1285/1548 3748/1285/1548
f 3547/1371/1548 3549/1371/1548 3542/1361/1548 3545/1361/1548
f 3613/1376/1548 3611/1376/1548 3550/1341/1548 3553/1341/1548
f 2891/1333/1806 3543/1333/1806 3548/1371/1806 3048/1371/1806
f 3046/1358/1806 3541/1358/1806 3424/1370/1806 3016/1370/1806
f 3047/1331/1807 3539/1358/1807 3536/1362/1807 2892/1362/1807
f 2974/1341/1806 3559/1341/1806 3619/1339/1806 2944/1376/1806
f 3019/1370/1807 3427/1370/1807 3546/1358/1807 3049/1358/1807
f 3537/1361/1548 3534/1361/1548 3715/1335/1548 3716/1335/1548
f 3616/1376/1548 3614/1376/1548 3554/1341/1548 3557/1341/1548
f 3045/1358/1807 3530/1331/1807 3528/1361/1807 2894/1361/1807
f 3418/1329/1548 3420/1329/1548 3533/1358/1548 3531/1358/1548
f 3531/1358/1548 3533/1358/1548 3526/1361/1548 3529/1361/1548
f 3624/1339/1548 3623/1339/1548 3562/1341/1548 3565/1341/1548
f 3423/1370/1548 3425/1370/1548 3540/1358/1548 3538/1358/1548
f 3043/1358/1807 3523/1358/1807 3520/1364/1807 2896/1364/1807
f 3621/1339/1548 3618/1339/1548 3558/1341/1548 3560/1341/1548
f 3522/1358/1548 3524/1358/1548 3518/1389/1548 3521/1389/1548
f 3042/1358/1806 3525/1358/1806 3417/1329/1806 3012/1329/1806
f 3041/1358/1807 3515/1358/1807 3512/1333/1807 2898/1333/1807
f 2970/1341/1806 3567/1341/1806 3626/1339/1806 2940/1339/1806
f 3015/1329/1807 3419/1370/1807 3530/1331/1807 3045/1358/1807
f 3514/1358/1548 3516/1358/1548 3510/1333/1548 3513/1333/1548
f 2943/1339/1807 3625/1376/1807 3564/1341/1807 2973/1341/1807
f 2871/1360/1806 3503/1360/1806 3508/1345/1806 3038/1345/1806
f 3040/1358/1806 3517/1358/1806 3412/1329/1806 3010/1329/1806
f 3507/1345/1548 3509/1345/1548 3502/1360/1548 3505/1360/1548
f 2968/1312/1806 3571/1381/1806 3630/1349/1806 2888/1349/1806
f 3415/1329/1548 3416/1329/1548 3524/1358/1548 3522/1358/1548
f 2873/1365/1806 3495/1360/1806 3501/1345/1806 3036/1345/1806
f 3628/1376/1548 3627/1376/1548 3566/1390/1548 3568/1390/1548
f 3498/1345/1548 3500/1345/1548 3494/1366/1548 3497/1366/1548
f 3406/1386/1548 3408/1386/1548 3509/1345/1548 3507/1345/1548
f 2875/1367/1806 3487/1384/1806 3493/1345/1806 3034/1345/1806
f 2966/1312/1806 3574/1381/1806 3634/1349/1806 2886/1349/1806
f 3411/1329/1548 3413/1329/1548 3516/1358/1548 3514/1358/1548
f 3489/1366/1548 3486/1366/1548 3639/1349/1548 3640/1349/1548
f 3632/1349/1548 3631/1349/1548 3570/1312/1548 3573/1312/1548
f 2877/1360/1806 3479/1360/1806 3484/1345/1806 3032/1345/1806
f 2977/1341/1807 3556/1385/1807 3402/1372/1807 3007/1372/1807
f 3481/1360/1548 3478/1360/1548 3643/1349/1548 3644/1349/1548
f 2964/1312/1806 3579/1381/1806 3638/1349/1806 2884/1349/1806
f 3006/1372/1806 3404/1372/1806 3555/1341/1806 2976/1341/1806
f 2879/1360/1806 3471/1360/1806 3477/1357/1806 3030/1357/1806
f 3636/1349/1548 3635/1349/1548 3575/1312/1548 3577/1312/1548
f 3474/1345/1548 3476/1345/1548 3470/1360/1548 3473/1360/1548
f 2975/1341/1807 3561/1385/1807 3398/1356/1807 3005/1356/1807
f 2851/1359/1806 3463/1359/1806 3468/1373/1806 3028/1373/1806
f 2962/1312/1806 3583/1381/1806 3642/1349/1806 2882/1349/1806
f 3004/1356/1806 3400/1356/1806 3559/1341/1806 2974/1341/1806
f 3466/1317/1548 3469/1317/1548 3462/1359/1548 3465/1359/1548
f 3640/1349/1548 3639/1349/1548 3578/1312/1548 3580/1312/1548
f 2853/1369/1806 3455/1369/1806 3460/1317/1806 3026/1317/1806
f 3394/1356/1548 3396/1356/1548 3485/1345/1548 3483/1345/1548
f 3459/1317/1548 3461/1317/1548 3454/1369/1548 3457/1369/1548
f 2960/1353/1806 3587/1381/1806 3646/1349/1806 2880/1349/1806
f 3560/1341/1548 3558/1341/1548 3401/1356/1548 3399/1356/1548
f 2855/1359/1806 3447/1359/1806 3453/1383/1806 3024/1375/1806
f 3644/1349/1548 3643/1349/1548 3582/1312/1548 3585/1312/1548
f 3449/1359/1548 3446/1359/1548 3739/1285/1548 3740/1285/1548
f 2971/1341/1807 3569/1385/1807 3390/1343/1807 3001/1343/1807
f 2857/1359/1806 3439/1359/1806 3444/1317/1806 3022/1317/1806
f 2958/1325/1806 3590/1325/1806 3650/1323/1806 2938/1323/1806
f 3000/1343/1806 3392/1343/1806 3567/1341/1806 2970/1341/1806
f 3441/1359/1548 3438/1359/1548 3743/1285/1548 3744/1285/1548
f 3648/1349/1548 3647/1349/1548 3586/1312/1548 3588/1312/1548
f 2859/1359/1806 3431/1359/1806 3437/1317/1806 3020/1317/1806
f 3386/1355/1548 3388/1355/1548 3469/1317/1548 3466/1317/1548
f 2956/1325/1806 3595/1325/1806 3654/1323/1806 2936/1323/1806
f 3568/1390/1548 3566/1390/1548 3393/1343/1548 3391/1343/1548
f 3652/1323/1548 3651/1323/1548 3591/1325/1548 3593/1325/1548
f 3382/1355/1548 3384/1355/1548 3461/1317/1548 3459/1317/1548
f 3660/1323/1548 3659/1323/1548 3598/1325/1548 3601/1325/1548
f 2999/1374/1807 3387/1355/1807 3467/1317/1807 3029/1317/1807
f 3656/1323/1548 3655/1323/1548 3594/1325/1548 3596/1325/1548
f 3024/1375/1806 3453/1383/1806 3380/1355/1806 2994/1315/1806
f 3664/1323/1548 3663/1323/1548 3602/1325/1548 3604/1325/1548
f 3059/1327/1806 3079/1327/1806 3078/1325/1806 3058/1325/1806
f 3076/1286/1792 3096/1286/1792 3095/1285/1791 3075/1285/1791
f 3052/1315/1806 3072/1315/1806 3070/1312/1806 3050/1312/1806
f 3067/1343/1806 3087/1343/1806 3086/1341/1806 3066/1341/1806
f 3060/1329/1806 3080/1329/1806 3079/1327/1806 3059/1327/1806
f 3053/1317/1806 3073/1317/1806 3072/1315/1806 3052/1315/1806
f 3068/1345/1806 3088/1345/1806 3087/1343/1806 3067/1343/1806
f 3061/1331/1806 3081/1331/1806 3080/1329/1806 3060/1329/1806
f 3054/1319/1806 3074/1319/1806 3073/1317/1806 3053/1317/1806
f 3069/1347/1806 3089/1347/1806 3088/1345/1806 3068/1345/1806
f 3062/1333/1806 3082/1333/1806 3081/1331/1806 3061/1331/1806
f 3055/1285/1806 3075/1285/1806 3074/1319/1806 3054/1319/1806
f 3051/1311/1806 3071/1311/1806 3089/1347/1806 3069/1347/1806
f 3063/1335/1806 3083/1335/1806 3082/1333/1806 3062/1333/1806
f 3056/1286/1806 3076/1286/1806 3075/1285/1806 3055/1285/1806
f 3064/1337/1806 3084/1337/1806 3083/1335/1806 3063/1335/1806
f 3057/1323/1806 3077/1323/1806 3076/1286/1806 3056/1286/1806
f 3065/1339/1806 3085/1339/1806 3084/1337/1806 3064/1337/1806
f 3058/1325/1806 3078/1325/1806 3077/1323/1806 3057/1323/1806
f 3050/1312/1806 3070/1312/1806 3071/1311/1806 3051/1311/1806
f 3066/1341/1806 3086/1341/1806 3085/1339/1806 3065/1339/1806
f 3093/1317/1807 3113/1317/1807 3112/1315/1807 3092/1315/1807
f 3084/1337/1800 3104/1337/1800 3103/1335/1799 3083/1335/1799
f 3077/1323/1793 3097/1323/1793 3096/1286/1792 3076/1286/1792
f 3085/1339/1801 3105/1339/1801 3104/1337/1800 3084/1337/1800
f 3078/1325/1794 3098/1325/1794 3097/1323/1793 3077/1323/1793
f 3070/1312/1787 3090/1312/1787 3091/1311/1786 3071/1311/1786
f 3086/1341/1802 3106/1341/1802 3105/1339/1801 3085/1339/1801
f 3079/1327/1795 3099/1327/1795 3098/1325/1794 3078/1325/1794
f 3072/1315/1788 3092/1315/1788 3090/1312/1787 3070/1312/1787
f 3087/1343/1803 3107/1343/1803 3106/1341/1802 3086/1341/1802
f 3080/1329/1796 3100/1329/1796 3099/1327/1795 3079/1327/1795
f 3073/1317/1789 3093/1317/1789 3092/1315/1788 3072/1315/1788
f 3088/1345/1804 3108/1345/1804 3107/1343/1803 3087/1343/1803
f 3081/1331/1797 3101/1331/1797 3100/1329/1796 3080/1329/1796
f 3074/1319/1790 3094/1319/1790 3093/1317/1789 3073/1317/1789
f 3089/1347/1805 3109/1347/1805 3108/1345/1804 3088/1345/1804
f 3082/1333/1798 3102/1333/1798 3101/1331/1797 3081/1331/1797
f 3075/1285/1791 3095/1285/1791 3094/1319/1790 3074/1319/1790
f 3071/1311/1786 3091/1311/1786 3109/1347/1805 3089/1347/1805
f 3083/1335/1799 3103/1335/1799 3102/1333/1798 3082/1333/1798
f 3125/1339/1801 3145/1339/1801 3144/1337/1800 3124/1337/1800
f 3108/1345/1807 3128/1345/1807 3127/1343/1807 3107/1343/1807
f 3101/1331/1807 3121/1331/1807 3120/1329/1807 3100/1329/1807
f 3094/1319/1807 3114/1319/1807 3113/1317/1807 3093/1317/1807
f 3109/1347/1807 3129/1347/1807 3128/1345/1807 3108/1345/1807
f 3102/1333/1807 3122/1333/1807 3121/1331/1807 3101/1331/1807
f 3095/1285/1807 3115/1285/1807 3114/1319/1807 3094/1319/1807
f 3091/1311/1807 3111/1311/1807 3129/1347/1807 3109/1347/1807
f 3103/1335/1807 3123/1335/1807 3122/1333/1807 3102/1333/1807
f 3096/1286/1807 3116/1286/1807 3115/1285/1807 3095/1285/1807
f 3104/1337/1807 3124/1337/1807 3123/1335/1807 3103/1335/1807
f 3097/1323/1807 3117/1323/1807 3116/1286/1807 3096/1286/1807
f 3105/1339/1807 3125/1339/1807 3124/1337/1807 3104/1337/1807
f 3098/1325/1807 3118/1325/1807 3117/1323/1807 3097/1323/1807
f 3090/1312/1807 3110/1312/1807 3111/1311/1807 3091/1311/1807
f 3106/1341/1807 3126/1341/1807 3125/1339/1807 3105/1339/1807
f 3099/1327/1807 3119/1327/1807 3118/1325/1807 3098/1325/1807
f 3092/1315/1807 3112/1315/1807 3110/1312/1807 3090/1312/1807
f 3107/1343/1807 3127/1343/1807 3126/1341/1807 3106/1341/1807
f 3100/1329/1807 3120/1329/1807 3119/1327/1807 3099/1327/1807
f 3149/1347/1806 3169/1347/1806 3168/1345/1806 3148/1345/1806
f 3118/1325/1794 3138/1325/1794 3137/1323/1808 3117/1323/1808
f 3110/1312/1809 3130/1312/1809 3131/1311/1786 3111/1311/1786
f 3126/1341/1802 3146/1341/1802 3145/1339/1801 3125/1339/1801
f 3119/1327/1795 3139/1327/1795 3138/1325/1794 3118/1325/1794
f 3112/1315/1788 3132/1315/1788 3130/1312/1809 3110/1312/1809
f 3127/1343/1803 3147/1343/1803 3146/1341/1802 3126/1341/1802
f 3120/1329/1796 3140/1329/1796 3139/1327/1795 3119/1327/1795
f 3113/1317/1789 3133/1317/1789 3132/1315/1788 3112/1315/1788
f 3128/1345/1804 3148/1345/1804 3147/1343/1803 3127/1343/1803
f 3121/1331/1797 3141/1331/1797 3140/1329/1796 3120/1329/1796
f 3114/1319/1790 3134/1319/1790 3133/1317/1789 3113/1317/1789
f 3129/1347/1805 3149/1347/1805 3148/1345/1804 3128/1345/1804
f 3122/1333/1798 3142/1333/1798 3141/1331/1797 3121/1331/1797
f 3115/1285/1791 3135/1285/1791 3134/1319/1790 3114/1319/1790
f 3111/1311/1786 3131/1311/1786 3149/1347/1805 3129/1347/1805
f 3123/1335/1810 3143/1335/1810 3142/1333/1798 3122/1333/1798
f 3116/1286/1792 3136/1286/1792 3135/1285/1791 3115/1285/1791
f 3124/1337/1800 3144/1337/1800 3143/1335/1810 3123/1335/1810
f 3117/1323/1808 3137/1323/1808 3136/1286/1792 3116/1286/1792
f 3167/1343/1803 3324/1372/1811 3315/1341/1812 3166/1341/1802
f 3142/1333/1806 3162/1333/1806 3161/1331/1806 3141/1331/1806
f 3135/1285/1806 3155/1285/1806 3154/1319/1806 3134/1319/1806
f 3131/1311/1806 3151/1311/1806 3169/1347/1806 3149/1347/1806
f 3143/1335/1806 3163/1335/1806 3162/1333/1806 3142/1333/1806
f 3136/1286/1806 3156/1286/1806 3155/1285/1806 3135/1285/1806
f 3144/1337/1806 3164/1337/1806 3163/1335/1806 3143/1335/1806
f 3137/1323/1806 3157/1323/1806 3156/1286/1806 3136/1286/1806
f 3145/1339/1806 3165/1339/1806 3164/1337/1806 3144/1337/1806
f 3138/1325/1806 3158/1325/1806 3157/1323/1806 3137/1323/1806
f 3130/1312/1806 3150/1312/1806 3151/1311/1806 3131/1311/1806
f 3146/1341/1806 3166/1341/1806 3165/1339/1806 3145/1339/1806
f 3139/1327/1806 3159/1327/1806 3158/1325/1806 3138/1325/1806
f 3132/1315/1806 3152/1315/1806 3150/1312/1806 3130/1312/1806
f 3147/1343/1806 3167/1343/1806 3166/1341/1806 3146/1341/1806
f 3140/1329/1806 3160/1329/1806 3159/1327/1806 3139/1327/1806
f 3133/1317/1806 3153/1317/1806 3152/1315/1806 3132/1315/1806
f 3148/1345/1806 3168/1345/1806 3167/1343/1806 3147/1343/1806
f 3141/1331/1806 3161/1331/1806 3160/1329/1806 3140/1329/1806
f 3134/1319/1806 3154/1319/1806 3153/1317/1806 3133/1317/1806
f 3152/1315/1788 3189/1315/1813 3171/1312/1814 3150/1312/1787
f 3160/1329/1796 3261/1329/1815 3252/1327/1816 3159/1327/1795
f 3151/1311/1786 3179/1349/1817 3342/1347/1818 3169/1347/1805
f 3168/1345/1804 3333/1345/1819 3324/1372/1811 3167/1343/1803
f 3161/1331/1797 3270/1358/1820 3261/1329/1815 3160/1329/1796
f 3154/1319/1790 3207/1319/1821 3198/1383/1822 3153/1317/1789
f 3169/1347/1805 3342/1347/1818 3333/1345/1819 3168/1345/1804
f 3162/1333/1798 3279/1333/1823 3270/1358/1820 3161/1331/1797
f 3155/1285/1791 3216/1285/1824 3207/1319/1821 3154/1319/1790
f 3163/1335/1799 3288/1335/1825 3279/1333/1823 3162/1333/1798
f 3156/1286/1792 3225/1350/1826 3216/1285/1824 3155/1285/1791
f 3153/1317/1789 3198/1383/1822 3189/1315/1813 3152/1315/1788
f 3164/1337/1800 3297/1337/1827 3288/1335/1825 3163/1335/1799
f 3157/1323/1808 3234/1323/1828 3225/1350/1826 3156/1286/1792
f 3165/1339/1801 3306/1391/1829 3297/1337/1827 3164/1337/1800
f 3158/1325/1794 3243/1325/1830 3234/1323/1828 3157/1323/1808
f 3166/1341/1802 3315/1341/1812 3306/1391/1829 3165/1339/1801
f 3159/1327/1795 3252/1327/1816 3243/1325/1830 3158/1325/1794
f 3170/1392/1831 3188/1411/1832 3197/1410/1833 3206/1409/1834 3215/1408/1835 3224/1407/1836 3233/1406/1837 3242/1405/1838 3251/1404/1839 3260/1403/1840 3269/1402/1841 3278/1401/1842 3287/1400/1843 3296/1399/1844 3305/1398/1845 3314/1397/1846 3323/1396/1847 3332/1395/1848 3341/1394/1849 3180/1393/1850
f 3171/1312/1814 3178/1413/1851 3181/1412/1852 3179/1349/1817
f 3178/1413/1851 3177/1415/1853 3182/1414/1854 3181/1412/1852
f 3177/1415/1853 3176/1417/1855 3183/1416/1856 3182/1414/1854
f 3176/1417/1855 3175/1419/1857 3184/1418/1858 3183/1416/1856
f 3175/1419/1857 3174/1421/1859 3185/1420/1860 3184/1418/1858
f 3174/1421/1859 3173/1423/1861 3186/1422/1862 3185/1420/1860
f 3173/1423/1861 3172/1425/1863 3187/1424/1864 3186/1422/1862
f 3172/1425/1863 3170/1392/1831 3180/1393/1850 3187/1424/1864
f 3189/1315/1813 3196/1426/1865 3178/1413/1851 3171/1312/1814
f 3196/1426/1865 3195/1427/1866 3177/1415/1853 3178/1413/1851
f 3195/1427/1866 3194/1428/1867 3176/1417/1855 3177/1415/1853
f 3194/1428/1867 3193/1429/1868 3175/1419/1857 3176/1417/1855
f 3193/1429/1868 3192/1430/1869 3174/1421/1859 3175/1419/1857
f 3192/1430/1869 3191/1431/1870 3173/1423/1861 3174/1421/1859
f 3191/1431/1870 3190/1432/1871 3172/1425/1863 3173/1423/1861
f 3190/1432/1871 3188/1411/1832 3170/1392/1831 3172/1425/1863
f 3198/1383/1822 3205/1433/1872 3196/1426/1865 3189/1315/1813
f 3205/1433/1872 3204/1434/1873 3195/1427/1866 3196/1426/1865
f 3204/1434/1873 3203/1435/1874 3194/1428/1867 3195/1427/1866
f 3203/1435/1874 3202/1436/1875 3193/1429/1868 3194/1428/1867
f 3202/1436/1875 3201/1437/1876 3192/1430/1869 3193/1429/1868
f 3201/1437/1876 3200/1438/1877 3191/1431/1870 3192/1430/1869
f 3200/1438/1877 3199/1439/1878 3190/1432/1871 3191/1431/1870
f 3199/1439/1878 3197/1410/1833 3188/1411/1832 3190/1432/1871
f 3207/1319/1821 3214/1440/1879 3205/1433/1872 3198/1383/1822
f 3214/1440/1879 3213/1441/1880 3204/1434/1873 3205/1433/1872
f 3213/1441/1880 3212/1442/1881 3203/1435/1874 3204/1434/1873
f 3212/1442/1881 3211/1443/1882 3202/1436/1875 3203/1435/1874
f 3211/1443/1882 3210/1444/1883 3201/1437/1876 3202/1436/1875
f 3210/1444/1883 3209/1445/1884 3200/1438/1877 3201/1437/1876
f 3209/1445/1884 3208/1446/1885 3199/1439/1878 3200/1438/1877
f 3208/1446/1885 3206/1409/1834 3197/1410/1833 3199/1439/1878
f 3216/1285/1824 3223/1447/1886 3214/1440/1879 3207/1319/1821
f 3223/1447/1886 3222/1448/1887 3213/1441/1880 3214/1440/1879
f 3222/1448/1887 3221/1449/1888 3212/1442/1881 3213/1441/1880
f 3221/1449/1888 3220/1450/1889 3211/1443/1882 3212/1442/1881
f 3220/1450/1889 3219/1451/1890 3210/1444/1883 3211/1443/1882
f 3219/1451/1890 3218/1452/1891 3209/1445/1884 3210/1444/1883
f 3218/1452/1891 3217/1453/1892 3208/1446/1885 3209/1445/1884
f 3217/1453/1892 3215/1408/1835 3206/1409/1834 3208/1446/1885
f 3225/1350/1826 3232/1454/1893 3223/1447/1886 3216/1285/1824
f 3232/1454/1893 3231/1455/1894 3222/1448/1887 3223/1447/1886
f 3231/1455/1894 3230/1456/1895 3221/1449/1888 3222/1448/1887
f 3230/1456/1895 3229/1457/1896 3220/1450/1889 3221/1449/1888
f 3229/1457/1896 3228/1458/1897 3219/1451/1890 3220/1450/1889
f 3228/1458/1897 3227/1459/1898 3218/1452/1891 3219/1451/1890
f 3227/1459/1898 3226/1460/1899 3217/1453/1892 3218/1452/1891
f 3226/1460/1899 3224/1407/1836 3215/1408/1835 3217/1453/1892
f 3234/1323/1828 3241/1461/1900 3232/1454/1893 3225/1350/1826
f 3241/1461/1900 3240/1462/1901 3231/1455/1894 3232/1454/1893
f 3240/1462/1901 3239/1463/1902 3230/1456/1895 3231/1455/1894
f 3239/1463/1902 3238/1464/1903 3229/1457/1896 3230/1456/1895
f 3238/1464/1903 3237/1465/1904 3228/1458/1897 3229/1457/1896
f 3237/1465/1904 3236/1466/1905 3227/1459/1898 3228/1458/1897
f 3236/1466/1905 3235/1467/1906 3226/1460/1899 3227/1459/1898
f 3235/1467/1906 3233/1406/1837 3224/1407/1836 3226/1460/1899
f 3243/1325/1830 3250/1468/1907 3241/1461/1900 3234/1323/1828
f 3250/1468/1907 3249/1469/1908 3240/1462/1901 3241/1461/1900
f 3249/1469/1908 3248/1470/1909 3239/1463/1902 3240/1462/1901
f 3248/1470/1909 3247/1471/1910 3238/1464/1903 3239/1463/1902
f 3247/1471/1910 3246/1472/1911 3237/1465/1904 3238/1464/1903
f 3246/1472/1911 3245/1473/1912 3236/1466/1905 3237/1465/1904
f 3245/1473/1912 3244/1474/1913 3235/1467/1906 3236/1466/1905
f 3244/1474/1913 3242/1405/1838 3233/1406/1837 3235/1467/1906
f 3252/1327/1816 3259/1475/1914 3250/1468/1907 3243/1325/1830
f 3259/1475/1914 3258/1476/1915 3249/1469/1908 3250/1468/1907
f 3258/1476/1915 3257/1477/1916 3248/1470/1909 3249/1469/1908
f 3257/1477/1916 3256/1478/1917 3247/1471/1910 3248/1470/1909
f 3256/1478/1917 3255/1479/1918 3246/1472/1911 3247/1471/1910
f 3255/1479/1918 3254/1480/1919 3245/1473/1912 3246/1472/1911
f 3254/1480/1919 3253/1481/1920 3244/1474/1913 3245/1473/1912
f 3253/1481/1920 3251/1404/1839 3242/1405/1838 3244/1474/1913
f 3261/1329/1815 3268/1482/1921 3259/1475/1914 3252/1327/1816
f 3268/1482/1921 3267/1483/1922 3258/1476/1915 3259/1475/1914
f 3267/1483/1922 3266/1484/1923 3257/1477/1916 3258/1476/1915
f 3266/1484/1923 3265/1485/1924 3256/1478/1917 3257/1477/1916
f 3265/1485/1924 3264/1486/1925 3255/1479/1918 3256/1478/1917
f 3264/1486/1925 3263/1487/1926 3254/1480/1919 3255/1479/1918
f 3263/1487/1926 3262/1488/1927 3253/1481/1920 3254/1480/1919
f 3262/1488/1927 3260/1403/1840 3251/1404/1839 3253/1481/1920
f 3270/1358/1820 3277/1489/1928 3268/1482/1921 3261/1329/1815
f 3277/1489/1928 3276/1490/1929 3267/1483/1922 3268/1482/1921
f 3276/1490/1929 3275/1491/1930 3266/1484/1923 3267/1483/1922
f 3275/1491/1930 3274/1492/1931 3265/1485/1924 3266/1484/1923
f 3274/1492/1931 3273/1493/1932 3264/1486/1925 3265/1485/1924
f 3273/1493/1932 3272/1494/1933 3263/1487/1926 3264/1486/1925
f 3272/1494/1933 3271/1495/1934 3262/1488/1927 3263/1487/1926
f 3271/1495/1934 3269/1402/1841 3260/1403/1840 3262/1488/1927
f 3279/1333/1823 3286/1496/1935 3277/1489/1928 3270/1358/1820
f 3286/1496/1935 3285/1497/1936 3276/1490/1929 3277/1489/1928
f 3285/1497/1936 3284/1498/1937 3275/1491/1930 3276/1490/1929
f 3284/1498/1937 3283/1499/1938 3274/1492/1931 3275/1491/1930
f 3283/1499/1938 3282/1500/1939 3273/1493/1932 3274/1492/1931
f 3282/1500/1939 3281/1501/1940 3272/1494/1933 3273/1493/1932
f 3281/1501/1940 3280/1502/1941 3271/1495/1934 3272/1494/1933
f 3280/1502/1941 3278/1401/1842 3269/1402/1841 3271/1495/1934
f 3288/1335/1825 3295/1503/1942 3286/1496/1935 3279/1333/1823
f 3295/1503/1942 3294/1504/1943 3285/1497/1936 3286/1496/1935
f 3294/1504/1943 3293/1505/1944 3284/1498/1937 3285/1497/1936
f 3293/1505/1944 3292/1506/1945 3283/1499/1938 3284/1498/1937
f 3292/1506/1945 3291/1507/1946 3282/1500/1939 3283/1499/1938
f 3291/1507/1946 3290/1508/1947 3281/1501/1940 3282/1500/1939
f 3290/1508/1947 3289/1509/1948 3280/1502/1941 3281/1501/1940
f 3289/1509/1948 3287/1400/1843 3278/1401/1842 3280/1502/1941
f 3297/1337/1827 3304/1510/1949 3295/1503/1942 3288/1335/1825
f 3304/1510/1949 3303/1511/1950 3294/1504/1943 3295/1503/1942
f 3303/1511/1950 3302/1512/1951 3293/1505/1944 3294/1504/1943
f 3302/1512/1951 3301/1513/1952 3292/1506/1945 3293/1505/1944
f 3301/1513/1952 3300/1514/1953 3291/1507/1946 3292/1506/1945
f 3300/1514/1953 3299/1515/1954 3290/1508/1947 3291/1507/1946
f 3299/1515/1954 3298/1516/1955 3289/1509/1948 3290/1508/1947
f 3298/1516/1955 3296/1399/1844 3287/1400/1843 3289/1509/1948
f 3306/1391/1829 3313/1517/1956 3304/1510/1949 3297/1337/1827
f 3313/1517/1956 3312/1518/1957 3303/1511/1950 3304/1510/1949
f 3312/1518/1957 3311/1519/1958 3302/1512/1951 3303/1511/1950
f 3311/1519/1958 3310/1520/1959 3301/1513/1952 3302/1512/1951
f 3310/1520/1959 3309/1521/1960 3300/1514/1953 3301/1513/1952
f 3309/1521/1960 3308/1522/1961 3299/1515/1954 3300/1514/1953
f 3308/1522/1961 3307/1523/1962 3298/1516/1955 3299/1515/1954
f 3307/1523/1962 3305/1398/1845 3296/1399/1844 3298/1516/1955
f 3315/1341/1812 3322/1524/1963 3313/1517/1956 3306/1391/1829
f 3322/1524/1963 3321/1525/1964 3312/1518/1957 3313/1517/1956
f 3321/1525/1964 3320/1526/1965 3311/1519/1958 3312/1518/1957
f 3320/1526/1965 3319/1527/1966 3310/1520/1959 3311/1519/1958
f 3319/1527/1966 3318/1528/1967 3309/1521/1960 3310/1520/1959
f 3318/1528/1967 3317/1529/1968 3308/1522/1961 3309/1521/1960
f 3317/1529/1968 3316/1530/1969 3307/1523/1962 3308/1522/1961
f 3316/1530/1969 3314/1397/1846 3305/1398/1845 3307/1523/1962
f 3324/1372/1811 3331/1531/1970 3322/1524/1963 3315/1341/1812
f 3331/1531/1970 3330/1532/1971 3321/1525/1964 3322/1524/1963
f 3330/1532/1971 3329/1533/1972 3320/1526/1965 3321/1525/1964
f 3329/1533/1972 3328/1534/1973 3319/1527/1966 3320/1526/1965
f 3328/1534/1973 3327/1535/1974 3318/1528/1967 3319/1527/1966
f 3327/1535/1974 3326/1536/1975 3317/1529/1968 3318/1528/1967
f 3326/1536/1975 3325/1537/1976 3316/1530/1969 3317/1529/1968
f 3325/1537/1976 3323/1396/1847 3314/1397/1846 3316/1530/1969
f 3333/1345/1819 3340/1538/1977 3331/1531/1970 3324/1372/1811
f 3340/1538/1977 3339/1539/1978 3330/1532/1971 3331/1531/1970
f 3339/1539/1978 3338/1540/1979 3329/1533/1972 3330/1532/1971
f 3338/1540/1979 3337/1541/1980 3328/1534/1973 3329/1533/1972
f 3337/1541/1980 3336/1542/1981 3327/1535/1974 3328/1534/1973
f 3336/1542/1981 3335/1543/1982 3326/1536/1975 3327/1535/1974
f 3335/1543/1982 3334/1544/1983 3325/1537/1976 3326/1536/1975
f 3334/1544/1983 3332/1395/1848 3323/1396/1847 3325/1537/1976
f 3342/1347/1818 3349/1545/1984 3340/1538/1977 3333/1345/1819
f 3349/1545/1984 3348/1546/1985 3339/1539/1978 3340/1538/1977
f 3348/1546/1985 3347/1547/1986 3338/1540/1979 3339/1539/1978
f 3347/1547/1986 3346/1548/1987 3337/1541/1980 3338/1540/1979
f 3346/1548/1987 3345/1549/1988 3336/1542/1981 3337/1541/1980
f 3345/1549/1988 3344/1550/1989 3335/1543/1982 3336/1542/1981
f 3344/1550/1989 3343/1551/1990 3334/1544/1983 3335/1543/1982
f 3343/1551/1990 3341/1394/1849 3332/1395/1848 3334/1544/1983
f 3179/1349/1817 3181/1412/1852 3349/1545/1984 3342/1347/1818
f 3181/1412/1852 3182/1414/1854 3348/1546/1985 3349/1545/1984
f 3182/1414/1854 3183/1416/1856 3347/1547/1986 3348/1546/1985
f 3183/1416/1856 3184/1418/1858 3346/1548/1987 3347/1547/1986
f 3184/1418/1858 3185/1420/1860 3345/1549/1988 3346/1548/1987
f 3185/1420/1860 3186/1422/1862 3344/1550/1989 3345/1549/1988
f 3186/1422/1862 3187/1424/1864 3343/1551/1990 3344/1550/1989
f 3187/1424/1864 3180/1393/1850 3341/1394/1849 3343/1551/1990
f 3150/1312/1787 3171/1312/1814 3179/1349/1817 3151/1311/1786
f 3603/1325/1991 3602/1325/1991 3663/1323/1992 3662/1323/1992
f 3587/1381/1993 3586/1312/1993 3647/1349/1994 3646/1349/1994
f 3567/1341/1995 3566/1390/1995 3627/1376/1996 3626/1339/1996
f 3551/1385/1995 3550/1341/1995 3611/1376/1996 3610/1376/1996
f 3369/1327/1997 3368/1327/1997 3591/1325/1991 3590/1325/1991
f 3385/1355/1998 3384/1355/1998 3575/1312/1993 3574/1381/1993
f 3351/1327/1999 3350/1327/1999 3411/1329/2000 3410/1329/2000
f 3429/1370/2001 3428/1370/2001 3368/1327/1997 3369/1327/1997
f 3395/1343/2002 3394/1356/2002 3483/1345/2003 3482/1345/2003
f 3517/1358/2004 3516/1358/2004 3413/1329/2001 3412/1329/2001
f 3467/1317/2005 3466/1317/2005 3465/1359/2006 3464/1359/2006
f 3511/1333/2007 3510/1333/2007 3516/1358/2004 3517/1358/2004
f 3619/1339/1996 3618/1339/1996 3679/1337/2008 3678/1378/2008
f 3615/1376/1996 3614/1376/1996 3675/1378/2008 3674/1378/2008
f 3610/1376/1996 3611/1376/1996 3671/1378/2008 3670/1378/2008
f 3607/1388/1991 3606/1325/1991 3667/1323/1992 3666/1323/1992
f 3599/1325/1991 3598/1325/1991 3659/1323/1992 3658/1323/1992
f 3661/1323/2009 3660/1323/2009 3601/1325/2010 3600/1325/2010
f 3595/1325/1991 3594/1325/1991 3655/1323/1992 3654/1323/1992
f 3653/1323/2009 3652/1323/2009 3593/1325/2010 3592/1325/2010
f 3583/1381/1993 3582/1312/1993 3643/1349/1994 3642/1349/1994
f 3579/1381/1993 3578/1312/1993 3639/1349/1994 3638/1349/1994
f 3574/1381/1993 3575/1312/1993 3635/1349/1994 3634/1349/1994
f 3571/1381/1993 3570/1312/1993 3631/1349/1994 3630/1349/1994
f 3563/1385/1995 3562/1341/1995 3623/1339/1996 3622/1376/1996
f 3625/1376/2011 3624/1339/2011 3565/1341/2012 3564/1341/2012
f 3559/1341/1995 3558/1341/1995 3618/1339/1996 3619/1339/1996
f 3617/1376/2011 3616/1376/2011 3557/1341/2013 3556/1385/2013
f 3353/1354/1997 3352/1327/1997 3606/1325/1991 3607/1388/1991
f 3357/1327/1997 3356/1327/1997 3602/1325/1991 3603/1325/1991
f 3361/1327/1997 3360/1327/1997 3598/1325/1991 3599/1325/1991
f 3365/1327/1997 3364/1327/1997 3594/1325/1991 3595/1325/1991
f 3373/1380/1998 3372/1355/1998 3586/1312/1993 3587/1381/1993
f 3589/1353/2014 3588/1312/2014 3371/1355/2015 3370/1380/2015
f 3377/1355/1998 3376/1355/1998 3582/1312/1993 3583/1381/1993
f 3581/1312/2014 3580/1312/2014 3379/1315/2015 3378/1315/2015
f 3389/1355/1998 3388/1355/1998 3570/1312/1993 3571/1381/1993
f 3569/1385/2013 3568/1390/2013 3391/1343/2002 3390/1343/2002
f 3397/1356/2016 3396/1356/2016 3562/1341/1995 3563/1385/1995
f 3561/1385/2013 3560/1341/2013 3399/1356/2002 3398/1356/2002
f 3556/1385/2013 3557/1341/2013 3403/1386/2002 3402/1372/2002
f 3409/1372/2016 3408/1386/2016 3550/1341/1995 3551/1385/1995
f 3417/1329/2001 3416/1329/2001 3356/1327/1997 3357/1327/1997
f 3355/1327/1999 3354/1327/1999 3415/1329/2000 3414/1329/2000
f 3421/1370/2001 3420/1329/2001 3360/1327/1997 3361/1327/1997
f 3363/1327/1999 3362/1327/1999 3423/1370/2000 3422/1370/2000
f 3437/1317/2017 3436/1317/2017 3372/1355/1998 3373/1380/1998
f 3375/1355/2015 3374/1355/2015 3443/1317/2005 3442/1383/2005
f 3453/1383/2017 3452/1317/2017 3381/1315/1998 3380/1355/1998
f 3383/1355/2015 3382/1355/2015 3459/1317/2005 3458/1317/2005
f 3387/1355/2015 3386/1355/2015 3466/1317/2005 3467/1317/2005
f 3477/1357/2018 3476/1345/2018 3393/1343/2016 3392/1343/2016
f 3493/1345/2018 3492/1345/2018 3401/1356/2016 3400/1356/2016
f 3398/1356/2002 3399/1356/2002 3491/1345/2003 3490/1345/2003
f 3501/1345/2018 3500/1345/2018 3405/1386/2016 3404/1372/2016
f 3407/1372/2002 3406/1386/2002 3507/1345/2003 3506/1345/2003
f 3525/1358/2004 3524/1358/2004 3416/1329/2001 3417/1329/2001
f 3419/1370/2000 3418/1329/2000 3531/1358/2019 3530/1331/2019
f 3541/1358/2004 3540/1358/2004 3425/1370/2001 3424/1370/2001
f 3427/1370/2000 3426/1370/2000 3547/1371/2019 3546/1358/2019
f 3451/1383/2005 3450/1317/2005 3449/1359/2006 3448/1359/2006
f 3455/1369/2020 3454/1369/2020 3461/1317/2017 3460/1317/2017
f 3458/1317/2005 3459/1317/2005 3457/1369/2006 3456/1369/2006
f 3463/1359/2020 3462/1359/2020 3469/1317/2017 3468/1373/2017
f 3471/1360/2021 3470/1360/2021 3476/1345/2018 3477/1357/2018
f 3495/1360/2021 3494/1366/2021 3500/1345/2018 3501/1345/2018
f 3499/1345/2003 3498/1345/2003 3497/1366/2022 3496/1384/2022
f 3503/1360/2021 3502/1360/2021 3509/1345/2018 3508/1345/2018
f 3506/1345/2003 3507/1345/2003 3505/1360/2022 3504/1360/2022
f 3515/1358/2019 3514/1358/2019 3513/1333/2023 3512/1333/2023
f 3519/1361/2007 3518/1389/2007 3524/1358/2004 3525/1358/2004
f 3523/1358/2019 3522/1358/2019 3521/1389/2023 3520/1364/2023
f 3527/1361/2007 3526/1361/2007 3533/1358/2004 3532/1331/2004
f 3530/1331/2019 3531/1358/2019 3529/1361/2023 3528/1361/2023
f 3535/1361/2007 3534/1361/2007 3540/1358/2004 3541/1358/2004
f 3539/1358/2019 3538/1358/2019 3537/1361/2023 3536/1362/2023
f 3543/1333/2007 3542/1361/2007 3549/1371/2004 3548/1371/2004
f 3546/1358/2019 3547/1371/2019 3545/1361/2023 3544/1361/2023
f 3609/1388/2010 3608/1325/2010 3350/1327/1999 3351/1327/1999
f 3605/1325/2010 3604/1325/2010 3354/1327/1999 3355/1327/1999
f 3600/1325/2010 3601/1325/2010 3359/1327/1999 3358/1327/1999
f 3597/1325/2010 3596/1325/2010 3362/1327/1999 3363/1327/1999
f 3592/1325/2010 3593/1325/2010 3367/1327/1999 3366/1327/1999
f 3645/1349/2024 3644/1349/2024 3585/1312/2014 3584/1312/2014
f 3641/1349/2024 3640/1349/2024 3580/1312/2014 3581/1312/2014
f 3637/1349/2024 3636/1349/2024 3577/1312/2014 3576/1312/2014
f 3633/1349/2024 3632/1349/2024 3573/1312/2014 3572/1312/2014
f 3629/1376/2011 3628/1376/2011 3568/1390/2013 3569/1385/2013
f 3681/1378/2025 3680/1337/2025 3621/1339/2011 3620/1376/2011
f 3677/1378/2025 3676/1378/2025 3616/1376/2011 3617/1376/2011
f 3673/1378/2025 3672/1378/2025 3613/1376/2011 3612/1376/2011
f 3669/1323/2009 3668/1323/2009 3608/1325/2010 3609/1388/2010
f 3665/1323/2009 3664/1323/2009 3604/1325/2010 3605/1325/2010
f 3490/1345/2003 3491/1345/2003 3489/1366/2022 3488/1360/2022
f 3487/1384/2021 3486/1366/2021 3492/1345/2018 3493/1345/2018
f 3482/1345/2003 3483/1345/2003 3481/1360/2022 3480/1360/2022
f 3479/1360/2021 3478/1360/2021 3485/1345/2018 3484/1345/2018
f 3475/1345/2003 3474/1345/2003 3473/1360/2022 3472/1360/2022
f 3447/1359/2020 3446/1359/2020 3452/1317/2017 3453/1383/2017
f 3442/1383/2005 3443/1317/2005 3441/1359/2006 3440/1359/2006
f 3439/1359/2020 3438/1359/2020 3445/1317/2017 3444/1317/2017
f 3435/1383/2005 3434/1317/2005 3433/1359/2006 3432/1359/2006
f 3431/1359/2020 3430/1359/2020 3436/1317/2017 3437/1317/2017
f 3548/1371/2004 3549/1371/2004 3428/1370/2001 3429/1370/2001
f 3422/1370/2000 3423/1370/2000 3538/1358/2019 3539/1358/2019
f 3532/1331/2004 3533/1358/2004 3420/1329/2001 3421/1370/2001
f 3414/1329/2000 3415/1329/2000 3522/1358/2019 3523/1358/2019
f 3410/1329/2000 3411/1329/2000 3514/1358/2019 3515/1358/2019
f 3508/1345/2018 3509/1345/2018 3408/1386/2016 3409/1372/2016
f 3402/1372/2002 3403/1386/2002 3498/1345/2003 3499/1345/2003
f 3484/1345/2018 3485/1345/2018 3396/1356/2016 3397/1356/2016
f 3390/1343/2002 3391/1343/2002 3474/1345/2003 3475/1345/2003
f 3468/1373/2017 3469/1317/2017 3388/1355/1998 3389/1355/1998
f 3460/1317/2017 3461/1317/2017 3384/1355/1998 3385/1355/1998
f 3378/1315/2015 3379/1315/2015 3450/1317/2005 3451/1383/2005
f 3444/1317/2017 3445/1317/2017 3376/1355/1998 3377/1355/1998
f 3370/1380/2015 3371/1355/2015 3434/1317/2005 3435/1383/2005
f 3612/1376/2011 3613/1376/2011 3553/1341/2013 3552/1341/2013
f 3555/1341/1995 3554/1341/1995 3614/1376/1996 3615/1376/1996
f 3620/1376/2011 3621/1339/2011 3560/1341/2013 3561/1385/2013
f 3366/1327/1999 3367/1327/1999 3426/1370/2000 3427/1370/2000
f 3424/1370/2001 3425/1370/2001 3364/1327/1997 3365/1327/1997
f 3358/1327/1999 3359/1327/1999 3418/1329/2000 3419/1370/2000
f 3412/1329/2001 3413/1329/2001 3352/1327/1997 3353/1354/1997
f 3552/1341/2013 3553/1341/2013 3406/1386/2002 3407/1372/2002
f 3404/1372/2016 3405/1386/2016 3554/1341/1995 3555/1341/1995
f 3400/1356/2016 3401/1356/2016 3558/1341/1995 3559/1341/1995
f 3564/1341/2012 3565/1341/2012 3394/1356/2002 3395/1343/2002
f 3392/1343/2016 3393/1343/2016 3566/1390/1995 3567/1341/1995
f 3572/1312/2014 3573/1312/2014 3386/1355/2015 3387/1355/2015
f 3576/1312/2014 3577/1312/2014 3382/1355/2015 3383/1355/2015
f 3380/1355/1998 3381/1315/1998 3578/1312/1993 3579/1381/1993
f 3584/1312/2014 3585/1312/2014 3374/1355/2015 3375/1355/2015
f 3649/1349/2024 3648/1349/2024 3588/1312/2014 3589/1353/2014
f 3590/1325/1991 3591/1325/1991 3651/1323/1992 3650/1323/1992
f 3657/1323/2009 3656/1323/2009 3596/1325/2010 3597/1325/2010
f 3685/1378/2025 3684/1352/2025 3624/1339/2011 3625/1376/2011
f 3622/1376/1996 3623/1339/1996 3683/1352/2008 3682/1378/2008
f 3689/1352/2025 3688/1352/2025 3628/1376/2011 3629/1376/2011
f 3626/1339/1996 3627/1376/1996 3687/1352/2008 3686/1352/2008
f 3693/1351/2026 3692/1351/2026 3652/1323/2009 3653/1323/2009
f 3650/1323/1992 3651/1323/1992 3691/1351/2027 3690/1350/2027
f 3697/1351/2026 3696/1351/2026 3656/1323/2009 3657/1323/2009
f 3654/1323/1992 3655/1323/1992 3695/1351/2027 3694/1351/2027
f 3701/1379/2026 3700/1387/2026 3660/1323/2009 3661/1323/2009
f 3658/1323/1992 3659/1323/1992 3699/1387/2027 3698/1350/2027
f 3705/1350/2026 3704/1350/2026 3664/1323/2009 3665/1323/2009
f 3662/1323/1992 3663/1323/1992 3703/1350/2027 3702/1350/2027
f 3709/1351/2028 3708/1351/2028 3668/1323/2009 3669/1323/2009
f 3666/1323/1992 3667/1323/1992 3707/1351/2027 3706/1351/2027
f 3713/1335/2029 3712/1335/2029 3672/1378/2025 3673/1378/2025
f 3670/1378/2008 3671/1378/2008 3711/1335/2030 3710/1335/2030
f 3717/1335/2029 3716/1335/2029 3676/1378/2025 3677/1378/2025
f 3674/1378/2008 3675/1378/2008 3715/1335/2030 3714/1335/2030
f 3721/1335/2029 3720/1335/2029 3680/1337/2025 3681/1378/2025
f 3678/1378/2008 3679/1337/2008 3719/1335/2030 3718/1363/2030
f 3725/1335/2029 3724/1335/2029 3684/1352/2025 3685/1378/2025
f 3682/1378/2008 3683/1352/2008 3723/1335/2030 3722/1335/2030
f 3729/1382/2029 3728/1335/2029 3688/1352/2025 3689/1352/2025
f 3686/1352/2008 3687/1352/2008 3727/1335/2030 3726/1382/2030
f 3733/1285/2031 3732/1285/2031 3692/1351/2026 3693/1351/2026
f 3690/1350/2027 3691/1351/2027 3731/1285/2032 3730/1285/2032
f 3737/1285/2031 3736/1285/2031 3696/1351/2026 3697/1351/2026
f 3694/1351/2027 3695/1351/2027 3735/1285/2032 3734/1285/2032
f 3741/1285/2031 3740/1285/2031 3700/1387/2026 3701/1379/2026
f 3698/1350/2027 3699/1387/2027 3739/1285/2032 3738/1285/2032
f 3745/1285/2031 3744/1285/2031 3704/1350/2026 3705/1350/2026
f 3702/1350/2027 3703/1350/2027 3743/1285/2032 3742/1285/2032
f 3749/1285/2031 3748/1285/2031 3708/1351/2028 3709/1351/2028
f 3706/1351/2027 3707/1351/2027 3747/1285/2032 3746/1285/2032
f 3544/1361/2023 3545/1361/2023 3712/1335/2029 3713/1335/2029
f 3710/1335/2030 3711/1335/2030 3542/1361/2007 3543/1333/2007
f 3536/1362/2023 3537/1361/2023 3716/1335/2029 3717/1335/2029
f 3714/1335/2030 3715/1335/2030 3534/1361/2007 3535/1361/2007
f 3528/1361/2023 3529/1361/2023 3720/1335/2029 3721/1335/2029
f 3718/1363/2030 3719/1335/2030 3526/1361/2007 3527/1361/2007
f 3520/1364/2023 3521/1389/2023 3724/1335/2029 3725/1335/2029
f 3722/1335/2030 3723/1335/2030 3518/1389/2007 3519/1361/2007
f 3512/1333/2023 3513/1333/2023 3728/1335/2029 3729/1382/2029
f 3726/1382/2030 3727/1335/2030 3510/1333/2007 3511/1333/2007
f 3504/1360/2022 3505/1360/2022 3632/1349/2024 3633/1349/2024
f 3630/1349/1994 3631/1349/1994 3502/1360/2021 3503/1360/2021
f 3496/1384/2022 3497/1366/2022 3636/1349/2024 3637/1349/2024
f 3634/1349/1994 3635/1349/1994 3494/1366/2021 3495/1360/2021
f 3488/1360/2022 3489/1366/2022 3640/1349/2024 3641/1349/2024
f 3638/1349/1994 3639/1349/1994 3486/1366/2021 3487/1384/2021
f 3480/1360/2022 3481/1360/2022 3644/1349/2024 3645/1349/2024
f 3642/1349/1994 3643/1349/1994 3478/1360/2021 3479/1360/2021
f 3472/1360/2022 3473/1360/2022 3648/1349/2024 3649/1349/2024
f 3646/1349/1994 3647/1349/1994 3470/1360/2021 3471/1360/2021
f 3464/1359/2006 3465/1359/2006 3732/1285/2031 3733/1285/2031
f 3730/1285/2032 3731/1285/2032 3462/1359/2020 3463/1359/2020
f 3456/1369/2006 3457/1369/2006 3736/1285/2031 3737/1285/2031
f 3734/1285/2032 3735/1285/2032 3454/1369/2020 3455/1369/2020
f 3448/1359/2006 3449/1359/2006 3740/1285/2031 3741/1285/2031
f 3738/1285/2032 3739/1285/2032 3446/1359/2020 3447/1359/2020
f 3440/1359/2006 3441/1359/2006 3744/1285/2031 3745/1285/2031
f 3742/1285/2032 3743/1285/2032 3438/1359/2020 3439/1359/2020
f 3432/1359/2006 3433/1359/2006 3748/1285/2031 3749/1285/2031
f 3746/1285/2032 3747/1285/2032 3430/1359/2020 3431/1359/2020
f 3350/1327/1548 3352/1327/1548 3413/1329/1548 3411/1329/1548
o Cylinder.028
v 0.472844 -1.033024 -2.171427
v 0.472844 -1.008046 -2.178277
v 0.484314 -1.033569 -2.169694
v 0.488648 -1.008796 -2.175889
v 0.494661 -1.035150 -2.164665
v 0.502905 -1.010975 -2.168959
v 0.502872 -1.037613 -2.156831
v 0.514219 -1.014368 -2.158166
v 0.508144 -1.040715 -2.146960
v 0.521483 -1.018643 -2.144565
v 0.509961 -1.044155 -2.136018
v 0.523986 -1.023382 -2.129488
v 0.508144 -1.047595 -2.125076
v 0.521483 -1.028122 -2.114412
v 0.502872 -1.050697 -2.115206
v 0.514219 -1.032397 -2.100811
v 0.494661 -1.053160 -2.107372
v 0.502905 -1.035790 -2.090017
v 0.484314 -1.054741 -2.102342
v 0.488648 -1.037968 -2.083087
v 0.472844 -1.055286 -2.100610
v 0.472844 -1.038719 -2.080699
v 0.461374 -1.054741 -2.102342
v 0.457040 -1.037968 -2.083087
v 0.451027 -1.053160 -2.107372
v 0.442783 -1.035790 -2.090017
v 0.442816 -1.050697 -2.115206
v 0.431469 -1.032397 -2.100811
v 0.437543 -1.047595 -2.125076
v 0.424204 -1.028122 -2.114412
v 0.435727 -1.044155 -2.136018
v 0.421701 -1.023382 -2.129488
v 0.437543 -1.040715 -2.146960
v 0.424204 -1.018643 -2.144565
v 0.442816 -1.037613 -2.156831
v 0.431469 -1.014368 -2.158166
v 0.451027 -1.035150 -2.164665
v 0.442783 -1.010975 -2.168959
v 0.461374 -1.033569 -2.169694
v 0.457040 -1.008796 -2.175889
v 0.472844 -1.028818 -2.184807
v 0.488648 -1.029569 -2.182419
v 0.502905 -1.031747 -2.175489
v 0.514219 -1.035140 -2.164696
v 0.521483 -1.039416 -2.151095
v 0.523986 -1.044155 -2.136018
v 0.521483 -1.048894 -2.120942
v 0.514219 -1.053170 -2.107341
v 0.502905 -1.056563 -2.096547
v 0.488648 -1.058741 -2.089617
v 0.472844 -1.059492 -2.087229
v 0.457040 -1.058741 -2.089617
v 0.442783 -1.056563 -2.096547
v 0.431469 -1.053170 -2.107341
v 0.424204 -1.048894 -2.120942
v 0.421701 -1.044155 -2.136018
v 0.424204 -1.039416 -2.151095
v 0.431469 -1.035140 -2.164696
v 0.442783 -1.031747 -2.175489
v 0.457040 -1.029569 -2.182419
v 0.472844 -1.368997 -2.277040
v 0.484314 -1.369541 -2.275307
v 0.494661 -1.371122 -2.270277
v 0.502872 -1.373585 -2.262444
v 0.508144 -1.376688 -2.252573
v 0.509961 -1.380127 -2.241631
v 0.508144 -1.383567 -2.230689
v 0.502872 -1.386670 -2.220818
v 0.494661 -1.389132 -2.212985
v 0.484314 -1.390713 -2.207955
v 0.472844 -1.391258 -2.206222
v 0.461374 -1.390713 -2.207955
v 0.451027 -1.389132 -2.212985
v 0.442816 -1.386670 -2.220818
v 0.437543 -1.383567 -2.230689
v 0.435727 -1.380127 -2.241631
v 0.437543 -1.376688 -2.252573
v 0.442816 -1.373585 -2.262444
v 0.451027 -1.371122 -2.270277
v 0.461374 -1.369541 -2.275307
v 0.496874 -0.959241 -2.186850
v 0.472844 -0.958100 -2.190481
v 0.518551 -0.962553 -2.176313
v 0.535755 -0.967712 -2.159901
v 0.546800 -0.974213 -2.139221
v 0.550606 -0.981419 -2.116297
v 0.546800 -0.988625 -2.093373
v 0.535755 -0.995126 -2.072693
v 0.518551 -1.000285 -2.056282
v 0.496874 -1.003597 -2.045745
v 0.472844 -1.004739 -2.042114
v 0.448814 -1.003597 -2.045745
v 0.427136 -1.000285 -2.056282
v 0.409933 -0.995126 -2.072693
v 0.398887 -0.988625 -2.093373
v 0.395081 -0.981419 -2.116297
v 0.398887 -0.974213 -2.139221
v 0.409933 -0.967712 -2.159901
v 0.427136 -0.962553 -2.176313
v 0.448814 -0.959241 -2.186850
v 0.496874 -0.949385 -2.183752
v 0.472844 -0.948244 -2.187383
v 0.518551 -0.952698 -2.173215
v 0.535755 -0.957857 -2.156803
v 0.546800 -0.964357 -2.136123
v 0.550606 -0.971564 -2.113199
v 0.546800 -0.978770 -2.090275
v 0.535755 -0.985270 -2.069595
v 0.518551 -0.990429 -2.053183
v 0.496874 -0.993742 -2.042646
v 0.472844 -0.994883 -2.039016
v 0.448814 -0.993742 -2.042646
v 0.427136 -0.990429 -2.053183
v 0.409933 -0.985270 -2.069595
v 0.398887 -0.978770 -2.090275
v 0.395081 -0.971564 -2.113199
v 0.398887 -0.964357 -2.136123
v 0.409933 -0.957857 -2.156803
v 0.427136 -0.952698 -2.173215
v 0.448814 -0.949385 -2.183752
v 0.463522 -1.594528 -2.339101
v 0.455113 -1.595813 -2.335014
v 0.448439 -1.597814 -2.328647
v 0.444155 -1.600336 -2.320625
v 0.442678 -1.603131 -2.311732
v 0.444155 -1.605927 -2.302840
v 0.448439 -1.608449 -2.294817
v 0.455113 -1.610450 -2.288451
v 0.463522 -1.611735 -2.284363
v 0.472844 -1.612177 -2.282955
v 0.482166 -1.611735 -2.284363
v 0.490575 -1.610450 -2.288451
v 0.497248 -1.608449 -2.294817
v 0.501533 -1.605927 -2.302840
v 0.503010 -1.603131 -2.311732
v 0.501533 -1.600336 -2.320625
v 0.497248 -1.597814 -2.328647
v 0.490575 -1.595813 -2.335014
v 0.472844 -1.594085 -2.340509
v 0.482166 -1.594528 -2.339101
v 0.482166 -1.371524 -2.269000
v 0.472844 -1.371081 -2.270408
v 0.490575 -1.372809 -2.264912
v 0.497248 -1.374810 -2.258546
v 0.501533 -1.377332 -2.250524
v 0.503010 -1.380127 -2.241631
v 0.501533 -1.382923 -2.232738
v 0.497248 -1.385445 -2.224716
v 0.490575 -1.387446 -2.218350
v 0.482166 -1.388731 -2.214262
v 0.472844 -1.389174 -2.212854
v 0.463522 -1.388731 -2.214262
v 0.455113 -1.387446 -2.218350
v 0.448439 -1.385445 -2.224716
v 0.444155 -1.382923 -2.232738
v 0.442678 -1.380127 -2.241631
v 0.444155 -1.377332 -2.250524
v 0.448439 -1.374810 -2.258546
v 0.455113 -1.372809 -2.264912
v 0.463522 -1.371524 -2.269000
v 0.472844 -1.357857 -2.195723
v 0.484314 -1.357313 -2.197456
v 0.502872 -1.340184 -2.251944
v 0.494661 -1.337722 -2.259778
v 0.451027 -1.337722 -2.259778
v 0.442816 -1.340184 -2.251944
v 0.461374 -1.357313 -2.197456
v 0.508144 -1.343287 -2.242074
v 0.461374 -1.336141 -2.264807
v 0.451027 -1.355732 -2.202485
v 0.509961 -1.346727 -2.231132
v 0.472844 -1.335596 -2.266540
v 0.442816 -1.353269 -2.210319
v 0.508144 -1.350166 -2.220190
v 0.437543 -1.350166 -2.220190
v 0.502872 -1.353269 -2.210319
v 0.435727 -1.346727 -2.231132
v 0.494661 -1.355732 -2.202485
v 0.484314 -1.336141 -2.264807
v 0.437543 -1.343287 -2.242074
v 0.472844 -1.367749 -2.281008
v 0.485599 -1.368355 -2.279081
v 0.497106 -1.370113 -2.273488
v 0.506237 -1.372852 -2.264776
v 0.512100 -1.376302 -2.253799
v 0.514120 -1.380127 -2.241631
v 0.512100 -1.383952 -2.229463
v 0.506237 -1.387403 -2.218486
v 0.497106 -1.390141 -2.209774
v 0.485599 -1.391900 -2.204181
v 0.472844 -1.392505 -2.202254
v 0.460089 -1.391900 -2.204181
v 0.448582 -1.390141 -2.209774
v 0.439451 -1.387403 -2.218486
v 0.433588 -1.383952 -2.229463
v 0.431567 -1.380127 -2.241631
v 0.433588 -1.376302 -2.253799
v 0.439451 -1.372852 -2.264776
v 0.448582 -1.370113 -2.273488
v 0.460089 -1.368355 -2.279081
v 0.472844 -1.359105 -2.191755
v 0.506237 -1.339451 -2.254277
v 0.448582 -1.336713 -2.262988
v 0.460089 -1.358499 -2.193682
v 0.512100 -1.342902 -2.243300
v 0.460089 -1.334955 -2.268581
v 0.448582 -1.356741 -2.199275
v 0.514120 -1.346727 -2.231132
v 0.472844 -1.334349 -2.270508
v 0.439451 -1.354002 -2.207986
v 0.512100 -1.350552 -2.218963
v 0.433588 -1.350552 -2.218963
v 0.506237 -1.354002 -2.207986
v 0.431567 -1.346727 -2.231132
v 0.497106 -1.356741 -2.199275
v 0.485599 -1.334955 -2.268581
v 0.433588 -1.342902 -2.243300
v 0.485599 -1.358499 -2.193682
v 0.497106 -1.336713 -2.262988
v 0.439451 -1.339451 -2.254277
vn -0.0000 0.2999 -0.9540
vn 0.3090 0.2852 -0.9073
vn 0.5878 0.2426 -0.7718
vn 0.8090 0.1763 -0.5607
vn 0.9511 0.0927 -0.2948
vn 1.0000 -0.0000 -0.0000
vn 0.9511 -0.0927 0.2948
vn 0.8090 -0.1763 0.5607
vn 0.5878 -0.2426 0.7718
vn 0.3090 -0.2852 0.9073
vn -0.0000 -0.2999 0.9540
vn -0.3090 -0.2852 0.9073
vn -0.5878 -0.2426 0.7718
vn -0.8090 -0.1763 0.5607
vn -0.9511 -0.0927 0.2948
vn -1.0000 -0.0000 -0.0000
vn -0.9511 0.0927 -0.2948
vn -0.8090 0.1763 -0.5607
vn -0.5878 0.2426 -0.7718
vn 0.6921 -0.3431 -0.6350
vn 0.5029 -0.2864 -0.8155
vn 0.5029 -0.2864 -0.8156
vn -0.3090 0.2852 -0.9073
vn -0.0000 -0.9540 -0.2999
vn -0.0000 0.9540 0.2999
vn 0.5029 -0.7015 0.5050
vn 0.6921 -0.6447 0.3245
vn 0.2644 -0.2499 -0.9315
vn -0.0000 -0.2374 -0.9714
vn -0.6921 -0.6447 0.3245
vn -0.5029 -0.7015 0.5050
vn -0.5029 -0.2864 -0.8155
vn -0.6921 -0.3431 -0.6350
vn -0.5029 -0.2864 -0.8156
vn 0.8137 -0.5732 0.0969
vn 0.8555 -0.4939 -0.1553
vn -0.2644 -0.7379 0.6210
vn -0.0000 -0.7505 0.6609
vn -0.8137 -0.4146 -0.4075
vn -0.8555 -0.4939 -0.1553
vn 0.8137 -0.4146 -0.4075
vn 0.2644 -0.7379 0.6210
vn -0.8137 -0.5732 0.0969
vn -0.2644 -0.2499 -0.9315
vt 1.000000 0.500000
vt 1.000000 1.000000
vt 0.950000 1.000000
vt 0.950000 0.500000
vt 0.900000 1.000000
vt 0.900000 0.500000
vt 0.850000 1.000000
vt 0.850000 0.500000
vt 0.800000 1.000000
vt 0.800000 0.500000
vt 0.750000 1.000000
vt 0.750000 0.500000
vt 0.700000 1.000000
vt 0.700000 0.500000
vt 0.650000 1.000000
vt 0.650000 0.500000
vt 0.600000 1.000000
vt 0.600000 0.500000
vt 0.550000 1.000000
vt 0.550000 0.500000
vt 0.500000 1.000000
vt 0.500000 0.500000
vt 0.450000 1.000000
vt 0.450000 0.500000
vt 0.400000 1.000000
vt 0.400000 0.500000
vt 0.350000 1.000000
vt 0.350000 0.500000
vt 0.300000 1.000000
vt 0.300000 0.500000
vt 0.250000 1.000000
vt 0.250000 0.500000
vt 0.200000 1.000000
vt 0.200000 0.500000
vt 0.150000 1.000000
vt 0.150000 0.500000
vt 0.100000 1.000000
vt 0.100000 0.500000
vt 0.050000 1.000000
vt 0.050000 0.500000
vt -0.000000 1.000000
vt -0.000000 0.500000
vt 0.696175 0.415657
vt 0.647619 0.390916
vt 0.803825 0.415657
vt 0.750000 0.424182
vt 0.750000 0.490000
vt 0.824164 0.478254
vt 0.852381 0.390916
vt 0.891068 0.444164
vt 0.890916 0.352381
vt 0.944164 0.391068
vt 0.915657 0.303825
vt 0.978254 0.324164
vt 0.924182 0.250000
vt 0.990000 0.250000
vt 0.915657 0.196175
vt 0.978254 0.175836
vt 0.890916 0.147619
vt 0.944164 0.108932
vt 0.852381 0.109084
vt 0.891068 0.055836
vt 0.803825 0.084343
vt 0.824164 0.021746
vt 0.750000 0.075818
vt 0.750000 0.010000
vt 0.696175 0.084343
vt 0.675836 0.021746
vt 0.647619 0.109084
vt 0.608932 0.055836
vt 0.609084 0.147619
vt 0.555836 0.108932
vt 0.584343 0.196175
vt 0.521746 0.175836
vt 0.575818 0.250000
vt 0.510000 0.250000
vt 0.584343 0.303825
vt 0.521746 0.324164
vt 0.609084 0.352381
vt 0.555836 0.391068
vt 0.608932 0.444164
vt 0.675836 0.478254
vt 0.584343 0.196175
vt 0.803825 0.084343
vt 0.750000 0.075818
vt 0.791265 0.377001
vt 0.750000 0.383537
vt 0.828491 0.358034
vt 0.858033 0.328491
vt 0.877001 0.291265
vt 0.883537 0.250000
vt 0.877001 0.208735
vt 0.858034 0.171509
vt 0.828491 0.141966
vt 0.791265 0.122999
vt 0.750000 0.116463
vt 0.708735 0.122999
vt 0.671509 0.141966
vt 0.641966 0.171509
vt 0.622999 0.208735
vt 0.616463 0.250000
vt 0.622999 0.291265
vt 0.641966 0.328491
vt 0.671509 0.358034
vt 0.708735 0.377001
vt 0.324164 0.478254
vt 0.250000 0.490000
vt 0.175836 0.478254
vt 0.108932 0.444164
vt 0.055836 0.391068
vt 0.021746 0.324164
vt 0.010000 0.250000
vt 0.021746 0.175836
vt 0.055836 0.108932
vt 0.108932 0.055836
vt 0.175836 0.021746
vt 0.250000 0.010000
vt 0.324164 0.021746
vt 0.391068 0.055836
vt 0.444164 0.108932
vt 0.478254 0.175836
vt 0.490000 0.250000
vt 0.478254 0.324164
vt 0.444164 0.391068
vt 0.391068 0.444164
vt 0.852381 0.390916
vt 0.852381 0.109084
vt 0.890916 0.352381
s 1
usemtl Material.001
f 3790/1552/2033 3751/1553/2033 3753/1554/2034 3791/1555/2034
f 3791/1555/2034 3753/1554/2034 3755/1556/2035 3792/1557/2035
f 3792/1557/2035 3755/1556/2035 3757/1558/2036 3793/1559/2036
f 3793/1559/2036 3757/1558/2036 3759/1560/2037 3794/1561/2037
f 3794/1561/2037 3759/1560/2037 3761/1562/2038 3795/1563/2038
f 3795/1563/2038 3761/1562/2038 3763/1564/2039 3796/1565/2039
f 3796/1565/2039 3763/1564/2039 3765/1566/2040 3797/1567/2040
f 3797/1567/2040 3765/1566/2040 3767/1568/2041 3798/1569/2041
f 3798/1569/2041 3767/1568/2041 3769/1570/2042 3799/1571/2042
f 3799/1571/2042 3769/1570/2042 3771/1572/2043 3800/1573/2043
f 3800/1573/2043 3771/1572/2043 3773/1574/2044 3801/1575/2044
f 3801/1575/2044 3773/1574/2044 3775/1576/2045 3802/1577/2045
f 3802/1577/2045 3775/1576/2045 3777/1578/2046 3803/1579/2046
f 3803/1579/2046 3777/1578/2046 3779/1580/2047 3804/1581/2047
f 3804/1581/2047 3779/1580/2047 3781/1582/2048 3805/1583/2048
f 3805/1583/2048 3781/1582/2048 3783/1584/2049 3806/1585/2049
f 3806/1585/2049 3783/1584/2049 3785/1586/2050 3807/1587/2050
f 3807/1587/2050 3785/1586/2050 3787/1588/2051 3808/1589/2051
f 3808/1589/2051 3787/1588/2051 3789/1590/2055 3809/1591/2055
f 3809/1591/2055 3789/1590/2055 3751/1592/2033 3790/1593/2033
f 3752/1596/2056 3750/1597/2056 3790/1598/2056 3791/1599/2056
f 3754/1600/2056 3752/1596/2056 3791/1599/2056 3792/1601/2056
f 3756/1602/2056 3754/1600/2056 3792/1601/2056 3793/1603/2056
f 3758/1604/2056 3756/1602/2056 3793/1603/2056 3794/1605/2056
f 3760/1606/2056 3758/1604/2056 3794/1605/2056 3795/1607/2056
f 3762/1608/2056 3760/1606/2056 3795/1607/2056 3796/1609/2056
f 3764/1610/2056 3762/1608/2056 3796/1609/2056 3797/1611/2056
f 3766/1612/2056 3764/1610/2056 3797/1611/2056 3798/1613/2056
f 3768/1614/2056 3766/1612/2056 3798/1613/2056 3799/1615/2056
f 3770/1616/2056 3768/1614/2056 3799/1615/2056 3800/1617/2056
f 3772/1618/2056 3770/1616/2056 3800/1617/2056 3801/1619/2056
f 3774/1620/2056 3772/1618/2056 3801/1619/2056 3802/1621/2056
f 3776/1622/2056 3774/1620/2056 3802/1621/2056 3803/1623/2056
f 3778/1624/2056 3776/1622/2056 3803/1623/2056 3804/1625/2056
f 3780/1626/2056 3778/1624/2056 3804/1625/2056 3805/1627/2056
f 3782/1628/2056 3780/1626/2056 3805/1627/2056 3806/1629/2056
f 3784/1630/2056 3782/1628/2056 3806/1629/2056 3807/1631/2056
f 3786/1595/2056 3784/1630/2056 3807/1631/2056 3808/1632/2056
f 3788/1594/2056 3786/1595/2056 3808/1632/2056 3809/1633/2056
f 3750/1597/2056 3788/1594/2056 3809/1633/2056 3790/1598/2056
f 3890/1637/2056 3891/1638/2056 3810/1597/2056 3811/1596/2056
f 3892/1639/2056 3890/1637/2056 3811/1596/2056 3812/1600/2056
f 3893/1640/2056 3892/1639/2056 3812/1600/2056 3813/1602/2056
f 3894/1641/2056 3893/1640/2056 3813/1602/2056 3814/1604/2056
f 3895/1642/2056 3894/1641/2056 3814/1604/2056 3815/1606/2056
f 3896/1643/2056 3895/1642/2056 3815/1606/2056 3816/1608/2056
f 3897/1644/2056 3896/1643/2056 3816/1608/2056 3817/1610/2056
f 3898/1645/2056 3897/1644/2056 3817/1610/2056 3818/1612/2056
f 3899/1646/2056 3898/1645/2056 3818/1612/2056 3819/1614/2056
f 3900/1647/2056 3899/1646/2056 3819/1614/2056 3820/1616/2056
f 3901/1648/2056 3900/1647/2056 3820/1616/2056 3821/1618/2056
f 3902/1649/2056 3901/1648/2056 3821/1618/2056 3822/1620/2056
f 3903/1650/2056 3902/1649/2056 3822/1620/2056 3823/1622/2056
f 3904/1651/2056 3903/1650/2056 3823/1622/2056 3824/1624/2056
f 3905/1652/2056 3904/1651/2056 3824/1624/2056 3825/1626/2056
f 3906/1653/2056 3905/1652/2056 3825/1626/2056 3826/1628/2056
f 3907/1654/2056 3906/1653/2056 3826/1628/2056 3827/1630/2056
f 3908/1655/2056 3907/1654/2056 3827/1630/2056 3828/1595/2056
f 3909/1656/2056 3908/1655/2056 3828/1595/2056 3829/1594/2056
f 3891/1638/2056 3909/1656/2056 3829/1594/2056 3810/1597/2056
f 3888/1638/2056 3889/1637/2056 3887/1639/2056 3886/1640/2056 3885/1641/2056 3884/1642/2056 3883/1643/2056 3882/1644/2056 3881/1645/2056 3880/1646/2056 3879/1647/2056 3878/1648/2056 3877/1649/2056 3876/1650/2056 3875/1651/2056 3874/1652/2056 3873/1653/2056 3872/1654/2056 3871/1655/2056 3870/1656/2056
f 3903/1650/2046 3904/1651/2047 3875/1651/2047 3876/1650/2046
f 3896/1643/2039 3897/1644/2040 3882/1644/2040 3883/1643/2039
f 3904/1651/2047 3905/1652/2048 3874/1652/2048 3875/1651/2047
f 3897/1644/2040 3898/1645/2041 3881/1645/2041 3882/1644/2040
f 3891/1638/2033 3890/1637/2034 3889/1637/2034 3888/1638/2033
f 3905/1652/2048 3906/1653/2049 3873/1653/2049 3874/1652/2048
f 3898/1645/2041 3899/1646/2042 3880/1646/2042 3881/1645/2041
f 3890/1637/2034 3892/1639/2035 3887/1639/2035 3889/1637/2034
f 3906/1653/2049 3907/1654/2050 3872/1654/2050 3873/1653/2049
f 3899/1646/2042 3900/1647/2043 3879/1647/2043 3880/1646/2042
f 3892/1639/2035 3893/1640/2036 3886/1640/2036 3887/1639/2035
f 3907/1654/2050 3908/1655/2051 3871/1655/2051 3872/1654/2050
f 3900/1647/2043 3901/1648/2044 3878/1648/2044 3879/1647/2043
f 3893/1640/2036 3894/1641/2037 3885/1641/2037 3886/1640/2036
f 3908/1655/2051 3909/1656/2055 3870/1656/2055 3871/1655/2051
f 3901/1648/2044 3902/1649/2045 3877/1649/2045 3878/1648/2044
f 3894/1641/2037 3895/1642/2038 3884/1642/2038 3885/1641/2037
f 3909/1656/2055 3891/1638/2033 3888/1638/2033 3870/1656/2055
f 3902/1649/2045 3903/1650/2046 3876/1650/2046 3877/1649/2045
f 3895/1642/2038 3896/1643/2039 3883/1643/2039 3884/1642/2038
f 3782/1628/2049 3784/1630/2050 3915/1630/2050 3929/1628/2049
f 3752/1596/2034 3754/1600/2035 3913/1677/2035 3928/1596/2034
f 3766/1612/2041 3768/1614/2042 3911/1635/2042 3927/1678/2041
f 3780/1626/2048 3782/1628/2049 3929/1628/2049 3926/1626/2048
f 3750/1597/2033 3752/1596/2034 3928/1596/2034 3921/1597/2033
f 3764/1610/2040 3766/1612/2041 3927/1678/2041 3925/1610/2040
f 3778/1624/2047 3780/1626/2048 3926/1626/2048 3924/1634/2047
f 3762/1608/2039 3764/1610/2040 3925/1610/2040 3923/1608/2039
f 3776/1622/2046 3778/1624/2047 3924/1634/2047 3922/1622/2046
f 3760/1606/2038 3762/1608/2039 3923/1608/2039 3920/1606/2038
f 3774/1620/2045 3776/1622/2046 3922/1622/2046 3919/1620/2045
f 3788/1594/2055 3750/1597/2033 3921/1597/2033 3918/1594/2055
f 3758/1604/2037 3760/1606/2038 3920/1606/2038 3917/1604/2037
f 3772/1618/2044 3774/1620/2045 3919/1620/2045 3916/1618/2044
f 3786/1595/2051 3788/1594/2055 3918/1594/2055 3914/1595/2051
f 3756/1602/2036 3758/1604/2037 3917/1604/2037 3912/1679/2036
f 3770/1616/2043 3772/1618/2044 3916/1618/2044 3910/1636/2043
f 3784/1630/2050 3786/1595/2051 3914/1595/2051 3915/1630/2050
f 3754/1600/2035 3756/1602/2036 3912/1679/2036 3913/1677/2035
f 3768/1614/2042 3770/1616/2043 3910/1636/2043 3911/1635/2042
usemtl Material.002
f 3757/1558/2052 3755/1556/2053 3832/1556/2054 3833/1558/2052
f 3829/1594/2056 3828/1595/2056 3948/1595/2056 3949/1594/2056
f 3917/1604/2057 3920/1606/2057 3957/1606/2057 3954/1604/2057
f 3815/1606/2056 3814/1604/2056 3934/1604/2056 3935/1606/2056
f 3828/1595/2056 3827/1630/2056 3947/1630/2056 3948/1595/2056
f 3918/1594/2057 3921/1597/2057 3958/1597/2057 3955/1594/2057
f 3814/1604/2056 3813/1602/2056 3933/1602/2056 3934/1604/2056
f 3827/1630/2056 3826/1628/2056 3946/1628/2056 3947/1630/2056
f 3919/1620/2057 3922/1622/2057 3959/1622/2057 3956/1620/2057
f 3813/1602/2056 3812/1600/2056 3932/1600/2056 3933/1602/2056
f 3826/1628/2056 3825/1626/2056 3945/1626/2056 3946/1628/2056
f 3920/1606/2057 3923/1608/2057 3960/1608/2057 3957/1606/2057
f 3812/1600/2056 3811/1596/2056 3931/1596/2056 3932/1600/2056
f 3825/1626/2056 3824/1624/2056 3944/1624/2056 3945/1626/2056
f 3922/1622/2057 3924/1634/2057 3961/1634/2057 3959/1622/2057
f 3811/1596/2056 3810/1597/2056 3930/1597/2056 3931/1596/2056
f 3824/1624/2056 3823/1622/2056 3943/1622/2056 3944/1624/2056
f 3923/1608/2057 3925/1610/2057 3962/1610/2057 3960/1608/2057
f 3823/1622/2056 3822/1620/2056 3942/1620/2056 3943/1622/2056
f 3924/1634/2057 3926/1626/2057 3963/1626/2057 3961/1634/2057
f 3911/1635/2057 3910/1636/2057 3950/1636/2057 3967/1635/2057
f 3833/1558/2036 3832/1556/2035 3852/1556/2035 3853/1558/2036
f 3767/1568/2058 3765/1566/2059 3837/1566/2059 3838/1568/2058
f 3753/1554/2060 3751/1553/2061 3831/1553/2061 3830/1554/2060
f 3777/1578/2062 3775/1576/2063 3842/1576/2063 3843/1578/2062
f 3787/1588/2064 3785/1586/2065 3847/1586/2065 3848/1588/2066
f 3763/1564/2067 3761/1562/2068 3835/1562/2068 3836/1564/2067
f 3773/1574/2069 3771/1572/2070 3840/1572/2070 3841/1574/2069
f 3783/1584/2071 3781/1582/2072 3845/1582/2072 3846/1584/2071
f 3759/1560/2073 3757/1558/2052 3833/1558/2052 3834/1560/2073
f 3769/1570/2074 3767/1568/2058 3838/1568/2058 3839/1570/2074
f 3779/1580/2075 3777/1578/2062 3843/1578/2062 3844/1580/2075
f 3789/1590/2076 3787/1588/2064 3848/1588/2066 3849/1590/2076
f 3755/1556/2053 3753/1554/2060 3830/1554/2060 3832/1556/2054
f 3765/1566/2059 3763/1564/2067 3836/1564/2067 3837/1566/2059
f 3775/1576/2063 3773/1574/2069 3841/1574/2069 3842/1576/2063
f 3785/1586/2065 3783/1584/2071 3846/1584/2071 3847/1586/2065
f 3761/1562/2068 3759/1560/2073 3834/1560/2073 3835/1562/2068
f 3771/1572/2070 3769/1570/2074 3839/1570/2074 3840/1572/2070
f 3781/1582/2072 3779/1580/2075 3844/1580/2075 3845/1582/2072
f 3751/1592/2061 3789/1590/2076 3849/1590/2076 3831/1592/2061
f 3850/1657/2057 3851/1658/2057 3869/1659/2057 3868/1660/2057 3867/1661/2057 3866/1662/2057 3865/1663/2057 3864/1664/2057 3863/1665/2057 3862/1666/2057 3861/1667/2057 3860/1668/2057 3859/1669/2057 3858/1670/2057 3857/1671/2057 3856/1672/2057 3855/1673/2057 3854/1674/2057 3853/1675/2057 3852/1676/2057
f 3848/1588/2051 3847/1586/2050 3867/1586/2050 3868/1588/2051
f 3841/1574/2044 3840/1572/2043 3860/1572/2043 3861/1574/2044
f 3834/1560/2037 3833/1558/2036 3853/1558/2036 3854/1560/2037
f 3849/1590/2055 3848/1588/2051 3868/1588/2051 3869/1590/2055
f 3842/1576/2045 3841/1574/2044 3861/1574/2044 3862/1576/2045
f 3835/1562/2038 3834/1560/2037 3854/1560/2037 3855/1562/2038
f 3831/1592/2033 3849/1590/2055 3869/1590/2055 3851/1592/2033
f 3843/1578/2046 3842/1576/2045 3862/1576/2045 3863/1578/2046
f 3836/1564/2039 3835/1562/2038 3855/1562/2038 3856/1564/2039
f 3844/1580/2047 3843/1578/2046 3863/1578/2046 3864/1580/2047
f 3837/1566/2040 3836/1564/2039 3856/1564/2039 3857/1566/2040
f 3845/1582/2048 3844/1580/2047 3864/1580/2047 3865/1582/2048
f 3838/1568/2041 3837/1566/2040 3857/1566/2040 3858/1568/2041
f 3830/1554/2034 3831/1553/2033 3851/1553/2033 3850/1554/2034
f 3846/1584/2049 3845/1582/2048 3865/1582/2048 3866/1584/2049
f 3839/1570/2042 3838/1568/2041 3858/1568/2041 3859/1570/2042
f 3832/1556/2035 3830/1554/2034 3850/1554/2034 3852/1556/2035
f 3847/1586/2050 3846/1584/2049 3866/1584/2049 3867/1586/2050
f 3840/1572/2043 3839/1570/2042 3859/1570/2042 3860/1572/2043
f 3967/1635/2042 3950/1636/2043 3940/1616/2043 3939/1614/2042
f 3968/1677/2035 3951/1679/2036 3933/1602/2036 3932/1600/2035
f 3969/1630/2050 3952/1595/2051 3948/1595/2051 3947/1630/2050
f 3950/1636/2043 3953/1618/2044 3941/1618/2044 3940/1616/2043
f 3951/1679/2036 3954/1604/2037 3934/1604/2037 3933/1602/2036
f 3952/1595/2051 3955/1594/2055 3949/1594/2055 3948/1595/2051
f 3953/1618/2044 3956/1620/2045 3942/1620/2045 3941/1618/2044
f 3954/1604/2037 3957/1606/2038 3935/1606/2038 3934/1604/2037
f 3955/1594/2055 3958/1597/2033 3930/1597/2033 3949/1594/2055
f 3956/1620/2045 3959/1622/2046 3943/1622/2046 3942/1620/2045
f 3957/1606/2038 3960/1608/2039 3936/1608/2039 3935/1606/2038
f 3959/1622/2046 3961/1634/2047 3944/1624/2047 3943/1622/2046
f 3960/1608/2039 3962/1610/2040 3937/1610/2040 3936/1608/2039
f 3961/1634/2047 3963/1626/2048 3945/1626/2048 3944/1624/2047
f 3962/1610/2040 3964/1678/2041 3938/1612/2041 3937/1610/2040
f 3958/1597/2033 3965/1596/2034 3931/1596/2034 3930/1597/2033
f 3963/1626/2048 3966/1628/2049 3946/1628/2049 3945/1626/2048
f 3964/1678/2041 3967/1635/2042 3939/1614/2042 3938/1612/2041
f 3965/1596/2034 3968/1677/2035 3932/1600/2035 3931/1596/2034
f 3966/1628/2049 3969/1630/2050 3947/1630/2050 3946/1628/2049
f 3816/1608/2056 3815/1606/2056 3935/1606/2056 3936/1608/2056
f 3916/1618/2057 3919/1620/2057 3956/1620/2057 3953/1618/2057
f 3810/1597/2056 3829/1594/2056 3949/1594/2056 3930/1597/2056
f 3929/1628/2057 3915/1630/2057 3969/1630/2057 3966/1628/2057
f 3817/1610/2056 3816/1608/2056 3936/1608/2056 3937/1610/2056
f 3914/1595/2057 3918/1594/2057 3955/1594/2057 3952/1595/2057
f 3928/1596/2057 3913/1677/2057 3968/1677/2057 3965/1596/2057
f 3818/1612/2056 3817/1610/2056 3937/1610/2056 3938/1612/2056
f 3912/1679/2057 3917/1604/2057 3954/1604/2057 3951/1679/2057
f 3927/1678/2057 3911/1635/2057 3967/1635/2057 3964/1678/2057
f 3819/1614/2056 3818/1612/2056 3938/1612/2056 3939/1614/2056
f 3910/1636/2057 3916/1618/2057 3953/1618/2057 3950/1636/2057
f 3926/1626/2057 3929/1628/2057 3966/1628/2057 3963/1626/2057
f 3820/1616/2056 3819/1614/2056 3939/1614/2056 3940/1616/2056
f 3915/1630/2057 3914/1595/2057 3952/1595/2057 3969/1630/2057
f 3921/1597/2057 3928/1596/2057 3965/1596/2057 3958/1597/2057
f 3821/1618/2056 3820/1616/2056 3940/1616/2056 3941/1618/2056
f 3913/1677/2057 3912/1679/2057 3951/1679/2057 3968/1677/2057
f 3925/1610/2057 3927/1678/2057 3964/1678/2057 3962/1610/2057
f 3822/1620/2056 3821/1618/2056 3941/1618/2056 3942/1620/2056
o Circle
v 0.497389 -1.436071 -2.248560
v 0.491630 -1.438655 -2.240337
v 0.483011 -1.440382 -2.234843
v 0.446276 -1.433022 -2.258259
v 0.446787 -1.431467 -2.263203
v 0.448299 -1.429973 -2.267958
v 0.450754 -1.428596 -2.272340
v 0.454058 -1.427388 -2.276180
v 0.458084 -1.426397 -2.279332
v 0.462677 -1.425661 -2.281674
v 0.467661 -1.425208 -2.283117
v 0.499411 -1.433022 -2.258259
v 0.494228 -1.432869 -2.258746
v 0.484651 -1.431679 -2.262530
v 0.477321 -1.429481 -2.269523
v 0.473354 -1.426609 -2.278659
v 0.472844 -1.425055 -2.283603
v 0.451459 -1.433175 -2.257772
v 0.456443 -1.433628 -2.256330
v 0.461036 -1.434364 -2.253988
v 0.465062 -1.435355 -2.250835
v 0.468366 -1.436563 -2.246995
v 0.470821 -1.437940 -2.242613
v 0.472333 -1.439435 -2.237859
v 0.472844 -1.440989 -2.232914
v 0.491630 -1.447209 -2.243026
v 0.483011 -1.448936 -2.237532
v 0.472844 -1.449543 -2.235603
v 0.448299 -1.438527 -2.270647
v 0.450754 -1.437149 -2.275028
v 0.454058 -1.435942 -2.278869
v 0.458084 -1.434951 -2.282021
v 0.462677 -1.434215 -2.284363
v 0.467661 -1.433762 -2.285805
v 0.472844 -1.433609 -2.286292
v 0.478027 -1.433762 -2.285805
v 0.497389 -1.444625 -2.251249
v 0.492796 -1.443888 -2.253591
v 0.485466 -1.441690 -2.260583
v 0.481499 -1.438818 -2.269720
v 0.481499 -1.435710 -2.279609
v 0.483011 -1.434215 -2.284363
v 0.452892 -1.439263 -2.268305
v 0.456918 -1.440254 -2.265153
v 0.460222 -1.441461 -2.261312
v 0.462677 -1.442838 -2.256930
v 0.464189 -1.444333 -2.252176
v 0.464699 -1.445887 -2.247231
v 0.464189 -1.447442 -2.242287
v 0.462677 -1.448936 -2.237532
v 0.483011 -1.457490 -2.240221
v 0.472844 -1.458097 -2.238292
v 0.462677 -1.457490 -2.240221
v 0.454058 -1.444496 -2.281558
v 0.458084 -1.443505 -2.284710
v 0.462677 -1.442769 -2.287052
v 0.467661 -1.442315 -2.288494
v 0.472844 -1.442162 -2.288981
v 0.478027 -1.442315 -2.288494
v 0.483011 -1.442769 -2.287052
v 0.487604 -1.443505 -2.284710
v 0.491630 -1.455763 -2.245715
v 0.488326 -1.454556 -2.249556
v 0.484359 -1.451684 -2.258692
v 0.484359 -1.448575 -2.268581
v 0.488326 -1.445703 -2.277717
v 0.491630 -1.444496 -2.281558
v 0.457362 -1.445703 -2.277717
v 0.459817 -1.447081 -2.273336
v 0.461329 -1.448575 -2.268581
v 0.461839 -1.450129 -2.263637
v 0.461329 -1.451684 -2.258692
v 0.459817 -1.453178 -2.253938
v 0.457362 -1.454556 -2.249556
v 0.454058 -1.455763 -2.245715
v 0.472844 -1.466650 -2.240981
v 0.462677 -1.466044 -2.242910
v 0.454058 -1.464317 -2.248404
v 0.462677 -1.451323 -2.289741
v 0.467661 -1.450869 -2.291183
v 0.472844 -1.450716 -2.291670
v 0.478027 -1.450869 -2.291183
v 0.483011 -1.451323 -2.289741
v 0.487604 -1.452059 -2.287399
v 0.491630 -1.453050 -2.284247
v 0.494934 -1.454257 -2.280406
v 0.483011 -1.466044 -2.242910
v 0.481499 -1.464549 -2.247664
v 0.481499 -1.461441 -2.257554
v 0.485466 -1.458569 -2.266690
v 0.492796 -1.456371 -2.273682
v 0.497389 -1.455634 -2.276025
v 0.464189 -1.452817 -2.284986
v 0.464699 -1.454371 -2.280042
v 0.464189 -1.455926 -2.275097
v 0.462677 -1.457420 -2.270343
v 0.460222 -1.458798 -2.265961
v 0.456918 -1.460005 -2.262120
v 0.452892 -1.460996 -2.258969
v 0.448299 -1.461732 -2.256627
v 0.462677 -1.474598 -2.245599
v 0.454058 -1.472871 -2.251093
v 0.448299 -1.470286 -2.259315
v 0.472844 -1.459270 -2.294359
v 0.478027 -1.459423 -2.293872
v 0.483011 -1.459876 -2.292430
v 0.487604 -1.460613 -2.290088
v 0.491630 -1.461604 -2.286936
v 0.494934 -1.462811 -2.283095
v 0.497389 -1.464188 -2.278713
v 0.498901 -1.465683 -2.273959
v 0.472844 -1.475204 -2.243670
v 0.473354 -1.473650 -2.248614
v 0.477321 -1.470778 -2.257751
v 0.484651 -1.468580 -2.264743
v 0.494228 -1.467390 -2.268528
v 0.499411 -1.467237 -2.269014
v 0.472333 -1.460824 -2.289415
v 0.470821 -1.462319 -2.284660
v 0.468366 -1.463696 -2.280278
v 0.465062 -1.464904 -2.276438
v 0.461036 -1.465894 -2.273286
v 0.456443 -1.466631 -2.270944
v 0.451459 -1.467084 -2.269501
v 0.446276 -1.467237 -2.269014
v 0.454058 -1.481424 -2.253782
v 0.448299 -1.478840 -2.262004
v 0.446276 -1.475791 -2.271703
v 0.483011 -1.468430 -2.295119
v 0.487604 -1.469167 -2.292777
v 0.491630 -1.470157 -2.289625
v 0.494934 -1.471365 -2.285784
v 0.497389 -1.472742 -2.281402
v 0.498901 -1.474237 -2.276648
v 0.499411 -1.475791 -2.271703
v 0.498901 -1.477345 -2.266759
v 0.462677 -1.483152 -2.248288
v 0.465132 -1.481774 -2.252670
v 0.472462 -1.479576 -2.259662
v 0.482039 -1.478386 -2.263447
v 0.492405 -1.478386 -2.263447
v 0.497389 -1.478840 -2.262004
v 0.480556 -1.469808 -2.290737
v 0.477252 -1.471015 -2.286896
v 0.473226 -1.472006 -2.283744
v 0.468632 -1.472742 -2.281402
v 0.463649 -1.473195 -2.279960
v 0.458466 -1.473348 -2.279473
v 0.453283 -1.473195 -2.279960
v 0.448299 -1.472742 -2.281402
v 0.448299 -1.487394 -2.264693
v 0.446276 -1.484345 -2.274392
v 0.448299 -1.481296 -2.284091
v 0.491630 -1.478711 -2.292314
v 0.494934 -1.479918 -2.288473
v 0.497389 -1.481296 -2.284091
v 0.498901 -1.482790 -2.279337
v 0.499411 -1.484345 -2.274392
v 0.498901 -1.485899 -2.269448
v 0.497389 -1.487394 -2.264693
v 0.494934 -1.488771 -2.260311
v 0.454058 -1.489978 -2.256471
v 0.458084 -1.488987 -2.259623
v 0.467661 -1.487798 -2.263407
v 0.478027 -1.487798 -2.263407
v 0.487604 -1.488988 -2.259623
v 0.491630 -1.489978 -2.256471
v 0.487604 -1.479702 -2.289162
v 0.483011 -1.480438 -2.286819
v 0.478027 -1.480892 -2.285377
v 0.472844 -1.481045 -2.284890
v 0.467661 -1.480892 -2.285377
v 0.462677 -1.480438 -2.286819
v 0.458084 -1.479702 -2.289162
v 0.454058 -1.478711 -2.292314
v 0.446276 -1.492899 -2.277081
v 0.448299 -1.489850 -2.286780
v 0.454058 -1.487265 -2.295002
v 0.497389 -1.489850 -2.286780
v 0.498901 -1.491344 -2.282026
v 0.499411 -1.492899 -2.277081
v 0.498901 -1.494453 -2.272137
v 0.497389 -1.495947 -2.267382
v 0.494934 -1.497325 -2.263000
v 0.491630 -1.498532 -2.259160
v 0.487604 -1.499523 -2.256008
v 0.448299 -1.495947 -2.267382
v 0.453283 -1.495494 -2.268824
v 0.463649 -1.495494 -2.268824
v 0.473226 -1.496684 -2.265040
v 0.480556 -1.498882 -2.258047
v 0.483011 -1.500259 -2.253666
v 0.492405 -1.490303 -2.285338
v 0.487222 -1.490456 -2.284851
v 0.482039 -1.490303 -2.285338
v 0.477055 -1.489850 -2.286780
v 0.472462 -1.489113 -2.289122
v 0.468436 -1.488123 -2.292274
v 0.465132 -1.486915 -2.296115
v 0.462677 -1.485538 -2.300497
v 0.448299 -1.498404 -2.289469
v 0.454058 -1.495819 -2.297691
v 0.462677 -1.494092 -2.303185
v 0.499411 -1.501452 -2.279770
v 0.498901 -1.503007 -2.274826
v 0.497389 -1.504501 -2.270071
v 0.494934 -1.505879 -2.265689
v 0.491630 -1.507086 -2.261849
v 0.487604 -1.508077 -2.258697
v 0.483011 -1.508813 -2.256355
v 0.478027 -1.509266 -2.254912
v 0.446276 -1.501452 -2.279770
v 0.451459 -1.501606 -2.279283
v 0.461036 -1.502795 -2.275499
v 0.468366 -1.504993 -2.268506
v 0.472333 -1.507865 -2.259370
v 0.472844 -1.509419 -2.254425
v 0.494228 -1.501299 -2.280257
v 0.489244 -1.500846 -2.281699
v 0.484651 -1.500110 -2.284041
v 0.480625 -1.499119 -2.287193
v 0.477321 -1.497912 -2.291034
v 0.474866 -1.496534 -2.295416
v 0.473354 -1.495040 -2.300170
v 0.472844 -1.493485 -2.305115
v 0.454058 -1.504373 -2.300380
v 0.462677 -1.502646 -2.305874
v 0.472844 -1.502039 -2.307804
v 0.497389 -1.513055 -2.272760
v 0.494934 -1.514432 -2.268378
v 0.491630 -1.515640 -2.264538
v 0.487604 -1.516631 -2.261385
v 0.483011 -1.517367 -2.259043
v 0.478027 -1.517820 -2.257601
v 0.472844 -1.517973 -2.257114
v 0.467661 -1.517820 -2.257601
v 0.448299 -1.506957 -2.292158
v 0.452892 -1.507694 -2.289816
v 0.460222 -1.509892 -2.282823
v 0.464189 -1.512764 -2.273687
v 0.464189 -1.515872 -2.263798
v 0.462677 -1.517367 -2.259043
v 0.492796 -1.512319 -2.275102
v 0.488770 -1.511328 -2.278254
v 0.485466 -1.510121 -2.282094
v 0.483011 -1.508743 -2.286476
v 0.481499 -1.507249 -2.291231
v 0.480988 -1.505694 -2.296175
v 0.481499 -1.504140 -2.301120
v 0.483011 -1.502646 -2.305874
v 0.462677 -1.511199 -2.308563
v 0.472844 -1.510593 -2.310493
v 0.483011 -1.511199 -2.308563
v 0.491630 -1.524194 -2.267226
v 0.487604 -1.525184 -2.264074
v 0.483011 -1.525921 -2.261732
v 0.478027 -1.526374 -2.260290
v 0.472844 -1.526527 -2.259803
v 0.467661 -1.526374 -2.260290
v 0.462677 -1.525921 -2.261732
v 0.458084 -1.525184 -2.264074
v 0.454058 -1.512926 -2.303069
v 0.457362 -1.514134 -2.299228
v 0.461329 -1.517006 -2.290092
v 0.461329 -1.520114 -2.280203
v 0.457362 -1.522986 -2.271067
v 0.454058 -1.524194 -2.267226
v 0.488326 -1.522986 -2.271067
v 0.485871 -1.521609 -2.275449
v 0.484359 -1.520114 -2.280203
v 0.483848 -1.518560 -2.285148
v 0.484359 -1.517006 -2.290092
v 0.485871 -1.515511 -2.294847
v 0.488326 -1.514134 -2.299228
v 0.491630 -1.512926 -2.303069
v 0.472844 -1.519147 -2.313181
v 0.483011 -1.519753 -2.311252
v 0.491630 -1.521480 -2.305758
v 0.483011 -1.534474 -2.264421
v 0.478027 -1.534928 -2.262979
v 0.472844 -1.535081 -2.262492
v 0.467661 -1.534928 -2.262979
v 0.462677 -1.534474 -2.264421
v 0.458084 -1.533738 -2.266763
v 0.454058 -1.532747 -2.269915
v 0.450754 -1.531540 -2.273756
v 0.462677 -1.519753 -2.311252
v 0.464189 -1.521248 -2.306498
v 0.464189 -1.524356 -2.296609
v 0.460222 -1.527228 -2.287472
v 0.452892 -1.529426 -2.280480
v 0.448299 -1.530163 -2.278138
v 0.481499 -1.532980 -2.269176
v 0.480988 -1.531426 -2.274120
v 0.481499 -1.529871 -2.279065
v 0.483011 -1.528377 -2.283819
v 0.485466 -1.526999 -2.288201
v 0.488770 -1.525792 -2.292042
v 0.492796 -1.524801 -2.295193
v 0.497389 -1.524065 -2.297536
v 0.483011 -1.528307 -2.313941
v 0.491630 -1.530034 -2.308447
v 0.497389 -1.532619 -2.300225
v 0.472844 -1.543635 -2.265181
v 0.467661 -1.543482 -2.265668
v 0.462677 -1.543028 -2.267110
v 0.458084 -1.542292 -2.269452
v 0.454058 -1.541301 -2.272604
v 0.450754 -1.540094 -2.276445
v 0.448299 -1.538717 -2.280827
v 0.446787 -1.537222 -2.285581
v 0.472844 -1.527701 -2.315870
v 0.472333 -1.529255 -2.310926
v 0.468366 -1.532127 -2.301790
v 0.461036 -1.534325 -2.294797
v 0.451459 -1.535515 -2.291013
v 0.446276 -1.535668 -2.290525
v 0.473354 -1.542080 -2.270125
v 0.474866 -1.540586 -2.274880
v 0.477321 -1.539209 -2.279262
v 0.480625 -1.538001 -2.283102
v 0.484651 -1.537010 -2.286254
v 0.489244 -1.536274 -2.288596
v 0.494228 -1.535821 -2.290039
v 0.499411 -1.535668 -2.290525
v 0.491630 -1.538588 -2.311136
v 0.497389 -1.541173 -2.302913
v 0.499411 -1.544222 -2.293214
v 0.462677 -1.551582 -2.269799
v 0.458084 -1.550846 -2.272141
v 0.454058 -1.549855 -2.275293
v 0.450754 -1.548648 -2.279134
v 0.448299 -1.547270 -2.283515
v 0.446787 -1.545776 -2.288270
v 0.446276 -1.544222 -2.293214
v 0.446787 -1.542667 -2.298159
v 0.483011 -1.536861 -2.316630
v 0.480556 -1.538238 -2.312248
v 0.473226 -1.540436 -2.305255
v 0.463649 -1.541626 -2.301471
v 0.453283 -1.541626 -2.301471
v 0.448299 -1.541173 -2.302913
v 0.465132 -1.550205 -2.274181
v 0.468436 -1.548997 -2.278021
v 0.472462 -1.548007 -2.281173
v 0.477055 -1.547270 -2.283515
v 0.482039 -1.546817 -2.284958
v 0.487222 -1.546664 -2.285445
v 0.492405 -1.546817 -2.284958
v 0.497389 -1.547270 -2.283515
v 0.497389 -1.549726 -2.305602
v 0.499411 -1.552775 -2.295903
v 0.497389 -1.555824 -2.286204
v 0.454058 -1.558409 -2.277982
v 0.450754 -1.557202 -2.281823
v 0.448299 -1.555824 -2.286204
v 0.446787 -1.554330 -2.290959
v 0.446276 -1.552775 -2.295903
v 0.446787 -1.551221 -2.300848
v 0.448299 -1.549726 -2.305602
v 0.450754 -1.548349 -2.309984
v 0.491630 -1.547142 -2.313825
v 0.487604 -1.548133 -2.310673
v 0.478027 -1.549322 -2.306888
v 0.467661 -1.549322 -2.306888
v 0.458084 -1.548133 -2.310673
v 0.454058 -1.547142 -2.313825
v 0.458084 -1.557418 -2.281134
v 0.462677 -1.556682 -2.283476
v 0.467661 -1.556229 -2.284918
v 0.472844 -1.556075 -2.285405
v 0.478027 -1.556229 -2.284918
v 0.483011 -1.556682 -2.283476
v 0.487604 -1.557418 -2.281134
v 0.491630 -1.558409 -2.277982
v 0.499411 -1.561329 -2.298592
v 0.497389 -1.564378 -2.288893
v 0.491630 -1.566963 -2.280671
v 0.448299 -1.564378 -2.288893
v 0.446787 -1.562883 -2.293648
v 0.446276 -1.561329 -2.298592
v 0.446787 -1.559775 -2.303537
v 0.448299 -1.558280 -2.308291
v 0.450754 -1.556903 -2.312673
v 0.454058 -1.555696 -2.316514
v 0.458084 -1.554705 -2.319665
v 0.497389 -1.558280 -2.308291
v 0.492405 -1.558734 -2.306849
v 0.482039 -1.558734 -2.306849
v 0.472462 -1.557544 -2.310633
v 0.465132 -1.555346 -2.317626
v 0.462677 -1.553969 -2.322008
v 0.453283 -1.563925 -2.290335
v 0.458466 -1.563771 -2.290823
v 0.463649 -1.563925 -2.290335
v 0.468632 -1.564378 -2.288893
v 0.473226 -1.565114 -2.286551
v 0.477252 -1.566105 -2.283399
v 0.480556 -1.567312 -2.279559
v 0.483011 -1.568690 -2.275177
v 0.497389 -1.572932 -2.291582
v 0.491630 -1.575517 -2.283360
v 0.483011 -1.577244 -2.277866
v 0.446276 -1.569883 -2.301281
v 0.446787 -1.568329 -2.306226
v 0.448299 -1.566834 -2.310980
v 0.450754 -1.565457 -2.315362
v 0.454058 -1.564249 -2.319202
v 0.458084 -1.563259 -2.322354
v 0.462677 -1.562522 -2.324697
v 0.467661 -1.562069 -2.326139
v 0.499411 -1.569883 -2.301281
v 0.494228 -1.569730 -2.301768
v 0.484651 -1.568540 -2.305552
v 0.477321 -1.566342 -2.312545
v 0.473354 -1.563470 -2.321681
v 0.472844 -1.561916 -2.326626
v 0.451459 -1.570036 -2.300794
v 0.456443 -1.570489 -2.299352
v 0.461036 -1.571226 -2.297010
v 0.465062 -1.572217 -2.293858
v 0.468366 -1.573424 -2.290017
v 0.470821 -1.574801 -2.285635
v 0.472333 -1.576296 -2.280881
v 0.472844 -1.577850 -2.275936
v 0.491630 -1.584070 -2.286049
v 0.483011 -1.585797 -2.280555
v 0.472844 -1.586404 -2.278625
v 0.448299 -1.575388 -2.313669
v 0.450754 -1.574010 -2.318051
v 0.454058 -1.572803 -2.321891
v 0.458084 -1.571812 -2.325043
v 0.462677 -1.571076 -2.327385
v 0.467661 -1.570623 -2.328828
v 0.472844 -1.570470 -2.329315
v 0.478027 -1.570623 -2.328828
v 0.497389 -1.581486 -2.294271
v 0.492796 -1.580749 -2.296613
v 0.485466 -1.578551 -2.303606
v 0.481499 -1.575679 -2.312742
v 0.481499 -1.572571 -2.322631
v 0.483011 -1.571076 -2.327385
v 0.452892 -1.576124 -2.311327
v 0.456918 -1.577115 -2.308175
v 0.460222 -1.578322 -2.304334
v 0.462677 -1.579700 -2.299953
v 0.464189 -1.581194 -2.295198
v 0.464699 -1.582749 -2.290254
v 0.464189 -1.584303 -2.285309
v 0.462677 -1.585797 -2.280555
v 0.483011 -1.594351 -2.283243
v 0.472844 -1.594958 -2.281314
v 0.462677 -1.594351 -2.283243
v 0.454058 -1.581357 -2.324580
v 0.458084 -1.580366 -2.327732
v 0.462677 -1.579630 -2.330074
v 0.467661 -1.579177 -2.331517
v 0.472844 -1.579024 -2.332004
v 0.478027 -1.579177 -2.331517
v 0.483011 -1.579630 -2.330074
v 0.487604 -1.580366 -2.327732
v 0.491630 -1.592624 -2.288738
v 0.488326 -1.591417 -2.292578
v 0.484359 -1.588545 -2.301714
v 0.484359 -1.585436 -2.311603
v 0.488326 -1.582564 -2.320740
v 0.491630 -1.581357 -2.324580
v 0.457362 -1.582564 -2.320740
v 0.459817 -1.583942 -2.316358
v 0.461329 -1.585436 -2.311603
v 0.461839 -1.586991 -2.306659
v 0.461329 -1.588545 -2.301714
v 0.459817 -1.590039 -2.296960
v 0.457362 -1.591417 -2.292578
v 0.454058 -1.592624 -2.288738
v 0.472844 -1.603512 -2.284003
v 0.462677 -1.602905 -2.285932
v 0.454058 -1.601178 -2.291426
v 0.462677 -1.588184 -2.332763
v 0.467661 -1.587730 -2.334205
v 0.472844 -1.587577 -2.334692
v 0.478027 -1.587730 -2.334205
v 0.483011 -1.588184 -2.332763
v 0.487604 -1.588920 -2.330421
v 0.491630 -1.589911 -2.327269
v 0.494934 -1.591118 -2.323429
v 0.483011 -1.602905 -2.285932
v 0.481499 -1.601411 -2.290687
v 0.481499 -1.598302 -2.300576
v 0.485466 -1.595430 -2.309712
v 0.492796 -1.593232 -2.316705
v 0.497389 -1.592496 -2.319047
v 0.464189 -1.589678 -2.328009
v 0.464699 -1.591233 -2.323064
v 0.464189 -1.592787 -2.318120
v 0.462677 -1.594282 -2.313365
v 0.460222 -1.595659 -2.308984
v 0.456918 -1.596866 -2.305143
v 0.452892 -1.597857 -2.301991
v 0.448299 -1.598593 -2.299649
v 0.462677 -1.611459 -2.288621
v 0.454058 -1.609732 -2.294115
v 0.448299 -1.607147 -2.302338
v 0.472844 -1.596131 -2.337381
v 0.478027 -1.596284 -2.336894
v 0.483011 -1.596738 -2.335452
v 0.487604 -1.597474 -2.333110
v 0.491630 -1.598465 -2.329958
v 0.494934 -1.599672 -2.326118
v 0.497389 -1.601049 -2.321736
v 0.498901 -1.602544 -2.316981
v 0.472844 -1.612065 -2.286692
v 0.473354 -1.610511 -2.291636
v 0.477321 -1.607639 -2.300773
v 0.484651 -1.605441 -2.307765
v 0.494228 -1.604251 -2.311550
v 0.499411 -1.604098 -2.312037
v 0.472333 -1.597685 -2.332437
v 0.470821 -1.599180 -2.327682
v 0.468366 -1.600557 -2.323301
v 0.465062 -1.601765 -2.319460
v 0.461036 -1.602756 -2.316308
v 0.456443 -1.603492 -2.313966
v 0.451459 -1.603945 -2.312524
v 0.446276 -1.604098 -2.312037
v 0.454058 -1.618286 -2.296804
v 0.448299 -1.615701 -2.305027
v 0.446276 -1.612652 -2.314726
v 0.483011 -1.605291 -2.338141
v 0.487604 -1.606028 -2.335799
v 0.491630 -1.607018 -2.332647
v 0.494934 -1.608226 -2.328806
v 0.497389 -1.609603 -2.324425
v 0.498901 -1.611098 -2.319670
v 0.499411 -1.612652 -2.314726
v 0.498901 -1.614206 -2.309781
v 0.462677 -1.620013 -2.291310
v 0.465132 -1.618635 -2.295692
v 0.472462 -1.616437 -2.302685
v 0.482039 -1.615248 -2.306469
v 0.492405 -1.615248 -2.306469
v 0.497389 -1.615701 -2.305027
v 0.480556 -1.606669 -2.333759
v 0.477252 -1.607876 -2.329919
v 0.473226 -1.608867 -2.326767
v 0.468632 -1.609603 -2.324425
v 0.463649 -1.610057 -2.322982
v 0.458466 -1.610210 -2.322495
v 0.453282 -1.610057 -2.322982
v 0.448299 -1.609603 -2.324425
v 0.448299 -1.624255 -2.307715
v 0.446276 -1.621206 -2.317415
v 0.448299 -1.618157 -2.327113
v 0.491630 -1.615572 -2.335336
v 0.494934 -1.616780 -2.331495
v 0.497389 -1.618157 -2.327113
v 0.498901 -1.619652 -2.322359
v 0.499411 -1.621206 -2.317415
v 0.498901 -1.622760 -2.312470
v 0.497389 -1.624255 -2.307715
v 0.494934 -1.625632 -2.303334
v 0.454058 -1.626840 -2.299493
v 0.458084 -1.625849 -2.302645
v 0.467661 -1.624659 -2.306429
v 0.478027 -1.624659 -2.306429
v 0.487604 -1.625849 -2.302645
v 0.491630 -1.626840 -2.299493
v 0.487604 -1.616563 -2.332184
v 0.483011 -1.617299 -2.329842
v 0.478027 -1.617753 -2.328400
v 0.472844 -1.617906 -2.327913
v 0.467661 -1.617753 -2.328400
v 0.462677 -1.617299 -2.329842
v 0.458084 -1.616563 -2.332184
v 0.454058 -1.615572 -2.335336
v 0.446276 -1.629760 -2.320103
v 0.448299 -1.626711 -2.329802
v 0.454058 -1.624126 -2.338025
v 0.497389 -1.626711 -2.329802
v 0.498901 -1.628205 -2.325048
v 0.499411 -1.629760 -2.320103
v 0.498901 -1.631314 -2.315159
v 0.497389 -1.632809 -2.310404
v 0.494934 -1.634186 -2.306023
v 0.491630 -1.635393 -2.302182
v 0.487604 -1.636384 -2.299030
v 0.448299 -1.632809 -2.310404
v 0.453282 -1.632355 -2.311847
v 0.463649 -1.632355 -2.311847
v 0.473226 -1.633545 -2.308062
v 0.480556 -1.635743 -2.301070
v 0.483011 -1.637120 -2.296688
v 0.492405 -1.627164 -2.328360
v 0.487222 -1.627317 -2.327873
v 0.482039 -1.627164 -2.328360
v 0.477055 -1.626711 -2.329802
v 0.472462 -1.625975 -2.332144
v 0.468436 -1.624984 -2.335296
v 0.465132 -1.623777 -2.339137
v 0.462677 -1.622399 -2.343519
v 0.448299 -1.635265 -2.332491
v 0.454058 -1.632680 -2.340714
v 0.462677 -1.630953 -2.346208
v 0.499411 -1.638314 -2.322792
v 0.498901 -1.639868 -2.317848
v 0.497389 -1.641362 -2.313093
v 0.494934 -1.642740 -2.308712
v 0.491630 -1.643947 -2.304871
v 0.487604 -1.644938 -2.301719
v 0.483011 -1.645674 -2.299377
v 0.478027 -1.646128 -2.297935
v 0.446276 -1.638314 -2.322792
v 0.451459 -1.638467 -2.322305
v 0.461036 -1.639656 -2.318521
v 0.468366 -1.641854 -2.311528
v 0.472333 -1.644726 -2.302392
v 0.472844 -1.646281 -2.297448
v 0.494228 -1.638160 -2.323279
v 0.489244 -1.637707 -2.324722
v 0.484651 -1.636971 -2.327064
v 0.480625 -1.635980 -2.330215
v 0.477321 -1.634773 -2.334056
v 0.474866 -1.633395 -2.338438
v 0.473354 -1.631901 -2.343192
v 0.472844 -1.630347 -2.348137
v 0.454058 -1.641234 -2.343403
v 0.462677 -1.639507 -2.348897
v 0.472844 -1.638900 -2.350826
v 0.497389 -1.649916 -2.315782
v 0.494934 -1.651294 -2.311400
v 0.491630 -1.652501 -2.307560
v 0.487604 -1.653492 -2.304408
v 0.483011 -1.654228 -2.302066
v 0.478027 -1.654681 -2.300623
v 0.472844 -1.654835 -2.300137
v 0.467661 -1.654681 -2.300623
v 0.448299 -1.643818 -2.335180
v 0.452892 -1.644555 -2.332838
v 0.460222 -1.646753 -2.325845
v 0.464189 -1.649625 -2.316709
v 0.464189 -1.652733 -2.306820
v 0.462677 -1.654228 -2.302066
v 0.492796 -1.649180 -2.318124
v 0.488770 -1.648189 -2.321276
v 0.485466 -1.646982 -2.325117
v 0.483011 -1.645604 -2.329499
v 0.481499 -1.644110 -2.334253
v 0.480988 -1.642556 -2.339198
v 0.481499 -1.641001 -2.344142
v 0.483011 -1.639507 -2.348897
v 0.462677 -1.648061 -2.351585
v 0.472844 -1.647454 -2.353515
v 0.483011 -1.648061 -2.351585
v 0.491630 -1.661055 -2.310249
v 0.487604 -1.662046 -2.307097
v 0.483011 -1.662782 -2.304755
v 0.478027 -1.663235 -2.303312
v 0.472844 -1.663388 -2.302825
v 0.467661 -1.663235 -2.303312
v 0.462677 -1.662782 -2.304755
v 0.458084 -1.662046 -2.307097
v 0.454058 -1.649788 -2.346092
v 0.457362 -1.650995 -2.342251
v 0.461329 -1.653867 -2.333115
v 0.461329 -1.656976 -2.323225
v 0.457362 -1.659847 -2.314089
v 0.454058 -1.661055 -2.310249
v 0.488326 -1.659847 -2.314089
v 0.485871 -1.658470 -2.318471
v 0.484359 -1.656976 -2.323225
v 0.483848 -1.655421 -2.328170
v 0.484359 -1.653867 -2.333115
v 0.485871 -1.652372 -2.337869
v 0.488326 -1.650995 -2.342251
v 0.491630 -1.649788 -2.346092
v 0.472844 -1.656008 -2.356204
v 0.483011 -1.656614 -2.354274
v 0.491630 -1.658341 -2.348780
v 0.483011 -1.671336 -2.307444
v 0.478027 -1.671789 -2.306001
v 0.472844 -1.671942 -2.305514
v 0.467661 -1.671789 -2.306001
v 0.462677 -1.671336 -2.307444
v 0.458084 -1.670599 -2.309786
v 0.454058 -1.669609 -2.312937
v 0.450754 -1.668401 -2.316778
v 0.462677 -1.656614 -2.354274
v 0.464189 -1.658109 -2.349520
v 0.464189 -1.661218 -2.339631
v 0.460222 -1.664090 -2.330495
v 0.452892 -1.666288 -2.323502
v 0.448299 -1.667024 -2.321160
v 0.481499 -1.669841 -2.312198
v 0.480988 -1.668287 -2.317142
v 0.481499 -1.666733 -2.322087
v 0.483011 -1.665238 -2.326841
v 0.485466 -1.663861 -2.331223
v 0.488770 -1.662653 -2.335064
v 0.492796 -1.661662 -2.338216
v 0.497389 -1.660926 -2.340558
v 0.483011 -1.665168 -2.356963
v 0.491630 -1.666895 -2.351469
v 0.497389 -1.669480 -2.343247
v 0.472844 -1.680496 -2.308203
v 0.467661 -1.680343 -2.308690
v 0.462677 -1.679889 -2.310133
v 0.458084 -1.679153 -2.312474
v 0.454058 -1.678162 -2.315626
v 0.450754 -1.676955 -2.319467
v 0.448299 -1.675578 -2.323849
v 0.446787 -1.674083 -2.328603
v 0.472844 -1.664562 -2.358892
v 0.472333 -1.666116 -2.353948
v 0.468366 -1.668988 -2.344812
v 0.461036 -1.671186 -2.337819
v 0.451459 -1.672376 -2.334035
v 0.446276 -1.672529 -2.333548
v 0.473354 -1.678942 -2.313148
v 0.474866 -1.677447 -2.317902
v 0.477321 -1.676070 -2.322284
v 0.480625 -1.674862 -2.326124
v 0.484651 -1.673872 -2.329277
v 0.489244 -1.673135 -2.331619
v 0.494228 -1.672682 -2.333061
v 0.499411 -1.672529 -2.333548
v 0.491630 -1.675449 -2.354158
v 0.497389 -1.678034 -2.345936
v 0.499411 -1.681083 -2.336237
v 0.462677 -1.688443 -2.312821
v 0.458084 -1.687707 -2.315163
v 0.454058 -1.686716 -2.318315
v 0.450754 -1.685509 -2.322156
v 0.448299 -1.684132 -2.326538
v 0.446787 -1.682637 -2.331292
v 0.446276 -1.681083 -2.336237
v 0.446787 -1.679528 -2.341181
v 0.483011 -1.673722 -2.359652
v 0.480555 -1.675099 -2.355270
v 0.473226 -1.677298 -2.348278
v 0.463649 -1.678487 -2.344493
v 0.453282 -1.678487 -2.344493
v 0.448299 -1.678034 -2.345936
v 0.465132 -1.687066 -2.317203
v 0.468436 -1.685859 -2.321044
v 0.472462 -1.684868 -2.324196
v 0.477055 -1.684132 -2.326538
v 0.482039 -1.683678 -2.327980
v 0.487222 -1.683525 -2.328467
v 0.492405 -1.683678 -2.327980
v 0.497389 -1.684132 -2.326538
v 0.497389 -1.686588 -2.348625
v 0.499411 -1.689636 -2.338926
v 0.497389 -1.692685 -2.329227
v 0.454058 -1.695270 -2.321004
v 0.450754 -1.694063 -2.324845
v 0.448299 -1.692685 -2.329227
v 0.446787 -1.691191 -2.333981
v 0.446276 -1.689636 -2.338926
v 0.446787 -1.688082 -2.343870
v 0.448299 -1.686588 -2.348625
v 0.450754 -1.685210 -2.353006
v 0.491630 -1.684003 -2.356847
v 0.487604 -1.684994 -2.353695
v 0.478027 -1.686183 -2.349911
v 0.467661 -1.686183 -2.349911
v 0.458084 -1.684994 -2.353695
v 0.454058 -1.684003 -2.356847
v 0.458084 -1.694279 -2.324156
v 0.462677 -1.693543 -2.326498
v 0.467661 -1.693090 -2.327940
v 0.472844 -1.692937 -2.328428
v 0.478027 -1.693090 -2.327940
v 0.483011 -1.693543 -2.326498
v 0.487604 -1.694279 -2.324156
v 0.491630 -1.695270 -2.321004
v 0.499411 -1.698190 -2.341614
v 0.497389 -1.701239 -2.331916
v 0.491630 -1.703824 -2.323693
v 0.448299 -1.701239 -2.331916
v 0.446787 -1.699745 -2.336670
v 0.446276 -1.698190 -2.341614
v 0.446787 -1.696636 -2.346559
v 0.448299 -1.695141 -2.351314
v 0.450754 -1.693764 -2.355695
v 0.454058 -1.692557 -2.359536
v 0.458084 -1.691566 -2.362688
v 0.497389 -1.695141 -2.351314
v 0.492405 -1.695595 -2.349871
v 0.482039 -1.695595 -2.349871
v 0.472462 -1.694405 -2.353656
v 0.465132 -1.692207 -2.360648
v 0.462677 -1.690830 -2.365030
v 0.453282 -1.700786 -2.333358
v 0.458465 -1.700633 -2.333845
v 0.463649 -1.700786 -2.333358
v 0.468632 -1.701239 -2.331916
v 0.473226 -1.701975 -2.329573
v 0.477251 -1.702966 -2.326421
v 0.480555 -1.704174 -2.322581
v 0.483011 -1.705551 -2.318199
v 0.497389 -1.709793 -2.334605
v 0.491630 -1.712378 -2.326382
v 0.483011 -1.714105 -2.320888
v 0.446276 -1.706744 -2.344303
v 0.446787 -1.705190 -2.349248
v 0.448299 -1.703695 -2.354002
v 0.450754 -1.702318 -2.358384
v 0.454058 -1.701111 -2.362225
v 0.458084 -1.700120 -2.365377
v 0.462677 -1.699383 -2.367719
v 0.467661 -1.698930 -2.369161
v 0.499411 -1.706744 -2.344303
v 0.494228 -1.706591 -2.344790
v 0.484651 -1.705401 -2.348575
v 0.477321 -1.703203 -2.355567
v 0.473354 -1.700331 -2.364704
v 0.472844 -1.698777 -2.369648
v 0.451459 -1.706897 -2.343817
v 0.456443 -1.707351 -2.342374
v 0.461036 -1.708087 -2.340032
v 0.465062 -1.709078 -2.336880
v 0.468366 -1.710285 -2.333040
v 0.470821 -1.711662 -2.328658
v 0.472333 -1.713157 -2.323903
v 0.472844 -1.714711 -2.318959
v 0.491630 -1.720932 -2.329071
v 0.483011 -1.722659 -2.323577
v 0.472844 -1.723265 -2.321648
v 0.448299 -1.712249 -2.356691
v 0.450754 -1.710872 -2.361073
v 0.454058 -1.709664 -2.364914
v 0.458084 -1.708674 -2.368066
v 0.462677 -1.707937 -2.370408
v 0.467661 -1.707484 -2.371850
v 0.472844 -1.707331 -2.372337
v 0.478027 -1.707484 -2.371850
v 0.497389 -1.718347 -2.337293
v 0.492796 -1.717611 -2.339635
v 0.485466 -1.715412 -2.346628
v 0.481499 -1.712541 -2.355764
v 0.481499 -1.709432 -2.365653
v 0.483011 -1.707937 -2.370408
v 0.452892 -1.712985 -2.354349
v 0.456918 -1.713976 -2.351197
v 0.460222 -1.715183 -2.347357
v 0.462677 -1.716561 -2.342975
v 0.464189 -1.718055 -2.338220
v 0.464699 -1.719610 -2.333276
v 0.464189 -1.721164 -2.328331
v 0.462677 -1.722659 -2.323577
v 0.483011 -1.731212 -2.326266
v 0.472844 -1.731819 -2.324337
v 0.462677 -1.731212 -2.326266
v 0.454058 -1.718218 -2.367603
v 0.458084 -1.717227 -2.370754
v 0.462677 -1.716491 -2.373097
v 0.467661 -1.716038 -2.374539
v 0.472844 -1.715885 -2.375026
v 0.478027 -1.716038 -2.374539
v 0.483011 -1.716491 -2.373096
v 0.487604 -1.717227 -2.370754
v 0.491630 -1.729485 -2.331760
v 0.488326 -1.728278 -2.335600
v 0.484359 -1.725406 -2.344737
v 0.484359 -1.722297 -2.354626
v 0.488326 -1.719426 -2.363762
v 0.491630 -1.718218 -2.367603
v 0.457362 -1.719425 -2.363762
v 0.459817 -1.720803 -2.359380
v 0.461329 -1.722297 -2.354626
v 0.461839 -1.723852 -2.349681
v 0.461329 -1.725406 -2.344737
v 0.459817 -1.726901 -2.339982
v 0.457362 -1.728278 -2.335600
v 0.454058 -1.729485 -2.331760
v 0.472844 -1.740373 -2.327025
v 0.462677 -1.739766 -2.328955
v 0.454058 -1.738039 -2.334449
v 0.462677 -1.725045 -2.375786
v 0.467661 -1.724592 -2.377228
v 0.472844 -1.724439 -2.377715
v 0.478027 -1.724592 -2.377228
v 0.483011 -1.725045 -2.375786
v 0.487604 -1.725781 -2.373443
v 0.491630 -1.726772 -2.370291
v 0.494934 -1.727979 -2.366451
v 0.483011 -1.739766 -2.328955
v 0.481499 -1.738272 -2.333709
v 0.481499 -1.735163 -2.343598
v 0.485466 -1.732291 -2.352734
v 0.492796 -1.730093 -2.359727
v 0.497389 -1.729357 -2.362069
v 0.464189 -1.726540 -2.371031
v 0.464699 -1.728094 -2.366086
v 0.464189 -1.729648 -2.361142
v 0.462677 -1.731143 -2.356388
v 0.460222 -1.732520 -2.352006
v 0.456918 -1.733727 -2.348165
v 0.452892 -1.734718 -2.345013
v 0.448299 -1.735455 -2.342671
v 0.462677 -1.748320 -2.331644
v 0.454058 -1.746593 -2.337138
v 0.448299 -1.744008 -2.345360
v 0.472844 -1.732992 -2.380404
v 0.478027 -1.733145 -2.379917
v 0.483011 -1.733599 -2.378474
v 0.487604 -1.734335 -2.376132
v 0.491630 -1.735326 -2.372980
v 0.494934 -1.736533 -2.369140
v 0.497389 -1.737911 -2.364758
v 0.498901 -1.739405 -2.360003
v 0.472844 -1.748927 -2.329714
v 0.473354 -1.747372 -2.334659
v 0.477321 -1.744500 -2.343795
v 0.484651 -1.742302 -2.350788
v 0.494228 -1.741113 -2.354572
v 0.499411 -1.740959 -2.355059
v 0.472333 -1.734547 -2.375459
v 0.470821 -1.736041 -2.370705
v 0.468366 -1.737419 -2.366323
v 0.465062 -1.738626 -2.362482
v 0.461036 -1.739617 -2.359330
v 0.456443 -1.740353 -2.356988
v 0.451459 -1.740806 -2.355546
v 0.446276 -1.740959 -2.355059
v 0.454058 -1.755147 -2.339827
v 0.448299 -1.752562 -2.348049
v 0.446276 -1.749513 -2.357748
v 0.483011 -1.742153 -2.381163
v 0.487604 -1.742889 -2.378821
v 0.491630 -1.743880 -2.375669
v 0.494934 -1.745087 -2.371829
v 0.497389 -1.746464 -2.367447
v 0.498901 -1.747959 -2.362692
v 0.499411 -1.749513 -2.357748
v 0.498901 -1.751068 -2.352803
v 0.462677 -1.756874 -2.334332
v 0.465132 -1.755497 -2.338714
v 0.472462 -1.753298 -2.345707
v 0.482039 -1.752109 -2.349491
v 0.492405 -1.752109 -2.349491
v 0.497389 -1.752562 -2.348049
v 0.480555 -1.743530 -2.376781
v 0.477251 -1.744737 -2.372941
v 0.473226 -1.745728 -2.369789
v 0.468632 -1.746464 -2.367447
v 0.463648 -1.746918 -2.366005
v 0.458465 -1.747071 -2.365518
v 0.453282 -1.746918 -2.366005
v 0.448299 -1.746464 -2.367447
v 0.448299 -1.761116 -2.350738
v 0.446276 -1.758067 -2.360437
v 0.448299 -1.755018 -2.370136
v 0.491630 -1.752434 -2.378358
v 0.494934 -1.753641 -2.374517
v 0.497389 -1.755018 -2.370136
v 0.498901 -1.756513 -2.365381
v 0.499411 -1.758067 -2.360437
v 0.498901 -1.759621 -2.355492
v 0.497389 -1.761116 -2.350738
v 0.494934 -1.762493 -2.346356
v 0.454058 -1.763701 -2.342515
v 0.458084 -1.762710 -2.345667
v 0.467661 -1.761520 -2.349452
v 0.478027 -1.761520 -2.349452
v 0.487604 -1.762710 -2.345667
v 0.491630 -1.763701 -2.342515
v 0.487604 -1.753424 -2.375206
v 0.483011 -1.754161 -2.372864
v 0.478027 -1.754614 -2.371422
v 0.472844 -1.754767 -2.370935
v 0.467661 -1.754614 -2.371422
v 0.462677 -1.754161 -2.372864
v 0.458084 -1.753424 -2.375206
v 0.454058 -1.752434 -2.378358
v 0.446276 -1.766621 -2.363126
v 0.448299 -1.763572 -2.372825
v 0.454058 -1.760987 -2.381047
v 0.497389 -1.763572 -2.372825
v 0.498901 -1.765067 -2.368070
v 0.499411 -1.766621 -2.363126
v 0.498901 -1.768175 -2.358181
v 0.497389 -1.769670 -2.353427
v 0.494934 -1.771047 -2.349045
v 0.491630 -1.772254 -2.345204
v 0.487604 -1.773245 -2.342052
v 0.448299 -1.769670 -2.353427
v 0.453282 -1.769216 -2.354869
v 0.463648 -1.769216 -2.354869
v 0.473226 -1.770406 -2.351084
v 0.480555 -1.772604 -2.344092
v 0.483011 -1.773982 -2.339710
v 0.492405 -1.764025 -2.371382
v 0.487222 -1.764179 -2.370895
v 0.482039 -1.764025 -2.371382
v 0.477055 -1.763572 -2.372825
v 0.472462 -1.762836 -2.375167
v 0.468436 -1.761845 -2.378319
v 0.465132 -1.760638 -2.382159
v 0.462677 -1.759260 -2.386541
v 0.448299 -1.772126 -2.375514
v 0.454058 -1.769541 -2.383736
v 0.462677 -1.767814 -2.389230
v 0.499411 -1.775175 -2.365814
v 0.498901 -1.776729 -2.360870
v 0.497389 -1.778224 -2.356116
v 0.494934 -1.779601 -2.351734
v 0.491630 -1.780808 -2.347893
v 0.487604 -1.781799 -2.344741
v 0.483011 -1.782535 -2.342399
v 0.478027 -1.782989 -2.340957
v 0.446276 -1.775175 -2.365814
v 0.451459 -1.775328 -2.365328
v 0.461036 -1.776517 -2.361543
v 0.468366 -1.778716 -2.354551
v 0.472333 -1.781588 -2.345414
v 0.472844 -1.783142 -2.340470
v 0.494228 -1.775022 -2.366302
v 0.489244 -1.774568 -2.367744
v 0.484651 -1.773832 -2.370086
v 0.480625 -1.772841 -2.373238
v 0.477321 -1.771634 -2.377079
v 0.474866 -1.770257 -2.381460
v 0.473354 -1.768762 -2.386215
v 0.472844 -1.767208 -2.391159
v 0.454058 -1.778095 -2.386425
v 0.462677 -1.776368 -2.391919
v 0.472844 -1.775761 -2.393848
v 0.497389 -1.786777 -2.358804
v 0.494934 -1.788155 -2.354423
v 0.491630 -1.789362 -2.350582
v 0.487604 -1.790353 -2.347430
v 0.483011 -1.791089 -2.345088
v 0.478027 -1.791543 -2.343646
v 0.472844 -1.791696 -2.343159
v 0.467661 -1.791543 -2.343646
v 0.448299 -1.780680 -2.378202
v 0.452892 -1.781416 -2.375860
v 0.460222 -1.783614 -2.368868
v 0.464189 -1.786486 -2.359731
v 0.464189 -1.789595 -2.349843
v 0.462677 -1.791089 -2.345088
v 0.492796 -1.786041 -2.361146
v 0.488770 -1.785050 -2.364299
v 0.485466 -1.783843 -2.368139
v 0.483011 -1.782466 -2.372521
v 0.481499 -1.780971 -2.377275
v 0.480988 -1.779417 -2.382220
v 0.481499 -1.777863 -2.387164
v 0.483011 -1.776368 -2.391919
v 0.462677 -1.784922 -2.394608
v 0.472844 -1.784315 -2.396537
v 0.483011 -1.784922 -2.394608
v 0.491630 -1.797916 -2.353271
v 0.487604 -1.798907 -2.350119
v 0.483011 -1.799643 -2.347777
v 0.478027 -1.800096 -2.346335
v 0.472844 -1.800249 -2.345848
v 0.467661 -1.800096 -2.346335
v 0.462677 -1.799643 -2.347777
v 0.458084 -1.798907 -2.350119
v 0.454058 -1.786649 -2.389114
v 0.457362 -1.787856 -2.385273
v 0.461329 -1.790728 -2.376137
v 0.461329 -1.793837 -2.366248
v 0.457362 -1.796709 -2.357112
v 0.454058 -1.797916 -2.353271
v 0.488326 -1.796709 -2.357111
v 0.485871 -1.795331 -2.361493
v 0.484359 -1.793837 -2.366248
v 0.483848 -1.792282 -2.371192
v 0.484359 -1.790728 -2.376137
v 0.485871 -1.789234 -2.380891
v 0.488326 -1.787856 -2.385273
v 0.491630 -1.786649 -2.389114
v 0.472844 -1.792869 -2.399226
v 0.483011 -1.793476 -2.397297
v 0.491630 -1.795203 -2.391803
v 0.483011 -1.808197 -2.350466
v 0.478027 -1.808650 -2.349024
v 0.472844 -1.808803 -2.348536
v 0.467661 -1.808650 -2.349024
v 0.462677 -1.808197 -2.350466
v 0.458084 -1.807461 -2.352808
v 0.454058 -1.806470 -2.355960
v 0.450754 -1.805263 -2.359801
v 0.462677 -1.793476 -2.397297
v 0.464189 -1.794970 -2.392542
v 0.464189 -1.798079 -2.382653
v 0.460222 -1.800951 -2.373517
v 0.452892 -1.803149 -2.366524
v 0.448299 -1.803885 -2.364182
v 0.481499 -1.806702 -2.355220
v 0.480988 -1.805148 -2.360165
v 0.481499 -1.803594 -2.365109
v 0.483011 -1.802099 -2.369864
v 0.485466 -1.800722 -2.374246
v 0.488770 -1.799514 -2.378086
v 0.492796 -1.798524 -2.381238
v 0.497389 -1.797787 -2.383580
v 0.483011 -1.802029 -2.399986
v 0.491630 -1.803756 -2.394491
v 0.497389 -1.806341 -2.386269
v 0.472844 -1.817357 -2.351225
v 0.467661 -1.817204 -2.351712
v 0.462677 -1.816751 -2.353155
v 0.458084 -1.816014 -2.355497
v 0.454058 -1.815024 -2.358649
v 0.450754 -1.813816 -2.362489
v 0.448299 -1.812439 -2.366871
v 0.446787 -1.810944 -2.371626
v 0.472844 -1.801423 -2.401915
v 0.472333 -1.802977 -2.396970
v 0.468366 -1.805849 -2.387834
v 0.461036 -1.808047 -2.380841
v 0.451459 -1.809237 -2.377057
v 0.446276 -1.809390 -2.376570
v 0.473354 -1.815803 -2.356170
v 0.474866 -1.814308 -2.360924
v 0.477321 -1.812931 -2.365306
v 0.480625 -1.811724 -2.369147
v 0.484651 -1.810733 -2.372299
v 0.489244 -1.809997 -2.374641
v 0.494228 -1.809543 -2.376083
v 0.499411 -1.809390 -2.376570
v 0.491630 -1.812310 -2.397180
v 0.497389 -1.814895 -2.388958
v 0.499411 -1.817944 -2.379259
v 0.462677 -1.825305 -2.355844
v 0.458084 -1.824568 -2.358186
v 0.454058 -1.823577 -2.361338
v 0.450754 -1.822370 -2.365178
v 0.448299 -1.820993 -2.369560
v 0.446787 -1.819498 -2.374315
v 0.446276 -1.817944 -2.379259
v 0.446787 -1.816390 -2.384203
v 0.483011 -1.810583 -2.402674
v 0.480555 -1.811961 -2.398293
v 0.473226 -1.814159 -2.391300
v 0.463648 -1.815348 -2.387516
v 0.453282 -1.815348 -2.387516
v 0.448299 -1.814895 -2.388958
v 0.465132 -1.823927 -2.360225
v 0.468436 -1.822720 -2.364066
v 0.472462 -1.821729 -2.367218
v 0.477055 -1.820993 -2.369560
v 0.482039 -1.820539 -2.371002
v 0.487222 -1.820386 -2.371489
v 0.492405 -1.820539 -2.371002
v 0.497389 -1.820993 -2.369560
v 0.497389 -1.823449 -2.391647
v 0.499411 -1.826498 -2.381948
v 0.497389 -1.829547 -2.372249
v 0.454058 -1.832131 -2.364027
v 0.450754 -1.830924 -2.367867
v 0.448299 -1.829547 -2.372249
v 0.446787 -1.828052 -2.377003
v 0.446276 -1.826498 -2.381948
v 0.446787 -1.824943 -2.386892
v 0.448299 -1.823449 -2.391647
v 0.450754 -1.822071 -2.396029
v 0.491630 -1.820864 -2.399869
v 0.487604 -1.821855 -2.396717
v 0.478027 -1.823045 -2.392933
v 0.467661 -1.823045 -2.392933
v 0.458084 -1.821855 -2.396717
v 0.454058 -1.820864 -2.399869
v 0.458084 -1.831141 -2.367178
v 0.462677 -1.830404 -2.369521
v 0.467661 -1.829951 -2.370963
v 0.472844 -1.829798 -2.371450
v 0.478027 -1.829951 -2.370963
v 0.483011 -1.830404 -2.369521
v 0.487604 -1.831141 -2.367178
v 0.491630 -1.832131 -2.364027
v 0.499411 -1.835052 -2.384637
v 0.497389 -1.838100 -2.374938
v 0.491630 -1.840685 -2.366715
v 0.448299 -1.838100 -2.374938
v 0.446787 -1.836606 -2.379692
v 0.446276 -1.835052 -2.384637
v 0.446787 -1.833497 -2.389581
v 0.448299 -1.832003 -2.394336
v 0.450754 -1.830625 -2.398718
v 0.454058 -1.829418 -2.402558
v 0.458084 -1.828427 -2.405710
v 0.497389 -1.832003 -2.394336
v 0.492405 -1.832456 -2.392894
v 0.482039 -1.832456 -2.392894
v 0.472462 -1.831266 -2.396678
v 0.465132 -1.829068 -2.403671
v 0.462677 -1.827691 -2.408052
v 0.453282 -1.837647 -2.376380
v 0.458465 -1.837494 -2.376867
v 0.463648 -1.837647 -2.376380
v 0.468632 -1.838100 -2.374938
v 0.473225 -1.838837 -2.372596
v 0.477251 -1.839827 -2.369444
v 0.480555 -1.841035 -2.365603
v 0.483010 -1.842412 -2.361221
v 0.497389 -1.846654 -2.377627
v 0.491630 -1.849239 -2.369404
v 0.483011 -1.850966 -2.363910
v 0.446276 -1.843605 -2.387326
v 0.446787 -1.842051 -2.392270
v 0.448299 -1.840556 -2.397025
v 0.450754 -1.839179 -2.401407
v 0.454058 -1.837972 -2.405247
v 0.458084 -1.836981 -2.408399
v 0.462677 -1.836245 -2.410741
v 0.467661 -1.835791 -2.412183
v 0.499411 -1.843605 -2.387326
v 0.494228 -1.843452 -2.387813
v 0.484651 -1.842263 -2.391597
v 0.477321 -1.840065 -2.398590
v 0.473354 -1.837193 -2.407726
v 0.472844 -1.835638 -2.412670
v 0.451459 -1.843758 -2.386839
v 0.456443 -1.844212 -2.385396
v 0.461036 -1.844948 -2.383054
v 0.465062 -1.845939 -2.379902
v 0.468366 -1.847146 -2.376062
v 0.470821 -1.848524 -2.371680
v 0.472333 -1.850018 -2.366925
v 0.472844 -1.851572 -2.361981
v 0.497389 -1.428699 -2.246243
v 0.491630 -1.431284 -2.238020
v 0.483011 -1.433011 -2.232526
v 0.446276 -1.425650 -2.255941
v 0.446787 -1.424096 -2.260886
v 0.448299 -1.422601 -2.265640
v 0.450754 -1.421224 -2.270022
v 0.454058 -1.420016 -2.273863
v 0.458084 -1.419026 -2.277015
v 0.462677 -1.418289 -2.279357
v 0.467661 -1.417836 -2.280799
v 0.499411 -1.425650 -2.255942
v 0.494228 -1.425497 -2.256428
v 0.484651 -1.424307 -2.260213
v 0.477321 -1.422109 -2.267205
v 0.473354 -1.419237 -2.276342
v 0.472844 -1.417683 -2.281286
v 0.451459 -1.425803 -2.255455
v 0.456443 -1.426256 -2.254012
v 0.461036 -1.426993 -2.251670
v 0.465062 -1.427984 -2.248518
v 0.468366 -1.429191 -2.244678
v 0.470821 -1.430568 -2.240296
v 0.472333 -1.432063 -2.235541
v 0.472844 -1.433617 -2.230597
v 0.497389 -1.421025 -2.243830
v 0.491630 -1.423610 -2.235608
v 0.483011 -1.425337 -2.230114
v 0.446276 -1.417976 -2.253529
v 0.446787 -1.416422 -2.258474
v 0.448299 -1.414927 -2.263228
v 0.450754 -1.413550 -2.267610
v 0.454058 -1.412342 -2.271451
v 0.458084 -1.411352 -2.274602
v 0.462677 -1.410615 -2.276945
v 0.467661 -1.410162 -2.278387
v 0.499411 -1.417976 -2.253529
v 0.498901 -1.416422 -2.258474
v 0.494934 -1.413550 -2.267610
v 0.487604 -1.411352 -2.274602
v 0.478027 -1.410162 -2.278387
v 0.472844 -1.410009 -2.278874
v 0.446787 -1.419530 -2.248585
v 0.448299 -1.421025 -2.243830
v 0.450754 -1.422402 -2.239449
v 0.454058 -1.423610 -2.235608
v 0.458084 -1.424600 -2.232456
v 0.462677 -1.425337 -2.230114
v 0.467661 -1.425790 -2.228672
v 0.472844 -1.425943 -2.228184
v 0.497389 -1.318097 -2.211475
v 0.491630 -1.320681 -2.203252
v 0.483011 -1.322409 -2.197758
v 0.446276 -1.315048 -2.221174
v 0.446787 -1.313494 -2.226118
v 0.448299 -1.311999 -2.230873
v 0.450754 -1.310622 -2.235255
v 0.454058 -1.309414 -2.239095
v 0.458084 -1.308424 -2.242247
v 0.462677 -1.307687 -2.244589
v 0.467661 -1.307234 -2.246032
v 0.499411 -1.315048 -2.221174
v 0.498901 -1.313494 -2.226118
v 0.494934 -1.310622 -2.235255
v 0.487604 -1.308424 -2.242247
v 0.478027 -1.307234 -2.246032
v 0.472844 -1.307081 -2.246518
v 0.446787 -1.316602 -2.216229
v 0.448299 -1.318097 -2.211475
v 0.450754 -1.319474 -2.207093
v 0.454058 -1.320681 -2.203252
v 0.458084 -1.321672 -2.200100
v 0.462677 -1.322409 -2.197758
v 0.467661 -1.322862 -2.196316
v 0.472844 -1.323015 -2.195829
v 0.497389 -1.851806 -2.379246
v 0.491630 -1.854391 -2.371024
v 0.483011 -1.856117 -2.365530
v 0.446276 -1.848757 -2.388945
v 0.446787 -1.847203 -2.393890
v 0.448299 -1.845708 -2.398644
v 0.450754 -1.844331 -2.403026
v 0.454058 -1.843123 -2.406867
v 0.458084 -1.842132 -2.410018
v 0.462677 -1.841396 -2.412360
v 0.467661 -1.840943 -2.413803
v 0.499411 -1.848757 -2.388945
v 0.494228 -1.848604 -2.389432
v 0.484651 -1.847414 -2.393216
v 0.477321 -1.845216 -2.400209
v 0.473354 -1.842344 -2.409345
v 0.472844 -1.840790 -2.414290
v 0.451459 -1.848910 -2.388458
v 0.456443 -1.849363 -2.387016
v 0.461036 -1.850100 -2.384674
v 0.465062 -1.851090 -2.381522
v 0.468366 -1.852298 -2.377681
v 0.470821 -1.853675 -2.373299
v 0.472333 -1.855170 -2.368545
v 0.472844 -1.856724 -2.363600
v 0.472844 -1.968637 -2.426629
v 0.479555 -1.945265 -2.416368
v 0.493694 -1.878428 -2.389219
v 0.484894 -1.924314 -2.407464
v 0.490070 -1.899850 -2.397527
v 0.477992 -1.945919 -2.414091
v 0.488800 -1.880638 -2.382241
v 0.482073 -1.925558 -2.403413
v 0.486029 -1.901664 -2.391755
v 0.475624 -1.946444 -2.412618
v 0.481480 -1.882091 -2.377567
v 0.477835 -1.926430 -2.400730
v 0.479979 -1.902876 -2.387900
v 0.465635 -1.944618 -2.419079
v 0.450268 -1.875790 -2.397443
v 0.459827 -1.922903 -2.412253
v 0.454202 -1.897711 -2.404334
v 0.465741 -1.944082 -2.420392
v 0.450706 -1.874498 -2.401653
v 0.460061 -1.922089 -2.414662
v 0.454558 -1.896619 -2.407803
v 0.466132 -1.943598 -2.421672
v 0.451993 -1.873248 -2.405697
v 0.460793 -1.921320 -2.416988
v 0.455618 -1.895570 -2.411140
v 0.466793 -1.943177 -2.422864
v 0.454080 -1.872090 -2.409422
v 0.461993 -1.920623 -2.419136
v 0.457340 -1.894603 -2.414216
v 0.467695 -1.942831 -2.423914
v 0.456887 -1.871068 -2.412685
v 0.463615 -1.920023 -2.421022
v 0.459659 -1.893756 -2.416912
v 0.468801 -1.942574 -2.424779
v 0.460306 -1.870223 -2.415362
v 0.465593 -1.919543 -2.422571
v 0.462484 -1.893060 -2.419124
v 0.470064 -1.942419 -2.425423
v 0.464207 -1.869586 -2.417349
v 0.467852 -1.919203 -2.423722
v 0.465708 -1.892544 -2.420767
v 0.468440 -1.869180 -2.418571
v 0.471431 -1.942375 -2.425820
v 0.469206 -1.892227 -2.421777
v 0.470301 -1.919018 -2.424431
v 0.495419 -1.875790 -2.397443
v 0.480052 -1.944618 -2.419079
v 0.491485 -1.897711 -2.404334
v 0.485860 -1.922903 -2.412253
v 0.491018 -1.875631 -2.397848
v 0.478617 -1.944694 -2.419247
v 0.487846 -1.897604 -2.404676
v 0.483307 -1.922883 -2.412508
v 0.482880 -1.874593 -2.401056
v 0.476017 -1.944481 -2.420297
v 0.481126 -1.896771 -2.407331
v 0.478614 -1.922352 -2.414373
v 0.476650 -1.872725 -2.407000
v 0.474047 -1.943890 -2.422177
v 0.475984 -1.895229 -2.412236
v 0.475032 -1.921277 -2.417791
v 0.473277 -1.870311 -2.414772
v 0.472981 -1.943003 -2.424624
v 0.473202 -1.893213 -2.418646
v 0.473093 -1.919820 -2.422252
v 0.472844 -1.942456 -2.425956
v 0.472844 -1.869020 -2.418979
v 0.472844 -1.919000 -2.424671
v 0.472844 -1.892120 -2.422117
v 0.454669 -1.875891 -2.397020
v 0.467070 -1.944776 -2.418984
v 0.457841 -1.897819 -2.403992
v 0.462380 -1.923033 -2.412032
v 0.458903 -1.876259 -2.395788
v 0.468428 -1.944969 -2.418618
v 0.461338 -1.898138 -2.402981
v 0.464825 -1.923288 -2.411337
v 0.462807 -1.876876 -2.393795
v 0.469670 -1.945202 -2.418001
v 0.464561 -1.898655 -2.401338
v 0.467073 -1.923664 -2.410198
v 0.466229 -1.877715 -2.391114
v 0.470753 -1.945479 -2.417158
v 0.467385 -1.899350 -2.399127
v 0.469041 -1.924153 -2.408660
v 0.469038 -1.878744 -2.387851
v 0.471640 -1.945793 -2.416121
v 0.469703 -1.900197 -2.396433
v 0.470655 -1.924738 -2.406781
v 0.471125 -1.879924 -2.384130
v 0.472299 -1.946129 -2.414926
v 0.471425 -1.901163 -2.393359
v 0.471855 -1.925396 -2.404631
v 0.472410 -1.881211 -2.380095
v 0.472706 -1.946466 -2.413608
v 0.472485 -1.902211 -2.390022
v 0.472594 -1.926096 -2.402288
v 0.472844 -1.946779 -2.412202
v 0.472844 -1.882560 -2.375906
v 0.472844 -1.926807 -2.399835
v 0.472844 -1.903301 -2.386550
vn -0.6747 0.2213 -0.7041
vn -0.9058 0.1271 -0.4042
vn -0.7071 0.2120 -0.6746
vn -0.3827 0.2771 -0.8814
vn -0.0000 0.2999 -0.9540
vn 0.3827 0.2771 -0.8814
vn 0.7071 0.2120 -0.6746
vn 0.9239 0.1148 -0.3651
vn 1.0000 -0.0000 -0.0000
vn 0.9239 -0.1148 0.3651
vn 0.7071 -0.2120 0.6746
vn 0.3827 -0.2771 0.8814
vn -0.0000 -0.2999 0.9540
vn -0.3827 -0.2771 0.8814
vn -0.7071 -0.2120 0.6746
vn -0.9239 -0.1148 0.3651
vn -1.0000 -0.0000 -0.0000
vn -0.9239 0.1148 -0.3651
vn -0.9401 0.1022 -0.3252
vn -0.7381 0.2023 -0.6437
vn -0.3409 0.2819 -0.8968
vn -0.4237 0.2716 -0.8641
vn -0.0786 0.2990 -0.9510
vn 0.2975 0.2863 -0.9108
vn 0.6402 0.2304 -0.7328
vn 0.8855 0.1394 -0.4433
vn 0.9959 0.0271 -0.0863
vn 0.9547 -0.0892 0.2838
vn 0.7682 -0.1920 0.6107
vn 0.4647 -0.2655 0.8447
vn 0.0905 -0.2987 0.9501
vn -0.2975 -0.2863 0.9108
vn -0.6402 -0.2304 0.7328
vn -0.8855 -0.1394 0.4433
vn -0.9959 -0.0271 0.0863
vn -0.9547 0.0892 -0.2838
vn -0.7682 0.1920 -0.6107
vn -0.4647 0.2655 -0.8447
vn -0.0905 0.2987 -0.9501
vn -0.2547 0.2900 -0.9225
vn -0.8855 0.1394 -0.4433
vn -0.6402 0.2304 -0.7328
vn -0.2975 0.2863 -0.9108
vn 0.0905 0.2987 -0.9501
vn 0.4647 0.2655 -0.8447
vn 0.7682 0.1920 -0.6107
vn 0.9547 0.0892 -0.2838
vn 0.9959 -0.0271 0.0863
vn 0.8855 -0.1394 0.4433
vn 0.6402 -0.2304 0.7328
vn 0.2975 -0.2863 0.9108
vn -0.0905 -0.2987 0.9501
vn -0.4647 -0.2655 0.8447
vn -0.7682 -0.1920 0.6107
vn -0.9547 -0.0892 0.2838
vn -0.9959 0.0271 -0.0863
vn -0.9969 0.0236 -0.0750
vn -0.9670 0.0764 -0.2430
vn -0.9808 0.0585 -0.1861
vn 0.2015 0.8859 -0.4177
vn 0.2898 0.8429 -0.4533
vn 0.4115 0.8314 -0.3735
vn 0.3301 0.8738 -0.3570
vn 0.6119 0.7703 -0.1792
vn 0.5356 0.8222 -0.1927
vn 0.7192 0.6909 0.0733
vn 0.6595 0.7509 0.0341
vn 0.7170 0.6053 0.3459
vn 0.6830 0.6708 0.2888
vn 0.6056 0.5264 0.5968
vn 0.6026 0.5941 0.5328
vn 0.4020 0.4663 0.7880
vn 0.4304 0.5325 0.7288
vn 0.1372 0.4341 0.8904
vn 0.1927 0.4954 0.8471
vn -0.1484 0.4348 0.8882
vn -0.0744 0.4883 0.8695
vn -0.4115 0.4682 0.7820
vn -0.3301 0.5124 0.7927
vn -0.6119 0.5292 0.5878
vn -0.5356 0.5641 0.6285
vn -0.7192 0.6086 0.3352
vn -0.6595 0.6354 0.4017
vn -0.7170 0.6943 0.0626
vn -0.6830 0.7154 0.1469
vn -0.6056 0.7732 -0.1883
vn -0.6026 0.7921 -0.0970
vn -0.4020 0.8333 -0.3795
vn -0.4304 0.8537 -0.2930
vn -0.1372 0.8654 -0.4818
vn -0.1927 0.8909 -0.4113
vn 0.1484 0.8648 -0.4797
vn 0.0744 0.8980 -0.4337
vn 0.6831 0.6708 0.2888
vn -0.0087 0.8678 -0.4969
vn -0.0680 0.8939 -0.4431
vn -0.0202 -0.2998 0.9538
vn 0.1247 -0.2975 0.9465
vn -0.1951 -0.2941 0.9356
vn -0.3901 -0.2761 0.8784
vn -0.5556 -0.2493 0.7932
vn -0.7128 -0.2103 0.6691
vn -0.8315 -0.1666 0.5300
vn -0.9269 -0.1125 0.3580
vn -0.9808 -0.0585 0.1861
vn -1.0000 0.0024 -0.0077
vn -0.9208 0.1170 -0.3722
vn -0.8315 0.1666 -0.5300
vn -0.7014 0.2138 -0.6800
vn -0.5556 0.2493 -0.7932
vn -0.3752 0.2780 -0.8843
vn -0.1951 0.2941 -0.9356
vn 0.0081 0.2999 -0.9539
vn 0.1951 0.2941 -0.9356
vn 0.3901 0.2761 -0.8784
vn 0.5556 0.2493 -0.7932
vn 0.7128 0.2103 -0.6691
vn 0.8315 0.1666 -0.5300
vn 0.9269 0.1125 -0.3580
vn 0.9808 0.0585 -0.1861
vn 1.0000 -0.0024 0.0077
vn 0.9808 -0.0585 0.1861
vn 0.9208 -0.1170 0.3722
vn 0.8315 -0.1666 0.5300
vn 0.7014 -0.2138 0.6800
vn 0.5556 -0.2493 0.7932
vn 0.3752 -0.2780 0.8843
vn 0.1951 -0.2941 0.9356
vn -0.0081 -0.2999 0.9539
vn 0.2645 -0.2892 0.9200
vn 0.1590 -0.2961 0.9418
vn 0.9644 -0.0793 0.2523
vn 0.9873 -0.0477 0.1517
vn 0.9269 -0.1125 0.3580
vn 0.7128 -0.2103 0.6691
vn 0.3901 -0.2761 0.8784
vn 0.0081 -0.2999 0.9539
vn -0.3752 -0.2780 0.8843
vn -0.7014 -0.2138 0.6800
vn -0.9208 -0.1170 0.3722
vn -1.0000 -0.0024 0.0077
vn -0.9269 0.1125 -0.3580
vn -0.7128 0.2103 -0.6691
vn -0.3901 0.2761 -0.8784
vn -0.0081 0.2999 -0.9539
vn 0.3752 0.2780 -0.8843
vn 0.7014 0.2138 -0.6800
vn 0.9208 0.1170 -0.3722
vn 1.0000 0.0024 -0.0077
vn 0.9998 0.0060 -0.0192
vn 0.9922 -0.0374 0.1189
vn 0.8942 -0.1342 0.4270
vn 0.9488 -0.0947 0.3013
vn 0.7897 -0.1840 0.5852
vn 0.8690 -0.1484 0.4721
vn 0.6549 -0.2266 0.7209
vn 0.7557 -0.1964 0.6248
vn 0.4949 -0.2606 0.8290
vn 0.6134 -0.2368 0.7534
vn 0.3158 -0.2845 0.9051
vn 0.4476 -0.2682 0.8531
vn -0.2015 0.4876 0.8495
vn -0.3152 0.0655 0.9468
vn -0.4630 0.4399 0.7695
vn -0.6582 0.5067 0.5568
vn -0.7532 0.5909 0.2890
vn -0.7335 0.6796 0.0069
vn -0.6022 0.7593 -0.2466
vn -0.3792 0.8178 -0.4328
vn -0.0985 0.8463 -0.5235
vn 0.1973 0.8404 -0.5047
vn 0.4630 0.8011 -0.3794
vn 0.6582 0.7342 -0.1667
vn 0.7532 0.6500 0.1011
vn 0.7335 0.5613 0.3832
vn 0.6022 0.4816 0.6367
vn 0.3792 0.4231 0.8229
vn 0.0985 0.3946 0.9136
vn -0.1973 0.4005 0.8948
vn -0.6831 0.7154 0.1469
vn -0.1472 0.0449 0.9881
vn 0.0680 0.4796 0.8748
vn -0.6505 -0.1164 0.7505
vn -0.8738 -0.3066 0.3774
vn -0.9319 -0.3467 0.1064
vn -0.8043 0.1311 0.5797
vn -0.9396 -0.2351 -0.2487
vn -0.9396 0.2351 0.2487
vn -0.8043 -0.1311 -0.5797
vn -0.9319 0.3467 -0.1064
vn -0.5465 -0.0505 -0.8360
vn -0.7823 0.4490 -0.4317
vn -0.2055 -0.0057 -0.9786
vn -0.5137 0.5263 -0.6776
vn 0.1668 -0.0034 -0.9860
vn -0.1668 0.5669 -0.8067
vn 0.5137 -0.0439 -0.8569
vn 0.2055 0.5646 -0.7994
vn 0.7823 -0.1212 -0.6109
vn 0.5465 0.5197 -0.6567
vn 0.9319 -0.2235 -0.2856
vn 0.8043 0.4392 -0.4004
vn 0.9396 -0.3351 0.0695
vn 0.9396 0.3351 -0.0695
vn 0.8043 -0.4392 0.4004
vn 0.9319 0.2235 0.2856
vn 0.5465 -0.5197 0.6567
vn 0.7823 0.1212 0.6109
vn 0.2055 -0.5646 0.7994
vn 0.5137 0.0439 0.8569
vn -0.1668 -0.5669 0.8067
vn 0.1668 0.0034 0.9860
vn -0.5137 -0.5263 0.6776
vn -0.2055 0.0057 0.9786
vn -0.7823 -0.4490 0.4317
vn -0.5465 0.0505 0.8360
vn 0.8042 -0.4392 0.4004
vn -0.7509 -0.3039 0.5864
vn -0.4520 -0.0910 0.8874
vn -0.7564 -0.6309 -0.1725
vn -0.7532 -0.5909 -0.2890
vn -0.6582 -0.5067 -0.5568
vn -0.4630 -0.4399 -0.7695
vn -0.1973 -0.4005 -0.8948
vn 0.0985 -0.3946 -0.9136
vn 0.3792 -0.4231 -0.8229
vn 0.6022 -0.4816 -0.6367
vn 0.7335 -0.5613 -0.3832
vn 0.7532 -0.6500 -0.1011
vn 0.6582 -0.7342 0.1667
vn 0.4630 -0.8011 0.3794
vn 0.1973 -0.8404 0.5047
vn -0.0985 -0.8463 0.5235
vn -0.3792 -0.8178 0.4328
vn -0.6022 -0.7593 0.2466
vn -0.7335 -0.6796 -0.0069
vn -0.6948 -0.7055 0.1399
vn -0.2430 -0.2909 0.9254
vn -0.6907 -0.6664 -0.2808
vn -0.6595 -0.6354 -0.4017
vn -0.5356 -0.5641 -0.6285
vn -0.3301 -0.5124 -0.7927
vn -0.0744 -0.4883 -0.8695
vn 0.1927 -0.4954 -0.8471
vn 0.4304 -0.5325 -0.7288
vn 0.6026 -0.5941 -0.5328
vn 0.6830 -0.6708 -0.2888
vn 0.6595 -0.7509 -0.0341
vn 0.5356 -0.8222 0.1927
vn 0.3301 -0.8738 0.3570
vn 0.0744 -0.8980 0.4337
vn -0.1927 -0.8909 0.4113
vn -0.4304 -0.8537 0.2930
vn -0.6026 -0.7921 0.0970
vn -0.6831 -0.7154 -0.1469
vn -0.6642 -0.7472 -0.0237
vn 0.4554 0.5138 -0.7270
vn 0.6008 0.6913 -0.4013
vn 0.7809 0.6089 -0.1391
vn 0.8422 0.5121 0.1689
vn 0.7752 0.4156 0.4758
vn 0.5902 0.3342 0.7348
vn 0.3153 0.2802 0.9067
vn -0.0075 0.2618 0.9651
vn -0.3292 0.2819 0.9012
vn -0.6008 0.3374 0.7247
vn -0.7809 0.4198 0.4625
vn -0.8422 0.5166 0.1545
vn -0.7752 0.6131 -0.1524
vn -0.5902 0.6945 -0.4115
vn -0.3153 0.7485 -0.5833
vn 0.0075 0.7669 -0.6417
vn 0.3292 0.7468 -0.5778
vn 0.2802 0.5444 -0.7906
vn 0.6368 0.3587 -0.6825
vn 0.7941 0.4522 -0.4061
vn 0.9338 0.3492 -0.0782
vn 0.9313 0.2379 0.2757
vn 0.7871 0.1354 0.6018
vn 0.5230 0.0573 0.8504
vn 0.1793 0.0154 0.9837
vn -0.1917 0.0161 0.9813
vn -0.5335 0.0594 0.8437
vn -0.7941 0.1385 0.5918
vn -0.9338 0.2416 0.2639
vn -0.9313 0.3529 -0.0900
vn -0.7871 0.4554 -0.4161
vn -0.5230 0.5335 -0.6647
vn -0.1793 0.5754 -0.7980
vn 0.1917 0.5747 -0.7956
vn 0.5335 0.5314 -0.6580
vn 0.4577 0.4242 -0.7814
vn 0.7811 0.1659 -0.6019
vn 0.6240 0.2555 -0.7385
vn 0.8726 -0.0252 -0.4878
vn 0.9313 -0.2379 -0.2757
vn 0.9338 -0.3492 0.0782
vn 0.7941 -0.4522 0.4061
vn 0.5335 -0.5314 0.6580
vn 0.1917 -0.5747 0.7956
vn -0.1793 -0.5754 0.7980
vn -0.5230 -0.5335 0.6647
vn -0.7871 -0.4554 0.4161
vn -0.9313 -0.3529 0.0900
vn -0.9338 -0.2416 -0.2639
vn -0.7941 -0.1385 -0.5918
vn -0.5335 -0.0594 -0.8437
vn -0.1917 -0.0161 -0.9813
vn 0.1793 -0.0154 -0.9837
vn 0.5230 -0.0573 -0.8504
vn 0.7871 -0.1354 -0.6018
vn 0.7587 0.0598 -0.6487
vn 0.9175 -0.1853 -0.3520
vn 0.8422 -0.5121 -0.1689
vn 0.7809 -0.6089 0.1391
vn 0.6008 -0.6913 0.4013
vn 0.3292 -0.7468 0.5778
vn 0.0075 -0.7669 0.6417
vn -0.3153 -0.7485 0.5833
vn -0.5902 -0.6945 0.4115
vn -0.7752 -0.6131 0.1524
vn -0.8422 -0.5166 -0.1545
vn -0.7809 -0.4198 -0.4625
vn -0.6008 -0.3374 -0.7247
vn -0.3292 -0.2819 -0.9012
vn -0.0075 -0.2618 -0.9651
vn 0.3153 -0.2802 -0.9067
vn 0.5902 -0.3342 -0.7348
vn 0.7752 -0.4156 -0.4758
vn 0.8477 -0.1230 -0.5161
vn 0.7343 -0.6502 -0.1953
vn 0.7192 -0.6909 -0.0733
vn 0.6119 -0.7703 0.1792
vn 0.4115 -0.8314 0.3735
vn 0.1484 -0.8648 0.4797
vn -0.1372 -0.8654 0.4818
vn -0.4020 -0.8333 0.3795
vn -0.6056 -0.7732 0.1883
vn -0.7170 -0.6943 -0.0626
vn -0.7192 -0.6086 -0.3352
vn -0.6119 -0.5292 -0.5878
vn -0.4115 -0.4682 -0.7820
vn -0.1484 -0.4348 -0.8882
vn 0.1372 -0.4341 -0.8904
vn 0.4020 -0.4663 -0.7880
vn 0.6056 -0.5264 -0.5968
vn 0.7170 -0.6053 -0.3459
vn 0.6852 -0.5505 -0.4769
vn 0.6907 -0.7072 -0.1510
vn -0.6830 -0.7154 -0.1469
vn 0.6642 -0.6263 -0.4081
vn -0.0980 -0.2984 0.9494
vn 0.9952 0.0294 -0.0935
vn -0.9952 0.0295 -0.0938
vn 0.0980 0.2984 -0.9494
vn -0.9700 -0.0729 0.2318
vn 0.0980 -0.2984 0.9494
vn -0.3809 0.6895 0.6161
vn -0.5338 0.4656 0.7059
vn 0.9952 -0.0294 0.0935
vn -0.9952 -0.0294 0.0935
vn 0.9995 -0.0098 0.0313
vn -0.6541 0.1663 0.7379
vn 0.4114 0.8992 -0.1486
vn 0.5533 0.7599 -0.3411
vn 0.3503 0.9337 -0.0737
vn 0.3333 0.9413 -0.0535
vn -0.0983 0.2984 -0.9494
vn 0.6541 0.5586 -0.5100
vn -0.0491 0.2995 -0.9528
vn 0.0328 -0.2997 0.9535
vn -0.9988 0.0147 -0.0468
vn -0.5533 -0.2237 0.8024
vn -0.2380 -0.2774 0.9308
vn -0.9217 0.1806 -0.3434
vn -0.7054 0.2777 -0.6522
vn 0.9814 0.0689 -0.1793
vn 0.9246 0.1345 -0.3565
vn -0.8325 -0.1400 0.5360
vn 0.1917 0.3058 -0.9326
vn 0.0980 0.3047 -0.9474
vn 0.3804 0.2977 -0.8756
vn 0.8295 -0.0998 0.5496
vn 0.7054 -0.1451 0.6938
vn -0.3818 0.3425 -0.8585
vn -0.1946 0.3583 -0.9131
vn -0.9712 -0.0575 0.2314
vn 0.7068 0.2398 -0.6655
vn 0.5544 0.2754 -0.7854
vn 0.5542 -0.1823 0.8122
vn 0.3818 -0.2100 0.9001
vn -0.9785 0.1232 -0.1653
vn -0.2417 -0.2592 0.9351
vn -0.5540 -0.1915 0.8102
vn -0.5533 -0.1780 0.8137
vn -0.2411 -0.2520 0.9372
vn 0.9928 0.0368 0.1141
vn 0.9784 0.0080 0.2065
vn 0.8318 0.1922 -0.5207
vn -0.0980 -0.2922 0.9513
vn -0.9952 -0.0231 0.0955
vn 0.9216 -0.0481 0.3851
vn 0.9952 0.0357 -0.0915
vn 0.1946 -0.2270 0.9543
vn 0.0978 -0.2316 0.9679
vn -0.9129 0.2601 -0.3145
vn -0.9696 0.2017 -0.1386
vn -0.9641 0.2334 -0.1270
vn -0.9075 0.2920 -0.3018
vn -0.3780 0.4205 -0.8248
vn -0.1927 0.4347 -0.8797
vn -0.8303 -0.1086 0.5466
vn 0.9469 0.1926 0.2573
vn 0.9609 0.2205 0.1678
vn 0.6743 0.0852 0.7336
vn -0.0979 -0.2734 0.9569
vn -0.2412 -0.2358 0.9414
vn -0.7040 -0.1218 0.6997
vn -0.9698 -0.0409 0.2405
vn 0.0979 0.3233 -0.9412
vn 0.1940 0.3389 -0.9206
vn 0.7043 0.2962 -0.6452
vn -0.6987 0.3563 -0.6204
vn -0.9688 -0.0176 0.2473
vn -0.9949 -0.0044 0.1012
vn 0.1942 0.3201 -0.9273
vn 0.0980 0.3129 -0.9447
vn 0.3807 0.3550 -0.8538
vn 0.8028 0.0881 0.5897
vn 0.8920 0.1382 0.4303
vn 0.5522 0.3475 -0.7578
vn 0.6826 0.0442 0.7294
vn 0.7027 0.3171 -0.6369
vn 0.5362 0.0081 0.8441
vn 0.8272 0.2651 -0.4955
vn 0.3691 -0.0186 0.9292
vn 0.9210 0.1930 -0.3384
vn 0.1877 -0.0351 0.9816
vn 0.9799 0.1032 -0.1709
vn 0.0939 -0.0395 0.9948
vn 0.9949 0.0543 -0.0855
vn -0.9951 -0.0149 0.0980
vn 0.9691 0.0891 0.2299
vn 0.9129 0.0335 0.4068
vn 0.3817 0.3223 -0.8663
vn 0.8216 -0.0177 0.5698
vn 0.5543 0.3065 -0.7738
vn 0.6987 -0.0627 0.7127
vn -0.6827 0.4533 -0.5731
vn -0.8921 0.3593 -0.2739
vn -0.6754 0.4849 -0.5556
vn 0.7056 0.2732 -0.6538
vn 0.5489 -0.0995 0.8299
vn -0.3691 0.5161 -0.7729
vn 0.8301 0.2238 -0.5107
vn 0.3780 -0.1269 0.9171
vn 0.9230 0.1600 -0.3498
vn 0.1926 -0.1437 0.9707
vn -0.1880 0.5292 -0.8274
vn 0.9806 0.0843 -0.1771
vn -0.0980 -0.2840 0.9538
vn 0.9951 0.0438 -0.0889
vn -0.5518 -0.1487 0.8206
vn -0.8274 -0.0660 0.5577
vn 0.9835 0.1172 0.1382
vn 0.0967 -0.1488 0.9841
vn -0.9562 0.2697 -0.1135
vn -0.9000 0.3282 -0.2868
vn -0.9480 0.3013 -0.1023
vn -0.6945 0.3876 -0.6062
vn -0.6886 0.4231 -0.5888
vn -0.3755 0.4515 -0.8094
vn -0.3721 0.4866 -0.7905
vn -0.1912 0.4652 -0.8643
vn -0.1891 0.4998 -0.8452
vn 0.1939 0.3259 -0.9253
vn 0.0979 0.3161 -0.9437
vn 0.1937 0.3328 -0.9229
vn 0.0979 0.3199 -0.9424
vn 0.1910 -0.1093 0.9755
vn 0.0956 -0.1144 0.9888
vn 0.1889 -0.0695 0.9795
vn 0.0942 -0.0744 0.9928
vn 0.9776 0.1502 0.1474
vn 0.9634 0.1223 0.2387
vn 0.9694 0.1881 0.1579
vn 0.9553 0.1603 0.2485
vn 0.9075 0.0670 0.4147
vn 0.8999 0.1054 0.4231
vn 0.8167 0.0160 0.5768
vn 0.8099 0.0548 0.5841
vn 0.6945 -0.0287 0.7189
vn 0.6886 0.0104 0.7251
vn 0.5455 -0.0654 0.8356
vn 0.5408 -0.0259 0.8408
vn 0.3755 -0.0926 0.9222
vn 0.3720 -0.0529 0.9267
vn -0.0979 -0.2807 0.9548
vn -0.2409 -0.2434 0.9395
vn -0.0979 -0.2768 0.9559
vn -0.5525 -0.1624 0.8176
vn -0.8297 -0.0952 0.5501
vn -0.8286 -0.0796 0.5541
vn -0.9696 -0.0335 0.2422
vn -0.9693 -0.0250 0.2447
vn -0.9950 -0.0117 0.0990
vn -0.9949 -0.0078 0.1001
vn 0.3812 0.3327 -0.8626
vn 0.3808 0.3446 -0.8580
vn 0.5537 0.3195 -0.7690
vn 0.5529 0.3345 -0.7632
vn 0.7049 0.2871 -0.6486
vn 0.7038 0.3032 -0.6424
vn 0.8294 0.2368 -0.5059
vn 0.8284 0.2519 -0.5004
vn 0.9226 0.1703 -0.3461
vn 0.9219 0.1824 -0.3419
vn 0.9805 0.0901 -0.1749
vn 0.9802 0.0970 -0.1726
vn 0.9950 0.0471 -0.0879
vn 0.9949 0.0509 -0.0866
vn -0.0000 -0.9540 -0.2999
vt 0.000000 0.000000
vt 0.062500 0.000000
vt 0.125000 0.000000
vt 0.187500 0.000000
vt 0.250000 0.000000
vt 0.312500 0.000000
vt 0.375000 0.000000
vt 0.437500 0.000000
vt 0.500000 0.000000
vt 0.562500 0.000000
vt 0.625000 0.000000
vt 0.687500 0.000000
vt 0.750000 0.000000
vt 0.812500 0.000000
vt 0.875000 0.000000
vt 0.937500 0.000000
vt 1.000000 0.000000
vt 1.062500 0.000000
vt 1.125000 0.000000
vt 1.187500 0.000000
vt 1.250000 0.000000
vt 1.312500 0.000000
vt 1.375000 0.000000
vt 1.437500 0.000000
vt 1.500000 0.000000
vt 1.562500 0.000000
vt 1.625000 0.000000
vt 1.687500 0.000000
vt 1.750000 0.000000
vt 1.812500 0.000000
vt 1.875000 0.000000
vt 1.937500 0.000000
vt 2.000000 0.000000
vt 2.062500 0.000000
vt 2.125000 0.000000
vt 2.187500 0.000000
vt 2.250000 0.000000
vt 2.312500 0.000000
vt 2.375000 0.000000
vt 2.437500 0.000000
vt 2.500000 0.000000
vt 2.562500 0.000000
vt 2.625000 0.000000
vt 2.687500 0.000000
vt 2.750000 0.000000
vt 2.812500 0.000000
vt 2.875000 0.000000
vt 2.937500 0.000000
vt 3.000000 0.000000
vt 3.000000 0.000000
vt 3.000000 0.000000
s 1
usemtl Material
f 3971/1680/2077 3970/1680/2078 3995/1681/2079 3996/1681/2080
f 3996/1681/2080 3995/1681/2079 4020/1682/2080 4021/1682/2081
f 4021/1682/2081 4020/1682/2080 4045/1683/2081 4046/1683/2082
f 4046/1683/2082 4045/1683/2081 4070/1684/2082 4071/1684/2083
f 4071/1684/2083 4070/1684/2082 4095/1685/2083 4096/1685/2084
f 4096/1685/2084 4095/1685/2083 4120/1686/2084 4121/1686/2085
f 4121/1686/2085 4120/1686/2084 4145/1687/2085 4146/1687/2086
f 4146/1687/2086 4145/1687/2085 4170/1688/2086 4171/1688/2087
f 4171/1688/2087 4170/1688/2086 4195/1689/2087 4196/1689/2088
f 4196/1689/2088 4195/1689/2087 4220/1690/2088 4221/1690/2089
f 4221/1690/2089 4220/1690/2088 4245/1691/2089 4246/1691/2090
f 4246/1691/2090 4245/1691/2089 4270/1692/2090 4271/1692/2091
f 4271/1692/2091 4270/1692/2090 4295/1693/2091 4296/1693/2092
f 4296/1693/2092 4295/1693/2091 4320/1694/2092 4321/1694/2093
f 4321/1694/2093 4320/1694/2092 4345/1695/2093 4346/1695/2094
f 4346/1695/2094 4345/1695/2093 4370/1696/2094 4371/1696/2079
f 4371/1696/2079 4370/1696/2094 4395/1697/2079 4396/1697/2080
f 4396/1697/2080 4395/1697/2079 4420/1698/2080 4421/1698/2081
f 4421/1698/2081 4420/1698/2080 4445/1699/2081 4446/1699/2082
f 4446/1699/2082 4445/1699/2081 4470/1700/2082 4471/1700/2083
f 4471/1700/2083 4470/1700/2082 4495/1701/2083 4496/1701/2084
f 4496/1701/2084 4495/1701/2083 4520/1702/2084 4521/1702/2085
f 4521/1702/2085 4520/1702/2084 4545/1703/2085 4546/1703/2086
f 4546/1703/2086 4545/1703/2085 4570/1704/2086 4571/1704/2087
f 4571/1704/2087 4570/1704/2086 4595/1705/2087 4596/1705/2088
f 4596/1705/2088 4595/1705/2087 4620/1706/2088 4621/1706/2089
f 4621/1706/2089 4620/1706/2088 4645/1707/2089 4646/1707/2090
f 4646/1707/2090 4645/1707/2089 4670/1708/2090 4671/1708/2091
f 4671/1708/2091 4670/1708/2090 4695/1709/2091 4696/1709/2092
f 4696/1709/2092 4695/1709/2091 4720/1710/2092 4721/1710/2093
f 4721/1710/2093 4720/1710/2092 4745/1711/2093 4746/1711/2094
f 4746/1711/2094 4745/1711/2093 4770/1712/2094 4771/1712/2079
f 4771/1712/2079 4770/1712/2094 4795/1713/2079 4796/1713/2080
f 4796/1713/2080 4795/1713/2079 4820/1714/2080 4821/1714/2081
f 4821/1714/2081 4820/1714/2080 4845/1715/2081 4846/1715/2082
f 4846/1715/2082 4845/1715/2081 4870/1716/2082 4871/1716/2083
f 4871/1716/2083 4870/1716/2082 4895/1717/2083 4896/1717/2084
f 4896/1717/2084 4895/1717/2083 4920/1718/2084 4921/1718/2085
f 4921/1718/2085 4920/1718/2084 4945/1719/2085 4946/1719/2086
f 4946/1719/2086 4945/1719/2085 4970/1720/2086 4971/1720/2087
f 4971/1720/2087 4970/1720/2086 4995/1721/2087 4996/1721/2088
f 4996/1721/2088 4995/1721/2087 5020/1722/2088 5021/1722/2089
f 5021/1722/2089 5020/1722/2088 5045/1723/2089 5046/1723/2090
f 5046/1723/2090 5045/1723/2089 5070/1724/2090 5071/1724/2091
f 5071/1724/2091 5070/1724/2090 5095/1725/2091 5096/1725/2092
f 5096/1725/2092 5095/1725/2091 5120/1726/2092 5121/1726/2093
f 5121/1726/2093 5120/1726/2092 5145/1727/2093 5146/1727/2094
f 5146/1727/2094 5145/1727/2093 5170/1728/2095 5171/1728/2096
f 3972/1680/2097 3971/1680/2077 3996/1681/2080 3997/1681/2081
f 3997/1681/2081 3996/1681/2080 4021/1682/2081 4022/1682/2082
f 4022/1682/2082 4021/1682/2081 4046/1683/2082 4047/1683/2083
f 4047/1683/2083 4046/1683/2082 4071/1684/2083 4072/1684/2084
f 4072/1684/2084 4071/1684/2083 4096/1685/2084 4097/1685/2085
f 4097/1685/2085 4096/1685/2084 4121/1686/2085 4122/1686/2086
f 4122/1686/2086 4121/1686/2085 4146/1687/2086 4147/1687/2087
f 4147/1687/2087 4146/1687/2086 4171/1688/2087 4172/1688/2088
f 4172/1688/2088 4171/1688/2087 4196/1689/2088 4197/1689/2089
f 4197/1689/2089 4196/1689/2088 4221/1690/2089 4222/1690/2090
f 4222/1690/2090 4221/1690/2089 4246/1691/2090 4247/1691/2091
f 4247/1691/2091 4246/1691/2090 4271/1692/2091 4272/1692/2092
f 4272/1692/2092 4271/1692/2091 4296/1693/2092 4297/1693/2093
f 4297/1693/2093 4296/1693/2092 4321/1694/2093 4322/1694/2094
f 4322/1694/2094 4321/1694/2093 4346/1695/2094 4347/1695/2079
f 4347/1695/2079 4346/1695/2094 4371/1696/2079 4372/1696/2080
f 4372/1696/2080 4371/1696/2079 4396/1697/2080 4397/1697/2081
f 4397/1697/2081 4396/1697/2080 4421/1698/2081 4422/1698/2082
f 4422/1698/2082 4421/1698/2081 4446/1699/2082 4447/1699/2083
f 4447/1699/2083 4446/1699/2082 4471/1700/2083 4472/1700/2084
f 4472/1700/2084 4471/1700/2083 4496/1701/2084 4497/1701/2085
f 4497/1701/2085 4496/1701/2084 4521/1702/2085 4522/1702/2086
f 4522/1702/2086 4521/1702/2085 4546/1703/2086 4547/1703/2087
f 4547/1703/2087 4546/1703/2086 4571/1704/2087 4572/1704/2088
f 4572/1704/2088 4571/1704/2087 4596/1705/2088 4597/1705/2089
f 4597/1705/2089 4596/1705/2088 4621/1706/2089 4622/1706/2090
f 4622/1706/2090 4621/1706/2089 4646/1707/2090 4647/1707/2091
f 4647/1707/2091 4646/1707/2090 4671/1708/2091 4672/1708/2092
f 4672/1708/2092 4671/1708/2091 4696/1709/2092 4697/1709/2093
f 4697/1709/2093 4696/1709/2092 4721/1710/2093 4722/1710/2094
f 4722/1710/2094 4721/1710/2093 4746/1711/2094 4747/1711/2079
f 4747/1711/2079 4746/1711/2094 4771/1712/2079 4772/1712/2080
f 4772/1712/2080 4771/1712/2079 4796/1713/2080 4797/1713/2081
f 4797/1713/2081 4796/1713/2080 4821/1714/2081 4822/1714/2082
f 4822/1714/2082 4821/1714/2081 4846/1715/2082 4847/1715/2083
f 4847/1715/2083 4846/1715/2082 4871/1716/2083 4872/1716/2084
f 4872/1716/2084 4871/1716/2083 4896/1717/2084 4897/1717/2085
f 4897/1717/2085 4896/1717/2084 4921/1718/2085 4922/1718/2086
f 4922/1718/2086 4921/1718/2085 4946/1719/2086 4947/1719/2087
f 4947/1719/2087 4946/1719/2086 4971/1720/2087 4972/1720/2088
f 4972/1720/2088 4971/1720/2087 4996/1721/2088 4997/1721/2089
f 4997/1721/2089 4996/1721/2088 5021/1722/2089 5022/1722/2090
f 5022/1722/2090 5021/1722/2089 5046/1723/2090 5047/1723/2091
f 5047/1723/2091 5046/1723/2090 5071/1724/2091 5072/1724/2092
f 5072/1724/2092 5071/1724/2091 5096/1725/2092 5097/1725/2093
f 5097/1725/2093 5096/1725/2092 5121/1726/2093 5122/1726/2094
f 5122/1726/2094 5121/1726/2093 5146/1727/2094 5147/1727/2079
f 5147/1727/2079 5146/1727/2094 5171/1728/2096 5172/1728/2098
f 3994/1680/2099 3972/1680/2097 3997/1681/2081 4019/1681/2100
f 4019/1681/2100 3997/1681/2081 4022/1682/2082 4044/1682/2101
f 4044/1682/2101 4022/1682/2082 4047/1683/2083 4069/1683/2102
f 4069/1683/2102 4047/1683/2083 4072/1684/2084 4094/1684/2103
f 4094/1684/2103 4072/1684/2084 4097/1685/2085 4119/1685/2104
f 4119/1685/2104 4097/1685/2085 4122/1686/2086 4144/1686/2105
f 4144/1686/2105 4122/1686/2086 4147/1687/2087 4169/1687/2106
f 4169/1687/2106 4147/1687/2087 4172/1688/2088 4194/1688/2107
f 4194/1688/2107 4172/1688/2088 4197/1689/2089 4219/1689/2108
f 4219/1689/2108 4197/1689/2089 4222/1690/2090 4244/1690/2109
f 4244/1690/2109 4222/1690/2090 4247/1691/2091 4269/1691/2110
f 4269/1691/2110 4247/1691/2091 4272/1692/2092 4294/1692/2111
f 4294/1692/2111 4272/1692/2092 4297/1693/2093 4319/1693/2112
f 4319/1693/2112 4297/1693/2093 4322/1694/2094 4344/1694/2113
f 4344/1694/2113 4322/1694/2094 4347/1695/2079 4369/1695/2114
f 4369/1695/2114 4347/1695/2079 4372/1696/2080 4394/1696/2115
f 4394/1696/2115 4372/1696/2080 4397/1697/2081 4419/1697/2100
f 4419/1697/2100 4397/1697/2081 4422/1698/2082 4444/1698/2101
f 4444/1698/2101 4422/1698/2082 4447/1699/2083 4469/1699/2102
f 4469/1699/2102 4447/1699/2083 4472/1700/2084 4494/1700/2103
f 4494/1700/2103 4472/1700/2084 4497/1701/2085 4519/1701/2104
f 4519/1701/2104 4497/1701/2085 4522/1702/2086 4544/1702/2105
f 4544/1702/2105 4522/1702/2086 4547/1703/2087 4569/1703/2106
f 4569/1703/2106 4547/1703/2087 4572/1704/2088 4594/1704/2107
f 4594/1704/2107 4572/1704/2088 4597/1705/2089 4619/1705/2108
f 4619/1705/2108 4597/1705/2089 4622/1706/2090 4644/1706/2109
f 4644/1706/2109 4622/1706/2090 4647/1707/2091 4669/1707/2110
f 4669/1707/2110 4647/1707/2091 4672/1708/2092 4694/1708/2111
f 4694/1708/2111 4672/1708/2092 4697/1709/2093 4719/1709/2112
f 4719/1709/2112 4697/1709/2093 4722/1710/2094 4744/1710/2113
f 4744/1710/2113 4722/1710/2094 4747/1711/2079 4769/1711/2114
f 4769/1711/2114 4747/1711/2079 4772/1712/2080 4794/1712/2115
f 4794/1712/2115 4772/1712/2080 4797/1713/2081 4819/1713/2100
f 4819/1713/2100 4797/1713/2081 4822/1714/2082 4844/1714/2101
f 4844/1714/2101 4822/1714/2082 4847/1715/2083 4869/1715/2102
f 4869/1715/2102 4847/1715/2083 4872/1716/2084 4894/1716/2103
f 4894/1716/2103 4872/1716/2084 4897/1717/2085 4919/1717/2104
f 4919/1717/2104 4897/1717/2085 4922/1718/2086 4944/1718/2105
f 4944/1718/2105 4922/1718/2086 4947/1719/2087 4969/1719/2106
f 4969/1719/2106 4947/1719/2087 4972/1720/2088 4994/1720/2107
f 4994/1720/2107 4972/1720/2088 4997/1721/2089 5019/1721/2108
f 5019/1721/2108 4997/1721/2089 5022/1722/2090 5044/1722/2109
f 5044/1722/2109 5022/1722/2090 5047/1723/2091 5069/1723/2110
f 5069/1723/2110 5047/1723/2091 5072/1724/2092 5094/1724/2111
f 5094/1724/2111 5072/1724/2092 5097/1725/2093 5119/1725/2112
f 5119/1725/2112 5097/1725/2093 5122/1726/2094 5144/1726/2113
f 5144/1726/2113 5122/1726/2094 5147/1727/2079 5169/1727/2114
f 5169/1727/2114 5147/1727/2079 5172/1728/2098 5194/1728/2116
f 3995/1681/2079 4006/1681/2117 4031/1682/2118 4020/1682/2080
f 4020/1682/2080 4031/1682/2118 4056/1683/2119 4045/1683/2081
f 4045/1683/2081 4056/1683/2119 4081/1684/2120 4070/1684/2082
f 4070/1684/2082 4081/1684/2120 4106/1685/2121 4095/1685/2083
f 4095/1685/2083 4106/1685/2121 4131/1686/2122 4120/1686/2084
f 4120/1686/2084 4131/1686/2122 4156/1687/2123 4145/1687/2085
f 4145/1687/2085 4156/1687/2123 4181/1688/2124 4170/1688/2086
f 4170/1688/2086 4181/1688/2124 4206/1689/2125 4195/1689/2087
f 4195/1689/2087 4206/1689/2125 4231/1690/2126 4220/1690/2088
f 4220/1690/2088 4231/1690/2126 4256/1691/2127 4245/1691/2089
f 4245/1691/2089 4256/1691/2127 4281/1692/2128 4270/1692/2090
f 4270/1692/2090 4281/1692/2128 4306/1693/2129 4295/1693/2091
f 4295/1693/2091 4306/1693/2129 4331/1694/2130 4320/1694/2092
f 4320/1694/2092 4331/1694/2130 4356/1695/2131 4345/1695/2093
f 4345/1695/2093 4356/1695/2131 4381/1696/2132 4370/1696/2094
f 4370/1696/2094 4381/1696/2132 4406/1697/2117 4395/1697/2079
f 4395/1697/2079 4406/1697/2117 4431/1698/2118 4420/1698/2080
f 4420/1698/2080 4431/1698/2118 4456/1699/2119 4445/1699/2081
f 4445/1699/2081 4456/1699/2119 4481/1700/2120 4470/1700/2082
f 4470/1700/2082 4481/1700/2120 4506/1701/2121 4495/1701/2083
f 4495/1701/2083 4506/1701/2121 4531/1702/2122 4520/1702/2084
f 4520/1702/2084 4531/1702/2122 4556/1703/2123 4545/1703/2085
f 4545/1703/2085 4556/1703/2123 4581/1704/2124 4570/1704/2086
f 4570/1704/2086 4581/1704/2124 4606/1705/2125 4595/1705/2087
f 4595/1705/2087 4606/1705/2125 4631/1706/2126 4620/1706/2088
f 4620/1706/2088 4631/1706/2126 4656/1707/2127 4645/1707/2089
f 4645/1707/2089 4656/1707/2127 4681/1708/2128 4670/1708/2090
f 4670/1708/2090 4681/1708/2128 4706/1709/2129 4695/1709/2091
f 4695/1709/2091 4706/1709/2129 4731/1710/2130 4720/1710/2092
f 4720/1710/2092 4731/1710/2130 4756/1711/2131 4745/1711/2093
f 4745/1711/2093 4756/1711/2131 4781/1712/2132 4770/1712/2094
f 4770/1712/2094 4781/1712/2132 4806/1713/2117 4795/1713/2079
f 4795/1713/2079 4806/1713/2117 4831/1714/2118 4820/1714/2080
f 4820/1714/2080 4831/1714/2118 4856/1715/2119 4845/1715/2081
f 4845/1715/2081 4856/1715/2119 4881/1716/2120 4870/1716/2082
f 4870/1716/2082 4881/1716/2120 4906/1717/2121 4895/1717/2083
f 4895/1717/2083 4906/1717/2121 4931/1718/2122 4920/1718/2084
f 4920/1718/2084 4931/1718/2122 4956/1719/2123 4945/1719/2085
f 4945/1719/2085 4956/1719/2123 4981/1720/2124 4970/1720/2086
f 4970/1720/2086 4981/1720/2124 5006/1721/2125 4995/1721/2087
f 4995/1721/2087 5006/1721/2125 5031/1722/2126 5020/1722/2088
f 5020/1722/2088 5031/1722/2126 5056/1723/2127 5045/1723/2089
f 5045/1723/2089 5056/1723/2127 5081/1724/2128 5070/1724/2090
f 5070/1724/2090 5081/1724/2128 5106/1725/2129 5095/1725/2091
f 5095/1725/2091 5106/1725/2129 5131/1726/2130 5120/1726/2092
f 5120/1726/2092 5131/1726/2130 5156/1727/2131 5145/1727/2093
f 5145/1727/2093 5156/1727/2131 5181/1728/2133 5170/1728/2095
f 3981/1680/2134 3970/1680/2078 5195/1680/2094 5206/1680/2135
f 3973/1680/2136 3987/1680/2137 4012/1681/2138 3998/1681/2139
f 3998/1681/2139 4012/1681/2138 4037/1682/2140 4023/1682/2141
f 4023/1682/2141 4037/1682/2140 4062/1683/2142 4048/1683/2143
f 4048/1683/2143 4062/1683/2142 4087/1684/2144 4073/1684/2145
f 4073/1684/2145 4087/1684/2144 4112/1685/2146 4098/1685/2147
f 4098/1685/2147 4112/1685/2146 4137/1686/2148 4123/1686/2149
f 4123/1686/2149 4137/1686/2148 4162/1687/2150 4148/1687/2151
f 4148/1687/2151 4162/1687/2150 4187/1688/2152 4173/1688/2153
f 4173/1688/2153 4187/1688/2152 4212/1689/2154 4198/1689/2155
f 4198/1689/2155 4212/1689/2154 4237/1690/2156 4223/1690/2157
f 4223/1690/2157 4237/1690/2156 4262/1691/2158 4248/1691/2159
f 4248/1691/2159 4262/1691/2158 4287/1692/2160 4273/1692/2161
f 4273/1692/2161 4287/1692/2160 4312/1693/2162 4298/1693/2163
f 4298/1693/2163 4312/1693/2162 4337/1694/2164 4323/1694/2165
f 4323/1694/2165 4337/1694/2164 4362/1695/2166 4348/1695/2167
f 4348/1695/2167 4362/1695/2166 4387/1696/2168 4373/1696/2169
f 4373/1696/2169 4387/1696/2168 4412/1697/2138 4398/1697/2139
f 4398/1697/2139 4412/1697/2138 4437/1698/2140 4423/1698/2141
f 4423/1698/2141 4437/1698/2140 4462/1699/2142 4448/1699/2143
f 4448/1699/2143 4462/1699/2142 4487/1700/2144 4473/1700/2145
f 4473/1700/2145 4487/1700/2144 4512/1701/2146 4498/1701/2147
f 4498/1701/2147 4512/1701/2146 4537/1702/2148 4523/1702/2149
f 4523/1702/2149 4537/1702/2148 4562/1703/2150 4548/1703/2151
f 4548/1703/2151 4562/1703/2150 4587/1704/2152 4573/1704/2153
f 4573/1704/2153 4587/1704/2152 4612/1705/2154 4598/1705/2155
f 4598/1705/2155 4612/1705/2154 4637/1706/2156 4623/1706/2157
f 4623/1706/2157 4637/1706/2156 4662/1707/2158 4648/1707/2159
f 4648/1707/2159 4662/1707/2158 4687/1708/2160 4673/1708/2161
f 4673/1708/2161 4687/1708/2160 4712/1709/2162 4698/1709/2163
f 4698/1709/2163 4712/1709/2162 4737/1710/2164 4723/1710/2165
f 4723/1710/2165 4737/1710/2164 4762/1711/2166 4748/1711/2167
f 4748/1711/2167 4762/1711/2166 4787/1712/2168 4773/1712/2169
f 4773/1712/2169 4787/1712/2168 4812/1713/2138 4798/1713/2139
f 4798/1713/2139 4812/1713/2138 4837/1714/2140 4823/1714/2141
f 4823/1714/2141 4837/1714/2140 4862/1715/2142 4848/1715/2143
f 4848/1715/2143 4862/1715/2142 4887/1716/2144 4873/1716/2170
f 4873/1716/2170 4887/1716/2144 4912/1717/2146 4898/1717/2147
f 4898/1717/2147 4912/1717/2146 4937/1718/2148 4923/1718/2149
f 4923/1718/2149 4937/1718/2148 4962/1719/2150 4948/1719/2151
f 4948/1719/2151 4962/1719/2150 4987/1720/2152 4973/1720/2153
f 4973/1720/2153 4987/1720/2152 5012/1721/2154 4998/1721/2155
f 4998/1721/2155 5012/1721/2154 5037/1722/2156 5023/1722/2157
f 5023/1722/2157 5037/1722/2156 5062/1723/2158 5048/1723/2159
f 5048/1723/2159 5062/1723/2158 5087/1724/2160 5073/1724/2161
f 5073/1724/2161 5087/1724/2160 5112/1725/2162 5098/1725/2163
f 5098/1725/2163 5112/1725/2162 5137/1726/2164 5123/1726/2165
f 5123/1726/2165 5137/1726/2164 5162/1727/2166 5148/1727/2167
f 5148/1727/2167 5162/1727/2166 5187/1728/2171 5173/1728/2172
f 3986/1680/2173 3980/1680/2174 4005/1681/2175 4011/1681/2176
f 4011/1681/2176 4005/1681/2175 4030/1682/2177 4036/1682/2178
f 4036/1682/2178 4030/1682/2177 4055/1683/2179 4061/1683/2180
f 4061/1683/2180 4055/1683/2179 4080/1684/2181 4086/1684/2182
f 4086/1684/2182 4080/1684/2181 4105/1685/2135 4111/1685/2183
f 4111/1685/2183 4105/1685/2135 4130/1686/2184 4136/1686/2185
f 4136/1686/2185 4130/1686/2184 4155/1687/2186 4161/1687/2187
f 4161/1687/2187 4155/1687/2186 4180/1688/2188 4186/1688/2189
f 4186/1688/2189 4180/1688/2188 4205/1689/2190 4211/1689/2191
f 4211/1689/2191 4205/1689/2190 4230/1690/2192 4236/1690/2193
f 4236/1690/2193 4230/1690/2192 4255/1691/2194 4261/1691/2195
f 4261/1691/2195 4255/1691/2194 4280/1692/2196 4286/1692/2197
f 4286/1692/2197 4280/1692/2196 4305/1693/2198 4311/1693/2199
f 4311/1693/2199 4305/1693/2198 4330/1694/2200 4336/1694/2201
f 4336/1694/2201 4330/1694/2200 4355/1695/2202 4361/1695/2203
f 4361/1695/2203 4355/1695/2202 4380/1696/2204 4386/1696/2205
f 4386/1696/2205 4380/1696/2204 4405/1697/2175 4411/1697/2176
f 4411/1697/2176 4405/1697/2175 4430/1698/2177 4436/1698/2178
f 4436/1698/2178 4430/1698/2177 4455/1699/2179 4461/1699/2180
f 4461/1699/2180 4455/1699/2179 4480/1700/2181 4486/1700/2182
f 4486/1700/2182 4480/1700/2181 4505/1701/2135 4511/1701/2183
f 4511/1701/2183 4505/1701/2135 4530/1702/2184 4536/1702/2185
f 4536/1702/2185 4530/1702/2184 4555/1703/2186 4561/1703/2187
f 4561/1703/2187 4555/1703/2186 4580/1704/2188 4586/1704/2189
f 4586/1704/2189 4580/1704/2188 4605/1705/2190 4611/1705/2191
f 4611/1705/2191 4605/1705/2190 4630/1706/2192 4636/1706/2193
f 4636/1706/2193 4630/1706/2192 4655/1707/2194 4661/1707/2195
f 4661/1707/2195 4655/1707/2194 4680/1708/2196 4686/1708/2197
f 4686/1708/2197 4680/1708/2196 4705/1709/2198 4711/1709/2199
f 4711/1709/2199 4705/1709/2198 4730/1710/2200 4736/1710/2201
f 4736/1710/2201 4730/1710/2200 4755/1711/2202 4761/1711/2203
f 4761/1711/2203 4755/1711/2202 4780/1712/2204 4786/1712/2205
f 4786/1712/2205 4780/1712/2204 4805/1713/2175 4811/1713/2176
f 4811/1713/2176 4805/1713/2175 4830/1714/2177 4836/1714/2178
f 4836/1714/2178 4830/1714/2177 4855/1715/2179 4861/1715/2180
f 4861/1715/2180 4855/1715/2179 4880/1716/2181 4886/1716/2182
f 4886/1716/2182 4880/1716/2181 4905/1717/2135 4911/1717/2183
f 4911/1717/2183 4905/1717/2135 4930/1718/2184 4936/1718/2185
f 4936/1718/2185 4930/1718/2184 4955/1719/2186 4961/1719/2187
f 4961/1719/2187 4955/1719/2186 4980/1720/2188 4986/1720/2189
f 4986/1720/2189 4980/1720/2188 5005/1721/2190 5011/1721/2191
f 5011/1721/2191 5005/1721/2190 5030/1722/2192 5036/1722/2193
f 5036/1722/2193 5030/1722/2192 5055/1723/2194 5061/1723/2195
f 5061/1723/2195 5055/1723/2194 5080/1724/2196 5086/1724/2197
f 5086/1724/2197 5080/1724/2196 5105/1725/2198 5111/1725/2199
f 5111/1725/2199 5105/1725/2198 5130/1726/2200 5136/1726/2201
f 5136/1726/2201 5130/1726/2200 5155/1727/2202 5161/1727/2203
f 5161/1727/2203 5155/1727/2202 5180/1728/2206 5186/1728/2207
f 3974/1680/2208 3973/1680/2209 3998/1681/2210 3999/1681/2200
f 3999/1681/2200 3998/1681/2210 4023/1682/2211 4024/1682/2202
f 4024/1682/2202 4023/1682/2211 4048/1683/2212 4049/1683/2204
f 4049/1683/2204 4048/1683/2212 4073/1684/2213 4074/1684/2175
f 4074/1684/2175 4073/1684/2213 4098/1685/2214 4099/1685/2177
f 4099/1685/2177 4098/1685/2214 4123/1686/2215 4124/1686/2179
f 4124/1686/2179 4123/1686/2215 4148/1687/2216 4149/1687/2181
f 4149/1687/2181 4148/1687/2216 4173/1688/2217 4174/1688/2135
f 4174/1688/2135 4173/1688/2217 4198/1689/2218 4199/1689/2184
f 4199/1689/2184 4198/1689/2218 4223/1690/2219 4224/1690/2186
f 4224/1690/2186 4223/1690/2219 4248/1691/2220 4249/1691/2188
f 4249/1691/2188 4248/1691/2220 4273/1692/2221 4274/1692/2190
f 4274/1692/2190 4273/1692/2221 4298/1693/2222 4299/1693/2192
f 4299/1693/2192 4298/1693/2222 4323/1694/2223 4324/1694/2194
f 4324/1694/2194 4323/1694/2223 4348/1695/2224 4349/1695/2196
f 4349/1695/2196 4348/1695/2224 4373/1696/2225 4374/1696/2198
f 4374/1696/2198 4373/1696/2225 4398/1697/2210 4399/1697/2200
f 4399/1697/2200 4398/1697/2210 4423/1698/2211 4424/1698/2202
f 4424/1698/2202 4423/1698/2211 4448/1699/2212 4449/1699/2204
f 4449/1699/2204 4448/1699/2212 4473/1700/2213 4474/1700/2175
f 4474/1700/2175 4473/1700/2213 4498/1701/2214 4499/1701/2177
f 4499/1701/2177 4498/1701/2214 4523/1702/2215 4524/1702/2179
f 4524/1702/2179 4523/1702/2215 4548/1703/2216 4549/1703/2181
f 4549/1703/2181 4548/1703/2216 4573/1704/2217 4574/1704/2135
f 4574/1704/2135 4573/1704/2217 4598/1705/2218 4599/1705/2184
f 4599/1705/2184 4598/1705/2218 4623/1706/2219 4624/1706/2186
f 4624/1706/2186 4623/1706/2219 4648/1707/2220 4649/1707/2188
f 4649/1707/2188 4648/1707/2220 4673/1708/2221 4674/1708/2190
f 4674/1708/2190 4673/1708/2221 4698/1709/2222 4699/1709/2192
f 4699/1709/2192 4698/1709/2222 4723/1710/2223 4724/1710/2194
f 4724/1710/2194 4723/1710/2223 4748/1711/2224 4749/1711/2196
f 4749/1711/2196 4748/1711/2224 4773/1712/2225 4774/1712/2198
f 4774/1712/2198 4773/1712/2225 4798/1713/2210 4799/1713/2200
f 4799/1713/2200 4798/1713/2210 4823/1714/2211 4824/1714/2202
f 4824/1714/2202 4823/1714/2211 4848/1715/2212 4849/1715/2204
f 4849/1715/2204 4848/1715/2212 4873/1716/2213 4874/1716/2175
f 4874/1716/2175 4873/1716/2213 4898/1717/2214 4899/1717/2177
f 4899/1717/2177 4898/1717/2214 4923/1718/2215 4924/1718/2179
f 4924/1718/2179 4923/1718/2215 4948/1719/2216 4949/1719/2181
f 4949/1719/2181 4948/1719/2216 4973/1720/2217 4974/1720/2135
f 4974/1720/2135 4973/1720/2217 4998/1721/2218 4999/1721/2184
f 4999/1721/2184 4998/1721/2218 5023/1722/2219 5024/1722/2186
f 5024/1722/2186 5023/1722/2219 5048/1723/2220 5049/1723/2188
f 5049/1723/2188 5048/1723/2220 5073/1724/2221 5074/1724/2190
f 5074/1724/2190 5073/1724/2221 5098/1725/2222 5099/1725/2192
f 5099/1725/2192 5098/1725/2222 5123/1726/2223 5124/1726/2194
f 5124/1726/2194 5123/1726/2223 5148/1727/2224 5149/1727/2196
f 5149/1727/2196 5148/1727/2224 5173/1728/2226 5174/1728/2227
f 3975/1680/2228 3974/1680/2208 3999/1681/2200 4000/1681/2087
f 4000/1681/2087 3999/1681/2200 4024/1682/2202 4025/1682/2088
f 4025/1682/2088 4024/1682/2202 4049/1683/2204 4050/1683/2089
f 4050/1683/2089 4049/1683/2204 4074/1684/2175 4075/1684/2090
f 4075/1684/2090 4074/1684/2175 4099/1685/2177 4100/1685/2091
f 4100/1685/2091 4099/1685/2177 4124/1686/2179 4125/1686/2092
f 4125/1686/2092 4124/1686/2179 4149/1687/2181 4150/1687/2093
f 4150/1687/2093 4149/1687/2181 4174/1688/2135 4175/1688/2094
f 4175/1688/2094 4174/1688/2135 4199/1689/2184 4200/1689/2079
f 4200/1689/2079 4199/1689/2184 4224/1690/2186 4225/1690/2080
f 4225/1690/2080 4224/1690/2186 4249/1691/2188 4250/1691/2081
f 4250/1691/2081 4249/1691/2188 4274/1692/2190 4275/1692/2082
f 4275/1692/2082 4274/1692/2190 4299/1693/2192 4300/1693/2083
f 4300/1693/2083 4299/1693/2192 4324/1694/2194 4325/1694/2084
f 4325/1694/2084 4324/1694/2194 4349/1695/2196 4350/1695/2085
f 4350/1695/2085 4349/1695/2196 4374/1696/2198 4375/1696/2086
f 4375/1696/2086 4374/1696/2198 4399/1697/2200 4400/1697/2087
f 4400/1697/2087 4399/1697/2200 4424/1698/2202 4425/1698/2088
f 4425/1698/2088 4424/1698/2202 4449/1699/2204 4450/1699/2089
f 4450/1699/2089 4449/1699/2204 4474/1700/2175 4475/1700/2090
f 4475/1700/2090 4474/1700/2175 4499/1701/2177 4500/1701/2091
f 4500/1701/2091 4499/1701/2177 4524/1702/2179 4525/1702/2092
f 4525/1702/2092 4524/1702/2179 4549/1703/2181 4550/1703/2093
f 4550/1703/2093 4549/1703/2181 4574/1704/2135 4575/1704/2094
f 4575/1704/2094 4574/1704/2135 4599/1705/2184 4600/1705/2079
f 4600/1705/2079 4599/1705/2184 4624/1706/2186 4625/1706/2080
f 4625/1706/2080 4624/1706/2186 4649/1707/2188 4650/1707/2081
f 4650/1707/2081 4649/1707/2188 4674/1708/2190 4675/1708/2082
f 4675/1708/2082 4674/1708/2190 4699/1709/2192 4700/1709/2083
f 4700/1709/2083 4699/1709/2192 4724/1710/2194 4725/1710/2084
f 4725/1710/2084 4724/1710/2194 4749/1711/2196 4750/1711/2085
f 4750/1711/2085 4749/1711/2196 4774/1712/2198 4775/1712/2086
f 4775/1712/2086 4774/1712/2198 4799/1713/2200 4800/1713/2087
f 4800/1713/2087 4799/1713/2200 4824/1714/2202 4825/1714/2088
f 4825/1714/2088 4824/1714/2202 4849/1715/2204 4850/1715/2089
f 4850/1715/2089 4849/1715/2204 4874/1716/2175 4875/1716/2090
f 4875/1716/2090 4874/1716/2175 4899/1717/2177 4900/1717/2091
f 4900/1717/2091 4899/1717/2177 4924/1718/2179 4925/1718/2092
f 4925/1718/2092 4924/1718/2179 4949/1719/2181 4950/1719/2093
f 4950/1719/2093 4949/1719/2181 4974/1720/2135 4975/1720/2094
f 4975/1720/2094 4974/1720/2135 4999/1721/2184 5000/1721/2079
f 5000/1721/2079 4999/1721/2184 5024/1722/2186 5025/1722/2080
f 5025/1722/2080 5024/1722/2186 5049/1723/2188 5050/1723/2081
f 5050/1723/2081 5049/1723/2188 5074/1724/2190 5075/1724/2082
f 5075/1724/2082 5074/1724/2190 5099/1725/2192 5100/1725/2083
f 5100/1725/2083 5099/1725/2192 5124/1726/2194 5125/1726/2084
f 5125/1726/2084 5124/1726/2194 5149/1727/2196 5150/1727/2085
f 5150/1727/2085 5149/1727/2196 5174/1728/2227 5175/1728/2229
f 3976/1680/2230 3975/1680/2228 4000/1681/2087 4001/1681/2202
f 4001/1681/2202 4000/1681/2087 4025/1682/2088 4026/1682/2204
f 4026/1682/2204 4025/1682/2088 4050/1683/2089 4051/1683/2175
f 4051/1683/2175 4050/1683/2089 4075/1684/2090 4076/1684/2177
f 4076/1684/2177 4075/1684/2090 4100/1685/2091 4101/1685/2179
f 4101/1685/2179 4100/1685/2091 4125/1686/2092 4126/1686/2181
f 4126/1686/2181 4125/1686/2092 4150/1687/2093 4151/1687/2135
f 4151/1687/2135 4150/1687/2093 4175/1688/2094 4176/1688/2184
f 4176/1688/2184 4175/1688/2094 4200/1689/2079 4201/1689/2186
f 4201/1689/2186 4200/1689/2079 4225/1690/2080 4226/1690/2188
f 4226/1690/2188 4225/1690/2080 4250/1691/2081 4251/1691/2190
f 4251/1691/2190 4250/1691/2081 4275/1692/2082 4276/1692/2192
f 4276/1692/2192 4275/1692/2082 4300/1693/2083 4301/1693/2194
f 4301/1693/2194 4300/1693/2083 4325/1694/2084 4326/1694/2196
f 4326/1694/2196 4325/1694/2084 4350/1695/2085 4351/1695/2198
f 4351/1695/2198 4350/1695/2085 4375/1696/2086 4376/1696/2200
f 4376/1696/2200 4375/1696/2086 4400/1697/2087 4401/1697/2202
f 4401/1697/2202 4400/1697/2087 4425/1698/2088 4426/1698/2204
f 4426/1698/2204 4425/1698/2088 4450/1699/2089 4451/1699/2175
f 4451/1699/2175 4450/1699/2089 4475/1700/2090 4476/1700/2177
f 4476/1700/2177 4475/1700/2090 4500/1701/2091 4501/1701/2179
f 4501/1701/2179 4500/1701/2091 4525/1702/2092 4526/1702/2181
f 4526/1702/2181 4525/1702/2092 4550/1703/2093 4551/1703/2135
f 4551/1703/2135 4550/1703/2093 4575/1704/2094 4576/1704/2184
f 4576/1704/2184 4575/1704/2094 4600/1705/2079 4601/1705/2186
f 4601/1705/2186 4600/1705/2079 4625/1706/2080 4626/1706/2188
f 4626/1706/2188 4625/1706/2080 4650/1707/2081 4651/1707/2190
f 4651/1707/2190 4650/1707/2081 4675/1708/2082 4676/1708/2192
f 4676/1708/2192 4675/1708/2082 4700/1709/2083 4701/1709/2194
f 4701/1709/2194 4700/1709/2083 4725/1710/2084 4726/1710/2196
f 4726/1710/2196 4725/1710/2084 4750/1711/2085 4751/1711/2198
f 4751/1711/2198 4750/1711/2085 4775/1712/2086 4776/1712/2200
f 4776/1712/2200 4775/1712/2086 4800/1713/2087 4801/1713/2202
f 4801/1713/2202 4800/1713/2087 4825/1714/2088 4826/1714/2204
f 4826/1714/2204 4825/1714/2088 4850/1715/2089 4851/1715/2175
f 4851/1715/2175 4850/1715/2089 4875/1716/2090 4876/1716/2177
f 4876/1716/2177 4875/1716/2090 4900/1717/2091 4901/1717/2179
f 4901/1717/2179 4900/1717/2091 4925/1718/2092 4926/1718/2181
f 4926/1718/2181 4925/1718/2092 4950/1719/2093 4951/1719/2135
f 4951/1719/2135 4950/1719/2093 4975/1720/2094 4976/1720/2184
f 4976/1720/2184 4975/1720/2094 5000/1721/2079 5001/1721/2186
f 5001/1721/2186 5000/1721/2079 5025/1722/2080 5026/1722/2188
f 5026/1722/2188 5025/1722/2080 5050/1723/2081 5051/1723/2190
f 5051/1723/2190 5050/1723/2081 5075/1724/2082 5076/1724/2192
f 5076/1724/2192 5075/1724/2082 5100/1725/2083 5101/1725/2194
f 5101/1725/2194 5100/1725/2083 5125/1726/2084 5126/1726/2196
f 5126/1726/2196 5125/1726/2084 5150/1727/2085 5151/1727/2198
f 5151/1727/2198 5150/1727/2085 5175/1728/2229 5176/1728/2231
f 3977/1680/2232 3976/1680/2230 4001/1681/2202 4002/1681/2088
f 4002/1681/2088 4001/1681/2202 4026/1682/2204 4027/1682/2089
f 4027/1682/2089 4026/1682/2204 4051/1683/2175 4052/1683/2090
f 4052/1683/2090 4051/1683/2175 4076/1684/2177 4077/1684/2091
f 4077/1684/2091 4076/1684/2177 4101/1685/2179 4102/1685/2092
f 4102/1685/2092 4101/1685/2179 4126/1686/2181 4127/1686/2093
f 4127/1686/2093 4126/1686/2181 4151/1687/2135 4152/1687/2094
f 4152/1687/2094 4151/1687/2135 4176/1688/2184 4177/1688/2079
f 4177/1688/2079 4176/1688/2184 4201/1689/2186 4202/1689/2080
f 4202/1689/2080 4201/1689/2186 4226/1690/2188 4227/1690/2081
f 4227/1690/2081 4226/1690/2188 4251/1691/2190 4252/1691/2082
f 4252/1691/2082 4251/1691/2190 4276/1692/2192 4277/1692/2083
f 4277/1692/2083 4276/1692/2192 4301/1693/2194 4302/1693/2084
f 4302/1693/2084 4301/1693/2194 4326/1694/2196 4327/1694/2085
f 4327/1694/2085 4326/1694/2196 4351/1695/2198 4352/1695/2086
f 4352/1695/2086 4351/1695/2198 4376/1696/2200 4377/1696/2087
f 4377/1696/2087 4376/1696/2200 4401/1697/2202 4402/1697/2088
f 4402/1697/2088 4401/1697/2202 4426/1698/2204 4427/1698/2089
f 4427/1698/2089 4426/1698/2204 4451/1699/2175 4452/1699/2090
f 4452/1699/2090 4451/1699/2175 4476/1700/2177 4477/1700/2091
f 4477/1700/2091 4476/1700/2177 4501/1701/2179 4502/1701/2092
f 4502/1701/2092 4501/1701/2179 4526/1702/2181 4527/1702/2093
f 4527/1702/2093 4526/1702/2181 4551/1703/2135 4552/1703/2094
f 4552/1703/2094 4551/1703/2135 4576/1704/2184 4577/1704/2079
f 4577/1704/2079 4576/1704/2184 4601/1705/2186 4602/1705/2080
f 4602/1705/2080 4601/1705/2186 4626/1706/2188 4627/1706/2081
f 4627/1706/2081 4626/1706/2188 4651/1707/2190 4652/1707/2082
f 4652/1707/2082 4651/1707/2190 4676/1708/2192 4677/1708/2083
f 4677/1708/2083 4676/1708/2192 4701/1709/2194 4702/1709/2084
f 4702/1709/2084 4701/1709/2194 4726/1710/2196 4727/1710/2085
f 4727/1710/2085 4726/1710/2196 4751/1711/2198 4752/1711/2086
f 4752/1711/2086 4751/1711/2198 4776/1712/2200 4777/1712/2087
f 4777/1712/2087 4776/1712/2200 4801/1713/2202 4802/1713/2088
f 4802/1713/2088 4801/1713/2202 4826/1714/2204 4827/1714/2089
f 4827/1714/2089 4826/1714/2204 4851/1715/2175 4852/1715/2090
f 4852/1715/2090 4851/1715/2175 4876/1716/2177 4877/1716/2091
f 4877/1716/2091 4876/1716/2177 4901/1717/2179 4902/1717/2092
f 4902/1717/2092 4901/1717/2179 4926/1718/2181 4927/1718/2093
f 4927/1718/2093 4926/1718/2181 4951/1719/2135 4952/1719/2094
f 4952/1719/2094 4951/1719/2135 4976/1720/2184 4977/1720/2079
f 4977/1720/2079 4976/1720/2184 5001/1721/2186 5002/1721/2080
f 5002/1721/2080 5001/1721/2186 5026/1722/2188 5027/1722/2081
f 5027/1722/2081 5026/1722/2188 5051/1723/2190 5052/1723/2082
f 5052/1723/2082 5051/1723/2190 5076/1724/2192 5077/1724/2083
f 5077/1724/2083 5076/1724/2192 5101/1725/2194 5102/1725/2084
f 5102/1725/2084 5101/1725/2194 5126/1726/2196 5127/1726/2085
f 5127/1726/2085 5126/1726/2196 5151/1727/2198 5152/1727/2086
f 5152/1727/2086 5151/1727/2198 5176/1728/2231 5177/1728/2233
f 3978/1680/2234 3977/1680/2232 4002/1681/2088 4003/1681/2204
f 4003/1681/2204 4002/1681/2088 4027/1682/2089 4028/1682/2175
f 4028/1682/2175 4027/1682/2089 4052/1683/2090 4053/1683/2177
f 4053/1683/2177 4052/1683/2090 4077/1684/2091 4078/1684/2179
f 4078/1684/2179 4077/1684/2091 4102/1685/2092 4103/1685/2181
f 4103/1685/2181 4102/1685/2092 4127/1686/2093 4128/1686/2135
f 4128/1686/2135 4127/1686/2093 4152/1687/2094 4153/1687/2184
f 4153/1687/2184 4152/1687/2094 4177/1688/2079 4178/1688/2186
f 4178/1688/2186 4177/1688/2079 4202/1689/2080 4203/1689/2188
f 4203/1689/2188 4202/1689/2080 4227/1690/2081 4228/1690/2190
f 4228/1690/2190 4227/1690/2081 4252/1691/2082 4253/1691/2192
f 4253/1691/2192 4252/1691/2082 4277/1692/2083 4278/1692/2194
f 4278/1692/2194 4277/1692/2083 4302/1693/2084 4303/1693/2196
f 4303/1693/2196 4302/1693/2084 4327/1694/2085 4328/1694/2198
f 4328/1694/2198 4327/1694/2085 4352/1695/2086 4353/1695/2200
f 4353/1695/2200 4352/1695/2086 4377/1696/2087 4378/1696/2202
f 4378/1696/2202 4377/1696/2087 4402/1697/2088 4403/1697/2204
f 4403/1697/2204 4402/1697/2088 4427/1698/2089 4428/1698/2175
f 4428/1698/2175 4427/1698/2089 4452/1699/2090 4453/1699/2177
f 4453/1699/2177 4452/1699/2090 4477/1700/2091 4478/1700/2179
f 4478/1700/2179 4477/1700/2091 4502/1701/2092 4503/1701/2181
f 4503/1701/2181 4502/1701/2092 4527/1702/2093 4528/1702/2135
f 4528/1702/2135 4527/1702/2093 4552/1703/2094 4553/1703/2184
f 4553/1703/2184 4552/1703/2094 4577/1704/2079 4578/1704/2186
f 4578/1704/2186 4577/1704/2079 4602/1705/2080 4603/1705/2188
f 4603/1705/2188 4602/1705/2080 4627/1706/2081 4628/1706/2190
f 4628/1706/2190 4627/1706/2081 4652/1707/2082 4653/1707/2192
f 4653/1707/2192 4652/1707/2082 4677/1708/2083 4678/1708/2194
f 4678/1708/2194 4677/1708/2083 4702/1709/2084 4703/1709/2196
f 4703/1709/2196 4702/1709/2084 4727/1710/2085 4728/1710/2198
f 4728/1710/2198 4727/1710/2085 4752/1711/2086 4753/1711/2200
f 4753/1711/2200 4752/1711/2086 4777/1712/2087 4778/1712/2202
f 4778/1712/2202 4777/1712/2087 4802/1713/2088 4803/1713/2204
f 4803/1713/2204 4802/1713/2088 4827/1714/2089 4828/1714/2175
f 4828/1714/2175 4827/1714/2089 4852/1715/2090 4853/1715/2177
f 4853/1715/2177 4852/1715/2090 4877/1716/2091 4878/1716/2179
f 4878/1716/2179 4877/1716/2091 4902/1717/2092 4903/1717/2181
f 4903/1717/2181 4902/1717/2092 4927/1718/2093 4928/1718/2135
f 4928/1718/2135 4927/1718/2093 4952/1719/2094 4953/1719/2184
f 4953/1719/2184 4952/1719/2094 4977/1720/2079 4978/1720/2186
f 4978/1720/2186 4977/1720/2079 5002/1721/2080 5003/1721/2188
f 5003/1721/2188 5002/1721/2080 5027/1722/2081 5028/1722/2190
f 5028/1722/2190 5027/1722/2081 5052/1723/2082 5053/1723/2192
f 5053/1723/2192 5052/1723/2082 5077/1724/2083 5078/1724/2194
f 5078/1724/2194 5077/1724/2083 5102/1725/2084 5103/1725/2196
f 5103/1725/2196 5102/1725/2084 5127/1726/2085 5128/1726/2198
f 5128/1726/2198 5127/1726/2085 5152/1727/2086 5153/1727/2200
f 5153/1727/2200 5152/1727/2086 5177/1728/2233 5178/1728/2235
f 3979/1680/2236 3978/1680/2234 4003/1681/2204 4004/1681/2089
f 4004/1681/2089 4003/1681/2204 4028/1682/2175 4029/1682/2090
f 4029/1682/2090 4028/1682/2175 4053/1683/2177 4054/1683/2091
f 4054/1683/2091 4053/1683/2177 4078/1684/2179 4079/1684/2092
f 4079/1684/2092 4078/1684/2179 4103/1685/2181 4104/1685/2093
f 4104/1685/2093 4103/1685/2181 4128/1686/2135 4129/1686/2094
f 4129/1686/2094 4128/1686/2135 4153/1687/2184 4154/1687/2079
f 4154/1687/2079 4153/1687/2184 4178/1688/2186 4179/1688/2080
f 4179/1688/2080 4178/1688/2186 4203/1689/2188 4204/1689/2081
f 4204/1689/2081 4203/1689/2188 4228/1690/2190 4229/1690/2082
f 4229/1690/2082 4228/1690/2190 4253/1691/2192 4254/1691/2083
f 4254/1691/2083 4253/1691/2192 4278/1692/2194 4279/1692/2084
f 4279/1692/2084 4278/1692/2194 4303/1693/2196 4304/1693/2085
f 4304/1693/2085 4303/1693/2196 4328/1694/2198 4329/1694/2086
f 4329/1694/2086 4328/1694/2198 4353/1695/2200 4354/1695/2087
f 4354/1695/2087 4353/1695/2200 4378/1696/2202 4379/1696/2088
f 4379/1696/2088 4378/1696/2202 4403/1697/2204 4404/1697/2089
f 4404/1697/2089 4403/1697/2204 4428/1698/2175 4429/1698/2090
f 4429/1698/2090 4428/1698/2175 4453/1699/2177 4454/1699/2091
f 4454/1699/2091 4453/1699/2177 4478/1700/2179 4479/1700/2092
f 4479/1700/2092 4478/1700/2179 4503/1701/2181 4504/1701/2093
f 4504/1701/2093 4503/1701/2181 4528/1702/2135 4529/1702/2094
f 4529/1702/2094 4528/1702/2135 4553/1703/2184 4554/1703/2079
f 4554/1703/2079 4553/1703/2184 4578/1704/2186 4579/1704/2080
f 4579/1704/2080 4578/1704/2186 4603/1705/2188 4604/1705/2081
f 4604/1705/2081 4603/1705/2188 4628/1706/2190 4629/1706/2082
f 4629/1706/2082 4628/1706/2190 4653/1707/2192 4654/1707/2083
f 4654/1707/2083 4653/1707/2192 4678/1708/2194 4679/1708/2084
f 4679/1708/2084 4678/1708/2194 4703/1709/2196 4704/1709/2085
f 4704/1709/2085 4703/1709/2196 4728/1710/2198 4729/1710/2086
f 4729/1710/2086 4728/1710/2198 4753/1711/2200 4754/1711/2087
f 4754/1711/2087 4753/1711/2200 4778/1712/2202 4779/1712/2088
f 4779/1712/2088 4778/1712/2202 4803/1713/2204 4804/1713/2089
f 4804/1713/2089 4803/1713/2204 4828/1714/2175 4829/1714/2090
f 4829/1714/2090 4828/1714/2175 4853/1715/2177 4854/1715/2091
f 4854/1715/2091 4853/1715/2177 4878/1716/2179 4879/1716/2092
f 4879/1716/2092 4878/1716/2179 4903/1717/2181 4904/1717/2093
f 4904/1717/2093 4903/1717/2181 4928/1718/2135 4929/1718/2094
f 4929/1718/2094 4928/1718/2135 4953/1719/2184 4954/1719/2079
f 4954/1719/2079 4953/1719/2184 4978/1720/2186 4979/1720/2080
f 4979/1720/2080 4978/1720/2186 5003/1721/2188 5004/1721/2081
f 5004/1721/2081 5003/1721/2188 5028/1722/2190 5029/1722/2082
f 5029/1722/2082 5028/1722/2190 5053/1723/2192 5054/1723/2083
f 5054/1723/2083 5053/1723/2192 5078/1724/2194 5079/1724/2084
f 5079/1724/2084 5078/1724/2194 5103/1725/2196 5104/1725/2085
f 5104/1725/2085 5103/1725/2196 5128/1726/2198 5129/1726/2086
f 5129/1726/2086 5128/1726/2198 5153/1727/2200 5154/1727/2087
f 5154/1727/2087 5153/1727/2200 5178/1728/2235 5179/1728/2237
f 3980/1680/2174 3979/1680/2236 4004/1681/2089 4005/1681/2175
f 4005/1681/2175 4004/1681/2089 4029/1682/2090 4030/1682/2177
f 4030/1682/2177 4029/1682/2090 4054/1683/2091 4055/1683/2179
f 4055/1683/2179 4054/1683/2091 4079/1684/2092 4080/1684/2181
f 4080/1684/2181 4079/1684/2092 4104/1685/2093 4105/1685/2135
f 4105/1685/2135 4104/1685/2093 4129/1686/2094 4130/1686/2184
f 4130/1686/2184 4129/1686/2094 4154/1687/2079 4155/1687/2186
f 4155/1687/2186 4154/1687/2079 4179/1688/2080 4180/1688/2188
f 4180/1688/2188 4179/1688/2080 4204/1689/2081 4205/1689/2190
f 4205/1689/2190 4204/1689/2081 4229/1690/2082 4230/1690/2192
f 4230/1690/2192 4229/1690/2082 4254/1691/2083 4255/1691/2194
f 4255/1691/2194 4254/1691/2083 4279/1692/2084 4280/1692/2196
f 4280/1692/2196 4279/1692/2084 4304/1693/2085 4305/1693/2198
f 4305/1693/2198 4304/1693/2085 4329/1694/2086 4330/1694/2200
f 4330/1694/2200 4329/1694/2086 4354/1695/2087 4355/1695/2202
f 4355/1695/2202 4354/1695/2087 4379/1696/2088 4380/1696/2204
f 4380/1696/2204 4379/1696/2088 4404/1697/2089 4405/1697/2175
f 4405/1697/2175 4404/1697/2089 4429/1698/2090 4430/1698/2177
f 4430/1698/2177 4429/1698/2090 4454/1699/2091 4455/1699/2179
f 4455/1699/2179 4454/1699/2091 4479/1700/2092 4480/1700/2181
f 4480/1700/2181 4479/1700/2092 4504/1701/2093 4505/1701/2135
f 4505/1701/2135 4504/1701/2093 4529/1702/2094 4530/1702/2184
f 4530/1702/2184 4529/1702/2094 4554/1703/2079 4555/1703/2186
f 4555/1703/2186 4554/1703/2079 4579/1704/2080 4580/1704/2188
f 4580/1704/2188 4579/1704/2080 4604/1705/2081 4605/1705/2190
f 4605/1705/2190 4604/1705/2081 4629/1706/2082 4630/1706/2192
f 4630/1706/2192 4629/1706/2082 4654/1707/2083 4655/1707/2194
f 4655/1707/2194 4654/1707/2083 4679/1708/2084 4680/1708/2196
f 4680/1708/2196 4679/1708/2084 4704/1709/2085 4705/1709/2198
f 4705/1709/2198 4704/1709/2085 4729/1710/2086 4730/1710/2200
f 4730/1710/2200 4729/1710/2086 4754/1711/2087 4755/1711/2202
f 4755/1711/2202 4754/1711/2087 4779/1712/2088 4780/1712/2204
f 4780/1712/2204 4779/1712/2088 4804/1713/2089 4805/1713/2175
f 4805/1713/2175 4804/1713/2089 4829/1714/2090 4830/1714/2177
f 4830/1714/2177 4829/1714/2090 4854/1715/2091 4855/1715/2179
f 4855/1715/2179 4854/1715/2091 4879/1716/2092 4880/1716/2181
f 4880/1716/2181 4879/1716/2092 4904/1717/2093 4905/1717/2135
f 4905/1717/2135 4904/1717/2093 4929/1718/2094 4930/1718/2184
f 4930/1718/2184 4929/1718/2094 4954/1719/2079 4955/1719/2186
f 4955/1719/2186 4954/1719/2079 4979/1720/2080 4980/1720/2188
f 4980/1720/2188 4979/1720/2080 5004/1721/2081 5005/1721/2190
f 5005/1721/2190 5004/1721/2081 5029/1722/2082 5030/1722/2192
f 5030/1722/2192 5029/1722/2082 5054/1723/2083 5055/1723/2194
f 5055/1723/2194 5054/1723/2083 5079/1724/2084 5080/1724/2196
f 5080/1724/2196 5079/1724/2084 5104/1725/2085 5105/1725/2198
f 5105/1725/2198 5104/1725/2085 5129/1726/2086 5130/1726/2200
f 5130/1726/2200 5129/1726/2086 5154/1727/2087 5155/1727/2202
f 5155/1727/2202 5154/1727/2087 5179/1728/2237 5180/1728/2206
f 3981/1680/2238 3982/1680/2239 4007/1681/2240 4006/1681/2155
f 4006/1681/2155 4007/1681/2240 4032/1682/2241 4031/1682/2157
f 4031/1682/2157 4032/1682/2241 4057/1683/2242 4056/1683/2159
f 4056/1683/2159 4057/1683/2242 4082/1684/2243 4081/1684/2161
f 4081/1684/2161 4082/1684/2243 4107/1685/2244 4106/1685/2163
f 4106/1685/2163 4107/1685/2244 4132/1686/2245 4131/1686/2165
f 4131/1686/2165 4132/1686/2245 4157/1687/2246 4156/1687/2167
f 4156/1687/2167 4157/1687/2246 4182/1688/2247 4181/1688/2169
f 4181/1688/2169 4182/1688/2247 4207/1689/2248 4206/1689/2139
f 4206/1689/2139 4207/1689/2248 4232/1690/2249 4231/1690/2141
f 4231/1690/2141 4232/1690/2249 4257/1691/2250 4256/1691/2143
f 4256/1691/2143 4257/1691/2250 4282/1692/2251 4281/1692/2170
f 4281/1692/2170 4282/1692/2251 4307/1693/2252 4306/1693/2147
f 4306/1693/2147 4307/1693/2252 4332/1694/2253 4331/1694/2149
f 4331/1694/2149 4332/1694/2253 4357/1695/2254 4356/1695/2151
f 4356/1695/2151 4357/1695/2254 4382/1696/2255 4381/1696/2153
f 4381/1696/2153 4382/1696/2255 4407/1697/2240 4406/1697/2155
f 4406/1697/2155 4407/1697/2240 4432/1698/2241 4431/1698/2157
f 4431/1698/2157 4432/1698/2241 4457/1699/2242 4456/1699/2159
f 4456/1699/2159 4457/1699/2242 4482/1700/2243 4481/1700/2161
f 4481/1700/2161 4482/1700/2243 4507/1701/2244 4506/1701/2163
f 4506/1701/2163 4507/1701/2244 4532/1702/2245 4531/1702/2165
f 4531/1702/2165 4532/1702/2245 4557/1703/2246 4556/1703/2167
f 4556/1703/2167 4557/1703/2246 4582/1704/2247 4581/1704/2169
f 4581/1704/2169 4582/1704/2247 4607/1705/2248 4606/1705/2139
f 4606/1705/2139 4607/1705/2248 4632/1706/2249 4631/1706/2141
f 4631/1706/2141 4632/1706/2249 4657/1707/2250 4656/1707/2143
f 4656/1707/2143 4657/1707/2250 4682/1708/2251 4681/1708/2170
f 4681/1708/2170 4682/1708/2251 4707/1709/2252 4706/1709/2147
f 4706/1709/2147 4707/1709/2252 4732/1710/2253 4731/1710/2149
f 4731/1710/2149 4732/1710/2253 4757/1711/2254 4756/1711/2151
f 4756/1711/2151 4757/1711/2254 4782/1712/2255 4781/1712/2153
f 4781/1712/2153 4782/1712/2255 4807/1713/2240 4806/1713/2155
f 4806/1713/2155 4807/1713/2240 4832/1714/2241 4831/1714/2157
f 4831/1714/2157 4832/1714/2241 4857/1715/2242 4856/1715/2159
f 4856/1715/2159 4857/1715/2242 4882/1716/2243 4881/1716/2256
f 4881/1716/2256 4882/1716/2243 4907/1717/2244 4906/1717/2163
f 4906/1717/2163 4907/1717/2244 4932/1718/2245 4931/1718/2165
f 4931/1718/2165 4932/1718/2245 4957/1719/2246 4956/1719/2167
f 4956/1719/2167 4957/1719/2246 4982/1720/2247 4981/1720/2169
f 4981/1720/2169 4982/1720/2247 5007/1721/2248 5006/1721/2139
f 5006/1721/2139 5007/1721/2248 5032/1722/2249 5031/1722/2141
f 5031/1722/2141 5032/1722/2249 5057/1723/2250 5056/1723/2143
f 5056/1723/2143 5057/1723/2250 5082/1724/2251 5081/1724/2145
f 5081/1724/2145 5082/1724/2251 5107/1725/2252 5106/1725/2147
f 5106/1725/2147 5107/1725/2252 5132/1726/2253 5131/1726/2149
f 5131/1726/2149 5132/1726/2253 5157/1727/2254 5156/1727/2151
f 5156/1727/2151 5157/1727/2254 5182/1728/2257 5181/1728/2258
f 3983/1680/2259 3984/1680/2260 4009/1681/2261 4008/1681/2262
f 4008/1681/2262 4009/1681/2261 4034/1682/2263 4033/1682/2264
f 4033/1682/2264 4034/1682/2263 4059/1683/2265 4058/1683/2266
f 4058/1683/2266 4059/1683/2265 4084/1684/2267 4083/1684/2268
f 4083/1684/2268 4084/1684/2267 4109/1685/2269 4108/1685/2270
f 4108/1685/2270 4109/1685/2269 4134/1686/2271 4133/1686/2272
f 4133/1686/2272 4134/1686/2271 4159/1687/2273 4158/1687/2274
f 4158/1687/2274 4159/1687/2273 4184/1688/2275 4183/1688/2276
f 4183/1688/2276 4184/1688/2275 4209/1689/2277 4208/1689/2278
f 4208/1689/2278 4209/1689/2277 4234/1690/2279 4233/1690/2280
f 4233/1690/2280 4234/1690/2279 4259/1691/2281 4258/1691/2282
f 4258/1691/2282 4259/1691/2281 4284/1692/2283 4283/1692/2284
f 4283/1692/2284 4284/1692/2283 4309/1693/2285 4308/1693/2286
f 4308/1693/2286 4309/1693/2285 4334/1694/2287 4333/1694/2288
f 4333/1694/2288 4334/1694/2287 4359/1695/2289 4358/1695/2290
f 4358/1695/2290 4359/1695/2289 4384/1696/2291 4383/1696/2292
f 4383/1696/2292 4384/1696/2291 4409/1697/2261 4408/1697/2262
f 4408/1697/2262 4409/1697/2261 4434/1698/2263 4433/1698/2264
f 4433/1698/2264 4434/1698/2263 4459/1699/2265 4458/1699/2266
f 4458/1699/2266 4459/1699/2265 4484/1700/2267 4483/1700/2268
f 4483/1700/2268 4484/1700/2267 4509/1701/2269 4508/1701/2270
f 4508/1701/2270 4509/1701/2269 4534/1702/2271 4533/1702/2272
f 4533/1702/2272 4534/1702/2271 4559/1703/2273 4558/1703/2274
f 4558/1703/2274 4559/1703/2273 4584/1704/2275 4583/1704/2276
f 4583/1704/2276 4584/1704/2275 4609/1705/2277 4608/1705/2278
f 4608/1705/2278 4609/1705/2277 4634/1706/2279 4633/1706/2280
f 4633/1706/2280 4634/1706/2279 4659/1707/2281 4658/1707/2282
f 4658/1707/2282 4659/1707/2281 4684/1708/2283 4683/1708/2284
f 4683/1708/2284 4684/1708/2283 4709/1709/2285 4708/1709/2286
f 4708/1709/2286 4709/1709/2285 4734/1710/2287 4733/1710/2288
f 4733/1710/2288 4734/1710/2287 4759/1711/2289 4758/1711/2290
f 4758/1711/2290 4759/1711/2289 4784/1712/2291 4783/1712/2292
f 4783/1712/2292 4784/1712/2291 4809/1713/2261 4808/1713/2262
f 4808/1713/2262 4809/1713/2261 4834/1714/2263 4833/1714/2264
f 4833/1714/2264 4834/1714/2263 4859/1715/2265 4858/1715/2266
f 4858/1715/2266 4859/1715/2265 4884/1716/2267 4883/1716/2268
f 4883/1716/2268 4884/1716/2267 4909/1717/2269 4908/1717/2270
f 4908/1717/2270 4909/1717/2269 4934/1718/2271 4933/1718/2272
f 4933/1718/2272 4934/1718/2271 4959/1719/2273 4958/1719/2274
f 4958/1719/2274 4959/1719/2273 4984/1720/2275 4983/1720/2276
f 4983/1720/2276 4984/1720/2275 5009/1721/2277 5008/1721/2278
f 5008/1721/2278 5009/1721/2277 5034/1722/2279 5033/1722/2280
f 5033/1722/2280 5034/1722/2279 5059/1723/2293 5058/1723/2282
f 5058/1723/2282 5059/1723/2293 5084/1724/2283 5083/1724/2284
f 5083/1724/2284 5084/1724/2283 5109/1725/2285 5108/1725/2286
f 5108/1725/2286 5109/1725/2285 5134/1726/2287 5133/1726/2288
f 5133/1726/2288 5134/1726/2287 5159/1727/2289 5158/1727/2290
f 5158/1727/2290 5159/1727/2289 5184/1728/2294 5183/1728/2295
f 3984/1680/2260 3985/1680/2296 4010/1681/2297 4009/1681/2261
f 4009/1681/2261 4010/1681/2297 4035/1682/2298 4034/1682/2263
f 4034/1682/2263 4035/1682/2298 4060/1683/2299 4059/1683/2265
f 4059/1683/2265 4060/1683/2299 4085/1684/2300 4084/1684/2267
f 4084/1684/2267 4085/1684/2300 4110/1685/2301 4109/1685/2269
f 4109/1685/2269 4110/1685/2301 4135/1686/2302 4134/1686/2271
f 4134/1686/2271 4135/1686/2302 4160/1687/2303 4159/1687/2273
f 4159/1687/2273 4160/1687/2303 4185/1688/2304 4184/1688/2275
f 4184/1688/2275 4185/1688/2304 4210/1689/2305 4209/1689/2277
f 4209/1689/2277 4210/1689/2305 4235/1690/2306 4234/1690/2279
f 4234/1690/2279 4235/1690/2306 4260/1691/2307 4259/1691/2281
f 4259/1691/2281 4260/1691/2307 4285/1692/2308 4284/1692/2283
f 4284/1692/2283 4285/1692/2308 4310/1693/2309 4309/1693/2285
f 4309/1693/2285 4310/1693/2309 4335/1694/2310 4334/1694/2287
f 4334/1694/2287 4335/1694/2310 4360/1695/2311 4359/1695/2289
f 4359/1695/2289 4360/1695/2311 4385/1696/2312 4384/1696/2291
f 4384/1696/2291 4385/1696/2312 4410/1697/2297 4409/1697/2261
f 4409/1697/2261 4410/1697/2297 4435/1698/2298 4434/1698/2263
f 4434/1698/2263 4435/1698/2298 4460/1699/2299 4459/1699/2265
f 4459/1699/2265 4460/1699/2299 4485/1700/2300 4484/1700/2267
f 4484/1700/2267 4485/1700/2300 4510/1701/2301 4509/1701/2269
f 4509/1701/2269 4510/1701/2301 4535/1702/2302 4534/1702/2271
f 4534/1702/2271 4535/1702/2302 4560/1703/2303 4559/1703/2273
f 4559/1703/2273 4560/1703/2303 4585/1704/2304 4584/1704/2275
f 4584/1704/2275 4585/1704/2304 4610/1705/2305 4609/1705/2277
f 4609/1705/2277 4610/1705/2305 4635/1706/2306 4634/1706/2279
f 4634/1706/2279 4635/1706/2306 4660/1707/2307 4659/1707/2281
f 4659/1707/2281 4660/1707/2307 4685/1708/2308 4684/1708/2283
f 4684/1708/2283 4685/1708/2308 4710/1709/2309 4709/1709/2285
f 4709/1709/2285 4710/1709/2309 4735/1710/2310 4734/1710/2287
f 4734/1710/2287 4735/1710/2310 4760/1711/2311 4759/1711/2289
f 4759/1711/2289 4760/1711/2311 4785/1712/2312 4784/1712/2291
f 4784/1712/2291 4785/1712/2312 4810/1713/2297 4809/1713/2261
f 4809/1713/2261 4810/1713/2297 4835/1714/2298 4834/1714/2263
f 4834/1714/2263 4835/1714/2298 4860/1715/2299 4859/1715/2265
f 4859/1715/2265 4860/1715/2299 4885/1716/2300 4884/1716/2267
f 4884/1716/2267 4885/1716/2300 4910/1717/2301 4909/1717/2269
f 4909/1717/2269 4910/1717/2301 4935/1718/2302 4934/1718/2271
f 4934/1718/2271 4935/1718/2302 4960/1719/2303 4959/1719/2273
f 4959/1719/2273 4960/1719/2303 4985/1720/2304 4984/1720/2275
f 4984/1720/2275 4985/1720/2304 5010/1721/2305 5009/1721/2277
f 5009/1721/2277 5010/1721/2305 5035/1722/2306 5034/1722/2279
f 5034/1722/2279 5035/1722/2306 5060/1723/2307 5059/1723/2293
f 5059/1723/2293 5060/1723/2307 5085/1724/2308 5084/1724/2283
f 5084/1724/2283 5085/1724/2308 5110/1725/2309 5109/1725/2285
f 5109/1725/2285 5110/1725/2309 5135/1726/2310 5134/1726/2287
f 5134/1726/2287 5135/1726/2310 5160/1727/2311 5159/1727/2289
f 5159/1727/2289 5160/1727/2311 5185/1728/2313 5184/1728/2294
f 4007/1681/2240 4008/1681/2262 4033/1682/2264 4032/1682/2241
f 4032/1682/2241 4033/1682/2264 4058/1683/2266 4057/1683/2242
f 4057/1683/2242 4058/1683/2266 4083/1684/2268 4082/1684/2243
f 4082/1684/2243 4083/1684/2268 4108/1685/2270 4107/1685/2244
f 4107/1685/2244 4108/1685/2270 4133/1686/2272 4132/1686/2245
f 4132/1686/2245 4133/1686/2272 4158/1687/2274 4157/1687/2246
f 4157/1687/2246 4158/1687/2274 4183/1688/2276 4182/1688/2247
f 4182/1688/2247 4183/1688/2276 4208/1689/2278 4207/1689/2248
f 4207/1689/2248 4208/1689/2278 4233/1690/2280 4232/1690/2249
f 4232/1690/2249 4233/1690/2280 4258/1691/2282 4257/1691/2250
f 4257/1691/2250 4258/1691/2282 4283/1692/2284 4282/1692/2251
f 4282/1692/2251 4283/1692/2284 4308/1693/2286 4307/1693/2252
f 4307/1693/2252 4308/1693/2286 4333/1694/2288 4332/1694/2253
f 4332/1694/2253 4333/1694/2288 4358/1695/2290 4357/1695/2254
f 4357/1695/2254 4358/1695/2290 4383/1696/2292 4382/1696/2255
f 4382/1696/2255 4383/1696/2292 4408/1697/2262 4407/1697/2240
f 4407/1697/2240 4408/1697/2262 4433/1698/2264 4432/1698/2241
f 4432/1698/2241 4433/1698/2264 4458/1699/2266 4457/1699/2242
f 4457/1699/2242 4458/1699/2266 4483/1700/2268 4482/1700/2243
f 4482/1700/2243 4483/1700/2268 4508/1701/2270 4507/1701/2244
f 4507/1701/2244 4508/1701/2270 4533/1702/2272 4532/1702/2245
f 4532/1702/2245 4533/1702/2272 4558/1703/2274 4557/1703/2246
f 4557/1703/2246 4558/1703/2274 4583/1704/2276 4582/1704/2247
f 4582/1704/2247 4583/1704/2276 4608/1705/2278 4607/1705/2248
f 4607/1705/2248 4608/1705/2278 4633/1706/2280 4632/1706/2249
f 4632/1706/2249 4633/1706/2280 4658/1707/2282 4657/1707/2250
f 4657/1707/2250 4658/1707/2282 4683/1708/2284 4682/1708/2251
f 4682/1708/2251 4683/1708/2284 4708/1709/2286 4707/1709/2252
f 4707/1709/2252 4708/1709/2286 4733/1710/2288 4732/1710/2253
f 4732/1710/2253 4733/1710/2288 4758/1711/2290 4757/1711/2254
f 4757/1711/2254 4758/1711/2290 4783/1712/2292 4782/1712/2255
f 4782/1712/2255 4783/1712/2292 4808/1713/2262 4807/1713/2240
f 4807/1713/2240 4808/1713/2262 4833/1714/2264 4832/1714/2241
f 4832/1714/2241 4833/1714/2264 4858/1715/2266 4857/1715/2242
f 4857/1715/2242 4858/1715/2266 4883/1716/2268 4882/1716/2243
f 4882/1716/2243 4883/1716/2268 4908/1717/2270 4907/1717/2244
f 4907/1717/2244 4908/1717/2270 4933/1718/2272 4932/1718/2245
f 4932/1718/2245 4933/1718/2272 4958/1719/2274 4957/1719/2246
f 4957/1719/2246 4958/1719/2274 4983/1720/2276 4982/1720/2247
f 4982/1720/2247 4983/1720/2276 5008/1721/2278 5007/1721/2248
f 5007/1721/2248 5008/1721/2278 5033/1722/2280 5032/1722/2249
f 5032/1722/2249 5033/1722/2280 5058/1723/2282 5057/1723/2250
f 5057/1723/2250 5058/1723/2282 5083/1724/2284 5082/1724/2251
f 5082/1724/2251 5083/1724/2284 5108/1725/2286 5107/1725/2252
f 5107/1725/2252 5108/1725/2286 5133/1726/2288 5132/1726/2253
f 5132/1726/2253 5133/1726/2288 5158/1727/2290 5157/1727/2254
f 5157/1727/2254 5158/1727/2290 5183/1728/2295 5182/1728/2257
f 3983/1680/2259 3982/1680/2239 5207/1680/2314 5208/1680/2177
f 3985/1680/2296 3986/1680/2315 4011/1681/2316 4010/1681/2297
f 4010/1681/2297 4011/1681/2316 4036/1682/2317 4035/1682/2298
f 4035/1682/2298 4036/1682/2317 4061/1683/2318 4060/1683/2299
f 4060/1683/2299 4061/1683/2318 4086/1684/2319 4085/1684/2300
f 4085/1684/2300 4086/1684/2319 4111/1685/2320 4110/1685/2301
f 4110/1685/2301 4111/1685/2320 4136/1686/2321 4135/1686/2302
f 4135/1686/2302 4136/1686/2321 4161/1687/2322 4160/1687/2303
f 4160/1687/2303 4161/1687/2322 4186/1688/2323 4185/1688/2304
f 4185/1688/2304 4186/1688/2323 4211/1689/2324 4210/1689/2305
f 4210/1689/2305 4211/1689/2324 4236/1690/2325 4235/1690/2306
f 4235/1690/2306 4236/1690/2325 4261/1691/2326 4260/1691/2307
f 4260/1691/2307 4261/1691/2326 4286/1692/2327 4285/1692/2308
f 4285/1692/2308 4286/1692/2327 4311/1693/2328 4310/1693/2309
f 4310/1693/2309 4311/1693/2328 4336/1694/2329 4335/1694/2310
f 4335/1694/2310 4336/1694/2329 4361/1695/2330 4360/1695/2311
f 4360/1695/2311 4361/1695/2330 4386/1696/2331 4385/1696/2312
f 4385/1696/2312 4386/1696/2331 4411/1697/2316 4410/1697/2297
f 4410/1697/2297 4411/1697/2316 4436/1698/2317 4435/1698/2298
f 4435/1698/2298 4436/1698/2317 4461/1699/2318 4460/1699/2299
f 4460/1699/2299 4461/1699/2318 4486/1700/2319 4485/1700/2300
f 4485/1700/2300 4486/1700/2319 4511/1701/2320 4510/1701/2301
f 4510/1701/2301 4511/1701/2320 4536/1702/2321 4535/1702/2302
f 4535/1702/2302 4536/1702/2321 4561/1703/2322 4560/1703/2303
f 4560/1703/2303 4561/1703/2322 4586/1704/2323 4585/1704/2304
f 4585/1704/2304 4586/1704/2323 4611/1705/2324 4610/1705/2305
f 4610/1705/2305 4611/1705/2324 4636/1706/2325 4635/1706/2306
f 4635/1706/2306 4636/1706/2325 4661/1707/2326 4660/1707/2307
f 4660/1707/2307 4661/1707/2326 4686/1708/2327 4685/1708/2308
f 4685/1708/2308 4686/1708/2327 4711/1709/2328 4710/1709/2309
f 4710/1709/2309 4711/1709/2328 4736/1710/2329 4735/1710/2310
f 4735/1710/2310 4736/1710/2329 4761/1711/2330 4760/1711/2311
f 4760/1711/2311 4761/1711/2330 4786/1712/2331 4785/1712/2312
f 4785/1712/2312 4786/1712/2331 4811/1713/2316 4810/1713/2297
f 4810/1713/2297 4811/1713/2316 4836/1714/2317 4835/1714/2298
f 4835/1714/2298 4836/1714/2317 4861/1715/2318 4860/1715/2299
f 4860/1715/2299 4861/1715/2318 4886/1716/2319 4885/1716/2300
f 4885/1716/2300 4886/1716/2319 4911/1717/2320 4910/1717/2301
f 4910/1717/2301 4911/1717/2320 4936/1718/2321 4935/1718/2302
f 4935/1718/2302 4936/1718/2321 4961/1719/2322 4960/1719/2303
f 4960/1719/2303 4961/1719/2322 4986/1720/2323 4985/1720/2304
f 4985/1720/2304 4986/1720/2323 5011/1721/2324 5010/1721/2305
f 5010/1721/2305 5011/1721/2324 5036/1722/2325 5035/1722/2306
f 5035/1722/2306 5036/1722/2325 5061/1723/2326 5060/1723/2307
f 5060/1723/2307 5061/1723/2326 5086/1724/2327 5085/1724/2308
f 5085/1724/2308 5086/1724/2327 5111/1725/2328 5110/1725/2309
f 5110/1725/2309 5111/1725/2328 5136/1726/2329 5135/1726/2310
f 5135/1726/2310 5136/1726/2329 5161/1727/2330 5160/1727/2311
f 5160/1727/2311 5161/1727/2330 5186/1728/2332 5185/1728/2313
f 3987/1680/2137 3988/1680/2333 4013/1681/2334 4012/1681/2138
f 4012/1681/2138 4013/1681/2334 4038/1682/2335 4037/1682/2140
f 4037/1682/2140 4038/1682/2335 4063/1683/2336 4062/1683/2142
f 4062/1683/2142 4063/1683/2336 4088/1684/2337 4087/1684/2144
f 4087/1684/2144 4088/1684/2337 4113/1685/2338 4112/1685/2146
f 4112/1685/2146 4113/1685/2338 4138/1686/2339 4137/1686/2148
f 4137/1686/2148 4138/1686/2339 4163/1687/2340 4162/1687/2150
f 4162/1687/2150 4163/1687/2340 4188/1688/2341 4187/1688/2152
f 4187/1688/2152 4188/1688/2341 4213/1689/2342 4212/1689/2154
f 4212/1689/2154 4213/1689/2342 4238/1690/2343 4237/1690/2156
f 4237/1690/2156 4238/1690/2343 4263/1691/2344 4262/1691/2158
f 4262/1691/2158 4263/1691/2344 4288/1692/2345 4287/1692/2160
f 4287/1692/2160 4288/1692/2345 4313/1693/2346 4312/1693/2162
f 4312/1693/2162 4313/1693/2346 4338/1694/2347 4337/1694/2164
f 4337/1694/2164 4338/1694/2347 4363/1695/2348 4362/1695/2166
f 4362/1695/2166 4363/1695/2348 4388/1696/2349 4387/1696/2168
f 4387/1696/2168 4388/1696/2349 4413/1697/2334 4412/1697/2138
f 4412/1697/2138 4413/1697/2334 4438/1698/2335 4437/1698/2140
f 4437/1698/2140 4438/1698/2335 4463/1699/2336 4462/1699/2142
f 4462/1699/2142 4463/1699/2336 4488/1700/2337 4487/1700/2144
f 4487/1700/2144 4488/1700/2337 4513/1701/2338 4512/1701/2146
f 4512/1701/2146 4513/1701/2338 4538/1702/2339 4537/1702/2148
f 4537/1702/2148 4538/1702/2339 4563/1703/2340 4562/1703/2150
f 4562/1703/2150 4563/1703/2340 4588/1704/2341 4587/1704/2152
f 4587/1704/2152 4588/1704/2341 4613/1705/2342 4612/1705/2154
f 4612/1705/2154 4613/1705/2342 4638/1706/2343 4637/1706/2156
f 4637/1706/2156 4638/1706/2343 4663/1707/2344 4662/1707/2158
f 4662/1707/2158 4663/1707/2344 4688/1708/2345 4687/1708/2160
f 4687/1708/2160 4688/1708/2345 4713/1709/2346 4712/1709/2162
f 4712/1709/2162 4713/1709/2346 4738/1710/2347 4737/1710/2164
f 4737/1710/2164 4738/1710/2347 4763/1711/2348 4762/1711/2166
f 4762/1711/2166 4763/1711/2348 4788/1712/2349 4787/1712/2168
f 4787/1712/2168 4788/1712/2349 4813/1713/2334 4812/1713/2138
f 4812/1713/2138 4813/1713/2334 4838/1714/2335 4837/1714/2140
f 4837/1714/2140 4838/1714/2335 4863/1715/2336 4862/1715/2142
f 4862/1715/2142 4863/1715/2336 4888/1716/2337 4887/1716/2144
f 4887/1716/2144 4888/1716/2337 4913/1717/2338 4912/1717/2146
f 4912/1717/2146 4913/1717/2338 4938/1718/2339 4937/1718/2148
f 4937/1718/2148 4938/1718/2339 4963/1719/2340 4962/1719/2150
f 4962/1719/2150 4963/1719/2340 4988/1720/2341 4987/1720/2152
f 4987/1720/2152 4988/1720/2341 5013/1721/2342 5012/1721/2154
f 5012/1721/2154 5013/1721/2342 5038/1722/2343 5037/1722/2156
f 5037/1722/2156 5038/1722/2343 5063/1723/2344 5062/1723/2158
f 5062/1723/2158 5063/1723/2344 5088/1724/2345 5087/1724/2160
f 5087/1724/2160 5088/1724/2345 5113/1725/2346 5112/1725/2162
f 5112/1725/2162 5113/1725/2346 5138/1726/2347 5137/1726/2164
f 5137/1726/2164 5138/1726/2347 5163/1727/2348 5162/1727/2166
f 5162/1727/2166 5163/1727/2348 5188/1728/2350 5187/1728/2171
f 3988/1680/2333 3989/1680/2351 4014/1681/2352 4013/1681/2334
f 4013/1681/2334 4014/1681/2352 4039/1682/2353 4038/1682/2335
f 4038/1682/2335 4039/1682/2353 4064/1683/2354 4063/1683/2336
f 4063/1683/2336 4064/1683/2354 4089/1684/2355 4088/1684/2337
f 4088/1684/2337 4089/1684/2355 4114/1685/2356 4113/1685/2338
f 4113/1685/2338 4114/1685/2356 4139/1686/2357 4138/1686/2339
f 4138/1686/2339 4139/1686/2357 4164/1687/2358 4163/1687/2340
f 4163/1687/2340 4164/1687/2358 4189/1688/2359 4188/1688/2341
f 4188/1688/2341 4189/1688/2359 4214/1689/2360 4213/1689/2342
f 4213/1689/2342 4214/1689/2360 4239/1690/2361 4238/1690/2343
f 4238/1690/2343 4239/1690/2361 4264/1691/2362 4263/1691/2344
f 4263/1691/2344 4264/1691/2362 4289/1692/2363 4288/1692/2345
f 4288/1692/2345 4289/1692/2363 4314/1693/2364 4313/1693/2346
f 4313/1693/2346 4314/1693/2364 4339/1694/2365 4338/1694/2347
f 4338/1694/2347 4339/1694/2365 4364/1695/2366 4363/1695/2348
f 4363/1695/2348 4364/1695/2366 4389/1696/2367 4388/1696/2349
f 4388/1696/2349 4389/1696/2367 4414/1697/2352 4413/1697/2334
f 4413/1697/2334 4414/1697/2352 4439/1698/2353 4438/1698/2335
f 4438/1698/2335 4439/1698/2353 4464/1699/2354 4463/1699/2336
f 4463/1699/2336 4464/1699/2354 4489/1700/2355 4488/1700/2337
f 4488/1700/2337 4489/1700/2355 4514/1701/2356 4513/1701/2338
f 4513/1701/2338 4514/1701/2356 4539/1702/2357 4538/1702/2339
f 4538/1702/2339 4539/1702/2357 4564/1703/2358 4563/1703/2340
f 4563/1703/2340 4564/1703/2358 4589/1704/2359 4588/1704/2341
f 4588/1704/2341 4589/1704/2359 4614/1705/2360 4613/1705/2342
f 4613/1705/2342 4614/1705/2360 4639/1706/2361 4638/1706/2343
f 4638/1706/2343 4639/1706/2361 4664/1707/2362 4663/1707/2344
f 4663/1707/2344 4664/1707/2362 4689/1708/2363 4688/1708/2345
f 4688/1708/2345 4689/1708/2363 4714/1709/2364 4713/1709/2346
f 4713/1709/2346 4714/1709/2364 4739/1710/2365 4738/1710/2347
f 4738/1710/2347 4739/1710/2365 4764/1711/2366 4763/1711/2348
f 4763/1711/2348 4764/1711/2366 4789/1712/2367 4788/1712/2349
f 4788/1712/2349 4789/1712/2367 4814/1713/2352 4813/1713/2334
f 4813/1713/2334 4814/1713/2352 4839/1714/2353 4838/1714/2335
f 4838/1714/2335 4839/1714/2353 4864/1715/2354 4863/1715/2336
f 4863/1715/2336 4864/1715/2354 4889/1716/2355 4888/1716/2337
f 4888/1716/2337 4889/1716/2355 4914/1717/2356 4913/1717/2338
f 4913/1717/2338 4914/1717/2356 4939/1718/2357 4938/1718/2339
f 4938/1718/2339 4939/1718/2357 4964/1719/2358 4963/1719/2340
f 4963/1719/2340 4964/1719/2358 4989/1720/2359 4988/1720/2341
f 4988/1720/2341 4989/1720/2359 5014/1721/2360 5013/1721/2342
f 5013/1721/2342 5014/1721/2360 5039/1722/2361 5038/1722/2343
f 5038/1722/2343 5039/1722/2361 5064/1723/2362 5063/1723/2344
f 5063/1723/2344 5064/1723/2362 5089/1724/2363 5088/1724/2345
f 5088/1724/2345 5089/1724/2363 5114/1725/2364 5113/1725/2346
f 5113/1725/2346 5114/1725/2364 5139/1726/2365 5138/1726/2347
f 5138/1726/2347 5139/1726/2365 5164/1727/2366 5163/1727/2348
f 5163/1727/2348 5164/1727/2366 5189/1728/2368 5188/1728/2350
f 3989/1680/2351 3990/1680/2369 4015/1681/2084 4014/1681/2352
f 4014/1681/2352 4015/1681/2084 4040/1682/2085 4039/1682/2353
f 4039/1682/2353 4040/1682/2085 4065/1683/2086 4064/1683/2354
f 4064/1683/2354 4065/1683/2086 4090/1684/2087 4089/1684/2355
f 4089/1684/2355 4090/1684/2087 4115/1685/2088 4114/1685/2356
f 4114/1685/2356 4115/1685/2088 4140/1686/2089 4139/1686/2357
f 4139/1686/2357 4140/1686/2089 4165/1687/2090 4164/1687/2358
f 4164/1687/2358 4165/1687/2090 4190/1688/2091 4189/1688/2359
f 4189/1688/2359 4190/1688/2091 4215/1689/2092 4214/1689/2360
f 4214/1689/2360 4215/1689/2092 4240/1690/2093 4239/1690/2361
f 4239/1690/2361 4240/1690/2093 4265/1691/2094 4264/1691/2362
f 4264/1691/2362 4265/1691/2094 4290/1692/2079 4289/1692/2363
f 4289/1692/2363 4290/1692/2079 4315/1693/2080 4314/1693/2364
f 4314/1693/2364 4315/1693/2080 4340/1694/2081 4339/1694/2365
f 4339/1694/2365 4340/1694/2081 4365/1695/2082 4364/1695/2366
f 4364/1695/2366 4365/1695/2082 4390/1696/2083 4389/1696/2367
f 4389/1696/2367 4390/1696/2083 4415/1697/2084 4414/1697/2352
f 4414/1697/2352 4415/1697/2084 4440/1698/2085 4439/1698/2353
f 4439/1698/2353 4440/1698/2085 4465/1699/2086 4464/1699/2354
f 4464/1699/2354 4465/1699/2086 4490/1700/2087 4489/1700/2355
f 4489/1700/2355 4490/1700/2087 4515/1701/2088 4514/1701/2356
f 4514/1701/2356 4515/1701/2088 4540/1702/2089 4539/1702/2357
f 4539/1702/2357 4540/1702/2089 4565/1703/2090 4564/1703/2358
f 4564/1703/2358 4565/1703/2090 4590/1704/2091 4589/1704/2359
f 4589/1704/2359 4590/1704/2091 4615/1705/2092 4614/1705/2360
f 4614/1705/2360 4615/1705/2092 4640/1706/2093 4639/1706/2361
f 4639/1706/2361 4640/1706/2093 4665/1707/2094 4664/1707/2362
f 4664/1707/2362 4665/1707/2094 4690/1708/2079 4689/1708/2363
f 4689/1708/2363 4690/1708/2079 4715/1709/2080 4714/1709/2364
f 4714/1709/2364 4715/1709/2080 4740/1710/2081 4739/1710/2365
f 4739/1710/2365 4740/1710/2081 4765/1711/2082 4764/1711/2366
f 4764/1711/2366 4765/1711/2082 4790/1712/2083 4789/1712/2367
f 4789/1712/2367 4790/1712/2083 4815/1713/2084 4814/1713/2352
f 4814/1713/2352 4815/1713/2084 4840/1714/2085 4839/1714/2353
f 4839/1714/2353 4840/1714/2085 4865/1715/2086 4864/1715/2354
f 4864/1715/2354 4865/1715/2086 4890/1716/2087 4889/1716/2355
f 4889/1716/2355 4890/1716/2087 4915/1717/2088 4914/1717/2356
f 4914/1717/2356 4915/1717/2088 4940/1718/2089 4939/1718/2357
f 4939/1718/2357 4940/1718/2089 4965/1719/2090 4964/1719/2358
f 4964/1719/2358 4965/1719/2090 4990/1720/2091 4989/1720/2359
f 4989/1720/2359 4990/1720/2091 5015/1721/2092 5014/1721/2360
f 5014/1721/2360 5015/1721/2092 5040/1722/2093 5039/1722/2361
f 5039/1722/2361 5040/1722/2093 5065/1723/2094 5064/1723/2362
f 5064/1723/2362 5065/1723/2094 5090/1724/2079 5089/1724/2363
f 5089/1724/2363 5090/1724/2079 5115/1725/2080 5114/1725/2364
f 5114/1725/2364 5115/1725/2080 5140/1726/2081 5139/1726/2365
f 5139/1726/2365 5140/1726/2081 5165/1727/2082 5164/1727/2366
f 5164/1727/2366 5165/1727/2082 5190/1728/2370 5189/1728/2368
f 3990/1680/2369 3991/1680/2371 4016/1681/2372 4015/1681/2084
f 4015/1681/2084 4016/1681/2372 4041/1682/2373 4040/1682/2085
f 4040/1682/2085 4041/1682/2373 4066/1683/2374 4065/1683/2086
f 4065/1683/2086 4066/1683/2374 4091/1684/2375 4090/1684/2087
f 4090/1684/2087 4091/1684/2375 4116/1685/2376 4115/1685/2088
f 4115/1685/2088 4116/1685/2376 4141/1686/2377 4140/1686/2089
f 4140/1686/2089 4141/1686/2377 4166/1687/2378 4165/1687/2090
f 4165/1687/2090 4166/1687/2378 4191/1688/2379 4190/1688/2091
f 4190/1688/2091 4191/1688/2379 4216/1689/2380 4215/1689/2092
f 4215/1689/2092 4216/1689/2380 4241/1690/2381 4240/1690/2093
f 4240/1690/2093 4241/1690/2381 4266/1691/2382 4265/1691/2094
f 4265/1691/2094 4266/1691/2382 4291/1692/2383 4290/1692/2079
f 4290/1692/2079 4291/1692/2383 4316/1693/2384 4315/1693/2080
f 4315/1693/2080 4316/1693/2384 4341/1694/2385 4340/1694/2081
f 4340/1694/2081 4341/1694/2385 4366/1695/2386 4365/1695/2082
f 4365/1695/2082 4366/1695/2386 4391/1696/2387 4390/1696/2083
f 4390/1696/2083 4391/1696/2387 4416/1697/2372 4415/1697/2084
f 4415/1697/2084 4416/1697/2372 4441/1698/2373 4440/1698/2085
f 4440/1698/2085 4441/1698/2373 4466/1699/2374 4465/1699/2086
f 4465/1699/2086 4466/1699/2374 4491/1700/2375 4490/1700/2087
f 4490/1700/2087 4491/1700/2375 4516/1701/2376 4515/1701/2088
f 4515/1701/2088 4516/1701/2376 4541/1702/2377 4540/1702/2089
f 4540/1702/2089 4541/1702/2377 4566/1703/2378 4565/1703/2090
f 4565/1703/2090 4566/1703/2378 4591/1704/2379 4590/1704/2091
f 4590/1704/2091 4591/1704/2379 4616/1705/2380 4615/1705/2092
f 4615/1705/2092 4616/1705/2380 4641/1706/2381 4640/1706/2093
f 4640/1706/2093 4641/1706/2381 4666/1707/2382 4665/1707/2094
f 4665/1707/2094 4666/1707/2382 4691/1708/2383 4690/1708/2079
f 4690/1708/2079 4691/1708/2383 4716/1709/2384 4715/1709/2080
f 4715/1709/2080 4716/1709/2384 4741/1710/2385 4740/1710/2081
f 4740/1710/2081 4741/1710/2385 4766/1711/2386 4765/1711/2082
f 4765/1711/2082 4766/1711/2386 4791/1712/2387 4790/1712/2083
f 4790/1712/2083 4791/1712/2387 4816/1713/2372 4815/1713/2084
f 4815/1713/2084 4816/1713/2372 4841/1714/2373 4840/1714/2085
f 4840/1714/2085 4841/1714/2373 4866/1715/2374 4865/1715/2086
f 4865/1715/2086 4866/1715/2374 4891/1716/2375 4890/1716/2087
f 4890/1716/2087 4891/1716/2375 4916/1717/2376 4915/1717/2088
f 4915/1717/2088 4916/1717/2376 4941/1718/2377 4940/1718/2089
f 4940/1718/2089 4941/1718/2377 4966/1719/2378 4965/1719/2090
f 4965/1719/2090 4966/1719/2378 4991/1720/2379 4990/1720/2091
f 4990/1720/2091 4991/1720/2379 5016/1721/2380 5015/1721/2092
f 5015/1721/2092 5016/1721/2380 5041/1722/2381 5040/1722/2093
f 5040/1722/2093 5041/1722/2381 5066/1723/2382 5065/1723/2094
f 5065/1723/2094 5066/1723/2382 5091/1724/2383 5090/1724/2079
f 5090/1724/2079 5091/1724/2383 5116/1725/2384 5115/1725/2080
f 5115/1725/2080 5116/1725/2384 5141/1726/2385 5140/1726/2081
f 5140/1726/2081 5141/1726/2385 5166/1727/2386 5165/1727/2082
f 5165/1727/2082 5166/1727/2386 5191/1728/2388 5190/1728/2370
f 3991/1680/2371 3992/1680/2389 4017/1681/2390 4016/1681/2372
f 4016/1681/2372 4017/1681/2390 4042/1682/2391 4041/1682/2373
f 4041/1682/2373 4042/1682/2391 4067/1683/2392 4066/1683/2374
f 4066/1683/2374 4067/1683/2392 4092/1684/2393 4091/1684/2375
f 4091/1684/2375 4092/1684/2393 4117/1685/2394 4116/1685/2376
f 4116/1685/2376 4117/1685/2394 4142/1686/2395 4141/1686/2377
f 4141/1686/2377 4142/1686/2395 4167/1687/2396 4166/1687/2378
f 4166/1687/2378 4167/1687/2396 4192/1688/2397 4191/1688/2379
f 4191/1688/2379 4192/1688/2397 4217/1689/2398 4216/1689/2380
f 4216/1689/2380 4217/1689/2398 4242/1690/2399 4241/1690/2381
f 4241/1690/2381 4242/1690/2399 4267/1691/2400 4266/1691/2382
f 4266/1691/2382 4267/1691/2400 4292/1692/2401 4291/1692/2383
f 4291/1692/2383 4292/1692/2401 4317/1693/2402 4316/1693/2384
f 4316/1693/2384 4317/1693/2402 4342/1694/2403 4341/1694/2385
f 4341/1694/2385 4342/1694/2403 4367/1695/2404 4366/1695/2386
f 4366/1695/2386 4367/1695/2404 4392/1696/2405 4391/1696/2387
f 4391/1696/2387 4392/1696/2405 4417/1697/2390 4416/1697/2372
f 4416/1697/2372 4417/1697/2390 4442/1698/2391 4441/1698/2373
f 4441/1698/2373 4442/1698/2391 4467/1699/2392 4466/1699/2374
f 4466/1699/2374 4467/1699/2392 4492/1700/2393 4491/1700/2375
f 4491/1700/2375 4492/1700/2393 4517/1701/2394 4516/1701/2376
f 4516/1701/2376 4517/1701/2394 4542/1702/2395 4541/1702/2377
f 4541/1702/2377 4542/1702/2395 4567/1703/2396 4566/1703/2378
f 4566/1703/2378 4567/1703/2396 4592/1704/2397 4591/1704/2379
f 4591/1704/2379 4592/1704/2397 4617/1705/2398 4616/1705/2380
f 4616/1705/2380 4617/1705/2398 4642/1706/2399 4641/1706/2381
f 4641/1706/2381 4642/1706/2399 4667/1707/2400 4666/1707/2382
f 4666/1707/2382 4667/1707/2400 4692/1708/2401 4691/1708/2383
f 4691/1708/2383 4692/1708/2401 4717/1709/2402 4716/1709/2384
f 4716/1709/2384 4717/1709/2402 4742/1710/2403 4741/1710/2385
f 4741/1710/2385 4742/1710/2403 4767/1711/2404 4766/1711/2386
f 4766/1711/2386 4767/1711/2404 4792/1712/2405 4791/1712/2387
f 4791/1712/2387 4792/1712/2405 4817/1713/2390 4816/1713/2372
f 4816/1713/2372 4817/1713/2390 4842/1714/2391 4841/1714/2373
f 4841/1714/2373 4842/1714/2391 4867/1715/2392 4866/1715/2374
f 4866/1715/2374 4867/1715/2392 4892/1716/2393 4891/1716/2375
f 4891/1716/2375 4892/1716/2393 4917/1717/2394 4916/1717/2376
f 4916/1717/2376 4917/1717/2394 4942/1718/2395 4941/1718/2377
f 4941/1718/2377 4942/1718/2395 4967/1719/2396 4966/1719/2378
f 4966/1719/2378 4967/1719/2396 4992/1720/2397 4991/1720/2379
f 4991/1720/2379 4992/1720/2397 5017/1721/2398 5016/1721/2380
f 5016/1721/2380 5017/1721/2398 5042/1722/2399 5041/1722/2381
f 5041/1722/2381 5042/1722/2399 5067/1723/2400 5066/1723/2382
f 5066/1723/2382 5067/1723/2400 5092/1724/2401 5091/1724/2383
f 5091/1724/2383 5092/1724/2401 5117/1725/2402 5116/1725/2384
f 5116/1725/2384 5117/1725/2402 5142/1726/2403 5141/1726/2385
f 5141/1726/2385 5142/1726/2403 5167/1727/2404 5166/1727/2386
f 5166/1727/2386 5167/1727/2404 5192/1728/2406 5191/1728/2388
f 3992/1680/2389 3993/1680/2407 4018/1681/2408 4017/1681/2390
f 4017/1681/2390 4018/1681/2408 4043/1682/2409 4042/1682/2391
f 4042/1682/2391 4043/1682/2409 4068/1683/2410 4067/1683/2392
f 4067/1683/2392 4068/1683/2410 4093/1684/2411 4092/1684/2393
f 4092/1684/2393 4093/1684/2411 4118/1685/2412 4117/1685/2394
f 4117/1685/2394 4118/1685/2412 4143/1686/2413 4142/1686/2395
f 4142/1686/2395 4143/1686/2413 4168/1687/2414 4167/1687/2396
f 4167/1687/2396 4168/1687/2414 4193/1688/2415 4192/1688/2397
f 4192/1688/2397 4193/1688/2415 4218/1689/2416 4217/1689/2398
f 4217/1689/2398 4218/1689/2416 4243/1690/2417 4242/1690/2399
f 4242/1690/2399 4243/1690/2417 4268/1691/2418 4267/1691/2400
f 4267/1691/2400 4268/1691/2418 4293/1692/2419 4292/1692/2401
f 4292/1692/2401 4293/1692/2419 4318/1693/2420 4317/1693/2402
f 4317/1693/2402 4318/1693/2420 4343/1694/2421 4342/1694/2403
f 4342/1694/2403 4343/1694/2421 4368/1695/2422 4367/1695/2404
f 4367/1695/2404 4368/1695/2422 4393/1696/2423 4392/1696/2405
f 4392/1696/2405 4393/1696/2423 4418/1697/2408 4417/1697/2390
f 4417/1697/2390 4418/1697/2408 4443/1698/2409 4442/1698/2391
f 4442/1698/2391 4443/1698/2409 4468/1699/2410 4467/1699/2392
f 4467/1699/2392 4468/1699/2410 4493/1700/2411 4492/1700/2393
f 4492/1700/2393 4493/1700/2411 4518/1701/2412 4517/1701/2394
f 4517/1701/2394 4518/1701/2412 4543/1702/2413 4542/1702/2395
f 4542/1702/2395 4543/1702/2413 4568/1703/2414 4567/1703/2396
f 4567/1703/2396 4568/1703/2414 4593/1704/2415 4592/1704/2397
f 4592/1704/2397 4593/1704/2415 4618/1705/2416 4617/1705/2398
f 4617/1705/2398 4618/1705/2416 4643/1706/2417 4642/1706/2399
f 4642/1706/2399 4643/1706/2417 4668/1707/2418 4667/1707/2400
f 4667/1707/2400 4668/1707/2418 4693/1708/2419 4692/1708/2401
f 4692/1708/2401 4693/1708/2419 4718/1709/2420 4717/1709/2402
f 4717/1709/2402 4718/1709/2420 4743/1710/2421 4742/1710/2403
f 4742/1710/2403 4743/1710/2421 4768/1711/2422 4767/1711/2404
f 4767/1711/2404 4768/1711/2422 4793/1712/2423 4792/1712/2405
f 4792/1712/2405 4793/1712/2423 4818/1713/2408 4817/1713/2390
f 4817/1713/2390 4818/1713/2408 4843/1714/2409 4842/1714/2391
f 4842/1714/2391 4843/1714/2409 4868/1715/2410 4867/1715/2392
f 4867/1715/2392 4868/1715/2410 4893/1716/2411 4892/1716/2393
f 4892/1716/2393 4893/1716/2411 4918/1717/2412 4917/1717/2394
f 4917/1717/2394 4918/1717/2412 4943/1718/2413 4942/1718/2395
f 4942/1718/2395 4943/1718/2413 4968/1719/2414 4967/1719/2396
f 4967/1719/2396 4968/1719/2414 4993/1720/2415 4992/1720/2397
f 4992/1720/2397 4993/1720/2415 5018/1721/2416 5017/1721/2398
f 5017/1721/2398 5018/1721/2416 5043/1722/2417 5042/1722/2399
f 5042/1722/2399 5043/1722/2417 5068/1723/2418 5067/1723/2400
f 5067/1723/2400 5068/1723/2418 5093/1724/2419 5092/1724/2401
f 5092/1724/2401 5093/1724/2419 5118/1725/2420 5117/1725/2402
f 5117/1725/2402 5118/1725/2420 5143/1726/2421 5142/1726/2403
f 5142/1726/2403 5143/1726/2421 5168/1727/2422 5167/1727/2404
f 5167/1727/2404 5168/1727/2422 5193/1728/2424 5192/1728/2406
f 3993/1680/2407 3994/1680/2425 4019/1681/2324 4018/1681/2408
f 4018/1681/2408 4019/1681/2324 4044/1682/2325 4043/1682/2409
f 4043/1682/2409 4044/1682/2325 4069/1683/2326 4068/1683/2410
f 4068/1683/2410 4069/1683/2326 4094/1684/2327 4093/1684/2411
f 4093/1684/2411 4094/1684/2327 4119/1685/2328 4118/1685/2412
f 4118/1685/2412 4119/1685/2328 4144/1686/2329 4143/1686/2413
f 4143/1686/2413 4144/1686/2329 4169/1687/2330 4168/1687/2414
f 4168/1687/2414 4169/1687/2330 4194/1688/2426 4193/1688/2415
f 4193/1688/2415 4194/1688/2426 4219/1689/2316 4218/1689/2416
f 4218/1689/2416 4219/1689/2316 4244/1690/2317 4243/1690/2417
f 4243/1690/2417 4244/1690/2317 4269/1691/2318 4268/1691/2418
f 4268/1691/2418 4269/1691/2318 4294/1692/2319 4293/1692/2419
f 4293/1692/2419 4294/1692/2319 4319/1693/2320 4318/1693/2420
f 4318/1693/2420 4319/1693/2320 4344/1694/2321 4343/1694/2421
f 4343/1694/2421 4344/1694/2321 4369/1695/2322 4368/1695/2422
f 4368/1695/2422 4369/1695/2322 4394/1696/2323 4393/1696/2423
f 4393/1696/2423 4394/1696/2323 4419/1697/2324 4418/1697/2408
f 4418/1697/2408 4419/1697/2324 4444/1698/2325 4443/1698/2409
f 4443/1698/2409 4444/1698/2325 4469/1699/2326 4468/1699/2410
f 4468/1699/2410 4469/1699/2326 4494/1700/2327 4493/1700/2411
f 4493/1700/2411 4494/1700/2327 4519/1701/2328 4518/1701/2412
f 4518/1701/2412 4519/1701/2328 4544/1702/2329 4543/1702/2413
f 4543/1702/2413 4544/1702/2329 4569/1703/2330 4568/1703/2414
f 4568/1703/2414 4569/1703/2330 4594/1704/2426 4593/1704/2415
f 4593/1704/2415 4594/1704/2426 4619/1705/2316 4618/1705/2416
f 4618/1705/2416 4619/1705/2316 4644/1706/2317 4643/1706/2417
f 4643/1706/2417 4644/1706/2317 4669/1707/2318 4668/1707/2418
f 4668/1707/2418 4669/1707/2318 4694/1708/2319 4693/1708/2419
f 4693/1708/2419 4694/1708/2319 4719/1709/2320 4718/1709/2420
f 4718/1709/2420 4719/1709/2320 4744/1710/2321 4743/1710/2421
f 4743/1710/2421 4744/1710/2321 4769/1711/2322 4768/1711/2422
f 4768/1711/2422 4769/1711/2322 4794/1712/2323 4793/1712/2423
f 4793/1712/2423 4794/1712/2323 4819/1713/2324 4818/1713/2408
f 4818/1713/2408 4819/1713/2324 4844/1714/2325 4843/1714/2409
f 4843/1714/2409 4844/1714/2325 4869/1715/2326 4868/1715/2410
f 4868/1715/2410 4869/1715/2326 4894/1716/2327 4893/1716/2411
f 4893/1716/2411 4894/1716/2327 4919/1717/2328 4918/1717/2412
f 4918/1717/2412 4919/1717/2328 4944/1718/2329 4943/1718/2413
f 4943/1718/2413 4944/1718/2329 4969/1719/2330 4968/1719/2414
f 4968/1719/2414 4969/1719/2330 4994/1720/2331 4993/1720/2415
f 4993/1720/2415 4994/1720/2331 5019/1721/2316 5018/1721/2416
f 5018/1721/2416 5019/1721/2316 5044/1722/2317 5043/1722/2417
f 5043/1722/2417 5044/1722/2317 5069/1723/2318 5068/1723/2418
f 5068/1723/2418 5069/1723/2318 5094/1724/2319 5093/1724/2419
f 5093/1724/2419 5094/1724/2319 5119/1725/2320 5118/1725/2420
f 5118/1725/2420 5119/1725/2320 5144/1726/2321 5143/1726/2421
f 5143/1726/2421 5144/1726/2321 5169/1727/2322 5168/1727/2422
f 5168/1727/2422 5169/1727/2322 5194/1728/2427 5193/1728/2424
f 3989/1680/2351 3988/1680/2333 5213/1680/2082 5214/1680/2192
f 3976/1680/2230 3977/1680/2232 5202/1680/2087 5201/1680/2200
f 3970/1680/2078 3971/1680/2077 5196/1680/2079 5195/1680/2094
f 3990/1680/2369 3989/1680/2351 5214/1680/2192 5215/1680/2083
f 3977/1680/2232 3978/1680/2234 5203/1680/2202 5202/1680/2087
f 3971/1680/2077 3972/1680/2097 5197/1680/2080 5196/1680/2079
f 3991/1680/2371 3990/1680/2369 5215/1680/2083 5216/1680/2194
f 3978/1680/2234 3979/1680/2236 5204/1680/2088 5203/1680/2202
f 3992/1680/2389 3991/1680/2371 5216/1680/2194 5217/1680/2084
f 3979/1680/2236 3980/1680/2174 5205/1680/2204 5204/1680/2088
f 3972/1680/2097 3994/1680/2099 5219/1680/2188 5197/1680/2080
f 3993/1680/2196 3992/1680/2389 5217/1680/2084 5218/1680/2196
f 3982/1680/2239 3981/1680/2428 5206/1680/2428 5207/1680/2314
f 3994/1680/2429 3993/1680/2196 5218/1680/2196 5219/1680/2429
f 3984/1680/2260 3983/1680/2259 5208/1680/2177 5209/1680/2179
f 5206/1680/2135 5195/1680/2094 5220/1680/2094 5231/1680/2430
f 3987/1680/2190 3973/1680/2431 5198/1680/2431 5212/1680/2190
f 3985/1680/2432 3984/1680/2260 5209/1680/2179 5210/1680/2432
f 3980/1680/2174 3986/1680/2173 5211/1680/2433 5205/1680/2204
f 5209/1680/2434 5234/1680/2434 5235/1680/2435 5210/1680/2435
f 3973/1680/2209 3974/1680/2208 5199/1680/2198 5198/1680/2436
f 3986/1680/2437 3985/1680/2432 5210/1680/2432 5211/1680/2437
f 3974/1680/2208 3975/1680/2228 5200/1680/2086 5199/1680/2198
f 3988/1680/2333 3987/1680/2190 5212/1680/2190 5213/1680/2082
f 3975/1680/2228 3976/1680/2230 5201/1680/2200 5200/1680/2086
f 5208/1680/2434 5207/1680/2435 5232/1680/2435 5233/1680/2434
f 5198/1680/2436 5199/1680/2198 5224/1680/2198 5223/1680/2438
f 5211/1680/2439 5210/1680/2435 5235/1680/2435 5236/1680/2439
f 5199/1680/2198 5200/1680/2086 5225/1680/2086 5224/1680/2198
f 5213/1680/2440 5212/1680/2441 5237/1680/2441 5238/1680/2440
f 5200/1680/2086 5201/1680/2200 5226/1680/2200 5225/1680/2086
f 5214/1680/2442 5213/1680/2440 5238/1680/2440 5239/1680/2442
f 5201/1680/2200 5202/1680/2087 5227/1680/2087 5226/1680/2200
f 5195/1680/2094 5196/1680/2079 5221/1680/2079 5220/1680/2094
f 5215/1680/2443 5214/1680/2442 5239/1680/2442 5240/1680/2443
f 5202/1680/2087 5203/1680/2202 5228/1680/2202 5227/1680/2087
f 5196/1680/2079 5197/1680/2080 5222/1680/2080 5221/1680/2079
f 5216/1680/2442 5215/1680/2443 5240/1680/2443 5241/1680/2442
f 5203/1680/2202 5204/1680/2088 5229/1680/2088 5228/1680/2202
f 5217/1680/2440 5216/1680/2442 5241/1680/2442 5242/1680/2440
f 5204/1680/2088 5205/1680/2204 5230/1680/2204 5229/1680/2088
f 5197/1680/2080 5219/1680/2188 5244/1680/2444 5222/1680/2080
f 5218/1680/2441 5217/1680/2440 5242/1680/2440 5243/1680/2441
f 5207/1680/2435 5206/1680/2439 5231/1680/2439 5232/1680/2435
f 5219/1680/2445 5218/1680/2441 5243/1680/2441 5244/1680/2445
f 5209/1680/2434 5208/1680/2434 5233/1680/2434 5234/1680/2434
f 5212/1680/2441 5198/1680/2445 5223/1680/2445 5237/1680/2441
f 5205/1680/2204 5211/1680/2433 5236/1680/2447 5230/1680/2204
f 5182/1728/2257 5183/1728/2295 5283/1728/2449 5282/1728/2450
f 5171/1728/2096 5170/1728/2095 5270/1728/2451 5271/1728/2452
f 5192/1728/2406 5193/1728/2196 5293/1728/2453 5292/1728/2454
f 5183/1728/2295 5184/1728/2294 5284/1728/2455 5283/1728/2449
f 5173/1728/2431 5187/1728/2190 5287/1728/2456 5273/1728/2457
f 5187/1728/2190 5188/1728/2350 5288/1728/2458 5287/1728/2456
f 5177/1728/2233 5176/1728/2231 5276/1728/2459 5277/1728/2460
f 5172/1728/2098 5272/1728/2461 5294/1728/2462 5194/1728/2116
f 5184/1728/2294 5185/1728/2432 5285/1728/2463 5284/1728/2455
f 5172/1728/2098 5171/1728/2096 5271/1728/2452 5272/1728/2461
f 5189/1728/2368 5190/1728/2370 5290/1728/2464 5289/1728/2465
f 5179/1728/2237 5178/1728/2235 5278/1728/2466 5279/1728/2467
f 5170/1728/2095 5181/1728/2133 5281/1728/2468 5270/1728/2451
f 5344/1728/2469 5348/1728/2470 5350/1729/2471 5346/1728/2472
f 5174/1728/2227 5173/1728/2226 5273/1728/2473 5274/1728/2474
f 5191/1728/2388 5192/1728/2406 5292/1728/2454 5291/1728/2475
f 5181/1728/2428 5182/1728/2257 5282/1728/2450 5281/1728/2476
f 5185/1728/2432 5186/1728/2437 5286/1728/2477 5285/1728/2463
f 5176/1728/2231 5175/1728/2229 5275/1728/2478 5276/1728/2459
f 5193/1728/2196 5194/1728/2429 5294/1728/2479 5293/1728/2453
f 5186/1728/2207 5180/1728/2206 5280/1728/2480 5286/1728/2481
f 5188/1728/2350 5189/1728/2368 5289/1728/2465 5288/1728/2458
f 5178/1728/2235 5177/1728/2233 5277/1728/2460 5278/1728/2466
f 5297/1728/2482 5340/1728/2483 5342/1728/2484 5299/1728/2485
f 5190/1728/2370 5191/1728/2388 5291/1728/2475 5290/1728/2464
f 5180/1728/2206 5179/1728/2237 5279/1728/2467 5280/1728/2480
f 5175/1728/2229 5174/1728/2227 5274/1728/2474 5275/1728/2478
f 5282/1728/2450 5283/1728/2449 5348/1728/2470 5344/1728/2469
f 5294/1728/2462 5272/1728/2461 5305/1728/2486 5393/1728/2487
f 5283/1728/2449 5284/1728/2455 5352/1728/2488 5348/1728/2470
f 5312/1728/2489 5308/1728/2490 5295/1728/2491
f 5341/1728/2492 5345/1728/2493 5295/1728/2494
f 5284/1728/2455 5285/1728/2463 5356/1728/2495 5352/1728/2488
f 5308/1728/2496 5365/1728/2497 5295/1728/2498
f 5271/1728/2452 5270/1728/2451 5297/1728/2482 5301/1728/2499
f 5357/1728/2500 5360/1728/2501 5295/1728/2494
f 5273/1728/2457 5287/1728/2456 5364/1728/2502 5309/1728/2503
f 5365/1728/2497 5369/1728/2504 5295/1728/2498
f 5320/1728/2505 5316/1728/2506 5295/1728/2491
f 5369/1728/2504 5373/1728/2507 5295/1728/2498
f 5324/1728/2508 5320/1728/2505 5295/1728/2491
f 5373/1728/2507 5377/1728/2509 5295/1728/2498
f 5328/1728/2510 5324/1728/2508 5295/1728/2491
f 5270/1728/2451 5281/1728/2468 5340/1728/2483 5297/1728/2482
f 5377/1728/2509 5381/1728/2511 5295/1728/2498
f 5332/1728/2512 5328/1728/2510 5295/1728/2491
f 5381/1728/2511 5385/1728/2513 5295/1728/2498
f 5337/1728/2514 5332/1728/2512 5295/1728/2491
f 5272/1728/2461 5271/1728/2452 5301/1728/2499 5305/1728/2486
f 5385/1728/2513 5389/1728/2515 5295/1728/2498
f 5360/1728/2516 5337/1728/2514 5295/1728/2491
f 5389/1728/2515 5392/1728/2517 5295/1728/2498
f 5285/1728/2463 5286/1728/2477 5361/1728/2518 5356/1728/2495
f 5275/1728/2478 5274/1728/2474 5313/1728/2519 5317/1728/2520
f 5287/1728/2456 5288/1728/2458 5368/1728/2521 5364/1728/2502
f 5276/1728/2459 5275/1728/2478 5317/1728/2520 5321/1728/2522
f 5288/1728/2458 5289/1728/2465 5372/1728/2523 5368/1728/2521
f 5277/1728/2460 5276/1728/2459 5321/1728/2522 5325/1728/2524
f 5300/1728/2525 5296/1728/2526 5295/1728/2527
f 5289/1728/2465 5290/1728/2464 5376/1728/2528 5372/1728/2523
f 5278/1728/2466 5277/1728/2460 5325/1728/2524 5329/1728/2529
f 5304/1728/2530 5300/1728/2525 5295/1728/2527
f 5290/1728/2464 5291/1728/2475 5380/1728/2531 5376/1728/2528
f 5279/1728/2467 5278/1728/2466 5329/1728/2529 5333/1728/2532
f 5291/1728/2475 5292/1728/2454 5384/1728/2533 5380/1728/2531
f 5280/1728/2480 5279/1728/2467 5333/1728/2532 5336/1728/2534
f 5392/1728/2535 5304/1728/2530 5295/1728/2527
f 5292/1728/2454 5293/1728/2453 5388/1728/2536 5384/1728/2533
f 5281/1728/2476 5282/1728/2450 5344/1728/2469 5340/1728/2537
f 5293/1728/2453 5294/1728/2479 5393/1728/2538 5388/1728/2536
f 5349/1728/2539 5353/1728/2540 5295/1728/2494
f 5274/1728/2474 5273/1728/2473 5309/1728/2541 5313/1728/2519
f 5353/1728/2540 5357/1728/2500 5295/1728/2494
f 5286/1728/2481 5280/1728/2480 5336/1728/2534 5361/1728/2542
f 5316/1729/2506 5312/1728/2489 5295/1728/2491
f 5299/1728/2485 5342/1728/2484 5343/1728/2543 5298/1728/2544
f 5298/1728/2544 5343/1728/2543 5341/1728/2545 5296/1728/2526
f 5301/1728/2499 5297/1728/2482 5299/1728/2485 5303/1728/2546
f 5303/1728/2546 5299/1728/2485 5298/1728/2544 5302/1728/2547
f 5302/1728/2547 5298/1728/2544 5296/1728/2526 5300/1728/2525
f 5305/1728/2486 5301/1728/2499 5303/1728/2546 5307/1728/2548
f 5307/1728/2548 5303/1728/2546 5302/1728/2547 5306/1728/2549
f 5306/1728/2549 5302/1728/2547 5300/1728/2525 5304/1728/2530
f 5393/1728/2487 5305/1728/2486 5307/1728/2548 5395/1728/2550
f 5395/1728/2550 5307/1728/2548 5306/1728/2549 5394/1728/2551
f 5394/1728/2551 5306/1728/2549 5304/1728/2530 5392/1728/2535
f 5296/1728/2526 5341/1728/2545 5295/1728/2527
f 5309/1728/2503 5364/1728/2502 5366/1728/2552 5311/1728/2553
f 5311/1728/2553 5366/1728/2552 5367/1728/2554 5310/1728/2555
f 5310/1728/2555 5367/1728/2554 5365/1728/2497 5308/1728/2496
f 5361/1728/2542 5336/1728/2534 5338/1728/2556 5363/1728/2557
f 5363/1728/2557 5338/1728/2556 5339/1728/2558 5362/1728/2559
f 5362/1728/2559 5339/1728/2558 5337/1728/2514 5360/1728/2516
f 5313/1728/2519 5309/1728/2541 5311/1728/2560 5315/1728/2561
f 5315/1728/2561 5311/1728/2560 5310/1728/2562 5314/1728/2563
f 5314/1728/2563 5310/1728/2562 5308/1728/2490 5312/1728/2489
f 5317/1728/2520 5313/1728/2519 5315/1728/2561 5319/1729/2564
f 5319/1729/2564 5315/1728/2561 5314/1728/2563 5318/1728/2565
f 5318/1728/2565 5314/1728/2563 5312/1728/2489 5316/1729/2506
f 5321/1728/2522 5317/1728/2520 5319/1729/2564 5323/1728/2566
f 5323/1728/2566 5319/1729/2564 5318/1728/2565 5322/1728/2567
f 5322/1728/2567 5318/1728/2565 5316/1728/2506 5320/1728/2505
f 5325/1728/2524 5321/1728/2522 5323/1728/2566 5327/1728/2568
f 5327/1728/2568 5323/1728/2566 5322/1728/2567 5326/1728/2569
f 5326/1728/2569 5322/1728/2567 5320/1728/2505 5324/1728/2508
f 5329/1728/2529 5325/1728/2524 5327/1728/2568 5331/1728/2570
f 5331/1728/2570 5327/1728/2568 5326/1728/2569 5330/1728/2571
f 5330/1728/2571 5326/1728/2569 5324/1728/2508 5328/1728/2510
f 5333/1728/2532 5329/1728/2529 5331/1728/2570 5335/1728/2572
f 5335/1728/2572 5331/1728/2570 5330/1728/2571 5334/1728/2573
f 5334/1728/2573 5330/1728/2571 5328/1728/2510 5332/1728/2512
f 5336/1728/2534 5333/1728/2532 5335/1728/2572 5338/1728/2556
f 5338/1728/2556 5335/1728/2572 5334/1728/2573 5339/1728/2558
f 5339/1728/2558 5334/1728/2573 5332/1728/2512 5337/1728/2514
f 5340/1728/2537 5344/1728/2469 5346/1728/2472 5342/1728/2574
f 5342/1728/2574 5346/1728/2472 5347/1728/2575 5343/1728/2576
f 5343/1728/2576 5347/1728/2575 5345/1728/2493 5341/1728/2492
f 5346/1728/2472 5350/1729/2471 5351/1728/2577 5347/1728/2575
f 5347/1728/2575 5351/1728/2577 5349/1728/2539 5345/1728/2493
f 5348/1728/2470 5352/1728/2488 5354/1728/2578 5350/1729/2471
f 5350/1729/2471 5354/1728/2578 5355/1728/2579 5351/1728/2577
f 5351/1728/2577 5355/1728/2579 5353/1728/2540 5349/1728/2539
f 5352/1728/2488 5356/1728/2495 5358/1728/2580 5354/1728/2578
f 5354/1728/2578 5358/1728/2580 5359/1728/2581 5355/1728/2579
f 5355/1728/2579 5359/1728/2581 5357/1728/2500 5353/1728/2540
f 5345/1728/2493 5349/1728/2539 5295/1728/2494
f 5356/1728/2495 5361/1728/2518 5363/1728/2582 5358/1728/2580
f 5358/1728/2580 5363/1728/2582 5362/1728/2583 5359/1728/2581
f 5359/1728/2581 5362/1728/2583 5360/1728/2501 5357/1728/2500
f 5364/1728/2502 5368/1728/2521 5370/1728/2584 5366/1728/2552
f 5366/1728/2552 5370/1728/2584 5371/1728/2585 5367/1728/2554
f 5367/1728/2554 5371/1728/2585 5369/1728/2504 5365/1728/2497
f 5368/1728/2521 5372/1728/2523 5374/1728/2586 5370/1728/2584
f 5370/1728/2584 5374/1728/2586 5375/1728/2587 5371/1728/2585
f 5371/1728/2585 5375/1728/2587 5373/1728/2507 5369/1728/2504
f 5372/1728/2523 5376/1728/2528 5378/1728/2588 5374/1728/2586
f 5374/1728/2586 5378/1728/2588 5379/1728/2589 5375/1728/2587
f 5375/1728/2587 5379/1728/2589 5377/1728/2509 5373/1728/2507
f 5376/1728/2528 5380/1728/2531 5382/1728/2590 5378/1728/2588
f 5378/1728/2588 5382/1728/2590 5383/1728/2591 5379/1728/2589
f 5379/1728/2589 5383/1728/2591 5381/1728/2511 5377/1728/2509
f 5380/1728/2531 5384/1728/2533 5386/1730/2592 5382/1728/2590
f 5382/1728/2590 5386/1730/2592 5387/1730/2593 5383/1728/2591
f 5383/1728/2591 5387/1730/2593 5385/1728/2513 5381/1728/2511
f 5384/1728/2533 5388/1728/2536 5390/1728/2594 5386/1730/2592
f 5386/1730/2592 5390/1728/2594 5391/1728/2595 5387/1730/2593
f 5387/1730/2593 5391/1728/2595 5389/1728/2515 5385/1728/2513
f 5388/1728/2536 5393/1728/2538 5395/1728/2596 5390/1728/2594
f 5390/1728/2594 5395/1728/2596 5394/1728/2597 5391/1728/2595
f 5391/1728/2595 5394/1728/2597 5392/1728/2517 5389/1728/2515
f 5245/1680/2598 5246/1680/2598 5247/1680/2598 5269/1680/2598 5268/1680/2598 5267/1680/2598 5266/1680/2598 5265/1680/2598 5264/1680/2598 5263/1680/2598 5262/1680/2598 5248/1680/2598 5249/1680/2598 5250/1680/2598 5251/1680/2598 5252/1680/2598 5253/1680/2598 5254/1680/2598 5255/1680/2598 5261/1680/2598 5260/1680/2598 5259/1680/2598 5258/1680/2598 5257/1680/2598 5256/1680/2598
f 3970/1680/2078 3981/1680/2134 4006/1681/2117 3995/1681/2079
f 3982/1680/2239 3983/1680/2259 4008/1681/2262 4007/1681/2240
usemtl Material.002
f 5222/1680/2080 5244/1680/2444 5269/1680/2446 5247/1680/2080
f 5232/1680/2432 5257/1680/2432 5258/1680/2179 5233/1680/2179
f 5220/1680/2094 5245/1680/2094 5256/1680/2448 5231/1680/2430
f 5234/1680/2177 5233/1680/2179 5258/1680/2179 5259/1680/2177
f 5237/1680/2196 5223/1680/2438 5248/1680/2085 5262/1680/2196
f 5235/1680/2314 5234/1680/2177 5259/1680/2177 5260/1680/2314
f 5230/1680/2204 5236/1680/2447 5261/1680/2089 5255/1680/2204
f 5220/1680/2094 5221/1680/2079 5246/1680/2079 5245/1680/2094
f 5223/1680/2438 5224/1680/2198 5249/1680/2198 5248/1680/2085
f 5236/1680/2447 5235/1680/2314 5260/1680/2314 5261/1680/2089
f 5224/1680/2198 5225/1680/2086 5250/1680/2086 5249/1680/2198
f 5238/1680/2084 5237/1680/2196 5262/1680/2196 5263/1680/2084
f 5225/1680/2086 5226/1680/2200 5251/1680/2200 5250/1680/2086
f 5239/1680/2194 5238/1680/2084 5263/1680/2084 5264/1680/2194
f 5226/1680/2200 5227/1680/2087 5252/1680/2087 5251/1680/2200
f 5240/1680/2083 5239/1680/2194 5264/1680/2194 5265/1680/2083
f 5227/1680/2087 5228/1680/2202 5253/1680/2202 5252/1680/2087
f 5221/1680/2079 5222/1680/2080 5247/1680/2080 5246/1680/2079
f 5241/1680/2192 5240/1680/2083 5265/1680/2083 5266/1680/2192
f 5228/1680/2202 5229/1680/2088 5254/1680/2088 5253/1680/2202
f 5242/1680/2082 5241/1680/2192 5266/1680/2192 5267/1680/2082
f 5229/1680/2088 5230/1680/2204 5255/1680/2204 5254/1680/2088
f 5243/1680/2190 5242/1680/2082 5267/1680/2082 5268/1680/2190
f 5232/1680/2432 5231/1680/2430 5256/1680/2448 5257/1680/2432
f 5244/1680/2444 5243/1680/2190 5268/1680/2190 5269/1680/2446
o Plane.002
v 0.183634 0.131464 -1.140887
v 0.259850 0.131464 -1.075572
v 0.334225 0.131464 -0.904761
v 0.258473 0.131464 -0.668287
v -0.515847 0.131464 0.002361
v -0.900589 0.131464 0.216834
v -1.300352 0.131464 0.331622
v -1.479591 0.131464 0.318081
v -1.538598 0.131464 0.013644
v -1.426576 0.131464 -0.124208
v -0.994504 0.131464 -0.503446
v -0.578319 0.131464 -0.793191
v 0.056491 0.131464 -1.154988
v -0.186756 0.131464 -1.039857
v -0.105878 0.131464 -0.325656
v -1.569864 0.131464 0.150677
v 0.787703 0.131464 -1.140887
v 0.711488 0.131464 -1.075572
v 0.637112 0.131464 -0.904761
v 0.712864 0.131464 -0.668287
v 1.487184 0.131464 0.002362
v 1.871927 0.131464 0.216834
v 2.271689 0.131464 0.331622
v 2.450929 0.131464 0.318081
v 2.509936 0.131464 0.013644
v 2.397914 0.131464 -0.124208
v 1.965842 0.131464 -0.503446
v 1.549657 0.131464 -0.793191
v 0.914846 0.131464 -1.154988
v 1.158094 0.131464 -1.039857
v 1.077216 0.131464 -0.325656
v 2.541202 0.131464 0.150676
vn -0.0000 1.0000 -0.0000
vt 0.000000 0.000000
s 0
usemtl Material.003
f 5410/1731/2599 5407/1731/2599 5406/1731/2599 5400/1731/2599
f 5400/1731/2599 5406/1731/2599 5405/1731/2599 5401/1731/2599
f 5401/1731/2599 5405/1731/2599 5404/1731/2599 5402/1731/2599
f 5407/1731/2599 5410/1731/2599 5399/1731/2599 5409/1731/2599
f 5403/1731/2599 5402/1731/2599 5404/1731/2599 5411/1731/2599
f 5398/1731/2599 5408/1731/2599 5409/1731/2599 5399/1731/2599
f 5396/1731/2599 5408/1731/2599 5398/1731/2599 5397/1731/2599
f 5426/1731/2599 5416/1731/2599 5422/1731/2599 5423/1731/2599
f 5416/1731/2599 5417/1731/2599 5421/1731/2599 5422/1731/2599
f 5417/1731/2599 5418/1731/2599 5420/1731/2599 5421/1731/2599
f 5423/1731/2599 5425/1731/2599 5415/1731/2599 5426/1731/2599
f 5419/1731/2599 5427/1731/2599 5420/1731/2599 5418/1731/2599
f 5414/1731/2599 5415/1731/2599 5425/1731/2599 5424/1731/2599
f 5412/1731/2599 5413/1731/2599 5414/1731/2599 5424/1731/2599
o Cylinder.011
v 0.485669 -0.730145 -0.470795
v 0.558514 -0.721256 -0.468413
v 0.626783 -0.695147 -0.461418
v 0.686184 -0.653460 -0.450248
v 0.732987 -0.598813 -0.435605
v 0.764250 -0.534641 -0.418410
v 0.778008 -0.464974 -0.399743
v 0.773398 -0.394191 -0.380777
v 0.750708 -0.326740 -0.362703
v 0.711365 -0.266858 -0.346658
v 0.657841 -0.218308 -0.333649
v 0.593499 -0.184141 -0.324494
v 0.522381 -0.166503 -0.319768
v 0.448956 -0.166503 -0.319768
v 0.377839 -0.184141 -0.324494
v 0.313496 -0.218308 -0.333649
v 0.259972 -0.266858 -0.346658
v 0.220629 -0.326740 -0.362703
v 0.197940 -0.394191 -0.380777
v 0.193330 -0.464974 -0.399743
v 0.207088 -0.534641 -0.418410
v 0.238351 -0.598813 -0.435605
v 0.285153 -0.653460 -0.450248
v 0.344555 -0.695147 -0.461418
v 0.412823 -0.721256 -0.468413
v 0.519190 -0.260473 -0.066653
v 0.584127 -0.280047 -0.058020
v 0.584127 -0.276578 -0.070968
v 0.642877 -0.311245 -0.066379
v 0.642877 -0.307776 -0.079327
v 0.691750 -0.355576 -0.078258
v 0.691750 -0.352106 -0.091206
v 0.727673 -0.410253 -0.092909
v 0.727673 -0.406784 -0.105856
v 0.748391 -0.471842 -0.109411
v 0.748391 -0.468373 -0.122359
v 0.752600 -0.536473 -0.126729
v 0.752600 -0.533004 -0.139677
v 0.740038 -0.600085 -0.143774
v 0.740038 -0.596615 -0.156722
v 0.711492 -0.658680 -0.159474
v 0.711492 -0.655211 -0.172422
v 0.668757 -0.708577 -0.172844
v 0.668757 -0.705108 -0.185792
v 0.614518 -0.746642 -0.183044
v 0.614518 -0.743172 -0.195992
v 0.552183 -0.770481 -0.189431
v 0.552183 -0.767011 -0.202379
v 0.485669 -0.775128 -0.204554
v 0.485669 -0.778597 -0.191606
v 0.485669 -1.107033 1.159374
v 0.485669 -1.148074 1.088937
v 0.558514 -1.139185 1.091318
v 0.544122 -1.099901 1.161286
v 0.626783 -1.113076 1.098314
v 0.598902 -1.078951 1.166899
v 0.686184 -1.071389 1.109484
v 0.646568 -1.045500 1.175862
v 0.732987 -1.016742 1.124127
v 0.684124 -1.001650 1.187612
v 0.764250 -0.952569 1.141322
v 0.709210 -0.950156 1.201410
v 0.778008 -0.882903 1.159989
v 0.720250 -0.894253 1.216389
v 0.773398 -0.812120 1.178955
v 0.716550 -0.837455 1.231608
v 0.750708 -0.744669 1.197028
v 0.698344 -0.783330 1.246110
v 0.711365 -0.684787 1.213074
v 0.666774 -0.735279 1.258986
v 0.657841 -0.636237 1.226083
v 0.623825 -0.696322 1.269424
v 0.593499 -0.602070 1.235238
v 0.572195 -0.668905 1.276771
v 0.522381 -0.584432 1.239964
v 0.515128 -0.654752 1.280563
v 0.448956 -0.584432 1.239964
v 0.456210 -0.654752 1.280563
v 0.377839 -0.602070 1.235238
v 0.399143 -0.668905 1.276771
v 0.313496 -0.636237 1.226083
v 0.347513 -0.696322 1.269424
v 0.259972 -0.684787 1.213074
v 0.304563 -0.735279 1.258986
v 0.220629 -0.744669 1.197028
v 0.272994 -0.783330 1.246110
v 0.197940 -0.812120 1.178955
v 0.254787 -0.837455 1.231608
v 0.193330 -0.882903 1.159989
v 0.251088 -0.894253 1.216389
v 0.207088 -0.952569 1.141322
v 0.262128 -0.950156 1.201410
v 0.238351 -1.016742 1.124127
v 0.287214 -1.001650 1.187612
v 0.285153 -1.071389 1.109484
v 0.324769 -1.045500 1.175862
v 0.344555 -1.113076 1.098314
v 0.372435 -1.078951 1.166899
v 0.412823 -1.139185 1.091318
v 0.427215 -1.099901 1.161286
v 0.350672 -0.556193 -0.543680
v 0.319162 -0.519402 -0.533822
v 0.673222 -0.476198 -0.522245
v 0.652175 -0.519402 -0.533822
v 0.601583 -0.263228 -0.465180
v 0.637618 -0.295914 -0.473939
v 0.369754 -0.263228 -0.465180
v 0.413072 -0.240225 -0.459017
v 0.298115 -0.476198 -0.522245
v 0.288852 -0.429295 -0.509678
v 0.485669 -0.607821 -0.557514
v 0.436626 -0.601836 -0.555910
v 0.620665 -0.556193 -0.543680
v 0.580673 -0.584259 -0.551200
v 0.664106 -0.336230 -0.484741
v 0.679381 -0.381641 -0.496909
v 0.534712 -0.601836 -0.555910
v 0.460952 -0.228351 -0.455835
v 0.510385 -0.228351 -0.455835
v 0.291956 -0.381641 -0.496909
v 0.307232 -0.336230 -0.484741
v 0.390664 -0.584259 -0.551200
v 0.682485 -0.429295 -0.509678
v 0.558265 -0.240225 -0.459017
v 0.333719 -0.295914 -0.473939
v 0.485669 -0.527282 -0.643452
v 0.520897 -0.522983 -0.642300
v 0.519631 -0.485467 -0.763267
v 0.553911 -0.510357 -0.638917
v 0.551459 -0.473295 -0.760005
v 0.582637 -0.490198 -0.633515
v 0.579153 -0.453859 -0.754797
v 0.605271 -0.463771 -0.626434
v 0.600974 -0.428382 -0.747971
v 0.620389 -0.432737 -0.618118
v 0.615549 -0.398463 -0.739954
v 0.627043 -0.399046 -0.609091
v 0.621964 -0.365983 -0.731251
v 0.624813 -0.364816 -0.599919
v 0.619814 -0.332983 -0.722409
v 0.613841 -0.332197 -0.591179
v 0.609236 -0.301535 -0.713982
v 0.594815 -0.303238 -0.583419
v 0.590893 -0.273617 -0.706502
v 0.568931 -0.279760 -0.577128
v 0.565939 -0.250982 -0.700437
v 0.537815 -0.263237 -0.572701
v 0.535941 -0.235052 -0.696168
v 0.503423 -0.254707 -0.570415
v 0.502785 -0.226829 -0.693965
v 0.467915 -0.254707 -0.570415
v 0.468553 -0.226829 -0.693965
v 0.433523 -0.263237 -0.572701
v 0.435396 -0.235052 -0.696168
v 0.402407 -0.279760 -0.577128
v 0.405398 -0.250982 -0.700437
v 0.376523 -0.303238 -0.583419
v 0.380444 -0.273617 -0.706502
v 0.357497 -0.332197 -0.591179
v 0.362102 -0.301535 -0.713982
v 0.346524 -0.364816 -0.599919
v 0.351523 -0.332983 -0.722409
v 0.344295 -0.399046 -0.609091
v 0.349374 -0.365983 -0.731251
v 0.350948 -0.432737 -0.618118
v 0.355788 -0.398463 -0.739954
v 0.366067 -0.463771 -0.626434
v 0.370364 -0.428382 -0.747971
v 0.388700 -0.490198 -0.633515
v 0.392184 -0.453859 -0.754797
v 0.417427 -0.510357 -0.638917
v 0.419878 -0.473295 -0.760005
v 0.450441 -0.522983 -0.642300
v 0.451707 -0.485467 -0.763267
v 0.302960 -0.525216 -0.551853
v 0.668377 -0.525216 -0.551853
v 0.652404 -0.279981 -0.486143
v 0.406008 -0.218873 -0.469769
v 0.269701 -0.426341 -0.525360
v 0.431853 -0.615671 -0.576091
v 0.589918 -0.596383 -0.570922
v 0.698231 -0.374050 -0.511348
v 0.512790 -0.205843 -0.466278
v 0.289869 -0.324219 -0.497996
v 0.485669 -0.489611 -0.764377
v 0.337536 -0.565586 -0.562671
v 0.691473 -0.477807 -0.539150
v 0.612863 -0.244114 -0.476532
v 0.358475 -0.244114 -0.476532
v 0.279865 -0.477807 -0.539150
v 0.485669 -0.622238 -0.577850
v 0.633801 -0.565586 -0.562671
v 0.681469 -0.324219 -0.497996
v 0.539484 -0.615671 -0.576091
v 0.458547 -0.205843 -0.466278
v 0.273107 -0.374050 -0.511348
v 0.381420 -0.596383 -0.570922
v 0.701637 -0.426341 -0.525360
v 0.565329 -0.218873 -0.469769
v 0.318933 -0.279981 -0.486143
v 0.485669 -0.803188 -0.198195
v 0.485669 -0.799718 -0.211143
v 0.558514 -0.790829 -0.208761
v 0.558514 -0.794299 -0.195813
v 0.626783 -0.764721 -0.201765
v 0.626783 -0.768190 -0.188818
v 0.686184 -0.723034 -0.190595
v 0.686184 -0.726503 -0.177647
v 0.732987 -0.668387 -0.175953
v 0.732987 -0.671856 -0.163005
v 0.764250 -0.604214 -0.158758
v 0.764250 -0.607684 -0.145810
v 0.778008 -0.534548 -0.140091
v 0.778008 -0.538017 -0.127143
v 0.773398 -0.463765 -0.121125
v 0.773398 -0.467234 -0.108177
v 0.750708 -0.396314 -0.103051
v 0.750708 -0.399783 -0.090103
v 0.711365 -0.336432 -0.087006
v 0.711365 -0.339901 -0.074058
v 0.657841 -0.287882 -0.073997
v 0.657841 -0.291351 -0.061049
v 0.593499 -0.253714 -0.064842
v 0.593499 -0.257184 -0.051894
v 0.522381 -0.236077 -0.060116
v 0.522381 -0.239546 -0.047168
v 0.448956 -0.236077 -0.060116
v 0.448956 -0.239546 -0.047168
v 0.377839 -0.253714 -0.064842
v 0.377839 -0.257184 -0.051894
v 0.313496 -0.287882 -0.073997
v 0.313496 -0.291351 -0.061049
v 0.259972 -0.336432 -0.087006
v 0.259972 -0.339901 -0.074058
v 0.220629 -0.396314 -0.103051
v 0.220629 -0.399783 -0.090103
v 0.197940 -0.463765 -0.121125
v 0.197940 -0.467234 -0.108177
v 0.193330 -0.534548 -0.140091
v 0.193330 -0.538017 -0.127143
v 0.207088 -0.604214 -0.158758
v 0.207088 -0.607684 -0.145810
v 0.238351 -0.668387 -0.175953
v 0.238351 -0.671856 -0.163005
v 0.285153 -0.723034 -0.190595
v 0.285153 -0.726503 -0.177647
v 0.344555 -0.764721 -0.201765
v 0.344555 -0.768190 -0.188818
v 0.412823 -0.790829 -0.208761
v 0.412823 -0.794299 -0.195813
v 0.519190 -0.263943 -0.053705
v 0.452147 -0.260473 -0.066653
v 0.452147 -0.263943 -0.053705
v 0.387210 -0.276578 -0.070968
v 0.387210 -0.280047 -0.058020
v 0.328460 -0.307776 -0.079327
v 0.328460 -0.311245 -0.066379
v 0.279588 -0.352106 -0.091206
v 0.279588 -0.355576 -0.078258
v 0.243664 -0.406784 -0.105856
v 0.243664 -0.410253 -0.092909
v 0.222947 -0.468373 -0.122359
v 0.222947 -0.471842 -0.109411
v 0.218737 -0.533004 -0.139677
v 0.218737 -0.536473 -0.126729
v 0.231300 -0.596615 -0.156722
v 0.231300 -0.600085 -0.143774
v 0.259845 -0.655211 -0.172422
v 0.259845 -0.658680 -0.159474
v 0.302580 -0.705108 -0.185792
v 0.302580 -0.708577 -0.172844
v 0.356819 -0.743172 -0.195992
v 0.356819 -0.746642 -0.183044
v 0.419154 -0.767011 -0.202379
v 0.419154 -0.770481 -0.189431
vn -0.6499 -0.2332 -0.7233
vn -0.5269 -0.3768 -0.7618
vn 0.9511 -0.2985 -0.0800
vn 0.9980 -0.0607 -0.0163
vn 0.6499 -0.2332 -0.7233
vn 0.7321 -0.0646 -0.6781
vn 0.5931 0.6392 -0.4896
vn 0.4525 0.7667 -0.4554
vn -0.2834 0.8565 -0.4313
vn -0.4525 0.7667 -0.4554
vn -0.7683 0.1185 -0.6291
vn -0.7321 -0.0646 -0.6781
vn -0.1914 -0.5550 -0.8095
vn -0.0000 -0.5783 -0.8158
vn 0.3708 -0.4864 -0.7912
vn 0.5269 -0.3768 -0.7618
vn 0.7561 0.3045 -0.5792
vn 0.6965 0.4818 -0.5317
vn 0.1914 -0.5550 -0.8095
vn 0.0965 0.9029 -0.4189
vn -0.0965 0.9029 -0.4189
vn -0.6965 0.4818 -0.5317
vn -0.7561 0.3045 -0.5792
vn -0.3708 -0.4864 -0.7912
vn 0.7683 0.1185 -0.6291
vn 0.2834 0.8565 -0.4313
vn -0.5931 0.6392 -0.4896
vn -0.5878 0.7815 0.2094
vn -0.7705 0.6157 0.1650
vn -0.9511 -0.2985 -0.0800
vn -0.8443 -0.5176 -0.1387
vn -0.1253 0.9583 0.2568
vn -0.3681 0.8981 0.2406
vn 0.9823 0.1810 0.0485
vn -0.6845 -0.7041 -0.1887
vn 0.9048 0.4113 0.1102
vn -0.4818 -0.8464 -0.2268
vn 0.7705 0.6157 0.1650
vn -0.2487 -0.9356 -0.2507
vn -0.0000 -0.9659 -0.2588
vn -0.9048 0.4113 0.1102
vn 0.5878 0.7815 0.2094
vn 0.2487 -0.9356 -0.2507
vn 0.4818 -0.8464 -0.2268
vn 0.6845 -0.7041 -0.1887
vn -0.9823 0.1810 0.0485
vn 0.3681 0.8981 0.2406
vn 0.8443 -0.5176 -0.1387
vn -0.9980 -0.0607 -0.0163
vn 0.1253 0.9583 0.2568
vn -0.0000 -0.2588 0.9659
vn -0.0000 -0.8640 0.5034
vn 0.1752 -0.8427 0.5092
vn 0.3393 -0.7799 0.5260
vn 0.4821 -0.6797 0.5528
vn 0.5947 -0.5483 0.5880
vn 0.6698 -0.3940 0.6294
vn 0.7029 -0.2265 0.6743
vn 0.6918 -0.0563 0.7199
vn 0.6373 0.1059 0.7633
vn 0.5427 0.2499 0.8019
vn 0.4140 0.3666 0.8332
vn 0.2593 0.4488 0.8552
vn 0.0883 0.4912 0.8666
vn -0.0883 0.4912 0.8666
vn -0.2593 0.4488 0.8552
vn -0.4140 0.3666 0.8332
vn -0.5427 0.2499 0.8019
vn -0.6373 0.1059 0.7633
vn -0.6918 -0.0563 0.7199
vn -0.7029 -0.2265 0.6743
vn -0.6698 -0.3940 0.6294
vn -0.5947 -0.5483 0.5880
vn -0.4821 -0.6797 0.5528
vn -0.3393 -0.7799 0.5260
vn -0.1752 -0.8427 0.5092
vn 0.6071 -0.3898 0.6925
vn 0.5389 -0.5296 0.6550
vn 0.4370 -0.6487 0.6231
vn -0.0800 0.4125 0.9075
vn 0.0800 0.4125 0.9075
vn -0.5776 0.0633 0.8139
vn -0.4918 0.1938 0.8489
vn 0.3752 0.2996 0.8772
vn 0.4918 0.1938 0.8489
vn 0.5776 0.0633 0.8139
vn -0.6270 -0.0837 0.7745
vn -0.3752 0.2996 0.8772
vn -0.2350 0.3740 0.8972
vn -0.3075 -0.7395 0.5988
vn -0.4370 -0.6487 0.6231
vn -0.6071 -0.3898 0.6925
vn -0.6371 -0.2379 0.7332
vn 0.6371 -0.2379 0.7332
vn -0.0000 -0.8158 0.5783
vn -0.1587 -0.7964 0.5835
vn 0.2350 0.3740 0.8972
vn 0.3075 -0.7395 0.5988
vn 0.1587 -0.7964 0.5835
vn 0.6270 -0.0837 0.7745
vn -0.5389 -0.5296 0.6550
vn -0.0000 0.2588 -0.9659
vn -0.2485 -0.9244 -0.2893
vn -0.0000 -0.9547 -0.2974
vn -0.4814 -0.8354 -0.2654
vn -0.6840 -0.6932 -0.2273
vn -0.8436 -0.5068 -0.1774
vn -0.9503 -0.2878 -0.1187
vn -0.9972 -0.0502 -0.0551
vn -0.9815 0.1912 0.0096
vn -0.9041 0.4213 0.0713
vn -0.7699 0.6256 0.1260
vn -0.5873 0.7912 0.1704
vn -0.3678 0.9078 0.2016
vn -0.1252 0.9679 0.2178
vn 0.1252 0.9679 0.2178
vn 0.3678 0.9078 0.2016
vn 0.5873 0.7912 0.1704
vn 0.7699 0.6256 0.1260
vn 0.9041 0.4213 0.0713
vn 0.9815 0.1912 0.0096
vn 0.9972 -0.0502 -0.0551
vn 0.9503 -0.2878 -0.1187
vn 0.8436 -0.5068 -0.1774
vn 0.6840 -0.6932 -0.2273
vn 0.4814 -0.8354 -0.2654
vn 0.2485 -0.9244 -0.2893
vn -0.5871 0.6368 -0.4998
vn -0.6895 0.4810 -0.5416
vn 0.2805 0.8519 -0.4422
vn 0.0955 0.8978 -0.4299
vn 0.7605 0.1214 -0.6379
vn 0.7485 0.3055 -0.5886
vn 0.1895 -0.5453 -0.8166
vn 0.3671 -0.4774 -0.7984
vn -0.3671 -0.4774 -0.7984
vn -0.1895 -0.5453 -0.8166
vn -0.7485 0.3055 -0.5886
vn -0.7605 0.1214 -0.6379
vn -0.0955 0.8978 -0.4299
vn -0.2805 0.8519 -0.4422
vn 0.6895 0.4810 -0.5416
vn 0.5871 0.6368 -0.4998
vn 0.5216 -0.3689 -0.7693
vn 0.6434 -0.2268 -0.7312
vn -0.7247 -0.0598 -0.6865
vn -0.6434 -0.2268 -0.7312
vn -0.4479 0.7631 -0.4660
vn 0.4479 0.7631 -0.4660
vn 0.7247 -0.0598 -0.6865
vn -0.5216 -0.3689 -0.7693
vn -0.0000 -0.5684 -0.8227
vn 0.5878 0.7814 0.2094
vn -0.5878 0.7814 0.2094
vt 0.160000 0.500000
vt 0.120000 0.500000
vt 0.120000 0.500000
vt 0.800000 0.500000
vt 0.760000 0.500000
vt 0.840000 0.500000
vt 0.800000 0.500000
vt 0.640000 0.500000
vt 0.600000 0.500000
vt 0.440000 0.500000
vt 0.400000 0.500000
vt 0.400000 0.500000
vt 0.240000 0.500000
vt 0.200000 0.500000
vt 0.200000 0.500000
vt 0.040000 0.500000
vt -0.000000 0.500000
vt 0.920000 0.500000
vt 0.880000 0.500000
vt 0.880000 0.500000
vt 0.920000 0.500000
vt 0.720000 0.500000
vt 0.680000 0.500000
vt 0.720000 0.500000
vt 1.000000 0.500000
vt 0.960000 0.500000
vt 0.960000 0.500000
vt 1.000000 0.500000
vt 0.520000 0.500000
vt 0.480000 0.500000
vt 0.480000 0.500000
vt 0.320000 0.500000
vt 0.280000 0.500000
vt 0.280000 0.500000
vt 0.320000 0.500000
vt 0.080000 0.500000
vt 0.080000 0.500000
vt 0.760000 0.500000
vt 0.560000 0.500000
vt 0.560000 0.500000
vt 0.360000 0.500000
vt 0.360000 0.500000
vt 0.400000 0.500000
vt 0.440000 0.500000
vt 0.720000 0.500000
vt 0.760000 0.500000
vt 0.120000 0.500000
vt 0.640000 0.500000
vt 0.960000 0.500000
vt 0.920000 0.500000
vt 0.240000 0.500000
vt 0.280000 0.500000
vt 0.750000 0.442583
vt 0.797893 0.436532
vt 0.842777 0.418761
vt 0.881832 0.390387
vt 0.912603 0.353191
vt 0.933157 0.309511
vt 0.942203 0.262092
vt 0.939171 0.213914
vt 0.924254 0.168002
vt 0.898387 0.127243
vt 0.863197 0.094197
vt 0.820894 0.070941
vt 0.774137 0.058936
vt 0.725863 0.058936
vt 0.679106 0.070941
vt 0.636803 0.094197
vt 0.601613 0.127243
vt 0.575746 0.168002
vt 0.560828 0.213914
vt 0.557797 0.262092
vt 0.566843 0.309511
vt 0.587397 0.353191
vt 0.618168 0.390387
vt 0.657223 0.418761
vt 0.702106 0.436532
vt 0.960000 0.500000
vt 0.750000 0.490000
vt 0.809686 0.482460
vt 0.865621 0.460314
vt 0.914291 0.424952
vt 0.952639 0.378598
vt 0.978254 0.324164
vt 0.989526 0.265070
vt 0.985749 0.205028
vt 0.967158 0.147813
vt 0.934923 0.097018
vt 0.891068 0.055836
vt 0.838350 0.026854
vt 0.780080 0.011892
vt 0.719920 0.011892
vt 0.661650 0.026854
vt 0.608932 0.055836
vt 0.565077 0.097018
vt 0.532842 0.147813
vt 0.514251 0.205028
vt 0.510474 0.265070
vt 0.521746 0.324164
vt 0.547361 0.378598
vt 0.585709 0.424952
vt 0.634379 0.460314
vt 0.690314 0.482460
vt 0.040000 0.750000
vt 0.080000 0.750000
vt 0.120000 0.750000
vt 0.160000 0.750000
vt 0.200000 0.750000
vt 0.240000 0.750000
vt 0.280000 0.750000
vt 0.320000 0.750000
vt 0.360000 0.750000
vt 0.400000 0.750000
vt 0.440000 0.750000
vt 0.480000 0.750000
vt 0.520000 0.750000
vt 0.560000 0.750000
vt 0.600000 0.750000
vt 0.640000 0.750000
vt 0.680000 0.750000
vt 0.720000 0.750000
vt 0.760000 0.750000
vt 0.800000 0.750000
vt 0.840000 0.750000
vt 0.880000 0.750000
vt 0.920000 0.750000
vt 0.960000 0.750000
vt 1.000000 0.750000
vt -0.000000 0.750000
s 1
usemtl Material.004
f 5529/1732/2600 5528/1733/2601 5450/1734/2601 5449/1732/2600
f 5531/1737/2604 5530/1738/2605 5433/1735/2605 5432/1737/2604
f 5533/1739/2606 5532/1740/2607 5438/1740/2607 5437/1739/2606
f 5535/1741/2608 5534/1742/2609 5443/1743/2609 5442/1741/2608
f 5537/1744/2610 5536/1745/2611 5448/1746/2611 5447/1744/2610
f 5539/1747/2612 5538/1748/2613 5428/1748/2613 5452/1747/2612
f 5541/1749/2614 5540/1750/2615 5431/1751/2615 5430/1752/2614
f 5543/1753/2616 5542/1754/2617 5436/1754/2617 5435/1755/2616
f 5538/1756/2613 5544/1757/2618 5429/1758/2618 5428/1759/2613
f 5546/1760/2619 5545/1761/2620 5441/1762/2620 5440/1760/2619
f 5548/1763/2621 5547/1764/2622 5446/1765/2622 5445/1766/2621
f 5528/1733/2601 5549/1767/2623 5451/1768/2623 5450/1734/2601
f 5530/1738/2605 5550/1769/2624 5434/1736/2624 5433/1735/2605
f 5532/1740/2607 5551/1770/2625 5439/1771/2625 5438/1740/2607
f 5534/1742/2609 5552/1772/2626 5444/1772/2626 5443/1743/2609
f 5536/1745/2611 5529/1732/2600 5449/1732/2600 5448/1746/2611
f 5540/1750/2615 5531/1737/2604 5432/1737/2604 5431/1751/2615
f 5542/1754/2617 5533/1739/2606 5437/1739/2606 5436/1754/2617
f 5545/1761/2620 5535/1741/2608 5442/1741/2608 5441/1762/2620
f 5547/1764/2622 5537/1744/2610 5447/1744/2610 5446/1765/2622
f 5549/1767/2623 5539/1747/2612 5452/1747/2612 5451/1768/2623
f 5544/1757/2618 5541/1749/2614 5430/1752/2614 5429/1758/2618
f 5550/1769/2624 5543/1753/2616 5435/1755/2616 5434/1736/2624
f 5551/1770/2625 5546/1760/2619 5440/1760/2619 5439/1771/2625
f 5552/1772/2626 5548/1763/2621 5445/1766/2621 5444/1772/2626
f 5442/1741/2632 5443/1743/2627 5658/1743/2627 5656/1741/2632
f 5476/1759/2639 5475/1758/2642 5474/1780/2642 5477/1759/2639
f 5428/1759/2639 5429/1758/2642 5630/1758/2642 5629/1759/2639
f 5435/1755/2633 5436/1754/2635 5644/1754/2635 5642/1755/2633
f 5450/1734/2634 5451/1768/2636 5674/1768/2636 5672/1734/2634
f 5443/1743/2627 5444/1772/2628 5660/1772/2628 5658/1743/2627
f 5436/1754/2635 5437/1739/2637 5646/1739/2637 5644/1754/2635
f 5451/1768/2636 5452/1747/2638 5676/1747/2638 5674/1768/2636
f 5478/1784/2650 5481/1785/2650 5483/1786/2650 5485/1787/2650 5487/1788/2650 5489/1789/2650 5491/1790/2650 5493/1791/2650 5495/1792/2650 5497/1793/2650 5499/1794/2650 5501/1795/2650 5503/1796/2650 5505/1797/2650 5507/1798/2650 5509/1799/2650 5511/1800/2650 5513/1801/2650 5515/1802/2650 5517/1803/2650 5519/1804/2650 5521/1805/2650 5523/1806/2650 5525/1807/2650 5527/1808/2650
f 5444/1772/2628 5445/1766/2640 5662/1766/2640 5660/1772/2628
f 5437/1739/2637 5438/1740/2641 5648/1740/2641 5646/1739/2637
f 5430/1752/2643 5431/1751/2644 5634/1751/2644 5632/1752/2643
f 5445/1766/2640 5446/1765/2645 5664/1765/2645 5662/1766/2640
f 5438/1740/2641 5439/1771/2646 5650/1771/2646 5648/1740/2641
f 5429/1758/2642 5430/1752/2643 5632/1752/2643 5630/1809/2642
f 5431/1751/2644 5432/1737/2647 5636/1737/2647 5634/1751/2644
f 5446/1765/2645 5447/1744/2648 5666/1744/2648 5664/1765/2645
f 5439/1771/2646 5440/1760/2649 5652/1760/2649 5650/1770/2646
f 5432/1737/2647 5433/1735/2602 5638/1735/2602 5636/1737/2647
f 5447/1744/2648 5448/1746/2629 5668/1746/2629 5666/1744/2648
f 5440/1760/2649 5441/1762/2631 5654/1762/2631 5652/1760/2649
f 5433/1735/2602 5434/1736/2603 5640/1736/2603 5638/1735/2602
f 5448/1746/2629 5449/1732/2630 5670/1732/2630 5668/1746/2629
f 5441/1762/2631 5442/1741/2632 5656/1741/2632 5654/1762/2631
f 5434/1736/2603 5435/1755/2633 5642/1755/2633 5640/1777/2603
f 5449/1732/2630 5450/1734/2634 5672/1734/2634 5670/1732/2630
f 5479/1810/2651 5480/1811/2652 5481/1785/2652 5478/1784/2651
f 5480/1811/2652 5482/1812/2653 5483/1786/2653 5481/1785/2652
f 5482/1812/2653 5484/1813/2654 5485/1787/2654 5483/1786/2653
f 5484/1813/2654 5486/1814/2655 5487/1788/2655 5485/1787/2654
f 5486/1814/2655 5488/1815/2656 5489/1789/2656 5487/1788/2655
f 5488/1815/2656 5490/1816/2657 5491/1790/2657 5489/1789/2656
f 5490/1816/2657 5492/1817/2658 5493/1791/2658 5491/1790/2657
f 5492/1817/2658 5494/1818/2659 5495/1792/2659 5493/1791/2658
f 5494/1818/2659 5496/1819/2660 5497/1793/2660 5495/1792/2659
f 5496/1819/2660 5498/1820/2661 5499/1794/2661 5497/1793/2660
f 5498/1820/2661 5500/1821/2662 5501/1795/2662 5499/1794/2661
f 5500/1821/2662 5502/1822/2663 5503/1796/2663 5501/1795/2662
f 5502/1822/2663 5504/1823/2664 5505/1797/2664 5503/1796/2663
f 5504/1823/2664 5506/1824/2665 5507/1798/2665 5505/1797/2664
f 5506/1824/2665 5508/1825/2666 5509/1799/2666 5507/1798/2665
f 5508/1825/2666 5510/1826/2667 5511/1800/2667 5509/1799/2666
f 5510/1826/2667 5512/1827/2668 5513/1801/2668 5511/1800/2667
f 5512/1827/2668 5514/1828/2669 5515/1802/2669 5513/1801/2668
f 5514/1828/2669 5516/1829/2670 5517/1803/2670 5515/1802/2669
f 5516/1829/2670 5518/1830/2671 5519/1804/2671 5517/1803/2670
f 5518/1830/2671 5520/1831/2672 5521/1805/2672 5519/1804/2671
f 5520/1831/2672 5522/1832/2673 5523/1806/2673 5521/1805/2672
f 5522/1832/2673 5524/1833/2674 5525/1807/2674 5523/1806/2673
f 5524/1833/2674 5526/1834/2675 5527/1808/2675 5525/1807/2674
f 5526/1834/2675 5479/1810/2651 5478/1784/2651 5527/1808/2675
f 5452/1747/2638 5428/1748/2639 5629/1748/2639 5676/1747/2638
f 5657/1775/2701 5655/1762/2701 5680/1762/2701 5682/1775/2701
f 5639/1738/2701 5637/1737/2701 5468/1737/2701 5466/1738/2701
f 5664/1765/2650 5666/1744/2650 5691/1744/2650 5689/1765/2650
f 5646/1739/2650 5648/1740/2650 5457/1740/2650 5459/1739/2650
f 5629/1759/2650 5630/1758/2650 5475/1758/2650 5476/1759/2650
f 5665/1765/2701 5663/1766/2701 5688/1766/2701 5690/1765/2701
f 5647/1779/2701 5645/1754/2701 5460/1754/2701 5458/1779/2701
f 5672/1734/2650 5674/1768/2650 5699/1768/2650 5697/1734/2650
f 5654/1762/2650 5656/1741/2650 5681/1741/2650 5679/1762/2650
f 5636/1737/2650 5638/1735/2650 5467/1735/2650 5469/1737/2650
f 5673/1778/2701 5671/1732/2701 5696/1732/2701 5698/1778/2701
f 5655/1761/2701 5653/1760/2701 5678/1760/2701 5680/1761/2701
f 5637/1737/2701 5635/1751/2701 5470/1751/2701 5468/1737/2701
f 5662/1766/2650 5664/1765/2650 5689/1765/2650 5687/1766/2650
f 5644/1754/2650 5646/1739/2650 5459/1739/2650 5461/1754/2650
f 5663/1766/2701 5661/1772/2701 5686/1772/2701 5688/1766/2701
f 5645/1754/2701 5643/1755/2701 5462/1755/2701 5460/1754/2701
f 5670/1732/2650 5672/1734/2650 5697/1734/2650 5695/1732/2650
f 5652/1760/2650 5654/1762/2650 5679/1762/2650 5453/1760/2650
f 5634/1751/2650 5636/1737/2650 5469/1737/2650 5471/1751/2650
f 5671/1732/2701 5669/1746/2701 5694/1746/2701 5696/1732/2701
f 5653/1760/2701 5651/1771/2701 5454/1771/2701 5678/1760/2701
f 5635/1750/2701 5633/1752/2701 5472/1752/2701 5470/1750/2701
f 5660/1772/2650 5662/1766/2650 5687/1766/2650 5685/1772/2650
f 5642/1755/2650 5644/1754/2650 5461/1754/2650 5463/1755/2650
f 5475/1809/2642 5473/1752/2643 5472/1752/2643 5474/1758/2642
f 5473/1752/2643 5471/1751/2644 5470/1750/2644 5472/1752/2643
f 5471/1751/2644 5469/1737/2647 5468/1737/2647 5470/1751/2644
f 5469/1737/2647 5467/1735/2602 5466/1738/2602 5468/1737/2647
f 5467/1735/2602 5465/1736/2603 5464/1736/2603 5466/1735/2602
f 5465/1777/2603 5463/1755/2633 5462/1776/2633 5464/1736/2603
f 5463/1755/2633 5461/1754/2635 5460/1754/2635 5462/1755/2633
f 5461/1754/2635 5459/1739/2637 5458/1779/2637 5460/1754/2635
f 5459/1739/2637 5457/1740/2752 5456/1740/2752 5458/1739/2637
f 5457/1740/2752 5455/1771/2646 5454/1771/2646 5456/1740/2752
f 5455/1770/2646 5453/1760/2649 5678/1760/2649 5454/1771/2646
f 5453/1760/2649 5679/1762/2631 5680/1761/2631 5678/1760/2649
f 5679/1762/2631 5681/1741/2632 5682/1775/2632 5680/1762/2631
f 5681/1741/2632 5683/1743/2753 5684/1742/2753 5682/1741/2632
f 5683/1743/2753 5685/1772/2628 5686/1773/2628 5684/1743/2753
f 5685/1772/2628 5687/1766/2640 5688/1766/2640 5686/1772/2628
f 5687/1766/2640 5689/1765/2645 5690/1765/2645 5688/1766/2640
f 5689/1765/2645 5691/1744/2648 5692/1782/2648 5690/1765/2645
f 5691/1744/2648 5693/1746/2629 5694/1745/2629 5692/1744/2648
f 5693/1746/2629 5695/1732/2630 5696/1732/2630 5694/1746/2629
f 5695/1732/2630 5697/1734/2634 5698/1778/2634 5696/1732/2630
f 5697/1734/2634 5699/1768/2636 5700/1768/2636 5698/1734/2634
f 5699/1768/2636 5701/1747/2638 5702/1747/2638 5700/1768/2636
f 5701/1747/2638 5476/1748/2639 5477/1748/2639 5702/1747/2638
f 5675/1768/2701 5673/1734/2701 5698/1734/2701 5700/1768/2701
f 5638/1735/2650 5640/1736/2650 5465/1736/2650 5467/1735/2650
f 5656/1741/2650 5658/1743/2650 5683/1743/2650 5681/1741/2650
f 5674/1768/2650 5676/1747/2650 5701/1747/2650 5699/1768/2650
f 5631/1780/2701 5628/1759/2701 5477/1759/2701 5474/1780/2701
f 5649/1740/2701 5647/1739/2701 5458/1739/2701 5456/1740/2701
f 5667/1782/2701 5665/1765/2701 5690/1765/2701 5692/1782/2701
f 5630/1809/2650 5632/1752/2650 5473/1752/2650 5475/1809/2650
f 5648/1740/2650 5650/1771/2650 5455/1771/2650 5457/1740/2650
f 5666/1744/2650 5668/1746/2650 5693/1746/2650 5691/1744/2650
f 5641/1736/2701 5639/1735/2701 5466/1735/2701 5464/1736/2701
f 5659/1742/2701 5657/1741/2701 5682/1741/2701 5684/1742/2701
f 5677/1747/2701 5675/1768/2701 5700/1768/2701 5702/1747/2701
f 5640/1777/2650 5642/1755/2650 5463/1755/2650 5465/1777/2650
f 5658/1743/2650 5660/1772/2650 5685/1772/2650 5683/1743/2650
f 5676/1747/2650 5629/1748/2650 5476/1748/2650 5701/1747/2650
f 5633/1752/2701 5631/1758/2701 5474/1758/2701 5472/1752/2701
f 5651/1771/2701 5649/1740/2701 5456/1740/2701 5454/1771/2701
f 5669/1745/2701 5667/1744/2701 5692/1744/2701 5694/1745/2701
f 5628/1748/2701 5677/1747/2701 5702/1747/2701 5477/1748/2701
f 5632/1752/2650 5634/1751/2650 5471/1751/2650 5473/1752/2650
f 5650/1770/2650 5652/1760/2650 5453/1760/2650 5455/1770/2650
f 5668/1746/2650 5670/1732/2650 5695/1732/2650 5693/1746/2650
f 5643/1776/2701 5641/1736/2701 5464/1736/2701 5462/1776/2701
f 5661/1773/2701 5659/1743/2701 5684/1743/2701 5686/1773/2701
usemtl Material.002
f 5530/1738/2676 5531/1737/2677 5603/1737/2677 5614/1738/2676
f 5531/1737/2677 5540/1750/2678 5619/1750/2678 5603/1737/2677
f 5545/1761/2679 5546/1760/2680 5610/1760/2680 5622/1761/2679
f 5548/1763/2681 5552/1772/2682 5627/1772/2682 5611/1763/2681
f 5532/1740/2683 5533/1739/2684 5604/1739/2684 5615/1740/2683
f 5533/1739/2684 5542/1754/2685 5620/1754/2685 5604/1739/2684
f 5547/1764/2686 5548/1763/2681 5611/1763/2681 5623/1764/2686
f 5534/1742/2687 5535/1741/2688 5605/1741/2688 5616/1742/2687
f 5535/1741/2688 5545/1761/2679 5622/1761/2679 5605/1741/2688
f 5549/1767/2689 5528/1733/2690 5613/1733/2690 5624/1767/2689
f 5536/1745/2691 5537/1744/2692 5606/1744/2692 5617/1745/2691
f 5537/1744/2692 5547/1764/2686 5623/1764/2686 5606/1744/2692
f 5550/1769/2693 5530/1738/2676 5614/1738/2676 5625/1769/2693
f 5538/1748/2694 5539/1747/2695 5607/1747/2695 5618/1748/2694
f 5539/1747/2695 5549/1767/2689 5624/1767/2689 5607/1747/2695
f 5551/1770/2696 5532/1740/2683 5615/1740/2683 5626/1770/2696
f 5540/1750/2678 5541/1749/2697 5608/1749/2697 5619/1750/2678
f 5541/1749/2697 5544/1757/2698 5621/1757/2698 5608/1749/2697
f 5552/1772/2682 5534/1742/2687 5616/1742/2687 5627/1772/2682
f 5542/1754/2685 5543/1753/2699 5609/1753/2699 5620/1754/2685
f 5543/1753/2699 5550/1769/2693 5625/1769/2693 5609/1753/2699
f 5528/1733/2690 5529/1732/2700 5602/1732/2700 5613/1733/2690
f 5529/1732/2700 5536/1745/2691 5617/1745/2691 5602/1732/2700
f 5544/1757/2698 5538/1756/2694 5618/1756/2694 5621/1757/2698
f 5546/1760/2680 5551/1770/2696 5626/1770/2696 5610/1760/2680
f 5601/1835/2701 5599/1836/2701 5597/1837/2701 5595/1838/2701 5593/1839/2701 5591/1840/2701 5589/1841/2701 5587/1842/2701 5585/1843/2701 5583/1844/2701 5581/1845/2701 5579/1846/2701 5577/1847/2701 5575/1848/2701 5573/1849/2701 5571/1850/2701 5569/1851/2701 5567/1852/2701 5565/1853/2701 5563/1854/2701 5561/1855/2701 5559/1856/2701 5557/1857/2701 5555/1858/2701 5612/1859/2701
f 5600/1747/2702 5601/1835/2702 5612/1860/2703 5553/1748/2703
f 5598/1768/2704 5599/1836/2704 5601/1835/2702 5600/1747/2702
f 5596/1734/2705 5597/1837/2705 5599/1836/2704 5598/1768/2704
f 5594/1732/2706 5595/1838/2706 5597/1837/2705 5596/1734/2705
f 5592/1746/2707 5593/1839/2707 5595/1838/2706 5594/1732/2706
f 5590/1744/2708 5591/1840/2708 5593/1839/2707 5592/1746/2707
f 5588/1765/2709 5589/1841/2709 5591/1840/2708 5590/1744/2708
f 5586/1766/2710 5587/1842/2710 5589/1841/2709 5588/1765/2709
f 5584/1772/2711 5585/1843/2711 5587/1842/2710 5586/1766/2710
f 5582/1743/2712 5583/1844/2712 5585/1843/2711 5584/1772/2711
f 5580/1741/2713 5581/1845/2713 5583/1844/2712 5582/1743/2712
f 5578/1762/2714 5579/1846/2714 5581/1845/2713 5580/1741/2713
f 5576/1760/2715 5577/1847/2715 5579/1846/2714 5578/1762/2714
f 5574/1771/2716 5575/1848/2716 5577/1847/2715 5576/1760/2715
f 5572/1740/2717 5573/1849/2717 5575/1848/2716 5574/1771/2716
f 5570/1739/2718 5571/1850/2718 5573/1849/2717 5572/1740/2717
f 5568/1754/2719 5569/1851/2719 5571/1850/2718 5570/1739/2718
f 5566/1755/2720 5567/1852/2720 5569/1851/2719 5568/1754/2719
f 5564/1736/2721 5565/1853/2721 5567/1852/2720 5566/1755/2720
f 5562/1735/2722 5563/1854/2722 5565/1853/2721 5564/1736/2721
f 5560/1737/2723 5561/1855/2723 5563/1854/2722 5562/1735/2722
f 5558/1751/2724 5559/1856/2724 5561/1855/2723 5560/1737/2723
f 5556/1752/2725 5557/1857/2725 5559/1856/2724 5558/1751/2724
f 5554/1758/2726 5555/1858/2726 5557/1857/2725 5556/1752/2725
f 5553/1759/2703 5612/1859/2703 5555/1858/2726 5554/1758/2726
f 5584/1772/2727 5586/1766/2728 5611/1763/2728 5627/1772/2727
f 5574/1771/2729 5576/1760/2730 5610/1760/2730 5626/1770/2729
f 5564/1736/2731 5566/1755/2732 5609/1753/2732 5625/1769/2731
f 5554/1758/2733 5556/1752/2734 5608/1749/2734 5621/1757/2733
f 5598/1768/2735 5600/1747/2736 5607/1747/2736 5624/1767/2735
f 5588/1765/2737 5590/1744/2738 5606/1744/2738 5623/1764/2737
f 5578/1762/2739 5580/1741/2740 5605/1741/2740 5622/1761/2739
f 5568/1754/2741 5570/1739/2742 5604/1739/2742 5620/1754/2741
f 5558/1751/2743 5560/1737/2744 5603/1737/2744 5619/1750/2743
f 5592/1746/2745 5594/1732/2746 5602/1732/2746 5617/1745/2745
f 5582/1743/2747 5584/1772/2727 5627/1772/2727 5616/1742/2747
f 5572/1740/2748 5574/1771/2729 5626/1770/2729 5615/1740/2748
f 5562/1735/2749 5564/1736/2731 5625/1769/2731 5614/1738/2749
f 5596/1734/2750 5598/1768/2735 5624/1767/2735 5613/1733/2750
f 5586/1766/2728 5588/1765/2737 5623/1764/2737 5611/1763/2728
f 5576/1760/2730 5578/1762/2739 5622/1761/2739 5610/1760/2730
f 5553/1759/2751 5554/1758/2733 5621/1757/2733 5618/1756/2751
f 5566/1755/2732 5568/1754/2741 5620/1754/2741 5609/1753/2732
f 5556/1752/2734 5558/1751/2743 5619/1750/2743 5608/1749/2734
f 5600/1747/2736 5553/1748/2751 5618/1748/2751 5607/1747/2736
f 5590/1744/2738 5592/1746/2745 5617/1745/2745 5606/1744/2738
f 5580/1741/2740 5582/1743/2747 5616/1742/2747 5605/1741/2740
f 5570/1739/2742 5572/1740/2748 5615/1740/2748 5604/1739/2742
f 5560/1737/2744 5562/1735/2749 5614/1738/2749 5603/1737/2744
f 5594/1732/2746 5596/1734/2750 5613/1733/2750 5602/1732/2746
usemtl Material.003
f 5639/1735/2602 5641/1736/2603 5490/1736/2603 5488/1735/2602
f 5659/1743/2627 5661/1773/2628 5510/1772/2628 5508/1774/2627
f 5669/1746/2629 5671/1732/2630 5520/1732/2630 5518/1746/2629
f 5655/1762/2631 5657/1775/2632 5506/1741/2632 5504/1762/2631
f 5641/1736/2603 5643/1776/2633 5492/1776/2633 5490/1777/2603
f 5671/1732/2630 5673/1778/2634 5522/1734/2634 5520/1732/2630
f 5643/1755/2633 5645/1754/2635 5494/1754/2635 5492/1755/2633
f 5673/1734/2634 5675/1768/2636 5524/1768/2636 5522/1734/2634
f 5657/1741/2632 5659/1742/2627 5508/1743/2627 5506/1741/2632
f 5645/1754/2635 5647/1779/2637 5496/1739/2637 5494/1754/2635
f 5675/1768/2636 5677/1747/2638 5526/1747/2638 5524/1768/2636
f 5677/1747/2638 5628/1748/2639 5479/1748/2639 5526/1747/2638
f 5661/1772/2628 5663/1766/2640 5512/1766/2640 5510/1772/2628
f 5647/1739/2637 5649/1740/2641 5498/1740/2641 5496/1739/2637
f 5633/1752/2643 5635/1750/2644 5484/1751/2644 5482/1781/2643
f 5663/1766/2640 5665/1765/2645 5514/1765/2645 5512/1766/2640
f 5649/1740/2641 5651/1771/2646 5500/1771/2646 5498/1740/2641
f 5635/1751/2644 5637/1737/2647 5486/1737/2647 5484/1751/2644
f 5665/1765/2645 5667/1782/2648 5516/1744/2648 5514/1783/2645
f 5651/1771/2646 5653/1760/2649 5502/1760/2649 5500/1770/2646
f 5637/1737/2647 5639/1738/2602 5488/1735/2602 5486/1737/2647
f 5667/1744/2648 5669/1745/2629 5518/1746/2629 5516/1744/2648
f 5653/1760/2649 5655/1761/2631 5504/1762/2631 5502/1760/2649
f 5631/1758/2642 5633/1752/2643 5482/1752/2643 5480/1758/2642
f 5628/1759/2639 5631/1780/2642 5480/1758/2642 5479/1759/2639
o Cylinder.017
v 0.209688 -0.306073 0.053668
v 0.310239 -0.390257 0.065570
v 0.199042 -0.318788 0.051041
v 0.297231 -0.405793 0.062360
v 0.189438 -0.330260 0.043418
v 0.285497 -0.419808 0.053047
v 0.181816 -0.339363 0.031545
v 0.276185 -0.430931 0.038541
v 0.176922 -0.345208 0.016584
v 0.270206 -0.438072 0.020262
v 0.175236 -0.347222 -0.000000
v 0.268146 -0.440533 -0.000000
v 0.176922 -0.345208 -0.016584
v 0.270206 -0.438072 -0.020262
v 0.181816 -0.339363 -0.031545
v 0.276185 -0.430931 -0.038541
v 0.189438 -0.330260 -0.043418
v 0.285497 -0.419808 -0.053047
v 0.199042 -0.318788 -0.051041
v 0.297231 -0.405793 -0.062360
v 0.209688 -0.306073 -0.053668
v 0.310239 -0.390257 -0.065570
v 0.220334 -0.293357 -0.051041
v 0.323246 -0.374721 -0.062360
v 0.229938 -0.281886 -0.043418
v 0.334980 -0.360706 -0.053047
v 0.237560 -0.272782 -0.031545
v 0.344292 -0.349584 -0.038541
v 0.242453 -0.266937 -0.016584
v 0.350271 -0.342443 -0.020262
v 0.244140 -0.264923 -0.000000
v 0.352331 -0.339982 -0.000000
v 0.242453 -0.266937 0.016584
v 0.350271 -0.342443 0.020262
v 0.237560 -0.272782 0.031545
v 0.344292 -0.349584 0.038541
v 0.229938 -0.281886 0.043418
v 0.334980 -0.360706 0.053047
v 0.220334 -0.293357 0.051041
v 0.323246 -0.374721 0.062360
v 0.209688 -0.306073 0.065570
v 0.196681 -0.321609 0.062360
v 0.184947 -0.335624 0.053047
v 0.175634 -0.346746 0.038541
v 0.169656 -0.353887 0.020262
v 0.167595 -0.356348 -0.000000
v 0.169656 -0.353887 -0.020262
v 0.175634 -0.346746 -0.038541
v 0.184947 -0.335624 -0.053047
v 0.196681 -0.321609 -0.062360
v 0.209688 -0.306073 -0.065570
v 0.222695 -0.290537 -0.062360
v 0.234429 -0.276521 -0.053047
v 0.243741 -0.265399 -0.038541
v 0.249720 -0.258258 -0.020262
v 0.251780 -0.255797 -0.000000
v 0.249720 -0.258258 0.020262
v 0.243741 -0.265399 0.038541
v 0.234429 -0.276521 0.053047
v 0.222695 -0.290537 0.062360
v 0.153739 -0.259230 0.053668
v 0.143093 -0.271946 0.051041
v 0.133489 -0.283417 0.043418
v 0.125867 -0.292521 0.031545
v 0.120973 -0.298366 0.016584
v 0.119287 -0.300380 -0.000000
v 0.120973 -0.298366 -0.016584
v 0.125867 -0.292521 -0.031545
v 0.133489 -0.283417 -0.043418
v 0.143093 -0.271946 -0.051041
v 0.153739 -0.259230 -0.053668
v 0.164385 -0.246514 -0.051041
v 0.173989 -0.235043 -0.043418
v 0.181611 -0.225939 -0.031545
v 0.186504 -0.220095 -0.016584
v 0.188191 -0.218081 -0.000000
v 0.186504 -0.220095 0.016584
v 0.181611 -0.225939 0.031545
v 0.173989 -0.235043 0.043418
v 0.164385 -0.246514 0.051041
v 0.153739 -0.259230 0.023653
v 0.149047 -0.264834 0.022495
v 0.144814 -0.269890 0.019136
v 0.141455 -0.273902 0.013903
v 0.139298 -0.276478 0.007309
v 0.138555 -0.277366 -0.000000
v 0.139298 -0.276478 -0.007309
v 0.141455 -0.273902 -0.013903
v 0.144814 -0.269890 -0.019136
v 0.149047 -0.264834 -0.022495
v 0.153739 -0.259230 -0.023653
v 0.158431 -0.253626 -0.022495
v 0.162664 -0.248570 -0.019136
v 0.166023 -0.244558 -0.013903
v 0.168180 -0.241982 -0.007309
v 0.168923 -0.241094 -0.000000
v 0.168180 -0.241982 0.007309
v 0.166023 -0.244558 0.013903
v 0.162664 -0.248570 0.019136
v 0.158431 -0.253626 0.022495
v 0.084315 -0.201106 0.023653
v 0.079623 -0.206711 0.022495
v 0.075391 -0.211766 0.019136
v 0.072031 -0.215779 0.013903
v 0.069875 -0.218355 0.007309
v 0.069131 -0.219242 -0.000000
v 0.069875 -0.218355 -0.007309
v 0.072031 -0.215779 -0.013903
v 0.075391 -0.211766 -0.019136
v 0.079623 -0.206711 -0.022495
v 0.084315 -0.201106 -0.023653
v 0.089008 -0.195502 -0.022495
v 0.093240 -0.190446 -0.019136
v 0.096600 -0.186434 -0.013903
v 0.098756 -0.183858 -0.007309
v 0.099500 -0.182970 -0.000000
v 0.098756 -0.183858 0.007309
v 0.096600 -0.186434 0.013903
v 0.093240 -0.190446 0.019136
v 0.089008 -0.195502 0.022495
vn -0.0000 -0.0000 1.0000
vn -0.1984 -0.2369 0.9511
vn -0.3773 -0.4507 0.8090
vn -0.5193 -0.6203 0.5878
vn -0.6105 -0.7292 0.3090
vn -0.6419 -0.7667 -0.0000
vn -0.6105 -0.7292 -0.3090
vn -0.5193 -0.6203 -0.5878
vn -0.3773 -0.4507 -0.8090
vn -0.1984 -0.2369 -0.9511
vn -0.0000 -0.0000 -1.0000
vn 0.1984 0.2369 -0.9511
vn 0.3773 0.4507 -0.8090
vn 0.5193 0.6203 -0.5878
vn 0.6105 0.7292 -0.3090
vn 0.6419 0.7667 -0.0000
vn 0.6105 0.7292 0.3090
vn 0.5193 0.6203 0.5878
vn 0.3773 0.4507 0.8090
vn 0.7667 -0.6419 -0.0000
vn 0.1984 0.2369 0.9511
vn -0.7667 0.6419 -0.0000
vt 1.000000 0.500000
vt 1.000000 1.000000
vt 0.950000 1.000000
vt 0.950000 0.500000
vt 0.900000 1.000000
vt 0.900000 0.500000
vt 0.850000 1.000000
vt 0.850000 0.500000
vt 0.800000 1.000000
vt 0.800000 0.500000
vt 0.750000 1.000000
vt 0.750000 0.500000
vt 0.700000 1.000000
vt 0.700000 0.500000
vt 0.650000 1.000000
vt 0.650000 0.500000
vt 0.600000 1.000000
vt 0.600000 0.500000
vt 0.550000 1.000000
vt 0.550000 0.500000
vt 0.500000 1.000000
vt 0.500000 0.500000
vt 0.450000 1.000000
vt 0.450000 0.500000
vt 0.400000 1.000000
vt 0.400000 0.500000
vt 0.350000 1.000000
vt 0.350000 0.500000
vt 0.300000 1.000000
vt 0.300000 0.500000
vt 0.250000 1.000000
vt 0.250000 0.500000
vt 0.200000 1.000000
vt 0.200000 0.500000
vt 0.150000 1.000000
vt 0.150000 0.500000
vt 0.100000 1.000000
vt 0.100000 0.500000
vt 0.324164 0.478254
vt 0.250000 0.490000
vt 0.175836 0.478254
vt 0.108932 0.444164
vt 0.055836 0.391068
vt 0.021746 0.324164
vt 0.010000 0.250000
vt 0.021746 0.175836
vt 0.055836 0.108932
vt 0.108932 0.055836
vt 0.175836 0.021746
vt 0.250000 0.010000
vt 0.324164 0.021746
vt 0.391068 0.055836
vt 0.444164 0.108932
vt 0.478254 0.175836
vt 0.490000 0.250000
vt 0.478254 0.324164
vt 0.444164 0.391068
vt 0.391068 0.444164
vt 0.050000 1.000000
vt 0.050000 0.500000
vt -0.000000 1.000000
vt -0.000000 0.500000
vt 0.908920 0.134538
vt 0.865462 0.091080
vt 0.810702 0.436821
vt 0.750000 0.446436
vt 0.750000 0.490000
vt 0.824164 0.478254
vt 0.865462 0.408920
vt 0.891068 0.444164
vt 0.908920 0.365462
vt 0.944164 0.391068
vt 0.936822 0.310702
vt 0.978254 0.324164
vt 0.946436 0.250000
vt 0.990000 0.250000
vt 0.936821 0.189298
vt 0.978254 0.175836
vt 0.944164 0.108932
vt 0.891068 0.055836
vt 0.810702 0.063179
vt 0.824164 0.021746
vt 0.750000 0.053564
vt 0.750000 0.010000
vt 0.689298 0.063179
vt 0.675836 0.021746
vt 0.634538 0.091080
vt 0.608932 0.055836
vt 0.591080 0.134538
vt 0.555836 0.108932
vt 0.563179 0.189298
vt 0.521746 0.175836
vt 0.553564 0.250000
vt 0.510000 0.250000
vt 0.563179 0.310702
vt 0.521746 0.324164
vt 0.591080 0.365462
vt 0.555836 0.391068
vt 0.634538 0.408920
vt 0.608932 0.444164
vt 0.689298 0.436821
vt 0.675836 0.478254
s 1
usemtl Material.002
f 5743/1861/2754 5744/1864/2755 5706/1863/2755 5704/1862/2754
f 5744/1864/2755 5745/1866/2756 5708/1865/2756 5706/1863/2755
f 5745/1866/2756 5746/1868/2757 5710/1867/2757 5708/1865/2756
f 5746/1868/2757 5747/1870/2758 5712/1869/2758 5710/1867/2757
f 5747/1870/2758 5748/1872/2759 5714/1871/2759 5712/1869/2758
f 5748/1872/2759 5749/1874/2760 5716/1873/2760 5714/1871/2759
f 5749/1874/2760 5750/1876/2761 5718/1875/2761 5716/1873/2760
f 5750/1876/2761 5751/1878/2762 5720/1877/2762 5718/1875/2761
f 5751/1878/2762 5752/1880/2763 5722/1879/2763 5720/1877/2762
f 5752/1880/2763 5753/1882/2764 5724/1881/2764 5722/1879/2763
f 5753/1882/2764 5754/1884/2765 5726/1883/2765 5724/1881/2764
f 5754/1884/2765 5755/1886/2766 5728/1885/2766 5726/1883/2765
f 5755/1886/2766 5756/1888/2767 5730/1887/2767 5728/1885/2766
f 5756/1888/2767 5757/1890/2768 5732/1889/2768 5730/1887/2767
f 5757/1890/2768 5758/1892/2769 5734/1891/2769 5732/1889/2768
f 5758/1892/2769 5759/1894/2770 5736/1893/2770 5734/1891/2769
f 5759/1894/2770 5760/1896/2771 5738/1895/2771 5736/1893/2770
f 5760/1896/2771 5761/1898/2772 5740/1897/2772 5738/1895/2771
f 5706/1899/2773 5708/1918/2773 5710/1917/2773 5712/1916/2773 5714/1915/2773 5716/1914/2773 5718/1913/2773 5720/1912/2773 5722/1911/2773 5724/1910/2773 5726/1909/2773 5728/1908/2773 5730/1907/2773 5732/1906/2773 5734/1905/2773 5736/1904/2773 5738/1903/2773 5740/1902/2773 5742/1901/2773 5704/1900/2773
f 5761/1898/2772 5762/1920/2774 5742/1919/2774 5740/1897/2772
f 5762/1920/2774 5743/1922/2754 5704/1921/2754 5742/1919/2774
f 5717/1923/2761 5770/1923/2761 5771/1924/2762 5719/1924/2762
f 5705/1925/2775 5744/1928/2775 5743/1927/2775 5703/1926/2775
f 5707/1929/2775 5745/1930/2775 5744/1928/2775 5705/1925/2775
f 5709/1931/2775 5746/1932/2775 5745/1930/2775 5707/1929/2775
f 5711/1933/2775 5747/1934/2775 5746/1932/2775 5709/1931/2775
f 5713/1935/2775 5748/1936/2775 5747/1934/2775 5711/1933/2775
f 5715/1937/2775 5749/1938/2775 5748/1936/2775 5713/1935/2775
f 5717/1923/2775 5750/1939/2775 5749/1938/2775 5715/1937/2775
f 5719/1924/2775 5751/1940/2775 5750/1939/2775 5717/1923/2775
f 5721/1941/2775 5752/1942/2775 5751/1940/2775 5719/1924/2775
f 5723/1943/2775 5753/1944/2775 5752/1942/2775 5721/1941/2775
f 5725/1945/2775 5754/1946/2775 5753/1944/2775 5723/1943/2775
f 5727/1947/2775 5755/1948/2775 5754/1946/2775 5725/1945/2775
f 5729/1949/2775 5756/1950/2775 5755/1948/2775 5727/1947/2775
f 5731/1951/2775 5757/1952/2775 5756/1950/2775 5729/1949/2775
f 5733/1953/2775 5758/1954/2775 5757/1952/2775 5731/1951/2775
f 5735/1955/2775 5759/1956/2775 5758/1954/2775 5733/1953/2775
f 5737/1957/2775 5760/1958/2775 5759/1956/2775 5735/1955/2775
f 5739/1959/2775 5761/1960/2775 5760/1958/2775 5737/1957/2775
f 5741/1961/2775 5762/1962/2775 5761/1960/2775 5739/1959/2775
f 5703/1926/2775 5743/1927/2775 5762/1962/2775 5741/1961/2775
f 5767/1933/2775 5787/1933/2775 5788/1935/2775 5768/1935/2775
f 5703/1926/2754 5763/1926/2754 5764/1925/2755 5705/1925/2755
f 5733/1953/2769 5778/1953/2769 5779/1955/2770 5735/1955/2770
f 5719/1924/2762 5771/1924/2762 5772/1941/2763 5721/1941/2763
f 5705/1925/2755 5764/1925/2755 5765/1929/2756 5707/1929/2756
f 5735/1955/2770 5779/1955/2770 5780/1957/2771 5737/1957/2771
f 5721/1941/2763 5772/1941/2763 5773/1943/2764 5723/1943/2764
f 5707/1929/2756 5765/1929/2756 5766/1931/2757 5709/1931/2757
f 5737/1957/2771 5780/1957/2771 5781/1959/2772 5739/1959/2772
f 5723/1943/2764 5773/1943/2764 5774/1945/2765 5725/1945/2765
f 5709/1931/2757 5766/1931/2757 5767/1933/2758 5711/1933/2758
f 5739/1959/2772 5781/1959/2772 5782/1961/2774 5741/1961/2774
f 5725/1945/2765 5774/1945/2765 5775/1947/2766 5727/1947/2766
f 5711/1933/2758 5767/1933/2758 5768/1935/2759 5713/1935/2759
f 5741/1961/2774 5782/1961/2774 5763/1926/2754 5703/1926/2754
f 5727/1947/2766 5775/1947/2766 5776/1949/2767 5729/1949/2767
f 5713/1935/2759 5768/1935/2759 5769/1937/2760 5715/1937/2760
f 5729/1949/2767 5776/1949/2767 5777/1951/2768 5731/1951/2768
f 5715/1937/2760 5769/1937/2760 5770/1923/2761 5717/1923/2761
f 5731/1951/2768 5777/1951/2768 5778/1953/2769 5733/1953/2769
f 5784/1925/2755 5804/1925/2755 5805/1929/2756 5785/1929/2756
f 5782/1961/2775 5802/1961/2775 5783/1926/2775 5763/1926/2775
f 5775/1947/2775 5795/1947/2775 5796/1949/2775 5776/1949/2775
f 5768/1935/2775 5788/1935/2775 5789/1937/2775 5769/1937/2775
f 5776/1949/2775 5796/1949/2775 5797/1951/2775 5777/1951/2775
f 5769/1937/2775 5789/1937/2775 5790/1923/2775 5770/1923/2775
f 5777/1951/2775 5797/1951/2775 5798/1953/2775 5778/1953/2775
f 5770/1923/2775 5790/1923/2775 5791/1924/2775 5771/1924/2775
f 5763/1926/2775 5783/1926/2775 5784/1925/2775 5764/1925/2775
f 5778/1953/2775 5798/1953/2775 5799/1955/2775 5779/1955/2775
f 5771/1924/2775 5791/1924/2775 5792/1941/2775 5772/1941/2775
f 5764/1925/2775 5784/1925/2775 5785/1929/2775 5765/1929/2775
f 5779/1955/2775 5799/1955/2775 5800/1957/2775 5780/1957/2775
f 5772/1941/2775 5792/1941/2775 5793/1943/2775 5773/1943/2775
f 5765/1929/2775 5785/1929/2775 5786/1931/2775 5766/1931/2775
f 5780/1957/2775 5800/1957/2775 5801/1959/2775 5781/1959/2775
f 5773/1943/2775 5793/1943/2775 5794/1945/2775 5774/1945/2775
f 5766/1931/2775 5786/1931/2775 5787/1933/2775 5767/1933/2775
f 5781/1959/2775 5801/1959/2775 5802/1961/2775 5782/1961/2775
f 5774/1945/2775 5794/1945/2775 5795/1947/2775 5775/1947/2775
f 5803/1926/2775 5822/1961/2775 5821/1959/2775 5820/1957/2775 5819/1955/2775 5818/1953/2775 5817/1951/2775 5816/1949/2775 5815/1947/2775 5814/1945/2775 5813/1943/2775 5812/1941/2775 5811/1924/2775 5810/1923/2775 5809/1937/2775 5808/1935/2775 5807/1933/2775 5806/1931/2775 5805/1929/2775 5804/1925/2775
f 5799/1955/2770 5819/1955/2770 5820/1957/2771 5800/1957/2771
f 5792/1941/2763 5812/1941/2763 5813/1943/2764 5793/1943/2764
f 5785/1929/2756 5805/1929/2756 5806/1931/2757 5786/1931/2757
f 5800/1957/2771 5820/1957/2771 5821/1959/2772 5801/1959/2772
f 5793/1943/2764 5813/1943/2764 5814/1945/2765 5794/1945/2765
f 5786/1931/2757 5806/1931/2757 5807/1933/2758 5787/1933/2758
f 5801/1959/2772 5821/1959/2772 5822/1961/2774 5802/1961/2774
f 5794/1945/2765 5814/1945/2765 5815/1947/2766 5795/1947/2766
f 5787/1933/2758 5807/1933/2758 5808/1935/2759 5788/1935/2759
f 5802/1961/2774 5822/1961/2774 5803/1926/2754 5783/1926/2754
f 5795/1947/2766 5815/1947/2766 5816/1949/2767 5796/1949/2767
f 5788/1935/2759 5808/1935/2759 5809/1937/2760 5789/1937/2760
f 5796/1949/2767 5816/1949/2767 5817/1951/2768 5797/1951/2768
f 5789/1937/2760 5809/1937/2760 5810/1923/2761 5790/1923/2761
f 5797/1951/2768 5817/1951/2768 5818/1953/2769 5798/1953/2769
f 5790/1923/2761 5810/1923/2761 5811/1924/2762 5791/1924/2762
f 5783/1926/2754 5803/1926/2754 5804/1925/2755 5784/1925/2755
f 5798/1953/2769 5818/1953/2769 5819/1955/2770 5799/1955/2770
f 5791/1924/2762 5811/1924/2762 5812/1941/2763 5792/1941/2763
o Tee_Joint.002
v -0.517020 -0.818272 -1.029744
v -0.494520 -0.898779 -1.030632
v -0.501016 -0.889594 -1.030591
v -0.505930 -0.879475 -1.030491
v -0.569800 -0.896320 -1.030491
v -0.569084 -0.907547 -1.030591
v -0.570205 -0.918741 -1.030632
v -0.569244 -0.933463 -1.030632
v -0.563951 -0.945478 -1.030632
v -0.555205 -0.955269 -1.030632
v -0.543861 -0.961877 -1.030632
v -0.531030 -0.964657 -1.030632
v -0.517968 -0.963336 -1.030632
v -0.505954 -0.958044 -1.030632
v -0.496163 -0.949297 -1.030632
v -0.489554 -0.937954 -1.030632
v -0.486774 -0.925123 -1.030632
v -0.488095 -0.912061 -1.030632
v -0.590131 -0.837555 -1.030185
v -0.570053 -0.872218 -1.011758
v -0.517596 -0.858383 -1.011758
v -0.594252 -0.838642 -1.012003
v -0.513104 -0.817240 -1.011514
v -0.528196 -0.821220 -1.044412
v -0.544419 -0.825499 -1.052613
v -0.495823 -0.914099 -1.060966
v -0.488095 -0.912061 -1.053072
v -0.494753 -0.924673 -1.060966
v -0.486774 -0.925123 -1.053072
v -0.497004 -0.935060 -1.060966
v -0.489554 -0.937954 -1.053072
v -0.502354 -0.944243 -1.060966
v -0.496163 -0.949297 -1.053072
v -0.510280 -0.951324 -1.060966
v -0.505954 -0.958044 -1.053072
v -0.520006 -0.955609 -1.060966
v -0.517968 -0.963336 -1.053072
v -0.530581 -0.956678 -1.060966
v -0.531030 -0.964657 -1.053072
v -0.540968 -0.954427 -1.060966
v -0.543861 -0.961877 -1.053072
v -0.550151 -0.949077 -1.060966
v -0.555205 -0.955269 -1.053072
v -0.557231 -0.941151 -1.060966
v -0.563951 -0.945478 -1.053072
v -0.561516 -0.931425 -1.060966
v -0.569244 -0.933463 -1.053072
v -0.562476 -0.830261 -1.052722
v -0.578790 -0.834564 -1.044717
v -0.562396 -0.919975 -1.060994
v -0.570205 -0.918741 -1.053072
v -0.561897 -0.896202 -1.060840
v -0.569799 -0.896320 -1.052931
v -0.561165 -0.907690 -1.060944
v -0.569084 -0.907547 -1.053030
v -0.512861 -0.883269 -1.060850
v -0.505930 -0.879475 -1.052931
v -0.500705 -0.903704 -1.060989
v -0.494520 -0.898779 -1.053072
v -0.507834 -0.893625 -1.060942
v -0.501016 -0.889594 -1.053030
v -0.570053 -0.872218 -1.052027
v -0.562397 -0.870199 -1.059921
v -0.525252 -0.860402 -1.059921
v -0.517596 -0.858383 -1.052027
v -0.510391 -0.871410 -1.030146
v -0.517596 -0.858383 -1.015143
v -0.521280 -0.844416 -1.029588
v -0.517596 -0.858383 -1.044032
v -0.513994 -0.864896 -1.027932
v -0.516631 -0.860128 -1.022440
v -0.570053 -0.872218 -1.015143
v -0.569896 -0.887104 -1.030146
v -0.570053 -0.872218 -1.044032
v -0.573736 -0.858252 -1.029588
v -0.570032 -0.874213 -1.022440
v -0.569975 -0.879661 -1.027932
v -0.742714 0.037463 -1.029744
v -0.762845 0.118595 -1.030632
v -0.763966 0.107401 -1.030591
v -0.763250 0.096174 -1.030491
v -0.827120 0.079328 -1.030491
v -0.832034 0.089448 -1.030591
v -0.838530 0.098633 -1.030632
v -0.844955 0.111915 -1.030632
v -0.846276 0.124977 -1.030632
v -0.843496 0.137807 -1.030632
v -0.836887 0.149151 -1.030632
v -0.827096 0.157897 -1.030632
v -0.815082 0.163190 -1.030632
v -0.802020 0.164511 -1.030632
v -0.789189 0.161731 -1.030632
v -0.777845 0.155122 -1.030632
v -0.769099 0.145331 -1.030632
v -0.763806 0.133317 -1.030632
v -0.815825 0.018180 -1.030185
v -0.815454 0.058237 -1.011758
v -0.762997 0.072072 -1.011758
v -0.819946 0.017094 -1.012003
v -0.738798 0.038496 -1.011514
v -0.753890 0.034515 -1.044412
v -0.770113 0.030237 -1.052613
v -0.771534 0.131279 -1.060966
v -0.763806 0.133317 -1.053072
v -0.775818 0.141005 -1.060966
v -0.769099 0.145331 -1.053072
v -0.782899 0.148931 -1.060966
v -0.777845 0.155122 -1.053072
v -0.792082 0.154281 -1.060966
v -0.789189 0.161731 -1.053072
v -0.802469 0.156532 -1.060966
v -0.802020 0.164511 -1.053072
v -0.813044 0.155462 -1.060966
v -0.815082 0.163190 -1.053072
v -0.822770 0.151178 -1.060966
v -0.827096 0.157897 -1.053072
v -0.830696 0.144097 -1.060966
v -0.836887 0.149151 -1.053072
v -0.836046 0.134914 -1.060966
v -0.843496 0.137807 -1.053072
v -0.838296 0.124527 -1.060966
v -0.846276 0.124977 -1.053072
v -0.837227 0.113953 -1.060966
v -0.844955 0.111915 -1.053072
v -0.788170 0.025474 -1.052722
v -0.804485 0.021171 -1.044717
v -0.832345 0.103558 -1.060994
v -0.838530 0.098633 -1.053072
v -0.820187 0.083123 -1.060840
v -0.827120 0.079328 -1.052931
v -0.825216 0.093478 -1.060944
v -0.832034 0.089448 -1.053030
v -0.771151 0.096056 -1.060850
v -0.763250 0.096174 -1.052931
v -0.770654 0.119829 -1.060989
v -0.762845 0.118595 -1.053072
v -0.771885 0.107544 -1.060942
v -0.763966 0.107401 -1.053030
v -0.815454 0.058237 -1.052027
v -0.807798 0.060256 -1.059921
v -0.770652 0.070053 -1.059921
v -0.762997 0.072072 -1.052027
v -0.763154 0.086958 -1.030146
v -0.762997 0.072072 -1.015143
v -0.759314 0.058105 -1.029588
v -0.762997 0.072072 -1.044032
v -0.763075 0.079515 -1.027931
v -0.763018 0.074066 -1.022440
v -0.815454 0.058237 -1.015143
v -0.822659 0.071264 -1.030146
v -0.815454 0.058237 -1.044032
v -0.811770 0.044270 -1.029588
v -0.816419 0.059982 -1.022440
v -0.819056 0.064750 -1.027932
v -0.820698 0.283051 -1.032823
v -0.776344 0.154281 -1.032823
v -0.842159 0.109927 -1.032823
v -0.882221 0.104204 -1.032823
v -0.820698 0.283051 -1.011758
v -0.776344 0.154281 -1.011758
v -0.842159 0.109927 -1.011758
v -0.882221 0.104204 -1.011758
v -0.839645 0.289569 -1.032823
v -0.901168 0.110722 -1.032823
v -0.839645 0.289569 -1.011758
v -0.901168 0.110722 -1.011758
v -0.517020 -0.818272 -0.993772
v -0.494520 -0.898779 -0.992885
v -0.501016 -0.889594 -0.992926
v -0.505930 -0.879475 -0.993026
v -0.569800 -0.896320 -0.993026
v -0.569084 -0.907547 -0.992926
v -0.570205 -0.918741 -0.992885
v -0.569244 -0.933463 -0.992885
v -0.563951 -0.945478 -0.992885
v -0.555205 -0.955269 -0.992885
v -0.543861 -0.961877 -0.992885
v -0.531030 -0.964657 -0.992885
v -0.517968 -0.963336 -0.992885
v -0.505954 -0.958044 -0.992885
v -0.496163 -0.949297 -0.992885
v -0.489554 -0.937954 -0.992885
v -0.486774 -0.925123 -0.992885
v -0.488095 -0.912061 -0.992885
v -0.590131 -0.837555 -0.993332
v -0.594252 -0.838642 -1.011514
v -0.513104 -0.817240 -1.012003
v -0.528196 -0.821220 -0.979104
v -0.544419 -0.825499 -0.970904
v -0.495823 -0.914099 -0.962551
v -0.488095 -0.912061 -0.970445
v -0.494753 -0.924673 -0.962551
v -0.486774 -0.925123 -0.970445
v -0.497004 -0.935060 -0.962551
v -0.489554 -0.937954 -0.970445
v -0.502354 -0.944243 -0.962551
v -0.496163 -0.949297 -0.970445
v -0.510280 -0.951324 -0.962551
v -0.505954 -0.958044 -0.970445
v -0.520006 -0.955609 -0.962551
v -0.517968 -0.963336 -0.970445
v -0.530581 -0.956678 -0.962551
v -0.531030 -0.964657 -0.970445
v -0.540968 -0.954427 -0.962551
v -0.543861 -0.961877 -0.970445
v -0.550151 -0.949077 -0.962551
v -0.555205 -0.955269 -0.970445
v -0.557231 -0.941151 -0.962551
v -0.563951 -0.945478 -0.970445
v -0.561516 -0.931425 -0.962551
v -0.569244 -0.933463 -0.970445
v -0.562476 -0.830261 -0.970795
v -0.578790 -0.834564 -0.978799
v -0.562396 -0.919975 -0.962523
v -0.570205 -0.918741 -0.970445
v -0.561897 -0.896202 -0.962677
v -0.569800 -0.896320 -0.970586
v -0.561165 -0.907690 -0.962573
v -0.569084 -0.907547 -0.970486
v -0.512861 -0.883269 -0.962666
v -0.505930 -0.879475 -0.970586
v -0.500705 -0.903704 -0.962528
v -0.494520 -0.898779 -0.970445
v -0.507834 -0.893625 -0.962575
v -0.501016 -0.889594 -0.970486
v -0.570053 -0.872218 -0.971489
v -0.562397 -0.870199 -0.963595
v -0.525252 -0.860402 -0.963595
v -0.517596 -0.858383 -0.971489
v -0.510391 -0.871410 -0.993371
v -0.517596 -0.858383 -1.008373
v -0.521280 -0.844416 -0.993929
v -0.517596 -0.858383 -0.979485
v -0.513994 -0.864896 -0.995585
v -0.516631 -0.860128 -1.001076
v -0.570053 -0.872218 -1.008373
v -0.569896 -0.887104 -0.993371
v -0.570053 -0.872218 -0.979485
v -0.573736 -0.858252 -0.993929
v -0.570032 -0.874213 -1.001076
v -0.569975 -0.879661 -0.995585
v -0.742714 0.037463 -0.993772
v -0.762845 0.118595 -0.992885
v -0.763966 0.107401 -0.992926
v -0.763250 0.096174 -0.993026
v -0.827120 0.079328 -0.993026
v -0.832034 0.089448 -0.992926
v -0.838530 0.098633 -0.992885
v -0.844955 0.111915 -0.992885
v -0.846276 0.124977 -0.992885
v -0.843496 0.137807 -0.992885
v -0.836887 0.149151 -0.992885
v -0.827096 0.157897 -0.992885
v -0.815082 0.163190 -0.992885
v -0.802020 0.164511 -0.992885
v -0.789189 0.161731 -0.992885
v -0.777845 0.155122 -0.992885
v -0.769099 0.145331 -0.992885
v -0.763806 0.133317 -0.992885
v -0.815825 0.018180 -0.993332
v -0.819946 0.017094 -1.011514
v -0.738798 0.038496 -1.012003
v -0.753890 0.034515 -0.979104
v -0.770113 0.030237 -0.970904
v -0.771534 0.131279 -0.962551
v -0.763806 0.133317 -0.970445
v -0.775818 0.141005 -0.962551
v -0.769099 0.145331 -0.970445
v -0.782899 0.148931 -0.962551
v -0.777845 0.155122 -0.970445
v -0.792082 0.154281 -0.962551
v -0.789189 0.161731 -0.970445
v -0.802469 0.156532 -0.962551
v -0.802020 0.164511 -0.970445
v -0.813044 0.155462 -0.962551
v -0.815082 0.163190 -0.970445
v -0.822770 0.151178 -0.962551
v -0.827096 0.157897 -0.970445
v -0.830696 0.144097 -0.962551
v -0.836887 0.149151 -0.970445
v -0.836046 0.134914 -0.962551
v -0.843496 0.137807 -0.970445
v -0.838296 0.124527 -0.962551
v -0.846276 0.124977 -0.970445
v -0.837227 0.113953 -0.962551
v -0.844955 0.111915 -0.970445
v -0.788170 0.025474 -0.970795
v -0.804485 0.021171 -0.978799
v -0.832345 0.103558 -0.962523
v -0.838530 0.098633 -0.970445
v -0.820187 0.083123 -0.962677
v -0.827120 0.079328 -0.970586
v -0.825216 0.093478 -0.962573
v -0.832034 0.089448 -0.970486
v -0.771151 0.096056 -0.962666
v -0.763250 0.096174 -0.970586
v -0.770654 0.119829 -0.962528
v -0.762845 0.118595 -0.970445
v -0.771885 0.107544 -0.962575
v -0.763966 0.107401 -0.970486
v -0.815454 0.058237 -0.971489
v -0.807798 0.060256 -0.963595
v -0.770652 0.070053 -0.963595
v -0.762997 0.072072 -0.971489
v -0.763154 0.086958 -0.993371
v -0.762997 0.072072 -1.008373
v -0.759314 0.058105 -0.993929
v -0.762997 0.072072 -0.979485
v -0.763075 0.079515 -0.995585
v -0.763018 0.074066 -1.001076
v -0.815454 0.058237 -1.008373
v -0.822659 0.071264 -0.993371
v -0.815454 0.058237 -0.979485
v -0.811770 0.044270 -0.993929
v -0.816419 0.059982 -1.001076
v -0.819056 0.064750 -0.995585
v -0.820698 0.283051 -0.990693
v -0.776344 0.154281 -0.990694
v -0.842159 0.109927 -0.990694
v -0.882221 0.104204 -0.990694
v -0.839645 0.289569 -0.990693
v -0.901168 0.110722 -0.990694
vn 0.9999 -0.0172 -0.0000
vn 0.9998 -0.0184 -0.0000
vn 0.9998 -0.0178 -0.0000
vn 0.9998 -0.0174 -0.0000
vn 0.9789 0.1708 0.1118
vn 0.9802 0.1762 0.0905
vn 0.9986 0.0532 -0.0000
vn 0.9993 0.0367 -0.0000
vn 0.9993 0.0375 -0.0000
vn 0.8408 0.5413 -0.0000
vn 0.9713 0.2378 -0.0000
vn -0.9371 -0.3319 0.1081
vn -0.8878 -0.4602 -0.0000
vn -0.8874 -0.4609 -0.0000
vn -0.8949 -0.4462 -0.0000
vn -0.9406 -0.3279 0.0877
vn 0.6324 0.7747 -0.0000
vn -0.7747 0.6324 -0.0000
vn -0.5413 0.8408 -0.0000
vn -0.2550 0.9669 -0.0000
vn 0.0563 0.9984 -0.0000
vn 0.3620 0.9322 -0.0000
vn -0.8607 -0.5091 -0.0000
vn -0.8613 -0.5081 -0.0000
vn -0.8612 -0.5083 -0.0000
vn -0.8610 -0.5086 -0.0000
vn -0.9322 0.3620 -0.0000
vn 0.0025 -0.0093 1.0000
vn 0.0207 -0.0815 0.9965
vn 0.0206 -0.0811 0.9965
vn 0.8728 0.4559 0.1744
vn 0.9023 0.3904 0.1828
vn 0.8683 0.3546 0.3470
vn 0.8786 0.4129 0.2399
vn 0.7831 0.5719 0.2441
vn -0.9785 -0.1040 0.1779
vn -0.9335 -0.1186 0.3385
vn -0.7069 -0.2129 0.6745
vn -0.9622 -0.2722 -0.0000
vn -0.9984 0.0563 -0.0000
vn -0.0014 0.0051 -1.0000
vn 0.7134 0.1586 0.6826
vn -0.9848 -0.0341 0.1706
vn -0.9647 0.1109 0.2389
vn -0.9700 -0.0752 0.2314
vn 0.6442 -0.0516 0.7631
vn 0.6387 -0.0544 0.7675
vn 0.2489 -0.0460 0.9674
vn -0.5377 -0.3628 0.7611
vn -0.2031 -0.1651 0.9651
vn -0.5323 -0.3625 0.7650
vn -0.6784 -0.1909 0.7095
vn -0.7016 0.0395 0.7115
vn -0.6788 -0.1893 0.7095
vn -0.6550 0.2544 0.7115
vn -0.5444 0.4444 0.7115
vn -0.3804 0.5908 0.7115
vn -0.1792 0.6795 0.7115
vn 0.0395 0.7016 0.7115
vn 0.2544 0.6550 0.7115
vn 0.4444 0.5444 0.7115
vn 0.5908 0.3804 0.7115
vn -0.6133 -0.3562 0.7049
vn -0.6090 -0.3629 0.7052
vn 0.6844 0.1685 0.7094
vn 0.6839 0.1702 0.7094
vn 0.7094 -0.0074 0.7048
vn 0.7066 -0.0175 0.7074
vn 0.7066 -0.0172 0.7074
vn 0.7089 -0.0154 0.7051
vn 0.7103 0.0126 0.7038
vn 0.7104 0.0114 0.7037
vn -0.6244 -0.3394 0.7035
vn -0.6063 -0.3635 0.7073
vn -0.6064 -0.3632 0.7073
vn -0.6240 -0.3404 0.7034
vn -0.9339 -0.3575 -0.0000
vn 0.9888 0.1495 -0.0000
vn -0.2465 0.9347 -0.2562
vn -0.2198 0.8335 -0.5068
vn -0.1263 0.4788 -0.8688
vn -0.0748 0.2836 -0.9560
vn -0.7200 -0.1634 0.6745
vn -0.8705 -0.3572 0.3385
vn -0.2581 0.0435 0.9651
vn 0.9680 0.0742 0.2399
vn 0.9302 0.1198 0.3470
vn 0.6988 0.2139 0.6826
vn 0.1938 0.1628 0.9674
vn 0.8613 0.5081 -0.0000
vn 0.8612 0.5083 -0.0000
vn 0.8610 0.5086 -0.0000
vn 0.8607 0.5091 -0.0000
vn 0.9359 0.3342 0.1118
vn 0.8878 0.4602 -0.0000
vn 0.8874 0.4609 -0.0000
vn 0.8949 0.4462 -0.0000
vn 0.9396 0.3301 0.0905
vn 0.9984 -0.0563 -0.0000
vn 0.9622 0.2722 -0.0000
vn -0.9789 -0.1734 0.1081
vn -0.9800 -0.1787 0.0877
vn -0.9986 -0.0532 -0.0000
vn -0.9993 -0.0367 -0.0000
vn -0.9993 -0.0375 -0.0000
vn 0.9322 -0.3620 -0.0000
vn -0.3620 -0.9322 -0.0000
vn -0.0563 -0.9984 -0.0000
vn 0.2550 -0.9669 -0.0000
vn 0.5413 -0.8408 -0.0000
vn 0.7747 -0.6324 -0.0000
vn -0.9998 0.0184 -0.0000
vn -0.9998 0.0178 -0.0000
vn -0.9998 0.0174 -0.0000
vn -0.9999 0.0172 -0.0000
vn -0.6324 -0.7747 -0.0000
vn -0.0024 0.0093 1.0000
vn -0.0221 0.0807 0.9965
vn -0.0222 0.0811 0.9965
vn 0.9841 0.0338 0.1744
vn 0.9633 -0.1113 0.2441
vn 0.9775 0.1054 0.1828
vn -0.9025 -0.3922 0.1779
vn -0.9713 -0.2378 -0.0000
vn -0.8408 -0.5413 -0.0000
vn 0.0014 -0.0051 -1.0000
vn -0.8809 -0.4130 0.2314
vn -0.7845 -0.5723 0.2389
vn -0.8735 -0.4560 0.1706
vn 0.5288 0.3623 0.7675
vn 0.5350 0.3626 0.7631
vn -0.6467 0.0504 0.7611
vn -0.6419 0.0528 0.7650
vn -0.6843 -0.1685 0.7095
vn -0.6839 -0.1701 0.7095
vn -0.5908 -0.3804 0.7115
vn -0.4444 -0.5444 0.7115
vn -0.2544 -0.6550 0.7115
vn -0.0395 -0.7016 0.7115
vn 0.1792 -0.6795 0.7115
vn 0.3804 -0.5908 0.7115
vn 0.5444 -0.4444 0.7115
vn 0.6551 -0.2544 0.7115
vn 0.7016 -0.0395 0.7115
vn -0.7092 0.0074 0.7049
vn -0.7088 0.0154 0.7052
vn 0.6789 0.1892 0.7094
vn 0.6785 0.1909 0.7094
vn 0.6135 0.3563 0.7048
vn 0.6091 0.3630 0.7051
vn 0.6063 0.3634 0.7074
vn 0.6061 0.3637 0.7074
vn 0.6237 0.3404 0.7037
vn 0.6241 0.3394 0.7038
vn -0.7105 -0.0127 0.7035
vn -0.7107 -0.0116 0.7034
vn -0.7067 0.0169 0.7073
vn -0.7067 0.0172 0.7073
vn -0.9888 -0.1495 -0.0000
vn 0.9339 0.3575 -0.0000
vn 0.2465 -0.9347 -0.2562
vn 0.2198 -0.8335 -0.5069
vn 0.1263 -0.4788 -0.8688
vn 0.0748 -0.2836 -0.9560
vn -0.0000 -0.0000 1.0000
vn -0.1414 0.9899 -0.0000
vn -0.9455 -0.3257 -0.0000
vn -0.5589 0.8293 -0.0000
vn 0.9456 -0.3253 -0.0000
vn 0.3253 0.9456 -0.0000
vn -0.3253 -0.9456 -0.0000
vn 0.9789 0.1708 -0.1118
vn 0.9802 0.1762 -0.0905
vn -0.9371 -0.3319 -0.1081
vn -0.9406 -0.3279 -0.0877
vn 0.0025 -0.0093 -1.0000
vn 0.0206 -0.0811 -0.9965
vn 0.0207 -0.0815 -0.9965
vn 0.8728 0.4559 -0.1744
vn 0.7831 0.5719 -0.2441
vn 0.8786 0.4129 -0.2399
vn 0.8683 0.3546 -0.3470
vn 0.9023 0.3904 -0.1828
vn -0.7069 -0.2129 -0.6745
vn -0.9335 -0.1186 -0.3385
vn -0.9785 -0.1040 -0.1779
vn -0.0014 0.0051 1.0000
vn 0.7134 0.1586 -0.6826
vn -0.9700 -0.0752 -0.2314
vn -0.9647 0.1109 -0.2389
vn -0.9848 -0.0341 -0.1706
vn 0.2489 -0.0460 -0.9674
vn 0.6387 -0.0544 -0.7675
vn 0.6442 -0.0516 -0.7631
vn -0.5377 -0.3628 -0.7611
vn -0.5323 -0.3625 -0.7650
vn -0.2031 -0.1651 -0.9651
vn -0.6784 -0.1909 -0.7095
vn -0.6788 -0.1893 -0.7095
vn -0.7016 0.0395 -0.7115
vn -0.6550 0.2544 -0.7115
vn -0.5444 0.4444 -0.7115
vn -0.3804 0.5908 -0.7115
vn -0.1792 0.6795 -0.7115
vn 0.0395 0.7016 -0.7115
vn 0.2544 0.6550 -0.7115
vn 0.4444 0.5444 -0.7115
vn 0.5908 0.3804 -0.7115
vn -0.6133 -0.3562 -0.7049
vn -0.6090 -0.3629 -0.7052
vn 0.6839 0.1702 -0.7094
vn 0.6844 0.1685 -0.7094
vn 0.7094 -0.0074 -0.7048
vn 0.7089 -0.0154 -0.7051
vn 0.7066 -0.0172 -0.7074
vn 0.7066 -0.0175 -0.7074
vn 0.7104 0.0114 -0.7037
vn 0.7103 0.0126 -0.7038
vn -0.6244 -0.3394 -0.7035
vn -0.6240 -0.3404 -0.7034
vn -0.6064 -0.3632 -0.7073
vn -0.6063 -0.3635 -0.7073
vn -0.2465 0.9347 0.2562
vn -0.2198 0.8335 0.5068
vn -0.1263 0.4788 0.8688
vn -0.0748 0.2836 0.9560
vn -0.7200 -0.1634 -0.6745
vn -0.8705 -0.3572 -0.3385
vn -0.2581 0.0435 -0.9651
vn 0.9680 0.0742 -0.2399
vn 0.9302 0.1198 -0.3470
vn 0.6988 0.2139 -0.6826
vn 0.1938 0.1628 -0.9674
vn 0.9359 0.3342 -0.1118
vn 0.9396 0.3301 -0.0905
vn -0.9789 -0.1734 -0.1081
vn -0.9800 -0.1787 -0.0877
vn -0.0024 0.0093 -1.0000
vn -0.0222 0.0811 -0.9965
vn -0.0221 0.0807 -0.9965
vn 0.9841 0.0338 -0.1744
vn 0.9775 0.1054 -0.1828
vn 0.9633 -0.1113 -0.2441
vn -0.9025 -0.3922 -0.1779
vn 0.0014 -0.0051 1.0000
vn -0.8735 -0.4560 -0.1706
vn -0.7845 -0.5723 -0.2389
vn -0.8809 -0.4130 -0.2314
vn 0.5350 0.3626 -0.7631
vn 0.5288 0.3623 -0.7675
vn -0.6467 0.0504 -0.7611
vn -0.6419 0.0528 -0.7650
vn -0.6843 -0.1685 -0.7095
vn -0.5908 -0.3804 -0.7115
vn -0.6839 -0.1701 -0.7095
vn -0.4444 -0.5444 -0.7115
vn -0.2544 -0.6550 -0.7115
vn -0.0395 -0.7016 -0.7115
vn 0.1792 -0.6795 -0.7115
vn 0.3804 -0.5908 -0.7115
vn 0.5444 -0.4444 -0.7115
vn 0.6551 -0.2544 -0.7115
vn 0.7016 -0.0395 -0.7115
vn -0.7092 0.0074 -0.7049
vn -0.7088 0.0154 -0.7052
vn 0.6785 0.1909 -0.7094
vn 0.6789 0.1892 -0.7094
vn 0.6135 0.3563 -0.7048
vn 0.6061 0.3637 -0.7074
vn 0.6063 0.3634 -0.7074
vn 0.6091 0.3630 -0.7051
vn 0.6241 0.3394 -0.7038
vn 0.6237 0.3404 -0.7037
vn -0.7105 -0.0127 -0.7035
vn -0.7067 0.0172 -0.7073
vn -0.7067 0.0169 -0.7073
vn -0.7107 -0.0116 -0.7034
vn 0.2465 -0.9347 0.2562
vn 0.2198 -0.8335 0.5069
vn 0.1263 -0.4788 0.8688
vn 0.0748 -0.2836 0.9560
vn -0.0000 -0.0000 -1.0000
vt 0.000000 0.000000
s 1
usemtl Material.002
f 5873/1963/2776 5877/1963/2777 5828/1963/2778 5829/1963/2779
f 5884/1963/2780 5896/1963/2781 5895/1963/2782 5827/1963/2783 5875/1963/2784
f 5867/1963/2785 5869/1963/2786 5830/1963/2786 5831/1963/2785
f 5887/1963/2787 5879/1963/2788 5826/1963/2789 5888/1963/2790 5891/1963/2791
f 5869/1963/2786 5873/1963/2776 5829/1963/2779 5830/1963/2786
f 5865/1963/2792 5867/1963/2785 5831/1963/2785 5832/1963/2792
f 5855/1963/2793 5857/1963/2794 5836/1963/2794 5837/1963/2793
f 5857/1963/2794 5859/1963/2795 5835/1963/2795 5836/1963/2794
f 5859/1963/2795 5861/1963/2796 5834/1963/2796 5835/1963/2795
f 5861/1963/2796 5863/1963/2797 5833/1963/2797 5834/1963/2796
f 5863/1963/2797 5865/1963/2792 5832/1963/2792 5833/1963/2797
f 5883/1963/2798 5881/1963/2799 5824/1963/2800 5825/1963/2801
f 5853/1963/2802 5855/1963/2793 5837/1963/2793 5838/1963/2802
f 5850/1963/2803 5848/1963/2803 5880/1963/2803 5882/1963/2803 5878/1963/2803 5886/1963/2804 5885/1963/2805 5874/1963/2803 5876/1963/2803 5872/1963/2803 5868/1963/2803 5866/1963/2803 5864/1963/2803 5862/1963/2803 5860/1963/2803 5858/1963/2803 5856/1963/2803 5854/1963/2803 5852/1963/2803
f 5894/1963/2806 5897/1963/2807 5841/1963/2808 5844/1963/2809 5842/1963/2810
f 5887/1963/2787 5891/1963/2791 5890/1963/2811 5823/1963/2812 5846/1963/2813
f 5849/1963/2814 5851/1963/2815 5839/1963/2815 5840/1963/2814
f 5877/1963/2777 5875/1963/2784 5827/1963/2783 5828/1963/2778
f 5851/1963/2815 5853/1963/2802 5838/1963/2802 5839/1963/2815
f 5879/1963/2788 5883/1963/2798 5825/1963/2801 5826/1963/2789
f 5839/1963/2816 5838/1963/2816 5837/1963/2816 5836/1963/2816 5835/1963/2816 5834/1963/2816 5833/1963/2816 5832/1963/2816 5831/1963/2816 5830/1963/2816 5829/1963/2816 5828/1963/2816 5827/1963/2816 5895/1963/2816 5888/1963/2816 5826/1963/2816 5825/1963/2816 5824/1963/2816 5840/1963/2816
f 5897/1963/2807 5896/1963/2781 5884/1963/2780 5871/1963/2817 5841/1963/2808
f 5823/1963/2812 5890/1963/2811 5889/1963/2818 5843/1963/2819 5845/1963/2820
f 5871/1963/2817 5884/1963/2821 5885/1963/2822 5870/1963/2823
f 5887/1963/2824 5846/1963/2813 5847/1963/2825 5886/1963/2826
f 5848/1963/2827 5850/1963/2828 5851/1963/2828 5849/1963/2829
f 5852/1963/2830 5854/1963/2831 5855/1963/2831 5853/1963/2830
f 5856/1963/2832 5858/1963/2833 5859/1963/2833 5857/1963/2832
f 5860/1963/2834 5862/1963/2835 5863/1963/2835 5861/1963/2834
f 5864/1963/2836 5866/1963/2837 5867/1963/2837 5865/1963/2836
f 5880/1963/2838 5848/1963/2827 5849/1963/2829 5881/1963/2839
f 5881/1963/2799 5849/1963/2814 5840/1963/2814 5824/1963/2800
f 5850/1963/2828 5852/1963/2830 5853/1963/2830 5851/1963/2828
f 5854/1963/2831 5856/1963/2832 5857/1963/2832 5855/1963/2831
f 5858/1963/2833 5860/1963/2834 5861/1963/2834 5859/1963/2833
f 5862/1963/2835 5864/1963/2836 5865/1963/2836 5863/1963/2835
f 5866/1963/2837 5868/1963/2840 5869/1963/2841 5867/1963/2837
f 5872/1963/2842 5876/1963/2843 5877/1963/2844 5873/1963/2845
f 5876/1963/2843 5874/1963/2846 5875/1963/2847 5877/1963/2844
f 5878/1963/2848 5882/1963/2849 5883/1963/2850 5879/1963/2851
f 5882/1963/2849 5880/1963/2838 5881/1963/2839 5883/1963/2850
f 5874/1963/2846 5885/1963/2822 5884/1963/2821 5875/1963/2847
f 5886/1963/2826 5878/1963/2848 5879/1963/2851 5887/1963/2824
f 5885/1963/2805 5886/1963/2804 5847/1963/2825 5870/1963/2823
f 5868/1963/2840 5872/1963/2842 5873/1963/2845 5869/1963/2841
f 5888/1963/2790 5892/1963/2852 5893/1963/2852 5889/1963/2818 5890/1963/2811 5891/1963/2791
f 5894/1963/2806 5898/1963/2853 5899/1963/2853 5895/1963/2782 5896/1963/2781 5897/1963/2807
f 5894/1963/2854 5889/1963/2854 5893/1963/2855 5898/1963/2855
f 5898/1963/2855 5893/1963/2855 5892/1963/2856 5899/1963/2856
f 5899/1963/2856 5892/1963/2856 5888/1963/2857 5895/1963/2857
f 5889/1963/2795 5894/1963/2795 5842/1963/2795 5843/1963/2795
f 5923/1963/2858 5846/1963/2813 5823/1963/2812 5900/1963/2859
f 5924/1963/2860 5847/1963/2825 5846/1963/2813 5923/1963/2858
f 5921/1963/2861 5844/1963/2809 5841/1963/2808 5918/1963/2862
f 5918/1963/2862 5841/1963/2808 5871/1963/2817 5948/1963/2863
f 5948/1963/2863 5871/1963/2817 5870/1963/2823 5947/1963/2864
f 5947/1963/2864 5870/1963/2823 5847/1963/2825 5924/1963/2860
f 5950/1963/2865 5906/1963/2866 5905/1963/2867 5954/1963/2868
f 5961/1963/2869 5952/1963/2870 5904/1963/2871 5972/1963/2872 5973/1963/2873
f 5944/1963/2874 5908/1963/2874 5907/1963/2875 5946/1963/2875
f 5964/1963/2876 5968/1963/2877 5965/1963/2878 5903/1963/2879 5956/1963/2880
f 5946/1963/2875 5907/1963/2875 5906/1963/2866 5950/1963/2865
f 5942/1963/2881 5909/1963/2881 5908/1963/2874 5944/1963/2874
f 5932/1963/2882 5914/1963/2882 5913/1963/2883 5934/1963/2883
f 5934/1963/2883 5913/1963/2883 5912/1963/2884 5936/1963/2884
f 5936/1963/2884 5912/1963/2884 5911/1963/2885 5938/1963/2885
f 5938/1963/2885 5911/1963/2885 5910/1963/2886 5940/1963/2886
f 5940/1963/2886 5910/1963/2886 5909/1963/2881 5942/1963/2881
f 5960/1963/2887 5902/1963/2888 5901/1963/2889 5958/1963/2890
f 5930/1963/2891 5915/1963/2891 5914/1963/2882 5932/1963/2882
f 5927/1963/2892 5929/1963/2892 5931/1963/2892 5933/1963/2892 5935/1963/2892 5937/1963/2892 5939/1963/2892 5941/1963/2892 5943/1963/2892 5945/1963/2892 5949/1963/2892 5953/1963/2892 5951/1963/2892 5962/1963/2893 5963/1963/2894 5955/1963/2892 5959/1963/2892 5957/1963/2892 5925/1963/2892
f 5971/1963/2895 5919/1963/2896 5921/1963/2861 5918/1963/2862 5974/1963/2897
f 5964/1963/2876 5923/1963/2858 5900/1963/2859 5967/1963/2898 5968/1963/2877
f 5926/1963/2899 5917/1963/2899 5916/1963/2900 5928/1963/2900
f 5954/1963/2868 5905/1963/2867 5904/1963/2871 5952/1963/2870
f 5928/1963/2900 5916/1963/2900 5915/1963/2891 5930/1963/2891
f 5956/1963/2880 5903/1963/2879 5902/1963/2888 5960/1963/2887
f 5916/1963/2901 5917/1963/2901 5901/1963/2901 5902/1963/2901 5903/1963/2901 5965/1963/2901 5972/1963/2901 5904/1963/2901 5905/1963/2901 5906/1963/2901 5907/1963/2901 5908/1963/2901 5909/1963/2901 5910/1963/2901 5911/1963/2901 5912/1963/2901 5913/1963/2901 5914/1963/2901 5915/1963/2901
f 5974/1963/2897 5918/1963/2862 5948/1963/2863 5961/1963/2869 5973/1963/2873
f 5900/1963/2859 5922/1963/2902 5920/1963/2903 5966/1963/2904 5967/1963/2898
f 5948/1963/2863 5947/1963/2864 5962/1963/2905 5961/1963/2906
f 5964/1963/2907 5963/1963/2908 5924/1963/2860 5923/1963/2858
f 5925/1963/2909 5926/1963/2910 5928/1963/2911 5927/1963/2911
f 5929/1963/2912 5930/1963/2912 5932/1963/2913 5931/1963/2913
f 5933/1963/2914 5934/1963/2914 5936/1963/2915 5935/1963/2915
f 5937/1963/2916 5938/1963/2916 5940/1963/2917 5939/1963/2917
f 5941/1963/2918 5942/1963/2918 5944/1963/2919 5943/1963/2919
f 5957/1963/2920 5958/1963/2921 5926/1963/2910 5925/1963/2909
f 5958/1963/2890 5901/1963/2889 5917/1963/2899 5926/1963/2899
f 5927/1963/2911 5928/1963/2911 5930/1963/2912 5929/1963/2912
f 5931/1963/2913 5932/1963/2913 5934/1963/2914 5933/1963/2914
f 5935/1963/2915 5936/1963/2915 5938/1963/2916 5937/1963/2916
f 5939/1963/2917 5940/1963/2917 5942/1963/2918 5941/1963/2918
f 5943/1963/2919 5944/1963/2919 5946/1963/2922 5945/1963/2923
f 5949/1963/2924 5950/1963/2925 5954/1963/2926 5953/1963/2927
f 5953/1963/2927 5954/1963/2926 5952/1963/2928 5951/1963/2929
f 5955/1963/2930 5956/1963/2931 5960/1963/2932 5959/1963/2933
f 5959/1963/2933 5960/1963/2932 5958/1963/2921 5957/1963/2920
f 5951/1963/2929 5952/1963/2928 5961/1963/2906 5962/1963/2905
f 5963/1963/2908 5964/1963/2907 5956/1963/2931 5955/1963/2930
f 5962/1963/2893 5947/1963/2864 5924/1963/2860 5963/1963/2894
f 5945/1963/2923 5946/1963/2922 5950/1963/2925 5949/1963/2924
f 5965/1963/2878 5968/1963/2877 5967/1963/2898 5966/1963/2904 5970/1963/2934 5969/1963/2934
f 5971/1963/2895 5974/1963/2897 5973/1963/2873 5972/1963/2872 5976/1963/2935 5975/1963/2935
f 5971/1963/2936 5975/1963/2937 5970/1963/2937 5966/1963/2936
f 5975/1963/2937 5976/1963/2938 5969/1963/2938 5970/1963/2937
f 5976/1963/2938 5972/1963/2939 5965/1963/2939 5969/1963/2938
f 5966/1963/2884 5920/1963/2884 5919/1963/2884 5971/1963/2884
f 5900/1963/2859 5823/1963/2812 5845/1963/2820 5922/1963/2902
s 0
f 5978/1963/2940 5977/1963/2940 5980/1963/2940 5979/1963/2940
f 5979/1963/2941 5980/1963/2941 5984/1963/2941 5983/1963/2941
f 5977/1963/2942 5978/1963/2942 5982/1963/2942 5981/1963/2942
f 5980/1963/2940 5977/1963/2940 5985/1963/2940 5986/1963/2940
f 5978/1963/2943 5979/1963/2943 5983/1963/2943 5982/1963/2943
f 5986/1963/2944 5985/1963/2944 5987/1963/2944 5988/1963/2944
f 5984/1963/2945 5980/1963/2945 5986/1963/2945 5988/1963/2945
f 5977/1963/2946 5981/1963/2946 5987/1963/2946 5985/1963/2946
s 1
f 6037/1963/2776 5995/1963/2779 5994/1963/2778 6041/1963/2777
f 6048/1963/2947 6039/1963/2784 5993/1963/2783 6059/1963/2782 6060/1963/2948
f 6031/1963/2785 5997/1963/2785 5996/1963/2786 6033/1963/2786
f 6051/1963/2949 6055/1963/2950 6052/1963/2790 5992/1963/2789 6043/1963/2788
f 6033/1963/2786 5996/1963/2786 5995/1963/2779 6037/1963/2776
f 6029/1963/2792 5998/1963/2792 5997/1963/2785 6031/1963/2785
f 6019/1963/2793 6003/1963/2793 6002/1963/2794 6021/1963/2794
f 6021/1963/2794 6002/1963/2794 6001/1963/2795 6023/1963/2795
f 6023/1963/2795 6001/1963/2795 6000/1963/2796 6025/1963/2796
f 6025/1963/2796 6000/1963/2796 5999/1963/2797 6027/1963/2797
f 6027/1963/2797 5999/1963/2797 5998/1963/2792 6029/1963/2792
f 6047/1963/2798 5991/1963/2801 5990/1963/2800 6045/1963/2799
f 6017/1963/2802 6004/1963/2802 6003/1963/2793 6019/1963/2793
f 6014/1963/2951 6016/1963/2951 6018/1963/2951 6020/1963/2951 6022/1963/2951 6024/1963/2951 6026/1963/2951 6028/1963/2951 6030/1963/2951 6032/1963/2951 6036/1963/2951 6040/1963/2951 6038/1963/2951 6049/1963/2952 6050/1963/2953 6042/1963/2951 6046/1963/2951 6044/1963/2951 6012/1963/2951
f 6058/1963/2954 5842/1963/2955 6008/1963/2956 6007/1963/2957 6061/1963/2958
f 6051/1963/2949 6010/1963/2959 5989/1963/2960 6054/1963/2961 6055/1963/2950
f 6013/1963/2814 6006/1963/2814 6005/1963/2815 6015/1963/2815
f 6041/1963/2777 5994/1963/2778 5993/1963/2783 6039/1963/2784
f 6015/1963/2815 6005/1963/2815 6004/1963/2802 6017/1963/2802
f 6043/1963/2788 5992/1963/2789 5991/1963/2801 6047/1963/2798
f 6005/1963/2962 6006/1963/2962 5990/1963/2962 5991/1963/2962 5992/1963/2962 6052/1963/2962 6059/1963/2962 5993/1963/2962 5994/1963/2962 5995/1963/2962 5996/1963/2962 5997/1963/2962 5998/1963/2962 5999/1963/2962 6000/1963/2962 6001/1963/2962 6002/1963/2962 6003/1963/2962 6004/1963/2962
f 6061/1963/2958 6007/1963/2957 6035/1963/2963 6048/1963/2947 6060/1963/2948
f 5989/1963/2960 6009/1963/2964 5843/1963/2965 6053/1963/2966 6054/1963/2961
f 6035/1963/2963 6034/1963/2967 6049/1963/2968 6048/1963/2969
f 6051/1963/2970 6050/1963/2971 6011/1963/2972 6010/1963/2959
f 6012/1963/2973 6013/1963/2974 6015/1963/2975 6014/1963/2975
f 6016/1963/2976 6017/1963/2976 6019/1963/2977 6018/1963/2977
f 6020/1963/2978 6021/1963/2978 6023/1963/2979 6022/1963/2979
f 6024/1963/2980 6025/1963/2980 6027/1963/2981 6026/1963/2981
f 6028/1963/2982 6029/1963/2982 6031/1963/2983 6030/1963/2983
f 6044/1963/2984 6045/1963/2985 6013/1963/2974 6012/1963/2973
f 6045/1963/2799 5990/1963/2800 6006/1963/2814 6013/1963/2814
f 6014/1963/2975 6015/1963/2975 6017/1963/2976 6016/1963/2976
f 6018/1963/2977 6019/1963/2977 6021/1963/2978 6020/1963/2978
f 6022/1963/2979 6023/1963/2979 6025/1963/2980 6024/1963/2980
f 6026/1963/2981 6027/1963/2981 6029/1963/2982 6028/1963/2982
f 6030/1963/2983 6031/1963/2983 6033/1963/2986 6032/1963/2987
f 6036/1963/2988 6037/1963/2989 6041/1963/2990 6040/1963/2991
f 6040/1963/2991 6041/1963/2990 6039/1963/2992 6038/1963/2993
f 6042/1963/2994 6043/1963/2995 6047/1963/2996 6046/1963/2997
f 6046/1963/2997 6047/1963/2996 6045/1963/2985 6044/1963/2984
f 6038/1963/2993 6039/1963/2992 6048/1963/2969 6049/1963/2968
f 6050/1963/2971 6051/1963/2970 6043/1963/2995 6042/1963/2994
f 6049/1963/2952 6034/1963/2967 6011/1963/2972 6050/1963/2953
f 6032/1963/2987 6033/1963/2986 6037/1963/2989 6036/1963/2988
f 6052/1963/2790 6055/1963/2950 6054/1963/2961 6053/1963/2966 6057/1963/2852 6056/1963/2852
f 6058/1963/2954 6061/1963/2958 6060/1963/2948 6059/1963/2782 6063/1963/2853 6062/1963/2853
f 6058/1963/2998 6062/1963/2999 6057/1963/2999 6053/1963/2998
f 6062/1963/2999 6063/1963/3000 6056/1963/3000 6057/1963/2999
f 6063/1963/3000 6059/1963/3001 6052/1963/3001 6056/1963/3000
f 6053/1963/2795 5843/1963/2795 5842/1963/2795 6058/1963/2795
f 6085/1963/3002 6064/1963/3003 5989/1963/2960 6010/1963/2959
f 6086/1963/3004 6085/1963/3002 6010/1963/2959 6011/1963/2972
f 6083/1963/3005 6082/1963/3006 6007/1963/2957 6008/1963/2956
f 6082/1963/3006 6110/1963/3007 6035/1963/2963 6007/1963/2957
f 6110/1963/3007 6109/1963/3008 6034/1963/2967 6035/1963/2963
f 6109/1963/3008 6086/1963/3004 6011/1963/2972 6034/1963/2967
f 6112/1963/2865 6116/1963/2868 6069/1963/2867 6070/1963/2866
f 6123/1963/3009 6135/1963/3010 6134/1963/2872 6068/1963/2871 6114/1963/2870
f 6106/1963/2874 6108/1963/2875 6071/1963/2875 6072/1963/2874
f 6126/1963/3011 6118/1963/2880 6067/1963/2879 6127/1963/2878 6130/1963/3012
f 6108/1963/2875 6112/1963/2865 6070/1963/2866 6071/1963/2875
f 6104/1963/2881 6106/1963/2874 6072/1963/2874 6073/1963/2881
f 6094/1963/2882 6096/1963/2883 6077/1963/2883 6078/1963/2882
f 6096/1963/2883 6098/1963/2884 6076/1963/2884 6077/1963/2883
f 6098/1963/2884 6100/1963/2885 6075/1963/2885 6076/1963/2884
f 6100/1963/2885 6102/1963/2886 6074/1963/2886 6075/1963/2885
f 6102/1963/2886 6104/1963/2881 6073/1963/2881 6074/1963/2886
f 6122/1963/2887 6120/1963/2890 6065/1963/2889 6066/1963/2888
f 6092/1963/2891 6094/1963/2882 6078/1963/2882 6079/1963/2891
f 6089/1963/3013 6087/1963/3013 6119/1963/3013 6121/1963/3013 6117/1963/3013 6125/1963/3014 6124/1963/3015 6113/1963/3013 6115/1963/3013 6111/1963/3013 6107/1963/3013 6105/1963/3013 6103/1963/3013 6101/1963/3013 6099/1963/3013 6097/1963/3013 6095/1963/3013 6093/1963/3013 6091/1963/3013
f 6133/1963/3016 6136/1963/3017 6082/1963/3006 6083/1963/3005 5919/1963/3018
f 6126/1963/3011 6130/1963/3012 6129/1963/3019 6064/1963/3003 6085/1963/3002
f 6088/1963/2899 6090/1963/2900 6080/1963/2900 6081/1963/2899
f 6116/1963/2868 6114/1963/2870 6068/1963/2871 6069/1963/2867
f 6090/1963/2900 6092/1963/2891 6079/1963/2891 6080/1963/2900
f 6118/1963/2880 6122/1963/2887 6066/1963/2888 6067/1963/2879
f 6080/1963/3020 6079/1963/3020 6078/1963/3020 6077/1963/3020 6076/1963/3020 6075/1963/3020 6074/1963/3020 6073/1963/3020 6072/1963/3020 6071/1963/3020 6070/1963/3020 6069/1963/3020 6068/1963/3020 6134/1963/3020 6127/1963/3020 6067/1963/3020 6066/1963/3020 6065/1963/3020 6081/1963/3020
f 6136/1963/3017 6135/1963/3010 6123/1963/3009 6110/1963/3007 6082/1963/3006
f 6064/1963/3003 6129/1963/3019 6128/1963/3021 5920/1963/3022 6084/1963/3023
f 6110/1963/3007 6123/1963/3024 6124/1963/3025 6109/1963/3008
f 6126/1963/3026 6085/1963/3002 6086/1963/3004 6125/1963/3027
f 6087/1963/3028 6089/1963/3029 6090/1963/3029 6088/1963/3030
f 6091/1963/3031 6093/1963/3032 6094/1963/3032 6092/1963/3031
f 6095/1963/3033 6097/1963/3034 6098/1963/3034 6096/1963/3033
f 6099/1963/3035 6101/1963/3036 6102/1963/3036 6100/1963/3035
f 6103/1963/3037 6105/1963/3038 6106/1963/3038 6104/1963/3037
f 6119/1963/3039 6087/1963/3028 6088/1963/3030 6120/1963/3040
f 6120/1963/2890 6088/1963/2899 6081/1963/2899 6065/1963/2889
f 6089/1963/3029 6091/1963/3031 6092/1963/3031 6090/1963/3029
f 6093/1963/3032 6095/1963/3033 6096/1963/3033 6094/1963/3032
f 6097/1963/3034 6099/1963/3035 6100/1963/3035 6098/1963/3034
f 6101/1963/3036 6103/1963/3037 6104/1963/3037 6102/1963/3036
f 6105/1963/3038 6107/1963/3041 6108/1963/3042 6106/1963/3038
f 6111/1963/3043 6115/1963/3044 6116/1963/3045 6112/1963/3046
f 6115/1963/3044 6113/1963/3047 6114/1963/3048 6116/1963/3045
f 6117/1963/3049 6121/1963/3050 6122/1963/3051 6118/1963/3052
f 6121/1963/3050 6119/1963/3039 6120/1963/3040 6122/1963/3051
f 6113/1963/3047 6124/1963/3025 6123/1963/3024 6114/1963/3048
f 6125/1963/3027 6117/1963/3049 6118/1963/3052 6126/1963/3026
f 6124/1963/3015 6125/1963/3014 6086/1963/3004 6109/1963/3008
f 6107/1963/3041 6111/1963/3043 6112/1963/3046 6108/1963/3042
f 6127/1963/2878 6131/1963/2934 6132/1963/2934 6128/1963/3021 6129/1963/3019 6130/1963/3012
f 6133/1963/3016 6137/1963/2935 6138/1963/2935 6134/1963/2872 6135/1963/3010 6136/1963/3017
f 6133/1963/3053 6128/1963/3053 6132/1963/3054 6137/1963/3054
f 6137/1963/3054 6132/1963/3054 6131/1963/3055 6138/1963/3055
f 6138/1963/3055 6131/1963/3055 6127/1963/3056 6134/1963/3056
f 6128/1963/2884 6133/1963/2884 5919/1963/2884 5920/1963/2884
f 6064/1963/3003 6084/1963/3023 6009/1963/2964 5989/1963/2960
s 0
f 6140/1963/3057 6141/1963/3057 6142/1963/3057 6139/1963/3057
f 6141/1963/2941 5983/1963/2941 5984/1963/2941 6142/1963/2941
f 6139/1963/2942 5981/1963/2942 5982/1963/2942 6140/1963/2942
f 6142/1963/3057 6144/1963/3057 6143/1963/3057 6139/1963/3057
f 6140/1963/2943 5982/1963/2943 5983/1963/2943 6141/1963/2943
f 6144/1963/2944 5988/1963/2944 5987/1963/2944 6143/1963/2944
f 5984/1963/2945 5988/1963/2945 6144/1963/2945 6142/1963/2945
f 6139/1963/2946 6143/1963/2946 5987/1963/2946 5981/1963/2946
o Tee_Joint.003
v 0.485669 -1.024692 1.521206
v 0.504325 -1.021838 1.521971
v 0.521155 -1.013555 1.524190
v 0.534511 -1.000654 1.527647
v 0.543087 -0.984397 1.532003
v 0.546041 -0.966377 1.536832
v 0.543087 -0.948356 1.541660
v 0.534511 -0.932100 1.546016
v 0.521155 -0.919199 1.549473
v 0.504325 -0.910915 1.551692
v 0.485669 -0.908061 1.552457
v 0.467013 -0.910915 1.551692
v 0.450183 -0.919199 1.549473
v 0.436826 -0.932100 1.546016
v 0.428251 -0.948356 1.541660
v 0.425296 -0.966377 1.536832
v 0.428251 -0.984397 1.532003
v 0.436826 -1.000654 1.527647
v 0.450183 -1.013555 1.524190
v 0.467013 -1.021838 1.521971
v 0.485669 -1.019941 1.363451
v 0.515524 -1.015374 1.364675
v 0.542457 -1.002118 1.368227
v 0.563831 -0.981473 1.373759
v 0.577554 -0.955458 1.380729
v 0.582282 -0.926620 1.388456
v 0.577554 -0.897782 1.396183
v 0.563831 -0.871767 1.403154
v 0.542457 -0.851121 1.408686
v 0.515524 -0.837866 1.412238
v 0.485669 -0.833298 1.413462
v 0.455814 -0.845593 1.441076
v 0.428881 -0.865819 1.463539
v 0.407507 -0.891997 1.478653
v 0.393784 -0.921563 1.484937
v 0.389055 -0.951625 1.481778
v 0.393784 -0.979239 1.469483
v 0.407507 -1.001702 1.449257
v 0.428881 -1.016816 1.423079
v 0.455814 -1.023101 1.393513
v 0.455814 -1.007647 1.335837
v 0.428881 -0.987420 1.313374
v 0.407507 -0.961243 1.298260
v 0.393784 -0.931676 1.291975
v 0.389055 -0.901614 1.295135
v 0.393784 -0.874000 1.307429
v 0.407507 -0.851537 1.327656
v 0.428881 -0.836423 1.353833
v 0.455814 -0.830139 1.383400
v 0.372768 -1.019941 1.363451
v 0.372768 -1.007647 1.335837
v 0.372768 -0.987420 1.313374
v 0.372768 -0.961243 1.298260
v 0.372768 -0.931676 1.291975
v 0.372768 -0.901614 1.295135
v 0.372768 -0.874000 1.307429
v 0.372768 -0.851537 1.327656
v 0.372768 -0.836423 1.353833
v 0.372768 -0.830139 1.383400
v 0.372768 -0.833298 1.413462
v 0.372768 -0.845593 1.441076
v 0.372768 -0.865819 1.463539
v 0.372768 -0.891997 1.478653
v 0.372768 -0.921563 1.484937
v 0.372768 -0.951625 1.481778
v 0.372768 -0.979239 1.469483
v 0.372768 -1.001702 1.449257
v 0.372768 -1.016816 1.423079
v 0.372768 -1.023101 1.393513
v 0.485669 -0.944925 1.083487
v 0.515524 -0.940357 1.084710
v 0.542457 -0.927102 1.088262
v 0.563831 -0.906456 1.093794
v 0.577554 -0.880441 1.100765
v 0.582282 -0.851603 1.108492
v 0.577554 -0.822766 1.116219
v 0.563831 -0.796750 1.123190
v 0.542457 -0.776105 1.128722
v 0.515524 -0.762849 1.132274
v 0.485669 -0.758282 1.133497
v 0.455814 -0.762849 1.132274
v 0.428881 -0.776105 1.128722
v 0.407507 -0.796750 1.123190
v 0.393784 -0.822766 1.116219
v 0.389055 -0.851603 1.108492
v 0.393784 -0.880441 1.100765
v 0.407507 -0.906456 1.093794
v 0.428881 -0.927102 1.088262
v 0.455814 -0.940357 1.084710
v 0.485669 -1.059698 1.511826
v 0.515524 -1.055131 1.513050
v 0.542457 -1.041875 1.516602
v 0.563831 -1.021230 1.522134
v 0.577554 -0.995215 1.529104
v 0.582282 -0.966377 1.536832
v 0.577554 -0.937539 1.544559
v 0.563831 -0.911524 1.551529
v 0.542457 -0.890878 1.557061
v 0.515524 -0.877623 1.560613
v 0.485669 -0.873055 1.561837
v 0.455814 -0.877623 1.560613
v 0.428881 -0.890878 1.557061
v 0.407507 -0.911524 1.551529
v 0.393784 -0.937539 1.544559
v 0.389055 -0.966377 1.536832
v 0.393784 -0.995215 1.529104
v 0.407507 -1.021230 1.522134
v 0.455814 -1.055131 1.513050
v 0.428881 -1.041875 1.516602
v 0.485669 -1.033371 1.553597
v 0.504325 -1.030517 1.554361
v 0.521155 -1.022234 1.556581
v 0.534511 -1.009333 1.560038
v 0.543087 -0.993076 1.564394
v 0.546041 -0.975056 1.569222
v 0.543087 -0.957035 1.574051
v 0.534511 -0.940779 1.578407
v 0.521155 -0.927878 1.581864
v 0.504325 -0.919594 1.584083
v 0.485669 -0.916740 1.584848
v 0.467013 -0.919594 1.584083
v 0.450183 -0.927878 1.581864
v 0.436826 -0.940779 1.578407
v 0.428251 -0.957035 1.574051
v 0.425296 -0.975056 1.569222
v 0.428251 -0.993076 1.564394
v 0.436826 -1.009333 1.560038
v 0.467013 -1.030517 1.554361
v 0.450183 -1.022234 1.556581
v 0.372768 -1.032949 1.359965
v 0.372768 -1.018941 1.328502
v 0.372768 -0.995896 1.302908
v 0.372768 -0.966069 1.285687
v 0.372768 -0.932381 1.278527
v 0.372768 -0.898129 1.282127
v 0.372768 -0.866665 1.296135
v 0.372768 -0.841071 1.319180
v 0.372768 -0.823851 1.349007
v 0.372768 -0.816690 1.382695
v 0.372768 -0.820290 1.416947
v 0.372768 -0.834298 1.448411
v 0.372768 -0.857344 1.474005
v 0.372768 -0.887170 1.491225
v 0.372768 -0.920859 1.498386
v 0.372768 -0.955111 1.494786
v 0.372768 -0.986574 1.480778
v 0.372768 -1.012168 1.457732
v 0.372768 -1.029389 1.427906
v 0.372768 -1.036549 1.394217
v 0.333639 -0.987875 1.372043
v 0.333639 -0.979805 1.353917
v 0.333639 -0.966529 1.339172
v 0.333639 -0.949346 1.329252
v 0.333639 -0.929939 1.325127
v 0.333639 -0.910206 1.327201
v 0.333639 -0.892080 1.335271
v 0.333639 -0.877336 1.348547
v 0.333639 -0.867415 1.365730
v 0.333639 -0.863290 1.385137
v 0.333639 -0.865364 1.404870
v 0.333639 -0.873434 1.422996
v 0.333639 -0.886710 1.437740
v 0.333639 -0.903893 1.447661
v 0.333639 -0.923301 1.451786
v 0.333639 -0.943033 1.449712
v 0.333639 -0.961159 1.441642
v 0.333639 -0.975904 1.428366
v 0.333639 -0.985824 1.411183
v 0.333639 -0.989949 1.391775
v 0.333639 -1.018941 1.328502
v 0.333639 -0.995896 1.302908
v 0.333639 -0.966069 1.285687
v 0.333639 -0.932381 1.278527
v 0.333639 -0.898129 1.282127
v 0.333639 -0.866665 1.296135
v 0.333639 -0.841071 1.319180
v 0.333639 -0.823851 1.349007
v 0.333639 -0.816690 1.382695
v 0.333639 -0.820290 1.416947
v 0.333639 -0.834298 1.448411
v 0.333639 -0.857344 1.474005
v 0.333639 -0.887170 1.491225
v 0.333639 -0.920859 1.498386
v 0.333639 -0.955111 1.494786
v 0.333639 -0.986574 1.480778
v 0.333639 -1.012168 1.457732
v 0.333639 -1.029389 1.427906
v 0.333639 -1.036549 1.394217
v 0.333639 -1.032949 1.359965
v 0.279982 -0.987875 1.372043
v 0.279982 -0.979805 1.353917
v 0.279982 -0.966529 1.339172
v 0.279982 -0.949346 1.329252
v 0.279982 -0.929939 1.325127
v 0.279982 -0.910206 1.327201
v 0.279982 -0.892080 1.335271
v 0.279982 -0.877336 1.348547
v 0.279982 -0.867415 1.365730
v 0.279982 -0.863290 1.385137
v 0.279982 -0.865364 1.404870
v 0.279982 -0.873434 1.422996
v 0.279982 -0.886710 1.437740
v 0.279982 -0.903893 1.447661
v 0.279982 -0.923301 1.451786
v 0.279982 -0.943033 1.449712
v 0.279982 -0.961159 1.441642
v 0.279982 -0.975904 1.428366
v 0.279982 -0.985824 1.411183
v 0.279982 -0.989949 1.391775
vn 0.0391 -0.9652 -0.2586
vn -0.0000 -0.9659 -0.2588
vn -0.3090 -0.9187 -0.2462
vn -0.1203 -0.9830 -0.1388
vn 0.3090 -0.9187 -0.2462
vn 0.5878 -0.7815 -0.2094
vn 0.8090 -0.5678 -0.1521
vn 0.9511 -0.2985 -0.0800
vn 1.0000 -0.0000 -0.0000
vn 0.9511 0.2985 0.0800
vn 0.8090 0.5678 0.1521
vn 0.5878 0.7815 0.2094
vn 0.3090 0.9187 0.2462
vn 0.3090 0.9186 0.2462
vn 0.0391 0.9652 0.2586
vn -0.0000 0.9659 0.2588
vn -0.1203 0.9207 0.3713
vn -0.3090 0.9186 0.2462
vn -0.5337 0.8168 0.2189
vn -0.5878 0.7815 0.2094
vn -0.7789 0.6057 0.1623
vn -0.8090 0.5678 0.1521
vn -0.9424 0.3232 0.0866
vn -0.9511 0.2985 0.0800
vn -1.0000 -0.0000 -0.0000
vn -0.9424 -0.3232 -0.0866
vn -0.9511 -0.2985 -0.0800
vn -0.7789 -0.6057 -0.1623
vn -0.8090 -0.5678 -0.1521
vn -0.5337 -0.8168 -0.2189
vn -0.5878 -0.7815 -0.2094
vn -0.0000 -0.9986 0.0523
vn -0.0000 -0.8387 -0.5446
vn -0.1203 -0.9207 -0.3713
vn -0.0000 -0.6293 -0.7771
vn -0.0000 -0.6787 -0.7344
vn -0.0000 -0.3584 -0.9336
vn -0.0000 -0.4041 -0.9147
vn -0.0000 -0.0523 -0.9986
vn -0.0000 -0.0793 -0.9969
vn -0.0000 0.2588 -0.9659
vn -0.0000 0.5446 -0.8387
vn -0.0000 0.5671 -0.8237
vn -0.0000 0.7771 -0.6293
vn -0.0000 0.8073 -0.5901
vn -0.0000 0.9336 -0.3584
vn -0.0000 0.9550 -0.2967
vn -0.0000 0.9986 -0.0523
vn -0.1203 0.9830 0.1388
vn -0.0000 0.8387 0.5446
vn -0.0000 0.6293 0.7771
vn -0.0000 0.6787 0.7344
vn -0.0000 0.3584 0.9336
vn -0.0000 0.4041 0.9147
vn -0.0000 0.0523 0.9986
vn -0.0000 0.0793 0.9969
vn -0.0000 -0.2588 0.9659
vn -0.0000 -0.5446 0.8387
vn -0.0000 -0.5671 0.8237
vn -0.0000 -0.7771 0.6293
vn -0.0000 -0.8073 0.5901
vn -0.0000 -0.9336 0.3584
vn -0.0000 -0.9550 0.2967
vn -0.3090 0.9187 0.2462
s 1
usemtl Material.002
f 6165//3058 6234//3059 6252//3060 6184//3061
f 6234//3059 6165//3058 6166//3062 6235//3062
f 6235//3062 6166//3062 6167//3063 6236//3063
f 6236//3063 6167//3063 6168//3064 6237//3064
f 6237//3064 6168//3064 6169//3065 6238//3065
f 6238//3065 6169//3065 6170//3066 6239//3066
f 6239//3066 6170//3066 6171//3067 6240//3067
f 6240//3067 6171//3067 6172//3068 6241//3068
f 6241//3068 6172//3068 6173//3069 6242//3069
f 6242//3069 6173//3069 6174//3070 6243//3071
f 6243//3071 6174//3070 6175//3072 6244//3073
f 6244//3073 6175//3072 6176//3074 6245//3075
f 6245//3075 6176//3074 6177//3076 6246//3077
f 6246//3077 6177//3076 6178//3078 6247//3079
f 6247//3079 6178//3078 6179//3080 6248//3081
f 6248//3081 6179//3080 6180//3082 6249//3082
f 6249//3082 6180//3082 6181//3083 6250//3084
f 6250//3084 6181//3083 6182//3085 6251//3086
f 6251//3086 6182//3085 6183//3087 6253//3088
f 6253//3088 6183//3087 6184//3061 6252//3060
f 6194//3059 6165//3058 6184//3061 6213//3089
f 6165//3058 6194//3059 6195//3090 6185//3091
f 6185//3091 6195//3090 6196//3092 6186//3093
f 6186//3093 6196//3092 6197//3094 6187//3095
f 6187//3095 6197//3094 6198//3096 6188//3097
f 6188//3097 6198//3096 6199//3098 6189//3098
f 6189//3098 6199//3098 6200//3099 6190//3100
f 6190//3100 6200//3099 6201//3101 6191//3102
f 6191//3102 6201//3101 6202//3103 6192//3104
f 6192//3104 6202//3103 6203//3105 6193//3106
f 6193//3106 6203//3105 6204//3073 6175//3072
f 6175//3072 6204//3073 6205//3107 6176//3074
f 6176//3074 6205//3107 6206//3108 6177//3109
f 6177//3109 6206//3108 6207//3110 6178//3111
f 6178//3111 6207//3110 6208//3112 6179//3113
f 6179//3113 6208//3112 6209//3114 6180//3114
f 6180//3114 6209//3114 6210//3115 6181//3116
f 6181//3116 6210//3115 6211//3117 6182//3118
f 6182//3118 6211//3117 6212//3119 6183//3120
f 6183//3120 6212//3119 6213//3089 6184//3061
f 6214//3059 6165//3058 6185//3091 6233//3060
f 6165//3058 6214//3059 6215//3062 6166//3062
f 6166//3062 6215//3062 6216//3063 6167//3063
f 6167//3063 6216//3063 6217//3064 6168//3064
f 6168//3064 6217//3064 6218//3065 6169//3065
f 6169//3065 6218//3065 6219//3066 6170//3066
f 6170//3066 6219//3066 6220//3067 6171//3067
f 6171//3067 6220//3067 6221//3068 6172//3068
f 6172//3068 6221//3068 6222//3069 6173//3069
f 6173//3069 6222//3069 6223//3070 6174//3070
f 6174//3070 6223//3070 6224//3073 6175//3072
f 6175//3072 6224//3073 6225//3121 6193//3106
f 6193//3106 6225//3121 6226//3077 6192//3076
f 6192//3076 6226//3077 6227//3079 6191//3078
f 6191//3078 6227//3079 6228//3081 6190//3080
f 6190//3080 6228//3081 6229//3082 6189//3082
f 6189//3082 6229//3082 6230//3084 6188//3083
f 6188//3083 6230//3084 6231//3086 6187//3085
f 6187//3085 6231//3086 6232//3088 6186//3087
f 6186//3087 6232//3088 6233//3060 6185//3091
f 6149//3065 6150//3066 6259//3066 6258//3065
f 6146//3114 6145//3114 6234//3114 6235//3114
f 6148//3114 6147//3114 6236//3114 6237//3114
f 6150//3114 6149//3114 6238//3114 6239//3114
f 6152//3114 6151//3114 6240//3114 6241//3114
f 6154//3114 6153//3114 6242//3114 6243//3114
f 6156//3114 6155//3114 6244//3114 6245//3114
f 6158//3114 6157//3114 6246//3114 6247//3114
f 6160//3114 6159//3114 6248//3114 6249//3114
f 6162//3114 6161//3114 6250//3114 6251//3114
f 6145//3114 6164//3114 6252//3114 6234//3114
f 6164//3114 6163//3114 6253//3114 6252//3114
f 6147//3114 6146//3114 6235//3114 6236//3114
f 6149//3114 6148//3114 6237//3114 6238//3114
f 6151//3114 6150//3114 6239//3114 6240//3114
f 6153//3114 6152//3114 6241//3114 6242//3114
f 6155//3114 6154//3114 6243//3114 6244//3114
f 6157//3114 6156//3114 6245//3114 6246//3114
f 6159//3114 6158//3114 6247//3114 6248//3114
f 6161//3114 6160//3114 6249//3114 6250//3114
f 6163//3114 6162//3114 6251//3114 6253//3114
f 6254//3114 6255//3114 6256//3114 6257//3114 6258//3114 6259//3114 6260//3114 6261//3114 6262//3114 6263//3114 6264//3114 6265//3114 6266//3114 6267//3114 6268//3114 6269//3114 6270//3114 6271//3114 6273//3114 6272//3114
f 6158//3079 6159//3081 6268//3081 6267//3079
f 6163//3088 6164//3060 6272//3060 6273//3088
f 6151//3067 6152//3068 6261//3068 6260//3067
f 6160//3082 6161//3084 6270//3084 6269//3082
f 6146//3062 6147//3063 6256//3063 6255//3062
f 6153//3069 6154//3071 6263//3071 6262//3069
f 6162//3086 6163//3088 6273//3088 6271//3086
f 6148//3064 6149//3065 6258//3065 6257//3064
f 6155//3073 6156//3121 6265//3121 6264//3073
f 6150//3066 6151//3067 6260//3067 6259//3066
f 6157//3077 6158//3079 6267//3079 6266//3077
f 6152//3068 6153//3069 6262//3069 6261//3068
f 6159//3081 6160//3082 6269//3082 6268//3081
f 6145//3059 6146//3062 6255//3062 6254//3059
f 6154//3071 6155//3073 6264//3073 6263//3071
f 6161//3084 6162//3086 6271//3086 6270//3084
f 6147//3063 6148//3064 6257//3064 6256//3063
f 6156//3121 6157//3077 6266//3077 6265//3121
f 6164//3060 6145//3059 6254//3059 6272//3060
f 6209//3066 6208//3066 6288//3066 6289//3066
f 6277//3094 6276//3092 6315//3092 6316//3094
f 6211//3066 6210//3066 6290//3066 6291//3066
f 6210//3066 6209//3066 6289//3066 6290//3066
f 6201//3066 6200//3066 6280//3066 6281//3066
f 6200//3066 6199//3066 6279//3066 6280//3066
f 6194//3066 6213//3066 6293//3066 6274//3066
f 6212//3066 6211//3066 6291//3066 6292//3066
f 6195//3066 6194//3066 6274//3066 6275//3066
f 6203//3066 6202//3066 6282//3066 6283//3066
f 6202//3066 6201//3066 6281//3066 6282//3066
f 6205//3066 6204//3066 6284//3066 6285//3066
f 6197//3066 6196//3066 6276//3066 6277//3066
f 6196//3066 6195//3066 6275//3066 6276//3066
f 6204//3066 6203//3066 6283//3066 6284//3066
f 6213//3066 6212//3066 6292//3066 6293//3066
f 6207//3066 6206//3066 6286//3066 6287//3066
f 6206//3066 6205//3066 6285//3066 6286//3066
f 6198//3066 6197//3066 6277//3066 6278//3066
f 6199//3066 6198//3066 6278//3066 6279//3066
f 6208//3066 6207//3066 6287//3066 6288//3066
f 6301//3101 6300//3099 6340//3099 6341//3101
f 6284//3073 6283//3105 6322//3105 6323//3073
f 6274//3059 6293//3089 6332//3089 6333//3059
f 6279//3098 6278//3096 6317//3096 6318//3098
f 6286//3108 6285//3107 6324//3107 6325//3108
f 6289//3114 6288//3112 6327//3112 6328//3114
f 6288//3112 6287//3110 6326//3110 6327//3112
f 6281//3101 6280//3099 6319//3099 6320//3101
f 6290//3115 6289//3114 6328//3114 6329//3115
f 6276//3092 6275//3090 6314//3090 6315//3092
f 6283//3105 6282//3103 6321//3103 6322//3105
f 6292//3119 6291//3117 6330//3117 6331//3119
f 6278//3096 6277//3094 6316//3094 6317//3096
f 6285//3107 6284//3073 6323//3073 6324//3107
f 6293//3089 6292//3119 6331//3119 6332//3089
f 6280//3099 6279//3098 6318//3098 6319//3099
f 6287//3110 6286//3108 6325//3108 6326//3110
f 6275//3090 6274//3059 6333//3059 6314//3090
f 6282//3103 6281//3101 6320//3101 6321//3103
f 6291//3117 6290//3115 6329//3115 6330//3117
f 6295//3082 6296//3082 6315//3082 6314//3082
f 6297//3082 6298//3082 6317//3082 6316//3082
f 6299//3082 6300//3082 6319//3082 6318//3082
f 6301//3082 6302//3082 6321//3082 6320//3082
f 6303//3082 6304//3082 6323//3082 6322//3082
f 6305//3082 6306//3082 6325//3082 6324//3082
f 6307//3082 6308//3082 6327//3082 6326//3082
f 6309//3082 6310//3082 6329//3082 6328//3082
f 6311//3082 6312//3082 6331//3082 6330//3082
f 6312//3082 6313//3082 6332//3082 6331//3082
f 6294//3082 6295//3082 6314//3082 6333//3082
f 6296//3082 6297//3082 6316//3082 6315//3082
f 6298//3082 6299//3082 6318//3082 6317//3082
f 6308//3082 6309//3082 6328//3082 6327//3082
f 6300//3082 6301//3082 6320//3082 6319//3082
f 6302//3082 6303//3082 6322//3082 6321//3082
f 6304//3082 6305//3082 6324//3082 6323//3082
f 6306//3082 6307//3082 6326//3082 6325//3082
f 6310//3082 6311//3082 6330//3082 6329//3082
f 6313//3082 6294//3082 6333//3082 6332//3082
f 6335//3082 6334//3082 6353//3082 6352//3082 6351//3082 6350//3082 6349//3082 6348//3082 6347//3082 6346//3082 6345//3082 6344//3082 6343//3082 6342//3082 6341//3082 6340//3082 6339//3082 6338//3082 6337//3082 6336//3082
f 6310//3115 6309//3114 6349//3114 6350//3115
f 6296//3092 6295//3090 6335//3090 6336//3092
f 6303//3105 6302//3103 6342//3103 6343//3105
f 6312//3119 6311//3117 6351//3117 6352//3119
f 6298//3096 6297//3094 6337//3094 6338//3096
f 6305//3107 6304//3073 6344//3073 6345//3107
f 6313//3089 6312//3119 6352//3119 6353//3089
f 6300//3099 6299//3098 6339//3098 6340//3099
f 6307//3110 6306//3108 6346//3108 6347//3110
f 6295//3090 6294//3059 6334//3059 6335//3090
f 6302//3103 6301//3101 6341//3101 6342//3103
f 6311//3117 6310//3115 6350//3115 6351//3117
f 6297//3094 6296//3092 6336//3092 6337//3094
f 6304//3073 6303//3105 6343//3105 6344//3073
f 6294//3059 6313//3089 6353//3089 6334//3059
f 6299//3098 6298//3096 6338//3096 6339//3098
f 6306//3108 6305//3107 6345//3107 6346//3108
f 6309//3114 6308//3112 6348//3112 6349//3114
f 6308//3112 6307//3110 6347//3110 6348//3112
o Sphere.004
v 0.369956 -0.386176 -1.083560
v 0.419502 -0.432995 -1.133106
v 0.452608 -0.503064 -1.166212
v 0.464233 -0.585716 -1.177837
v 0.452608 -0.668368 -1.166212
v 0.419502 -0.738437 -1.133106
v 0.369956 -0.785255 -1.083560
v 0.394164 -0.386176 -1.025116
v 0.464233 -0.432995 -1.025116
v 0.511052 -0.503064 -1.025116
v 0.527492 -0.585716 -1.025116
v 0.511052 -0.668368 -1.025116
v 0.464233 -0.738437 -1.025116
v 0.394164 -0.785255 -1.025116
v 0.369956 -0.386176 -0.966672
v 0.419502 -0.432995 -0.917126
v 0.452608 -0.503064 -0.884020
v 0.464233 -0.585716 -0.872395
v 0.452608 -0.668368 -0.884020
v 0.419502 -0.738437 -0.917126
v 0.369956 -0.785255 -0.966672
v 0.311512 -0.386176 -0.942464
v 0.311512 -0.432995 -0.872395
v 0.311512 -0.503064 -0.825576
v 0.311512 -0.585716 -0.809136
v 0.311512 -0.668368 -0.825576
v 0.311512 -0.738437 -0.872395
v 0.311512 -0.785255 -0.942464
v 0.253068 -0.386176 -0.966672
v 0.203522 -0.432995 -0.917126
v 0.170416 -0.503064 -0.884020
v 0.158791 -0.585716 -0.872395
v 0.170416 -0.668368 -0.884020
v 0.203522 -0.738437 -0.917126
v 0.253068 -0.785255 -0.966672
v 0.228860 -0.386176 -1.025116
v 0.158791 -0.432995 -1.025116
v 0.111973 -0.503064 -1.025116
v 0.095532 -0.585716 -1.025116
v 0.111973 -0.668368 -1.025116
v 0.158791 -0.738437 -1.025116
v 0.228860 -0.785255 -1.025116
v 0.253068 -0.386176 -1.083560
v 0.203522 -0.432995 -1.133106
v 0.170416 -0.503064 -1.166212
v 0.158791 -0.585716 -1.177837
v 0.170416 -0.668368 -1.166212
v 0.203522 -0.738437 -1.133106
v 0.253068 -0.785255 -1.083560
v 0.311512 -0.801696 -1.025116
v 0.311512 -0.369736 -1.025116
v 0.311512 -0.386176 -1.107768
v 0.311512 -0.432995 -1.177837
v 0.311512 -0.503064 -1.224655
v 0.311512 -0.585716 -1.241096
v 0.311512 -0.668368 -1.224655
v 0.311512 -0.738437 -1.177837
v 0.311512 -0.785255 -1.107768
vn -0.0000 0.6839 -0.7296
vn -0.0000 0.9063 -0.4226
vn 0.2988 0.9063 -0.2988
vn 0.5159 0.6839 -0.5159
vn -0.0000 -0.9063 -0.4226
vn -0.0000 -0.6839 -0.7296
vn 0.5159 -0.6839 -0.5159
vn 0.2988 -0.9063 -0.2988
vn 0.3596 -0.3423 -0.8681
vn 0.3827 -0.0000 -0.9239
vn 0.3596 0.3423 -0.8681
vn -0.0000 1.0000 -0.0000
vn -0.0000 -1.0000 -0.0000
vn 0.8681 -0.3423 -0.3596
vn 0.9239 -0.0000 -0.3827
vn 0.8681 0.3423 -0.3596
vn 0.7296 0.6839 -0.0000
vn 0.4226 0.9063 -0.0000
vn 0.4226 -0.9063 -0.0000
vn 0.7296 -0.6839 -0.0000
vn 0.2988 -0.9063 0.2988
vn 0.8681 -0.3423 0.3596
vn 0.5159 -0.6839 0.5159
vn 0.9239 -0.0000 0.3827
vn 0.8681 0.3423 0.3596
vn 0.2988 0.9063 0.2988
vn 0.5159 0.6839 0.5159
vn 0.3827 -0.0000 0.9239
vn 0.3596 0.3423 0.8681
vn -0.0000 0.9063 0.4226
vn -0.0000 0.6839 0.7296
vn -0.0000 -0.6839 0.7296
vn -0.0000 -0.9063 0.4226
vn 0.3596 -0.3423 0.8681
vn -0.5159 -0.6839 0.5159
vn -0.2988 -0.9063 0.2988
vn -0.3596 -0.3423 0.8681
vn -0.3827 -0.0000 0.9239
vn -0.3596 0.3423 0.8681
vn -0.5159 0.6839 0.5159
vn -0.2988 0.9063 0.2988
vn -0.8681 0.3423 0.3596
vn -0.7296 0.6839 -0.0000
vn -0.4226 0.9063 -0.0000
vn -0.4226 -0.9063 -0.0000
vn -0.8681 -0.3423 0.3596
vn -0.7296 -0.6839 -0.0000
vn -0.9239 -0.0000 0.3827
vn -0.2988 -0.9063 -0.2988
vn -0.8681 -0.3423 -0.3596
vn -0.5159 -0.6839 -0.5159
vn -0.9239 -0.0000 -0.3827
vn -0.8681 0.3423 -0.3596
vn -0.2988 0.9063 -0.2988
vn -0.5159 0.6839 -0.5159
vn -0.3596 -0.3423 -0.8681
vn -0.3827 -0.0000 -0.9239
vn -0.3596 0.3423 -0.8681
vt 0.750000 0.750000
vt 0.750000 0.875000
vt 0.625000 0.875000
vt 0.625000 0.750000
vt 0.750000 0.125000
vt 0.750000 0.250000
vt 0.625000 0.250000
vt 0.625000 0.125000
vt 0.750000 0.375000
vt 0.750000 0.500000
vt 0.625000 0.500000
vt 0.625000 0.375000
vt 0.750000 0.625000
vt 0.625000 0.625000
vt 0.687500 1.000000
vt 0.687500 0.000000
vt 0.500000 0.500000
vt 0.500000 0.375000
vt 0.500000 0.750000
vt 0.500000 0.625000
vt 0.562500 1.000000
vt 0.500000 0.875000
vt 0.562500 0.000000
vt 0.500000 0.125000
vt 0.500000 0.250000
vt 0.437500 0.000000
vt 0.375000 0.125000
vt 0.375000 0.375000
vt 0.375000 0.250000
vt 0.375000 0.625000
vt 0.375000 0.500000
vt 0.375000 0.875000
vt 0.375000 0.750000
vt 0.437500 1.000000
vt 0.250000 0.625000
vt 0.250000 0.500000
vt 0.250000 0.875000
vt 0.250000 0.750000
vt 0.250000 0.250000
vt 0.250000 0.125000
vt 0.250000 0.375000
vt 0.312500 1.000000
vt 0.312500 0.000000
vt 0.125000 0.250000
vt 0.125000 0.125000
vt 0.125000 0.500000
vt 0.125000 0.375000
vt 0.125000 0.750000
vt 0.125000 0.625000
vt 0.187500 1.000000
vt 0.125000 0.875000
vt 0.187500 0.000000
vt 0.000000 0.750000
vt 0.000000 0.625000
vt 0.062500 1.000000
vt 0.000000 0.875000
vt 0.062500 0.000000
vt 0.000000 0.125000
vt 0.000000 0.375000
vt 0.000000 0.250000
vt 0.000000 0.500000
vt 0.937500 0.000000
vt 1.000000 0.125000
vt 0.875000 0.125000
vt 1.000000 0.250000
vt 1.000000 0.375000
vt 0.875000 0.375000
vt 0.875000 0.250000
vt 1.000000 0.500000
vt 1.000000 0.625000
vt 0.875000 0.625000
vt 0.875000 0.500000
vt 1.000000 0.750000
vt 1.000000 0.875000
vt 0.875000 0.875000
vt 0.875000 0.750000
vt 0.937500 1.000000
vt 0.812500 1.000000
vt 0.812500 0.000000
s 1
f 6406/1964/3122 6405/1965/3123 6354/1966/3124 6355/1967/3125
f 6411/1968/3126 6410/1969/3127 6359/1970/3128 6360/1971/3129
f 6409/1972/3130 6408/1973/3131 6357/1974/3131 6358/1975/3130
f 6407/1976/3132 6406/1964/3122 6355/1967/3125 6356/1977/3132
f 6405/1965/3123 6404/1978/3133 6354/1966/3124
f 6403/1979/3134 6411/1968/3126 6360/1971/3129
f 6410/1969/3127 6409/1972/3130 6358/1975/3130 6359/1970/3128
f 6408/1973/3131 6407/1976/3132 6356/1977/3132 6357/1974/3131
f 6358/1975/3135 6357/1974/3136 6364/1980/3136 6365/1981/3135
f 6356/1977/3137 6355/1967/3125 6362/1982/3138 6363/1983/3137
f 6354/1966/3124 6404/1984/3133 6361/1985/3139
f 6403/1986/3134 6360/1971/3129 6367/1987/3140
f 6359/1970/3128 6358/1975/3135 6365/1981/3135 6366/1988/3141
f 6357/1974/3136 6356/1977/3137 6363/1983/3137 6364/1980/3136
f 6355/1967/3125 6354/1966/3124 6361/1985/3139 6362/1982/3138
f 6360/1971/3129 6359/1970/3128 6366/1988/3141 6367/1987/3140
f 6403/1989/3134 6367/1987/3140 6374/1990/3142
f 6366/1988/3141 6365/1981/3143 6372/1991/3143 6373/1992/3144
f 6364/1980/3145 6363/1983/3146 6370/1993/3146 6371/1994/3145
f 6362/1982/3138 6361/1985/3139 6368/1995/3147 6369/1996/3148
f 6367/1987/3140 6366/1988/3141 6373/1992/3144 6374/1990/3142
f 6365/1981/3143 6364/1980/3145 6371/1994/3145 6372/1991/3143
f 6363/1983/3146 6362/1982/3138 6369/1996/3148 6370/1993/3146
f 6361/1985/3139 6404/1997/3133 6368/1995/3147
f 6371/1994/3149 6370/1993/3150 6377/1998/3150 6378/1999/3149
f 6369/1996/3148 6368/1995/3147 6375/2000/3151 6376/2001/3152
f 6374/1990/3142 6373/1992/3144 6380/2002/3153 6381/2003/3154
f 6372/1991/3155 6371/1994/3149 6378/1999/3149 6379/2004/3155
f 6370/1993/3150 6369/1996/3148 6376/2001/3152 6377/1998/3150
f 6368/1995/3147 6404/2005/3133 6375/2000/3151
f 6403/2006/3134 6374/1990/3142 6381/2003/3154
f 6373/1992/3144 6372/1991/3155 6379/2004/3155 6380/2002/3153
f 6381/2003/3154 6380/2002/3153 6387/2007/3156 6388/2008/3157
f 6379/2004/3158 6378/1999/3159 6385/2009/3159 6386/2010/3158
f 6377/1998/3160 6376/2001/3152 6383/2011/3161 6384/2012/3160
f 6375/2000/3151 6404/2013/3133 6382/2014/3162
f 6403/2015/3134 6381/2003/3154 6388/2008/3157
f 6380/2002/3153 6379/2004/3158 6386/2010/3158 6387/2007/3156
f 6378/1999/3159 6377/1998/3160 6384/2012/3160 6385/2009/3159
f 6376/2001/3152 6375/2000/3151 6382/2014/3162 6383/2011/3161
f 6384/2012/3163 6383/2011/3161 6390/2016/3164 6391/2017/3163
f 6382/2014/3162 6404/2018/3133 6389/2019/3165
f 6403/2020/3134 6388/2008/3157 6395/2021/3166
f 6387/2007/3156 6386/2010/3167 6393/2022/3167 6394/2023/3168
f 6385/2009/3169 6384/2012/3163 6391/2017/3163 6392/2024/3169
f 6383/2011/3161 6382/2014/3162 6389/2019/3165 6390/2016/3164
f 6388/2008/3157 6387/2007/3156 6394/2023/3168 6395/2021/3166
f 6386/2010/3167 6385/2009/3169 6392/2024/3169 6393/2022/3167
f 6403/2025/3134 6395/2026/3166 6402/2027/3170
f 6394/2028/3168 6393/2029/3171 6400/2030/3171 6401/2031/3172
f 6392/2032/3173 6391/2033/3174 6398/2034/3174 6399/2035/3173
f 6390/2036/3164 6389/2037/3165 6396/2038/3175 6397/2039/3176
f 6395/2026/3166 6394/2028/3168 6401/2031/3172 6402/2027/3170
f 6393/2029/3171 6392/2032/3173 6399/2035/3173 6400/2030/3171
f 6391/2033/3174 6390/2036/3164 6397/2039/3176 6398/2034/3174
f 6389/2037/3165 6404/2040/3133 6396/2038/3175
f 6397/2039/3176 6396/2038/3175 6405/1965/3123 6406/1964/3122
f 6402/2027/3170 6401/2031/3172 6410/1969/3127 6411/1968/3126
f 6400/2030/3177 6399/2035/3178 6408/1973/3178 6409/1972/3177
f 6398/2034/3179 6397/2039/3176 6406/1964/3122 6407/1976/3179
f 6396/2038/3175 6404/2041/3133 6405/1965/3123
f 6403/2042/3134 6402/2027/3170 6411/1968/3126
f 6401/2031/3172 6400/2030/3177 6409/1972/3177 6410/1969/3127
f 6399/2035/3178 6398/2034/3179 6407/1976/3179 6408/1973/3178
