t,x,y,z,speed_mps,fwd_mps,rpm,gear,boost_bar,throttle,brake,steer,airborne,aero_drag_N,aero_downforce_N,aero_front_N,aero_rear_N,aero_side_N,aero_pitch_Nm,w0_strut_m,w0_strutrate_mps,w0_strutforce_N,w0_arb_N,w1_strut_m,w1_strutrate_mps,w1_strutforce_N,w1_arb_N,w2_strut_m,w2_strutrate_mps,w2_strutforce_N,w2_arb_N,w3_strut_m,w3_strutrate_mps,w3_strutforce_N,w3_arb_N,w0_load_N,w0_slip,w0_slipang,w0_steer,w0_omega,w0_contact,w0_braketemp_K,w0_abs,w1_load_N,w1_slip,w1_slipang,w1_steer,w1_omega,w1_contact,w1_braketemp_K,w1_abs,w2_load_N,w2_slip,w2_slipang,w2_steer,w2_omega,w2_contact,w2_braketemp_K,w2_abs,w3_load_N,w3_slip,w3_slipang,w3_steer,w3_omega,w3_contact,w3_braketemp_K,w3_abs
0.0000,0.0000,0.0000,0.5300,0.000,0.000,700.0,2,0.000,0.000,0.000,0.000,0,0.00,0.00,0.00,0.00,0.00,0.00,0.03403,-0.1943,2255.0,0.0,0.03388,-0.2325,2438.5,356.3,0.03400,-0.2027,2295.0,0.0,0.03384,-0.2418,2483.2,371.5,1518.5,0.0000,0.0000,0.0000,0.000,1,293.15,0,1518.5,0.0000,0.0000,0.0000,0.000,1,293.15,0,1518.5,0.0000,0.0000,0.0000,0.000,1,293.15,0,1518.5,0.0000,0.0000,0.0000,0.000,1,293.15,0
0.0167,-0.0000,0.0000,0.5293,0.050,-0.000,700.0,2,0.000,0.000,0.000,0.000,0,0.00,0.00,0.00,0.00,0.00,0.00,0.03154,0.0038,2934.7,-32.2,0.03159,0.0375,2952.4,-161.8,0.03147,0.0209,3104.1,-38.9,0.03154,0.0537,3096.8,-195.5,3747.6,-0.0000,0.0000,0.0000,0.000,1,293.15,0,3802.0,-0.0000,0.0000,0.0000,0.000,1,293.15,0,4028.3,-0.0000,0.0000,0.0000,0.000,1,293.15,0,4035.5,-0.0000,0.0000,0.0000,0.000,1,293.15,0
0.0333,-0.0000,0.0000,0.5286,0.035,0.000,700.0,2,0.000,0.000,0.000,0.000,0,0.00,0.00,0.00,0.00,0.00,0.00,0.03341,0.0317,3209.6,19.1,0.03326,0.0289,3246.2,75.9,0.03336,0.0094,3267.3,66.9,0.03319,-0.0066,3176.9,57.4,3068.3,0.0000,-0.0000,0.0000,-0.000,1,293.15,0,3117.4,0.0000,-0.0000,0.0000,0.000,1,293.15,0,3055.8,0.0000,-0.0000,0.0000,-0.000,1,293.15,0,3075.9,0.0000,-0.0000,0.0000,0.000,1,293.15,0
0.0500,-0.0000,0.0000,0.5280,0.040,-0.000,700.0,2,0.000,0.000,0.000,0.000,0,0.00,0.00,0.00,0.00,0.00,0.00,0.03332,0.0250,3103.3,-53.5,0.03351,0.0575,3290.5,-16.4,0.03327,0.0474,3296.7,-67.6,0.03345,0.0636,3425.1,-21.3,3496.6,-0.0000,-0.0001,0.0000,0.000,1,293.15,0,3682.5,-0.0000,-0.0001,0.0000,0.000,1,293.15,0,3726.8,-0.0000,-0.0001,0.0000,0.000,1,293.15,0,3745.6,-0.0000,-0.0001,0.0000,0.000,1,293.15,0
0.0667,-0.0000,-0.0000,0.5274,0.031,-0.000,700.0,2,0.000,0.000,0.000,0.000,0,0.00,0.00,0.00,0.00,0.00,0.00,0.03412,0.0062,3158.3,38.1,0.03409,-0.0035,3087.9,10.8,0.03417,0.0120,3312.2,54.2,0.03410,-0.0069,3188.1,17.9,3191.5,0.0000,0.0000,0.0000,0.000,1,293.15,0,3198.3,0.0000,0.0000,0.0000,0.000,1,293.15,0,3264.8,0.0000,0.0000,0.0000,0.000,1,293.15,0,3226.5,0.0000,0.0000,0.0000,0.000,1,293.15,0
0.0833,-0.0000,-0.0000,0.5269,0.028,-0.000,700.0,2,0.000,0.000,0.000,0.000,0,0.00,0.00,0.00,0.00,0.00,0.00,0.03469,0.0635,3374.6,-23.2,0.03474,0.0423,3300.1,-9.2,0.03461,0.0523,3445.0,-17.0,0.03471,0.0519,3454.4,-11.5,3606.7,0.0000,0.0001,0.0000,0.000,1,293.15,0,3390.4,0.0000,0.0001,0.0000,0.000,1,293.15,0,3676.6,0.0000,0.0001,0.0000,0.000,1,293.15,0,3656.3,0.0000,0.0001,0.0000,0.000,1,293.15,0
0.1000,-0.0000,-0.0000,0.5265,0.024,0.000,700.0,2,0.000,0.000,0.000,0.000,0,0.00,0.00,0.00,0.00,0.00,0.00,0.03484,0.0347,3245.9,-36.2,0.03496,0.0468,3299.5,-41.0,0.03484,0.0165,3287.8,-28.4,0.03493,0.0277,3341.1,-29.6,3652.1,0.0000,0.0000,0.0000,0.000,1,293.15,0,3663.7,0.0000,0.0000,0.0000,0.000,1,293.15,0,3651.9,0.0000,0.0000,0.0000,0.000,1,293.15,0,3677.8,0.0000,0.0000,0.0000,-0.000,1,293.15,0
0.1167,-0.0000,0.0000,0.5262,0.017,-0.000,700.0,2,0.000,0.000,0.000,0.000,0,0.00,0.00,0.00,0.00,0.00,0.00,0.03519,-0.0164,3102.8,21.2,0.03514,-0.0186,3080.5,10.8,0.03536,0.0006,3305.7,31.1,0.03529,-0.0170,3222.7,30.1,3214.1,0.0000,-0.0000,0.0000,0.000,1,293.15,0,3239.7,0.0000,-0.0000,0.0000,0.000,1,293.15,0,3305.6,0.0000,-0.0000,0.0000,0.000,1,293.15,0,3238.9,0.0000,-0.0000,0.0000,0.000,1,293.15,0
0.1333,-0.0000,0.0000,0.5260,0.013,-0.000,700.0,2,0.000,0.000,0.000,0.000,0,0.00,0.00,0.00,0.00,0.00,0.00,0.03561,0.0123,3247.4,19.7,0.03558,-0.0036,3193.7,35.4,0.03558,0.0382,3441.6,-12.6,0.03567,0.0358,3438.9,-9.7,3254.1,0.0000,-0.0000,0.0000,0.000,1,293.15,0,3198.5,0.0000,-0.0000,0.0000,0.000,1,293.15,0,3668.6,0.0000,-0.0000,0.0000,0.000,1,293.15,0,3638.6,0.0000,-0.0000,0.0000,0.000,1,293.15,0
0.1500,-0.0000,-0.0000,0.5259,0.010,0.000,700.0,2,0.000,0.000,0.000,0.000,0,0.00,0.00,0.00,0.00,0.00,0.00,0.03568,0.0416,3327.4,-30.1,0.03578,0.0472,3362.7,-24.2,0.03557,0.0094,3282.8,-43.0,0.03564,0.0217,3363.6,-20.7,3652.8,0.0000,0.0000,0.0000,0.000,1,293.15,0,3637.1,0.0000,0.0000,0.0000,0.000,1,293.15,0,3672.6,0.0000,0.0000,0.0000,0.000,1,293.15,0,3680.4,0.0000,0.0000,0.0000,0.000,1,293.15,0
0.1667,-0.0000,-0.0000,0.5258,0.004,0.000,700.0,2,0.000,0.000,0.000,0.000,0,0.00,0.00,0.00,0.00,0.00,0.00,0.03561,-0.0181,3107.3,9.9,0.03563,0.0022,3172.1,-13.3,0.03580,-0.0259,3239.0,57.1,0.03568,-0.0360,3147.8,17.6,3333.5,0.0000,0.0000,0.0000,0.000,1,293.15,0,3510.8,0.0000,0.0000,0.0000,0.000,1,293.15,0,3223.9,0.0000,0.0000,0.0000,0.000,1,293.15,0,3246.6,0.0000,0.0000,0.0000,0.000,1,293.15,0
0.1833,-0.0000,-0.0000,0.5257,0.001,-0.000,700.0,2,0.000,0.000,0.000,0.000,0,0.00,0.00,0.00,0.00,0.00,0.00,0.03581,-0.0211,3116.3,20.8,0.03577,-0.0274,3091.5,25.3,0.03595,0.0306,3429.9,-11.0,0.03597,0.0150,3368.5,-4.1,3187.4,0.0000,0.0000,0.0000,0.000,1,293.15,0,3194.4,0.0000,0.0000,0.0000,0.000,1,293.15,0,3641.7,0.0000,0.0000,0.0000,0.000,1,293.15,0,3491.5,0.0000,0.0000,0.0000,0.000,1,293.15,0
0.2000,-0.0000,0.0000,0.5258,0.001,0.000,700.0,2,0.000,0.000,0.000,0.000,0,0.00,0.00,0.00,0.00,0.00,0.00,0.03589,0.0293,3293.6,-22.5,0.03591,0.0104,3248.1,12.2,0.03575,0.0138,3318.1,-37.4,0.03583,0.0225,3381.8,-16.6,3491.5,0.0000,-0.0000,0.0000,0.000,1,293.15,0,3307.7,0.0000,-0.0000,0.0000,0.000,1,293.15,0,3672.3,0.0000,-0.0000,0.0000,0.000,1,293.15,0,3668.8,0.0000,-0.0000,0.0000,0.000,1,293.15,0
0.2167,-0.0000,0.0000,0.5258,0.003,0.000,700.0,2,0.000,0.000,0.000,0.000,0,0.00,0.00,0.00,0.00,0.00,0.00,0.03563,0.0022,3181.1,-4.6,0.03568,0.0211,3224.1,-45.2,0.03564,-0.0424,3123.8,24.5,0.03564,-0.0198,3213.2,13.4,3534.4,0.0000,-0.0000,0.0000,0.000,1,293.15,0,3644.9,0.0000,-0.0000,0.0000,0.000,1,293.15,0,3244.0,0.0000,-0.0000,0.0000,0.000,1,293.15,0,3496.1,0.0000,-0.0000,0.0000,-0.000,1,293.15,0
0.2333,-0.0000,-0.0000,0.5259,0.006,-0.000,700.0,2,0.000,0.000,0.000,0.000,0,0.00,0.00,0.00,0.00,0.00,0.00,0.03562,-0.0298,3066.5,18.7,0.03557,-0.0338,3037.8,10.1,0.03580,-0.0120,3278.3,35.1,0.03570,-0.0295,3189.3,29.0,3202.4,0.0000,0.0000,0.0000,-0.000,1,293.15,0,3204.5,0.0000,0.0000,0.0000,0.000,1,293.15,0,3282.3,0.0000,0.0000,0.0000,-0.000,1,293.15,0,3216.0,0.0000,0.0000,0.0000,0.000,1,293.15,0
0.2500,-0.0000,-0.0000,0.5260,0.006,-0.000,700.0,2,0.000,0.000,0.000,0.000,0,0.00,0.00,0.00,0.00,0.00,0.00,0.03569,-0.0011,3182.1,7.5,0.03567,-0.0099,3182.7,47.2,0.03567,0.0257,3381.0,-22.5,0.03573,0.0270,3403.2,-9.8,3204.7,0.0000,0.0000,0.0000,0.000,1,293.15,0,3190.4,0.0000,0.0000,0.0000,0.000,1,293.15,0,3653.2,0.0000,0.0000,0.0000,-0.000,1,293.15,0,3623.8,0.0000,0.0000,0.0000,-0.000,1,293.15,0
0.2667,-0.0000,-0.0000,0.5261,0.005,0.000,700.0,2,0.000,0.000,0.000,0.000,0,0.00,0.00,0.00,0.00,0.00,0.00,0.03540,0.0157,3208.9,-22.2,0.03546,0.0280,3236.4,-50.9,0.03538,-0.0043,3229.5,-24.3,0.03542,0.0109,3292.4,-31.9,3622.2,0.0000,0.0000,0.0000,0.000,1,293.15,0,3640.0,0.0000,0.0000,0.0000,0.000,1,293.15,0,3610.0,0.0000,0.0000,0.0000,0.000,1,293.15,0,3664.1,0.0000,0.0000,0.0000,0.000,1,293.15,0
0.2833,-0.0000,0.0000,0.5262,0.008,0.000,700.0,2,0.000,0.000,0.000,0.000,0,0.00,0.00,0.00,0.00,0.00,0.00,0.03529,-0.0317,3032.4,10.8,0.03523,-0.0300,3036.1,10.3,0.03533,-0.0403,3115.7,24.6,0.03524,-0.0416,3100.8,20.7,3195.1,0.0000,-0.0000,0.0000,0.000,1,293.15,0,3224.3,0.0000,-0.0000,0.0000,0.000,1,293.15,0,3210.2,0.0000,-0.0000,0.0000,0.000,1,293.15,0,3245.3,0.0000,-0.0000,0.0000,0.000,1,293.15,0
0.3000,-0.0000,0.0000,0.5263,0.008,0.000,700.0,2,0.000,0.000,0.000,0.000,0,0.00,0.00,0.00,0.00,0.00,0.00,0.03536,-0.0022,3189.3,37.2,0.03531,-0.0158,3112.9,22.0,0.03539,0.0059,3310.6,10.5,0.03533,-0.0205,3199.9,20.8,3198.2,0.0000,-0.0000,0.0000,0.000,1,293.15,0,3177.3,0.0000,-0.0000,0.0000,0.000,1,293.15,0,3400.4,0.0000,-0.0000,0.0000,0.000,1,293.15,0,3208.8,0.0000,-0.0000,0.0000,0.000,1,293.15,0
0.3167,-0.0000,-0.0000,0.5264,0.005,-0.000,700.0,2,0.000,0.000,0.000,0.000,0,0.00,0.00,0.00,0.00,0.00,0.00,0.03505,0.0083,3153.9,-26.6,0.03515,0.0293,3245.0,-30.7,0.03515,0.0220,3323.0,-35.3,0.03524,0.0279,3373.0,-16.1,3524.6,0.0000,-0.0000,0.0000,0.000,1,293.15,0,3633.5,0.0000,-0.0000,0.0000,0.000,1,293.15,0,3660.1,0.0000,0.0000,0.0000,0.000,1,293.15,0,3641.3,0.0000,-0.0000,0.0000,0.000,1,293.15,0
0.3333,-0.0000,-0.0000,0.5266,0.006,-0.000,700.0,2,0.000,0.000,0.000,0.000,0,0.00,0.00,0.00,0.00,0.00,0.00,0.03499,-0.0294,3026.8,11.5,0.03493,-0.0271,3030.9,9.2,0.03491,-0.0321,3114.5,10.6,0.03493,-0.0026,3226.9,-9.2,3188.1,0.0000,0.0000,0.0000,0.000,1,293.15,0,3221.0,0.0000,0.0000,0.0000,0.000,1,293.15,0,3340.6,0.0000,0.0000,0.0000,0.000,1,293.15,0,3602.7,0.0000,0.0000,0.0000,0.000,1,293.15,0
0.3500,-0.0000,-0.0000,0.5266,0.006,0.000,700.0,2,0.000,0.000,0.000,0.000,0,0.00,0.00,0.00,0.00,0.00,0.00,0.03506,0.0016,3186.4,34.5,0.03501,-0.0119,3110.0,18.3,0.03499,-0.0267,3168.9,36.3,0.03492,-0.0366,3106.5,21.8,3212.1,0.0000,0.0000,0.0000,0.000,1,293.15,0,3183.9,0.0000,0.0000,0.0000,0.000,1,293.15,0,3207.7,0.0000,0.0000,0.0000,-0.000,1,293.15,0,3206.2,0.0000,0.0000,0.0000,0.000,1,293.15,0
0.3667,-0.0000,0.0000,0.5267,0.004,-0.000,700.0,2,0.000,0.000,0.000,0.000,0,0.00,0.00,0.00,0.00,0.00,0.00,0.03478,0.0052,3134.8,-17.7,0.03488,0.0291,3231.2,-29.0,0.03502,0.0255,3350.3,-15.9,0.03501,0.0088,3296.1,4.7,3474.9,0.0000,-0.0000,0.0000,-0.000,1,293.15,0,3627.5,0.0000,-0.0000,0.0000,0.000,1,293.15,0,3555.2,0.0000,0.0000,0.0000,0.000,1,293.15,0,3385.7,0.0000,-0.0000,0.0000,0.000,1,293.15,0
0.3833,-0.0000,0.0000,0.5268,0.003,-0.000,700.0,2,0.000,0.000,0.000,0.000,0,0.00,0.00,0.00,0.00,0.00,0.00,0.03477,-0.0253,3031.3,10.5,0.03472,-0.0247,3029.6,8.8,0.03477,0.0140,3273.0,-28.0,0.03482,0.0242,3314.0,-35.3,3192.7,0.0000,-0.0000,0.0000,0.000,1,293.15,0,3215.0,0.0000,-0.0000,0.0000,0.000,1,293.15,0,3656.9,0.0000,-0.0000,0.0000,0.000,1,293.15,0,3659.9,0.0000,-0.0000,0.0000,0.000,1,293.15,0
0.4000,-0.0000,-0.0000,0.5268,0.003,0.000,700.0,2,0.000,0.000,0.000,0.000,0,0.00,0.00,0.00,0.00,0.00,0.00,0.03488,0.0036,3177.6,26.8,0.03484,-0.0072,3126.8,24.8,0.03465,-0.0359,3090.8,17.8,0.03462,-0.0300,3106.4,9.2,3204.8,0.0000,-0.0000,0.0000,0.000,1,293.15,0,3189.4,0.0000,-0.0000,0.0000,0.000,1,293.15,0,3238.9,0.0000,0.0000,0.0000,0.000,1,293.15,0,3325.1,0.0000,-0.0000,0.0000,0.000,1,293.15,0
0.4167,-0.0000,-0.0000,0.5269,0.002,0.000,700.0,2,0.000,0.000,0.000,0.000,0,0.00,0.00,0.00,0.00,0.00,0.00,0.03464,0.0076,3142.2,-12.9,0.03472,0.0298,3220.2,-34.5,0.03482,-0.0138,3202.3,22.1,0.03477,-0.0236,3176.0,41.8,3482.1,0.0000,0.0000,0.0000,0.000,1,293.15,0,3621.9,0.0000,0.0000,0.0000,-0.000,1,293.15,0,3208.6,0.0000,0.0000,0.0000,0.000,1,293.15,0,3204.5,0.0000,0.0000,0.0000,0.000,1,293.15,0
0.4333,-0.0000,-0.0000,0.5269,0.001,-0.000,700.0,2,0.000,0.000,0.000,0.000,0,0.00,0.00,0.00,0.00,0.00,0.00,0.03466,-0.0232,3033.8,9.8,0.03461,-0.0225,3032.8,8.7,0.03480,0.0330,3368.4,-19.0,0.03485,0.0320,3369.2,-16.4,3195.5,0.0000,0.0000,0.0000,0.000,1,293.15,0,3216.5,0.0000,0.0000,0.0000,0.000,1,293.15,0,3642.8,0.0000,0.0000,0.0000,0.000,1,293.15,0,3591.8,0.0000,0.0000,0.0000,0.000,1,293.15,0
0.4500,-0.0000,-0.0000,0.5269,0.000,0.000,700.0,2,0.000,0.000,0.000,0.000,0,0.00,0.00,0.00,0.00,0.00,0.00,0.03480,0.0039,3170.5,22.7,0.03477,-0.0060,3132.0,28.1,0.03459,0.0026,3223.8,-16.3,0.03464,0.0174,3267.9,-40.7,3199.9,0.0000,0.0000,0.0000,0.000,1,293.15,0,3189.3,0.0000,0.0000,0.0000,0.000,1,293.15,0,3599.6,0.0000,0.0000,0.0000,0.000,1,293.15,0,3659.3,0.0000,-0.0000,0.0000,0.000,1,293.15,0
0.4667,-0.0000,0.0000,0.5269,0.000,0.000,700.0,2,0.000,0.000,0.000,0.000,0,0.00,0.00,0.00,0.00,0.00,0.00,0.03461,0.0136,3162.3,-16.9,0.03469,0.0333,3228.7,-39.3,0.03464,-0.0323,3108.9,20.8,0.03457,-0.0344,3094.1,19.0,3523.9,0.0000,-0.0000,0.0000,0.000,1,293.15,0,3630.7,0.0000,-0.0000,0.0000,0.000,1,293.15,0,3212.1,0.0000,-0.0000,0.0000,0.000,1,293.15,0,3239.0,0.0000,-0.0000,0.0000,0.000,1,293.15,0
0.4833,-0.0000,-0.0000,0.5269,0.001,-0.000,700.0,2,0.000,0.000,0.000,0.000,0,0.00,0.00,0.00,0.00,0.00,0.00,0.03464,-0.0225,3035.3,9.7,0.03460,-0.0222,3032.6,8.2,0.03482,0.0097,3288.3,3.8,0.03478,-0.0124,3215.3,30.9,3198.2,0.0000,-0.0000,0.0000,0.000,1,293.15,0,3216.9,0.0000,-0.0000,0.0000,0.000,1,293.15,0,3363.3,0.0000,0.0000,0.0000,0.000,1,293.15,0,3210.2,0.0000,-0.0000,0.0000,0.000,1,293.15,0
0.5000,-0.0000,-0.0000,0.5269,0.001,-0.000,700.0,2,0.000,0.000,0.000,0.000,0,0.00,0.00,0.00,0.00,0.00,0.00,0.03480,0.0037,3167.8,20.8,0.03478,-0.0065,3130.5,28.7,0.03472,0.0300,3340.5,-28.6,0.03480,0.0343,3372.6,-20.6,3201.5,0.0000,0.0000,0.0000,0.000,1,293.15,0,3186.3,0.0000,0.0000,0.0000,0.000,1,293.15,0,3662.0,0.0000,0.0000,0.0000,0.000,1,293.15,0,3640.1,0.0000,-0.0000,0.0000,0.000,1,293.15,0
0.5167,-0.0000,-0.0000,0.5269,0.002,0.000,700.0,2,0.000,0.000,0.000,0.000,0,0.00,0.00,0.00,0.00,0.00,0.00,0.03465,0.0210,3187.7,-25.3,0.03474,0.0370,3243.8,-42.8,0.03459,-0.0176,3158.9,8.5,0.03462,0.0099,3249.0,-25.0,3579.3,0.0000,0.0000,0.0000,0.000,1,293.15,0,3636.8,0.0000,0.0000,0.0000,-0.000,1,293.15,0,3426.7,0.0000,0.0000,0.0000,-0.000,1,293.15,0,3654.2,0.0000,-0.0000,0.0000,0.000,1,293.15,0
0.5333,-0.0000,-0.0000,0.5269,0.000,-0.000,700.0,2,0.000,0.000,0.000,0.000,0,0.00,0.00,0.00,0.00,0.00,0.00,0.03467,-0.0227,3036.5,10.5,0.03462,-0.0224,3032.2,6.9,0.03475,-0.0246,3164.1,35.7,0.03467,-0.0318,3112.3,20.5,3201.3,0.0000,0.0000,0.0000,0.000,1,293.15,0,3221.0,0.0000,0.0000,0.0000,0.000,1,293.15,0,3206.8,0.0000,0.0000,0.0000,0.000,1,293.15,0,3222.1,0.0000,-0.0000,0.0000,0.000,1,293.15,0
0.5500,-0.0000,0.0000,0.5268,0.000,-0.000,700.0,2,0.000,0.000,0.000,0.000,0,0.00,0.00,0.00,0.00,0.00,0.00,0.03487,0.0041,3187.6,35.5,0.03482,-0.0089,3115.2,21.4,0.03490,0.0302,3368.6,-11.5,0.03486,-0.0002,3246.7,3.9,3197.5,0.0000,0.0000,0.0000,0.000,1,293.15,0,3178.5,0.0000,-0.0000,0.0000,0.000,1,293.15,0,3556.9,0.0000,0.0000,0.0000,0.000,1,293.15,0,3274.5,0.0000,-0.0000,0.0000,0.000,1,293.15,0
0.5667,-0.0000,0.0000,0.5268,0.002,-0.000,700.0,2,0.000,0.000,0.000,0.000,0,0.00,0.00,0.00,0.00,0.00,0.00,0.03470,0.0214,3173.1,-44.0,0.03482,0.0389,3271.9,-27.2,0.03472,0.0219,3285.9,-47.4,0.03482,0.0319,3367.3,-16.4,3574.3,0.0000,-0.0000,0.0000,0.000,1,293.15,0,3630.2,0.0000,-0.0000,0.0000,0.000,1,293.15,0,3662.9,0.0000,0.0000,0.0000,0.000,1,293.15,0,3655.6,0.0000,-0.0000,0.0000,-0.000,1,293.15,0
0.5833,-0.0000,-0.0000,0.5268,0.001,-0.000,700.0,2,0.000,0.000,0.000,0.000,0,0.00,0.00,0.00,0.00,0.00,0.00,0.03472,-0.0248,3031.0,11.1,0.03465,-0.0216,3037.2,6.9,0.03465,-0.0349,3094.8,17.7,0.03468,-0.0049,3219.4,7.8,3196.0,0.0000,0.0000,0.0000,-0.000,1,293.15,0,3233.7,0.0000,-0.0000,0.0000,0.000,1,293.15,0,3246.4,0.0000,0.0000,0.0000,0.000,1,293.15,0,3546.9,0.0000,-0.0000,0.0000,0.000,1,293.15,0
0.6000,-0.0000,-0.0000,0.5268,0.000,0.000,700.0,2,0.000,0.000,0.000,0.000,0,0.00,0.00,0.00,0.00,0.00,0.00,0.03492,0.0024,3198.8,50.9,0.03485,-0.0128,3090.2,11.1,0.03489,-0.0155,3226.8,50.4,0.03479,-0.0288,3133.6,21.3,3193.9,0.0000,0.0000,0.0000,0.000,1,293.15,0,3174.2,0.0000,0.0000,0.0000,0.000,1,293.15,0,3210.2,0.0000,0.0000,0.0000,0.000,1,293.15,0,3205.3,0.0000,-0.0000,0.0000,0.000,1,293.15,0
0.6167,-0.0000,-0.0000,0.5268,0.002,-0.000,700.0,2,0.000,0.000,0.000,0.000,0,0.00,0.00,0.00,0.00,0.00,0.00,0.03475,0.0259,3184.2,-55.6,0.03489,0.0414,3289.1,-24.7,0.03492,0.0350,3380.4,-22.7,0.03498,0.0299,3374.6,-8.7,3609.6,0.0000,0.0000,0.0000,0.000,1,293.15,0,3629.3,0.0000,-0.0000,0.0000,0.000,1,293.15,0,3639.7,0.0000,0.0000,0.0000,0.000,1,293.15,0,3555.8,0.0000,-0.0000,0.0000,0.000,1,293.15,0
0.6333,-0.0000,-0.0000,0.5267,0.001,-0.000,700.0,2,0.000,0.000,0.000,0.000,0,0.00,0.00,0.00,0.00,0.00,0.00,0.03475,-0.0250,3032.2,11.4,0.03469,-0.0229,3032.6,5.7,0.03474,0.0095,3260.0,-19.6,0.03478,0.0204,3285.4,-44.9,3200.3,0.0000,0.0000,0.0000,0.000,1,293.15,0,3230.8,0.0000,-0.0000,0.0000,0.000,1,293.15,0,3652.6,0.0000,0.0000,0.0000,0.000,1,293.15,0,3666.6,0.0000,-0.0000,0.0000,0.000,1,293.15,0
0.6500,-0.0000,-0.0000,0.5267,0.000,0.000,700.0,2,0.000,0.000,0.000,0.000,0,0.00,0.00,0.00,0.00,0.00,0.00,0.03496,0.0019,3187.2,39.4,0.03490,-0.0109,3109.9,19.8,0.03478,-0.0324,3115.2,19.6,0.03471,-0.0352,3097.3,17.9,3191.9,0.0000,0.0000,0.0000,0.000,1,293.15,0,3179.1,0.0000,-0.0000,0.0000,-0.000,1,293.15,0,3225.7,0.0000,0.0000,0.0000,0.000,1,293.15,0,3243.7,0.0000,-0.0000,0.0000,0.000,1,293.15,0
0.6667,-0.0000,-0.0000,0.5267,0.001,0.000,700.0,2,0.000,0.000,0.000,0.000,0,0.00,0.00,0.00,0.00,0.00,0.00,0.03479,0.0261,3197.0,-45.5,0.03490,0.0396,3271.3,-35.2,0.03497,0.0011,3258.9,3.9,0.03494,-0.0152,3226.1,45.2,3623.7,0.0000,0.0000,0.0000,-0.000,1,293.15,0,3631.9,0.0000,-0.0000,0.0000,0.000,1,293.15,0,3296.6,0.0000,0.0000,0.0000,0.000,1,293.15,0,3208.8,0.0000,-0.0000,0.0000,0.000,1,293.15,0
0.6833,-0.0000,-0.0000,0.5267,0.001,-0.000,700.0,2,0.000,0.000,0.000,0.000,0,0.00,0.00,0.00,0.00,0.00,0.00,0.03478,-0.0252,3031.5,9.9,0.03472,-0.0225,3037.3,7.1,0.03490,0.0311,3366.1,-18.6,0.03496,0.0349,3382.6,-22.3,3200.3,0.0000,0.0000,0.0000,0.000,1,293.15,0,3233.3,0.0000,-0.0000,0.0000,0.000,1,293.15,0,3659.9,0.0000,0.0000,0.0000,0.000,1,293.15,0,3646.8,0.0000,-0.0000,0.0000,0.000,1,293.15,0
0.7000,-0.0000,-0.0000,0.5267,0.000,0.000,700.0,2,0.000,0.000,0.000,0.000,0,0.00,0.00,0.00,0.00,0.00,0.00,0.03497,-0.0009,3174.6,38.4,0.03492,-0.0138,3096.2,17.9,0.03475,-0.0113,3196.6,9.2,0.03477,0.0074,3233.7,-37.8,3191.4,0.0000,0.0000,0.0000,0.000,1,293.15,0,3175.9,0.0000,0.0000,0.0000,0.000,1,293.15,0,3496.6,0.0000,0.0000,0.0000,0.000,1,293.15,0,3637.5,0.0000,-0.0000,0.0000,0.000,1,293.15,0
0.7167,-0.0000,-0.0000,0.5267,0.000,0.000,700.0,2,0.000,0.000,0.000,0.000,0,0.00,0.00,0.00,0.00,0.00,0.00,0.03483,0.0300,3215.5,-46.0,0.03494,0.0416,3283.4,-34.1,0.03487,-0.0273,3151.1,27.5,0.03481,-0.0340,3115.1,24.8,3635.9,0.0000,0.0000,0.0000,0.000,1,293.15,0,3628.2,0.0000,-0.0000,0.0000,0.000,1,293.15,0,3209.0,0.0000,0.0000,0.0000,0.000,1,293.15,0,3220.0,0.0000,-0.0000,0.0000,0.000,1,293.15,0
0.7333,-0.0000,-0.0000,0.5267,0.000,-0.000,700.0,2,0.000,0.000,0.000,0.000,0,0.00,0.00,0.00,0.00,0.00,0.00,0.03478,-0.0242,3036.6,10.8,0.03473,-0.0233,3030.6,3.6,0.03502,0.0258,3357.5,-10.1,0.03500,0.0061,3287.8,9.1,3212.5,0.0000,0.0000,0.0000,0.000,1,293.15,0,3231.7,0.0000,-0.0000,0.0000,0.000,1,293.15,0,3529.1,0.0000,0.0000,0.0000,0.000,1,293.15,0,3348.0,0.0000,-0.0000,0.0000,0.000,1,293.15,0
0.7500,-0.0000,-0.0000,0.5267,0.000,-0.000,700.0,2,0.000,0.000,0.000,0.000,0,0.00,0.00,0.00,0.00,0.00,0.00,0.03495,-0.0044,3143.3,23.1,0.03492,-0.0148,3098.4,24.4,0.03484,0.0210,3301.2,-35.0,0.03490,0.0308,3359.3,-23.8,3192.1,0.0000,0.0000,0.0000,0.000,1,293.15,0,3175.6,0.0000,-0.0000,0.0000,0.000,1,293.15,0,3663.5,0.0000,0.0000,0.0000,0.000,1,293.15,0,3661.6,0.0000,-0.0000,0.0000,0.000,1,293.15,0
0.7667,-0.0000,-0.0000,0.5267,0.001,0.000,700.0,2,0.000,0.000,0.000,0.000,0,0.00,0.00,0.00,0.00,0.00,0.00,0.03487,0.0327,3243.3,-32.2,0.03495,0.0422,3282.5,-37.9,0.03474,-0.0324,3108.9,15.5,0.03476,-0.0112,3191.1,2.8,3629.1,0.0000,0.0000,0.0000,-0.000,1,293.15,0,3620.5,0.0000,-0.0000,0.0000,0.000,1,293.15,0,3281.0,0.0000,0.0000,0.0000,0.000,1,293.15,0,3495.1,0.0000,-0.0000,0.0000,0.000,1,293.15,0
0.7833,-0.0000,-0.0000,0.5267,0.001,-0.000,700.0,2,0.000,0.000,0.000,0.000,0,0.00,0.00,0.00,0.00,0.00,0.00,0.03476,-0.0228,3040.3,9.6,0.03471,-0.0222,3032.1,1.3,0.03495,-0.0175,3216.6,45.4,0.03486,-0.0288,3140.1,24.2,3225.9,0.0000,0.0000,0.0000,0.000,1,293.15,0,3239.5,0.0000,0.0000,0.0000,0.000,1,293.15,0,3208.8,0.0000,0.0000,0.0000,0.000,1,293.15,0,3212.1,0.0000,-0.0000,0.0000,-0.000,1,293.15,0
0.8000,-0.0000,-0.0000,0.5267,0.001,-0.000,700.0,2,0.000,0.000,0.000,0.000,0,0.00,0.00,0.00,0.00,0.00,0.00,0.03493,-0.0099,3114.4,19.1,0.03490,-0.0190,3078.5,23.3,0.03499,0.0346,3384.4,-20.3,0.03500,0.0189,3325.9,-9.8,3185.6,0.0000,0.0000,0.0000,0.000,1,293.15,0,3170.9,0.0000,-0.0000,0.0000,0.000,1,293.15,0,3640.2,0.0000,0.0000,0.0000,0.000,1,293.15,0,3461.8,0.0000,-0.0000,0.0000,0.000,1,293.15,0
0.8167,-0.0000,-0.0000,0.5267,0.001,0.000,700.0,2,0.000,0.000,0.000,0.000,0,0.00,0.00,0.00,0.00,0.00,0.00,0.03492,0.0385,3265.0,-37.5,0.03496,0.0363,3267.4,-28.0,0.03478,0.0108,3247.4,-40.0,0.03485,0.0236,3319.2,-29.1,3629.6,0.0000,0.0000,0.0000,0.000,1,293.15,0,3515.7,0.0000,-0.0000,0.0000,0.000,1,293.15,0,3653.4,0.0000,0.0000,0.0000,-0.000,1,293.15,0,3663.3,0.0000,-0.0000,0.0000,0.000,1,293.15,0
0.8333,-0.0000,-0.0000,0.5267,0.000,0.000,700.0,2,0.000,0.000,0.000,0.000,0,0.00,0.00,0.00,0.00,0.00,0.00,0.03473,-0.0222,3038.4,6.7,0.03471,-0.0165,3055.9,0.6,0.03479,-0.0350,3108.7,24.3,0.03473,-0.0285,3123.1,12.9,3235.0,0.0000,0.0000,0.0000,0.000,1,293.15,0,3290.6,0.0000,-0.0000,0.0000,0.000,1,293.15,0,3223.2,0.0000,0.0000,0.0000,0.000,1,293.15,0,3325.2,0.0000,-0.0000,0.0000,0.000,1,293.15,0
0.8500,-0.0000,-0.0000,0.5267,0.001,-0.000,700.0,2,0.000,0.000,0.000,0.000,0,0.00,0.00,0.00,0.00,0.00,0.00,0.03490,-0.0149,3088.4,16.0,0.03486,-0.0207,3067.0,21.3,0.03497,-0.0018,3265.8,23.6,0.03491,-0.0191,3193.5,31.5,3181.2,0.0000,0.0000,0.0000,0.000,1,293.15,0,3180.5,0.0000,-0.0000,0.0000,0.000,1,293.15,0,3287.6,0.0000,0.0000,0.0000,0.000,1,293.15,0,3210.5,0.0000,-0.0000,0.0000,0.000,1,293.15,0
0.8667,-0.0000,-0.0000,0.5267,0.001,0.000,700.0,2,0.000,0.000,0.000,0.000,0,0.00,0.00,0.00,0.00,0.00,0.00,0.03495,0.0420,3286.3,-33.1,0.03496,0.0269,3233.9,-21.3,0.03491,0.0325,3366.7,-24.3,0.03499,0.0337,3384.3,-16.7,3611.7,0.0000,0.0000,0.0000,0.000,1,293.15,0,3401.0,0.0000,-0.0000,0.0000,0.000,1,293.15,0,3659.3,0.0000,0.0000,0.0000,0.000,1,293.15,0,3624.9,0.0000,-0.0000,0.0000,0.000,1,293.15,0
0.8833,-0.0000,-0.0000,0.5267,0.001,-0.000,700.0,2,0.000,0.000,0.000,0.000,0,0.00,0.00,0.00,0.00,0.00,0.00,0.03471,-0.0226,3032.1,3.4,0.03472,-0.0062,3101.5,1.3,0.03473,-0.0105,3181.8,-8.1,0.03478,0.0133,3273.1,-25.4,3237.6,0.0000,0.0000,0.0000,0.000,1,293.15,0,3384.0,0.0000,-0.0000,0.0000,0.000,1,293.15,0,3496.4,0.0000,0.0000,0.0000,0.000,1,293.15,0,3662.9,0.0000,-0.0000,0.0000,0.000,1,293.15,0
0.9000,-0.0000,-0.0000,0.5267,0.001,0.000,700.0,2,0.000,0.000,0.000,0.000,0,0.00,0.00,0.00,0.00,0.00,0.00,0.03490,-0.0167,3088.3,23.8,0.03484,-0.0213,3057.8,16.2,0.03485,-0.0289,3147.5,32.6,0.03476,-0.0344,3105.0,19.2,3174.3,0.0000,0.0000,0.0000,0.000,1,293.15,0,3187.1,0.0000,-0.0000,0.0000,0.000,1,293.15,0,3209.0,0.0000,0.0000,0.0000,0.000,1,293.15,0,3228.6,0.0000,-0.0000,0.0000,0.000,1,293.15,0
0.9167,-0.0000,-0.0000,0.5267,0.000,0.000,700.0,2,0.000,0.000,0.000,0.000,0,0.00,0.00,0.00,0.00,0.00,0.00,0.03494,0.0437,3286.1,-40.3,0.03495,0.0175,3197.1,-17.5,0.03499,0.0242,3347.5,-11.2,0.03496,-0.0041,3246.5,14.9,3620.7,0.0000,0.0000,0.0000,-0.000,1,293.15,0,3307.9,0.0000,-0.0000,0.0000,0.000,1,293.15,0,3506.3,0.0000,0.0000,0.0000,0.000,1,293.15,0,3256.5,0.0000,-0.0000,0.0000,0.000,1,293.15,0
0.9333,-0.0000,-0.0000,0.5267,0.001,-0.000,700.0,2,0.000,0.000,0.000,0.000,0,0.00,0.00,0.00,0.00,0.00,0.00,0.03469,-0.0222,3031.5,1.7,0.03474,0.0034,3144.1,1.6,0.03482,0.0224,3303.9,-37.6,0.03490,0.0322,3368.7,-20.3,3240.8,0.0000,-0.0000,0.0000,0.000,1,293.15,0,3467.1,0.0000,-0.0000,0.0000,0.000,1,293.15,0,3661.3,0.0000,0.0000,0.0000,-0.000,1,293.15,0,3661.0,0.0000,-0.0000,0.0000,0.000,1,293.15,0
0.9500,-0.0000,-0.0000,0.5267,0.001,0.000,700.0,2,0.000,0.000,0.000,0.000,0,0.00,0.00,0.00,0.00,0.00,0.00,0.03488,-0.0196,3077.4,25.8,0.03481,-0.0224,3048.6,13.3,0.03471,-0.0316,3110.7,15.5,0.03472,-0.0129,3178.7,-0.0,3169.4,0.0000,0.0000,0.0000,0.000,1,293.15,0,3193.3,0.0000,-0.0000,0.0000,0.000,1,293.15,0,3291.2,0.0000,0.0000,0.0000,0.000,1,293.15,0,3481.0,0.0000,-0.0000,0.0000,0.000,1,293.15,0
0.9667,-0.0000,-0.0000,0.5267,0.001,0.000,700.0,2,0.000,0.000,0.000,0.000,0,0.00,0.00,0.00,0.00,0.00,0.00,0.03495,0.0403,3279.9,-32.4,0.03495,0.0123,3186.2,-6.0,0.03491,-0.0171,3201.6,31.1,0.03485,-0.0279,3152.3,32.7,3555.9,0.0000,0.0000,0.0000,0.000,1,293.15,0,3254.3,0.0000,0.0000,0.0000,0.000,1,293.15,0,3212.1,0.0000,0.0000,0.0000,0.000,1,293.15,0,3207.4,0.0000,-0.0000,0.0000,0.000,1,293.15,0
0.9833,-0.0000,-0.0000,0.5267,0.001,-0.000,700.0,2,0.000,0.000,0.000,0.000,0,0.00,0.00,0.00,0.00,0.00,0.00,0.03468,-0.0217,3031.2,0.3,0.03475,0.0090,3168.2,1.4,0.03497,0.0333,3379.2,-18.6,0.03500,0.0294,3374.3,-8.2,3245.2,0.0000,0.0000,0.0000,0.000,1,293.15,0,3516.2,0.0000,-0.0000,0.0000,0.000,1,293.15,0,3625.6,0.0000,0.0000,0.0000,0.000,1,293.15,0,3556.2,0.0000,-0.0000,0.0000,0.000,1,293.15,0
1.0000,-0.0000,-0.0000,0.5267,0.000,-0.000,700.0,3,0.000,1.000,0.000,0.000,0,0.00,0.00,0.00,0.00,0.00,0.00,0.03486,-0.0195,3074.7,23.9,0.03480,-0.0237,3040.9,11.7,0.03477,0.0119,3278.5,-13.1,0.03480,0.0206,3282.8,-49.1,3177.8,0.0000,0.0000,0.0000,0.000,1,293.15,0,3189.1,0.0000,-0.0000,0.0000,0.000,1,293.15,0,3661.1,0.0000,0.0000,0.0000,0.693,1,293.15,0,3663.7,0.0000,-0.0000,0.0000,0.693,1,293.15,0
1.0167,0.0009,-0.0000,0.5267,0.065,0.065,700.0,3,0.000,1.000,0.000,0.000,0,0.00,0.00,0.00,0.00,0.00,0.00,0.03472,0.0003,3114.8,-13.0,0.03474,-0.0092,3116.4,28.3,0.03484,-0.0123,3205.3,17.4,0.03480,-0.0086,3179.5,-22.8,3261.4,-0.0091,0.0002,0.0000,0.144,1,293.15,0,3192.4,-0.0092,0.0001,0.0000,0.140,1,293.15,0,3432.0,0.2465,-0.0001,0.0000,2.179,1,293.15,0,3466.2,0.2458,-0.0002,0.0000,2.180,1,293.15,0
1.0333,0.0038,0.0000,0.5267,0.193,0.193,700.0,3,0.000,1.000,0.000,0.000,0,0.00,0.00,0.00,0.00,0.00,0.00,0.03409,-0.0531,2871.8,7.8,0.03404,-0.0543,2878.1,21.9,0.03560,0.0686,3589.2,-1.1,0.03563,0.0664,3541.3,-40.7,3029.7,-0.0125,0.0002,0.0000,0.439,1,293.15,0,3043.9,-0.0125,0.0001,0.0000,0.440,1,293.15,0,3845.9,0.6117,-0.0001,0.0000,2.959,1,293.15,0,3793.7,0.6153,-0.0002,0.0000,2.962,1,293.15,0
1.0500,0.0087,-0.0000,0.5267,0.306,0.306,700.0,3,0.000,1.000,0.000,0.000,0,0.00,0.00,0.00,0.00,0.00,0.00,0.03291,-0.0818,2678.1,1.9,0.03287,-0.0821,2707.7,35.3,0.03688,0.0689,3682.9,19.6,0.03685,0.0630,3600.6,-34.9,2842.7,-0.0122,0.0001,0.0000,0.645,1,293.15,0,2865.6,-0.0120,0.0001,0.0000,0.645,1,293.15,0,3854.4,1.0029,-0.0000,0.0000,3.313,1,293.15,0,3806.8,1.0077,-0.0001,0.0000,3.315,1,293.15,0
1.0667,0.0151,-0.0000,0.5268,0.396,0.396,700.0,3,0.000,1.000,0.000,0.000,0,0.00,0.00,0.00,0.00,0.00,0.00,0.03149,-0.0845,2584.5,-0.8,0.03146,-0.0830,2617.3,26.7,0.03821,0.0780,3773.7,-3.5,0.03827,0.0813,3777.3,-18.0,2788.0,-0.0118,-0.0000,0.0000,0.815,1,293.15,0,2817.8,-0.0116,-0.0000,0.0000,0.816,1,293.15,0,3955.6,1.3177,0.0001,0.0000,3.444,1,293.15,0,3975.3,1.3148,0.0000,0.0000,3.445,1,293.15,0
1.0833,0.0229,-0.0000,0.5268,0.476,0.476,700.0,3,0.000,1.000,0.000,0.000,0,0.00,0.00,0.00,0.00,0.00,0.00,0.03013,-0.0784,2537.5,2.1,0.03011,-0.0787,2552.4,19.7,0.03950,0.0679,3805.4,2.6,0.03957,0.0739,3808.0,-25.0,2747.4,-0.0114,-0.0000,0.0000,0.968,1,293.15,0,2762.2,-0.0113,-0.0000,0.0000,0.967,1,293.15,0,4001.0,1.5480,0.0001,0.0000,3.521,1,293.15,0,4050.5,1.5401,0.0000,0.0000,3.523,1,293.15,0
1.1000,0.0320,0.0000,0.5268,0.555,0.555,700.0,3,0.000,1.000,0.000,0.000,0,0.56,1.72,0.84,0.89,-0.00,2.19,0.02890,-0.0691,2507.1,2.0,0.02889,-0.0682,2520.4,12.4,0.04078,0.0765,3922.2,12.0,0.04076,0.0751,3858.9,-43.9,2731.1,-0.0115,0.0000,0.0000,1.120,1,293.15,0,2749.5,-0.0113,0.0000,0.0000,1.119,1,293.15,0,4138.8,1.6734,-0.0000,0.0000,3.566,1,293.15,0,4103.0,1.6778,-0.0001,0.0000,3.565,1,293.15,0
1.1167,0.0423,-0.0000,0.5268,0.633,0.633,700.0,3,0.000,1.000,0.000,0.000,0,0.73,2.24,1.09,1.16,0.00,2.85,0.02781,-0.0665,2455.9,2.1,0.02779,-0.0667,2472.6,20.9,0.04183,0.0638,3891.6,-18.0,0.04190,0.0653,3919.0,-0.9,2649.3,-0.0115,0.0001,0.0000,1.270,1,293.15,0,2666.8,-0.0115,0.0001,0.0000,1.271,1,293.15,0,4080.5,1.7440,-0.0001,0.0000,3.609,1,293.15,0,4072.4,1.7451,-0.0001,0.0000,3.606,1,293.15,0
1.1333,0.0540,-0.0000,0.5268,0.712,0.712,700.0,3,0.000,1.000,0.000,0.000,0,0.92,2.83,1.38,1.47,0.00,3.60,0.02681,-0.0555,2444.7,2.1,0.02679,-0.0557,2451.0,10.4,0.04273,0.0468,3883.4,2.0,0.04274,0.0457,3879.8,2.8,2660.1,-0.0115,0.0000,0.0000,1.425,1,293.15,0,2667.0,-0.0114,0.0000,0.0000,1.425,1,293.15,0,4014.3,1.7446,0.0000,0.0000,3.651,1,293.15,0,4015.0,1.7430,-0.0000,0.0000,3.650,1,293.15,0
1.1500,0.0671,-0.0000,0.5268,0.790,0.790,700.0,3,0.000,1.000,0.000,0.000,0,1.13,3.49,1.70,1.81,-0.00,4.44,0.02610,-0.0367,2482.1,-0.1,0.02609,-0.0370,2490.6,10.9,0.04348,0.0359,3876.7,5.0,0.04349,0.0383,3884.0,0.7,2682.9,-0.0111,0.0000,0.0000,1.577,1,293.15,0,2686.1,-0.0110,0.0000,0.0000,1.577,1,293.15,0,4016.6,1.6763,0.0000,0.0000,3.693,1,293.15,0,4051.7,1.6693,0.0000,0.0000,3.692,1,293.15,0
1.1667,0.0814,-0.0000,0.5268,0.869,0.869,700.0,3,0.000,1.000,0.000,0.000,0,1.37,4.21,2.06,2.18,-0.00,5.37,0.02547,-0.0357,2450.7,1.8,0.02546,-0.0351,2455.7,4.9,0.04407,0.0379,3910.9,-1.1,0.04407,0.0371,3875.9,-31.9,2663.8,-0.0111,-0.0000,0.0000,1.731,1,293.15,0,2672.9,-0.0111,-0.0000,0.0000,1.731,1,293.15,0,4172.5,1.5448,0.0000,0.0000,3.733,1,293.15,0,4129.2,1.5495,-0.0000,0.0000,3.734,1,293.15,0
1.1833,0.0970,-0.0000,0.5268,0.948,0.948,700.0,3,0.000,1.000,0.000,0.000,0,1.63,5.02,2.45,2.60,-0.00,6.39,0.02509,-0.0177,2501.8,-1.9,0.02510,-0.0178,2509.7,6.1,0.04452,0.0197,3863.7,9.6,0.04451,0.0178,3837.7,-7.2,2703.4,-0.0107,0.0000,0.0000,1.884,1,293.15,0,2705.8,-0.0106,0.0000,0.0000,1.883,1,293.15,0,4031.3,1.4314,-0.0000,0.0000,3.772,1,293.15,0,4025.0,1.4305,-0.0000,0.0000,3.774,1,293.15,0
1.2000,0.1140,-0.0000,0.5268,1.031,1.031,700.0,3,0.000,1.000,0.000,0.000,0,1.93,5.93,2.89,3.07,0.00,7.55,0.02480,-0.0129,2506.5,-0.4,0.02480,-0.0115,2509.9,-3.0,0.04479,0.0173,3844.5,-13.0,0.04482,0.0127,3855.5,17.4,2727.6,-0.0108,-0.0000,0.0000,2.048,1,293.15,0,2735.5,-0.0108,-0.0000,0.0000,2.048,1,293.15,0,4008.1,1.2845,-0.0000,0.0000,3.799,1,293.15,0,3966.0,1.2889,-0.0000,0.0000,3.801,1,293.15,0
1.2167,0.1325,-0.0000,0.5267,1.118,1.118,700.0,3,0.000,1.000,0.000,0.000,0,2.27,6.98,3.40,3.62,0.00,8.88,0.02465,-0.0104,2509.4,0.5,0.02465,-0.0107,2514.4,6.5,0.04503,0.0022,3817.4,14.9,0.04501,0.0131,3841.0,-9.0,2694.3,-0.0108,0.0000,0.0000,2.218,1,293.15,0,2700.2,-0.0108,0.0000,0.0000,2.218,1,293.15,0,3992.5,1.1282,-0.0000,0.0000,3.826,1,293.15,0,4098.6,1.1156,-0.0000,0.0000,3.821,1,293.15,0
1.2333,0.1525,-0.0000,0.5267,1.213,1.213,700.0,3,0.000,1.000,0.000,0.000,0,2.67,8.21,4.01,4.26,0.00,10.46,0.02454,-0.0051,2522.8,-2.0,0.02455,-0.0050,2529.2,3.3,0.04527,0.0226,3916.6,10.6,0.04527,0.0252,3877.8,-39.0,2720.3,-0.0109,0.0000,0.0000,2.407,1,293.15,0,2724.5,-0.0109,0.0000,0.0000,2.407,1,293.15,0,4179.5,0.9524,0.0000,0.0000,3.836,1,293.15,0,4182.2,0.9509,0.0000,0.0000,3.839,1,293.15,0
1.2500,0.1742,-0.0000,0.5267,1.319,1.319,700.0,3,0.000,1.000,0.000,0.000,0,3.16,9.70,4.73,5.03,-0.00,12.36,0.02442,-0.0060,2512.2,-1.3,0.02443,-0.0066,2514.9,3.4,0.04544,0.0093,3858.8,4.3,0.04544,0.0012,3836.7,17.9,2708.0,-0.0113,-0.0000,0.0000,2.617,1,293.15,0,2707.0,-0.0113,-0.0000,0.0000,2.617,1,293.15,0,3974.2,0.8120,0.0000,0.0000,3.855,1,293.15,0,3937.2,0.8144,0.0000,0.0000,3.857,1,293.15,0
1.2667,0.1979,-0.0000,0.5266,1.436,1.436,700.0,3,0.000,1.000,0.000,0.000,0,3.74,11.51,5.61,5.97,-0.00,14.66,0.02426,-0.0115,2483.1,2.6,0.02425,-0.0125,2477.1,1.2,0.04567,0.0144,3891.4,2.2,0.04568,0.0077,3857.4,-2.7,2679.5,-0.0118,-0.0000,0.0000,2.852,1,293.15,0,2675.8,-0.0118,-0.0000,0.0000,2.851,1,293.15,0,4073.8,0.6513,0.0000,0.0000,3.859,1,293.15,0,4024.6,0.6541,0.0000,0.0000,3.861,1,293.15,0
1.2833,0.2238,-0.0000,0.5266,1.572,1.572,700.0,3,0.001,1.000,0.000,0.000,0,4.48,13.78,6.72,7.14,-0.00,17.55,0.02398,-0.0203,2429.9,3.1,0.02396,-0.0204,2431.3,6.4,0.04609,0.0329,3997.3,3.9,0.04611,0.0420,3998.4,-36.8,2617.5,-0.0126,0.0000,0.0000,3.121,1,293.15,0,2622.5,-0.0125,0.0000,0.0000,3.121,1,293.15,0,4263.8,0.4943,-0.0000,0.0000,3.845,1,293.15,0,4317.5,0.4918,-0.0000,0.0000,3.845,1,293.15,0
1.3000,0.2522,-0.0000,0.5265,1.724,1.724,700.0,3,0.001,1.000,0.000,0.000,0,5.39,16.58,8.09,8.59,0.00,21.11,0.02353,-0.0343,2342.0,2.1,0.02351,-0.0335,2360.7,18.7,0.04667,0.0285,3996.6,-6.6,0.04670,0.0319,4035.4,15.5,2508.4,-0.0132,0.0001,0.0000,3.419,1,293.15,0,2532.2,-0.0132,0.0001,0.0000,3.420,1,293.15,0,4134.1,0.3581,-0.0000,0.0000,3.897,1,293.15,0,4172.5,0.3569,-0.0000,0.0000,3.892,1,293.15,0
1.3167,0.2832,-0.0000,0.5265,1.876,1.876,700.0,3,0.001,1.000,0.000,0.000,0,6.39,19.64,9.58,10.18,0.00,25.00,0.02290,-0.0432,2268.4,4.1,0.02288,-0.0443,2274.9,16.6,0.04736,0.0658,4207.4,2.4,0.04737,0.0595,4124.2,-53.0,2444.4,-0.0134,0.0000,0.0000,3.716,1,293.15,0,2453.3,-0.0133,0.0000,0.0000,3.716,1,293.15,0,4495.3,0.2286,0.0000,0.0000,3.943,1,293.15,0,4397.1,0.2302,0.0000,0.0000,3.948,1,293.15,0
1.3333,0.3168,-0.0000,0.5264,2.035,2.035,700.0,3,0.001,1.000,0.000,0.000,0,7.51,23.10,11.27,11.97,0.00,29.39,0.02218,-0.0455,2213.7,2.9,0.02218,-0.0405,2238.9,6.9,0.04816,0.0377,4109.9,-9.6,0.04817,0.0381,4142.1,20.4,2427.2,-0.0135,0.0001,0.0000,4.028,1,293.15,0,2479.6,-0.0134,0.0001,0.0000,4.030,1,293.15,0,4231.4,0.1294,-0.0001,0.0000,4.030,1,293.15,0,4237.2,0.1295,-0.0001,0.0000,4.026,1,293.15,0
1.3500,0.3528,-0.0000,0.5264,2.177,2.176,700.0,3,0.001,1.000,0.000,0.000,0,8.60,26.43,12.89,13.69,0.00,33.63,0.02141,-0.0445,2168.9,0.3,0.02141,-0.0454,2180.2,15.6,0.04902,0.0506,4226.9,7.0,0.04905,0.0521,4188.6,-39.4,2361.7,-0.0119,0.0001,0.0000,4.297,1,293.15,0,2369.4,-0.0118,0.0001,0.0000,4.297,1,293.15,0,4473.1,0.0484,-0.0000,0.0000,4.262,1,293.15,0,4469.0,0.0485,-0.0000,0.0000,4.262,1,293.15,0
1.3667,0.3901,-0.0000,0.5264,2.244,2.244,700.0,3,0.001,1.000,0.000,0.000,0,9.14,28.08,13.70,14.55,0.00,35.74,0.02094,-0.0149,2263.8,-2.1,0.02096,-0.0138,2259.8,-12.2,0.04967,0.0258,4135.6,-5.3,0.04968,0.0223,4151.5,25.6,2521.7,-0.0081,0.0000,0.0000,4.407,1,293.15,0,2520.1,-0.0081,0.0000,0.0000,4.407,1,293.15,0,4239.5,0.0261,0.0000,0.0000,4.535,1,293.15,0,4226.7,0.0264,0.0000,0.0000,4.534,1,293.15,0
1.3833,0.4281,-0.0000,0.5263,2.286,2.286,709.4,3,0.001,1.000,0.000,0.000,0,9.49,29.15,14.22,15.11,-0.00,37.09,0.02105,0.0170,2407.2,-2.2,0.02108,0.0173,2399.5,-12.4,0.04957,-0.0299,3887.5,0.6,0.04955,-0.0336,3922.2,52.8,2632.1,-0.0071,-0.0000,0.0000,4.484,1,293.15,0,2624.2,-0.0072,-0.0000,0.0000,4.484,1,293.15,0,3945.1,0.0262,0.0000,0.0000,4.641,1,293.15,0,3962.6,0.0262,0.0000,0.0000,4.637,1,293.15,0
1.4000,0.4667,-0.0000,0.5263,2.325,2.324,722.5,3,0.001,1.000,0.000,0.000,0,9.81,30.14,14.70,15.62,-0.00,38.34,0.02161,0.0424,2549.0,-2.4,0.02164,0.0431,2534.2,-22.1,0.04899,-0.0269,3880.8,9.2,0.04898,-0.0235,3847.2,-39.2,2778.4,-0.0067,-0.0001,0.0000,4.559,1,293.15,0,2766.0,-0.0067,-0.0001,0.0000,4.559,1,293.15,0,4201.8,0.0270,0.0000,0.0000,4.717,1,293.15,0,4208.4,0.0269,0.0000,0.0000,4.720,1,293.15,0
1.4167,0.5061,-0.0000,0.5262,2.365,2.365,734.3,3,0.001,1.000,0.000,0.000,0,10.15,31.19,15.22,16.16,-0.00,39.68,0.02250,0.0584,2670.2,-3.8,0.02253,0.0584,2659.3,-16.4,0.04811,-0.0706,3633.7,0.6,0.04808,-0.0759,3670.0,62.4,2868.6,-0.0065,-0.0000,0.0000,4.638,1,293.15,0,2852.8,-0.0065,-0.0000,0.0000,4.638,1,293.15,0,3703.6,0.0291,0.0000,0.0000,4.815,1,293.15,0,3712.0,0.0290,0.0000,0.0000,4.816,1,293.15,0
1.4333,0.5460,-0.0000,0.5261,2.403,2.403,746.8,3,0.001,1.000,0.000,0.000,0,10.48,32.21,15.72,16.69,-0.00,40.96,0.02361,0.0718,2796.0,-2.0,0.02365,0.0727,2773.4,-30.3,0.04707,-0.0666,3596.4,-2.0,0.04706,-0.0629,3638.6,24.2,3019.0,-0.0062,-0.0000,0.0000,4.714,1,293.15,0,3001.4,-0.0062,-0.0000,0.0000,4.714,1,293.15,0,3792.9,0.0304,0.0000,0.0000,4.895,1,293.15,0,3839.6,0.0300,0.0000,0.0000,4.894,1,293.15,0
1.4500,0.5867,-0.0000,0.5261,2.442,2.442,758.6,3,0.001,1.000,0.000,0.000,0,10.83,33.26,16.23,17.23,0.00,42.29,0.02487,0.0770,2892.1,-3.1,0.02490,0.0762,2870.8,-22.9,0.04594,-0.0685,3541.5,8.7,0.04592,-0.0660,3551.5,8.5,3089.5,-0.0059,-0.0000,0.0000,4.791,1,293.15,0,3063.0,-0.0060,-0.0000,0.0000,4.790,1,293.15,0,3755.9,0.0314,0.0000,0.0000,4.978,1,293.15,0,3798.3,0.0312,0.0000,0.0000,4.975,1,293.15,0
1.4667,0.6279,-0.0000,0.5260,2.481,2.481,770.5,3,0.002,1.000,0.000,0.000,0,11.17,34.32,16.74,17.78,-0.00,43.63,0.02617,0.0769,2969.7,-1.7,0.02619,0.0770,2950.1,-23.0,0.04468,-0.0709,3453.3,-4.7,0.04466,-0.0723,3482.5,31.9,3162.9,-0.0058,-0.0000,0.0000,4.867,1,293.15,0,3144.5,-0.0059,-0.0000,0.0000,4.867,1,293.15,0,3638.2,0.0328,0.0000,0.0000,5.059,1,293.15,0,3641.0,0.0327,0.0000,0.0000,5.063,1,293.15,0
1.4833,0.6698,-0.0000,0.5259,2.519,2.519,782.1,3,0.002,1.000,0.000,0.000,0,11.52,35.39,17.27,18.33,-0.00,44.98,0.02742,0.0722,3022.7,-1.9,0.02745,0.0716,3009.2,-14.2,0.04350,-0.0744,3374.1,-7.1,0.04348,-0.0753,3407.6,31.2,3193.5,-0.0056,-0.0000,0.0000,4.942,1,293.15,0,3177.5,-0.0057,-0.0000,0.0000,4.942,1,293.15,0,3572.5,0.0336,0.0000,0.0000,5.144,1,293.15,0,3576.7,0.0335,0.0000,0.0000,5.144,1,293.15,0
1.5000,0.7124,-0.0000,0.5259,2.558,2.558,793.6,3,0.002,1.000,0.000,0.000,0,11.88,36.49,17.80,18.90,-0.00,46.37,0.02859,0.0697,3081.0,-0.9,0.02861,0.0702,3059.3,-25.8,0.04243,-0.0657,3368.0,3.9,0.04242,-0.0632,3400.0,25.7,3288.3,-0.0056,-0.0000,0.0000,5.021,1,293.15,0,3270.8,-0.0056,-0.0000,0.0000,5.020,1,293.15,0,3539.8,0.0341,0.0000,0.0000,5.224,1,293.15,0,3589.3,0.0341,0.0000,0.0000,5.221,1,293.15,0
1.5167,0.7556,-0.0000,0.5259,2.597,2.597,805.2,3,0.002,1.000,0.000,0.000,0,12.24,37.59,18.34,19.47,-0.00,47.76,0.02964,0.0576,3094.7,4.9,0.02964,0.0580,3073.0,-18.5,0.04144,-0.0512,3377.6,1.3,0.04144,-0.0474,3397.6,4.0,3272.9,-0.0055,-0.0000,0.0000,5.095,1,293.15,0,3268.6,-0.0055,-0.0000,0.0000,5.095,1,293.15,0,3611.7,0.0345,0.0000,0.0000,5.299,1,293.15,0,3650.8,0.0342,0.0000,0.0000,5.301,1,293.15,0
1.5333,0.7994,-0.0000,0.5259,2.635,2.635,817.0,3,0.002,1.000,0.000,0.000,0,12.60,38.71,18.89,20.05,0.00,49.20,0.03053,0.0612,3153.3,-2.9,0.03051,0.0513,3080.2,-32.1,0.04059,-0.0460,3358.0,3.8,0.04057,-0.0451,3350.9,-6.5,3396.2,-0.0054,-0.0000,0.0000,5.173,1,293.15,0,3270.1,-0.0054,-0.0000,0.0000,5.170,1,293.15,0,3611.8,0.0346,0.0000,0.0000,5.381,1,293.15,0,3616.5,0.0346,0.0000,0.0000,5.383,1,293.15,0
1.5500,0.8439,-0.0000,0.5259,2.674,2.674,828.9,3,0.002,1.000,0.000,0.000,0,12.98,39.88,19.46,20.66,0.00,50.68,0.03117,0.0303,3054.2,-5.6,0.03118,0.0326,3073.6,3.8,0.03988,-0.0379,3350.3,-1.8,0.03989,-0.0377,3357.1,4.0,3224.0,-0.0055,-0.0000,0.0000,5.248,1,293.15,0,3235.5,-0.0055,-0.0000,0.0000,5.248,1,293.15,0,3580.0,0.0349,0.0000,0.0000,5.464,1,293.15,0,3583.9,0.0349,0.0000,0.0000,5.463,1,293.15,0
1.5667,0.8891,-0.0000,0.5260,2.714,2.714,840.8,3,0.002,1.000,0.000,0.000,0,13.37,41.07,20.04,21.28,0.00,52.20,0.03167,0.0305,3088.3,-0.9,0.03169,0.0306,3080.1,-10.3,0.03933,-0.0275,3370.2,1.3,0.03933,-0.0287,3370.7,7.2,3287.7,-0.0055,-0.0000,0.0000,5.327,1,293.15,0,3281.5,-0.0055,-0.0000,0.0000,5.327,1,293.15,0,3568.5,0.0352,0.0000,0.0000,5.545,1,293.15,0,3569.3,0.0351,0.0000,0.0000,5.543,1,293.15,0
1.5833,0.9349,-0.0000,0.5260,2.754,2.754,852.9,3,0.002,1.000,0.000,0.000,0,13.77,42.30,20.64,21.91,-0.00,53.76,0.03205,0.0199,3066.4,1.8,0.03206,0.0198,3055.1,-9.5,0.03891,-0.0207,3374.7,-1.1,0.03890,-0.0210,3382.9,8.2,3265.9,-0.0055,0.0000,0.0000,5.406,1,293.15,0,3261.5,-0.0055,0.0000,0.0000,5.406,1,293.15,0,3570.3,0.0353,0.0000,0.0000,5.628,1,293.15,0,3572.5,0.0353,0.0000,0.0000,5.626,1,293.15,0
1.6000,0.9814,-0.0000,0.5261,2.795,2.795,865.1,3,0.002,1.000,0.000,0.000,0,14.17,43.55,21.25,22.56,-0.00,55.37,0.03224,0.0090,3030.1,1.4,0.03224,0.0092,3024.9,-4.2,0.03859,-0.0176,3371.4,-1.2,0.03859,-0.0175,3383.9,10.9,3225.5,-0.0055,0.0000,0.0000,5.485,1,293.15,0,3224.4,-0.0055,0.0000,0.0000,5.485,1,293.15,0,3555.3,0.0354,-0.0000,0.0000,5.712,1,293.15,0,3563.3,0.0354,-0.0000,0.0000,5.709,1,293.15,0
1.6167,1.0286,-0.0000,0.5262,2.836,2.836,877.4,3,0.002,1.000,0.000,0.000,0,14.59,44.84,21.88,23.23,-0.00,57.03,0.03232,0.0020,3003.2,0.7,0.03231,0.0016,3002.3,1.6,0.03842,-0.0103,3395.3,-0.3,0.03841,-0.0128,3391.9,7.9,3189.7,-0.0055,-0.0000,0.0000,5.566,1,293.15,0,3188.2,-0.0055,-0.0000,0.0000,5.566,1,293.15,0,3578.2,0.0353,-0.0000,0.0000,5.794,1,293.15,0,3561.6,0.0353,-0.0000,0.0000,5.793,1,293.15,0
1.6333,1.0764,-0.0000,0.5263,2.877,2.877,889.8,3,0.003,1.000,0.000,0.000,0,15.02,46.17,22.52,23.92,0.00,58.72,0.03228,-0.0046,2973.3,0.6,0.03227,-0.0048,2975.7,4.6,0.03835,-0.0027,3424.8,-1.0,0.03834,-0.0029,3425.6,1.3,3157.9,-0.0055,0.0000,0.0000,5.647,1,293.15,0,3158.8,-0.0055,0.0000,0.0000,5.647,1,293.15,0,3622.8,0.0350,-0.0000,0.0000,5.878,1,293.15,0,3618.3,0.0351,-0.0000,0.0000,5.876,1,293.15,0
1.6500,1.1250,-0.0000,0.5263,2.919,2.919,902.4,3,0.003,1.000,0.000,0.000,0,15.46,47.52,23.18,24.62,0.00,60.46,0.03216,-0.0094,2944.9,-0.0,0.03215,-0.0096,2949.8,6.0,0.03833,0.0004,3438.5,-0.0,0.03833,0.0009,3439.3,-1.4,3132.0,-0.0055,0.0000,0.0000,5.729,1,293.15,0,3133.8,-0.0055,0.0000,0.0000,5.729,1,293.15,0,3638.7,0.0350,-0.0000,0.0000,5.963,1,293.15,0,3640.5,0.0350,-0.0000,0.0000,5.961,1,293.15,0
1.6667,1.1743,-0.0000,0.5264,2.961,2.961,915.0,3,0.003,1.000,0.000,0.000,0,15.92,48.92,23.86,25.35,0.00,62.25,0.03198,-0.0125,2922.5,0.7,0.03197,-0.0127,2926.2,5.7,0.03842,0.0061,3469.2,0.7,0.03842,0.0062,3465.3,-3.9,3111.6,-0.0055,0.0000,0.0000,5.812,1,293.15,0,3114.2,-0.0055,0.0000,0.0000,5.812,1,293.15,0,3669.3,0.0348,-0.0000,0.0000,6.048,1,293.15,0,3667.5,0.0349,-0.0000,0.0000,6.047,1,293.15,0
1.6833,1.2242,-0.0000,0.5265,3.004,3.004,927.8,3,0.003,1.000,0.000,0.000,0,16.38,50.35,24.56,26.09,0.00,64.08,0.03175,-0.0146,2900.3,0.7,0.03174,-0.0146,2904.0,4.6,0.03852,0.0051,3468.9,-1.0,0.03852,0.0057,3477.5,4.9,3095.0,-0.0055,0.0000,0.0000,5.896,1,293.15,0,3098.8,-0.0055,0.0000,0.0000,5.896,1,293.15,0,3647.2,0.0348,-0.0000,0.0000,6.137,1,293.15,0,3655.2,0.0349,-0.0000,0.0000,6.135,1,293.15,0
1.7000,1.2749,-0.0000,0.5265,3.048,3.048,940.6,3,0.003,1.000,0.000,0.000,0,16.86,51.82,25.28,26.86,0.00,65.96,0.03149,-0.0154,2881.7,-0.3,0.03149,-0.0154,2886.4,4.6,0.03868,0.0016,3463.0,0.1,0.03867,-0.0009,3470.1,19.0,3080.7,-0.0056,0.0000,0.0000,5.982,1,293.15,0,3082.7,-0.0055,0.0000,0.0000,5.982,1,293.15,0,3596.2,0.0349,-0.0000,0.0000,6.227,1,293.15,0,3592.4,0.0349,-0.0000,0.0000,6.226,1,293.15,0
1.7167,1.3264,-0.0000,0.5266,3.091,3.091,953.8,3,0.003,1.000,0.000,0.000,0,17.34,53.32,26.01,27.63,-0.00,67.88,0.03123,-0.0153,2868.9,1.2,0.03122,-0.0153,2869.8,2.7,0.03884,0.0049,3482.0,-4.3,0.03884,0.0034,3501.7,21.9,3069.0,-0.0056,0.0000,0.0000,6.068,1,293.15,0,3071.3,-0.0056,0.0000,0.0000,6.068,1,293.15,0,3616.5,0.0349,-0.0000,0.0000,6.315,1,293.15,0,3617.4,0.0350,-0.0000,0.0000,6.314,1,293.15,0
1.7333,1.3785,-0.0000,0.5266,3.135,3.135,967.1,3,0.003,1.000,0.000,0.000,0,17.84,54.84,26.75,28.42,-0.00,69.83,0.03097,-0.0145,2857.5,1.1,0.03096,-0.0144,2858.2,1.8,0.03903,0.0063,3502.9,0.3,0.03902,0.0054,3509.4,11.0,3059.8,-0.0055,0.0000,0.0000,6.153,1,293.15,0,3062.1,-0.0055,0.0000,0.0000,6.153,1,293.15,0,3656.4,0.0348,-0.0000,0.0000,6.405,1,293.15,0,3658.8,0.0349,-0.0000,0.0000,6.403,1,293.15,0
1.7500,1.4314,-0.0000,0.5267,3.179,3.179,980.5,3,0.003,1.000,0.000,0.000,0,18.35,56.40,27.51,29.23,0.00,71.82,0.03073,-0.0136,2847.8,1.0,0.03072,-0.0131,2848.6,0.5,0.03925,0.0157,3558.8,1.8,0.03926,0.0182,3552.9,-15.5,3053.4,-0.0055,0.0000,0.0000,6.240,1,293.15,0,3057.1,-0.0055,0.0000,0.0000,6.240,1,293.15,0,3782.3,0.0345,-0.0000,0.0000,6.492,1,293.15,0,3793.3,0.0346,-0.0000,0.0000,6.490,1,293.15,0
1.7667,1.4851,-0.0000,0.5267,3.224,3.224,994.2,3,0.003,1.000,0.000,0.000,0,18.86,57.99,28.28,30.05,0.00,73.84,0.03050,-0.0125,2839.2,0.6,0.03049,-0.0123,2841.0,1.8,0.03941,0.0155,3568.8,4.2,0.03942,0.0171,3541.2,-30.6,3041.2,-0.0054,-0.0000,0.0000,6.327,1,293.15,0,3044.2,-0.0054,-0.0000,0.0000,6.327,1,293.15,0,3833.1,0.0346,0.0000,0.0000,6.583,1,293.15,0,3825.5,0.0347,0.0000,0.0000,6.582,1,293.15,0
1.7833,1.5395,-0.0000,0.5267,3.269,3.269,1007.7,3,0.004,1.000,0.000,0.000,0,19.40,59.64,29.09,30.91,0.00,75.95,0.03030,-0.0118,2830.2,0.1,0.03030,-0.0119,2834.4,4.8,0.03959,0.0114,3555.2,-1.1,0.03959,0.0088,3542.3,-2.0,3023.5,-0.0055,-0.0000,0.0000,6.416,1,293.15,0,3026.4,-0.0055,-0.0000,0.0000,6.416,1,293.15,0,3749.1,0.0349,0.0000,0.0000,6.678,1,293.15,0,3721.7,0.0351,0.0000,0.0000,6.678,1,293.15,0
1.8000,1.5946,-0.0000,0.5267,3.315,3.315,1021.5,3,0.004,1.000,0.000,0.000,0,19.94,61.32,29.91,31.78,0.00,78.09,0.03014,-0.0097,2829.6,-0.5,0.03014,-0.0099,2834.9,5.6,0.03973,0.0005,3509.1,-5.9,0.03973,-0.0013,3532.5,25.6,3019.9,-0.0055,-0.0000,0.0000,6.506,1,293.15,0,3022.4,-0.0055,-0.0000,0.0000,6.506,1,293.15,0,3641.6,0.0353,0.0000,0.0000,6.777,1,293.15,0,3640.2,0.0354,0.0000,0.0000,6.774,1,293.15,0
1.8167,1.6505,-0.0000,0.5267,3.361,3.361,1035.6,3,0.004,1.000,0.000,0.000,0,20.50,63.01,30.74,32.66,-0.00,80.24,0.03000,-0.0079,2830.7,0.3,0.03000,-0.0079,2831.7,1.8,0.03993,0.0186,3607.2,0.7,0.03993,0.0183,3584.2,-20.9,3028.4,-0.0054,-0.0000,0.0000,6.595,1,293.15,0,3029.3,-0.0054,-0.0000,0.0000,6.595,1,293.15,0,3848.2,0.0351,0.0000,0.0000,6.863,1,293.15,0,3827.0,0.0352,0.0000,0.0000,6.862,1,293.15,0
1.8333,1.7072,-0.0000,0.5266,3.406,3.406,1049.9,3,0.004,1.000,0.000,0.000,0,21.06,64.74,31.58,33.55,0.00,82.44,0.02990,-0.0045,2839.1,0.1,0.02990,-0.0040,2839.4,-1.9,0.03999,0.0076,3562.5,1.6,0.04000,0.0112,3557.5,-19.8,3045.8,-0.0053,0.0000,0.0000,6.685,1,293.15,0,3048.7,-0.0053,0.0000,0.0000,6.685,1,293.15,0,3808.8,0.0354,-0.0000,0.0000,6.963,1,293.15,0,3823.6,0.0355,-0.0000,0.0000,6.960,1,293.15,0
1.8500,1.7647,-0.0000,0.5266,3.454,3.454,1063.6,3,0.004,1.000,0.000,0.000,0,21.65,66.56,32.47,34.50,0.00,84.75,0.02982,-0.0048,2832.6,-0.1,0.02982,-0.0049,2834.2,1.6,0.04014,-0.0020,3525.2,-1.3,0.04014,-0.0054,3539.4,28.2,3029.3,-0.0054,-0.0000,0.0000,6.779,1,293.15,0,3030.9,-0.0054,-0.0000,0.0000,6.779,1,293.15,0,3637.4,0.0359,0.0000,0.0000,7.063,1,293.15,0,3634.2,0.0359,0.0000,0.0000,7.062,1,293.15,0
1.8667,1.8229,-0.0000,0.5266,3.500,3.500,1078.4,3,0.004,1.000,0.000,0.000,0,22.23,68.35,33.34,35.42,-0.00,87.02,0.02977,-0.0030,2837.0,-0.8,0.02977,-0.0032,2840.3,3.4,0.04025,0.0157,3611.1,0.2,0.04026,0.0182,3597.0,-25.7,3027.9,-0.0053,0.0000,0.0000,6.869,1,293.15,0,3028.2,-0.0053,0.0000,0.0000,6.869,1,293.15,0,3871.9,0.0357,0.0000,0.0000,7.153,1,293.15,0,3871.2,0.0358,0.0000,0.0000,7.151,1,293.15,0
1.8833,1.8819,0.0000,0.5266,3.548,3.548,1092.6,3,0.004,1.000,0.000,0.000,0,22.85,70.24,34.26,36.40,-0.00,89.42,0.02973,-0.0011,2844.3,0.1,0.02974,-0.0007,2843.6,-2.0,0.04032,-0.0009,3540.0,-1.0,0.04032,-0.0018,3556.9,20.2,3047.6,-0.0053,0.0000,0.0000,6.964,1,293.15,0,3049.1,-0.0053,0.0000,0.0000,6.964,1,293.15,0,3675.6,0.0363,-0.0000,0.0000,7.258,1,293.15,0,3684.5,0.0364,-0.0000,0.0000,7.256,1,293.15,0
1.9000,1.9418,0.0000,0.5265,3.595,3.595,1107.5,3,0.004,1.000,0.000,0.000,0,23.46,72.11,35.18,37.37,0.00,91.80,0.02971,-0.0018,2839.6,-0.1,0.02971,-0.0020,2840.4,1.3,0.04041,0.0160,3618.8,-2.2,0.04043,0.0185,3609.1,-23.9,3033.8,-0.0053,-0.0000,0.0000,7.056,1,293.15,0,3034.4,-0.0053,-0.0000,0.0000,7.056,1,293.15,0,3881.3,0.0362,0.0000,0.0000,7.350,1,293.15,0,3878.4,0.0363,0.0000,0.0000,7.348,1,293.15,0
1.9167,2.0024,0.0000,0.5265,3.644,3.644,1122.1,3,0.005,1.000,0.000,0.000,0,24.10,74.07,36.13,38.39,0.00,94.29,0.02970,-0.0005,2844.0,-0.8,0.02971,-0.0006,2847.1,2.4,0.04045,-0.0050,3527.4,-1.6,0.04045,-0.0037,3552.6,17.5,3035.6,-0.0052,0.0000,0.0000,7.151,1,293.15,0,3036.8,-0.0052,0.0000,0.0000,7.151,1,293.15,0,3678.2,0.0368,-0.0000,0.0000,7.459,1,293.15,0,3704.1,0.0369,-0.0000,0.0000,7.456,1,293.15,0
1.9333,2.0638,0.0000,0.5265,3.692,3.692,1137.2,3,0.005,1.000,0.000,0.000,0,24.74,76.05,37.09,39.41,0.00,96.79,0.02971,0.0008,2850.6,0.1,0.02971,0.0006,2848.5,-1.3,0.04056,0.0180,3638.0,0.4,0.04057,0.0179,3608.7,-29.1,3049.9,-0.0052,-0.0000,0.0000,7.246,1,293.15,0,3047.9,-0.0052,-0.0000,0.0000,7.246,1,293.15,0,3906.9,0.0367,0.0000,0.0000,7.550,1,293.15,0,3881.4,0.0367,0.0000,0.0000,7.549,1,293.15,0
1.9500,2.1261,0.0000,0.5264,3.741,3.741,1152.1,3,0.005,1.000,0.000,0.000,0,25.41,78.09,38.09,40.47,-0.00,99.39,0.02971,-0.0000,2846.5,-0.5,0.02971,-0.0000,2849.2,2.2,0.04055,-0.0071,3519.1,-6.3,0.04055,-0.0045,3566.3,29.2,3037.3,-0.0052,0.0000,0.0000,7.344,1,293.15,0,3038.5,-0.0052,0.0000,0.0000,7.344,1,293.15,0,3649.3,0.0376,-0.0000,0.0000,7.662,1,293.15,0,3687.9,0.0374,-0.0000,0.0000,7.660,1,293.15,0
1.9667,2.1892,0.0000,0.5264,3.790,3.790,1167.4,3,0.005,1.000,0.000,0.000,0,26.07,80.15,39.10,41.53,0.00,101.99,0.02972,0.0016,2854.8,0.3,0.02972,0.0016,2851.9,-2.9,0.04062,0.0038,3581.5,4.1,0.04062,0.0028,3559.7,-13.5,3057.6,-0.0051,-0.0000,0.0000,7.440,1,293.15,0,3056.0,-0.0051,-0.0000,0.0000,7.440,1,293.15,0,3803.8,0.0374,0.0000,0.0000,7.760,1,293.15,0,3792.0,0.0375,0.0000,0.0000,7.760,1,293.15,0
1.9833,2.2531,0.0000,0.5264,3.841,3.841,1182.6,3,0.005,1.000,0.000,0.000,0,26.77,82.28,40.14,42.64,-0.00,104.70,0.02972,-0.0005,2845.3,-0.4,0.02972,-0.0007,2848.0,3.1,0.04068,0.0064,3589.8,-2.9,0.04069,0.0075,3599.4,1.8,3033.3,-0.0051,0.0000,0.0000,7.538,1,293.15,0,3033.7,-0.0051,0.0000,0.0000,7.538,1,293.15,0,3782.8,0.0376,-0.0000,0.0000,7.864,1,293.15,0,3787.8,0.0378,-0.0000,0.0000,7.862,1,293.15,0
2.0000,2.3178,0.0000,0.5264,3.891,3.891,1198.0,3,0.005,1.000,0.000,0.000,0,27.48,84.45,41.20,43.76,0.00,107.45,0.02972,-0.0002,2846.9,-0.2,0.02972,-0.0001,2848.0,0.3,0.04069,-0.0049,3540.4,-1.9,0.04069,-0.0067,3552.0,17.2,3042.9,-0.0051,-0.0000,0.0000,7.637,1,293.15,0,3044.1,-0.0051,-0.0000,0.0000,7.637,1,293.15,0,3692.8,0.0382,0.0000,0.0000,7.974,1,293.15,0,3692.3,0.0382,0.0000,0.0000,7.971,1,293.15,0
2.0167,2.3834,0.0000,0.5263,3.941,3.941,1213.7,3,0.005,1.000,0.000,0.000,0,28.19,86.65,42.27,44.90,-0.00,110.25,0.02972,-0.0003,2846.1,-0.3,0.02972,-0.0005,2847.3,1.4,0.04076,0.0045,3591.3,3.0,0.04076,0.0053,3577.9,-14.4,3039.0,-0.0050,-0.0000,0.0000,7.736,1,293.15,0,3039.2,-0.0050,-0.0000,0.0000,7.736,1,293.15,0,3819.0,0.0381,0.0000,0.0000,8.075,1,293.15,0,3819.4,0.0381,0.0000,0.0000,8.073,1,293.15,0
2.0333,2.4498,0.0000,0.5263,3.992,3.992,1229.4,3,0.006,1.000,0.000,0.000,0,28.93,88.91,43.37,46.07,-0.00,113.12,0.02971,-0.0012,2841.5,-0.1,0.02971,-0.0014,2842.7,1.5,0.04081,0.0109,3619.4,-0.4,0.04082,0.0139,3611.5,-22.3,3034.6,-0.0050,0.0000,0.0000,7.836,1,293.15,0,3035.0,-0.0050,0.0000,0.0000,7.836,1,293.15,0,3876.6,0.0383,-0.0000,0.0000,8.178,1,293.15,0,3881.3,0.0383,-0.0000,0.0000,8.176,1,293.15,0
2.0500,2.5171,0.0000,0.5263,4.045,4.045,1244.7,3,0.006,1.000,0.000,0.000,0,29.69,91.26,44.52,47.28,-0.00,116.10,0.02969,-0.0007,2843.6,0.3,0.02970,-0.0006,2843.0,-1.0,0.04087,0.0039,3587.6,-3.7,0.04087,0.0033,3602.2,13.3,3043.0,-0.0051,0.0000,0.0000,7.940,1,293.15,0,3044.0,-0.0051,0.0000,0.0000,7.940,1,293.15,0,3749.2,0.0387,-0.0000,0.0000,8.289,1,293.15,0,3750.7,0.0387,-0.0000,0.0000,8.287,1,293.15,0
2.0667,2.5853,0.0000,0.5263,4.097,4.097,1260.4,3,0.006,1.000,0.000,0.000,0,30.46,93.61,45.67,48.50,0.00,119.09,0.02967,-0.0012,2839.6,-0.4,0.02968,-0.0012,2841.4,1.3,0.04090,-0.0034,3558.5,-1.9,0.04089,-0.0053,3572.5,20.6,3034.1,-0.0050,-0.0000,0.0000,8.042,1,293.15,0,3035.1,-0.0050,-0.0000,0.0000,8.042,1,293.15,0,3698.7,0.0390,0.0000,0.0000,8.400,1,293.15,0,3698.8,0.0390,0.0000,0.0000,8.398,1,293.15,0
2.0833,2.6543,0.0000,0.5263,4.149,4.149,1276.5,3,0.006,1.000,0.000,0.000,0,31.24,96.00,46.83,49.74,0.00,122.12,0.02965,-0.0018,2835.9,-0.3,0.02965,-0.0019,2837.6,1.9,0.04093,-0.0039,3562.3,2.3,0.04093,-0.0051,3558.5,4.1,3029.1,-0.0049,-0.0000,0.0000,8.143,1,293.15,0,3029.7,-0.0049,-0.0000,0.0000,8.143,1,293.15,0,3742.1,0.0391,0.0000,0.0000,8.508,1,293.15,0,3740.6,0.0391,0.0000,0.0000,8.506,1,293.15,0
2.1000,2.7242,0.0000,0.5263,4.201,4.201,1292.5,3,0.006,1.000,0.000,0.000,0,32.03,98.44,48.02,51.01,-0.00,125.23,0.02962,-0.0024,2832.5,0.4,0.02962,-0.0026,2832.1,0.9,0.04099,0.0024,3595.3,4.0,0.04099,0.0013,3575.6,-10.9,3027.0,-0.0049,-0.0000,0.0000,8.246,1,293.15,0,3027.1,-0.0049,-0.0000,0.0000,8.246,1,293.15,0,3811.3,0.0391,0.0000,0.0000,8.614,1,293.15,0,3799.1,0.0392,0.0000,0.0000,8.614,1,293.15,0
2.1167,2.7950,0.0000,0.5263,4.254,4.254,1308.8,3,0.006,1.000,0.000,0.000,0,32.84,100.93,49.24,52.30,-0.00,128.39,0.02959,-0.0019,2832.8,0.4,0.02959,-0.0016,2831.7,-1.8,0.04102,-0.0011,3580.4,3.3,0.04102,0.0004,3573.2,-10.6,3035.4,-0.0048,0.0000,0.0000,8.350,1,293.15,0,3036.6,-0.0048,0.0000,0.0000,8.350,1,293.15,0,3801.2,0.0394,-0.0000,0.0000,8.726,1,293.15,0,3810.3,0.0394,-0.0000,0.0000,8.724,1,293.15,0
2.1333,2.8667,0.0000,0.5263,4.308,4.308,1324.9,3,0.006,1.000,0.000,0.000,0,33.68,103.50,50.49,53.62,-0.00,131.65,0.02956,-0.0008,2835.4,0.4,0.02956,-0.0006,2833.1,-3.0,0.04110,0.0028,3603.0,4.3,0.04110,0.0024,3585.6,-11.4,3040.9,-0.0048,-0.0000,0.0000,8.456,1,293.15,0,3040.9,-0.0048,-0.0000,0.0000,8.456,1,293.15,0,3819.1,0.0395,0.0000,0.0000,8.835,1,293.15,0,3813.1,0.0395,0.0000,0.0000,8.834,1,293.15,0
2.1500,2.9393,0.0000,0.5263,4.361,4.361,1341.4,3,0.007,1.000,0.000,0.000,0,34.52,106.08,51.75,54.96,-0.00,134.94,0.02952,-0.0018,2828.6,-0.2,0.02952,-0.0018,2829.9,1.1,0.04113,0.0056,3614.6,1.5,0.04114,0.0073,3603.8,-17.1,3023.9,-0.0048,0.0000,0.0000,8.560,1,293.15,0,3024.4,-0.0048,0.0000,0.0000,8.560,1,293.15,0,3854.8,0.0397,-0.0000,0.0000,8.946,1,293.15,0,3855.9,0.0397,-0.0000,0.0000,8.944,1,293.15,0
2.1667,3.0128,0.0000,0.5263,4.415,4.415,1357.8,3,0.007,1.000,0.000,0.000,0,35.38,108.73,53.04,56.34,0.00,138.31,0.02949,-0.0022,2824.2,-0.8,0.02949,-0.0023,2827.3,2.6,0.04118,-0.0022,3584.9,4.0,0.04117,-0.0010,3575.6,-10.1,3017.0,-0.0047,0.0000,0.0000,8.666,1,293.15,0,3017.7,-0.0047,0.0000,0.0000,8.666,1,293.15,0,3803.1,0.0399,-0.0000,0.0000,9.062,1,293.15,0,3809.1,0.0400,-0.0000,0.0000,9.060,1,293.15,0
2.1833,3.0872,0.0000,0.5262,4.470,4.470,1374.3,3,0.007,1.000,0.000,0.000,0,36.27,111.45,54.37,57.74,0.00,141.76,0.02944,-0.0021,2822.4,-0.7,0.02944,-0.0022,2824.5,2.0,0.04124,-0.0005,3595.4,3.9,0.04124,-0.0010,3583.4,-6.1,3016.7,-0.0047,-0.0000,0.0000,8.774,1,293.15,0,3016.5,-0.0047,-0.0000,0.0000,8.774,1,293.15,0,3799.3,0.0401,0.0000,0.0000,9.175,1,293.15,0,3798.8,0.0401,0.0000,0.0000,9.173,1,293.15,0
2.2000,3.1625,0.0000,0.5262,4.525,4.525,1390.9,3,0.007,1.000,0.000,0.000,0,37.16,114.21,55.72,59.17,-0.00,145.27,0.02941,-0.0020,2821.3,-0.0,0.02941,-0.0023,2822.0,1.7,0.04130,-0.0054,3578.4,5.7,0.04128,-0.0075,3566.8,3.9,3014.3,-0.0047,0.0000,0.0000,8.883,1,293.15,0,3013.7,-0.0047,0.0000,0.0000,8.883,1,293.15,0,3749.8,0.0404,-0.0000,0.0000,9.291,1,293.15,0,3745.4,0.0404,-0.0000,0.0000,9.290,1,293.15,0
2.2167,3.2387,0.0000,0.5262,4.581,4.581,1407.5,3,0.007,1.000,0.000,0.000,0,38.09,117.06,57.11,60.65,0.00,148.88,0.02937,-0.0022,2818.1,-0.4,0.02937,-0.0021,2820.7,2.0,0.04139,0.0004,3601.5,-2.2,0.04138,-0.0056,3596.5,20.1,3011.6,-0.0048,0.0000,0.0000,8.994,1,293.15,0,3012.6,-0.0048,0.0000,0.0000,8.994,1,293.15,0,3740.1,0.0405,-0.0000,0.0000,9.405,1,293.15,0,3702.1,0.0407,-0.0000,0.0000,9.405,1,293.15,0
2.2333,3.3159,0.0000,0.5262,4.637,4.637,1424.6,3,0.007,1.000,0.000,0.000,0,39.02,119.91,58.50,62.12,0.00,152.51,0.02933,-0.0021,2815.9,-0.9,0.02933,-0.0019,2820.0,2.4,0.04146,0.0104,3640.3,-11.3,0.04148,0.0115,3663.0,5.0,3009.6,-0.0048,-0.0000,0.0000,9.103,1,293.15,0,3011.8,-0.0048,-0.0000,0.0000,9.103,1,293.15,0,3845.5,0.0406,0.0000,0.0000,9.513,1,293.15,0,3842.6,0.0406,0.0000,0.0000,9.516,1,293.15,0
2.2500,3.3940,0.0000,0.5262,4.692,4.692,1442.0,3,0.008,1.000,0.000,0.000,0,39.96,122.79,59.90,63.62,0.00,156.17,0.02929,-0.0013,2818.0,-0.1,0.02929,-0.0012,2818.0,-0.5,0.04148,0.0118,3655.5,-3.6,0.04149,0.0139,3653.3,-15.8,3017.7,-0.0047,-0.0000,0.0000,9.211,1,293.15,0,3017.8,-0.0047,-0.0000,0.0000,9.211,1,293.15,0,3901.4,0.0408,0.0000,0.0000,9.632,1,293.15,0,3897.9,0.0408,0.0000,0.0000,9.629,1,293.15,0
2.2667,3.4730,0.0000,0.5262,4.748,4.748,1459.3,3,0.008,1.000,0.000,0.000,0,40.92,125.75,61.34,65.15,-0.00,159.92,0.02925,-0.0016,2814.8,0.3,0.02925,-0.0013,2813.7,-1.9,0.04149,-0.0046,3591.3,4.6,0.04149,-0.0037,3579.8,-10.5,3018.1,-0.0046,0.0000,0.0000,9.321,1,293.15,0,3018.7,-0.0046,0.0000,0.0000,9.321,1,293.15,0,3811.2,0.0411,-0.0000,0.0000,9.757,1,293.15,0,3816.1,0.0412,-0.0000,0.0000,9.755,1,293.15,0
2.2833,3.5530,0.0000,0.5262,4.807,4.807,1476.0,3,0.008,1.000,0.000,0.000,0,41.93,128.86,62.86,66.76,-0.00,163.87,0.02922,-0.0025,2808.7,0.2,0.02922,-0.0025,2809.2,0.7,0.04164,-0.0043,3599.1,3.1,0.04163,-0.0080,3602.3,23.6,3004.6,-0.0047,0.0000,0.0000,9.437,1,293.15,0,3005.6,-0.0047,0.0000,0.0000,9.437,1,293.15,0,3714.3,0.0413,-0.0000,0.0000,9.875,1,293.15,0,3711.2,0.0414,-0.0000,0.0000,9.875,1,293.15,0
2.3000,3.6339,0.0000,0.5262,4.863,4.863,1494.0,3,0.008,1.000,0.000,0.000,0,42.92,131.90,64.35,68.34,0.00,167.74,0.02919,-0.0025,2806.9,0.2,0.02919,-0.0026,2807.5,1.2,0.04167,0.0179,3690.5,-6.3,0.04169,0.0195,3691.0,-13.7,3001.4,-0.0047,-0.0000,0.0000,9.548,1,293.15,0,3002.0,-0.0047,-0.0000,0.0000,9.548,1,293.15,0,3931.4,0.0414,0.0000,0.0000,9.986,1,293.15,0,3923.0,0.0414,0.0000,0.0000,9.983,1,293.15,0
2.3167,3.7158,0.0000,0.5262,4.921,4.921,1511.7,3,0.008,1.000,0.000,0.000,0,43.94,135.03,65.87,69.96,-0.00,171.71,0.02916,-0.0018,2808.0,0.0,0.02916,-0.0021,2808.5,1.6,0.04168,0.0004,3621.6,2.2,0.04168,0.0012,3614.3,-8.1,3001.0,-0.0046,0.0000,0.0000,9.659,1,293.15,0,3000.6,-0.0046,0.0000,0.0000,9.659,1,293.15,0,3836.3,0.0417,-0.0000,0.0000,10.113,1,293.15,0,3837.4,0.0418,-0.0000,0.0000,10.112,1,293.15,0
2.3333,3.7987,0.0000,0.5261,4.980,4.980,1528.9,3,0.008,1.000,0.000,0.000,0,45.01,138.30,67.47,71.65,0.00,175.86,0.02912,-0.0011,2809.1,-0.1,0.02912,-0.0009,2809.0,-1.1,0.04182,-0.0006,3625.1,3.3,0.04182,-0.0030,3621.5,10.4,3010.3,-0.0046,0.0000,0.0000,9.777,1,293.15,0,3010.7,-0.0045,0.0000,0.0000,9.777,1,293.15,0,3778.2,0.0418,-0.0000,0.0000,10.235,1,293.15,0,3775.2,0.0418,-0.0000,0.0000,10.234,1,293.15,0
2.3500,3.8825,0.0000,0.5261,5.038,5.038,1547.3,3,0.009,1.000,0.000,0.000,0,46.06,141.52,69.04,73.32,0.00,179.95,0.02909,-0.0021,2803.0,0.3,0.02909,-0.0020,2803.0,-0.2,0.04183,0.0093,3661.8,-4.7,0.04184,0.0103,3664.6,-7.2,3001.1,-0.0046,-0.0000,0.0000,9.890,1,293.15,0,3002.2,-0.0046,-0.0000,0.0000,9.890,1,293.15,0,3886.2,0.0421,0.0000,0.0000,10.354,1,293.15,0,3881.9,0.0421,0.0000,0.0000,10.351,1,293.15,0
2.3667,3.9674,0.0000,0.5261,5.097,5.097,1565.1,3,0.009,1.000,0.000,0.000,0,47.15,144.87,70.68,75.05,-0.00,184.20,0.02907,-0.0018,2803.2,0.2,0.02907,-0.0018,2804.2,1.5,0.04193,-0.0020,3625.2,3.7,0.04193,0.0020,3640.8,1.6,2996.0,-0.0045,0.0000,0.0000,10.006,1,293.15,0,2997.2,-0.0045,0.0000,0.0000,10.006,1,293.15,0,3806.8,0.0423,-0.0000,0.0000,10.480,1,293.15,0,3849.2,0.0421,-0.0000,0.0000,10.479,1,293.15,0
2.3833,4.0532,0.0000,0.5261,5.156,5.156,1583.6,3,0.009,1.000,0.000,0.000,0,48.24,148.24,72.32,76.80,0.00,188.48,0.02903,-0.0009,2804.4,-0.2,0.02904,-0.0003,2805.6,-1.8,0.04195,0.0053,3655.4,0.4,0.04195,0.0058,3649.2,-8.3,3007.9,-0.0045,0.0000,0.0000,10.123,1,293.15,0,3011.6,-0.0045,0.0000,0.0000,10.123,1,293.15,0,3871.1,0.0425,0.0000,0.0000,10.603,1,293.15,0,3869.8,0.0426,0.0000,0.0000,10.601,1,293.15,0
2.4000,4.1400,0.0000,0.5261,5.217,5.217,1601.4,3,0.009,1.000,0.000,0.000,0,49.39,151.75,74.03,78.61,-0.00,192.93,0.02900,-0.0025,2796.7,0.6,0.02900,-0.0027,2796.1,1.0,0.04207,0.0017,3650.7,5.0,0.04206,-0.0004,3639.6,3.9,2990.7,-0.0045,0.0000,0.0000,10.242,1,293.15,0,2990.9,-0.0045,0.0000,0.0000,10.241,1,293.15,0,3816.4,0.0426,-0.0000,0.0000,10.728,1,293.15,0,3810.5,0.0427,-0.0000,0.0000,10.729,1,293.15,0
2.4167,4.2278,0.0000,0.5261,5.276,5.276,1620.1,3,0.009,1.000,0.000,0.000,0,50.53,155.24,75.74,80.42,0.00,197.36,0.02896,-0.0018,2796.4,-0.5,0.02896,-0.0015,2798.1,-0.0,0.04208,-0.0010,3634.0,-0.2,0.04209,-0.0010,3638.2,4.0,2996.2,-0.0044,-0.0000,0.0000,10.359,1,293.15,0,2997.6,-0.0044,-0.0000,0.0000,10.359,1,293.15,0,3819.1,0.0430,0.0000,0.0000,10.856,1,293.15,0,3823.3,0.0430,0.0000,0.0000,10.855,1,293.15,0
2.4333,4.3166,0.0000,0.5260,5.337,5.337,1638.3,3,0.009,1.000,0.000,0.000,0,51.70,158.85,77.50,82.29,0.00,201.94,0.02893,-0.0021,2793.9,0.2,0.02893,-0.0023,2793.8,0.9,0.04216,0.0054,3665.5,-1.6,0.04217,0.0042,3666.2,4.6,2988.9,-0.0045,-0.0000,0.0000,10.479,1,293.15,0,2988.8,-0.0045,-0.0000,0.0000,10.479,1,293.15,0,3846.3,0.0431,0.0000,0.0000,10.980,1,293.15,0,3838.1,0.0432,0.0000,0.0000,10.979,1,293.15,0
2.4500,4.4065,0.0000,0.5260,5.399,5.399,1656.7,3,0.010,1.000,0.000,0.000,0,52.89,162.51,79.29,84.19,-0.00,206.59,0.02890,-0.0014,2794.9,0.1,0.02890,-0.0012,2794.9,-0.8,0.04225,0.0011,3651.8,-0.4,0.04224,0.0003,3656.0,7.6,2995.2,-0.0044,0.0000,0.0000,10.600,1,293.15,0,2996.1,-0.0044,0.0000,0.0000,10.600,1,293.15,0,3823.8,0.0432,-0.0000,0.0000,11.109,1,293.15,0,3823.4,0.0433,-0.0000,0.0000,11.107,1,293.15,0
2.4667,4.4973,0.0000,0.5260,5.460,5.460,1675.5,3,0.010,1.000,0.000,0.000,0,54.10,166.21,81.09,86.10,0.00,211.27,0.02887,-0.0019,2791.4,0.1,0.02887,-0.0019,2792.0,0.9,0.04230,0.0060,3675.3,-1.3,0.04230,0.0070,3677.3,-4.1,2986.4,-0.0044,-0.0000,0.0000,10.719,1,293.15,0,2987.3,-0.0044,-0.0000,0.0000,10.719,1,293.15,0,3882.3,0.0434,0.0000,0.0000,11.235,1,293.15,0,3885.5,0.0434,0.0000,0.0000,11.233,1,293.15,0
2.4833,4.5892,0.0000,0.5260,5.522,5.522,1694.1,3,0.010,1.000,0.000,0.000,0,55.33,169.99,82.94,88.06,0.00,216.08,0.02884,-0.0023,2787.4,-0.1,0.02884,-0.0022,2788.7,0.8,0.04236,-0.0003,3652.4,0.9,0.04235,-0.0008,3652.4,3.2,2983.8,-0.0043,-0.0000,0.0000,10.841,1,293.15,0,2985.3,-0.0043,-0.0000,0.0000,10.841,1,293.15,0,3835.9,0.0436,0.0000,0.0000,11.366,1,293.15,0,3836.4,0.0436,0.0000,0.0000,11.365,1,293.15,0
2.5000,4.6822,0.0000,0.5260,5.584,5.584,1712.9,3,0.010,1.000,0.000,0.000,0,56.59,173.84,84.82,90.05,0.00,220.96,0.02881,-0.0007,2792.3,-0.6,0.02882,-0.0006,2794.0,0.2,0.04242,0.0040,3670.9,-3.3,0.04243,0.0033,3675.7,3.9,2990.4,-0.0043,-0.0000,0.0000,10.963,1,293.15,0,2991.8,-0.0043,-0.0000,0.0000,10.964,1,293.15,0,3861.3,0.0437,0.0000,0.0000,11.494,1,293.15,0,3854.5,0.0438,0.0000,0.0000,11.492,1,293.15,0
2.5167,4.7762,0.0000,0.5259,5.646,5.646,1731.8,3,0.010,1.000,0.000,0.007,0,57.86,177.76,86.73,92.08,-0.00,225.92,0.02878,-0.0021,2785.8,0.3,0.02879,-0.0021,2785.4,-0.2,0.04249,0.0016,3665.8,-1.4,0.04250,0.0012,3672.1,6.2,2984.0,-0.0043,0.0001,0.0002,11.086,1,293.15,0,2985.1,-0.0043,0.0001,0.0002,11.087,1,293.15,0,3844.8,0.0439,0.0000,0.0000,11.625,1,293.15,0,3846.9,0.0439,0.0000,0.0000,11.623,1,293.15,0
2.5333,4.8712,0.0000,0.5259,5.709,5.709,1751.0,3,0.010,1.000,0.000,0.013,0,59.15,181.72,88.66,94.13,-0.00,230.93,0.02875,-0.0019,2784.2,-0.4,0.02876,-0.0016,2786.9,1.0,0.04254,0.0053,3684.6,-1.6,0.04255,0.0052,3684.2,-2.2,2980.6,-0.0043,0.0005,0.0007,11.209,1,293.15,0,2983.8,-0.0043,0.0005,0.0007,11.210,1,293.15,0,3887.2,0.0441,0.0000,0.0000,11.755,1,293.15,0,3884.5,0.0440,0.0000,0.0000,11.753,1,293.15,0
2.5500,4.9672,0.0000,0.5259,5.772,5.772,1770.0,3,0.011,1.000,0.000,0.020,0,60.47,185.77,90.63,96.23,-0.00,236.07,0.02872,-0.0022,2779.0,-2.7,0.02874,-0.0005,2793.8,4.1,0.04260,0.0048,3677.9,-9.6,0.04265,0.0071,3705.3,5.2,2973.1,-0.0042,0.0009,0.0015,11.331,1,293.15,0,2990.4,-0.0043,0.0009,0.0015,11.336,1,293.15,0,3883.0,0.0443,0.0000,0.0000,11.883,1,293.15,0,3900.3,0.0440,0.0000,0.0000,11.886,1,293.15,0
2.5667,5.0644,0.0001,0.5259,5.836,5.836,1789.2,3,0.011,1.000,0.000,0.026,0,61.81,189.88,92.64,98.35,-0.00,241.28,0.02868,-0.0027,2769.1,-7.8,0.02874,-0.0004,2798.4,8.6,0.04266,0.0037,3678.6,-7.1,0.04274,0.0057,3704.4,5.8,2965.5,-0.0042,0.0014,0.0026,11.454,1,293.15,0,2992.7,-0.0042,0.0014,0.0026,11.463,1,293.15,0,3875.2,0.0446,0.0001,0.0000,12.016,1,293.15,0,3904.6,0.0440,0.0001,0.0000,12.019,1,293.15,0
2.5833,5.1626,0.0002,0.5259,5.900,5.900,1808.6,3,0.011,1.000,0.000,0.033,0,63.17,194.04,94.68,100.51,-0.00,246.57,0.02863,-0.0034,2757.0,-13.6,0.02874,0.0009,2811.6,15.6,0.04268,-0.0010,3643.4,-22.1,0.04283,0.0039,3719.0,23.5,2950.6,-0.0042,0.0018,0.0039,11.576,1,293.15,0,3007.7,-0.0042,0.0018,0.0039,11.593,1,293.15,0,3836.0,0.0451,0.0001,0.0000,12.153,1,293.15,0,3899.2,0.0439,0.0001,0.0000,12.153,1,293.15,0
2.6000,5.2618,0.0003,0.5258,5.964,5.964,1828.1,3,0.011,1.000,0.000,0.039,0,64.56,198.28,96.74,102.71,-0.00,251.95,0.02857,-0.0034,2749.3,-18.6,0.02875,0.0003,2813.7,19.9,0.04270,0.0024,3651.6,-30.3,0.04294,0.0055,3735.9,27.7,2944.9,-0.0042,0.0023,0.0054,11.698,1,293.15,0,3009.6,-0.0042,0.0023,0.0054,11.723,1,293.15,0,3853.4,0.0455,0.0002,0.0000,12.286,1,293.15,0,3913.5,0.0439,0.0002,0.0000,12.286,1,293.15,0
2.6167,5.3622,0.0005,0.5258,6.029,6.028,1847.9,3,0.011,1.000,0.000,0.046,0,65.96,202.56,98.83,104.92,-0.00,257.39,0.02851,-0.0035,2738.6,-25.4,0.02876,0.0009,2823.4,26.3,0.04270,0.0010,3645.3,-30.3,0.04302,0.0052,3737.4,26.1,2935.7,-0.0041,0.0028,0.0070,11.820,1,293.15,0,3019.7,-0.0041,0.0028,0.0070,11.854,1,293.15,0,3854.0,0.0462,0.0002,0.0000,12.420,1,293.15,0,3946.8,0.0436,0.0002,0.0000,12.424,1,293.15,0
2.6333,5.4636,0.0008,0.5258,6.094,6.094,1867.5,3,0.012,1.000,0.000,0.052,0,67.40,206.96,100.98,107.20,-0.00,262.98,0.02846,-0.0033,2732.0,-29.4,0.02878,0.0006,2827.0,30.6,0.04274,0.0015,3637.2,-42.8,0.04315,0.0068,3768.0,43.1,2927.9,-0.0041,0.0032,0.0088,11.943,1,293.15,0,3024.5,-0.0041,0.0032,0.0088,11.989,1,293.15,0,3830.9,0.0467,0.0003,0.0000,12.554,1,293.15,0,3949.3,0.0434,0.0003,0.0000,12.560,1,293.15,0
2.6500,5.5661,0.0012,0.5258,6.159,6.159,1887.3,3,0.012,1.000,0.000,0.058,0,68.85,211.41,103.15,109.50,-0.00,268.62,0.02840,-0.0034,2721.6,-36.3,0.02879,0.0010,2835.9,36.9,0.04278,0.0032,3641.1,-48.4,0.04328,0.0068,3776.2,44.3,2919.4,-0.0041,0.0037,0.0108,12.065,1,293.15,0,3033.7,-0.0041,0.0037,0.0108,12.123,1,293.15,0,3847.0,0.0472,0.0003,0.0000,12.691,1,293.15,0,3969.1,0.0431,0.0003,0.0000,12.695,1,293.15,0
2.6667,5.6697,0.0017,0.5258,6.225,6.225,1907.5,3,0.012,1.000,0.000,0.064,0,70.32,215.90,105.34,111.83,-0.00,274.33,0.02835,-0.0034,2714.1,-40.4,0.02880,0.0007,2840.1,41.7,0.04278,-0.0002,3621.9,-52.6,0.04336,0.0068,3786.4,50.3,2909.8,-0.0041,0.0042,0.0129,12.187,1,293.15,0,3038.0,-0.0041,0.0042,0.0129,12.258,1,293.15,0,3825.6,0.0478,0.0004,0.0000,12.826,1,293.15,0,3996.3,0.0430,0.0004,0.0000,12.837,1,293.15,0
2.6833,5.7745,0.0023,0.5257,6.291,6.291,1927.7,3,0.012,1.000,0.000,0.070,0,71.82,220.48,107.58,114.20,-0.00,280.15,0.02830,-0.0029,2708.4,-45.6,0.02881,0.0005,2844.4,46.4,0.04279,0.0037,3636.8,-55.6,0.04343,0.0055,3784.3,50.1,2905.3,-0.0041,0.0046,0.0150,12.310,1,293.15,0,3039.0,-0.0040,0.0046,0.0150,12.395,1,293.15,0,3846.8,0.0483,0.0004,0.0000,12.959,1,293.15,0,3987.4,0.0430,0.0004,0.0000,12.981,1,293.15,0
2.7000,5.8803,0.0031,0.5257,6.358,6.358,1947.6,3,0.012,1.000,0.000,0.076,0,73.36,225.18,109.87,116.63,-0.00,286.12,0.02825,-0.0033,2698.2,-51.2,0.02883,0.0006,2851.8,52.4,0.04286,0.0033,3632.8,-61.6,0.04358,0.0058,3807.6,64.1,2894.3,-0.0041,0.0050,0.0173,12.434,1,293.15,0,3046.7,-0.0040,0.0051,0.0173,12.535,1,293.15,0,3817.5,0.0486,0.0005,0.0000,13.093,1,293.15,0,3990.1,0.0428,0.0005,0.0000,13.124,1,293.15,0
2.7167,5.9872,0.0040,0.5257,6.424,6.424,1968.3,3,0.012,1.000,0.000,0.081,0,74.89,229.86,112.16,119.05,-0.00,292.07,0.02818,-0.0034,2687.4,-57.9,0.02884,0.0001,2855.9,58.4,0.04282,-0.0016,3600.1,-70.1,0.04363,0.0021,3796.2,67.3,2885.6,-0.0040,0.0054,0.0196,12.555,1,293.15,0,3048.4,-0.0040,0.0055,0.0196,12.674,1,293.15,0,3807.2,0.0493,0.0006,0.0000,13.231,1,293.15,0,4000.6,0.0429,0.0006,0.0000,13.271,1,293.15,0
2.7333,6.0952,0.0050,0.5257,6.492,6.491,1988.4,3,0.013,1.000,0.000,0.087,0,76.48,234.72,114.53,121.57,-0.00,298.25,0.02814,-0.0030,2682.3,-62.2,0.02885,0.0011,2866.8,63.7,0.04291,0.0081,3639.9,-78.3,0.04380,0.0110,3852.3,74.5,2876.7,-0.0040,0.0057,0.0219,12.681,1,293.15,0,3060.6,-0.0040,0.0059,0.0219,12.817,1,293.15,0,3839.8,0.0495,0.0007,0.0000,13.360,1,293.15,0,4041.1,0.0427,0.0007,0.0000,13.414,1,293.15,0
2.7500,6.2044,0.0063,0.5256,6.559,6.558,2009.4,3,0.013,1.000,0.000,0.092,0,78.06,239.55,116.88,124.07,-0.00,304.38,0.02808,-0.0030,2674.3,-67.1,0.02887,0.0006,2869.1,67.5,0.04287,-0.0019,3585.8,-85.5,0.04385,0.0041,3829.5,80.1,2872.4,-0.0040,0.0061,0.0243,12.802,1,293.15,0,3065.8,-0.0039,0.0063,0.0243,12.958,1,293.15,0,3801.2,0.0501,0.0009,0.0000,13.502,1,293.15,0,4045.0,0.0428,0.0008,0.0000,13.565,1,293.15,0
2.7667,6.3147,0.0077,0.5256,6.627,6.627,2029.6,3,0.013,1.000,0.000,0.097,0,79.71,244.57,119.34,126.67,-0.00,310.76,0.02803,-0.0042,2661.1,-71.8,0.02888,0.0001,2874.2,74.0,0.04295,0.0028,3611.8,-84.8,0.04400,0.0065,3860.5,92.5,2854.9,-0.0040,0.0064,0.0267,12.929,1,293.15,0,3071.8,-0.0039,0.0066,0.0267,13.103,1,293.15,0,3780.3,0.0505,0.0010,0.0000,13.634,1,293.15,0,4040.8,0.0427,0.0010,0.0000,13.714,1,293.15,0
2.7833,6.4261,0.0093,0.5256,6.695,6.695,2050.7,3,0.013,1.000,0.000,0.101,0,81.34,249.56,121.77,129.25,-0.00,317.10,0.02798,-0.0031,2657.5,-77.3,0.02889,0.0010,2883.2,78.6,0.04293,0.0005,3583.9,-101.8,0.04407,0.0089,3879.4,96.9,2852.8,-0.0040,0.0067,0.0291,13.052,1,293.15,0,3079.8,-0.0039,0.0070,0.0291,13.247,1,293.15,0,3795.2,0.0509,0.0011,0.0000,13.772,1,293.15,0,4087.8,0.0428,0.0011,0.0000,13.862,1,293.15,0
2.8000,6.5387,0.0112,0.5256,6.764,6.763,2071.4,3,0.013,1.000,0.000,0.106,0,83.03,254.69,124.28,131.91,-0.01,323.63,0.02793,-0.0034,2648.3,-82.4,0.02891,0.0005,2889.2,85.3,0.04298,-0.0012,3581.7,-98.8,0.04418,0.0038,3866.7,101.4,2838.9,-0.0039,0.0070,0.0315,13.177,1,293.15,0,3081.7,-0.0038,0.0073,0.0315,13.392,1,293.15,0,3770.8,0.0513,0.0012,0.0000,13.909,1,293.15,0,4065.3,0.0427,0.0012,0.0000,14.016,1,293.15,0
2.8167,6.6524,0.0132,0.5255,6.833,6.833,2092.3,3,0.014,1.000,0.000,0.110,0,84.74,259.90,126.82,134.61,-0.01,330.25,0.02787,-0.0029,2641.8,-87.6,0.02892,0.0004,2892.3,88.4,0.04301,0.0021,3592.3,-104.6,0.04429,0.0034,3878.8,109.5,2838.5,-0.0040,0.0072,0.0339,13.304,1,293.15,0,3088.8,-0.0038,0.0077,0.0339,13.540,1,293.15,0,3770.8,0.0518,0.0014,0.0000,14.045,1,293.15,0,4054.6,0.0426,0.0014,0.0000,14.168,1,293.15,0
2.8333,6.7673,0.0156,0.5255,6.902,6.902,2113.5,3,0.014,1.000,0.000,0.114,0,86.46,265.15,129.38,137.33,-0.01,336.92,0.02783,-0.0036,2633.7,-90.6,0.02893,0.0005,2899.5,94.2,0.04305,0.0083,3607.8,-119.1,0.04441,0.0117,3915.5,102.7,2821.9,-0.0039,0.0075,0.0363,13.429,1,293.15,0,3095.2,-0.0038,0.0080,0.0363,13.687,1,293.15,0,3847.5,0.0520,0.0015,0.0000,14.179,1,293.15,0,4134.8,0.0426,0.0015,0.0000,14.317,1,293.15,0
2.8500,6.8833,0.0181,0.5255,6.972,6.971,2134.8,3,0.014,1.000,0.000,0.118,0,88.21,270.50,131.99,140.10,-0.01,343.72,0.02778,-0.0027,2627.4,-97.4,0.02894,0.0014,2907.5,98.0,0.04306,0.0018,3573.4,-124.6,0.04450,0.0046,3903.8,118.5,2824.8,-0.0039,0.0077,0.0386,13.556,1,293.15,0,3107.3,-0.0038,0.0083,0.0386,13.836,1,293.15,0,3787.2,0.0526,0.0017,0.0000,14.322,1,293.15,0,4098.0,0.0426,0.0016,0.0000,14.474,1,293.15,0
2.8667,7.0005,0.0210,0.5254,7.042,7.041,2156.0,3,0.014,1.000,0.000,0.121,0,89.99,275.94,134.65,142.91,-0.01,350.62,0.02773,-0.0033,2616.5,-102.8,0.02896,0.0008,2911.4,103.7,0.04309,0.0024,3572.0,-130.8,0.04460,0.0084,3934.3,126.2,2813.1,-0.0039,0.0079,0.0409,13.684,1,293.15,0,3109.2,-0.0038,0.0086,0.0409,13.985,1,293.15,0,3780.1,0.0529,0.0018,0.0000,14.460,1,293.15,0,4132.7,0.0426,0.0018,0.0000,14.627,1,293.15,0
2.8833,7.1189,0.0241,0.5254,7.113,7.111,2177.5,3,0.014,1.000,0.000,0.124,0,91.80,281.45,137.34,145.76,-0.01,357.62,0.02768,-0.0037,2608.4,-106.6,0.02897,0.0004,2916.1,109.4,0.04312,-0.0001,3557.3,-135.1,0.04471,0.0075,3943.0,133.7,2799.6,-0.0039,0.0081,0.0432,13.812,1,293.15,0,3111.3,-0.0037,0.0089,0.0432,14.135,1,293.15,0,3758.2,0.0534,0.0020,0.0000,14.602,1,293.15,0,4147.4,0.0426,0.0019,0.0000,14.783,1,293.15,0
2.9000,7.2384,0.0275,0.5254,7.183,7.182,2198.9,3,0.015,1.000,0.000,0.127,0,93.64,287.05,140.07,148.66,-0.01,364.74,0.02788,0.0557,2800.5,-180.1,0.03027,0.2696,4109.7,75.9,0.04317,0.0015,3562.7,-139.8,0.04482,0.0072,3952.4,138.9,3270.6,-0.0037,0.0080,0.0453,13.955,1,293.15,0,5413.3,-0.0030,0.0081,0.0453,14.368,1,293.15,0,3760.0,0.0537,0.0021,0.0000,14.742,1,293.15,0,4146.2,0.0426,0.0021,0.0000,14.940,1,293.15,0
2.9167,7.3589,0.0316,0.5264,7.258,7.256,2220.2,3,0.015,1.000,0.000,0.130,0,95.59,293.10,142.99,151.86,-0.02,373.11,0.04188,1.2080,8097.2,-604.8,0.04698,1.1751,8787.5,-39.4,0.04346,0.0297,3753.4,-90.0,0.04485,0.0037,3863.4,63.9,9066.4,0.0072,0.0030,0.0474,12.340,1,293.15,0,9003.0,-0.0543,0.0045,0.0474,21.430,1,293.15,0,4001.6,0.0546,0.0031,0.0000,14.838,1,293.15,0,4080.9,0.0413,0.0031,0.0000,15.124,1,293.15,0
2.9333,7.4808,0.0362,0.5301,7.337,7.333,2238.7,3,0.015,1.000,0.000,0.132,0,97.68,300.46,146.43,155.99,-0.03,385.55,0.06221,1.1070,8537.5,-717.5,0.06786,0.9548,9260.0,427.6,0.04416,0.0532,3921.3,-63.5,0.04516,0.0303,3957.4,23.4,8480.8,0.0332,-0.0008,0.0494,9.592,1,293.15,0,7784.5,-0.1524,0.0008,0.0494,18.743,1,293.15,0,4189.3,0.0519,0.0038,0.0000,14.907,1,293.15,0,4192.4,0.0410,0.0037,0.0000,15.297,1,293.15,0
2.9500,7.6037,0.0411,0.5364,7.422,7.414,2256.8,3,0.015,1.000,0.000,0.134,0,99.92,309.56,150.56,161.28,-0.03,403.04,0.07531,0.7396,7138.3,-1045.2,0.08219,0.7566,9188.4,688.6,0.04556,0.0996,4303.1,38.9,0.04576,0.0366,3903.4,-90.0,7687.5,0.0141,0.0012,0.0514,13.093,1,293.15,0,8216.3,-0.1124,0.0028,0.0514,19.405,1,293.15,0,4556.6,0.0448,0.0024,0.0000,14.981,1,293.15,0,4098.4,0.0422,0.0024,0.0000,15.473,1,293.15,0
2.9667,7.7281,0.0464,0.5451,7.489,7.476,2276.7,3,0.015,1.000,0.000,0.136,0,101.68,319.47,154.93,167.20,-0.03,424.99,0.08594,0.4484,6900.7,-369.3,0.09161,0.5482,8175.0,296.5,0.04724,0.1036,4520.1,152.5,0.04634,0.0489,3890.6,-187.3,6852.4,-0.0131,0.0025,0.0532,16.858,1,293.15,0,8769.4,0.0123,0.0039,0.0532,12.223,1,293.15,0,4717.6,0.0394,0.0015,0.0000,15.076,1,293.15,0,4141.9,0.0440,0.0014,0.0000,15.658,1,293.15,0
2.9833,7.8539,0.0520,0.5561,7.555,7.537,2297.5,3,0.016,1.000,0.000,0.137,0,103.44,331.04,160.01,174.12,-0.03,451.41,0.09332,0.4903,7245.1,-426.6,0.09834,0.3292,7116.7,22.3,0.04868,0.0884,4482.4,110.4,0.04745,0.0689,4077.8,-145.3,8214.4,0.0825,0.0019,0.0549,8.032,1,293.15,0,7405.9,0.0341,0.0038,0.0549,11.386,1,293.15,0,4697.1,0.0392,0.0023,0.0000,15.227,1,293.15,0,4256.8,0.0433,0.0023,0.0000,15.793,1,293.15,0
3.0000,7.9807,0.0580,0.5689,7.665,7.643,2319.4,3,0.016,1.000,0.000,0.139,0,106.44,348.25,167.74,184.08,-0.03,487.41,0.09582,0.0328,5505.8,-216.4,0.10072,0.0801,6456.4,405.1,0.04995,0.0755,4483.4,106.4,0.04862,0.0724,4164.6,-132.9,5065.6,-0.0405,0.0029,0.0566,16.592,1,293.15,0,6754.5,0.0203,0.0044,0.0566,13.579,1,293.15,0,4686.2,0.0374,0.0022,0.0000,15.390,1,293.15,0,4355.4,0.0401,0.0021,0.0000,15.952,1,293.15,0
3.0167,8.1086,0.0644,0.5833,7.743,7.720,2342.0,3,0.016,1.000,0.000,0.139,0,108.61,355.46,170.88,188.59,-0.04,502.67,0.09451,-0.1449,4471.9,-432.2,0.10058,-0.1080,5785.4,569.2,0.05107,0.0745,4546.0,118.7,0.04966,0.0522,4109.5,-149.5,4387.6,-0.0119,0.0027,0.0581,15.028,1,293.15,0,6010.5,-0.0010,0.0045,0.0581,16.121,1,293.15,0,4765.3,0.0375,0.0030,0.0000,15.537,1,293.15,0,4265.2,0.0391,0.0029,0.0000,16.125,1,293.15,0
3.0333,8.2377,0.0711,0.5989,7.835,7.813,2365.5,3,0.016,1.000,0.000,0.140,0,111.22,348.22,167.56,185.10,-0.04,482.86,0.09151,-0.2000,3903.9,-676.9,0.09834,-0.2614,5251.1,765.9,0.05229,0.0760,4732.3,238.8,0.05008,0.0111,3833.6,-261.9,4033.8,-0.0040,0.0029,0.0595,14.938,1,293.15,0,4736.6,-0.1062,0.0051,0.0595,18.086,1,293.15,0,4927.7,0.0356,0.0032,0.0000,15.658,1,293.15,0,3982.8,0.0405,0.0031,0.0000,16.343,1,293.15,0
3.0500,8.3678,0.0783,0.6154,7.893,7.874,2389.9,3,0.017,1.000,0.000,0.140,0,112.91,339.47,163.49,180.79,-0.04,462.00,0.08688,-0.2963,3392.4,-633.7,0.09396,-0.3110,4900.1,742.9,0.05341,0.0607,4807.6,329.5,0.05020,0.0050,3734.3,-340.1,3561.4,-0.0031,0.0045,0.0608,15.002,1,293.15,0,4803.5,-0.0328,0.0064,0.0608,16.891,1,293.15,0,4981.8,0.0339,0.0024,0.0000,15.788,1,293.15,0,3931.7,0.0445,0.0024,0.0000,16.545,1,293.15,0
3.0667,8.4989,0.0857,0.6327,7.957,7.940,2414.5,3,0.017,1.000,0.000,0.140,0,114.76,332.61,160.30,177.47,-0.04,444.78,0.08107,-0.3716,2946.5,-571.4,0.08814,-0.3715,4447.6,715.6,0.05424,0.0400,4809.2,385.0,0.05017,-0.0047,3642.9,-386.3,3084.7,-0.0033,0.0054,0.0619,15.101,1,293.15,0,4571.6,-0.0148,0.0072,0.0619,16.108,1,293.15,0,4979.5,0.0335,0.0022,0.0000,15.936,1,293.15,0,3834.7,0.0473,0.0021,0.0000,16.738,1,293.15,0
3.0833,8.6309,0.0936,0.6506,8.019,8.005,2439.2,3,0.017,1.000,0.000,0.139,0,116.58,326.91,157.65,174.74,-0.04,430.05,0.07447,-0.4068,2523.9,-618.8,0.08187,-0.3845,4252.2,766.0,0.05468,0.0190,4754.5,403.2,0.05008,-0.0076,3608.0,-403.7,2691.5,-0.0034,0.0061,0.0630,15.202,1,293.15,0,4423.8,-0.0042,0.0079,0.0630,15.811,1,293.15,0,4948.3,0.0341,0.0022,0.0000,16.094,1,293.15,0,3810.3,0.0492,0.0022,0.0000,16.918,1,293.15,0
3.1000,8.7640,0.1018,0.6688,8.081,8.071,2463.9,3,0.017,1.000,0.000,0.139,0,118.42,322.32,155.52,172.59,-0.04,417.61,0.06741,-0.4268,2148.7,-648.6,0.07520,-0.4059,3963.2,790.9,0.05491,0.0111,4762.9,436.9,0.04982,-0.0219,3494.9,-440.1,2354.1,-0.0038,0.0067,0.0638,15.308,1,293.15,0,4173.6,-0.0024,0.0085,0.0638,15.865,1,293.15,0,4978.4,0.0346,0.0023,0.0000,16.245,1,293.15,0,3677.0,0.0511,0.0022,0.0000,17.108,1,293.15,0
3.1167,8.8980,0.1104,0.6872,8.141,8.134,2488.6,3,0.017,1.000,0.000,0.137,0,120.22,318.57,153.77,170.88,-0.04,406.98,0.06020,-0.4332,1800.6,-680.6,0.06835,-0.4120,3719.3,822.1,0.05496,-0.0006,4756.4,480.7,0.04940,-0.0281,3412.3,-474.3,2016.2,-0.0042,0.0074,0.0646,15.412,1,293.15,0,3931.9,-0.0025,0.0092,0.0646,15.971,1,293.15,0,4959.0,0.0349,0.0022,0.0000,16.394,1,293.15,0,3621.0,0.0534,0.0021,0.0000,17.299,1,293.15,0
3.1333,9.0330,0.1194,0.7058,8.199,8.195,2513.2,3,0.018,1.000,0.000,0.136,0,121.98,315.56,152.37,169.54,-0.04,397.93,0.05306,-0.4248,1518.1,-690.1,0.06147,-0.4085,3469.0,827.8,0.05489,-0.0081,4754.8,515.7,0.04888,-0.0348,3325.3,-506.0,1737.0,-0.0044,0.0081,0.0652,15.516,1,293.15,0,3705.9,-0.0026,0.0099,0.0652,16.078,1,293.15,0,4960.4,0.0351,0.0022,0.0000,16.543,1,293.15,0,3535.0,0.0559,0.0021,0.0000,17.489,1,293.15,0
3.1500,9.1689,0.1287,0.7242,8.257,8.254,2537.8,3,0.018,1.000,0.000,0.134,0,123.70,324.81,156.80,174.33,-0.04,412.96,0.04625,-0.3985,1283.5,-720.3,0.05495,-0.3837,3312.9,842.5,0.05474,-0.0097,4773.2,548.3,0.04826,-0.0383,3238.4,-546.2,1524.3,-0.0045,0.0088,0.0657,15.617,1,293.15,0,3546.7,-0.0027,0.0106,0.0657,16.178,1,293.15,0,5011.3,0.0353,0.0021,0.0000,16.687,1,293.15,0,3454.3,0.0586,0.0020,0.0000,17.681,1,293.15,0
3.1667,9.3058,0.1383,0.7426,8.313,8.310,2561.9,3,0.018,1.000,0.000,0.132,0,125.40,334.85,161.61,179.52,-0.04,429.58,0.03996,-0.3642,1110.4,-728.1,0.04888,-0.3540,3157.6,835.8,0.05455,-0.0132,4785.9,585.6,0.04763,-0.0383,3175.1,-578.0,1361.5,-0.0045,0.0094,0.0660,15.717,1,293.15,0,3418.7,-0.0028,0.0112,0.0660,16.279,1,293.15,0,5017.4,0.0354,0.0020,0.0000,16.830,1,293.15,0,3400.9,0.0612,0.0019,0.0000,17.868,1,293.15,0
3.1833,9.4436,0.1483,0.7607,8.369,8.365,2585.8,3,0.018,1.000,0.000,0.130,0,127.07,345.79,166.84,185.16,-0.04,448.03,0.03430,-0.3257,966.1,-739.0,0.04337,-0.3166,3047.7,831.4,0.05432,-0.0151,4794.5,613.3,0.04701,-0.0364,3122.7,-607.4,1225.4,-0.0045,0.0100,0.0662,15.815,1,293.15,0,3322.4,-0.0028,0.0117,0.0662,16.375,1,293.15,0,5041.0,0.0356,0.0019,0.0000,16.973,1,293.15,0,3361.5,0.0637,0.0019,0.0000,18.051,1,293.15,0
3.2000,9.5824,0.1587,0.7785,8.424,8.417,2609.2,3,0.018,1.000,0.000,0.127,0,128.73,357.91,172.63,191.40,-0.04,468.86,0.02927,-0.2871,827.4,-765.0,0.03860,-0.2698,3019.0,844.8,0.05411,-0.0117,4826.9,640.6,0.04644,-0.0303,3091.6,-637.5,1085.6,-0.0045,0.0104,0.0663,15.912,1,293.15,0,3311.1,-0.0028,0.0121,0.0663,16.468,1,293.15,0,5087.3,0.0357,0.0019,0.0000,17.111,1,293.15,0,3348.4,0.0659,0.0018,0.0000,18.227,1,293.15,0
3.2167,9.7221,0.1694,0.7959,8.479,8.468,2631.9,3,0.019,1.000,0.000,0.124,0,130.39,371.56,179.13,198.43,-0.04,492.76,0.02489,-0.2477,723.9,-784.4,0.03449,-0.2309,2974.8,852.3,0.05395,-0.0073,4867.9,669.2,0.04593,-0.0279,3043.0,-670.4,978.1,-0.0044,0.0108,0.0662,16.009,1,293.15,0,3272.1,-0.0028,0.0124,0.0662,16.560,1,293.15,0,5146.7,0.0356,0.0018,0.0000,17.245,1,293.15,0,3305.7,0.0681,0.0017,0.0000,18.402,1,293.15,0
3.2333,9.8628,0.1804,0.8130,8.535,8.518,2653.9,3,0.019,1.000,0.000,0.121,0,132.05,387.22,186.58,206.47,-0.04,520.70,0.02118,-0.2055,645.6,-821.7,0.03112,-0.1847,3008.9,873.5,0.05389,-0.0012,4920.1,696.8,0.04552,-0.0224,3020.5,-697.2,906.5,-0.0043,0.0110,0.0659,16.105,1,293.15,0,3302.4,-0.0027,0.0126,0.0659,16.647,1,293.15,0,5199.5,0.0354,0.0017,0.0000,17.376,1,293.15,0,3276.3,0.0701,0.0016,0.0000,18.570,1,293.15,0
3.2500,10.0044,0.1918,0.8298,8.590,8.565,2675.4,3,0.019,1.000,0.000,0.118,0,133.69,405.48,195.25,215.85,-0.04,553.96,0.01818,-0.1643,614.8,-844.5,0.02846,-0.1437,3044.1,883.8,0.05397,0.0076,4997.4,730.8,0.04519,-0.0173,2986.6,-737.0,872.7,-0.0042,0.0110,0.0656,16.198,1,293.15,0,3351.4,-0.0026,0.0126,0.0656,16.736,1,293.15,0,5296.5,0.0349,0.0016,0.0000,17.500,1,293.15,0,3248.3,0.0719,0.0015,0.0000,18.738,1,293.15,0
3.2667,10.1469,0.2035,0.8461,8.645,8.611,2696.3,3,0.019,1.000,0.000,0.114,0,135.33,427.31,205.59,227.06,-0.04,594.52,0.01589,-0.1222,624.2,-871.2,0.02650,-0.1021,3122.8,897.0,0.05418,0.0175,5085.7,765.0,0.04497,-0.0099,2968.0,-777.2,881.8,-0.0041,0.0109,0.0650,16.288,1,293.15,0,3435.4,-0.0026,0.0125,0.0650,16.821,1,293.15,0,5406.0,0.0342,0.0015,0.0000,17.619,1,293.15,0,3233.5,0.0736,0.0014,0.0000,18.900,1,293.15,0
3.2833,10.2904,0.2156,0.8622,8.701,8.656,2716.4,3,0.020,1.000,0.000,0.110,0,136.98,454.21,218.29,240.87,-0.04,645.49,0.01424,-0.0863,648.4,-894.6,0.02518,-0.0669,3208.5,910.1,0.05458,0.0278,5192.5,806.7,0.04489,-0.0027,2952.8,-820.1,902.3,-0.0041,0.0106,0.0643,16.376,1,293.15,0,3530.2,-0.0026,0.0122,0.0643,16.907,1,293.15,0,5518.6,0.0333,0.0013,0.0000,17.734,1,293.15,0,3214.6,0.0752,0.0013,0.0000,19.059,1,293.15,0
3.3000,10.4349,0.2281,0.8779,8.756,8.699,2736.1,3,0.020,1.000,0.000,0.106,0,138.60,449.50,216.88,237.04,-0.04,621.14,0.01314,-0.0538,676.4,-934.0,0.02447,-0.0308,3352.7,942.2,0.05511,0.0358,5292.6,845.9,0.04494,0.0076,2957.6,-863.7,921.2,-0.0040,0.0102,0.0635,16.462,1,293.15,0,3659.3,-0.0024,0.0117,0.0635,16.984,1,293.15,0,5638.3,0.0324,0.0012,0.0000,17.847,1,293.15,0,3241.8,0.0763,0.0012,0.0000,19.210,1,293.15,0
3.3167,10.5805,0.2409,0.8935,8.832,8.763,2744.9,3,0.020,1.000,0.000,0.101,0,140.92,443.93,215.33,232.28,-0.04,589.73,0.01253,-0.0284,719.4,-959.4,0.02420,-0.0115,3437.2,960.0,0.05612,0.1113,5125.2,293.3,0.04981,0.7686,7045.6,-423.1,963.9,-0.0050,0.0082,0.0626,16.562,1,293.15,0,3734.6,-0.0039,0.0102,0.0626,17.169,1,293.15,0,5764.2,0.0308,0.0020,0.0000,18.024,1,293.15,0,9561.1,0.0604,0.0016,0.0000,18.565,1,293.15,0
3.3333,10.7293,0.2546,0.9100,9.055,8.978,2701.5,3,0.020,1.000,0.000,0.097,0,148.08,455.63,222.37,235.93,-0.05,578.66,0.01221,-0.0138,882.3,-837.4,0.02325,-0.1087,2843.0,837.7,0.06664,1.0474,8594.4,-912.1,0.07020,1.3549,11270.8,229.2,1118.8,-0.0123,0.0011,0.0615,16.932,1,293.15,0,2922.8,-0.0044,0.0031,0.0615,17.576,1,293.15,0,10143.2,0.0319,0.0052,0.0000,17.869,1,293.15,0,12011.5,0.0059,0.0047,0.0000,17.817,1,293.15,0
3.3500,10.8805,0.2688,0.9287,9.201,9.128,2658.2,3,0.020,1.000,0.000,0.092,0,152.94,465.02,228.48,237.52,-0.05,562.67,0.01281,0.0850,1864.6,-313.8,0.02020,-0.2024,1649.5,228.4,0.08853,1.4254,11610.3,-436.5,0.09327,1.3892,11909.8,-123.4,2308.6,-0.0059,0.0066,0.0602,17.407,1,293.15,0,1896.1,-0.0071,0.0075,0.0602,17.770,1,293.15,0,12455.8,0.0075,-0.0024,0.0000,17.663,1,293.15,0,12436.5,0.0125,-0.0031,0.0000,17.923,1,293.15,0
3.3667,11.0330,0.2830,0.9503,9.289,9.228,2645.3,3,0.021,1.000,0.000,0.087,0,155.99,476.75,235.91,239.22,-0.04,548.55,0.01651,0.2482,3427.1,316.2,0.01798,-0.0971,1337.8,-395.7,0.11254,1.4004,12651.5,67.6,0.11458,1.2075,11276.3,-463.5,3728.4,-0.0027,0.0046,0.0589,17.468,1,293.15,0,1672.1,-0.0045,0.0060,0.0589,17.982,1,293.15,0,13041.2,0.0078,0.0005,0.0000,17.539,1,293.15,0,11638.6,0.0071,-0.0001,0.0000,18.132,1,293.15,0
3.3833,11.1860,0.2975,0.9749,9.351,9.302,2651.1,3,0.021,1.000,0.000,0.081,0,158.20,488.86,244.04,239.13,-0.03,523.89,0.01927,0.1210,3168.1,425.2,0.01704,-0.0240,1558.0,-427.4,0.13357,1.1694,12010.2,158.9,0.13336,1.0657,10921.7,-447.0,3350.0,-0.0029,0.0035,0.0574,17.602,1,293.15,0,1938.3,-0.0051,0.0050,0.0574,18.185,1,293.15,0,12293.7,0.0077,0.0007,0.0000,17.609,1,293.15,0,11238.6,0.0078,0.0005,0.0000,18.188,1,293.15,0
3.4000,11.3396,0.3124,1.0024,9.407,9.370,2661.9,3,0.021,1.000,0.000,0.076,0,160.22,426.89,220.65,194.86,-0.03,301.92,0.02102,0.0979,3024.3,272.0,0.01811,0.1236,2385.3,-295.9,0.15044,0.9075,10868.0,122.7,0.14954,0.9107,10435.8,-319.9,3301.1,-0.0026,0.0031,0.0557,17.715,1,293.15,0,2867.4,-0.0029,0.0047,0.0557,18.311,1,293.15,0,11109.3,0.0081,0.0008,0.0000,17.690,1,293.15,0,10843.6,0.0086,0.0008,0.0000,18.301,1,293.15,0
3.4167,11.4934,0.3276,1.0325,9.456,9.430,2678.2,3,0.021,1.000,0.000,0.070,0,162.02,368.42,199.20,157.72,-0.03,119.80,0.02234,0.0689,2681.7,-27.4,0.02107,0.1893,3159.0,13.6,0.16275,0.6325,9537.1,12.3,0.16218,0.6628,9549.1,-113.7,2945.7,-0.0030,0.0027,0.0540,17.834,1,293.15,0,3479.1,-0.0024,0.0041,0.0540,18.390,1,293.15,0,9720.6,0.0098,0.0010,0.0000,17.837,1,293.15,0,9739.1,0.0095,0.0011,0.0000,18.431,1,293.15,0
3.4333,11.6475,0.3432,1.0648,9.499,9.480,2700.7,3,0.022,1.000,0.000,0.064,0,163.57,371.78,201.01,159.15,-0.03,120.88,0.02348,0.0771,2621.6,-191.1,0.02417,0.1802,3448.8,154.6,0.17029,0.3568,8191.9,-85.6,0.17058,0.4067,8567.1,55.7,2950.2,-0.0028,0.0023,0.0521,17.940,1,293.15,0,3754.7,-0.0022,0.0036,0.0521,18.475,1,293.15,0,8394.3,0.0121,0.0011,0.0000,18.042,1,293.15,0,8767.4,0.0113,0.0011,0.0000,18.575,1,293.15,0
3.4500,11.8019,0.3591,1.0989,9.537,9.524,2727.7,3,0.022,1.000,0.000,0.058,0,164.93,374.79,202.64,160.44,-0.03,121.84,0.02500,0.0986,2771.2,-224.1,0.02683,0.1465,3492.9,184.9,0.17344,0.0960,6934.8,-143.0,0.17446,0.1296,7433.6,194.2,3089.9,-0.0026,0.0017,0.0501,18.023,1,293.15,0,3766.3,-0.0022,0.0029,0.0501,18.542,1,293.15,0,7109.0,0.0156,0.0012,0.0000,18.273,1,293.15,0,7550.4,0.0139,0.0011,0.0000,18.757,1,293.15,0
3.4667,11.9565,0.3752,1.1343,9.570,9.561,2757.7,3,0.022,1.000,0.000,0.052,0,166.13,377.46,204.09,161.58,-0.03,122.69,0.02681,0.1114,2985.4,-171.3,0.02882,0.1035,3374.2,134.9,0.17275,-0.1139,5966.0,-130.9,0.17413,-0.0976,6416.0,236.4,3287.5,-0.0024,0.0010,0.0480,18.093,1,293.15,0,3623.5,-0.0019,0.0022,0.0480,18.596,1,293.15,0,6154.7,0.0205,0.0014,0.0000,18.510,1,293.15,0,6615.3,0.0177,0.0012,0.0000,18.958,1,293.15,0
3.4833,12.1114,0.3916,1.1707,9.604,9.598,2787.7,3,0.022,1.000,0.000,0.046,0,167.35,380.23,205.58,162.77,-0.02,123.57,0.02859,0.1009,3123.2,-91.9,0.03020,0.0692,3240.9,69.0,0.16952,-0.2340,5431.7,-89.9,0.17078,-0.2468,5672.9,204.5,3395.4,-0.0023,0.0005,0.0458,18.168,1,293.15,0,3518.2,-0.0022,0.0015,0.0458,18.667,1,293.15,0,5701.1,0.0255,0.0016,0.0000,18.712,1,293.15,0,5939.8,0.0225,0.0014,0.0000,19.154,1,293.15,0
3.5000,12.2668,0.4083,1.2079,9.644,9.640,2816.3,3,0.022,1.000,0.000,0.039,0,168.76,383.47,207.33,164.15,-0.02,124.60,0.03007,0.0791,3171.1,-35.6,0.03105,0.0443,3131.4,18.0,0.16496,-0.2984,5159.7,-39.6,0.16581,-0.3226,5254.9,164.0,3450.3,-0.0024,0.0000,0.0435,18.259,1,293.15,0,3416.4,-0.0024,0.0010,0.0435,18.737,1,293.15,0,5455.2,0.0299,0.0016,0.0000,18.886,1,293.15,0,5553.6,0.0275,0.0014,0.0000,19.336,1,293.15,0
3.5167,12.4228,0.4251,1.2456,9.690,9.687,2840.9,3,0.023,1.000,0.000,0.033,0,170.39,387.21,209.35,165.75,-0.02,125.80,0.03110,0.0509,3131.5,-12.6,0.03162,0.0254,3069.2,4.8,0.15969,-0.3313,5021.5,1.2,0.16008,-0.3516,5051.4,123.7,3406.0,-0.0026,-0.0004,0.0410,18.357,1,293.15,0,3339.2,-0.0024,0.0005,0.0410,18.815,1,293.15,0,5344.5,0.0331,0.0017,0.0000,19.040,1,293.15,0,5405.6,0.0315,0.0015,0.0000,19.491,1,293.15,0
3.5333,12.5796,0.4422,1.2839,9.741,9.738,2863.0,3,0.023,1.000,0.000,0.026,0,172.18,465.87,239.95,213.68,-0.02,344.52,0.03160,0.0228,3050.2,-1.4,0.03187,0.0091,3011.2,2.9,0.15382,-0.3617,4861.2,11.3,0.15398,-0.3729,4918.7,120.4,3320.7,-0.0025,-0.0009,0.0385,18.458,1,293.15,0,3296.0,-0.0025,-0.0001,0.0385,18.904,1,293.15,0,5187.1,0.0357,0.0018,0.0000,19.200,1,293.15,0,5282.6,0.0341,0.0016,0.0000,19.626,1,293.15,0
3.5500,12.7371,0.4595,1.3227,9.794,9.793,2883.4,3,0.023,1.000,0.000,0.020,0,174.08,607.82,301.67,296.55,-0.01,704.70,0.03172,-0.0019,2948.9,-3.6,0.03186,-0.0056,2957.0,12.3,0.14774,-0.3691,4794.9,9.4,0.14774,-0.3754,4871.1,114.7,3217.9,-0.0027,-0.0013,0.0359,18.573,1,293.15,0,3237.2,-0.0025,-0.0006,0.0359,18.993,1,293.15,0,5149.4,0.0376,0.0017,0.0000,19.345,1,293.15,0,5234.3,0.0359,0.0016,0.0000,19.749,1,293.15,0
3.5667,12.8954,0.4770,1.3618,9.850,9.848,2903.1,3,0.023,1.000,0.000,0.013,0,176.05,543.42,271.56,264.95,-0.01,576.40,0.03154,-0.0152,2884.7,-1.0,0.03161,-0.0189,2885.5,12.0,0.14146,-0.3745,4736.4,6.9,0.14138,-0.3800,4812.5,109.0,3157.1,-0.0027,-0.0018,0.0333,18.687,1,293.15,0,3158.6,-0.0025,-0.0012,0.0333,19.085,1,293.15,0,5119.5,0.0389,0.0017,0.0000,19.491,1,293.15,0,5178.2,0.0371,0.0015,0.0000,19.868,1,293.15,0
3.5833,13.0547,0.4947,1.4011,9.907,9.906,2921.6,3,0.024,1.000,0.000,0.007,0,178.14,548.72,273.12,270.69,-0.01,603.05,0.03097,-0.0556,2905.2,224.7,0.02955,-0.2398,1633.4,-177.9,0.13519,-0.3778,4693.9,12.8,0.13507,-0.3751,4812.0,119.4,3102.9,-0.0029,-0.0023,0.0305,18.815,1,293.15,0,1447.8,-0.0054,-0.0016,0.0305,19.218,1,293.15,0,5022.9,0.0400,0.0016,0.0000,19.630,1,293.15,0,5166.5,0.0379,0.0015,0.0000,19.982,1,293.15,0
3.6000,13.2149,0.5126,1.4404,9.966,9.965,2940.4,3,0.024,1.000,0.000,-0.000,0,180.25,554.64,275.19,275.98,-0.01,625.69,0.02887,-0.2261,2515.9,685.2,0.02385,-0.3938,363.1,-459.9,0.12847,-0.4288,4289.9,-100.0,0.12909,-0.3395,5081.8,271.9,2298.1,-0.0035,-0.0033,0.0277,18.940,1,293.15,0,368.3,-0.0066,-0.0018,0.0277,19.462,1,293.15,0,4528.7,0.0431,0.0021,0.0000,19.821,1,293.15,0,5524.0,0.0363,0.0021,0.0000,20.061,1,293.15,0
3.6167,13.3763,0.5308,1.4793,10.023,10.022,2961.4,3,0.024,1.000,0.000,-0.007,0,182.31,557.38,276.09,278.82,-0.01,636.19,0.02160,-0.4977,698.0,452.4,0.01615,-0.4697,0.0,-244.6,0.12057,-0.4780,3596.5,-474.3,0.12389,-0.2998,5561.1,623.8,777.7,-0.0073,-0.0045,0.0248,19.203,1,293.15,0,0.0,0.0000,0.0000,0.0248,19.598,0,293.15,0,3939.1,0.0504,0.0033,0.0000,20.127,1,293.15,0,5963.1,0.0321,0.0032,0.0000,20.063,1,293.15,0
3.6333,13.5387,0.5493,1.5173,10.081,10.079,2982.8,3,0.024,1.000,0.000,-0.013,0,184.41,562.16,278.16,282.07,-0.01,646.31,0.01269,-0.5305,0.0,188.7,0.00878,-0.4212,0.0,-33.2,0.11314,-0.4315,3550.1,-621.6,0.11885,-0.3131,5564.4,755.8,1.7,-0.0055,-0.0059,0.0219,19.455,1,293.15,0,0.0,0.0000,0.0000,0.0219,19.598,0,293.15,0,3887.6,0.0575,0.0034,0.0000,20.344,1,293.15,0,5876.7,0.0298,0.0033,0.0000,20.148,1,293.15,0
3.6500,13.7024,0.5681,1.5544,10.136,10.134,3005.5,3,0.024,1.000,0.000,-0.020,0,186.44,567.94,280.93,285.25,-0.01,654.51,0.00508,-0.4100,0.0,95.9,0.00263,-0.3361,0.0,-5.9,0.10629,-0.3962,3579.8,-624.6,0.11316,-0.3590,5248.0,742.1,0.0,0.0000,0.0000,0.0189,19.455,0,293.15,0,0.0,0.0000,0.0000,0.0189,19.598,0,293.15,0,3931.4,0.0605,0.0029,0.0000,20.511,1,293.15,0,5544.4,0.0313,0.0027,0.0000,20.298,1,293.15,0
3.6667,13.8671,0.5873,1.5906,10.194,10.191,3027.8,3,0.025,1.000,0.000,-0.026,0,188.55,574.90,284.48,288.44,-0.01,660.81,0.00000,0.0000,0.0,-435.6,0.00000,0.0000,395.1,0.0,0.10015,-0.3502,3771.5,-507.9,0.10681,-0.3901,4851.3,608.0,0.0,0.0000,0.0000,0.0159,19.455,0,293.15,0,0.0,0.0000,0.0000,0.0159,19.598,0,293.15,0,4131.3,0.0607,0.0022,0.0000,20.617,1,293.15,0,5170.3,0.0349,0.0020,0.0000,20.488,1,293.15,0
3.6833,14.0331,0.6066,1.6258,10.254,10.250,3049.0,3,0.025,1.000,0.000,-0.033,0,190.77,583.51,289.05,291.84,-0.00,665.66,0.00000,0.0000,395.0,0.0,0.00000,0.0000,395.0,0.0,0.09473,-0.3100,4015.5,-311.9,0.09999,-0.4163,4375.5,402.5,0.0,0.0000,0.0000,0.0128,19.455,0,293.15,0,0.0,0.0000,0.0000,0.0128,19.598,0,293.15,0,4365.0,0.0580,0.0014,0.0000,20.679,1,293.15,0,4684.7,0.0403,0.0012,0.0000,20.718,1,293.15,0
3.7000,14.2003,0.6262,1.6602,10.315,10.312,3069.8,3,0.025,1.000,0.000,-0.039,0,193.08,594.82,295.18,295.79,-0.00,670.06,0.00000,0.0000,394.9,0.0,0.00000,0.0000,394.9,0.0,0.08993,-0.2734,4259.0,-102.5,0.09309,-0.4083,4010.9,176.2,0.0,0.0000,0.0000,0.0097,19.455,0,293.15,0,0.0,0.0000,0.0000,0.0097,19.598,0,293.15,0,4625.1,0.0540,0.0006,0.0000,20.730,1,293.15,0,4347.4,0.0462,0.0004,0.0000,20.947,1,293.15,0
3.7167,14.3687,0.6460,1.6936,10.378,10.375,3090.5,3,0.025,1.000,0.000,-0.046,0,195.44,602.60,300.28,296.28,-0.00,655.42,0.00000,0.0000,394.7,0.0,0.00000,0.0000,394.7,0.0,0.08552,-0.2593,4358.9,65.2,0.08653,-0.3840,3767.8,10.6,0.0,0.0000,0.0000,0.0066,19.455,0,293.15,0,0.0,0.0000,0.0000,0.0066,19.598,0,293.15,0,4699.4,0.0502,-0.0001,0.0000,20.802,1,293.15,0,4096.2,0.0519,-0.0002,0.0000,21.174,1,293.15,0
3.7333,14.5384,0.6660,1.7261,10.441,10.437,3112.3,3,0.026,1.000,0.000,-0.052,0,197.80,719.71,355.63,353.67,-0.00,872.67,0.00000,0.0000,394.6,0.0,0.00000,0.0000,394.6,0.0,0.08127,-0.2515,4360.6,168.1,0.08060,-0.3345,3701.9,-91.4,0.0,0.0000,0.0000,0.0035,19.455,0,293.15,0,0.0,0.0000,0.0000,0.0035,19.598,0,293.15,0,4683.8,0.0482,-0.0003,0.0000,20.909,1,293.15,0,4067.0,0.0564,-0.0004,0.0000,21.366,1,293.15,0
3.7500,14.7093,0.6861,1.7576,10.506,10.502,3133.5,3,0.026,1.000,0.000,-0.058,0,200.26,455.82,246.44,195.09,-0.00,147.83,0.00000,0.0000,394.5,0.0,0.00000,0.0000,394.5,0.0,0.07725,-0.2434,4298.8,207.0,0.07553,-0.2904,3695.5,-122.4,0.0,0.0000,0.0000,0.0003,19.455,0,293.15,0,0.0,0.0000,0.0000,0.0003,19.598,0,293.15,0,4579.4,0.0480,-0.0003,0.0000,21.049,1,293.15,0,4010.8,0.0589,-0.0004,0.0000,21.528,1,293.15,0
3.7667,14.8814,0.7064,1.7882,10.570,10.566,3155.9,3,0.026,1.000,0.000,-0.064,0,202.71,461.43,249.48,197.49,-0.00,149.64,0.00000,0.0000,394.3,0.0,0.00000,0.0000,394.3,0.0,0.07330,-0.2302,4215.9,206.6,0.07110,-0.2502,3699.0,-137.1,0.0,0.0000,0.0000,-0.0028,19.455,0,293.15,0,0.0,0.0000,0.0000,-0.0028,19.598,0,293.15,0,4523.1,0.0492,-0.0001,0.0000,21.212,1,293.15,0,4019.8,0.0600,-0.0001,0.0000,21.674,1,293.15,0
3.7833,15.0548,0.7269,1.8179,10.635,10.631,3178.5,3,0.026,1.000,0.000,-0.070,0,205.22,436.37,209.18,241.48,-0.00,509.44,0.00000,0.0000,394.2,0.0,0.00000,0.0000,394.2,0.0,0.06948,-0.2253,4049.6,163.6,0.06734,-0.2102,3773.1,-96.4,0.0,0.0000,0.0000,-0.0059,19.455,0,293.15,0,0.0,0.0000,0.0000,-0.0059,19.598,0,293.15,0,4349.5,0.0512,0.0003,0.0000,21.400,1,293.15,0,4100.2,0.0601,0.0002,0.0000,21.801,1,293.15,0
3.8000,15.2295,0.7476,1.8465,10.702,10.699,3200.7,3,0.026,1.000,0.000,-0.076,0,207.83,441.94,211.85,244.57,-0.00,515.93,0.00000,0.0000,394.1,0.0,0.00000,0.0000,394.1,0.0,0.06598,-0.2023,3963.1,113.0,0.06425,-0.1690,3877.9,-51.1,0.0,0.0000,0.0000,-0.0090,19.455,0,293.15,0,0.0,0.0000,0.0000,-0.0090,19.598,0,293.15,0,4247.1,0.0537,0.0006,0.0000,21.589,1,293.15,0,4205.2,0.0590,0.0006,0.0000,21.914,1,293.15,0
3.8167,15.4055,0.7686,1.8742,10.771,10.769,3222.7,3,0.027,1.000,0.000,-0.081,0,210.54,447.70,214.61,247.75,-0.00,522.64,0.00000,0.0000,393.9,0.0,0.00000,0.0000,393.9,0.0,0.06279,-0.1826,3834.2,27.9,0.06178,-0.1338,4004.3,21.2,0.0,0.0000,0.0000,-0.0121,19.455,0,293.15,0,0.0,0.0000,0.0000,-0.0121,19.598,0,293.15,0,4130.1,0.0562,0.0010,0.0000,21.793,1,293.15,0,4317.6,0.0571,0.0009,0.0000,22.015,1,293.15,0
3.8333,15.5828,0.7897,1.9010,10.844,10.842,3244.0,3,0.027,1.000,0.000,-0.087,0,213.38,453.74,217.51,251.10,-0.00,529.68,0.00000,0.0000,393.8,0.0,0.00000,0.0000,393.8,0.0,0.06016,-0.1472,3829.9,-22.5,0.05986,-0.1088,4074.8,62.7,0.0,0.0000,0.0000,-0.0152,19.455,0,293.15,0,0.0,0.0000,0.0000,-0.0152,19.598,0,293.15,0,4110.4,0.0582,0.0012,0.0000,21.979,1,293.15,0,4354.1,0.0548,0.0012,0.0000,22.126,1,293.15,0
3.8500,15.7615,0.8112,1.9267,10.917,10.915,3265.9,3,0.027,1.000,0.000,-0.092,0,216.27,459.88,220.45,254.50,-0.00,536.84,0.00000,0.0000,393.6,0.0,0.00000,0.0000,393.6,0.0,0.05799,-0.1194,3821.5,-60.1,0.05829,-0.0818,4153.3,89.8,0.0,0.0000,0.0000,-0.0182,19.455,0,293.15,0,0.0,0.0000,0.0000,-0.0182,19.598,0,293.15,0,4099.6,0.0591,0.0013,0.0000,22.157,1,293.15,0,4460.7,0.0530,0.0013,0.0000,22.249,1,293.15,0
3.8667,15.9415,0.8329,1.9516,10.992,10.991,3287.7,3,0.027,1.000,0.000,-0.097,0,219.26,466.25,223.50,258.02,-0.00,544.26,0.00000,0.0000,393.5,0.0,0.00000,0.0000,393.5,0.0,0.05630,-0.0927,3832.4,-92.6,0.05707,-0.0708,4172.0,114.0,0.0,0.0000,0.0000,-0.0212,19.455,0,293.15,0,0.0,0.0000,0.0000,-0.0212,19.598,0,293.15,0,4102.6,0.0594,0.0013,0.0000,22.331,1,293.15,0,4427.4,0.0515,0.0013,0.0000,22.387,1,293.15,0
3.8833,16.1230,0.8549,1.9755,11.068,11.067,3310.1,3,0.028,1.000,0.000,-0.101,0,222.31,472.74,226.61,261.61,-0.00,551.83,0.00000,0.0000,393.3,0.0,0.00000,0.0000,393.3,0.0,0.05502,-0.0672,3872.2,-108.2,0.05611,-0.0517,4221.7,121.6,0.0,0.0000,0.0000,-0.0242,19.455,0,293.15,0,0.0,0.0000,0.0000,-0.0242,19.598,0,293.15,0,4135.4,0.0590,0.0012,0.0000,22.497,1,293.15,0,4477.8,0.0504,0.0012,0.0000,22.533,1,293.15,0
3.9000,16.3057,0.8771,1.9985,11.143,11.143,3333.7,3,0.028,1.000,0.000,-0.106,0,225.36,479.22,229.72,265.20,-0.00,559.40,0.00000,0.0000,393.2,0.0,0.00000,0.0000,393.2,0.0,0.05413,-0.0496,3991.1,-26.5,0.05454,-0.1941,3433.8,45.0,0.0,0.0000,0.0000,-0.0271,19.455,0,293.15,0,0.0,0.0000,0.0000,-0.0271,19.598,0,293.15,0,4214.4,0.0581,0.0010,0.0000,22.647,1,293.15,0,3129.2,0.0526,0.0010,0.0000,22.813,1,293.15,0
3.9167,16.4894,0.8995,2.0203,11.185,11.185,3363.7,3,0.028,1.000,0.000,-0.110,0,227.03,482.79,231.43,267.17,-0.00,563.55,0.00000,0.0000,393.1,0.0,0.00000,0.0000,393.1,0.0,0.05241,-0.1342,4502.6,945.3,0.04663,-0.5559,519.9,-869.2,0.0,0.0000,0.0000,-0.0299,19.455,0,293.15,0,0.0,0.0000,0.0000,-0.0299,19.598,0,293.15,0,4628.9,0.0529,-0.0011,0.0000,22.606,1,293.15,0,589.9,0.0724,-0.0003,0.0000,23.495,1,293.15,0
3.9333,16.6736,0.9219,2.0404,11.195,11.195,3393.7,3,0.028,1.000,0.000,-0.114,0,227.44,483.67,231.85,267.66,-0.00,564.57,0.00000,0.0000,392.9,0.0,0.00000,0.0000,392.9,0.0,0.04451,-0.6998,1452.6,812.8,0.03602,-0.6789,0.0,-393.3,0.0,0.0000,0.0000,-0.0326,19.455,0,293.15,0,0.0,0.0000,0.0000,-0.0326,19.598,0,293.15,0,1057.6,0.0563,-0.0021,0.0000,22.964,1,293.15,0,0.0,0.0000,0.0000,0.0000,24.042,0,293.15,0
3.9500,16.8577,0.9444,2.0580,11.176,11.176,3423.7,3,0.028,1.000,0.000,-0.118,0,226.68,482.06,231.08,266.77,-0.00,562.70,0.00000,0.0000,392.8,0.0,0.00000,0.0000,392.8,0.0,0.03133,-0.8024,0.0,347.3,0.02492,-0.6443,0.0,-86.7,0.0,0.0000,0.0000,-0.0353,19.455,0,293.15,0,0.0,0.0000,0.0000,-0.0353,19.598,0,293.15,0,44.5,0.0677,-0.0010,0.0000,23.219,1,293.15,0,0.0,0.0000,0.0000,0.0000,24.434,0,293.15,0
3.9667,17.0417,0.9668,2.0732,11.159,11.159,3453.7,3,0.029,1.000,0.000,-0.121,1,225.99,480.60,230.38,265.96,-0.00,560.98,0.00000,0.0000,392.7,0.0,0.00000,0.0000,392.7,0.0,0.01939,-0.6539,0.0,173.3,0.01526,-0.5364,0.0,-19.6,0.0,0.0000,0.0000,-0.0379,19.455,0,293.15,0,0.0,0.0000,0.0000,-0.0379,19.598,0,293.15,0,0.0,0.0000,0.0000,0.0000,23.512,0,293.15,0,0.0,0.0000,0.0000,0.0000,24.696,0,293.15,0
3.9833,17.2257,0.9893,2.0857,11.144,11.144,3483.7,3,0.029,1.000,0.000,-0.124,1,225.39,479.33,229.77,265.25,-0.00,559.50,0.00000,0.0000,392.6,0.0,0.00000,0.0000,392.6,0.0,0.01017,-0.4965,0.0,109.1,0.00754,-0.4213,0.0,1.5,0.0,0.0000,0.0000,-0.0405,19.455,0,293.15,0,0.0,0.0000,0.0000,-0.0405,19.598,0,293.15,0,0.0,0.0000,0.0000,0.0000,23.747,0,293.15,0,0.0,0.0000,0.0000,0.0000,24.903,0,293.15,0
4.0000,17.4096,1.0117,2.0957,11.132,11.132,3513.7,3,0.029,1.000,0.000,-0.127,1,224.88,478.26,229.26,264.66,-0.00,558.24,0.00000,0.0000,392.6,0.0,0.00000,0.0000,392.6,0.0,0.00325,-0.3699,0.0,70.3,0.00157,-0.3223,0.0,9.9,0.0,0.0000,0.0000,-0.0429,19.455,0,293.15,0,0.0,0.0000,0.0000,-0.0429,19.598,0,293.15,0,0.0,0.0000,0.0000,0.0000,23.973,0,293.15,0,0.0,0.0000,0.0000,0.0000,25.102,0,293.15,0
4.0167,17.5935,1.0341,2.1032,11.121,11.121,3543.7,3,0.029,1.000,0.000,-0.130,1,224.46,477.38,228.84,264.18,-0.00,557.21,0.00000,0.0000,392.5,0.0,0.00000,0.0000,392.5,0.0,0.00000,0.0000,399.5,0.0,0.00000,0.0000,399.5,0.0,0.0,0.0000,0.0000,-0.0452,19.455,0,293.15,0,0.0,0.0000,0.0000,-0.0452,19.598,0,293.15,0,0.0,0.0000,0.0000,0.0000,24.197,0,293.15,0,0.0,0.0000,0.0000,0.0000,25.300,0,293.15,0
4.0333,17.7773,1.0566,2.1082,11.113,11.113,3573.7,3,0.030,1.000,0.000,-0.132,1,224.13,476.67,228.50,263.78,0.00,556.38,0.00000,0.0000,392.5,0.0,0.00000,0.0000,392.5,0.0,0.00000,0.0000,399.4,0.0,0.00000,0.0000,399.4,0.0,0.0,0.0000,0.0000,-0.0475,19.455,0,293.15,0,0.0,0.0000,0.0000,-0.0475,19.598,0,293.15,0,0.0,0.0000,0.0000,0.0000,24.421,0,293.15,0,0.0,0.0000,0.0000,0.0000,25.497,0,293.15,0
4.0500,17.9610,1.0790,2.1109,11.107,11.106,3603.7,3,0.030,1.000,0.000,-0.134,1,223.87,476.12,228.23,263.48,0.00,555.75,0.00000,0.0000,392.4,0.0,0.00000,0.0000,392.4,0.0,0.00000,0.0000,399.4,0.0,0.00000,0.0000,399.4,0.0,0.0,0.0000,0.0000,-0.0496,19.455,0,293.15,0,0.0,0.0000,0.0000,-0.0496,19.598,0,293.15,0,0.0,0.0000,0.0000,0.0000,24.645,0,293.15,0,0.0,0.0000,0.0000,0.0000,25.695,0,293.15,0
4.0667,18.1447,1.1014,2.1111,11.103,11.102,3633.7,3,0.030,1.000,0.000,-0.136,1,223.71,475.74,228.05,263.27,0.00,555.32,0.00000,0.0000,392.4,0.0,0.00000,0.0000,392.4,0.0,0.00000,0.0000,399.4,0.0,0.00000,0.0000,399.4,0.0,0.0,0.0000,0.0000,-0.0516,19.455,0,293.15,0,0.0,0.0000,0.0000,-0.0516,19.598,0,293.15,0,0.0,0.0000,0.0000,0.0000,24.869,0,293.15,0,0.0,0.0000,0.0000,0.0000,25.893,0,293.15,0
4.0833,18.3283,1.1238,2.1090,11.101,11.100,3663.7,3,0.030,1.000,0.000,-0.137,1,223.62,475.54,227.95,263.16,0.00,555.10,0.00000,0.0000,392.4,0.0,0.00000,0.0000,392.4,0.0,0.00000,0.0000,399.4,0.0,0.00000,0.0000,399.4,0.0,0.0,0.0000,0.0000,-0.0535,19.455,0,293.15,0,0.0,0.0000,0.0000,-0.0535,19.598,0,293.15,0,0.0,0.0000,0.0000,0.0000,25.092,0,293.15,0,0.0,0.0000,0.0000,0.0000,26.091,0,293.15,0
4.1000,18.5119,1.1462,2.1045,11.101,11.099,3693.7,3,0.031,1.000,0.000,-0.139,1,223.62,475.51,227.94,263.14,0.00,555.09,0.00000,0.0000,392.4,0.0,0.00000,0.0000,392.4,0.0,0.00000,0.0000,399.4,0.0,0.00000,0.0000,399.4,0.0,0.0,0.0000,0.0000,-0.0552,19.455,0,293.15,0,0.0,0.0000,0.0000,-0.0552,19.598,0,293.15,0,0.0,0.0000,0.0000,0.0000,25.315,0,293.15,0,0.0,0.0000,0.0000,0.0000,26.289,0,293.15,0
4.1167,18.6955,1.1686,2.0976,11.103,11.101,3723.7,3,0.031,1.000,0.000,-0.139,1,223.70,475.66,228.01,263.23,0.00,555.28,0.00000,0.0000,392.4,0.0,0.00000,0.0000,392.4,0.0,0.00000,0.0000,399.4,0.0,0.00000,0.0000,399.4,0.0,0.0,0.0000,0.0000,-0.0569,19.455,0,293.15,0,0.0,0.0000,0.0000,-0.0569,19.598,0,293.15,0,0.0,0.0000,0.0000,0.0000,25.539,0,293.15,0,0.0,0.0000,0.0000,0.0000,26.487,0,293.15,0
4.1333,18.8790,1.1910,2.0884,11.107,11.105,3753.7,3,0.031,1.000,0.000,-0.140,1,223.86,475.98,228.17,263.41,0.00,555.68,0.00000,0.0000,392.5,0.0,0.00000,0.0000,392.5,0.0,0.00000,0.0000,399.4,0.0,0.00000,0.0000,399.4,0.0,0.0,0.0000,0.0000,-0.0584,19.455,0,293.15,0,0.0,0.0000,0.0000,-0.0584,19.598,0,293.15,0,0.0,0.0000,0.0000,0.0000,25.762,0,293.15,0,0.0,0.0000,0.0000,0.0000,26.685,0,293.15,0
4.1500,19.0625,1.2133,2.0767,11.113,11.111,3783.7,3,0.031,1.000,0.000,-0.140,1,224.11,476.48,228.41,263.68,0.00,556.28,0.00000,0.0000,392.5,0.0,0.00000,0.0000,392.5,0.0,0.00000,0.0000,399.5,0.0,0.00000,0.0000,399.5,0.0,0.0,0.0000,0.0000,-0.0598,19.455,0,293.15,0,0.0,0.0000,0.0000,-0.0598,19.598,0,293.15,0,0.0,0.0000,0.0000,0.0000,25.985,0,293.15,0,0.0,0.0000,0.0000,0.0000,26.884,0,293.15,0
4.1667,19.2459,1.2357,2.0627,11.121,11.119,3813.7,3,0.031,1.000,0.000,-0.140,1,224.44,477.15,228.73,264.05,0.00,557.09,0.00000,0.0000,392.6,0.0,0.00000,0.0000,392.6,0.0,0.00000,0.0000,399.5,0.0,0.00000,0.0000,399.5,0.0,0.0,0.0000,0.0000,-0.0610,19.455,0,293.15,0,0.0,0.0000,0.0000,-0.0610,19.598,0,293.15,0,0.0,0.0000,0.0000,0.0000,26.208,0,293.15,0,0.0,0.0000,0.0000,0.0000,27.082,0,293.15,0
4.1833,19.4293,1.2580,2.0463,11.132,11.129,3843.7,3,0.032,1.000,0.000,-0.139,1,224.85,477.99,229.13,264.52,0.00,558.10,0.00000,0.0000,392.7,0.0,0.00000,0.0000,392.7,0.0,0.00000,0.0000,399.6,0.0,0.00000,0.0000,399.6,0.0,0.0,0.0000,0.0000,-0.0622,19.455,0,293.15,0,0.0,0.0000,0.0000,-0.0622,19.598,0,293.15,0,0.0,0.0000,0.0000,0.0000,26.430,0,293.15,0,0.0,0.0000,0.0000,0.0000,27.281,0,293.15,0
4.2000,19.6127,1.2804,2.0274,11.144,11.141,3873.7,3,0.032,1.000,0.000,-0.139,1,225.35,479.01,229.62,265.09,0.00,559.32,0.00000,0.0000,392.7,0.0,0.00000,0.0000,392.7,0.0,0.00000,0.0000,399.7,0.0,0.00000,0.0000,399.7,0.0,0.0,0.0000,0.0000,-0.0631,19.455,0,293.15,0,0.0,0.0000,0.0000,-0.0631,19.598,0,293.15,0,0.0,0.0000,0.0000,0.0000,26.653,0,293.15,0,0.0,0.0000,0.0000,0.0000,27.480,0,293.15,0
4.2167,19.7961,1.3027,2.0063,11.158,11.155,3903.7,3,0.032,1.000,0.000,-0.137,1,225.92,480.20,230.19,265.75,0.00,560.74,0.00000,0.0000,392.8,0.0,0.00000,0.0000,392.8,0.0,0.00000,0.0000,399.8,0.0,0.00000,0.0000,399.8,0.0,0.0,0.0000,0.0000,-0.0639,19.455,0,293.15,0,0.0,0.0000,0.0000,-0.0639,19.598,0,293.15,0,0.0,0.0000,0.0000,0.0000,26.875,0,293.15,0,0.0,0.0000,0.0000,0.0000,27.679,0,293.15,0
4.2333,19.9795,1.3250,1.9827,11.175,11.170,3933.7,3,0.032,1.000,0.000,-0.136,1,226.58,481.57,230.85,266.51,0.01,562.37,0.00000,0.0000,392.9,0.0,0.00000,0.0000,392.9,0.0,0.00000,0.0000,399.9,0.0,0.00000,0.0000,399.9,0.0,0.0,0.0000,0.0000,-0.0646,19.455,0,293.15,0,0.0,0.0000,0.0000,-0.0646,19.598,0,293.15,0,0.0,0.0000,0.0000,0.0000,27.098,0,293.15,0,0.0,0.0000,0.0000,0.0000,27.878,0,293.15,0
4.2500,20.1628,1.3473,1.9567,11.193,11.188,3963.7,3,0.033,1.000,0.000,-0.134,1,227.33,483.11,231.59,267.36,0.01,564.20,0.00000,0.0000,393.1,0.0,0.00000,0.0000,393.1,0.0,0.00000,0.0000,400.0,0.0,0.00000,0.0000,400.0,0.0,0.0,0.0000,0.0000,-0.0652,19.455,0,293.15,0,0.0,0.0000,0.0000,-0.0652,19.598,0,293.15,0,0.0,0.0000,0.0000,0.0000,27.320,0,293.15,0,0.0,0.0000,0.0000,0.0000,28.077,0,293.15,0
4.2667,20.3462,1.3696,1.9284,11.214,11.208,3993.7,3,0.033,1.000,0.000,-0.132,1,228.15,484.82,232.41,268.31,0.01,566.23,0.00000,0.0000,393.2,0.0,0.00000,0.0000,393.2,0.0,0.00000,0.0000,400.2,0.0,0.00000,0.0000,400.2,0.0,0.0,0.0000,0.0000,-0.0656,19.455,0,293.15,0,0.0,0.0000,0.0000,-0.0656,19.598,0,293.15,0,0.0,0.0000,0.0000,0.0000,27.542,0,293.15,0,0.0,0.0000,0.0000,0.0000,28.276,0,293.15,0
4.2833,20.5295,1.3919,1.8977,11.236,11.230,4023.7,3,0.033,1.000,0.000,-0.130,1,229.06,486.70,233.31,269.35,0.01,568.47,0.00000,0.0000,393.4,0.0,0.00000,0.0000,393.4,0.0,0.00000,0.0000,400.3,0.0,0.00000,0.0000,400.3,0.0,0.0,0.0000,0.0000,-0.0658,19.455,0,293.15,0,0.0,0.0000,0.0000,-0.0658,19.598,0,293.15,0,0.0,0.0000,0.0000,0.0000,27.764,0,293.15,0,0.0,0.0000,0.0000,0.0000,28.476,0,293.15,0
4.3000,20.7128,1.4141,1.8646,11.261,11.254,4053.7,3,0.033,1.000,0.000,-0.127,1,230.05,488.76,234.30,270.49,0.02,570.91,0.00000,0.0000,393.5,0.0,0.00000,0.0000,393.5,0.0,0.00000,0.0000,400.5,0.0,0.00000,0.0000,400.5,0.0,0.0,0.0000,0.0000,-0.0659,19.455,0,293.15,0,0.0,0.0000,0.0000,-0.0659,19.598,0,293.15,0,0.0,0.0000,0.0000,0.0000,27.986,0,293.15,0,0.0,0.0000,0.0000,0.0000,28.675,0,293.15,0
4.3167,20.8962,1.4364,1.8291,11.287,11.280,4083.7,3,0.034,1.000,0.000,-0.124,1,231.13,490.99,235.37,271.73,0.02,573.56,0.00000,0.0000,393.7,0.0,0.00000,0.0000,393.7,0.0,0.00000,0.0000,400.7,0.0,0.00000,0.0000,400.7,0.0,0.0,0.0000,0.0000,-0.0658,19.455,0,293.15,0,0.0,0.0000,0.0000,-0.0658,19.598,0,293.15,0,0.0,0.0000,0.0000,0.0000,28.208,0,293.15,0,0.0,0.0000,0.0000,0.0000,28.875,0,293.15,0
4.3333,21.0795,1.4586,1.7912,11.316,11.307,4113.7,3,0.034,1.000,0.000,-0.121,1,232.28,493.39,236.52,273.06,0.02,576.41,0.00000,0.0000,393.9,0.0,0.00000,0.0000,393.9,0.0,0.00000,0.0000,400.9,0.0,0.00000,0.0000,400.9,0.0,0.0,0.0000,0.0000,-0.0656,19.455,0,293.15,0,0.0,0.0000,0.0000,-0.0656,19.598,0,293.15,0,0.0,0.0000,0.0000,0.0000,28.430,0,293.15,0,0.0,0.0000,0.0000,0.0000,29.074,0,293.15,0
4.3500,21.2629,1.4808,1.7510,11.346,11.337,4143.7,3,0.034,1.000,0.000,-0.118,1,233.52,495.96,237.76,274.49,0.03,579.46,0.00000,0.0000,394.1,0.0,0.00000,0.0000,394.1,0.0,0.00000,0.0000,401.1,0.0,0.00000,0.0000,401.1,0.0,0.0,0.0000,0.0000,-0.0653,19.455,0,293.15,0,0.0,0.0000,0.0000,-0.0653,19.598,0,293.15,0,0.0,0.0000,0.0000,0.0000,28.651,0,293.15,0,0.0,0.0000,0.0000,0.0000,29.274,0,293.15,0
4.3667,21.4463,1.5030,1.7084,11.378,11.369,4173.7,3,0.034,1.000,0.000,-0.114,1,234.84,498.71,239.07,276.01,0.03,582.72,0.00000,0.0000,394.3,0.0,0.00000,0.0000,394.3,0.0,0.00000,0.0000,401.3,0.0,0.00000,0.0000,401.3,0.0,0.0,0.0000,0.0000,-0.0648,19.455,0,293.15,0,0.0,0.0000,0.0000,-0.0648,19.598,0,293.15,0,0.0,0.0000,0.0000,0.0000,28.873,0,293.15,0,0.0,0.0000,0.0000,0.0000,29.474,0,293.15,0
4.3833,21.6297,1.5252,1.6634,11.412,11.402,4203.7,3,0.034,1.000,0.000,-0.110,1,236.24,501.63,240.47,277.63,0.04,586.17,0.00000,0.0000,394.5,0.0,0.00000,0.0000,394.5,0.0,0.00000,0.0000,401.5,0.0,0.00000,0.0000,401.5,0.0,0.0,0.0000,0.0000,-0.0641,19.455,0,293.15,0,0.0,0.0000,0.0000,-0.0641,19.598,0,293.15,0,0.0,0.0000,0.0000,0.0000,29.094,0,293.15,0,0.0,0.0000,0.0000,0.0000,29.674,0,293.15,0
4.4000,21.8131,1.5474,1.6160,11.448,11.437,4233.7,3,0.035,1.000,0.000,-0.106,1,237.73,504.72,241.96,279.34,0.04,589.84,0.00000,0.0000,394.7,0.0,0.00000,0.0000,394.7,0.0,0.00000,0.0000,401.7,0.0,0.00000,0.0000,401.7,0.0,0.0,0.0000,0.0000,-0.0633,19.455,0,293.15,0,0.0,0.0000,0.0000,-0.0633,19.598,0,293.15,0,0.0,0.0000,0.0000,0.0000,29.315,0,293.15,0,0.0,0.0000,0.0000,0.0000,29.874,0,293.15,0
4.4167,21.9965,1.5695,1.5662,11.486,11.475,4263.7,3,0.035,1.000,0.000,-0.101,1,239.30,507.98,243.52,281.15,0.05,593.70,0.00000,0.0000,395.0,0.0,0.00000,0.0000,395.0,0.0,0.00000,0.0000,402.0,0.0,0.00000,0.0000,402.0,0.0,0.0,0.0000,0.0000,-0.0624,19.455,0,293.15,0,0.0,0.0000,0.0000,-0.0624,19.598,0,293.15,0,0.0,0.0000,0.0000,0.0000,29.536,0,293.15,0,0.0,0.0000,0.0000,0.0000,30.075,0,293.15,0
4.4333,22.1800,1.5916,1.5141,11.526,11.514,4293.7,3,0.035,1.000,0.000,-0.097,1,240.95,511.41,245.17,283.05,0.06,597.77,0.00000,0.0000,395.2,0.0,0.00000,0.0000,395.2,0.0,0.00000,0.0000,402.2,0.0,0.00000,0.0000,402.2,0.0,0.0,0.0000,0.0000,-0.0613,19.455,0,293.15,0,0.0,0.0000,0.0000,-0.0613,19.598,0,293.15,0,0.0,0.0000,0.0000,0.0000,29.757,0,293.15,0,0.0,0.0000,0.0000,0.0000,30.275,0,293.15,0
4.4500,22.3635,1.6137,1.4596,11.568,11.554,4323.7,3,0.035,1.000,0.000,-0.092,1,242.68,515.02,246.90,285.05,0.06,602.04,0.00000,0.0000,395.5,0.0,0.00000,0.0000,395.5,0.0,0.00000,0.0000,402.5,0.0,0.00000,0.0000,402.5,0.0,0.0,0.0000,0.0000,-0.0601,19.455,0,293.15,0,0.0,0.0000,0.0000,-0.0601,19.598,0,293.15,0,0.0,0.0000,0.0000,0.0000,29.978,0,293.15,0,0.0,0.0000,0.0000,0.0000,30.475,0,293.15,0
4.4667,22.5470,1.6358,1.4027,11.611,11.597,4353.7,3,0.036,1.000,0.000,-0.087,1,244.50,518.80,248.71,287.15,0.07,606.52,0.00000,0.0000,395.8,0.0,0.00000,0.0000,395.8,0.0,0.00000,0.0000,402.8,0.0,0.00000,0.0000,402.8,0.0,0.0,0.0000,0.0000,-0.0587,19.455,0,293.15,0,0.0,0.0000,0.0000,-0.0587,19.598,0,293.15,0,0.0,0.0000,0.0000,0.0000,30.199,0,293.15,0,0.0,0.0000,0.0000,0.0000,30.676,0,293.15,0
4.4833,22.7306,1.6579,1.3434,11.656,11.642,4383.7,3,0.036,1.000,0.000,-0.081,1,246.39,522.75,250.61,289.33,0.08,611.19,0.00000,0.0000,396.1,0.0,0.00000,0.0000,396.1,0.0,0.00000,0.0000,403.1,0.0,0.00000,0.0000,403.1,0.0,0.0,0.0000,0.0000,-0.0572,19.455,0,293.15,0,0.0,0.0000,0.0000,-0.0572,19.598,0,293.15,0,0.0,0.0000,0.0000,0.0000,30.420,0,293.15,0,0.0,0.0000,0.0000,0.0000,30.877,0,293.15,0
4.5000,22.9142,1.6799,1.2817,11.703,11.688,4413.7,3,0.036,1.000,0.000,-0.076,1,248.37,527.60,253.15,291.62,0.09,614.74,0.00000,0.0000,396.4,0.0,0.00000,0.0000,396.4,0.0,0.00000,0.0000,403.4,0.0,0.00000,0.0000,403.4,0.0,0.0,0.0000,0.0000,-0.0556,19.455,0,293.15,0,0.0,0.0000,0.0000,-0.0556,19.598,0,293.15,0,0.0,0.0000,0.0000,0.0000,30.641,0,293.15,0,0.0,0.0000,0.0000,0.0000,31.077,0,293.15,0
4.5167,23.0979,1.7019,1.2176,11.752,11.736,4443.7,3,0.036,1.000,0.000,-0.070,1,250.44,532.82,255.93,294.00,0.11,618.13,0.00000,0.0000,396.7,0.0,0.00000,0.0000,396.7,0.0,0.00000,0.0000,403.7,0.0,0.00000,0.0000,403.7,0.0,0.0,0.0000,0.0000,-0.0539,19.455,0,293.15,0,0.0,0.0000,0.0000,-0.0539,19.598,0,293.15,0,0.0,0.0000,0.0000,0.0000,30.861,0,293.15,0,0.0,0.0000,0.0000,0.0000,31.278,0,293.15,0
4.5333,23.2816,1.7239,1.1512,11.802,11.785,4473.7,3,0.037,1.000,0.000,-0.064,0,252.58,538.36,258.91,296.46,0.12,621.41,0.00014,0.0346,1103.0,0.0,0.00000,0.0000,693.4,-63.4,0.00000,0.0000,404.1,0.0,0.00000,0.0000,404.1,0.0,1529.8,-0.0422,-0.0559,-0.0520,20.972,1,293.15,0,713.1,-0.0572,-0.0573,-0.0520,20.322,1,293.15,0,0.0,0.0000,0.0000,0.0000,31.082,0,293.15,0,0.0,0.0000,0.0000,0.0000,31.479,0,293.15,0
4.5500,23.4658,1.7428,1.0839,11.813,11.791,4503.7,3,0.037,1.000,0.000,-0.058,0,252.99,539.23,259.71,296.30,0.33,619.57,0.01777,2.0238,8046.4,-2690.4,0.03393,3.2962,18131.9,948.5,0.00000,0.0000,404.4,0.0,0.00000,0.0000,404.4,0.0,12280.8,0.0851,-0.0174,-0.0500,9.283,1,293.15,0,23207.1,-0.0477,-0.0128,-0.0500,42.649,1,293.15,0,0.0,0.0000,0.0000,0.0000,31.302,0,293.15,0,0.0,0.0000,0.0000,0.0000,31.680,0,293.15,0
4.5667,23.6510,1.7617,1.0201,11.769,11.760,4533.7,3,0.037,1.000,0.000,-0.052,0,251.27,537.43,259.22,294.53,0.18,612.92,0.07288,3.8542,19589.1,-2049.5,0.09852,4.0455,24021.1,568.2,0.00000,0.0000,404.5,0.0,0.00000,0.0000,404.5,0.0,21547.4,0.1353,-0.0019,-0.0479,11.890,1,293.15,0,26987.0,0.2198,0.0053,-0.0479,22.636,1,293.15,0,0.0,0.0000,0.0000,0.0000,31.522,0,293.15,0,0.0,0.0000,0.0000,0.0000,31.881,0,293.15,0
4.5833,23.8380,1.7805,0.9628,11.742,11.726,4563.7,3,0.037,1.000,0.000,-0.046,0,250.01,535.92,258.90,292.94,0.25,607.29,0.14404,4.5037,25569.2,-915.5,0.16496,3.9912,23744.9,-583.9,0.00000,0.0000,404.5,0.0,0.00000,0.0000,404.5,0.0,27183.0,0.3087,0.0006,-0.0457,18.703,1,293.15,0,25797.2,0.2413,0.0048,-0.0457,24.355,1,293.15,0,0.0,0.0000,0.0000,0.0000,31.742,0,293.15,0,0.0,0.0000,0.0000,0.0000,32.083,0,293.15,0
4.6000,24.0290,1.7998,0.9120,11.907,11.878,4593.7,3,0.038,1.000,0.000,-0.039,0,256.93,559.42,270.46,304.97,0.17,636.59,0.20498,3.3690,21363.7,-354.1,0.21617,2.6726,17979.3,-657.4,0.00000,0.0000,404.2,0.0,0.00000,0.0000,404.2,0.0,22317.8,0.0572,-0.0049,-0.0434,10.857,1,293.15,0,17839.4,-0.2582,-0.0034,-0.0434,25.914,1,293.15,0,0.0,0.0000,0.0000,0.0000,31.962,0,293.15,0,0.0,0.0000,0.0000,0.0000,32.284,0,293.15,0
4.6167,24.2223,1.8187,0.8662,12.015,11.973,4623.7,3,0.038,1.000,0.000,-0.033,0,261.43,584.08,282.38,317.63,0.19,675.66,0.25260,2.5931,19634.0,1182.4,0.25072,1.8039,13236.4,-1654.3,0.00000,0.0000,403.9,0.0,0.00000,0.0000,403.9,0.0,19470.0,0.0430,-0.0007,-0.0410,0.482,1,293.15,0,13133.1,-0.3886,-0.0007,-0.0410,21.692,1,293.15,0,0.0,0.0000,0.0000,0.0000,32.182,0,293.15,0,0.0,0.0000,0.0000,0.0000,32.486,0,293.15,0
4.6333,24.4175,1.8381,0.8239,11.988,11.948,4653.7,3,0.038,1.000,0.000,-0.026,0,260.29,597.54,288.86,324.12,0.17,702.85,0.27817,1.0639,12655.0,964.6,0.27007,0.8227,9613.5,-953.0,0.00000,0.0000,403.4,0.0,0.00000,0.0000,403.4,0.0,12176.9,0.3657,-0.0009,-0.0385,26.364,1,293.15,0,9121.2,0.0703,-0.0013,-0.0385,15.394,1,293.15,0,0.0,0.0000,0.0000,0.0000,32.402,0,293.15,0,0.0,0.0000,0.0000,0.0000,32.687,0,293.15,0
4.6500,24.6139,1.8574,0.7833,12.092,12.060,4683.7,3,0.038,1.000,0.000,-0.020,0,264.93,626.30,302.71,338.84,0.18,750.29,0.28686,0.2820,9055.2,842.7,0.27721,0.2603,7310.4,-758.9,0.00000,0.0000,402.9,0.0,0.00000,0.0000,402.9,0.0,9000.6,-0.0642,0.0023,-0.0359,32.638,1,293.15,0,7341.8,0.0876,0.0023,-0.0359,17.136,1,293.15,0,0.0,0.0000,0.0000,0.0000,32.622,0,293.15,0,0.0,0.0000,0.0000,0.0000,32.889,0,293.15,0
4.6667,24.8110,1.8767,0.7430,12.114,12.095,4713.7,3,0.039,1.000,0.000,-0.013,0,266.06,650.75,314.43,351.08,0.18,795.70,0.28008,-0.8465,2799.8,-301.7,0.27738,-0.1417,7295.1,1034.4,0.00000,0.0000,402.3,0.0,0.00000,0.0000,402.3,0.0,1597.2,-0.0186,0.0018,-0.0332,23.139,1,293.15,0,7239.2,0.0888,0.0030,-0.0332,16.960,1,293.15,0,0.0,0.0000,0.0000,0.0000,32.842,0,293.15,0,0.0,0.0000,0.0000,0.0000,33.090,0,293.15,0
4.6833,25.0085,1.8960,0.7021,12.145,12.136,4743.7,3,0.039,1.000,0.000,-0.007,0,267.56,682.32,329.52,366.95,0.18,854.64,0.26085,-1.1550,0.0,-1947.4,0.27245,-0.3304,7678.6,2290.5,0.00000,0.0000,401.8,0.0,0.00000,0.0000,401.8,0.0,0.0,0.0000,0.0000,-0.0305,23.136,0,293.15,0,8022.0,0.0983,0.0018,-0.0305,16.193,1,293.15,0,0.0,0.0000,0.0000,0.0000,33.061,0,293.15,0,0.0,0.0000,0.0000,0.0000,33.292,0,293.15,0
4.7000,25.2064,1.9154,0.6602,12.177,12.168,4773.7,3,0.039,1.000,0.000,0.000,0,268.97,723.94,349.35,387.92,0.19,933.79,0.24312,-1.0192,0.0,-2462.1,0.26509,-0.5310,7214.8,2764.3,0.00000,0.0000,401.3,0.0,0.00000,0.0000,401.3,0.0,0.0,0.0000,0.0000,-0.0277,23.136,0,293.15,0,7237.5,0.0934,0.0006,-0.0277,17.078,1,293.15,0,0.0,0.0000,0.0000,0.0000,33.281,0,293.15,0,0.0,0.0000,0.0000,0.0000,33.494,0,293.15,0
4.7167,25.4045,1.9347,0.6172,12.209,12.189,4803.7,3,0.039,1.000,0.000,0.007,0,270.24,782.67,377.21,417.62,0.19,1047.67,0.22659,-0.9865,0.0,-2416.0,0.25311,-0.8227,5824.7,2743.5,0.00000,0.0000,400.8,0.0,0.00000,0.0000,400.8,0.0,0.0,0.0000,0.0000,-0.0248,23.136,0,293.15,0,5776.3,0.0829,-0.0003,-0.0248,18.403,1,293.15,0,0.0,0.0000,0.0000,0.0000,33.500,0,293.15,0,0.0,0.0000,0.0000,0.0000,33.696,0,293.15,0
4.7333,25.6027,1.9540,0.5727,12.238,12.193,4833.7,3,0.040,1.000,0.000,0.013,0,271.22,875.36,420.93,464.73,0.18,1231.51,0.20998,-1.0009,0.0,-2181.1,0.23703,-1.0309,4581.0,2513.2,0.00000,0.0000,400.4,0.0,0.00000,0.0000,400.4,0.0,93.8,-0.0032,-0.0000,-0.0219,23.164,1,293.15,0,4661.7,0.0780,-0.0001,-0.0219,20.041,1,293.15,0,0.0,0.0000,0.0000,0.0000,33.720,0,293.15,0,0.0,0.0000,0.0000,0.0000,33.898,0,293.15,0
4.7500,25.8009,1.9733,0.5269,12.274,12.191,4863.7,3,0.040,1.000,0.000,0.020,0,272.31,850.90,413.27,444.36,0.17,1120.32,0.20940,0.5452,9309.7,279.3,0.22183,-0.8151,2112.0,-855.5,0.00000,0.0000,400.0,0.0,0.00000,0.0000,400.0,0.0,10838.9,-0.0270,0.0024,-0.0189,34.075,1,293.15,0,2583.9,-0.0028,0.0014,-0.0189,23.751,1,293.15,0,0.0,0.0000,0.0000,0.0000,33.939,0,293.15,0,0.0,0.0000,0.0000,0.0000,34.100,0,293.15,0
4.7667,25.9994,1.9929,0.4810,12.306,12.181,4893.7,3,0.040,1.000,0.000,0.026,0,273.22,841.09,417.00,419.63,0.14,955.52,0.21963,0.4754,11186.9,2422.2,0.20922,-0.7487,777.3,-2429.0,0.00000,0.0000,399.7,0.0,0.00000,0.0000,399.7,0.0,10939.1,-0.2172,0.0052,-0.0159,28.074,1,293.15,0,1006.8,-0.0015,0.0068,-0.0159,23.502,1,293.15,0,0.0,0.0000,0.0000,0.0000,34.158,0,293.15,0,0.0,0.0000,0.0000,0.0000,34.303,0,293.15,0
4.7833,26.1983,2.0135,0.4351,12.311,12.131,4923.7,3,0.040,1.000,0.000,0.033,0,272.72,623.64,337.20,267.01,0.10,203.06,0.22304,-0.0018,9718.0,3085.0,0.19757,-0.6656,681.7,-2843.6,0.00992,1.7417,10495.9,1173.4,0.00191,0.4592,0.0,-3406.5,9159.8,-0.0062,0.0085,-0.0128,27.433,1,293.15,0,981.9,0.0007,0.0104,-0.0128,23.380,1,293.15,0,16008.6,0.3012,0.0266,0.0000,33.072,1,293.15,0,2125.8,0.3482,0.0300,0.0000,34.213,1,293.15,0
4.8000,26.3999,2.0387,0.3933,12.464,12.281,4886.7,3,0.041,1.000,0.000,0.039,0,279.57,641.84,347.02,274.70,0.00,208.08,0.21362,-1.0345,3420.6,1479.8,0.19133,-0.0822,5457.0,-664.3,0.07069,4.4439,25941.0,1003.2,0.05921,4.7007,22437.0,-3061.9,2111.4,0.0397,0.0225,-0.0097,23.895,1,293.15,0,6733.0,-0.0058,0.0188,-0.0097,24.188,1,293.15,0,27996.3,0.3225,-0.0060,0.0000,32.416,1,293.15,0,25720.2,0.3617,-0.0074,0.0000,33.285,1,293.15,0
4.8167,26.6050,2.0645,0.3613,12.586,12.455,4843.4,3,0.041,1.000,0.000,0.046,0,285.74,654.29,353.75,280.03,0.00,212.17,0.19505,-1.0443,509.7,-1299.4,0.19288,0.0959,8487.7,1557.6,0.14567,4.2976,25989.3,-487.1,0.14329,4.9377,28746.9,-662.6,993.3,-0.0121,0.0115,-0.0066,24.043,1,293.15,0,8514.5,-0.0773,0.0123,-0.0066,31.633,1,293.15,0,25280.7,0.3321,0.0026,0.0000,32.177,1,293.15,0,28259.3,0.3654,0.0021,0.0000,32.892,1,293.15,0
4.8333,26.8135,2.0918,0.3395,12.718,12.636,4800.0,3,0.041,1.000,0.000,0.052,0,292.44,668.26,361.30,286.00,0.00,216.64,0.17986,-0.8220,703.2,-2034.3,0.19236,-0.1324,8109.6,2209.4,0.20785,3.3697,21090.7,-1404.8,0.21594,3.9192,25752.0,657.4,1216.2,-0.0100,0.0035,-0.0035,24.517,1,293.15,0,7889.5,-0.1458,0.0056,-0.0035,30.877,1,293.15,0,20087.7,0.3183,0.0002,0.0000,31.936,1,293.15,0,24376.7,0.3535,0.0002,0.0000,32.549,1,293.15,0
4.8500,27.0254,2.1193,0.3263,12.880,12.831,4756.7,3,0.041,1.000,0.000,0.058,0,300.38,685.39,370.56,293.33,0.00,222.18,0.16923,-0.5204,2411.2,-1633.6,0.18617,-0.5271,5782.1,1687.5,0.25488,2.4957,17343.0,-1311.8,0.26771,2.6149,20080.8,807.9,2991.2,-0.0058,0.0010,-0.0003,25.145,1,293.15,0,5447.9,-0.1291,0.0016,-0.0003,29.200,1,293.15,0,16497.7,0.2886,-0.0015,0.0000,31.668,1,293.15,0,18767.6,0.3231,-0.0012,0.0000,32.220,1,293.15,0
4.8667,27.2408,2.1467,0.3195,13.061,13.031,4713.4,3,0.042,1.000,0.000,0.064,0,309.18,704.61,380.95,301.57,0.00,228.49,0.16374,-0.2662,4923.1,-239.7,0.17386,-0.8107,3066.2,306.0,0.29045,2.0401,16189.8,-517.0,0.29981,1.5824,14463.8,-156.9,5195.0,-0.0038,0.0027,0.0028,25.727,1,293.15,0,3126.7,-0.0060,0.0026,0.0028,25.444,1,293.15,0,16379.4,0.2476,-0.0006,0.0000,31.359,1,293.15,0,13684.5,0.2821,-0.0006,0.0000,31.880,1,293.15,0
4.8833,27.4600,2.1747,0.3179,13.288,13.270,4670.0,3,0.042,1.000,0.000,0.070,0,320.19,729.43,394.37,312.18,0.00,236.49,0.15738,-0.5016,4179.6,106.6,0.16150,-0.6503,3627.5,204.2,0.32149,1.5392,15500.4,974.8,0.31934,0.9098,10424.6,-1159.0,3920.5,-0.0150,0.0066,0.0059,26.488,1,293.15,0,4209.2,-0.0036,0.0063,0.0059,26.166,1,293.15,0,14660.3,0.2196,0.0022,0.0000,31.048,1,293.15,0,9797.0,0.2355,0.0022,0.0000,31.477,1,293.15,0
4.9000,27.6833,2.2039,0.3200,13.548,13.536,4626.7,3,0.042,1.000,0.000,0.076,0,332.95,758.48,410.08,324.61,-0.00,245.83,0.14676,-0.6641,2706.2,-585.4,0.15228,-0.5427,4679.1,814.9,0.32843,-0.0434,7122.6,-65.5,0.32674,0.2275,8792.0,350.6,2879.7,-0.0042,0.0081,0.0090,26.593,1,293.15,0,4846.8,-0.0041,0.0081,0.0090,26.805,1,293.15,0,6461.3,0.1769,0.0016,0.0000,30.897,1,293.15,0,8503.4,0.1833,0.0015,0.0000,31.001,1,293.15,0
4.9167,27.9109,2.2340,0.3241,13.811,13.801,4583.4,3,0.042,1.000,0.000,0.081,0,346.02,788.06,426.07,337.27,-0.00,255.47,0.13578,-0.6573,2867.5,-402.0,0.14117,-0.7571,3464.3,617.9,0.32567,-0.1948,5859.2,-610.1,0.32899,0.0937,8537.3,708.2,3078.5,-0.0044,0.0064,0.0121,27.101,1,293.15,0,3398.7,-0.0056,0.0065,0.0121,27.250,1,293.15,0,5958.6,0.1492,0.0007,0.0000,30.996,1,293.15,0,8613.8,0.1357,0.0007,0.0000,30.430,1,293.15,0
4.9333,28.1425,2.2649,0.3296,14.052,14.043,4540.0,3,0.043,1.000,0.000,0.087,0,358.22,815.78,441.06,349.14,-0.00,264.47,0.12575,-0.5375,3776.1,48.3,0.12799,-0.7904,2679.1,62.7,0.32003,-0.5168,3871.3,-1070.6,0.32833,-0.1640,8001.3,1375.6,4197.6,-0.0019,0.0055,0.0152,27.527,1,293.15,0,2882.4,-0.0040,0.0056,0.0152,27.737,1,293.15,0,3649.0,0.1377,0.0018,0.0000,31.341,1,293.15,0,7800.3,0.0947,0.0017,0.0000,29.973,1,293.15,0
4.9500,28.3778,2.2966,0.3362,14.275,14.266,4496.7,3,0.043,1.000,0.000,0.092,0,369.71,841.88,455.17,360.31,-0.00,272.94,0.11684,-0.5578,4105.4,579.9,0.11413,-0.8627,1763.9,-361.8,0.31803,0.5194,9202.2,-556.1,0.32538,-0.0629,6629.4,-452.9,4206.9,-0.0034,0.0057,0.0182,28.014,1,293.15,0,1882.0,-0.0067,0.0060,0.0182,28.156,1,293.15,0,12097.5,0.1116,0.0031,0.0000,30.759,1,293.15,0,7442.8,0.0565,0.0033,0.0000,29.506,1,293.15,0
4.9667,28.6177,2.3294,0.3445,14.574,14.567,4453.4,3,0.043,1.000,0.000,0.097,0,385.39,877.32,474.33,375.49,-0.00,284.51,0.10549,-0.7702,2983.8,597.1,0.10016,-0.7952,1908.6,-256.7,0.32729,0.2769,9590.0,915.6,0.32467,-0.1459,6037.9,-654.1,2918.3,-0.0043,0.0137,0.0212,28.616,1,293.15,0,2296.4,-0.0064,0.0136,0.0212,28.740,1,293.15,0,8672.6,0.0623,0.0011,0.0000,29.749,1,293.15,0,5794.4,0.0446,0.0011,0.0000,30.169,1,293.15,0
4.9833,28.8605,2.3631,0.3540,14.735,14.729,4426.9,3,0.043,1.000,0.000,0.101,0,393.95,896.62,484.77,383.75,-0.00,290.83,0.09200,-0.8111,1928.0,28.4,0.08914,-0.5807,3074.6,235.9,0.32220,-0.5797,4879.7,220.4,0.31914,-0.3868,5747.0,203.9,2148.2,-0.0032,0.0165,0.0242,28.896,1,293.15,0,3518.1,-0.0024,0.0162,0.0242,29.086,1,293.15,0,4346.1,0.0389,0.0013,0.0000,30.149,1,293.15,0,5857.8,0.0489,0.0012,0.0000,30.430,1,293.15,0
5.0000,29.1050,2.3974,0.3639,14.840,14.833,4444.4,3,0.043,1.000,0.000,0.106,0,399.57,909.26,491.60,389.17,-0.01,294.97,0.07913,-0.7470,1511.4,-297.5,0.07982,-0.5872,3055.4,523.2,0.31171,-0.5792,4216.4,-393.9,0.31277,-0.3833,6044.5,516.7,1785.7,-0.0038,0.0148,0.0271,29.044,1,293.15,0,3155.1,-0.0027,0.0150,0.0271,29.327,1,293.15,0,4648.1,0.0471,0.0021,0.0000,30.560,1,293.15,0,6224.4,0.0346,0.0021,0.0000,30.290,1,293.15,0
5.0167,29.3511,2.4324,0.3740,14.936,14.930,4467.5,3,0.044,1.000,0.000,0.110,0,404.77,921.05,497.98,394.22,-0.01,298.82,0.06761,-0.6517,1562.8,-261.0,0.06975,-0.6067,2537.8,438.0,0.30260,-0.5536,4374.7,-310.3,0.30524,-0.5128,5398.0,510.1,1891.8,-0.0037,0.0158,0.0299,29.228,1,293.15,0,2748.8,-0.0027,0.0160,0.0299,29.524,1,293.15,0,4532.7,0.0491,0.0014,0.0000,30.759,1,293.15,0,5393.5,0.0307,0.0015,0.0000,30.524,1,293.15,0
5.0333,29.5984,2.4679,0.3841,15.012,15.005,4497.5,3,0.044,1.000,0.000,0.114,0,408.90,930.41,503.04,398.22,-0.01,301.87,0.05788,-0.5482,1752.2,-131.7,0.05984,-0.5795,2112.0,282.0,0.29281,-0.5993,4280.6,-143.6,0.29512,-0.6392,4601.2,351.7,2056.8,-0.0031,0.0177,0.0327,29.369,1,293.15,0,2380.2,-0.0029,0.0179,0.0327,29.675,1,293.15,0,4460.6,0.0496,0.0013,0.0000,30.928,1,293.15,0,4765.1,0.0350,0.0013,0.0000,30.864,1,293.15,0
5.0500,29.8469,2.5038,0.3939,15.086,15.079,4527.5,3,0.044,1.000,0.000,0.118,0,412.95,939.61,508.01,402.16,-0.01,304.86,0.04953,-0.4772,1768.4,-51.1,0.05082,-0.5126,1915.2,189.1,0.28264,-0.6229,4211.3,-53.2,0.28406,-0.6726,4313.8,273.9,2036.3,-0.0031,0.0196,0.0353,29.497,1,293.15,0,2218.4,-0.0031,0.0198,0.0353,29.827,1,293.15,0,4375.8,0.0493,0.0019,0.0000,31.075,1,293.15,0,4486.2,0.0395,0.0019,0.0000,31.159,1,293.15,0
5.0667,30.0965,2.5404,0.4034,15.158,15.150,4557.5,3,0.044,1.000,0.000,0.121,0,416.86,948.50,512.82,405.97,-0.01,307.76,0.04217,-0.4219,1656.4,-45.6,0.04308,-0.4344,1861.8,168.2,0.27172,-0.6747,3905.1,-64.5,0.27282,-0.6781,4268.8,309.6,1914.3,-0.0031,0.0213,0.0379,29.614,1,293.15,0,2160.4,-0.0031,0.0214,0.0379,29.977,1,293.15,0,4045.6,0.0511,0.0028,0.0000,31.291,1,293.15,0,4473.4,0.0421,0.0027,0.0000,31.393,1,293.15,0
5.0833,30.3473,2.5776,0.4124,15.227,15.218,4587.5,3,0.045,1.000,0.000,0.124,0,420.65,957.10,517.47,409.65,-0.01,310.56,0.03577,-0.3617,1556.6,-72.9,0.03666,-0.3571,1867.8,171.4,0.26020,-0.7010,3678.9,-111.8,0.26141,-0.6879,4207.8,350.2,1827.0,-0.0031,0.0226,0.0405,29.724,1,293.15,0,2151.1,-0.0031,0.0228,0.0405,30.125,1,293.15,0,3868.1,0.0544,0.0036,0.0000,31.526,1,293.15,0,4400.2,0.0436,0.0035,0.0000,31.597,1,293.15,0
5.1000,30.5991,2.6154,0.4209,15.295,15.287,4617.5,3,0.045,1.000,0.000,0.127,0,424.46,965.74,522.14,413.35,-0.01,313.37,0.03042,-0.2959,1520.4,-99.3,0.03148,-0.2831,1905.6,172.0,0.24845,-0.7101,3549.5,-141.0,0.24994,-0.6901,4176.2,385.0,1802.7,-0.0032,0.0239,0.0429,29.835,1,293.15,0,2191.0,-0.0031,0.0241,0.0429,30.273,1,293.15,0,3729.9,0.0579,0.0043,0.0000,31.756,1,293.15,0,4361.5,0.0446,0.0043,0.0000,31.788,1,293.15,0
5.1167,30.8520,2.6538,0.4288,15.363,15.354,4647.5,3,0.045,1.000,0.000,0.130,0,428.21,974.24,526.74,416.99,-0.01,316.14,0.02615,-0.2310,1527.6,-126.0,0.02748,-0.2135,1980.6,174.8,0.23649,-0.7138,3443.4,-171.6,0.23836,-0.6918,4133.4,406.9,1817.1,-0.0032,0.0250,0.0452,29.944,1,293.15,0,2275.5,-0.0030,0.0253,0.0452,30.421,1,293.15,0,3655.0,0.0617,0.0051,0.0000,31.985,1,293.15,0,4357.3,0.0456,0.0050,0.0000,31.978,1,293.15,0
5.1333,31.1059,2.6930,0.4362,15.431,15.423,4677.5,3,0.045,1.000,0.000,0.132,0,432.04,982.92,531.43,420.71,-0.01,318.97,0.02295,-0.1677,1577.8,-157.8,0.02460,-0.1499,2098.8,189.2,0.22458,-0.7139,3356.7,-199.2,0.22680,-0.6913,4106.6,434.2,1855.4,-0.0031,0.0260,0.0475,30.054,1,293.15,0,2361.5,-0.0029,0.0263,0.0475,30.571,1,293.15,0,3568.6,0.0647,0.0058,0.0000,32.198,1,293.15,0,4336.0,0.0468,0.0057,0.0000,32.178,1,293.15,0
5.1500,31.3609,2.7330,0.4430,15.501,15.492,4707.5,3,0.045,1.000,0.000,0.134,0,435.93,991.71,536.19,424.47,-0.01,321.84,0.02074,-0.1131,1655.7,-179.4,0.02275,-0.0895,2258.6,201.3,0.21269,-0.7112,3283.8,-226.5,0.21528,-0.6859,4102.1,461.2,1905.6,-0.0030,0.0267,0.0496,30.165,1,293.15,0,2536.3,-0.0028,0.0271,0.0496,30.728,1,293.15,0,3493.1,0.0678,0.0065,0.0000,32.413,1,293.15,0,4346.8,0.0479,0.0064,0.0000,32.371,1,293.15,0
5.1667,31.6170,2.7739,0.4493,15.572,15.564,4737.5,3,0.046,1.000,0.000,0.136,0,439.95,1000.77,541.08,428.35,-0.02,324.80,0.01942,-0.0606,1758.3,-219.4,0.02179,-0.0382,2437.1,219.0,0.20094,-0.7021,3232.2,-263.1,0.20393,-0.6776,4119.4,495.6,2023.4,-0.0030,0.0272,0.0516,30.280,1,293.15,0,2691.1,-0.0026,0.0276,0.0516,30.890,1,293.15,0,3438.0,0.0709,0.0073,0.0000,32.628,1,293.15,0,4341.0,0.0486,0.0071,0.0000,32.558,1,293.15,0
5.1833,31.8741,2.8157,0.4552,15.644,15.637,4767.5,3,0.046,1.000,0.000,0.137,0,444.05,1009.99,546.07,432.30,-0.02,327.82,0.01883,-0.0204,1858.1,-254.8,0.02165,0.0063,2648.1,248.5,0.18931,-0.6928,3176.5,-305.1,0.19272,-0.6680,4142.7,529.0,2099.0,-0.0029,0.0274,0.0535,30.395,1,293.15,0,2895.0,-0.0025,0.0279,0.0535,31.059,1,293.15,0,3399.7,0.0742,0.0081,0.0000,32.847,1,293.15,0,4358.4,0.0492,0.0079,0.0000,32.743,1,293.15,0
5.2000,32.1323,2.8585,0.4606,15.718,15.711,4797.5,3,0.046,1.000,0.000,0.139,0,448.27,1019.49,551.20,436.37,-0.02,330.93,0.01884,0.0127,1964.8,-290.1,0.02210,0.0401,2845.4,274.1,0.17785,-0.6817,3133.1,-344.1,0.18173,-0.6565,4177.6,564.1,2200.8,-0.0028,0.0273,0.0552,30.514,1,293.15,0,3088.7,-0.0023,0.0279,0.0552,31.234,1,293.15,0,3356.2,0.0774,0.0090,0.0000,33.067,1,293.15,0,4387.5,0.0495,0.0088,0.0000,32.925,1,293.15,0
5.2167,32.3917,2.9024,0.4658,15.794,15.788,4827.5,3,0.046,1.000,0.000,0.139,0,452.62,1029.25,556.49,440.55,-0.02,334.13,0.01933,0.0378,2060.5,-331.1,0.02303,0.0653,3044.9,309.7,0.16660,-0.6713,3086.1,-384.3,0.17097,-0.6384,4249.0,604.0,2287.0,-0.0028,0.0271,0.0569,30.636,1,293.15,0,3263.5,-0.0022,0.0278,0.0569,31.413,1,293.15,0,3298.3,0.0805,0.0098,0.0000,33.287,1,293.15,0,4473.9,0.0496,0.0096,0.0000,33.103,1,293.15,0
5.2333,32.6521,2.9474,0.4706,15.871,15.866,4857.5,3,0.046,1.000,0.000,0.140,0,457.09,1039.29,561.91,444.85,-0.02,337.41,0.02015,0.0559,2158.6,-360.8,0.02431,0.0878,3244.1,335.9,0.15558,-0.6557,3071.2,-417.9,0.16042,-0.6278,4273.9,631.0,2376.8,-0.0027,0.0267,0.0584,30.762,1,293.15,0,3493.2,-0.0021,0.0274,0.0584,31.600,1,293.15,0,3287.5,0.0836,0.0107,0.0000,33.506,1,293.15,0,4495.9,0.0495,0.0104,0.0000,33.287,1,293.15,0
5.2500,32.9137,2.9937,0.4753,15.950,15.946,4887.5,3,0.047,1.000,0.000,0.140,0,461.69,1049.63,567.50,449.28,-0.03,340.80,0.02124,0.0682,2224.0,-414.8,0.02597,0.0917,3415.7,392.9,0.14481,-0.6402,3050.6,-457.9,0.15011,-0.6148,4317.3,664.7,2418.9,-0.0027,0.0261,0.0598,30.889,1,293.15,0,3582.9,-0.0020,0.0270,0.0598,31.786,1,293.15,0,3270.2,0.0865,0.0116,0.0000,33.724,1,293.15,0,4526.4,0.0494,0.0113,0.0000,33.471,1,293.15,0
5.2667,33.1764,3.0413,0.4797,16.032,16.028,4917.5,3,0.047,1.000,0.000,0.140,0,466.44,1348.59,685.86,629.61,-0.03,1160.93,0.02241,0.0725,2291.4,-437.0,0.02755,0.0986,3554.6,409.6,0.13435,-0.6197,3067.6,-482.7,0.14002,-0.5972,4365.1,679.6,2499.1,-0.0027,0.0256,0.0610,31.026,1,293.15,0,3777.7,-0.0020,0.0266,0.0610,31.980,1,293.15,0,3296.5,0.0888,0.0125,0.0000,33.929,1,293.15,0,4587.0,0.0494,0.0121,0.0000,33.660,1,293.15,0
5.2833,33.4403,3.0902,0.4840,16.116,16.114,4946.1,3,0.047,1.000,0.000,0.139,0,471.39,1457.63,729.79,706.56,-0.03,1519.58,0.02362,0.0702,2332.5,-459.0,0.02913,0.0937,3656.4,441.2,0.12427,-0.5952,3074.2,-500.1,0.13027,-0.5767,4409.2,689.2,2512.0,-0.0026,0.0252,0.0622,31.169,1,293.15,0,3866.1,-0.0019,0.0262,0.0622,32.173,1,293.15,0,3301.7,0.0906,0.0133,0.0000,34.130,1,293.15,0,4642.3,0.0493,0.0129,0.0000,33.848,1,293.15,0
5.3000,33.7054,3.1406,0.4882,16.203,16.201,4973.5,3,0.047,1.000,0.000,0.139,0,476.51,1467.75,731.16,722.35,-0.03,1601.61,0.02479,0.0695,2373.6,-484.8,0.03062,0.0883,3738.1,460.9,0.11469,-0.5629,3075.9,-515.8,0.12094,-0.5486,4440.9,691.7,2572.9,-0.0027,0.0247,0.0631,31.319,1,293.15,0,3949.0,-0.0018,0.0259,0.0631,32.370,1,293.15,0,3310.9,0.0920,0.0140,0.0000,34.322,1,293.15,0,4678.7,0.0490,0.0136,0.0000,34.034,1,293.15,0
5.3167,33.9717,3.1924,0.4922,16.290,16.289,5000.7,3,0.047,1.000,0.000,0.137,0,481.66,1481.95,735.35,737.25,-0.04,1671.36,0.02590,0.0622,2397.5,-495.3,0.03198,0.0765,3782.0,478.9,0.10558,-0.5371,3008.9,-533.8,0.11205,-0.5267,4417.3,703.0,2580.5,-0.0026,0.0243,0.0639,31.469,1,293.15,0,3990.0,-0.0018,0.0256,0.0639,32.566,1,293.15,0,3237.7,0.0934,0.0148,0.0000,34.526,1,293.15,0,4634.6,0.0487,0.0143,0.0000,34.224,1,293.15,0
5.3333,34.2392,3.2456,0.4961,16.375,16.374,5029.3,3,0.048,1.000,0.000,0.136,0,486.71,1484.66,734.96,744.01,-0.04,1702.08,0.02683,0.0527,2386.3,-520.4,0.03315,0.0640,3823.0,507.9,0.09691,-0.5087,2929.8,-545.2,0.10356,-0.4997,4374.1,702.6,2566.8,-0.0026,0.0240,0.0646,31.616,1,293.15,0,3998.2,-0.0017,0.0253,0.0646,32.751,1,293.15,0,3165.9,0.0952,0.0157,0.0000,34.739,1,293.15,0,4602.1,0.0488,0.0151,0.0000,34.421,1,293.15,0
5.3500,34.5078,3.3003,0.4998,16.459,16.458,5058.8,3,0.048,1.000,0.000,0.134,0,491.70,1492.97,737.48,752.67,-0.04,1737.65,0.02764,0.0453,2393.2,-528.8,0.03412,0.0505,3831.3,520.5,0.08879,-0.4741,2867.2,-546.9,0.09555,-0.4695,4312.7,692.7,2568.1,-0.0026,0.0237,0.0652,31.761,1,293.15,0,3995.0,-0.0017,0.0251,0.0652,32.935,1,293.15,0,3103.2,0.0972,0.0166,0.0000,34.957,1,293.15,0,4546.4,0.0492,0.0160,0.0000,34.626,1,293.15,0
5.3667,34.7775,3.3566,0.5033,16.541,16.540,5088.8,3,0.048,1.000,0.000,0.132,0,496.60,1504.65,741.82,762.34,-0.04,1775.38,0.02832,0.0368,2386.1,-538.8,0.03492,0.0452,3862.2,530.6,0.08123,-0.4414,2777.5,-551.3,0.08806,-0.4367,4248.5,685.6,2569.5,-0.0026,0.0235,0.0656,31.904,1,293.15,0,4044.2,-0.0017,0.0250,0.0656,33.114,1,293.15,0,3015.4,0.0995,0.0175,0.0000,35.186,1,293.15,0,4489.6,0.0500,0.0169,0.0000,34.834,1,293.15,0
5.3833,35.0482,3.4143,0.5066,16.621,16.620,5118.8,3,0.048,1.000,0.000,0.130,0,501.43,1518.51,747.37,772.56,-0.03,1813.81,0.02883,0.0266,2369.3,-541.2,0.03551,0.0344,3850.2,533.0,0.07427,-0.4025,2712.1,-552.8,0.08116,-0.4005,4184.5,672.3,2563.8,-0.0026,0.0233,0.0658,32.046,1,293.15,0,4052.3,-0.0017,0.0248,0.0658,33.289,1,293.15,0,2955.8,0.1019,0.0185,0.0000,35.415,1,293.15,0,4429.2,0.0508,0.0178,0.0000,35.040,1,293.15,0
5.4000,35.3200,3.4735,0.5096,16.700,16.699,5148.8,3,0.048,1.000,0.000,0.127,0,506.22,1533.78,753.73,783.04,-0.03,1851.97,0.02920,0.0188,2351.4,-547.3,0.03597,0.0240,3840.4,542.9,0.06796,-0.3639,2643.7,-556.9,0.07489,-0.3605,4141.7,664.2,2542.1,-0.0026,0.0231,0.0659,32.186,1,293.15,0,4032.4,-0.0017,0.0247,0.0659,33.460,1,293.15,0,2885.1,0.1044,0.0196,0.0000,35.646,1,293.15,0,4387.5,0.0516,0.0188,0.0000,35.242,1,293.15,0
5.4167,35.5928,3.5343,0.5124,16.778,16.777,5178.8,3,0.049,1.000,0.000,0.124,0,510.99,1549.96,760.68,793.59,-0.03,1889.25,0.02942,0.0110,2319.1,-559.1,0.03629,0.0163,3837.6,555.8,0.06234,-0.3219,2595.5,-564.9,0.06934,-0.3176,4120.8,656.8,2514.2,-0.0026,0.0230,0.0658,32.326,1,293.15,0,4021.5,-0.0017,0.0246,0.0658,33.627,1,293.15,0,2841.0,0.1068,0.0206,0.0000,35.877,1,293.15,0,4367.6,0.0523,0.0198,0.0000,35.436,1,293.15,0
5.4333,35.8665,3.5966,0.5148,16.856,16.856,5208.8,3,0.049,1.000,0.000,0.121,0,515.76,1566.68,768.02,804.08,-0.03,1925.16,0.02952,0.0034,2285.0,-566.0,0.03648,0.0072,3816.6,563.8,0.05739,-0.2808,2556.8,-573.0,0.06449,-0.2754,4110.1,650.4,2484.5,-0.0027,0.0229,0.0656,32.467,1,293.15,0,4001.2,-0.0016,0.0245,0.0656,33.790,1,293.15,0,2805.0,0.1092,0.0216,0.0000,36.110,1,293.15,0,4361.6,0.0528,0.0207,0.0000,35.626,1,293.15,0
5.4500,36.1413,3.6605,0.5169,16.935,16.935,5238.8,3,0.049,1.000,0.000,0.118,0,520.62,1583.84,775.69,814.48,-0.02,1959.55,0.02951,-0.0016,2255.2,-573.9,0.03658,0.0030,3813.6,573.5,0.05317,-0.2359,2549.8,-587.8,0.06039,-0.2310,4134.2,648.4,2454.5,-0.0027,0.0228,0.0653,32.612,1,293.15,0,4002.1,-0.0017,0.0244,0.0653,33.957,1,293.15,0,2803.9,0.1112,0.0225,0.0000,36.338,1,293.15,0,4373.5,0.0531,0.0216,0.0000,35.808,1,293.15,0
5.4667,36.4170,3.7260,0.5187,17.016,17.016,5268.8,3,0.049,1.000,0.000,0.114,0,525.60,1601.39,783.67,824.80,-0.02,1992.40,0.02941,-0.0087,2214.8,-578.3,0.03657,-0.0035,3794.7,583.0,0.04969,-0.1922,2567.1,-599.6,0.05704,-0.1832,4199.8,647.4,2405.3,-0.0028,0.0227,0.0648,32.764,1,293.15,0,3985.5,-0.0017,0.0244,0.0648,34.122,1,293.15,0,2815.5,0.1129,0.0232,0.0000,36.560,1,293.15,0,4446.2,0.0533,0.0223,0.0000,35.983,1,293.15,0
5.4833,36.6938,3.7932,0.5201,17.100,17.099,5298.4,3,0.049,1.000,0.000,0.110,0,530.77,1619.26,791.92,835.03,-0.02,2023.67,0.02923,-0.0138,2171.3,-589.2,0.03649,-0.0071,3788.8,596.8,0.04688,-0.1535,2582.9,-618.1,0.05442,-0.1412,4274.3,653.7,2358.1,-0.0029,0.0226,0.0641,32.922,1,293.15,0,3975.5,-0.0017,0.0242,0.0641,34.289,1,293.15,0,2828.8,0.1143,0.0238,0.0000,36.785,1,293.15,0,4517.7,0.0532,0.0229,0.0000,36.155,1,293.15,0
5.5000,36.9716,3.8621,0.5212,17.186,17.185,5326.2,3,0.050,1.000,0.000,0.106,0,536.14,1637.45,800.43,845.20,-0.02,2053.43,0.02898,-0.0159,2143.2,-594.6,0.03635,-0.0098,3775.0,602.0,0.04476,-0.1118,2653.4,-625.9,0.05246,-0.1008,4356.3,647.2,2332.6,-0.0030,0.0225,0.0633,33.090,1,293.15,0,3970.5,-0.0017,0.0241,0.0633,34.459,1,293.15,0,2900.6,0.1151,0.0242,0.0000,36.993,1,293.15,0,4612.2,0.0529,0.0233,0.0000,36.319,1,293.15,0
5.5167,37.2506,3.9327,0.5220,17.277,17.276,5351.6,3,0.050,1.000,0.000,0.101,0,541.80,1656.17,809.30,855.43,-0.01,2082.04,0.02867,-0.0200,2095.9,-606.1,0.03614,-0.0129,3761.5,613.5,0.04328,-0.0748,2717.7,-650.4,0.05118,-0.0630,4477.1,659.9,2289.7,-0.0031,0.0223,0.0624,33.269,1,293.15,0,3955.3,-0.0017,0.0239,0.0624,34.634,1,293.15,0,2963.2,0.1149,0.0243,0.0000,37.186,1,293.15,0,4707.5,0.0520,0.0234,0.0000,36.467,1,293.15,0
5.5333,37.5307,4.0051,0.5225,17.371,17.370,5375.1,3,0.050,1.000,0.000,0.097,0,547.73,1675.28,818.45,865.67,-0.01,2109.48,0.02831,-0.0213,2064.9,-611.1,0.03589,-0.0165,3737.3,618.2,0.04239,-0.0432,2806.8,-655.4,0.05046,-0.0322,4582.9,662.5,2261.1,-0.0032,0.0221,0.0613,33.460,1,293.15,0,3934.9,-0.0017,0.0236,0.0613,34.813,1,293.15,0,3026.3,0.1139,0.0242,0.0000,37.359,1,293.15,0,4812.6,0.0507,0.0233,0.0000,36.611,1,293.15,0
5.5500,37.8120,4.0793,0.5228,17.468,17.468,5397.0,3,0.050,1.000,0.000,0.092,0,553.88,1694.66,827.82,875.89,-0.01,2135.73,0.02794,-0.0232,2026.4,-620.0,0.03560,-0.0182,3724.9,628.6,0.04200,-0.0095,2923.2,-668.9,0.05023,-0.0022,4701.2,658.0,2219.7,-0.0033,0.0219,0.0601,33.658,1,293.15,0,3913.4,-0.0017,0.0233,0.0601,34.993,1,293.15,0,3164.5,0.1120,0.0238,0.0000,37.511,1,293.15,0,4935.1,0.0493,0.0230,0.0000,36.748,1,293.15,0
5.5667,38.0946,4.1553,0.5228,17.570,17.569,5416.7,3,0.051,1.000,0.000,0.087,0,560.35,1714.62,837.54,886.25,-0.01,2161.33,0.02757,-0.0222,2011.4,-618.1,0.03528,-0.0196,3699.5,626.5,0.04211,0.0179,3039.5,-680.7,0.05047,0.0227,4828.3,662.0,2204.4,-0.0034,0.0216,0.0587,33.870,1,293.15,0,3897.4,-0.0018,0.0230,0.0587,35.179,1,293.15,0,3276.4,0.1090,0.0232,0.0000,37.642,1,293.15,0,5043.4,0.0475,0.0224,0.0000,36.882,1,293.15,0
5.5833,38.3785,4.2332,0.5227,17.675,17.674,5435.1,3,0.051,1.000,0.000,0.081,0,567.03,1734.92,847.50,896.67,-0.01,2186.19,0.02720,-0.0225,1983.9,-622.5,0.03494,-0.0205,3680.5,629.9,0.04263,0.0356,3150.2,-676.0,0.05103,0.0405,4931.3,657.7,2180.4,-0.0035,0.0213,0.0572,34.091,1,293.15,0,3876.0,-0.0018,0.0225,0.0572,35.366,1,293.15,0,3367.2,0.1051,0.0223,0.0000,37.754,1,293.15,0,5154.8,0.0459,0.0215,0.0000,37.021,1,293.15,0
5.6000,38.6637,4.3129,0.5224,17.781,17.781,5452.5,3,0.051,1.000,0.000,0.076,0,573.91,1755.53,857.66,907.13,-0.01,2210.44,0.02686,-0.0191,1987.5,-614.3,0.03458,-0.0208,3649.8,620.0,0.04346,0.0565,3290.8,-672.3,0.05186,0.0521,5012.5,647.1,2185.8,-0.0036,0.0209,0.0556,34.320,1,293.15,0,3852.2,-0.0018,0.0220,0.0556,35.555,1,293.15,0,3507.7,0.1007,0.0213,0.0000,37.848,1,293.15,0,5210.4,0.0443,0.0206,0.0000,37.166,1,293.15,0
5.6167,38.9502,4.3945,0.5219,17.890,17.890,5469.3,3,0.051,1.000,0.000,0.070,0,580.95,1776.42,868.00,917.65,-0.01,2234.22,0.02657,-0.0168,1989.9,-604.5,0.03422,-0.0224,3612.4,609.5,0.04457,0.0701,3424.2,-657.1,0.05286,0.0633,5094.7,630.9,2188.2,-0.0036,0.0204,0.0539,34.554,1,293.15,0,3811.7,-0.0018,0.0215,0.0539,35.747,1,293.15,0,3629.5,0.0957,0.0201,0.0000,37.929,1,293.15,0,5295.6,0.0428,0.0195,0.0000,37.317,1,293.15,0
5.6333,39.2382,4.4778,0.5214,17.999,17.998,5486.3,3,0.051,1.000,0.000,0.064,0,588.04,1797.33,878.39,928.11,-0.01,2257.36,0.02635,-0.0111,2009.6,-596.1,0.03388,-0.0189,3596.1,596.7,0.04578,0.0767,3532.8,-640.6,0.05395,0.0674,5147.4,613.6,2215.6,-0.0036,0.0198,0.0520,34.790,1,293.15,0,3793.5,-0.0018,0.0208,0.0520,35.937,1,293.15,0,3733.6,0.0907,0.0190,0.0000,38.012,1,293.15,0,5354.4,0.0416,0.0184,0.0000,37.474,1,293.15,0
5.6500,39.5275,4.5630,0.5209,18.109,18.108,5503.3,3,0.052,1.000,0.000,0.058,0,595.23,1818.41,888.88,938.60,-0.01,2280.23,0.02622,-0.0060,2045.0,-575.1,0.03356,-0.0178,3561.8,575.1,0.04714,0.0818,3652.2,-613.1,0.05508,0.0660,5170.2,590.2,2247.7,-0.0035,0.0190,0.0500,35.029,1,293.15,0,3760.0,-0.0018,0.0200,0.0500,36.128,1,293.15,0,3834.8,0.0855,0.0178,0.0000,38.089,1,293.15,0,5362.2,0.0406,0.0173,0.0000,37.643,1,293.15,0
5.6667,39.8182,4.6498,0.5203,18.218,18.217,5521.3,3,0.052,1.000,0.000,0.052,0,602.39,1839.35,899.33,948.98,-0.01,2302.60,0.02617,-0.0007,2086.7,-553.0,0.03327,-0.0175,3522.8,550.9,0.04848,0.0825,3736.6,-599.1,0.05619,0.0661,5203.1,571.0,2290.6,-0.0034,0.0182,0.0479,35.266,1,293.15,0,3712.7,-0.0018,0.0190,0.0479,36.318,1,293.15,0,3934.9,0.0807,0.0167,0.0000,38.179,1,293.15,0,5395.9,0.0397,0.0162,0.0000,37.811,1,293.15,0
5.6833,40.1103,4.7383,0.5197,18.326,18.325,5539.9,3,0.052,1.000,0.000,0.046,0,609.55,1860.30,909.79,959.34,-0.01,2324.78,0.02622,0.0054,2143.3,-525.4,0.03303,-0.0117,3504.5,521.1,0.04987,0.0795,3830.7,-560.2,0.05721,0.0591,5186.6,539.1,2347.3,-0.0033,0.0172,0.0457,35.502,1,293.15,0,3707.3,-0.0018,0.0180,0.0457,36.508,1,293.15,0,4009.9,0.0760,0.0157,0.0000,38.268,1,293.15,0,5377.0,0.0392,0.0152,0.0000,37.994,1,293.15,0
5.7000,40.4038,4.8284,0.5191,18.432,18.431,5559.9,3,0.052,1.000,0.000,0.039,0,616.64,1881.02,920.15,969.57,-0.01,2346.60,0.02635,0.0095,2192.8,-500.8,0.03287,-0.0094,3480.6,496.0,0.05112,0.0758,3898.6,-537.0,0.05815,0.0545,5185.5,515.7,2394.4,-0.0032,0.0162,0.0434,35.732,1,293.15,0,3678.5,-0.0018,0.0169,0.0434,36.695,1,293.15,0,4082.3,0.0721,0.0148,0.0000,38.377,1,293.15,0,5371.5,0.0388,0.0144,0.0000,38.174,1,293.15,0
5.7167,40.6986,4.9200,0.5186,18.537,18.536,5581.1,3,0.052,1.000,0.000,0.033,0,623.64,1901.55,930.40,979.70,-0.01,2368.21,0.02657,0.0150,2257.9,-472.5,0.03278,-0.0050,3465.3,466.8,0.05227,0.0669,3942.8,-508.4,0.05895,0.0466,5160.1,489.8,2456.5,-0.0031,0.0150,0.0410,35.960,1,293.15,0,3666.1,-0.0018,0.0157,0.0410,36.880,1,293.15,0,4127.5,0.0686,0.0139,0.0000,38.500,1,293.15,0,5353.4,0.0386,0.0136,0.0000,38.361,1,293.15,0
5.7333,40.9947,5.0132,0.5181,18.640,18.638,5603.6,3,0.053,1.000,0.000,0.026,0,630.57,1921.93,940.58,989.76,-0.01,2389.75,0.02687,0.0195,2320.9,-445.9,0.03275,0.0020,3465.0,438.2,0.05330,0.0599,3991.3,-478.2,0.05961,0.0370,5118.2,461.6,2521.2,-0.0030,0.0138,0.0385,36.183,1,293.15,0,3678.7,-0.0018,0.0144,0.0385,37.063,1,293.15,0,4176.7,0.0657,0.0132,0.0000,38.634,1,293.15,0,5303.6,0.0386,0.0129,0.0000,38.553,1,293.15,0
5.7500,41.2922,5.1077,0.5176,18.741,18.740,5627.1,3,0.053,1.000,0.000,0.020,0,637.43,1942.15,950.67,999.76,-0.01,2411.30,0.02724,0.0235,2379.6,-426.1,0.03280,0.0038,3454.0,416.5,0.05419,0.0483,4010.1,-449.4,0.06014,0.0285,5082.5,440.7,2581.5,-0.0029,0.0125,0.0359,36.403,1,293.15,0,3644.0,-0.0018,0.0130,0.0359,37.239,1,293.15,0,4182.6,0.0632,0.0126,0.0000,38.784,1,293.15,0,5267.6,0.0387,0.0123,0.0000,38.745,1,293.15,0
5.7667,41.5910,5.2036,0.5172,18.840,18.839,5651.6,3,0.053,1.000,0.000,0.013,0,644.22,1962.25,960.69,1009.73,-0.01,2432.95,0.02766,0.0273,2450.1,-396.3,0.03289,0.0111,3457.6,384.1,0.05495,0.0391,4036.2,-417.6,0.06052,0.0189,5028.4,413.3,2656.0,-0.0028,0.0112,0.0332,36.620,1,293.15,0,3674.1,-0.0018,0.0117,0.0332,37.416,1,293.15,0,4204.5,0.0612,0.0120,0.0000,38.942,1,293.15,0,5210.1,0.0390,0.0118,0.0000,38.942,1,293.15,0
5.7833,41.8911,5.3007,0.5168,18.938,18.937,5677.2,3,0.053,1.000,0.000,0.007,0,650.93,1982.22,970.63,1019.66,-0.01,2454.72,0.02812,0.0266,2502.6,-367.2,0.03302,0.0084,3428.5,359.2,0.05556,0.0348,4066.8,-395.8,0.06077,0.0130,4983.7,384.1,2696.3,-0.0027,0.0098,0.0305,36.832,1,293.15,0,3634.9,-0.0018,0.0102,0.0305,37.588,1,293.15,0,4263.6,0.0598,0.0115,0.0000,39.122,1,293.15,0,5167.5,0.0392,0.0113,0.0000,39.125,1,293.15,0
5.8000,42.1925,5.3991,0.5165,19.035,19.034,5703.5,3,0.053,1.000,0.000,-0.000,0,657.60,2002.12,980.51,1029.60,-0.01,2476.71,0.02861,0.0314,2574.4,-344.2,0.03319,0.0095,3415.6,332.2,0.05603,0.0256,4078.9,-364.5,0.06090,0.0050,4927.4,358.4,2775.4,-0.0026,0.0085,0.0277,37.045,1,293.15,0,3607.8,-0.0018,0.0088,0.0277,37.755,1,293.15,0,4267.3,0.0588,0.0110,0.0000,39.308,1,293.15,0,5117.9,0.0395,0.0108,0.0000,39.316,1,293.15,0
5.8167,42.4952,5.4987,0.5162,19.131,19.130,5730.4,3,0.054,1.000,0.000,-0.007,0,664.23,2022.01,990.38,1039.56,-0.00,2499.02,0.02910,0.0301,2620.3,-321.2,0.03336,0.0099,3403.8,309.3,0.05641,0.0187,4099.2,-330.5,0.06091,-0.0000,4876.5,329.3,2822.6,-0.0026,0.0071,0.0248,37.256,1,293.15,0,3592.7,-0.0018,0.0074,0.0248,37.920,1,293.15,0,4279.4,0.0578,0.0105,0.0000,39.495,1,293.15,0,5082.8,0.0400,0.0103,0.0000,39.510,1,293.15,0
5.8333,42.7992,5.5994,0.5160,19.226,19.225,5757.6,3,0.054,1.000,0.000,-0.013,0,670.87,2041.97,1000.25,1049.59,-0.00,2521.71,0.02965,0.0322,2692.5,-289.2,0.03355,0.0110,3390.1,280.2,0.05670,0.0174,4123.1,-314.4,0.06084,-0.0081,4812.4,304.6,2883.1,-0.0025,0.0058,0.0219,37.467,1,293.15,0,3575.8,-0.0018,0.0060,0.0219,38.084,1,293.15,0,4332.2,0.0569,0.0100,0.0000,39.684,1,293.15,0,4980.4,0.0406,0.0098,0.0000,39.708,1,293.15,0
5.8500,43.1045,5.7011,0.5158,19.321,19.320,5785.3,3,0.054,1.000,0.000,-0.020,0,677.47,2061.91,1010.11,1059.66,-0.00,2544.70,0.03015,0.0319,2744.8,-264.3,0.03372,0.0104,3366.4,250.3,0.05689,0.0093,4135.5,-274.1,0.06070,-0.0085,4774.6,275.1,2951.7,-0.0024,0.0044,0.0189,37.678,1,293.15,0,3559.4,-0.0017,0.0046,0.0189,38.245,1,293.15,0,4318.5,0.0562,0.0094,0.0000,39.878,1,293.15,0,4988.0,0.0414,0.0093,0.0000,39.903,1,293.15,0
5.8667,43.4111,5.8039,0.5156,19.415,19.415,5812.8,3,0.054,1.000,0.000,-0.026,0,684.12,2082.05,1020.04,1069.85,-0.00,2568.23,0.03062,0.0284,2781.4,-239.5,0.03386,0.0050,3328.4,227.8,0.05706,0.0104,4165.0,-257.1,0.06051,-0.0154,4712.1,251.6,2985.0,-0.0024,0.0030,0.0159,37.889,1,293.15,0,3505.7,-0.0018,0.0032,0.0159,38.405,1,293.15,0,4367.8,0.0554,0.0089,0.0000,40.071,1,293.15,0,4878.5,0.0421,0.0088,0.0000,40.102,1,293.15,0
5.8833,43.7191,5.9076,0.5155,19.509,19.509,5840.4,3,0.054,1.000,0.000,-0.033,0,690.76,2102.21,1029.97,1080.09,-0.00,2592.02,0.03106,0.0269,2826.7,-212.5,0.03397,0.0077,3320.1,201.2,0.05717,0.0054,4180.6,-223.9,0.06027,-0.0148,4677.3,224.7,3030.5,-0.0024,0.0017,0.0128,38.100,1,293.15,0,3517.2,-0.0018,0.0018,0.0128,38.564,1,293.15,0,4368.4,0.0547,0.0083,0.0000,40.266,1,293.15,0,4868.3,0.0429,0.0082,0.0000,40.297,1,293.15,0
5.9000,44.0284,6.0121,0.5154,19.603,19.602,5867.9,3,0.055,1.000,0.000,-0.039,0,697.42,2122.45,1039.93,1090.40,-0.00,2616.14,0.03150,0.0245,2870.3,-183.3,0.03405,0.0026,3275.6,174.4,0.05726,0.0051,4218.1,-189.6,0.06001,-0.0142,4631.3,187.5,3069.0,-0.0023,0.0003,0.0097,38.312,1,293.15,0,3459.6,-0.0018,0.0004,0.0097,38.719,1,293.15,0,4415.6,0.0539,0.0076,0.0000,40.457,1,293.15,0,4852.9,0.0437,0.0075,0.0000,40.492,1,293.15,0
5.9167,44.3391,6.1175,0.5154,19.697,19.696,5895.2,3,0.055,1.000,0.000,-0.046,0,704.11,2142.85,1049.95,1100.81,-0.00,2640.63,0.03190,0.0231,2919.3,-150.5,0.03407,-0.0001,3232.3,141.3,0.05735,0.0074,4255.1,-166.9,0.05972,-0.0173,4575.8,158.6,3120.2,-0.0023,-0.0011,0.0066,38.525,1,293.15,0,3422.1,-0.0018,-0.0010,0.0066,38.875,1,293.15,0,4470.0,0.0530,0.0070,0.0000,40.648,1,293.15,0,4771.0,0.0445,0.0069,0.0000,40.688,1,293.15,0
5.9333,44.6512,6.2236,0.5153,19.791,19.790,5922.3,3,0.055,1.000,0.000,-0.052,0,710.84,2163.26,1059.98,1111.25,0.00,2665.38,0.03228,0.0228,2971.4,-118.2,0.03409,-0.0005,3198.2,108.4,0.05745,0.0057,4282.4,-136.2,0.05941,-0.0215,4516.4,131.9,3174.7,-0.0022,-0.0025,0.0035,38.739,1,293.15,0,3399.5,-0.0019,-0.0024,0.0035,39.031,1,293.15,0,4486.5,0.0521,0.0062,0.0000,40.837,1,293.15,0,4685.9,0.0454,0.0062,0.0000,40.886,1,293.15,0
5.9500,44.9648,6.3304,0.5153,19.884,19.884,5949.3,3,0.055,1.000,0.000,-0.058,0,717.57,2183.60,1069.96,1121.67,0.00,2690.24,0.03263,0.0217,3013.8,-90.8,0.03409,0.0014,3180.8,82.4,0.05753,0.0073,4319.9,-110.0,0.05912,-0.0198,4481.4,102.1,3213.9,-0.0022,-0.0039,0.0003,38.952,1,293.15,0,3388.8,-0.0018,-0.0038,0.0003,39.184,1,293.15,0,4533.7,0.0512,0.0055,0.0000,41.025,1,293.15,0,4648.8,0.0462,0.0055,0.0000,41.078,1,293.15,0
5.9667,45.2797,6.4378,0.5153,19.978,19.977,5976.1,3,0.055,1.000,0.000,-0.064,0,724.33,2204.04,1079.99,1132.15,0.00,2715.31,0.03296,0.0192,3048.0,-63.9,0.03406,-0.0034,3134.7,59.1,0.05766,0.0081,4368.3,-70.7,0.05882,-0.0212,4424.5,64.8,3239.0,-0.0021,-0.0052,-0.0028,39.166,1,293.15,0,3318.7,-0.0018,-0.0052,-0.0028,39.335,1,293.15,0,4574.9,0.0502,0.0047,0.0000,41.210,1,293.15,0,4593.8,0.0470,0.0047,0.0000,41.274,1,293.15,0
5.9833,45.5961,6.5458,0.5153,20.071,20.071,6002.7,3,0.056,1.000,0.000,-0.070,0,731.11,2224.55,1090.04,1142.66,0.00,2740.50,0.03326,0.0172,3087.0,-33.2,0.03399,-0.0055,3091.3,28.4,0.05780,0.0112,4421.9,-37.4,0.05854,-0.0173,4392.1,27.4,3280.3,-0.0021,-0.0066,-0.0059,39.381,1,293.15,0,3280.8,-0.0019,-0.0066,-0.0059,39.487,1,293.15,0,4638.2,0.0492,0.0039,0.0000,41.392,1,293.15,0,4572.2,0.0479,0.0039,0.0000,41.466,1,293.15,0
6.0000,45.9140,6.6543,0.5152,20.164,20.164,6029.3,3,0.056,1.000,0.000,-0.076,0,737.90,2245.10,1100.12,1153.21,0.00,2765.76,0.03355,0.0173,3136.9,0.3,0.03389,-0.0057,3049.7,-7.3,0.05797,0.0147,4482.0,-0.9,0.05828,-0.0146,4349.4,-15.5,3337.2,-0.0021,-0.0080,-0.0090,39.596,1,293.15,0,3253.1,-0.0019,-0.0081,-0.0090,39.637,1,293.15,0,4715.1,0.0481,0.0030,0.0000,41.571,1,293.15,0,4548.0,0.0487,0.0030,0.0000,41.658,1,293.15,0
6.0167,46.2334,6.7631,0.5152,20.257,20.257,6055.6,3,0.056,1.000,0.000,-0.081,0,744.72,2265.74,1110.25,1163.80,0.00,2791.12,0.03381,0.0145,3171.0,31.8,0.03375,-0.0096,2999.7,-32.8,0.05818,0.0169,4542.0,39.9,0.05802,-0.0166,4287.9,-56.4,3354.9,-0.0020,-0.0095,-0.0121,39.809,1,293.15,0,3180.7,-0.0019,-0.0095,-0.0121,39.785,1,293.15,0,4773.0,0.0470,0.0021,0.0000,41.751,1,293.15,0,4481.4,0.0496,0.0021,0.0000,41.853,1,293.15,0
6.0333,46.5543,6.8723,0.5152,20.350,20.349,6081.8,3,0.056,1.000,0.000,-0.087,0,751.56,2286.44,1120.40,1174.41,0.00,2816.49,0.03407,0.0159,3224.0,64.4,0.03362,-0.0068,2965.3,-71.9,0.05838,0.0113,4566.5,80.5,0.05778,-0.0149,4260.8,-80.6,3427.4,-0.0020,-0.0109,-0.0152,40.026,1,293.15,0,3174.5,-0.0019,-0.0109,-0.0152,39.936,1,293.15,0,4750.9,0.0458,0.0012,0.0000,41.934,1,293.15,0,4451.4,0.0505,0.0012,0.0000,42.046,1,293.15,0
6.0500,46.8767,6.9817,0.5152,20.442,20.441,6108.2,3,0.056,1.000,0.000,-0.092,0,758.38,2307.04,1130.51,1184.96,0.00,2841.67,0.03432,0.0150,3263.8,94.8,0.03346,-0.0107,2911.1,-100.5,0.05859,0.0108,4619.1,126.0,0.05753,-0.0149,4208.8,-120.9,3462.6,-0.0020,-0.0123,-0.0182,40.239,1,293.15,0,3097.3,-0.0020,-0.0123,-0.0182,40.082,1,293.15,0,4787.8,0.0448,0.0003,0.0000,42.114,1,293.15,0,4411.8,0.0514,0.0003,0.0000,42.240,1,293.15,0
6.0667,47.2008,7.0913,0.5151,20.534,20.534,6134.1,3,0.057,1.000,0.000,-0.097,0,765.24,2327.78,1140.69,1195.58,0.00,2866.93,0.03463,0.0177,3337.3,139.4,0.03332,-0.0086,2872.5,-140.6,0.05888,0.0198,4696.8,150.5,0.05735,-0.0142,4162.8,-161.7,3518.6,-0.0019,-0.0137,-0.0212,40.451,1,293.15,0,3067.2,-0.0020,-0.0137,-0.0212,40.230,1,293.15,0,4907.9,0.0437,-0.0006,0.0000,42.288,1,293.15,0,4336.6,0.0522,-0.0006,0.0000,42.431,1,293.15,0
6.0833,47.5263,7.2010,0.5151,20.626,20.625,6160.3,3,0.057,1.000,0.000,-0.101,0,772.06,2348.38,1150.81,1206.11,0.01,2891.95,0.03493,0.0177,3389.1,174.9,0.03317,-0.0085,2823.6,-181.1,0.05912,0.0142,4709.3,177.6,0.05714,-0.0115,4138.2,-188.9,3586.3,-0.0018,-0.0151,-0.0242,40.664,1,293.15,0,3031.0,-0.0020,-0.0151,-0.0242,40.377,1,293.15,0,4926.8,0.0426,-0.0016,0.0000,42.470,1,293.15,0,4321.3,0.0532,-0.0016,0.0000,42.622,1,293.15,0
6.1000,47.8535,7.3107,0.5150,20.717,20.716,6186.2,3,0.057,1.000,0.000,-0.106,0,778.92,2369.10,1160.99,1216.70,0.01,2917.04,0.03522,0.0190,3437.2,201.8,0.03301,-0.0109,2773.2,-212.9,0.05941,0.0135,4776.2,234.5,0.05697,-0.0094,4104.0,-225.6,3648.9,-0.0019,-0.0165,-0.0271,40.879,1,293.15,0,2953.2,-0.0020,-0.0164,-0.0271,40.521,1,293.15,0,4929.8,0.0416,-0.0026,0.0000,42.649,1,293.15,0,4300.0,0.0540,-0.0026,0.0000,42.812,1,293.15,0
6.1167,48.1823,7.4203,0.5150,20.807,20.807,6212.3,3,0.057,1.000,0.000,-0.110,0,785.74,2389.69,1171.11,1227.21,0.01,2941.88,0.03552,0.0178,3485.0,238.9,0.03287,-0.0096,2736.9,-246.9,0.05970,0.0195,4838.6,256.8,0.05682,-0.0074,4062.9,-268.6,3688.0,-0.0018,-0.0179,-0.0299,41.088,1,293.15,0,2924.4,-0.0021,-0.0178,-0.0299,40.666,1,293.15,0,5051.9,0.0406,-0.0035,0.0000,42.825,1,293.15,0,4260.6,0.0549,-0.0036,0.0000,43.001,1,293.15,0
6.1333,48.5128,7.5298,0.5149,20.898,20.897,6238.1,3,0.057,1.000,0.000,-0.114,0,792.58,2410.31,1181.25,1237.72,0.01,2966.67,0.03582,0.0193,3549.0,279.9,0.03272,-0.0074,2694.3,-290.2,0.06000,0.0167,4887.9,305.4,0.05664,-0.0137,3991.5,-303.5,3757.6,-0.0018,-0.0192,-0.0327,41.299,1,293.15,0,2904.4,-0.0021,-0.0191,-0.0327,40.812,1,293.15,0,5060.5,0.0397,-0.0045,0.0000,43.004,1,293.15,0,4167.4,0.0558,-0.0046,0.0000,43.197,1,293.15,0
6.1500,48.8449,7.6390,0.5148,20.987,20.986,6264.0,3,0.058,1.000,0.000,-0.118,0,799.37,2430.79,1191.33,1248.16,0.01,2991.19,0.03612,0.0203,3608.4,318.4,0.03256,-0.0083,2641.8,-330.1,0.06031,0.0173,4940.6,342.0,0.05650,-0.0083,3967.4,-345.3,3820.5,-0.0017,-0.0205,-0.0353,41.505,1,293.15,0,2853.5,-0.0021,-0.0204,-0.0353,40.954,1,293.15,0,5129.0,0.0388,-0.0055,0.0000,43.180,1,293.15,0,4180.6,0.0567,-0.0055,0.0000,43.384,1,293.15,0
6.1667,49.1787,7.7479,0.5147,21.076,21.075,6289.9,3,0.058,1.000,0.000,-0.121,0,806.16,2451.24,1201.39,1258.56,0.01,3015.55,0.03645,0.0229,3672.4,354.1,0.03242,-0.0052,2609.6,-368.0,0.06061,0.0179,4985.7,371.2,0.05633,-0.0096,3920.1,-379.3,3889.0,-0.0017,-0.0218,-0.0379,41.713,1,293.15,0,2824.2,-0.0022,-0.0216,-0.0379,41.096,1,293.15,0,5188.8,0.0379,-0.0064,0.0000,43.357,1,293.15,0,4114.5,0.0577,-0.0065,0.0000,43.576,1,293.15,0
6.1833,49.5141,7.8563,0.5146,21.164,21.163,6315.6,3,0.058,1.000,0.000,-0.124,0,812.95,2471.65,1211.45,1268.93,0.01,3039.78,0.03678,0.0186,3705.5,387.7,0.03232,-0.0062,2574.4,-393.2,0.06093,0.0212,5051.3,408.0,0.05619,-0.0088,3877.4,-418.7,3899.6,-0.0017,-0.0231,-0.0405,41.917,1,293.15,0,2774.3,-0.0022,-0.0228,-0.0405,41.237,1,293.15,0,5259.5,0.0370,-0.0074,0.0000,43.531,1,293.15,0,4066.5,0.0586,-0.0075,0.0000,43.767,1,293.15,0
6.2000,49.8513,7.9643,0.5145,21.252,21.251,6341.1,3,0.058,1.000,0.000,-0.127,0,819.72,2492.02,1221.49,1279.27,0.01,3063.89,0.03712,0.0205,3772.2,427.8,0.03221,-0.0051,2535.8,-430.6,0.06126,0.0169,5086.9,448.8,0.05605,-0.0096,3836.7,-449.6,3955.6,-0.0016,-0.0243,-0.0429,42.116,1,293.15,0,2736.5,-0.0022,-0.0240,-0.0429,41.378,1,293.15,0,5268.0,0.0361,-0.0084,0.0000,43.706,1,293.15,0,4021.7,0.0596,-0.0085,0.0000,43.959,1,293.15,0
6.2167,50.1902,8.0716,0.5144,21.339,21.338,6366.9,3,0.059,1.000,0.000,-0.130,0,826.42,2512.20,1231.43,1289.51,0.01,3087.69,0.03748,0.0217,3831.2,462.7,0.03212,-0.0048,2493.5,-469.2,0.06155,0.0181,5140.6,484.0,0.05589,-0.0095,3788.4,-491.0,4025.4,-0.0015,-0.0254,-0.0452,42.316,1,293.15,0,2698.4,-0.0022,-0.0251,-0.0452,41.517,1,293.15,0,5340.0,0.0354,-0.0093,0.0000,43.881,1,293.15,0,3984.8,0.0606,-0.0095,0.0000,44.150,1,293.15,0
6.2333,50.5307,8.1783,0.5143,21.425,21.424,6392.5,3,0.059,1.000,0.000,-0.132,0,833.14,2532.39,1241.39,1299.74,0.01,3111.44,0.03785,0.0229,3894.4,500.8,0.03203,-0.0037,2454.9,-507.5,0.06188,0.0189,5200.0,525.5,0.05574,-0.0110,3734.6,-530.9,4087.8,-0.0015,-0.0265,-0.0475,42.518,1,293.15,0,2662.8,-0.0023,-0.0261,-0.0475,41.656,1,293.15,0,5393.5,0.0346,-0.0103,0.0000,44.052,1,293.15,0,3924.6,0.0617,-0.0105,0.0000,44.344,1,293.15,0
6.2500,50.8731,8.2842,0.5142,21.511,21.510,6418.1,3,0.059,1.000,0.000,-0.134,0,839.82,2552.48,1251.30,1309.92,0.01,3135.02,0.03821,0.0228,3946.3,534.2,0.03195,-0.0032,2418.5,-541.9,0.06220,0.0176,5240.0,558.1,0.05558,-0.0119,3691.7,-562.7,4142.9,-0.0015,-0.0276,-0.0496,42.714,1,293.15,0,2626.0,-0.0023,-0.0271,-0.0496,41.794,1,293.15,0,5432.4,0.0338,-0.0113,0.0000,44.225,1,293.15,0,3867.9,0.0628,-0.0115,0.0000,44.537,1,293.15,0
6.2667,51.2171,8.3893,0.5141,21.596,21.595,6443.6,3,0.059,1.000,0.000,-0.136,0,846.48,2572.51,1261.18,1320.06,0.01,3158.48,0.03860,0.0239,4003.9,566.5,0.03189,-0.0036,2378.0,-576.9,0.06250,0.0180,5288.9,591.7,0.05546,-0.0091,3665.0,-596.2,4208.1,-0.0015,-0.0286,-0.0516,42.912,1,293.15,0,2575.0,-0.0023,-0.0281,-0.0516,41.931,1,293.15,0,5480.3,0.0332,-0.0122,0.0000,44.397,1,293.15,0,3845.4,0.0638,-0.0125,0.0000,44.726,1,293.15,0
6.2833,51.5630,8.4934,0.5140,21.680,21.679,6469.3,3,0.059,1.000,0.000,-0.137,0,853.09,2592.36,1270.98,1330.10,0.01,3181.69,0.03899,0.0236,4057.2,600.5,0.03183,-0.0042,2338.4,-610.7,0.06279,0.0154,5326.3,628.6,0.05529,-0.0083,3625.1,-631.5,4261.1,-0.0015,-0.0295,-0.0535,43.105,1,293.15,0,2527.8,-0.0023,-0.0290,-0.0535,42.067,1,293.15,0,5515.6,0.0325,-0.0131,0.0000,44.568,1,293.15,0,3816.9,0.0649,-0.0134,0.0000,44.920,1,293.15,0
6.3000,51.9105,8.5965,0.5138,21.763,21.762,6494.8,3,0.060,1.000,0.000,-0.139,0,859.68,2612.19,1280.77,1340.13,0.01,3204.84,0.03936,0.0226,4104.6,632.6,0.03180,-0.0024,2314.1,-640.7,0.06309,0.0176,5388.5,668.3,0.05514,-0.0064,3585.3,-673.0,4302.7,-0.0015,-0.0304,-0.0552,43.296,1,293.15,0,2507.2,-0.0024,-0.0298,-0.0552,42.204,1,293.15,0,5581.2,0.0319,-0.0140,0.0000,44.736,1,293.15,0,3791.9,0.0660,-0.0144,0.0000,45.112,1,293.15,0
6.3167,52.2599,8.6985,0.5137,21.846,21.845,6520.2,3,0.060,1.000,0.000,-0.139,0,866.24,2631.93,1290.51,1350.12,0.01,3227.88,0.03975,0.0238,4168.6,671.0,0.03176,-0.0009,2280.6,-678.8,0.06336,0.0170,5431.5,702.4,0.05498,-0.0110,3521.7,-708.6,4364.3,-0.0014,-0.0312,-0.0569,43.484,1,293.15,0,2486.1,-0.0024,-0.0305,-0.0569,42.340,1,293.15,0,5629.8,0.0313,-0.0149,0.0000,44.906,1,293.15,0,3716.8,0.0671,-0.0153,0.0000,45.307,1,293.15,0
6.3333,52.6110,8.7993,0.5136,21.928,21.927,6545.6,3,0.060,1.000,0.000,-0.140,0,872.79,2651.61,1300.23,1360.07,0.01,3250.82,0.04011,0.0215,4200.6,694.0,0.03173,-0.0026,2246.3,-704.0,0.06360,0.0155,5460.3,727.4,0.05483,-0.0099,3495.6,-732.9,4406.2,-0.0014,-0.0319,-0.0584,43.672,1,293.15,0,2437.0,-0.0024,-0.0313,-0.0584,42.475,1,293.15,0,5657.5,0.0308,-0.0158,0.0000,45.077,1,293.15,0,3680.5,0.0681,-0.0162,0.0000,45.498,1,293.15,0
6.3500,52.9639,8.8989,0.5135,22.010,22.009,6571.0,3,0.060,1.000,0.000,-0.140,0,879.29,2671.17,1309.88,1369.95,0.01,3273.59,0.04051,0.0242,4273.3,734.5,0.03172,0.0002,2221.1,-740.5,0.06385,0.0119,5492.1,765.1,0.05466,-0.0113,3447.5,-766.9,4463.2,-0.0014,-0.0326,-0.0598,43.857,1,293.15,0,2421.2,-0.0024,-0.0319,-0.0598,42.610,1,293.15,0,5681.6,0.0303,-0.0166,0.0000,45.244,1,293.15,0,3646.4,0.0693,-0.0171,0.0000,45.692,1,293.15,0
6.3667,53.3185,8.9971,0.5134,22.091,22.090,6596.0,3,0.060,1.000,0.000,-0.140,0,885.80,2690.79,1319.57,1379.87,0.01,3296.43,0.04088,0.0227,4312.8,761.5,0.03170,-0.0016,2182.7,-770.3,0.06412,0.0171,5556.1,794.3,0.05454,-0.0108,3410.7,-800.2,4512.9,-0.0014,-0.0332,-0.0610,44.043,1,293.15,0,2379.8,-0.0025,-0.0325,-0.0610,42.746,1,293.15,0,5753.0,0.0299,-0.0174,0.0000,45.408,1,293.15,0,3593.1,0.0703,-0.0180,0.0000,45.883,1,293.15,0
6.3833,53.6749,9.0940,0.5133,22.171,22.170,6621.4,3,0.061,1.000,0.000,-0.139,0,892.24,2710.17,1329.14,1389.66,0.01,3318.96,0.04124,0.0218,4355.5,789.4,0.03170,0.0006,2166.8,-795.4,0.06432,0.0140,5577.7,821.4,0.05437,-0.0068,3392.2,-828.7,4547.8,-0.0016,-0.0338,-0.0622,44.237,1,293.15,0,2364.0,-0.0025,-0.0330,-0.0622,42.881,1,293.15,0,5782.5,0.0294,-0.0183,0.0000,45.574,1,293.15,0,3599.9,0.0714,-0.0188,0.0000,46.074,1,293.15,0
6.4000,54.0331,9.1894,0.5132,22.251,22.250,6646.1,3,0.061,1.000,0.000,-0.139,0,898.72,2729.69,1338.78,1399.52,0.01,3341.66,0.04159,0.0227,4405.3,817.0,0.03170,0.0000,2134.1,-825.5,0.06457,0.0140,5620.0,853.4,0.05426,-0.0052,3367.0,-855.8,4604.7,-0.0021,-0.0343,-0.0631,44.457,1,293.15,0,2330.4,-0.0025,-0.0334,-0.0631,43.017,1,293.15,0,5808.9,0.0290,-0.0190,0.0000,45.738,1,293.15,0,3577.1,0.0723,-0.0196,0.0000,46.262,1,293.15,0
6.4167,54.3931,9.2832,0.5131,22.331,22.330,6670.8,3,0.061,1.000,0.000,-0.137,0,905.16,2749.12,1348.37,1409.34,0.01,3364.25,0.04192,0.0205,4437.6,842.0,0.03170,0.0011,2115.3,-849.1,0.06477,0.0127,5650.5,881.3,0.05411,-0.0127,3296.7,-885.7,4634.7,-0.0039,-0.0347,-0.0639,44.770,1,293.15,0,2318.6,-0.0025,-0.0338,-0.0639,43.154,1,293.15,0,5847.4,0.0287,-0.0198,0.0000,45.902,1,293.15,0,3491.2,0.0733,-0.0204,0.0000,46.456,1,293.15,0
6.4333,54.7549,9.3754,0.5130,22.410,22.409,6695.5,3,0.061,1.000,0.000,-0.136,0,911.64,2768.63,1358.01,1419.19,0.01,3386.91,0.04225,0.0197,4473.7,864.6,0.03172,0.0009,2094.8,-869.9,0.06498,0.0144,5684.3,898.9,0.05399,-0.0024,3315.6,-907.0,4666.1,-0.0101,-0.0350,-0.0646,45.443,1,293.15,0,2286.4,-0.0026,-0.0340,-0.0646,43.290,1,293.15,0,5891.3,0.0282,-0.0205,0.0000,46.060,1,293.15,0,3523.7,0.0743,-0.0212,0.0000,46.641,1,293.15,0
6.4500,55.1184,9.4660,0.5129,22.492,22.491,6719.6,3,0.061,1.000,0.000,-0.134,0,918.31,2788.76,1367.94,1429.37,0.01,3410.35,0.04255,0.0177,4503.6,887.9,0.03173,0.0002,2070.8,-891.8,0.06517,0.0086,5685.9,918.2,0.05392,-0.0064,3284.1,-917.5,4693.4,-0.0321,-0.0352,-0.0652,47.322,1,293.15,0,2267.0,-0.0027,-0.0342,-0.0652,43.431,1,293.15,0,5870.9,0.0278,-0.0212,0.0000,46.226,1,293.15,0,3471.7,0.0750,-0.0219,0.0000,46.825,1,293.15,0
6.4667,55.4836,9.5549,0.5128,22.576,22.575,6743.9,3,0.061,1.000,0.000,-0.132,0,925.18,2809.49,1378.18,1439.85,0.01,3434.50,0.04280,0.0044,4485.6,914.4,0.03174,-0.0013,2066.9,-889.4,0.06536,0.0124,5745.2,953.0,0.05377,-0.0067,3236.9,-956.2,4597.2,-0.0800,-0.0353,-0.0656,49.315,1,293.15,0,2251.0,-0.0029,-0.0341,-0.0656,43.572,1,293.15,0,5938.5,0.0272,-0.0220,0.0000,46.382,1,293.15,0,3443.6,0.0758,-0.0228,0.0000,47.015,1,293.15,0
6.4833,55.8507,9.6420,0.5127,22.655,22.654,6767.9,3,0.062,1.000,0.000,-0.130,0,931.67,2829.10,1387.86,1449.75,0.01,3457.20,0.04306,0.0099,4539.5,931.5,0.03177,0.0028,2062.3,-913.3,0.06552,0.0080,5738.2,959.2,0.05371,-0.0031,3245.2,-961.1,4667.0,-0.0840,-0.0355,-0.0658,49.466,1,293.15,0,2254.2,-0.0030,-0.0343,-0.0658,43.715,1,293.15,0,5932.3,0.0269,-0.0226,0.0000,46.543,1,293.15,0,3444.1,0.0764,-0.0234,0.0000,47.195,1,293.15,0
6.5000,56.2195,9.7273,0.5125,22.733,22.732,6791.5,3,0.062,1.000,0.000,0.000,0,938.12,2848.60,1397.50,1459.59,0.01,3479.76,0.04331,0.0072,4547.4,938.9,0.03182,0.0016,2050.6,-922.9,0.06570,0.0145,5790.4,974.3,0.05368,-0.0002,3232.8,-985.4,4684.9,-0.0825,-0.0342,-0.0642,49.771,1,293.15,0,2232.3,-0.0030,-0.0330,-0.0642,43.860,1,293.15,0,6007.0,0.0267,-0.0231,0.0000,46.698,1,293.15,0,3435.7,0.0768,-0.0239,0.0000,47.370,1,293.15,0
6.5167,56.5901,9.8109,0.5124,22.812,22.812,6781.3,4,0.062,1.000,0.000,0.000,0,944.71,2868.61,1407.38,1469.69,0.00,3502.90,0.04349,0.0012,4538.7,946.7,0.03189,0.0034,2063.7,-921.1,0.06585,0.0069,5762.4,974.6,0.05374,0.0067,3275.9,-976.1,4651.7,-0.0851,-0.0287,-0.0580,50.090,1,293.15,0,2245.0,-0.0031,-0.0275,-0.0580,44.024,1,293.15,0,5956.3,0.0380,-0.0235,0.0000,47.978,1,293.15,0,3487.4,0.0889,-0.0243,0.0000,48.707,1,293.15,0
6.5333,56.9631,9.8931,0.5123,22.943,22.942,6738.0,4,0.062,1.000,0.000,0.000,0,955.52,2901.56,1423.61,1486.42,0.00,3541.73,0.04340,-0.0223,4397.7,911.2,0.03197,0.0007,2107.2,-870.5,0.06586,0.0005,5693.7,934.1,0.05398,0.0233,3400.3,-937.0,4487.8,-0.0809,-0.0240,-0.0525,50.055,1,293.15,0,2271.8,-0.0039,-0.0229,-0.0525,44.276,1,293.15,0,5899.0,0.0687,-0.0243,0.0000,49.368,1,293.15,0,3638.5,0.1311,-0.0252,0.0000,50.699,1,293.15,0
6.5500,57.3390,9.9740,0.5122,23.096,23.095,6694.7,4,0.062,1.000,0.000,0.000,0,968.31,2940.70,1442.89,1506.28,0.00,3587.83,0.04272,-0.0551,4139.0,828.3,0.03186,-0.0119,2124.8,-792.9,0.06614,0.0231,5731.0,857.9,0.05488,0.0709,3726.0,-867.2,4280.8,-0.0531,-0.0207,-0.0474,48.825,1,293.15,0,2298.2,-0.0040,-0.0197,-0.0474,44.584,1,293.15,0,5932.6,0.0877,-0.0255,0.0000,50.544,1,293.15,0,3968.3,0.1618,-0.0264,0.0000,52.331,1,293.15,0
6.5667,57.7178,10.0540,0.5121,23.255,23.254,6651.3,4,0.063,1.000,0.000,0.000,0,981.66,2980.71,1462.59,1526.65,-0.00,3635.84,0.04161,-0.0758,3909.1,744.2,0.03160,-0.0192,2167.0,-704.8,0.06666,0.0385,5729.7,765.8,0.05628,0.0898,3951.6,-791.1,4060.2,-0.0272,-0.0185,-0.0428,47.614,1,293.15,0,2347.6,-0.0039,-0.0177,-0.0428,44.916,1,293.15,0,5965.9,0.1058,-0.0266,0.0000,51.700,1,293.15,0,4171.4,0.1858,-0.0275,0.0000,53.737,1,293.15,0
6.5833,58.0997,10.1329,0.5120,23.418,23.417,6608.0,4,0.063,1.000,0.000,0.000,0,995.48,3022.01,1482.92,1547.68,-0.01,3685.50,0.04028,-0.0802,3750.0,672.5,0.03114,-0.0315,2149.1,-644.1,0.06743,0.0545,5789.3,722.1,0.05781,0.0945,4089.9,-743.9,3941.1,-0.0079,-0.0172,-0.0387,46.993,1,293.15,0,2333.6,-0.0039,-0.0165,-0.0387,45.258,1,293.15,0,5997.4,0.1229,-0.0274,0.0000,52.812,1,293.15,0,4295.3,0.2055,-0.0283,0.0000,55.002,1,293.15,0
6.6000,58.4846,10.2110,0.5119,23.585,23.584,6564.6,4,0.063,1.000,0.000,0.000,0,1009.73,3064.69,1503.93,1569.40,-0.01,3736.70,0.03896,-0.0751,3665.3,634.9,0.03046,-0.0461,2076.6,-615.5,0.06838,0.0579,5802.9,682.0,0.05937,0.0907,4183.8,-703.0,3879.7,-0.0026,-0.0162,-0.0350,47.072,1,293.15,0,2255.1,-0.0040,-0.0157,-0.0350,45.607,1,293.15,0,6004.8,0.1387,-0.0278,0.0000,53.883,1,293.15,0,4383.5,0.2220,-0.0287,0.0000,56.163,1,293.15,0
6.6167,58.8726,10.2880,0.5118,23.755,23.753,6521.3,4,0.063,1.000,0.000,0.000,0,1024.27,3108.26,1525.40,1591.53,-0.02,3788.59,0.03770,-0.0680,3619.5,624.8,0.02956,-0.0562,1985.4,-612.6,0.06955,0.0825,5955.3,677.0,0.06081,0.0899,4223.2,-723.7,3849.3,-0.0019,-0.0156,-0.0316,47.344,1,293.15,0,2175.1,-0.0043,-0.0151,-0.0316,45.962,1,293.15,0,6213.4,0.1531,-0.0279,0.0000,54.877,1,293.15,0,4436.6,0.2366,-0.0287,0.0000,57.261,1,293.15,0
6.6333,59.2637,10.3641,0.5116,23.927,23.925,6478.0,4,0.063,1.000,0.000,0.000,0,1039.17,3153.02,1547.48,1614.21,-0.03,3841.48,0.03662,-0.0601,3611.1,640.1,0.02857,-0.0603,1899.4,-624.4,0.07093,0.0804,6023.3,699.9,0.06224,0.0794,4244.4,-717.7,3821.6,-0.0019,-0.0151,-0.0286,47.639,1,293.15,0,2095.8,-0.0045,-0.0147,-0.0286,46.327,1,293.15,0,6190.9,0.1658,-0.0276,0.0000,55.812,1,293.15,0,4422.6,0.2492,-0.0283,0.0000,58.297,1,293.15,0
6.6500,59.6579,10.4392,0.5114,24.101,24.098,6434.6,4,0.064,1.000,0.000,0.000,0,1054.25,3198.31,1569.84,1637.11,-0.04,3894.54,0.03564,-0.0598,3566.2,646.1,0.02758,-0.0593,1846.0,-625.0,0.07229,0.0851,6091.2,694.4,0.06360,0.0856,4319.6,-728.6,3758.8,-0.0019,-0.0146,-0.0258,47.936,1,293.15,0,2042.6,-0.0047,-0.0144,-0.0258,46.697,1,293.15,0,6306.6,0.1773,-0.0270,0.0000,56.698,1,293.15,0,4533.9,0.2603,-0.0276,0.0000,59.271,1,293.15,0
6.6667,60.0553,10.5134,0.5112,24.276,24.273,6391.3,4,0.064,1.000,0.000,0.000,0,1069.63,3244.57,1592.70,1660.44,-0.04,3948.18,0.03466,-0.0514,3543.8,641.0,0.02662,-0.0536,1806.9,-633.2,0.07365,0.0805,6126.6,699.1,0.06494,0.0756,4330.6,-728.8,3770.1,-0.0019,-0.0142,-0.0233,48.239,1,293.15,0,2018.1,-0.0049,-0.0140,-0.0233,47.077,1,293.15,0,6332.6,0.1859,-0.0260,0.0000,57.257,1,293.15,0,4524.1,0.2681,-0.0266,0.0000,59.939,1,293.15,0
6.6833,60.4558,10.5865,0.5109,24.454,24.450,6348.0,4,0.064,1.000,0.000,0.000,0,1085.28,3291.68,1616.02,1684.12,-0.05,4002.16,0.03385,-0.0513,3496.8,638.0,0.02582,-0.0463,1802.7,-621.5,0.07497,0.0847,6193.9,698.0,0.06626,0.0805,4405.1,-731.3,3695.4,-0.0020,-0.0138,-0.0211,48.546,1,293.15,0,2005.8,-0.0049,-0.0136,-0.0211,47.462,1,293.15,0,6406.7,0.1757,-0.0249,0.0000,56.953,1,293.15,0,4604.4,0.2584,-0.0254,0.0000,59.822,1,293.15,0
6.7000,60.8596,10.6588,0.5106,24.634,24.630,6304.6,4,0.064,1.000,0.000,0.000,0,1101.30,3339.87,1639.90,1708.27,-0.05,4056.83,0.03307,-0.0482,3452.3,623.1,0.02517,-0.0346,1832.5,-603.8,0.07618,0.0627,6120.5,680.1,0.06758,0.0777,4488.6,-689.2,3638.5,-0.0020,-0.0133,-0.0191,48.857,1,293.15,0,2041.5,-0.0049,-0.0132,-0.0191,47.856,1,293.15,0,6279.6,0.1593,-0.0237,0.0000,56.510,1,293.15,0,4677.1,0.2427,-0.0241,0.0000,59.534,1,293.15,0
6.7167,61.2666,10.7302,0.5103,24.815,24.811,6261.3,4,0.064,1.000,0.000,0.000,0,1117.57,3388.81,1664.19,1732.71,-0.05,4111.67,0.03232,-0.0388,3412.3,584.0,0.02473,-0.0213,1886.6,-580.0,0.07720,0.0599,6109.5,645.1,0.06891,0.0831,4594.6,-661.2,3637.2,-0.0021,-0.0129,-0.0172,49.179,1,293.15,0,2100.9,-0.0048,-0.0128,-0.0172,48.255,1,293.15,0,6294.1,0.1426,-0.0225,0.0000,56.064,1,293.15,0,4808.1,0.2255,-0.0228,0.0000,59.179,1,293.15,0
6.7333,61.6768,10.8009,0.5099,24.999,24.995,6218.0,4,0.064,1.000,0.000,0.000,0,1134.16,3438.72,1689.00,1757.55,-0.05,4166.98,0.03173,-0.0365,3365.7,560.9,0.02445,-0.0143,1933.7,-546.4,0.07816,0.0547,6092.1,617.0,0.07019,0.0773,4651.5,-628.8,3554.8,-0.0021,-0.0124,-0.0156,49.501,1,293.15,0,2136.9,-0.0047,-0.0123,-0.0156,48.653,1,293.15,0,6268.5,0.1263,-0.0212,0.0000,55.638,1,293.15,0,4846.6,0.2082,-0.0216,0.0000,58.811,1,293.15,0
6.7500,62.0903,10.8708,0.5095,25.183,25.179,6174.6,4,0.065,1.000,0.000,0.000,0,1150.92,3489.14,1714.10,1782.56,-0.05,4222.17,0.03126,-0.0238,3358.6,525.8,0.02433,-0.0033,1995.0,-525.2,0.07885,0.0446,6005.5,551.9,0.07143,0.0733,4738.3,-572.1,3578.8,-0.0022,-0.0119,-0.0141,49.834,1,293.15,0,2200.8,-0.0045,-0.0119,-0.0141,49.055,1,293.15,0,6219.5,0.1111,-0.0199,0.0000,55.261,1,293.15,0,4925.5,0.1904,-0.0202,0.0000,58.404,1,293.15,0
6.7667,62.5070,10.9401,0.5090,25.369,25.364,6131.3,4,0.065,1.000,0.000,0.000,0,1167.93,3540.36,1739.63,1807.87,-0.05,4277.56,0.03095,-0.0145,3370.2,514.9,0.02430,0.0005,2021.6,-513.0,0.07957,0.0416,5998.0,533.0,0.07253,0.0613,4747.8,-550.6,3576.2,-0.0021,-0.0114,-0.0127,50.165,1,293.15,0,2229.1,-0.0044,-0.0114,-0.0127,49.454,1,293.15,0,6206.8,0.0961,-0.0186,0.0000,54.883,1,293.15,0,4934.2,0.1727,-0.0188,0.0000,58.002,1,293.15,0
6.7833,62.9270,11.0086,0.5085,25.556,25.551,6088.0,4,0.065,1.000,0.000,0.000,0,1185.18,3592.38,1765.59,1833.48,-0.05,4333.17,0.03077,-0.0081,3370.6,497.8,0.02436,0.0040,2055.8,-497.0,0.08031,0.0473,6033.6,517.2,0.07358,0.0598,4793.7,-537.5,3573.2,-0.0022,-0.0108,-0.0115,50.502,1,293.15,0,2254.0,-0.0043,-0.0108,-0.0115,49.854,1,293.15,0,6245.2,0.0812,-0.0172,0.0000,54.499,1,293.15,0,4983.3,0.1551,-0.0174,0.0000,57.587,1,293.15,0
6.8000,63.3502,11.0766,0.5080,25.744,25.739,6044.6,4,0.065,1.000,0.000,0.000,0,1202.70,3645.26,1792.02,1859.46,-0.04,4389.22,0.03070,-0.0041,3368.1,482.4,0.02450,0.0089,2103.1,-479.1,0.08111,0.0475,6049.2,504.5,0.07458,0.0629,4863.4,-519.6,3558.5,-0.0021,-0.0102,-0.0104,50.841,1,293.15,0,2298.5,-0.0042,-0.0102,-0.0104,50.258,1,293.15,0,6243.7,0.0664,-0.0156,0.0000,54.115,1,293.15,0,5058.5,0.1377,-0.0157,0.0000,57.171,1,293.15,0
6.8167,63.7767,11.1440,0.5075,25.929,25.924,6001.3,4,0.065,1.000,0.000,0.000,0,1220.04,3697.76,1818.27,1885.17,-0.03,4444.40,0.03072,0.0044,3386.3,462.4,0.02473,0.0157,2153.7,-471.3,0.08183,0.0390,6024.1,494.2,0.07554,0.0548,4884.6,-496.8,3606.8,-0.0021,-0.0096,-0.0094,51.172,1,293.15,0,2362.0,-0.0041,-0.0096,-0.0094,50.663,1,293.15,0,6187.7,0.0540,-0.0138,0.0000,53.917,1,293.15,0,5080.0,0.1204,-0.0139,0.0000,56.734,1,293.15,0
6.8333,64.2062,11.2108,0.5070,26.101,26.097,5958.0,4,0.065,1.000,0.000,0.000,0,1236.28,3746.98,1842.93,1909.17,-0.03,4495.34,0.03085,0.0095,3399.4,446.9,0.02511,0.0277,2249.2,-449.5,0.08245,0.0357,6001.8,466.1,0.07639,0.0474,4899.7,-479.3,3594.4,-0.0019,-0.0093,-0.0085,51.464,1,293.15,0,2472.9,-0.0038,-0.0093,-0.0085,51.052,1,293.15,0,6203.1,0.0467,-0.0118,0.0000,53.886,1,293.15,0,5086.0,0.1021,-0.0118,0.0000,56.189,1,293.15,0
6.8500,64.6385,11.2771,0.5065,26.262,26.258,5914.6,4,0.066,1.000,0.000,0.000,0,1251.60,3793.54,1866.29,1931.78,-0.02,4542.89,0.03102,0.0135,3374.4,394.9,0.02568,0.0388,2375.2,-404.9,0.08279,0.0144,5879.1,428.8,0.07712,0.0410,4947.1,-429.0,3588.6,-0.0019,-0.0090,-0.0077,51.739,1,293.15,0,2580.3,-0.0034,-0.0090,-0.0077,51.422,1,293.15,0,6061.5,0.0420,-0.0096,0.0000,53.957,1,293.15,0,5149.5,0.0822,-0.0097,0.0000,55.530,1,293.15,0
6.8667,65.0734,11.3431,0.5060,26.411,26.406,5871.3,4,0.066,1.000,0.000,0.000,0,1265.78,3836.75,1888.01,1952.66,-0.01,4586.30,0.03132,0.0210,3381.7,353.4,0.02649,0.0556,2537.3,-362.3,0.08290,0.0003,5763.5,373.7,0.07781,0.0380,5023.8,-363.1,3584.4,-0.0018,-0.0086,-0.0069,51.989,1,293.15,0,2764.8,-0.0029,-0.0086,-0.0069,51.765,1,293.15,0,5926.2,0.0385,-0.0076,0.0000,54.038,1,293.15,0,5219.2,0.0634,-0.0076,0.0000,54.978,1,293.15,0
6.8833,65.5105,11.4087,0.5056,26.535,26.531,5845.3,4,0.066,1.000,0.000,0.000,0,1277.76,3873.32,1906.45,1970.17,-0.01,4621.92,0.03181,0.0346,3410.0,296.0,0.02756,0.0687,2701.3,-316.3,0.08273,-0.0191,5612.1,316.0,0.07823,0.0192,5014.6,-302.4,3634.8,-0.0017,-0.0079,-0.0063,52.211,1,293.15,0,2911.9,-0.0024,-0.0079,-0.0063,52.041,1,293.15,0,5785.9,0.0350,-0.0060,0.0000,54.091,1,293.15,0,5191.0,0.0506,-0.0060,0.0000,54.664,1,293.15,0
6.9000,65.9494,11.4740,0.5051,26.639,26.635,5837.1,4,0.066,1.000,0.000,0.000,0,1287.79,3904.01,1922.00,1984.71,-0.01,4650.78,0.03256,0.0543,3481.7,241.3,0.02894,0.0904,2920.6,-269.6,0.08217,-0.0397,5442.1,257.9,0.07834,-0.0011,4990.3,-238.1,3710.9,-0.0016,-0.0070,-0.0057,52.401,1,293.15,0,3130.1,-0.0020,-0.0070,-0.0057,52.267,1,293.15,0,5618.0,0.0331,-0.0049,0.0000,54.204,1,293.15,0,5155.5,0.0429,-0.0049,0.0000,54.546,1,293.15,0
6.9167,66.3899,11.5391,0.5047,26.729,26.726,5840.0,4,0.066,1.000,0.000,0.000,0,1296.55,3930.89,1935.64,1997.36,-0.00,4675.59,0.03361,0.0698,3567.2,202.3,0.03057,0.1000,3092.8,-231.7,0.08133,-0.0550,5302.4,215.4,0.07814,-0.0195,4948.1,-190.1,3783.5,-0.0015,-0.0061,-0.0051,52.571,1,293.15,0,3290.8,-0.0018,-0.0061,-0.0051,52.455,1,293.15,0,5476.7,0.0323,-0.0041,0.0000,54.347,1,293.15,0,5127.6,0.0388,-0.0041,0.0000,54.552,1,293.15,0
6.9333,66.8319,11.6041,0.5044,26.811,26.808,5850.1,4,0.066,1.000,0.000,0.000,0,1304.50,3955.29,1948.02,2008.85,-0.00,4698.14,0.03492,0.0815,3671.9,184.3,0.03231,0.1071,3243.4,-209.6,0.08026,-0.0667,5175.1,177.5,0.07757,-0.0428,4858.6,-154.0,3862.7,-0.0014,-0.0052,-0.0046,52.728,1,293.15,0,3450.4,-0.0017,-0.0052,-0.0046,52.623,1,293.15,0,5367.9,0.0322,-0.0035,0.0000,54.508,1,293.15,0,5019.2,0.0369,-0.0035,0.0000,54.645,1,293.15,0
6.9500,67.2751,11.6688,0.5041,26.888,26.885,5864.1,4,0.066,1.000,0.000,0.000,0,1311.99,3978.31,1959.67,2019.75,-0.00,4719.87,0.03638,0.0886,3760.1,163.0,0.03412,0.1106,3379.6,-188.6,0.07903,-0.0778,5063.7,159.0,0.07679,-0.0509,4824.2,-123.8,3944.2,-0.0013,-0.0044,-0.0042,52.878,1,293.15,0,3587.6,-0.0016,-0.0044,-0.0042,52.779,1,293.15,0,5230.7,0.0325,-0.0031,0.0000,54.685,1,293.15,0,5027.7,0.0361,-0.0031,0.0000,54.765,1,293.15,0
6.9667,67.7197,11.7335,0.5038,26.962,26.960,5880.3,4,0.067,1.000,0.000,0.000,0,1319.23,4000.50,1970.86,2030.36,-0.00,4741.62,0.03791,0.0898,3823.4,138.7,0.03597,0.1120,3513.3,-162.2,0.07770,-0.0793,4968.0,116.2,0.07582,-0.0607,4770.6,-98.2,3999.4,-0.0013,-0.0037,-0.0038,53.022,1,293.15,0,3717.6,-0.0015,-0.0037,-0.0038,52.929,1,293.15,0,5191.5,0.0331,-0.0028,0.0000,54.864,1,293.15,0,4954.5,0.0359,-0.0028,0.0000,54.911,1,293.15,0
6.9833,68.1655,11.7980,0.5036,27.034,27.033,5897.4,4,0.067,1.000,0.000,0.000,0,1326.36,4022.33,1981.81,2040.95,-0.00,4764.09,0.03944,0.0890,3883.5,122.0,0.03775,0.1047,3595.3,-144.8,0.07636,-0.0804,4915.1,115.9,0.07474,-0.0683,4710.0,-84.6,4057.9,-0.0012,-0.0032,-0.0034,53.166,1,293.15,0,3788.0,-0.0014,-0.0032,-0.0034,53.073,1,293.15,0,5097.1,0.0336,-0.0025,0.0000,55.043,1,293.15,0,4892.1,0.0361,-0.0025,0.0000,55.075,1,293.15,0
7.0000,68.6124,11.8625,0.5035,27.106,27.105,5915.2,4,0.067,1.000,0.000,0.000,0,1333.41,4043.86,1992.55,2051.55,-0.00,4787.37,0.04086,0.0820,3913.3,107.7,0.03936,0.0943,3649.8,-130.8,0.07502,-0.0817,4850.4,106.2,0.07361,-0.0684,4680.7,-71.9,4096.2,-0.0012,-0.0027,-0.0031,53.307,1,293.15,0,3839.9,-0.0014,-0.0027,-0.0031,53.215,1,293.15,0,5024.4,0.0343,-0.0024,0.0000,55.223,1,293.15,0,4883.4,0.0364,-0.0024,0.0000,55.238,1,293.15,0
7.0167,69.0607,11.9270,0.5035,27.178,27.176,5932.9,4,0.067,1.000,0.000,0.000,0,1340.47,4065.33,2003.19,2062.28,-0.00,4811.69,0.04216,0.0731,3932.2,97.9,0.04080,0.0801,3677.1,-117.1,0.07375,-0.0784,4810.1,97.3,0.07249,-0.0634,4667.0,-66.1,4112.1,-0.0013,-0.0023,-0.0028,53.450,1,293.15,0,3848.3,-0.0014,-0.0023,-0.0028,53.356,1,293.15,0,4990.3,0.0348,-0.0023,0.0000,55.395,1,293.15,0,4892.3,0.0368,-0.0023,0.0000,55.401,1,293.15,0
7.0333,69.5101,11.9914,0.5035,27.249,27.248,5950.5,4,0.067,1.000,0.000,0.000,0,1347.53,4086.77,2013.76,2073.16,-0.00,4837.00,0.04328,0.0675,3952.7,85.4,0.04204,0.0693,3700.3,-111.9,0.07254,-0.0692,4786.5,77.6,0.07141,-0.0611,4638.9,-63.4,4161.7,-0.0013,-0.0021,-0.0025,53.593,1,293.15,0,3873.3,-0.0014,-0.0021,-0.0025,53.499,1,293.15,0,5011.1,0.0354,-0.0021,0.0000,55.563,1,293.15,0,4851.0,0.0371,-0.0021,0.0000,55.566,1,293.15,0
7.0500,69.9607,12.0558,0.5036,27.321,27.320,5967.5,4,0.067,1.000,0.000,0.000,0,1354.69,4108.43,2024.38,2084.26,-0.00,4863.43,0.04420,0.0524,3921.8,73.3,0.04308,0.0586,3724.6,-93.9,0.07147,-0.0606,4770.8,64.0,0.07042,-0.0604,4611.7,-55.2,4128.0,-0.0013,-0.0018,-0.0023,53.734,1,293.15,0,3901.7,-0.0013,-0.0018,-0.0023,53.643,1,293.15,0,5003.9,0.0357,-0.0020,0.0000,55.720,1,293.15,0,4779.9,0.0373,-0.0020,0.0000,55.739,1,293.15,0
7.0667,70.4125,12.1203,0.5037,27.393,27.393,5984.4,4,0.067,1.000,0.000,0.000,0,1361.84,4130.06,2034.95,2095.45,-0.00,4890.52,0.04495,0.0393,3912.3,82.6,0.04391,0.0461,3720.2,-86.3,0.07050,-0.0500,4782.5,65.3,0.06951,-0.0541,4596.3,-64.0,4078.4,-0.0013,-0.0016,-0.0021,53.870,1,293.15,0,3908.0,-0.0014,-0.0016,-0.0021,53.789,1,293.15,0,5028.0,0.0360,-0.0019,0.0000,55.880,1,293.15,0,4784.0,0.0376,-0.0020,0.0000,55.893,1,293.15,0
7.0833,70.8656,12.1847,0.5038,27.466,27.466,6000.6,4,0.067,1.000,0.000,0.000,0,1369.10,4151.97,2045.63,2106.86,-0.00,4918.45,0.04553,0.0301,3894.4,75.8,0.04455,0.0351,3710.1,-81.4,0.06967,-0.0411,4788.6,63.4,0.06875,-0.0466,4603.0,-61.3,4076.4,-0.0013,-0.0015,-0.0019,54.010,1,293.15,0,3902.8,-0.0014,-0.0015,-0.0019,53.935,1,293.15,0,5021.9,0.0361,-0.0019,0.0000,56.030,1,293.15,0,4784.8,0.0377,-0.0019,0.0000,56.051,1,293.15,0
7.1000,71.3199,12.2492,0.5039,27.539,27.538,6016.7,4,0.068,1.000,0.000,0.000,0,1376.37,4173.91,2056.31,2118.33,-0.00,4946.75,0.04593,0.0224,3870.9,65.8,0.04501,0.0223,3683.7,-75.4,0.06893,-0.0352,4773.3,50.6,0.06810,-0.0396,4613.9,-55.8,4074.0,-0.0013,-0.0014,-0.0017,54.154,1,293.15,0,3861.3,-0.0014,-0.0014,-0.0017,54.078,1,293.15,0,5023.7,0.0364,-0.0018,0.0000,56.182,1,293.15,0,4797.7,0.0376,-0.0018,0.0000,56.202,1,293.15,0
7.1167,71.7754,12.3137,0.5040,27.613,27.612,6032.0,4,0.068,1.000,0.000,0.000,0,1383.74,4196.17,2067.13,2129.98,-0.00,4975.58,0.04619,0.0081,3821.9,65.8,0.04534,0.0173,3694.6,-59.6,0.06835,-0.0358,4744.1,47.2,0.06760,-0.0259,4674.1,-37.1,3989.5,-0.0013,-0.0013,-0.0015,54.292,1,293.15,0,3891.0,-0.0014,-0.0013,-0.0015,54.227,1,293.15,0,4946.0,0.0362,-0.0017,0.0000,56.341,1,293.15,0,4871.7,0.0376,-0.0017,0.0000,56.337,1,293.15,0
7.1333,72.2321,12.3783,0.5042,27.686,27.685,6047.3,4,0.068,1.000,0.000,0.000,0,1391.10,4218.40,2077.94,2141.62,-0.00,5004.38,0.04637,0.0089,3835.8,67.5,0.04553,0.0048,3644.1,-65.1,0.06787,-0.0237,4780.9,48.5,0.06719,-0.0213,4666.3,-49.4,4014.9,-0.0013,-0.0012,-0.0014,54.435,1,293.15,0,3808.8,-0.0014,-0.0012,-0.0014,54.370,1,293.15,0,5005.2,0.0363,-0.0016,0.0000,56.476,1,293.15,0,4880.7,0.0375,-0.0016,0.0000,56.488,1,293.15,0
7.1500,72.6901,12.4429,0.5043,27.760,27.759,6062.0,4,0.068,1.000,0.000,0.000,0,1398.55,4240.93,2088.90,2153.39,-0.00,5033.39,0.04640,0.0011,3793.2,56.8,0.04564,0.0074,3674.3,-51.6,0.06756,-0.0244,4771.8,55.3,0.06687,-0.0162,4685.8,-39.6,3971.7,-0.0013,-0.0011,-0.0012,54.576,1,293.15,0,3863.8,-0.0014,-0.0011,-0.0012,54.518,1,293.15,0,4944.1,0.0360,-0.0015,0.0000,56.623,1,293.15,0,4888.5,0.0374,-0.0015,0.0000,56.631,1,293.15,0
7.1667,73.1493,12.5076,0.5044,27.834,27.833,6076.6,4,0.068,1.000,0.000,0.000,0,1406.02,4263.52,2099.91,2165.15,-0.00,5062.20,0.04635,-0.0033,3769.9,54.8,0.04562,-0.0019,3631.0,-54.1,0.06733,-0.0128,4814.1,54.4,0.06669,-0.0089,4705.5,-45.6,3967.6,-0.0013,-0.0010,-0.0011,54.721,1,293.15,0,3821.3,-0.0014,-0.0010,-0.0011,54.666,1,293.15,0,4995.8,0.0358,-0.0014,0.0000,56.758,1,293.15,0,4912.4,0.0371,-0.0014,0.0000,56.768,1,293.15,0
7.1833,73.6097,12.5724,0.5045,27.908,27.908,6090.8,4,0.068,1.000,0.000,0.000,0,1413.53,4286.26,2111.02,2176.93,-0.00,5090.83,0.04627,-0.0083,3747.6,58.3,0.04557,-0.0099,3598.6,-49.6,0.06721,-0.0011,4849.4,42.0,0.06663,-0.0022,4731.5,-47.5,3924.9,-0.0014,-0.0009,-0.0010,54.864,1,293.15,0,3777.9,-0.0014,-0.0009,-0.0010,54.814,1,293.15,0,5064.6,0.0356,-0.0013,0.0000,56.890,1,293.15,0,4929.4,0.0367,-0.0013,0.0000,56.902,1,293.15,0
7.2000,74.0714,12.6372,0.5045,27.982,27.982,6105.1,4,0.068,1.000,0.000,0.000,0,1421.02,4308.95,2122.12,2188.63,-0.00,5119.02,0.04616,-0.0076,3728.1,40.9,0.04552,-0.0085,3618.5,-33.2,0.06714,-0.0083,4818.4,45.8,0.06659,0.0009,4753.0,-38.2,3908.0,-0.0013,-0.0009,-0.0009,55.005,1,293.15,0,3763.3,-0.0014,-0.0009,-0.0009,54.958,1,293.15,0,4999.1,0.0355,-0.0012,0.0000,57.038,1,293.15,0,4972.3,0.0365,-0.0012,0.0000,57.037,1,293.15,0
7.2167,74.5344,12.7021,0.5046,28.056,28.056,6119.1,4,0.068,1.000,0.000,0.000,0,1428.89,4332.40,2133.91,2200.37,-0.00,5145.78,0.04602,-0.0012,3749.6,41.5,0.04544,0.0019,3645.1,-47.5,0.06719,0.0047,4877.3,44.9,0.06665,0.0016,4751.9,-45.1,3966.2,-0.0013,-0.0008,-0.0008,55.151,1,293.15,0,3856.1,-0.0014,-0.0008,-0.0008,55.109,1,293.15,0,5069.2,0.0352,-0.0012,0.0000,57.166,1,293.15,0,4940.0,0.0361,-0.0012,0.0000,57.176,1,293.15,0
7.2333,74.9985,12.7671,0.5046,28.130,28.130,6133.2,4,0.069,1.000,0.000,0.000,0,1436.85,4355.99,2145.88,2212.02,-0.00,5171.62,0.04584,-0.0028,3725.3,33.4,0.04532,0.0067,3654.2,-53.3,0.06726,0.0124,4903.4,33.1,0.06677,0.0050,4771.6,-45.6,3988.0,-0.0013,-0.0008,-0.0007,55.297,1,293.15,0,3926.1,-0.0014,-0.0008,-0.0007,55.259,1,293.15,0,5126.6,0.0350,-0.0011,0.0000,57.296,1,293.15,0,4947.8,0.0357,-0.0011,0.0000,57.311,1,293.15,0
7.2500,75.4639,12.8322,0.5046,28.204,28.203,6147.4,4,0.069,1.000,0.000,0.000,0,1444.78,4379.52,2157.85,2223.56,-0.00,5196.93,0.04565,-0.0196,3642.2,31.7,0.04516,-0.0125,3582.8,-33.7,0.06737,0.0040,4876.9,40.3,0.06691,0.0114,4812.9,-38.6,3865.8,-0.0014,-0.0007,-0.0007,55.439,1,293.15,0,3807.2,-0.0014,-0.0007,-0.0007,55.402,1,293.15,0,5063.6,0.0348,-0.0010,0.0000,57.442,1,293.15,0,5039.1,0.0355,-0.0010,0.0000,57.440,1,293.15,0
7.2667,75.9305,12.8974,0.5045,28.277,28.277,6161.3,4,0.069,1.000,0.000,0.000,0,1452.78,4403.22,2169.95,2235.12,-0.00,5221.86,0.04561,-0.0216,3645.6,45.9,0.04511,-0.0226,3563.5,-7.2,0.06754,0.0186,4933.5,23.5,0.06712,0.0112,4816.0,-43.5,3741.0,-0.0014,-0.0007,-0.0006,55.574,1,293.15,0,3675.0,-0.0015,-0.0007,-0.0006,55.544,1,293.15,0,5173.7,0.0345,-0.0009,0.0000,57.563,1,293.15,0,4996.2,0.0352,-0.0009,0.0000,57.580,1,293.15,0
7.2833,76.3983,12.9626,0.5044,28.350,28.350,6175.6,4,0.069,1.000,0.000,0.000,0,1460.70,4426.72,2181.98,2246.50,-0.00,5246.07,0.04559,0.0071,3746.2,23.9,0.04514,-0.0029,3639.5,-17.2,0.06770,0.0100,4909.5,32.1,0.06730,0.0139,4839.1,-39.7,3913.6,-0.0013,-0.0006,-0.0006,55.720,1,293.15,0,3729.0,-0.0014,-0.0006,-0.0006,55.686,1,293.15,0,5119.5,0.0344,-0.0009,0.0000,57.711,1,293.15,0,5064.2,0.0350,-0.0009,0.0000,57.710,1,293.15,0
7.3000,76.8674,13.0280,0.5044,28.423,28.423,6189.6,4,0.069,1.000,0.000,0.000,0,1468.68,4450.40,2194.12,2257.90,-0.00,5269.98,0.04546,0.0172,3776.4,16.6,0.04510,0.0230,3709.3,-57.0,0.06788,0.0147,4924.8,19.0,0.06755,0.0160,4867.3,-31.1,4083.7,-0.0013,-0.0006,-0.0005,55.867,1,293.15,0,3997.0,-0.0013,-0.0006,-0.0005,55.840,1,293.15,0,5144.2,0.0341,-0.0008,0.0000,57.843,1,293.15,0,5068.6,0.0347,-0.0008,0.0000,57.847,1,293.15,0
7.3167,77.3376,13.0935,0.5042,28.496,28.496,6203.5,4,0.069,1.000,0.000,0.000,0,1476.66,4474.11,2206.30,2269.27,-0.00,5293.61,0.04533,-0.0159,3639.9,29.7,0.04497,-0.0046,3601.4,-39.8,0.06814,0.0120,4931.5,27.4,0.06778,0.0129,4861.9,-31.5,3885.6,-0.0014,-0.0005,-0.0004,56.009,1,293.15,0,3891.7,-0.0014,-0.0005,-0.0004,55.987,1,293.15,0,5127.9,0.0339,-0.0007,0.0000,57.981,1,293.15,0,5056.9,0.0344,-0.0007,0.0000,57.984,1,293.15,0
7.3333,77.8091,13.1591,0.5041,28.569,28.568,6217.7,4,0.069,1.000,0.000,0.000,0,1484.61,4497.71,2218.45,2280.51,-0.00,5316.65,0.04544,-0.0164,3666.3,52.5,0.04505,-0.0177,3582.1,-6.9,0.06831,0.0100,4920.4,18.6,0.06801,0.0155,4896.7,-17.8,3734.1,-0.0014,-0.0005,-0.0004,56.141,1,293.15,0,3713.8,-0.0015,-0.0005,-0.0004,56.124,1,293.15,0,5103.6,0.0337,-0.0007,0.0000,58.123,1,293.15,0,5083.8,0.0341,-0.0007,0.0000,58.116,1,293.15,0
7.3500,78.2817,13.2249,0.5040,28.641,28.640,6231.8,4,0.069,1.000,0.000,0.000,0,1492.55,4521.32,2230.64,2291.70,-0.00,5339.32,0.04555,0.0247,3810.9,14.3,0.04521,0.0050,3671.3,-23.4,0.06853,0.0119,4938.1,18.8,0.06826,0.0130,4892.8,-20.6,4010.0,-0.0013,-0.0004,-0.0004,56.289,1,293.15,0,3755.1,-0.0013,-0.0004,-0.0004,56.263,1,293.15,0,5127.5,0.0336,-0.0006,0.0000,58.252,1,293.15,0,5077.8,0.0339,-0.0006,0.0000,58.259,1,293.15,0
7.3667,78.7556,13.2907,0.5038,28.713,28.712,6245.9,4,0.069,1.000,0.000,0.000,0,1500.49,4544.93,2242.84,2302.86,-0.00,5361.77,0.04549,0.0223,3774.1,-8.9,0.04527,0.0309,3764.5,-44.7,0.06876,0.0123,4954.6,24.3,0.06850,0.0152,4907.3,-25.6,4118.3,-0.0013,-0.0004,-0.0003,56.434,1,293.15,0,4055.1,-0.0012,-0.0004,-0.0003,56.412,1,293.15,0,5141.8,0.0334,-0.0006,0.0000,58.386,1,293.15,0,5116.9,0.0337,-0.0006,0.0000,58.393,1,293.15,0
7.3833,79.2306,13.3567,0.5037,28.785,28.784,6260.1,4,0.070,1.000,0.000,0.000,0,1508.41,4568.51,2255.03,2313.98,-0.00,5384.04,0.04549,-0.0232,3610.9,24.0,0.04523,-0.0089,3623.3,-12.1,0.06893,0.0083,4936.8,17.5,0.06871,0.0100,4903.2,-14.6,3793.6,-0.0015,-0.0004,-0.0003,56.568,1,293.15,0,3868.1,-0.0014,-0.0004,-0.0003,56.555,1,293.15,0,5115.0,0.0333,-0.0005,0.0000,58.531,1,293.15,0,5085.6,0.0336,-0.0005,0.0000,58.531,1,293.15,0
7.4000,79.7068,13.4228,0.5035,28.856,28.855,6274.2,4,0.070,1.000,0.000,0.000,0,1516.33,4592.09,2267.24,2325.05,-0.00,5405.98,0.04581,-0.0042,3731.4,47.0,0.04551,-0.0129,3642.7,10.8,0.06914,0.0119,4955.4,12.0,0.06893,0.0118,4919.6,-15.2,3747.2,-0.0013,-0.0003,-0.0003,56.699,1,293.15,0,3700.2,-0.0014,-0.0003,-0.0003,56.688,1,293.15,0,5149.0,0.0332,-0.0005,0.0000,58.661,1,293.15,0,5098.5,0.0334,-0.0005,0.0000,58.669,1,293.15,0
7.4167,80.1842,13.4890,0.5033,28.927,28.926,6288.3,4,0.070,1.000,0.000,0.000,0,1524.24,4615.67,2279.47,2336.10,-0.00,5427.72,0.04592,0.0428,3881.3,-11.5,0.04577,0.0412,3846.9,-31.3,0.06933,0.0124,4964.7,11.2,0.06915,0.0161,4947.1,-15.7,4169.0,-0.0012,-0.0003,-0.0002,56.849,1,293.15,0,4053.4,-0.0012,-0.0003,-0.0002,56.835,1,293.15,0,5162.0,0.0330,-0.0004,0.0000,58.797,1,293.15,0,5145.7,0.0332,-0.0004,0.0000,58.799,1,293.15,0
7.4333,80.6628,13.5553,0.5031,28.998,28.997,6302.4,4,0.070,1.000,0.000,0.000,0,1532.15,4639.25,2291.69,2347.15,-0.00,5449.57,0.04586,0.0015,3717.6,5.9,0.04568,0.0153,3709.0,-53.1,0.06952,0.0095,4961.8,14.4,0.06932,0.0045,4901.6,-16.0,4063.3,-0.0014,-0.0003,-0.0002,56.995,1,293.15,0,4077.4,-0.0014,-0.0003,-0.0002,56.982,1,293.15,0,5153.2,0.0329,-0.0004,0.0000,58.939,1,293.15,0,5071.1,0.0331,-0.0004,0.0000,58.941,1,293.15,0
7.4500,81.1425,13.6218,0.5030,29.068,29.067,6316.6,4,0.070,1.000,0.000,0.000,0,1540.04,4662.78,2303.90,2358.15,-0.00,5471.20,0.04615,-0.0200,3671.0,38.1,0.04592,-0.0232,3624.5,16.5,0.06967,0.0110,4967.8,7.4,0.06953,0.0137,4954.3,-12.5,3713.9,-0.0014,-0.0003,-0.0002,57.117,1,293.15,0,3719.0,-0.0015,-0.0003,-0.0002,57.109,1,293.15,0,5168.6,0.0328,-0.0004,0.0000,59.070,1,293.15,0,5151.7,0.0329,-0.0004,0.0000,59.072,1,293.15,0
7.4667,81.6234,13.6884,0.5028,29.138,29.137,6330.6,4,0.070,1.000,0.000,0.000,0,1547.92,4686.33,2316.13,2369.14,-0.00,5492.69,0.04647,0.0424,3924.9,6.8,0.04630,0.0285,3836.0,-13.9,0.06984,0.0054,4959.9,18.2,0.06968,0.0047,4920.7,-11.6,4098.6,-0.0012,-0.0002,-0.0002,57.258,1,293.15,0,3936.1,-0.0013,-0.0002,-0.0002,57.248,1,293.15,0,5129.3,0.0327,-0.0003,0.0000,59.213,1,293.15,0,5105.5,0.0329,-0.0003,0.0000,59.212,1,293.15,0
7.4833,82.1055,13.7552,0.5026,29.208,29.207,6344.8,4,0.070,1.000,0.000,0.000,0,1555.81,4709.88,2328.35,2380.14,-0.00,5514.29,0.04639,0.0235,3809.9,-22.9,0.04630,0.0335,3820.9,-50.4,0.06999,0.0122,4984.0,5.6,0.06985,0.0100,4950.5,-12.5,4215.8,-0.0013,-0.0002,-0.0002,57.409,1,293.15,0,4167.2,-0.0012,-0.0002,-0.0002,57.392,1,293.15,0,5189.5,0.0325,-0.0003,0.0000,59.342,1,293.15,0,5129.8,0.0328,-0.0003,0.0000,59.346,1,293.15,0
7.5000,82.5887,13.8221,0.5025,29.278,29.277,6358.9,4,0.070,1.000,0.000,0.000,0,1563.65,4733.31,2340.51,2391.09,-0.00,5535.82,0.04660,-0.0260,3657.8,28.3,0.04642,-0.0225,3647.0,11.3,0.07011,0.0057,4961.0,7.3,0.06999,0.0056,4936.7,-11.9,3754.9,-0.0015,-0.0002,-0.0001,57.531,1,293.15,0,3801.2,-0.0014,-0.0002,-0.0001,57.524,1,293.15,0,5166.0,0.0326,-0.0003,0.0000,59.480,1,293.15,0,5134.8,0.0327,-0.0003,0.0000,59.486,1,293.15,0
7.5167,83.0731,13.8891,0.5023,29.348,29.347,6372.7,4,0.070,1.000,0.000,0.000,0,1571.56,4756.97,2352.80,2402.13,-0.00,5557.44,0.04696,0.0174,3856.3,22.3,0.04680,0.0029,3777.9,14.0,0.07028,0.0105,4987.5,5.6,0.07016,0.0071,4952.7,-9.3,3918.0,-0.0012,-0.0002,-0.0001,57.665,1,293.15,0,3816.3,-0.0013,-0.0002,-0.0001,57.657,1,293.15,0,5184.5,0.0324,-0.0002,0.0000,59.609,1,293.15,0,5125.4,0.0325,-0.0002,0.0000,59.621,1,293.15,0
7.5333,83.5586,13.9563,0.5021,29.417,29.416,6386.8,4,0.071,1.000,0.000,0.000,0,1579.41,4780.43,2364.99,2413.08,-0.00,5578.93,0.04705,0.0403,3918.5,-18.8,0.04701,0.0438,3916.9,-33.6,0.07039,0.0055,4971.2,7.4,0.07029,0.0096,4971.1,-7.5,4239.4,-0.0012,-0.0002,-0.0001,57.812,1,293.15,0,4180.3,-0.0012,-0.0002,-0.0001,57.804,1,293.15,0,5162.2,0.0324,-0.0002,0.0000,59.750,1,293.15,0,5174.8,0.0324,-0.0002,0.0000,59.750,1,293.15,0
7.5500,84.0452,14.0236,0.5020,29.486,29.485,6400.8,4,0.071,1.000,0.000,0.000,0,1587.27,4803.94,2377.19,2424.07,-0.00,5600.62,0.04707,-0.0005,3765.2,3.1,0.04702,0.0211,3811.5,-41.4,0.07050,0.0076,4981.9,4.4,0.07044,0.0085,4971.0,-8.3,4084.8,-0.0014,-0.0002,-0.0001,57.952,1,293.15,0,4208.6,-0.0013,-0.0002,-0.0001,57.948,1,293.15,0,5182.6,0.0322,-0.0002,0.0000,59.886,1,293.15,0,5172.7,0.0324,-0.0002,0.0000,59.882,1,293.15,0
7.5667,84.5330,14.0910,0.5018,29.554,29.554,6414.8,4,0.071,1.000,0.000,0.000,0,1595.11,4827.40,2389.37,2435.03,-0.00,5622.22,0.04737,-0.0208,3738.1,48.9,0.04719,-0.0210,3695.9,16.2,0.07065,0.0105,5008.3,11.8,0.07055,0.0110,4974.1,-20.7,3748.2,-0.0014,-0.0001,-0.0001,58.070,1,293.15,0,3816.3,-0.0014,-0.0001,-0.0001,58.069,1,293.15,0,5221.9,0.0321,-0.0002,0.0000,60.017,1,293.15,0,5201.8,0.0323,-0.0002,0.0000,60.013,1,293.15,0
7.5833,85.0219,14.1586,0.5017,29.623,29.622,6428.5,4,0.071,1.000,0.000,0.000,0,1602.99,4850.97,2401.62,2446.05,-0.00,5643.91,0.04767,0.0370,3950.2,-3.1,0.04757,0.0155,3851.0,-4.8,0.07077,0.0031,4975.0,7.5,0.07068,0.0065,4975.3,-4.3,4132.1,-0.0012,-0.0001,-0.0001,58.212,1,293.15,0,3918.2,-0.0012,-0.0001,-0.0001,58.201,1,293.15,0,5157.8,0.0321,-0.0002,0.0000,60.153,1,293.15,0,5172.0,0.0321,-0.0002,0.0000,60.153,1,293.15,0
7.6000,85.5120,14.2263,0.5015,29.692,29.691,6442.3,4,0.071,1.000,0.000,0.000,0,1610.86,4874.49,2413.83,2457.04,-0.00,5665.62,0.04768,0.0364,3921.2,-29.9,0.04768,0.0393,3925.0,-38.5,0.07084,0.0044,4978.0,1.8,0.07080,0.0052,4983.7,5.4,4297.7,-0.0012,-0.0001,-0.0001,58.351,1,293.15,0,4216.1,-0.0012,-0.0001,-0.0001,58.344,1,293.15,0,5146.6,0.0319,-0.0001,0.0000,60.291,1,293.15,0,5150.5,0.0320,-0.0001,0.0000,60.285,1,293.15,0
7.6167,86.0032,14.2942,0.5014,29.760,29.759,6456.2,4,0.071,1.000,0.000,0.000,0,1618.69,4897.92,2425.99,2468.00,-0.00,5687.32,0.04775,-0.0144,3750.6,15.2,0.04770,0.0052,3800.1,-17.7,0.07098,0.0101,5020.0,12.3,0.07090,0.0083,4979.2,-17.1,3970.4,-0.0014,-0.0001,-0.0001,58.484,1,293.15,0,4128.9,-0.0014,-0.0001,-0.0001,58.485,1,293.15,0,5220.6,0.0318,-0.0001,0.0000,60.413,1,293.15,0,5192.7,0.0320,-0.0001,0.0000,60.419,1,293.15,0
7.6333,86.4955,14.3622,0.5013,29.828,29.827,6469.7,4,0.071,1.000,0.000,0.000,0,1626.56,4921.47,2438.22,2479.02,-0.00,5709.13,0.04809,0.0000,3838.5,24.4,0.04796,-0.0133,3767.5,17.3,0.07108,0.0025,4977.3,0.6,0.07103,0.0031,4983.9,6.0,3901.2,-0.0013,-0.0001,-0.0001,58.607,1,293.15,0,3825.8,-0.0013,-0.0001,-0.0001,58.604,1,293.15,0,5149.9,0.0318,-0.0001,0.0000,60.553,1,293.15,0,5149.5,0.0318,-0.0001,0.0000,60.554,1,293.15,0
7.6500,86.9889,14.4304,0.5011,29.895,29.894,6483.5,4,0.071,1.000,0.000,0.000,0,1634.38,4944.91,2450.39,2489.97,-0.00,5730.75,0.04824,0.0306,3937.9,-15.6,0.04824,0.0311,3952.6,-2.7,0.07120,0.0069,5016.6,14.9,0.07113,0.0059,4982.7,-11.6,4160.2,-0.0013,-0.0001,-0.0001,58.750,1,293.15,0,4125.2,-0.0012,-0.0001,-0.0001,58.743,1,293.15,0,5195.0,0.0316,-0.0001,0.0000,60.683,1,293.15,0,5187.1,0.0318,-0.0001,0.0000,60.681,1,293.15,0
7.6667,87.4835,14.4987,0.5010,29.963,29.962,6497.2,4,0.071,1.000,0.000,0.000,0,1642.20,4968.31,2462.55,2500.92,-0.00,5752.46,0.04826,0.0191,3884.0,-20.8,0.04826,0.0302,3916.4,-36.0,0.07129,0.0079,5009.4,-0.4,0.07126,0.0069,4993.7,-10.5,4241.6,-0.0012,-0.0001,-0.0001,58.884,1,293.15,0,4247.2,-0.0011,-0.0001,-0.0001,58.875,1,293.15,0,5232.3,0.0316,-0.0001,0.0000,60.808,1,293.15,0,5203.9,0.0316,-0.0001,0.0000,60.816,1,293.15,0
7.6833,87.9791,14.5671,0.5009,30.030,30.029,6510.6,4,0.072,1.000,0.000,0.000,0,1650.06,4991.85,2474.77,2511.94,-0.00,5774.35,0.04838,-0.0236,3762.7,36.6,0.04831,-0.0095,3778.2,-4.9,0.07142,0.0094,5018.6,-3.1,0.07140,0.0108,5018.5,-8.3,3882.8,-0.0014,-0.0001,-0.0000,59.009,1,293.15,0,4048.7,-0.0014,-0.0001,-0.0000,59.014,1,293.15,0,5241.1,0.0315,-0.0001,0.0000,60.942,1,293.15,0,5229.9,0.0315,-0.0001,0.0000,60.937,1,293.15,0
7.7000,88.4759,14.6357,0.5007,30.097,30.096,6524.3,4,0.072,1.000,0.000,0.000,0,1657.87,5015.24,2486.92,2522.87,-0.00,5795.93,0.04870,0.0118,3897.3,2.9,0.04865,-0.0038,3851.1,27.0,0.07153,0.0078,5032.5,14.0,0.07148,0.0081,5001.1,-16.6,3985.1,-0.0012,-0.0001,-0.0000,59.137,1,293.15,0,3875.3,-0.0013,-0.0001,-0.0000,59.132,1,293.15,0,5228.8,0.0313,-0.0001,0.0000,61.070,1,293.15,0,5229.6,0.0315,-0.0001,0.0000,61.073,1,293.15,0
7.7167,88.9737,14.7045,0.5006,30.164,30.163,6537.6,4,0.072,1.000,0.000,0.000,0,1665.73,5038.78,2499.16,2533.86,-0.00,5817.65,0.04876,0.0352,3970.2,-27.9,0.04880,0.0406,4001.7,-21.8,0.07162,0.0061,5013.2,-0.8,0.07159,0.0020,4993.8,-0.9,4287.9,-0.0012,-0.0001,-0.0000,59.279,1,293.15,0,4260.2,-0.0012,-0.0001,-0.0000,59.276,1,293.15,0,5208.8,0.0313,-0.0001,0.0000,61.205,1,293.15,0,5164.0,0.0314,-0.0001,0.0000,61.206,1,293.15,0
7.7333,89.4727,14.7734,0.5005,30.231,30.230,6550.9,4,0.072,1.000,0.000,0.000,0,1673.58,5062.30,2511.38,2544.86,-0.00,5839.47,0.04874,-0.0156,3786.2,8.8,0.04875,0.0105,3866.2,-24.6,0.07174,0.0064,5008.9,-10.9,0.07173,0.0054,5022.3,7.4,4049.8,-0.0014,-0.0001,-0.0000,59.412,1,293.15,0,4257.9,-0.0013,-0.0001,-0.0000,59.417,1,293.15,0,5209.7,0.0312,-0.0001,0.0000,61.332,1,293.15,0,5182.0,0.0311,-0.0001,0.0000,61.334,1,293.15,0
7.7500,89.9728,14.8424,0.5003,30.297,30.296,6564.4,4,0.072,1.000,0.000,0.000,0,1681.37,5085.68,2523.53,2555.77,-0.00,5861.01,0.04911,-0.0045,3884.9,41.5,0.04896,-0.0273,3749.8,12.0,0.07185,0.0033,5010.2,-0.2,0.07184,0.0084,5034.6,1.9,3914.5,-0.0012,-0.0000,-0.0000,59.529,1,293.15,0,3788.9,-0.0014,-0.0000,-0.0000,59.527,1,293.15,0,5197.6,0.0311,-0.0001,0.0000,61.461,1,293.15,0,5237.4,0.0311,-0.0001,0.0000,61.462,1,293.15,0
7.7667,90.4740,14.9116,0.5002,30.363,30.363,6577.8,4,0.072,1.000,0.000,0.000,0,1689.18,5109.11,2535.73,2566.68,-0.00,5882.46,0.04922,0.0399,4022.0,-18.8,0.04929,0.0390,4025.3,-14.3,0.07198,0.0104,5039.7,-7.6,0.07197,0.0134,5052.8,-7.7,4281.8,-0.0012,-0.0000,-0.0000,59.669,1,293.15,0,4237.0,-0.0012,-0.0000,-0.0000,59.668,1,293.15,0,5273.8,0.0310,-0.0001,0.0000,61.583,1,293.15,0,5271.9,0.0310,-0.0001,0.0000,61.585,1,293.15,0
7.7833,90.9762,14.9809,0.5001,30.430,30.429,6590.9,4,0.072,1.000,0.000,0.000,0,1697.02,5132.64,2547.96,2577.67,-0.00,5904.17,0.04916,-0.0026,3838.1,-16.0,0.04917,0.0211,3925.5,-31.6,0.07209,0.0060,5040.5,8.7,0.07206,0.0075,5035.8,-1.6,4189.5,-0.0013,-0.0000,-0.0000,59.805,1,293.15,0,4316.4,-0.0012,-0.0000,-0.0000,59.802,1,293.15,0,5207.6,0.0308,-0.0001,0.0000,61.721,1,293.15,0,5229.4,0.0309,-0.0001,0.0000,61.714,1,293.15,0
7.8000,91.4796,15.0504,0.4999,30.496,30.495,6604.0,4,0.072,1.000,0.000,0.000,0,1704.85,5156.14,2560.19,2588.61,-0.00,5925.72,0.04946,-0.0173,3837.9,33.1,0.04935,-0.0288,3775.0,25.1,0.07221,0.0047,5047.4,17.1,0.07218,0.0046,5028.4,-0.4,3866.6,-0.0013,-0.0000,-0.0000,59.920,1,293.15,0,3839.4,-0.0013,-0.0000,-0.0000,59.918,1,293.15,0,5185.2,0.0306,-0.0001,0.0000,61.843,1,293.15,0,5213.6,0.0309,-0.0001,0.0000,61.850,1,293.15,0
7.8167,91.9840,15.1200,0.4998,30.561,30.560,6617.2,4,0.072,1.000,0.000,0.000,0,1712.64,5179.58,2572.40,2599.50,-0.00,5947.04,0.04967,0.0337,4028.8,-6.4,0.04970,0.0265,4003.0,-2.6,0.07233,0.0037,5046.3,16.0,0.07230,0.0046,5033.3,0.3,4217.9,-0.0012,-0.0000,-0.0000,60.055,1,293.15,0,4152.1,-0.0011,-0.0000,-0.0000,60.049,1,293.15,0,5186.6,0.0306,-0.0001,0.0000,61.977,1,293.15,0,5220.5,0.0307,-0.0001,0.0000,61.971,1,293.15,0
7.8333,92.4895,15.1897,0.4997,30.627,30.626,6630.2,4,0.073,1.000,0.000,0.000,0,1720.46,5203.09,2584.64,2610.44,-0.00,5968.53,0.04966,0.0139,3924.8,-23.9,0.04969,0.0271,3989.0,-18.9,0.07246,0.0104,5076.0,10.2,0.07244,0.0093,5057.6,-2.5,4243.3,-0.0012,-0.0000,-0.0000,60.189,1,293.15,0,4289.9,-0.0011,-0.0000,-0.0000,60.184,1,293.15,0,5236.8,0.0305,-0.0000,0.0000,62.097,1,293.15,0,5241.8,0.0305,-0.0000,0.0000,62.093,1,293.15,0
7.8500,92.9961,15.2597,0.4996,30.691,30.690,6643.8,4,0.073,1.000,0.000,0.000,0,1728.15,5226.21,2596.69,2621.18,-0.00,5989.57,0.04985,-0.0064,3890.8,20.6,0.04980,-0.0095,3850.6,-3.7,0.07253,0.0137,5079.3,-3.8,0.07253,0.0187,5088.1,-18.1,4040.1,-0.0012,-0.0000,-0.0000,60.308,1,293.15,0,4040.6,-0.0013,-0.0000,-0.0000,60.310,1,293.15,0,5331.1,0.0305,-0.0000,0.0000,62.219,1,293.15,0,5347.4,0.0306,-0.0000,0.0000,62.211,1,293.15,0
7.8667,93.5038,15.3297,0.4994,30.756,30.756,6656.5,4,0.073,1.000,0.000,0.000,0,1735.96,5249.72,2608.94,2632.09,-0.00,6010.90,0.05007,0.0177,3986.7,1.7,0.05007,0.0170,3982.6,0.6,0.07263,-0.0047,5003.2,-0.5,0.07261,-0.0011,5029.3,9.8,4156.6,-0.0012,-0.0000,-0.0000,60.437,1,293.15,0,4155.5,-0.0012,-0.0000,-0.0000,60.437,1,293.15,0,5174.9,0.0305,-0.0000,0.0000,62.359,1,293.15,0,5208.7,0.0304,-0.0000,0.0000,62.355,1,293.15,0
7.8833,94.0125,15.3999,0.4993,30.822,30.821,6669.0,4,0.073,1.000,0.000,0.000,0,1743.84,5273.46,2621.32,2643.08,-0.00,6032.36,0.05011,0.0118,3962.7,1.3,0.05012,0.0176,3974.5,-12.4,0.07281,0.0198,5107.3,-13.9,0.07285,0.0166,5109.8,1.3,4182.1,-0.0012,-0.0000,-0.0000,60.567,1,293.15,0,4221.8,-0.0012,-0.0000,-0.0000,60.568,1,293.15,0,5322.9,0.0302,-0.0000,0.0000,62.461,1,293.15,0,5280.1,0.0301,-0.0000,0.0000,62.467,1,293.15,0
7.9000,94.5223,15.4702,0.4992,30.885,30.885,6682.4,4,0.073,1.000,0.000,0.000,0,1751.48,5296.48,2633.32,2653.77,-0.00,6053.27,0.05027,-0.0053,3914.5,19.5,0.05024,-0.0001,3917.7,1.7,0.07289,-0.0012,5030.7,1.4,0.07284,-0.0059,4999.9,-6.2,4048.6,-0.0012,-0.0000,-0.0000,60.687,1,293.15,0,4125.2,-0.0012,-0.0000,-0.0000,60.690,1,293.15,0,5243.9,0.0303,-0.0000,0.0000,62.602,1,293.15,0,5186.6,0.0303,-0.0000,0.0000,62.609,1,293.15,0
7.9167,95.0331,15.5407,0.4990,30.949,30.948,6695.7,4,0.073,1.000,0.000,0.000,0,1759.17,5319.71,2645.46,2664.48,-0.00,6073.93,0.05047,0.0196,4015.3,3.2,0.05046,0.0091,3956.5,-9.6,0.07289,0.0055,5061.7,1.8,0.07291,0.0120,5083.9,-6.1,4211.4,-0.0012,-0.0000,-0.0000,60.819,1,293.15,0,4119.9,-0.0012,-0.0000,-0.0000,60.815,1,293.15,0,5265.8,0.0302,-0.0000,0.0000,62.727,1,293.15,0,5322.2,0.0303,-0.0000,0.0000,62.720,1,293.15,0
7.9333,95.5451,15.6114,0.4989,31.014,31.013,6707.7,4,0.073,1.000,0.000,0.000,0,1767.04,5343.53,2657.90,2675.46,-0.00,6095.14,0.05054,0.0129,3983.0,-3.4,0.05055,0.0136,3972.4,-17.8,0.07307,0.0082,5075.1,-4.0,0.07312,0.0091,5092.4,7.7,4233.4,-0.0012,-0.0000,-0.0000,60.947,1,293.15,0,4218.5,-0.0012,-0.0000,-0.0000,60.948,1,293.15,0,5250.8,0.0300,-0.0000,0.0000,62.844,1,293.15,0,5269.4,0.0299,-0.0000,0.0000,62.846,1,293.15,0
7.9500,96.0580,15.6821,0.4988,31.078,31.077,6720.5,4,0.073,1.000,0.000,0.000,0,1774.75,5366.85,2670.09,2686.20,-0.00,6115.89,0.05072,-0.0004,3938.7,1.6,0.05069,0.0017,3950.4,5.6,0.07321,0.0082,5079.6,-4.7,0.07321,0.0027,5054.4,-4.7,4112.5,-0.0012,-0.0000,-0.0000,61.069,1,293.15,0,4128.7,-0.0012,-0.0000,-0.0000,61.068,1,293.15,0,5297.0,0.0299,-0.0000,0.0000,62.963,1,293.15,0,5235.4,0.0299,-0.0000,0.0000,62.975,1,293.15,0
7.9667,96.5720,15.7530,0.4986,31.141,31.140,6733.4,4,0.073,1.000,0.000,0.000,0,1782.45,5390.20,2682.30,2696.93,-0.00,6136.47,0.05092,0.0239,4051.9,0.3,0.05087,0.0132,3983.9,-19.4,0.07333,0.0126,5119.0,10.3,0.07331,0.0085,5068.8,-20.2,4283.8,-0.0012,-0.0000,-0.0000,61.200,1,293.15,0,4164.9,-0.0012,-0.0000,-0.0000,61.191,1,293.15,0,5333.6,0.0298,-0.0000,0.0000,63.087,1,293.15,0,5294.3,0.0299,-0.0000,0.0000,63.088,1,293.15,0
7.9833,97.0871,15.8241,0.4985,31.206,31.205,6745.0,4,0.073,1.000,0.000,0.000,0,1790.35,5414.11,2694.79,2707.94,-0.00,6157.75,0.05091,-0.0036,3916.6,-16.0,0.05097,0.0094,3998.5,7.0,0.07359,0.0138,5120.3,-3.6,0.07357,0.0198,5153.0,3.0,4145.4,-0.0012,-0.0000,-0.0000,61.323,1,293.15,0,4240.9,-0.0011,-0.0000,-0.0000,61.321,1,293.15,0,5303.7,0.0295,-0.0000,0.0000,63.203,1,293.15,0,5340.6,0.0294,-0.0000,0.0000,63.197,1,293.15,0
8.0000,97.6032,15.8953,0.4984,31.269,31.268,6757.5,4,0.074,1.000,0.000,0.000,0,1798.05,5437.40,2706.96,2718.70,-0.00,6178.70,0.05117,0.0109,4014.2,6.8,0.05117,-0.0019,3944.5,-7.4,0.07368,-0.0079,5008.2,-20.5,0.07373,-0.0058,5073.4,33.4,4201.0,-0.0012,-0.0000,-0.0000,61.446,1,293.15,0,4104.5,-0.0012,-0.0000,-0.0000,61.442,1,293.15,0,5171.6,0.0296,-0.0000,0.0000,63.343,1,293.15,0,5192.0,0.0294,-0.0000,0.0000,63.335,1,293.15,0
8.0167,98.1204,15.9667,0.4982,31.330,31.329,6771.6,4,0.074,1.000,0.000,0.000,0,1805.52,5460.08,2718.82,2729.11,-0.00,6198.64,0.05131,0.0153,4028.1,-4.9,0.05133,0.0160,4033.2,-3.8,0.07367,0.0111,5118.1,3.9,0.07367,0.0120,5097.5,-20.9,4235.8,-0.0011,-0.0000,-0.0000,61.564,1,293.15,0,4231.9,-0.0012,-0.0000,-0.0000,61.565,1,293.15,0,5357.0,0.0296,-0.0000,0.0000,63.449,1,293.15,0,5352.1,0.0296,-0.0000,0.0000,63.454,1,293.15,0
8.0333,98.6386,16.0381,0.4981,31.394,31.393,6782.8,4,0.074,1.000,0.000,0.000,0,1813.40,5483.99,2731.33,2740.11,-0.00,6219.86,0.05143,-0.0011,3966.9,-1.1,0.05145,0.0074,4025.0,19.4,0.07389,0.0005,5072.4,-2.2,0.07390,0.0015,5097.6,17.7,4105.7,-0.0012,-0.0000,-0.0000,61.687,1,293.15,0,4196.1,-0.0011,-0.0000,-0.0000,61.687,1,293.15,0,5218.8,0.0293,-0.0000,0.0000,63.576,1,293.15,0,5244.6,0.0293,-0.0000,0.0000,63.579,1,293.15,0
8.0500,99.1578,16.1098,0.4979,31.456,31.455,6795.5,4,0.074,1.000,0.000,0.000,0,1821.06,5507.24,2743.50,2750.78,-0.00,6240.35,0.05163,0.0129,4033.2,-4.6,0.05162,0.0065,4013.3,4.1,0.07399,0.0076,5105.9,-4.9,0.07401,0.0121,5142.4,10.7,4217.1,-0.0011,-0.0000,-0.0000,61.811,1,293.15,0,4154.8,-0.0012,-0.0000,-0.0000,61.810,1,293.15,0,5275.7,0.0291,-0.0000,0.0000,63.690,1,293.15,0,5317.1,0.0292,-0.0000,0.0000,63.692,1,293.15,0
8.0667,99.6781,16.1815,0.4978,31.518,31.517,6780.3,5,0.074,1.000,0.000,0.000,0,1828.67,5530.40,2755.62,2761.40,-0.00,6260.71,0.05174,0.0067,3995.5,-20.3,0.05175,0.0033,4012.9,11.2,0.07407,0.0044,5107.5,8.7,0.07408,0.0105,5129.4,2.0,4213.6,-0.0012,-0.0000,-0.0000,61.937,1,293.15,0,4157.3,-0.0012,-0.0000,-0.0000,61.931,1,293.15,0,5264.9,0.0400,-0.0000,0.0000,65.134,1,293.15,0,5342.3,0.0400,-0.0000,0.0000,65.109,1,293.15,0
8.0833,100.2001,16.2536,0.4977,31.639,31.638,6737.0,5,0.074,1.000,0.000,0.000,0,1843.66,5575.30,2778.97,2782.46,-0.00,6303.08,0.05175,-0.0164,3908.3,-8.0,0.05175,-0.0192,3945.6,41.2,0.07430,0.0228,5184.6,-6.2,0.07431,0.0219,5174.6,-12.9,4016.0,-0.0016,-0.0000,-0.0000,62.186,1,293.15,0,4017.6,-0.0015,-0.0000,-0.0000,62.183,1,293.15,0,5417.5,0.0654,-0.0000,0.0000,66.558,1,293.15,0,5389.4,0.0654,-0.0000,0.0000,66.574,1,293.15,0
8.1000,100.7249,16.3259,0.4975,31.804,31.804,6693.6,5,0.074,1.000,0.000,0.000,0,1864.29,5636.92,2810.99,2811.47,-0.00,6361.77,0.05127,-0.0207,3863.1,-12.2,0.05129,-0.0215,3896.4,23.6,0.07494,0.0513,5341.0,-2.4,0.07496,0.0516,5315.5,-30.1,4045.1,-0.0016,-0.0000,-0.0000,62.514,1,293.15,0,4039.9,-0.0017,-0.0000,-0.0000,62.516,1,293.15,0,5586.6,0.0733,-0.0000,0.0000,67.248,1,293.15,0,5559.0,0.0733,-0.0000,0.0000,67.264,1,293.15,0
8.1167,101.2527,16.3987,0.4973,31.989,31.988,6650.3,5,0.074,1.000,0.000,0.000,0,1887.41,5706.05,2846.93,2843.96,-0.00,6427.30,0.05023,-0.0690,3624.0,6.3,0.05020,-0.0669,3641.9,16.2,0.07606,0.0762,5501.4,4.3,0.07608,0.0771,5469.5,-32.8,3822.0,-0.0019,0.0000,-0.0000,62.877,1,293.15,0,3860.4,-0.0019,0.0000,-0.0000,62.877,1,293.15,0,5707.8,0.0738,-0.0000,0.0000,67.623,1,293.15,0,5698.3,0.0742,-0.0000,0.0000,67.640,1,293.15,0
8.1333,101.7836,16.4720,0.4971,32.181,32.180,6607.0,5,0.074,1.000,0.000,0.000,0,1911.64,5778.71,2884.78,2877.94,-0.00,6495.22,0.04919,-0.0665,3582.7,3.6,0.04916,-0.0679,3592.9,20.8,0.07756,0.0975,5644.2,-3.3,0.07761,0.0953,5606.5,-33.2,3771.9,-0.0020,0.0000,-0.0000,63.252,1,293.15,0,3783.3,-0.0020,0.0000,-0.0000,63.250,1,293.15,0,5853.3,0.0717,-0.0000,0.0000,67.872,1,293.15,0,5810.1,0.0719,-0.0000,0.0000,67.883,1,293.15,0
8.1500,102.3177,16.5456,0.4968,32.376,32.375,6563.6,5,0.074,1.000,0.000,0.000,0,1936.45,5853.28,2923.68,2912.69,-0.00,6564.27,0.04787,-0.0864,3439.0,8.8,0.04782,-0.0872,3454.2,30.3,0.07938,0.1099,5770.0,1.9,0.07941,0.1120,5745.3,-33.3,3602.4,-0.0021,0.0000,-0.0000,63.626,1,293.15,0,3628.9,-0.0021,0.0000,-0.0000,63.625,1,293.15,0,5949.8,0.0683,-0.0001,0.0000,68.073,1,293.15,0,5948.0,0.0687,-0.0001,0.0000,68.077,1,293.15,0
8.1667,102.8551,16.6198,0.4966,32.571,32.569,6520.3,5,0.075,1.000,0.000,0.000,0,1961.42,5928.62,2963.06,2947.60,-0.00,6632.90,0.04638,-0.0908,3344.5,5.7,0.04634,-0.0899,3365.2,24.5,0.08137,0.1196,5883.7,3.5,0.08142,0.1224,5857.7,-37.2,3540.9,-0.0022,0.0000,-0.0000,64.007,1,293.15,0,3573.0,-0.0022,0.0000,-0.0000,64.005,1,293.15,0,6060.6,0.0651,-0.0001,0.0000,68.278,1,293.15,0,6069.7,0.0655,-0.0001,0.0000,68.285,1,293.15,0
8.1833,103.3956,16.6943,0.4962,32.765,32.762,6477.0,5,0.075,1.000,0.000,0.000,0,1986.41,6004.51,3002.82,2982.50,-0.00,6700.55,0.04487,-0.0899,3271.8,3.4,0.04484,-0.0893,3297.0,27.3,0.08347,0.1284,5993.3,2.7,0.08351,0.1245,5930.0,-44.1,3466.1,-0.0022,0.0000,-0.0000,64.383,1,293.15,0,3496.3,-0.0022,0.0000,-0.0000,64.380,1,293.15,0,6185.5,0.0624,-0.0001,0.0000,68.504,1,293.15,0,6127.1,0.0628,-0.0001,0.0000,68.529,1,293.15,0
8.2000,103.9394,16.7693,0.4958,32.957,32.954,6433.6,5,0.075,1.000,0.000,0.000,0,2011.36,6080.89,3042.96,3017.30,-0.00,6766.93,0.04345,-0.0831,3227.9,1.2,0.04342,-0.0834,3249.1,25.1,0.08559,0.1327,6069.1,-9.5,0.08564,0.1248,6001.4,-43.0,3429.0,-0.0022,0.0000,-0.0000,64.757,1,293.15,0,3444.8,-0.0022,0.0000,-0.0000,64.754,1,293.15,0,6292.3,0.0603,-0.0001,0.0000,68.768,1,293.15,0,6178.4,0.0605,-0.0001,0.0000,68.797,1,293.15,0
8.2167,104.4862,16.8447,0.4954,33.147,33.143,6390.3,5,0.075,1.000,0.000,0.000,0,2036.21,6157.73,3083.45,3051.95,-0.00,6831.78,0.04218,-0.0726,3208.4,0.6,0.04216,-0.0729,3226.1,20.9,0.08763,0.1184,6075.4,-1.8,0.08770,0.1276,6090.9,-30.6,3413.8,-0.0022,0.0000,-0.0000,65.129,1,293.15,0,3425.0,-0.0022,0.0000,-0.0000,65.126,1,293.15,0,6249.6,0.0589,-0.0001,0.0000,69.102,1,293.15,0,6312.5,0.0591,-0.0001,0.0000,69.080,1,293.15,0
8.2333,105.0363,16.9205,0.4949,33.337,33.332,6347.0,5,0.075,1.000,0.000,0.000,0,2061.16,6235.83,3124.73,3086.77,-0.00,6895.72,0.04112,-0.0601,3207.8,0.8,0.04109,-0.0602,3222.9,17.2,0.08966,0.1159,6130.1,2.6,0.08971,0.1171,6101.8,-32.5,3410.9,-0.0022,0.0000,-0.0000,65.500,1,293.15,0,3422.6,-0.0022,0.0000,-0.0000,65.497,1,293.15,0,6299.1,0.0575,-0.0001,0.0000,69.411,1,293.15,0,6293.9,0.0578,-0.0001,0.0000,69.416,1,293.15,0
8.2500,105.5894,16.9968,0.4943,33.524,33.519,6303.6,5,0.075,1.000,0.000,0.000,0,2085.97,6314.70,3166.55,3121.50,-0.00,6958.17,0.04027,-0.0449,3229.9,0.9,0.04026,-0.0432,3243.3,7.3,0.09150,0.1084,6137.0,-10.4,0.09159,0.1159,6159.5,-24.4,3448.2,-0.0022,-0.0000,-0.0000,65.870,1,293.15,0,3468.4,-0.0022,-0.0000,-0.0000,65.868,1,293.15,0,6329.7,0.0570,-0.0001,0.0000,69.767,1,293.15,0,6369.1,0.0571,-0.0001,0.0000,69.747,1,293.15,0
8.2667,106.1456,17.0735,0.4937,33.711,33.706,6260.3,5,0.075,1.000,0.000,0.000,0,2110.98,6395.53,3209.54,3156.68,-0.00,7020.28,0.03968,-0.0302,3264.1,2.5,0.03966,-0.0315,3257.0,2.2,0.09334,0.1121,6211.4,-4.9,0.09337,0.1057,6148.4,-39.6,3478.0,-0.0022,-0.0000,-0.0000,66.239,1,293.15,0,3469.1,-0.0022,-0.0000,-0.0000,66.235,1,293.15,0,6431.4,0.0562,-0.0001,0.0000,70.087,1,293.15,0,6337.7,0.0564,-0.0001,0.0000,70.107,1,293.15,0
8.2833,106.7048,17.1506,0.4930,33.896,33.891,6217.0,5,0.075,1.000,0.000,0.000,0,2135.87,6477.62,3253.30,3191.95,-0.00,7081.49,0.03931,-0.0172,3296.1,-1.9,0.03931,-0.0148,3312.3,3.8,0.09495,0.0907,6162.5,-0.8,0.09498,0.0961,6161.8,-26.8,3505.3,-0.0021,-0.0000,-0.0000,66.603,1,293.15,0,3524.8,-0.0021,-0.0000,-0.0000,66.601,1,293.15,0,6351.4,0.0551,-0.0001,0.0000,70.298,1,293.15,0,6375.9,0.0552,-0.0001,0.0000,70.281,1,293.15,0
8.3000,107.2670,17.2280,0.4922,34.072,34.066,6173.6,5,0.075,1.000,0.000,0.000,0,2159.60,6558.24,3296.42,3225.99,-0.00,7139.14,0.03919,-0.0018,3354.3,-3.7,0.03921,-0.0015,3359.8,-0.6,0.09647,0.0880,6192.9,1.2,0.09650,0.0858,6158.7,-23.5,3566.8,-0.0020,-0.0000,-0.0000,66.949,1,293.15,0,3566.9,-0.0020,-0.0000,-0.0000,66.945,1,293.15,0,6367.7,0.0475,-0.0001,0.0000,70.133,1,293.15,0,6336.6,0.0477,-0.0001,0.0000,70.140,1,293.15,0
8.3167,107.8317,17.3059,0.4914,34.222,34.216,6130.3,5,0.075,1.000,0.000,0.000,0,2180.11,6631.54,3335.84,3256.05,-0.00,7187.92,0.03937,0.0188,3451.4,-4.5,0.03941,0.0197,3450.8,-11.3,0.09771,0.0647,6104.2,-13.3,0.09779,0.0760,6171.2,0.2,3678.7,-0.0018,-0.0000,-0.0000,67.246,1,293.15,0,3677.8,-0.0018,-0.0000,-0.0000,67.244,1,293.15,0,6274.5,0.0409,-0.0001,0.0000,70.001,1,293.15,0,6362.4,0.0408,-0.0001,0.0000,69.979,1,293.15,0
8.3333,108.3986,17.3840,0.4906,34.349,34.343,6087.0,5,0.075,1.000,0.000,0.000,0,2197.48,6697.32,3371.44,3282.04,-0.00,7227.36,0.03994,0.0439,3591.5,-2.2,0.03998,0.0431,3568.6,-23.9,0.09878,0.0514,6088.7,4.5,0.09880,0.0475,6060.0,-6.7,3824.9,-0.0016,-0.0000,-0.0000,67.497,1,293.15,0,3802.6,-0.0016,-0.0000,-0.0000,67.494,1,293.15,0,6237.8,0.0347,-0.0001,0.0000,69.851,1,293.15,0,6214.5,0.0348,-0.0001,0.0000,69.847,1,293.15,0
8.3500,108.9672,17.4623,0.4898,34.451,34.444,6044.4,5,0.076,1.000,0.000,0.000,0,2211.44,6737.42,3394.96,3294.12,-0.00,7216.84,0.04096,0.0786,3789.9,-6.4,0.04099,0.0720,3722.0,-47.3,0.09938,0.0294,6002.3,3.9,0.09939,0.0215,5958.1,-4.0,4074.7,-0.0014,-0.0000,-0.0000,67.702,1,293.15,0,3969.9,-0.0014,-0.0000,-0.0000,67.695,1,293.15,0,6168.5,0.0293,-0.0001,0.0000,69.685,1,293.15,0,6108.6,0.0296,-0.0001,0.0000,69.700,1,293.15,0
8.3667,109.5372,17.5409,0.4890,34.530,34.523,6025.0,5,0.076,1.000,0.000,0.000,0,2222.29,6768.96,3414.08,3301.90,-0.00,7196.77,0.04259,0.0855,3922.5,13.1,0.04260,0.0802,3872.9,-14.6,0.09952,0.0012,5872.1,-0.5,0.09952,0.0002,5877.3,9.0,4032.9,-0.0012,-0.0000,-0.0000,67.846,1,293.15,0,4008.4,-0.0013,-0.0000,-0.0000,67.847,1,293.15,0,6040.7,0.0253,-0.0000,0.0000,69.602,1,293.15,0,6042.0,0.0253,-0.0000,0.0000,69.609,1,293.15,0
8.3833,110.1082,17.6195,0.4882,34.593,34.587,6021.6,5,0.076,1.000,0.000,0.000,0,2231.03,6794.96,3430.28,3307.02,-0.00,7171.77,0.04453,0.1348,4206.7,-13.6,0.04464,0.1264,4150.6,-39.0,0.09926,-0.0222,5761.5,2.3,0.09929,-0.0258,5761.4,17.7,4428.1,-0.0011,-0.0000,-0.0000,67.975,1,293.15,0,4326.0,-0.0011,-0.0000,-0.0000,67.974,1,293.15,0,5918.2,0.0235,-0.0000,0.0000,69.642,1,293.15,0,5917.9,0.0235,-0.0000,0.0000,69.637,1,293.15,0
8.4000,110.6801,17.6983,0.4875,34.648,34.643,6026.1,5,0.076,1.000,0.000,0.000,0,2238.71,6818.44,3445.01,3311.23,-0.00,7146.87,0.04653,0.1256,4262.6,-17.2,0.04663,0.1287,4254.5,-44.0,0.09868,-0.0451,5644.6,4.5,0.09870,-0.0427,5675.8,24.4,4521.4,-0.0010,-0.0000,-0.0000,68.088,1,293.15,0,4495.2,-0.0011,-0.0000,-0.0000,68.089,1,293.15,0,5797.3,0.0230,-0.0000,0.0000,69.728,1,293.15,0,5856.8,0.0230,-0.0000,0.0000,69.727,1,293.15,0
8.4167,111.2529,17.7772,0.4869,34.699,34.695,6034.7,5,0.076,1.000,0.000,0.000,0,2245.83,6840.75,3458.94,3315.31,-0.00,7124.17,0.04881,0.1270,4388.4,-8.7,0.04891,0.1262,4373.9,-24.4,0.09775,-0.0605,5552.2,6.1,0.09778,-0.0615,5565.8,23.5,4555.4,-0.0010,-0.0000,-0.0000,68.187,1,293.15,0,4534.4,-0.0010,-0.0000,-0.0000,68.188,1,293.15,0,5718.9,0.0232,-0.0000,0.0000,69.844,1,293.15,0,5755.7,0.0231,-0.0000,0.0000,69.846,1,293.15,0
8.4333,111.8265,17.8563,0.4864,34.749,34.745,6044.5,5,0.076,1.000,0.000,0.000,0,2252.80,6862.89,3472.53,3319.92,-0.00,7105.88,0.05108,0.1369,4526.5,-21.3,0.05117,0.1346,4517.5,-25.1,0.09668,-0.0671,5493.2,4.6,0.09668,-0.0728,5485.7,23.6,4725.7,-0.0009,-0.0000,-0.0000,68.284,1,293.15,0,4663.9,-0.0010,-0.0000,-0.0000,68.288,1,293.15,0,5671.2,0.0234,0.0000,0.0000,69.970,1,293.15,0,5656.6,0.0235,0.0000,0.0000,69.969,1,293.15,0
8.4500,112.4010,17.9354,0.4859,34.798,34.795,6055.3,5,0.076,1.000,0.000,0.000,0,2259.62,6884.67,3485.64,3325.16,-0.00,7092.99,0.05324,0.1270,4597.9,-7.6,0.05332,0.1316,4600.1,-29.4,0.09540,-0.0752,5402.3,-15.6,0.09544,-0.0720,5464.6,31.2,4777.6,-0.0009,-0.0000,-0.0000,68.382,1,293.15,0,4794.2,-0.0010,-0.0000,-0.0000,68.388,1,293.15,0,5629.1,0.0240,0.0000,0.0000,70.096,1,293.15,0,5663.9,0.0238,0.0000,0.0000,70.090,1,293.15,0
8.4667,112.9762,18.0147,0.4856,34.847,34.844,6065.9,5,0.076,1.000,0.000,0.000,0,2266.47,6906.43,3498.39,3331.33,0.00,7086.56,0.05528,0.1210,4669.7,-2.7,0.05534,0.1175,4624.1,-35.9,0.09413,-0.0811,5366.8,10.1,0.09410,-0.0805,5378.4,19.8,4860.8,-0.0009,-0.0000,-0.0000,68.476,1,293.15,0,4809.3,-0.0009,-0.0000,-0.0000,68.481,1,293.15,0,5554.1,0.0244,0.0000,0.0000,70.224,1,293.15,0,5592.1,0.0243,0.0000,0.0000,70.223,1,293.15,0
8.4833,113.5523,18.0940,0.4854,34.896,34.894,6076.2,5,0.076,1.000,0.000,0.000,0,2273.38,6928.03,3510.71,3338.44,0.00,7086.78,0.05711,0.1050,4683.4,-1.6,0.05716,0.1018,4643.9,-29.8,0.09277,-0.0801,5314.3,-9.3,0.09283,-0.0803,5358.7,34.1,4868.2,-0.0009,-0.0000,-0.0000,68.572,1,293.15,0,4826.3,-0.0009,-0.0000,-0.0000,68.577,1,293.15,0,5517.1,0.0247,0.0000,0.0000,70.345,1,293.15,0,5545.7,0.0246,0.0000,0.0000,70.348,1,293.15,0
8.5000,114.1292,18.1735,0.4853,34.946,34.944,6086.2,5,0.076,1.000,0.000,0.000,0,2280.34,6949.38,3522.55,3346.46,0.00,7093.68,0.05881,0.0925,4704.2,-1.0,0.05886,0.0963,4704.3,-19.5,0.09156,-0.0738,5326.9,8.9,0.09153,-0.0771,5320.0,17.7,4867.3,-0.0008,-0.0000,-0.0000,68.662,1,293.15,0,4891.8,-0.0008,-0.0000,-0.0000,68.670,1,293.15,0,5517.2,0.0249,0.0000,0.0000,70.467,1,293.15,0,5519.2,0.0249,0.0000,0.0000,70.457,1,293.15,0
8.5167,114.7068,18.2531,0.4852,34.995,34.993,6096.5,5,0.076,1.000,0.000,0.000,0,2287.25,6970.15,3533.75,3355.23,0.00,7106.75,0.06021,0.0836,4721.7,-5.2,0.06025,0.0809,4690.0,-26.6,0.09030,-0.0756,5284.9,11.0,0.09022,-0.0771,5278.3,13.6,4930.7,-0.0006,0.0000,-0.0000,68.748,1,293.15,0,4881.4,-0.0008,0.0000,-0.0000,68.760,1,293.15,0,5483.3,0.0252,0.0000,0.0000,70.585,1,293.15,0,5485.6,0.0253,0.0000,0.0000,70.582,1,293.15,0
8.5333,115.2854,18.3328,0.4852,35.045,35.044,6105.9,5,0.076,1.000,0.000,0.000,0,2294.78,6992.19,3544.65,3366.11,0.00,7129.15,0.06139,0.0664,4687.9,-14.2,0.06147,0.0655,4693.9,-7.6,0.08912,-0.0677,5273.7,-1.3,0.08908,-0.0673,5296.9,21.4,4883.3,-0.0003,0.0000,-0.0000,68.820,1,293.15,0,4862.1,-0.0006,0.0000,-0.0000,68.843,1,293.15,0,5478.0,0.0254,0.0000,0.0000,70.689,1,293.15,0,5487.9,0.0253,0.0000,0.0000,70.695,1,293.15,0
8.5500,115.8647,18.4126,0.4853,35.095,35.094,6115.1,5,0.076,1.000,0.000,0.000,0,2302.36,7014.04,3555.13,3377.74,0.00,7156.67,0.06238,0.0545,4681.7,-10.4,0.06245,0.0504,4675.6,-1.5,0.08806,-0.0607,5278.7,3.4,0.08802,-0.0595,5293.4,13.7,4857.9,0.0003,0.0000,-0.0000,68.860,1,293.15,0,4821.4,-0.0001,0.0000,-0.0000,68.898,1,293.15,0,5485.3,0.0256,0.0000,0.0000,70.797,1,293.15,0,5505.1,0.0254,0.0000,0.0000,70.798,1,293.15,0
8.5667,116.4449,18.4925,0.4854,35.145,35.144,6124.2,5,0.076,1.000,0.000,0.000,0,2309.95,7035.62,3565.25,3389.85,0.00,7187.94,0.06316,0.0451,4684.6,1.7,0.06322,0.0464,4674.7,-16.8,0.08700,-0.0647,5201.9,-22.6,0.08709,-0.0534,5319.5,40.5,4881.1,0.0015,-0.0000,-0.0000,68.849,1,293.15,0,4898.2,0.0007,-0.0000,-0.0000,68.925,1,293.15,0,5410.0,0.0258,0.0001,0.0000,70.920,1,293.15,0,5522.2,0.0255,0.0001,0.0000,70.898,1,293.15,0
8.5833,117.0259,18.5726,0.4856,35.195,35.194,6132.9,5,0.076,1.000,0.000,0.000,0,2317.58,7057.14,3575.21,3402.35,0.00,7221.90,0.06382,0.0347,4673.5,8.3,0.06379,0.0272,4614.3,-16.5,0.08617,-0.0410,5303.8,-2.9,0.08620,-0.0585,5235.9,7.7,4858.9,0.0039,-0.0000,-0.0000,68.729,1,293.15,0,4789.8,0.0020,-0.0000,-0.0000,68.915,1,293.15,0,5528.7,0.0256,0.0001,0.0000,71.002,1,293.15,0,5394.4,0.0257,0.0001,0.0000,71.020,1,293.15,0
8.6000,117.6077,18.6528,0.4857,35.245,35.244,6141.5,5,0.076,1.000,0.000,0.000,0,2325.19,7078.54,3585.01,3415.03,0.00,7257.35,0.06424,0.0264,4657.9,12.0,0.06420,0.0346,4658.9,-21.3,0.08551,-0.0394,5312.2,18.7,0.08540,-0.0371,5294.7,-5.7,4856.0,0.0077,0.0000,-0.0000,68.495,1,293.15,0,4916.6,0.0038,0.0000,-0.0000,68.826,1,293.15,0,5509.0,0.0256,0.0000,0.0000,71.105,1,293.15,0,5530.8,0.0257,0.0000,0.0000,71.101,1,293.15,0
8.6167,118.1904,18.7331,0.4859,35.295,35.294,6149.7,5,0.077,1.000,0.000,0.000,0,2332.77,7099.81,3594.68,3427.85,0.00,7294.06,0.06450,0.0127,4590.2,-7.2,0.06452,0.0114,4595.2,3.3,0.08481,-0.0315,5291.6,-15.9,0.08481,-0.0410,5276.7,12.6,4785.3,0.0125,-0.0000,-0.0000,68.228,1,293.15,0,4766.0,0.0076,-0.0000,-0.0000,68.649,1,293.15,0,5532.0,0.0257,0.0001,0.0000,71.199,1,293.15,0,5430.7,0.0255,0.0001,0.0000,71.216,1,293.15,0
8.6333,118.7740,18.8135,0.4861,35.344,35.343,6158.0,5,0.077,1.000,0.000,0.000,0,2340.32,7121.06,3604.35,3440.64,0.00,7330.63,0.06467,0.0185,4627.8,-1.5,0.06469,0.0151,4594.5,-20.5,0.08426,-0.0369,5251.6,-13.5,0.08428,-0.0266,5336.0,23.4,4874.6,0.0175,-0.0000,-0.0000,67.814,1,293.15,0,4827.7,0.0116,-0.0000,-0.0000,68.369,1,293.15,0,5455.6,0.0258,0.0001,0.0000,71.316,1,293.15,0,5540.9,0.0255,0.0001,0.0000,71.293,1,293.15,0
8.6500,119.3583,18.8940,0.4863,35.393,35.393,6166.0,5,0.077,1.000,0.000,0.000,0,2347.90,7142.45,3614.10,3453.43,0.00,7366.96,0.06478,-0.0007,4553.6,3.9,0.06477,0.0038,4568.6,-0.7,0.08388,-0.0239,5320.9,8.9,0.08385,-0.0195,5336.0,5.1,4740.2,0.0245,-0.0000,-0.0000,67.537,1,293.15,0,4784.4,0.0163,-0.0000,-0.0000,68.115,1,293.15,0,5497.9,0.0255,0.0000,0.0000,71.395,1,293.15,0,5550.3,0.0255,0.0000,0.0000,71.395,1,293.15,0
8.6667,119.9436,18.9746,0.4865,35.443,35.443,6174.0,5,0.077,1.000,0.000,0.000,0,2355.59,7164.29,3624.13,3466.27,0.00,7402.61,0.06473,0.0016,4559.0,0.9,0.06476,0.0052,4562.4,-12.5,0.08351,-0.0258,5295.9,4.7,0.08351,-0.0158,5352.3,15.5,4790.7,0.0257,0.0000,-0.0000,67.469,1,293.15,0,4817.1,0.0200,0.0000,-0.0000,67.876,1,293.15,0,5454.9,0.0255,0.0000,0.0000,71.501,1,293.15,0,5564.5,0.0254,0.0000,0.0000,71.488,1,293.15,0
8.6833,120.5296,19.0554,0.4866,35.493,35.493,6181.8,5,0.077,1.000,0.000,0.000,0,2363.27,7186.19,3634.26,3478.90,0.00,7436.81,0.06477,-0.0019,4560.4,16.0,0.06475,0.0017,4543.8,-15.5,0.08327,-0.0154,5335.2,4.7,0.08328,-0.0116,5357.6,9.3,4757.4,0.0300,-0.0000,-0.0000,67.312,1,293.15,0,4798.9,0.0233,-0.0000,-0.0000,67.747,1,293.15,0,5503.1,0.0253,0.0000,0.0000,71.593,1,293.15,0,5558.0,0.0254,0.0000,0.0000,71.578,1,293.15,0
8.7000,121.1165,19.1363,0.4867,35.544,35.543,6189.9,5,0.077,1.000,0.000,0.000,0,2371.08,7208.60,3644.75,3491.52,0.00,7469.68,0.06464,-0.0002,4537.6,-9.1,0.06467,0.0040,4558.6,-7.2,0.08309,-0.0083,5348.3,-8.7,0.08308,-0.0075,5361.5,1.0,4786.2,0.0272,0.0000,-0.0000,67.572,1,293.15,0,4800.5,0.0252,0.0000,-0.0000,67.688,1,293.15,0,5578.0,0.0254,0.0000,0.0000,71.679,1,293.15,0,5565.9,0.0252,0.0000,0.0000,71.676,1,293.15,0
8.7167,121.7042,19.2173,0.4868,35.595,35.594,6197.5,5,0.077,1.000,0.000,0.000,0,2378.97,7231.31,3655.48,3503.99,0.00,7500.89,0.06456,-0.0086,4518.5,11.8,0.06455,-0.0046,4515.2,-8.8,0.08302,-0.0035,5379.2,2.6,0.08300,-0.0036,5372.6,-2.8,4714.4,0.0276,0.0000,-0.0000,67.765,1,293.15,0,4762.9,0.0248,0.0000,-0.0000,67.889,1,293.15,0,5579.9,0.0250,0.0000,0.0000,71.770,1,293.15,0,5576.3,0.0252,0.0000,0.0000,71.768,1,293.15,0
8.7333,122.2928,19.2984,0.4869,35.646,35.645,6205.2,5,0.077,1.000,0.000,0.000,0,2386.86,7254.15,3666.40,3516.19,0.00,7530.00,0.06447,0.0046,4554.6,-6.0,0.06448,0.0028,4535.7,-17.7,0.08297,-0.0019,5386.4,4.4,0.08299,0.0006,5396.7,2.5,4821.6,0.0254,0.0000,-0.0000,67.849,1,293.15,0,4780.2,0.0255,0.0000,-0.0000,67.909,1,293.15,0,5562.5,0.0249,0.0000,0.0000,71.870,1,293.15,0,5601.2,0.0249,0.0000,0.0000,71.855,1,293.15,0
8.7500,122.8822,19.3796,0.4869,35.696,35.696,6213.0,5,0.077,1.000,0.000,0.000,0,2394.73,7276.98,3677.41,3528.10,0.00,7557.18,0.06438,-0.0054,4512.7,-0.7,0.06438,-0.0028,4514.2,-10.6,0.08300,0.0041,5409.9,-0.3,0.08299,0.0024,5397.7,-4.7,4750.9,0.0249,0.0000,-0.0000,68.108,1,293.15,0,4760.1,0.0243,0.0000,-0.0000,68.130,1,293.15,0,5617.8,0.0248,0.0000,0.0000,71.954,1,293.15,0,5596.2,0.0248,0.0000,0.0000,71.952,1,293.15,0
8.7667,123.4724,19.4610,0.4869,35.747,35.746,6220.6,5,0.077,1.000,0.000,0.000,0,2402.60,7299.93,3688.60,3539.73,0.00,7582.12,0.06427,-0.0034,4508.5,-9.2,0.06432,0.0049,4557.2,1.7,0.08305,0.0046,5412.0,-2.4,0.08307,0.0087,5434.9,1.2,4732.2,0.0237,0.0000,-0.0000,68.320,1,293.15,0,4794.6,0.0243,0.0000,-0.0000,68.175,1,293.15,0,5607.2,0.0246,0.0000,0.0000,72.050,1,293.15,0,5644.0,0.0247,0.0000,0.0000,72.037,1,293.15,0
8.7833,124.0635,19.5425,0.4869,35.797,35.797,6228.3,5,0.077,1.000,0.000,0.000,0,2410.46,7322.91,3699.91,3551.08,0.00,7605.13,0.06420,-0.0055,4512.2,6.4,0.06421,-0.0027,4508.1,-10.0,0.08315,0.0062,5427.5,2.4,0.08316,0.0048,5414.2,-4.5,4725.9,0.0231,0.0000,-0.0000,68.473,1,293.15,0,4753.1,0.0227,0.0000,-0.0000,68.464,1,293.15,0,5623.9,0.0245,0.0000,0.0000,72.141,1,293.15,0,5614.8,0.0246,0.0000,0.0000,72.137,1,293.15,0
8.8000,124.6553,19.6240,0.4868,35.847,35.847,6236.0,5,0.077,1.000,0.000,0.000,0,2418.25,7345.77,3711.28,3562.02,0.00,7625.66,0.06418,0.0045,4545.8,-2.2,0.06418,0.0029,4531.8,-9.6,0.08326,0.0046,5418.6,-2.8,0.08329,0.0120,5458.3,2.4,4775.2,0.0228,0.0000,-0.0000,68.517,1,293.15,0,4749.6,0.0234,0.0000,-0.0000,68.510,1,293.15,0,5611.4,0.0244,0.0000,0.0000,72.237,1,293.15,0,5677.0,0.0245,0.0000,0.0000,72.221,1,293.15,0
8.8167,125.2480,19.7057,0.4867,35.897,35.897,6243.6,5,0.077,1.000,0.000,0.000,0,2426.07,7368.84,3722.84,3572.80,0.00,7644.63,0.06416,-0.0026,4524.8,7.9,0.06414,0.0026,4528.8,-9.7,0.08343,0.0093,5446.7,-1.5,0.08345,0.0077,5440.9,-0.4,4729.6,0.0237,0.0000,-0.0000,68.619,1,293.15,0,4772.3,0.0221,0.0000,-0.0000,68.680,1,293.15,0,5639.1,0.0242,0.0000,0.0000,72.325,1,293.15,0,5625.6,0.0243,0.0000,0.0000,72.321,1,293.15,0
8.8333,125.8416,19.7875,0.4866,35.947,35.946,6251.2,5,0.077,1.000,0.000,0.000,0,2433.85,7391.82,3734.47,3583.26,0.00,7661.62,0.06415,0.0068,4560.1,3.1,0.06420,0.0109,4565.5,-11.5,0.08363,0.0129,5468.3,-2.5,0.08362,0.0100,5454.0,-3.6,4776.1,0.0229,0.0000,-0.0000,68.705,1,293.15,0,4818.6,0.0237,0.0000,-0.0000,68.579,1,293.15,0,5670.6,0.0242,-0.0000,0.0000,72.409,1,293.15,0,5635.7,0.0241,-0.0000,0.0000,72.415,1,293.15,0
8.8500,126.4359,19.8695,0.4865,35.996,35.995,6259.0,5,0.077,1.000,0.000,0.000,0,2441.58,7414.77,3746.15,3593.49,0.00,7677.10,0.06416,0.0022,4542.1,4.7,0.06420,0.0081,4553.5,-11.5,0.08380,0.0131,5476.8,-0.5,0.08383,0.0127,5468.6,-7.8,4757.9,0.0231,0.0000,-0.0000,68.817,1,293.15,0,4816.4,0.0235,0.0000,-0.0000,68.699,1,293.15,0,5685.7,0.0240,-0.0000,0.0000,72.504,1,293.15,0,5681.9,0.0241,-0.0000,0.0000,72.501,1,293.15,0
8.8667,127.0311,19.9515,0.4864,36.045,36.044,6266.6,5,0.077,1.000,0.000,0.000,0,2449.28,7437.69,3757.90,3603.46,0.00,7691.03,0.06425,0.0053,4561.8,7.4,0.06425,0.0052,4541.0,-13.2,0.08400,0.0147,5487.4,-4.0,0.08402,0.0086,5458.5,-5.7,4771.3,0.0250,-0.0000,-0.0000,68.747,1,293.15,0,4774.2,0.0247,-0.0000,-0.0000,68.775,1,293.15,0,5699.1,0.0240,0.0000,0.0000,72.596,1,293.15,0,5638.2,0.0240,0.0000,0.0000,72.598,1,293.15,0
8.8833,127.6270,20.0336,0.4862,36.093,36.093,6274.3,5,0.077,1.000,0.000,0.000,0,2456.96,7460.67,3769.75,3613.25,0.00,7703.58,0.06435,0.0103,4588.9,8.3,0.06431,0.0094,4551.8,-23.0,0.08423,0.0130,5502.4,11.5,0.08421,0.0173,5496.5,-13.2,4821.0,0.0268,0.0000,-0.0000,68.626,1,293.15,0,4796.2,0.0247,0.0000,-0.0000,68.827,1,293.15,0,5690.6,0.0238,-0.0000,0.0000,72.690,1,293.15,0,5731.4,0.0239,-0.0000,0.0000,72.678,1,293.15,0
8.9000,128.2238,20.1159,0.4861,36.142,36.141,6281.9,5,0.077,1.000,0.000,0.000,0,2464.66,7483.79,3781.73,3622.95,0.00,7715.20,0.06439,0.0080,4569.0,-3.0,0.06443,0.0133,4585.1,-11.8,0.08442,0.0164,5497.1,-15.5,0.08446,0.0144,5502.6,-1.9,4804.4,0.0263,-0.0000,-0.0000,68.792,1,293.15,0,4841.8,0.0270,-0.0000,-0.0000,68.673,1,293.15,0,5731.7,0.0239,0.0000,0.0000,72.775,1,293.15,0,5689.4,0.0237,0.0000,0.0000,72.778,1,293.15,0
8.9167,128.8214,20.1983,0.4859,36.190,36.189,6289.6,5,0.077,1.000,0.000,0.000,0,2472.27,7506.73,3793.66,3632.40,-0.00,7725.63,0.06453,0.0135,4600.3,-1.4,0.06456,0.0131,4585.6,-15.6,0.08462,0.0113,5488.6,-7.0,0.08466,0.0101,5495.2,3.4,4836.8,0.0283,0.0000,-0.0000,68.679,1,293.15,0,4824.9,0.0295,0.0000,-0.0000,68.609,1,293.15,0,5684.4,0.0237,-0.0000,0.0000,72.876,1,293.15,0,5675.8,0.0238,-0.0000,0.0000,72.872,1,293.15,0
8.9333,129.4198,20.2807,0.4857,36.238,36.238,6297.4,5,0.078,1.000,0.000,0.000,0,2479.93,7529.92,3805.78,3641.82,-0.00,7735.33,0.06466,0.0137,4604.5,-3.3,0.06467,0.0146,4587.8,-24.4,0.08482,0.0094,5490.6,-2.9,0.08485,0.0176,5535.9,4.3,4874.6,0.0292,0.0000,-0.0000,68.636,1,293.15,0,4854.3,0.0296,0.0000,-0.0000,68.643,1,293.15,0,5672.6,0.0237,-0.0000,0.0000,72.966,1,293.15,0,5746.7,0.0236,-0.0000,0.0000,72.960,1,293.15,0
8.9500,130.0189,20.3633,0.4855,36.286,36.285,6305.1,5,0.078,1.000,0.000,0.000,0,2487.49,7552.92,3817.83,3651.03,0.00,7744.17,0.06484,0.0168,4640.4,11.6,0.06486,0.0179,4604.1,-30.0,0.08504,0.0107,5511.6,5.2,0.08506,0.0108,5503.5,-3.9,4877.4,0.0323,-0.0000,-0.0000,68.483,1,293.15,0,4886.8,0.0317,-0.0000,-0.0000,68.518,1,293.15,0,5692.4,0.0236,0.0000,0.0000,73.059,1,293.15,0,5706.5,0.0237,0.0000,0.0000,73.056,1,293.15,0
8.9667,130.6189,20.4460,0.4854,36.334,36.333,6312.7,5,0.078,1.000,0.000,0.000,0,2495.13,7576.23,3830.06,3660.32,0.00,7752.84,0.06500,0.0198,4652.5,4.5,0.06503,0.0261,4643.0,-33.7,0.08526,0.0135,5529.2,2.9,0.08526,0.0092,5497.4,-8.9,4921.2,0.0330,0.0000,-0.0000,68.435,1,293.15,0,4958.6,0.0328,0.0000,-0.0000,68.375,1,293.15,0,5730.1,0.0235,0.0000,0.0000,73.146,1,293.15,0,5689.6,0.0236,0.0000,0.0000,73.150,1,293.15,0
8.9833,131.2197,20.5288,0.4852,36.381,36.381,6320.5,5,0.078,1.000,0.000,0.000,0,2502.73,7599.50,3842.29,3669.53,-0.00,7761.08,0.06513,0.0104,4601.7,-10.9,0.06517,0.0175,4633.9,-11.3,0.08544,0.0122,5520.6,-5.4,0.08547,0.0145,5536.4,-0.9,4857.9,0.0339,0.0000,-0.0000,68.606,1,293.15,0,4891.6,0.0347,0.0000,-0.0000,68.463,1,293.15,0,5724.0,0.0235,-0.0000,0.0000,73.241,1,293.15,0,5738.0,0.0236,-0.0000,0.0000,73.235,1,293.15,0
9.0000,131.8212,20.6117,0.4850,36.429,36.428,6327.9,5,0.078,1.000,0.000,0.000,0,2510.36,7622.96,3854.62,3678.77,-0.00,7769.18,0.06532,0.0165,4638.0,-8.7,0.06534,0.0172,4626.9,-23.5,0.08564,0.0053,5494.3,-6.6,0.08568,0.0059,5519.7,15.0,4919.8,0.0348,0.0000,-0.0000,68.498,1,293.15,0,4889.4,0.0363,0.0000,-0.0000,68.453,1,293.15,0,5658.1,0.0234,-0.0000,0.0000,73.343,1,293.15,0,5673.9,0.0234,-0.0000,0.0000,73.333,1,293.15,0
9.0167,132.4223,20.6946,0.4851,36.390,36.389,6284.6,5,0.078,0.000,1.000,0.000,0,1775.36,4667.10,1950.76,2627.17,0.00,8672.98,0.06499,-0.0067,4538.5,5.9,0.06501,0.0094,4547.1,-55.8,0.08559,-0.0222,5369.7,-4.5,0.08559,-0.0238,5400.2,33.0,4901.7,-0.0642,0.0000,-0.0000,67.605,1,293.15,0,4992.0,-0.0628,0.0000,-0.0000,67.863,1,293.15,0,5498.8,0.0094,-0.0000,0.0000,72.105,1,293.15,0,5509.5,0.0094,-0.0000,0.0000,72.098,1,293.15,0
9.0333,133.0211,20.7771,0.4858,36.250,36.249,6241.2,5,0.078,0.000,1.000,0.000,0,1762.14,4625.59,1929.35,2612.52,0.00,8654.98,0.06571,0.0356,4753.4,7.9,0.06573,0.0355,4754.8,9.1,0.08425,-0.1184,4894.2,-0.2,0.08420,-0.1129,4990.4,72.8,4857.5,-0.0581,-0.0000,-0.0000,66.818,1,293.15,0,4887.6,-0.0581,-0.0000,-0.0000,66.929,1,293.15,0,4984.5,0.0074,0.0000,0.0000,71.717,1,293.15,0,5086.8,0.0074,0.0000,0.0000,71.705,1,293.15,0
9.0500,133.6175,20.8593,0.4869,36.104,36.104,6197.9,5,0.078,0.000,1.000,0.000,0,1748.40,4581.54,1905.04,2601.32,0.00,8665.93,0.06608,0.0282,4719.3,-8.7,0.06608,0.0267,4710.4,-11.0,0.08178,-0.1645,4619.2,14.6,0.08171,-0.1682,4645.2,59.6,4948.6,-0.0593,-0.0000,-0.0000,66.926,1,293.15,0,4905.1,-0.0582,-0.0000,-0.0000,66.718,1,293.15,0,4753.7,0.0059,0.0000,0.0000,71.302,1,293.15,0,4793.6,0.0058,0.0000,0.0000,71.307,1,293.15,0
9.0667,134.2113,20.9412,0.4883,35.951,35.951,6154.6,5,0.078,0.000,1.000,0.000,0,1734.09,4537.16,1879.74,2592.12,0.00,8692.44,0.06681,0.0439,4840.7,15.2,0.06673,0.0378,4767.5,-28.0,0.07860,-0.2072,4316.8,13.3,0.07849,-0.2073,4372.4,73.4,5031.1,-0.0574,-0.0000,-0.0000,66.793,1,293.15,0,4961.6,-0.0580,-0.0000,-0.0000,66.613,1,293.15,0,4456.6,0.0042,0.0000,0.0000,70.881,1,293.15,0,4525.6,0.0041,0.0000,0.0000,70.883,1,293.15,0
9.0833,134.8026,21.0227,0.4899,35.793,35.793,6111.2,5,0.078,0.000,1.000,0.000,0,1719.30,4493.96,1854.71,2584.15,0.00,8726.69,0.06755,0.0477,4888.6,17.7,0.06743,0.0518,4849.6,-34.3,0.07486,-0.2394,4039.3,14.3,0.07471,-0.2334,4123.6,77.0,5087.0,-0.0525,-0.0000,-0.0000,66.366,1,293.15,0,5088.7,-0.0539,-0.0000,-0.0000,66.479,1,293.15,0,4198.6,0.0025,0.0000,0.0000,70.444,1,293.15,0,4312.5,0.0024,0.0000,0.0000,70.446,1,293.15,0
9.1000,135.3913,21.1038,0.4916,35.633,35.633,6067.9,5,0.078,0.000,1.000,0.000,0,1704.45,4446.29,1827.81,2573.13,0.00,8746.68,0.06827,0.0453,4896.5,8.1,0.06813,0.0372,4820.0,-27.7,0.07081,-0.2539,3847.0,38.5,0.07059,-0.2548,3857.2,61.5,5107.2,-0.0575,0.0000,-0.0000,66.439,1,293.15,0,4991.6,-0.0579,0.0000,-0.0000,66.085,1,293.15,0,3993.9,0.0006,0.0000,0.0000,69.995,1,293.15,0,4066.5,0.0005,0.0000,0.0000,69.999,1,293.15,0
9.1167,135.9772,21.1846,0.4934,35.468,35.467,6024.6,5,0.077,0.000,1.000,0.000,0,1689.09,4371.06,1788.91,2545.74,0.00,8694.96,0.06902,0.0505,4950.8,11.1,0.06888,0.0506,4902.1,-32.8,0.06674,-0.2400,3731.8,20.3,0.06655,-0.2420,3752.7,58.4,5162.7,-0.0523,0.0000,-0.0000,65.964,1,293.15,0,5114.6,-0.0530,0.0000,-0.0000,65.866,1,293.15,0,3932.1,-0.0012,0.0000,0.0000,69.536,1,293.15,0,3959.9,-0.0013,0.0000,0.0000,69.541,1,293.15,0
9.1333,136.5604,21.2650,0.4952,35.301,35.301,5981.2,5,0.077,0.000,1.000,0.000,0,1673.75,4302.86,1753.61,2520.92,0.00,8650.59,0.06971,0.0312,4895.0,12.7,0.06957,0.0425,4906.6,-19.6,0.06278,-0.2381,3576.7,20.3,0.06256,-0.2375,3610.5,61.1,5080.0,-0.0547,0.0000,-0.0000,65.554,1,293.15,0,5139.7,-0.0558,0.0000,-0.0000,65.814,1,293.15,0,3766.4,-0.0032,0.0000,0.0000,69.071,1,293.15,0,3809.9,-0.0033,0.0000,0.0000,69.078,1,293.15,0
9.1500,137.1408,21.3450,0.4970,35.132,35.131,5937.9,5,0.077,0.000,1.000,0.000,0,1658.17,4240.40,1721.41,2497.84,0.00,8609.96,0.07039,0.0420,4958.2,3.2,0.07027,0.0345,4900.3,-17.6,0.05883,-0.2358,3409.3,13.6,0.05862,-0.2332,3460.9,62.3,5155.9,-0.0541,0.0000,-0.0000,65.421,1,293.15,0,5049.2,-0.0552,0.0000,-0.0000,65.151,1,293.15,0,3614.2,-0.0052,0.0000,0.0000,68.600,1,293.15,0,3666.9,-0.0052,0.0000,0.0000,68.609,1,293.15,0
9.1667,137.7184,21.4246,0.4987,34.960,34.958,5894.6,5,0.077,0.000,1.000,0.000,0,1642.42,4182.90,1691.99,2476.00,0.00,8570.73,0.07091,0.0354,4939.6,-6.4,0.07080,0.0330,4914.1,-17.3,0.05504,-0.2233,3297.0,16.2,0.05485,-0.2214,3335.6,55.0,5173.9,-0.0523,0.0000,-0.0000,65.032,1,293.15,0,5089.9,-0.0506,0.0000,-0.0000,64.652,1,293.15,0,3503.4,-0.0072,0.0000,0.0000,68.124,1,293.15,0,3552.3,-0.0072,0.0000,0.0000,68.135,1,293.15,0
9.1833,138.2931,21.5038,0.5004,34.786,34.785,5851.2,5,0.077,0.000,1.000,0.000,0,1626.66,4129.84,1665.11,2455.14,0.00,8531.56,0.07137,0.0235,4917.7,6.5,0.07126,0.0244,4896.3,-15.0,0.05150,-0.2065,3205.4,15.1,0.05132,-0.2065,3231.2,49.7,5116.1,-0.0529,0.0000,-0.0000,64.570,1,293.15,0,5090.3,-0.0505,0.0000,-0.0000,64.335,1,293.15,0,3414.5,-0.0092,0.0000,0.0000,67.655,1,293.15,0,3442.2,-0.0092,0.0000,0.0000,67.649,1,293.15,0
9.2000,138.8649,21.5826,0.5019,34.612,34.610,5807.9,5,0.077,0.000,1.000,0.000,0,1610.83,4079.97,1640.21,2434.66,0.00,8490.23,0.07181,0.0258,4954.8,17.1,0.07169,0.0243,4901.2,-25.2,0.04827,-0.1867,3136.3,14.7,0.04810,-0.1868,3154.7,42.0,5149.4,-0.0519,0.0000,-0.0000,64.265,1,293.15,0,5112.5,-0.0518,0.0000,-0.0000,64.160,1,293.15,0,3350.5,-0.0113,0.0000,0.0000,67.174,1,293.15,0,3373.2,-0.0112,0.0000,0.0000,67.172,1,293.15,0
9.2167,139.4338,21.6611,0.5032,34.436,34.434,5764.5,5,0.076,0.000,1.000,0.000,0,1595.00,4032.62,1616.94,2414.31,0.00,8445.79,0.07206,0.0093,4877.3,2.5,0.07200,0.0226,4930.1,-0.5,0.04538,-0.1670,3078.3,13.7,0.04524,-0.1629,3113.6,37.8,5057.4,-0.0560,0.0000,-0.0000,63.905,1,293.15,0,5152.2,-0.0532,0.0000,-0.0000,64.029,1,293.15,0,3287.9,-0.0133,0.0000,0.0000,66.693,1,293.15,0,3347.4,-0.0132,0.0000,0.0000,66.695,1,293.15,0
9.2333,139.9998,21.7391,0.5044,34.258,34.256,5721.2,5,0.076,0.000,1.000,0.000,0,1579.04,3986.69,1594.79,2393.57,0.00,8396.57,0.07235,0.0156,4918.5,5.5,0.07226,0.0121,4887.7,-6.6,0.04288,-0.1395,3065.4,7.0,0.04274,-0.1414,3067.4,25.0,5101.9,-0.0556,0.0000,-0.0000,63.678,1,293.15,0,5051.0,-0.0553,0.0000,-0.0000,63.497,1,293.15,0,3308.4,-0.0152,0.0000,0.0000,66.212,1,293.15,0,3289.1,-0.0153,0.0000,0.0000,66.216,1,293.15,0
9.2500,140.5628,21.8167,0.5054,34.079,34.077,5677.9,5,0.076,0.000,1.000,0.000,0,1563.03,3941.75,1573.51,2372.33,0.00,8342.34,0.07242,-0.0038,4822.1,-8.9,0.07238,0.0123,4914.4,14.9,0.04073,-0.1223,3032.0,10.3,0.04062,-0.1179,3061.6,26.3,5003.4,-0.0585,0.0000,-0.0000,63.202,1,293.15,0,5115.2,-0.0548,0.0000,-0.0000,63.329,1,293.15,0,3241.8,-0.0172,0.0000,0.0000,65.730,1,293.15,0,3291.4,-0.0172,0.0000,0.0000,65.739,1,293.15,0
9.2667,141.1228,21.8939,0.5062,33.897,33.894,5634.5,5,0.076,0.000,1.000,0.000,0,1546.85,3897.04,1552.74,2350.29,0.00,8282.21,0.07260,0.0138,4905.9,-8.1,0.07257,0.0033,4865.5,-1.7,0.03898,-0.0959,3049.9,4.7,0.03887,-0.0981,3046.4,16.9,5119.1,-0.0541,0.0000,-0.0000,62.956,1,293.15,0,5006.9,-0.0555,0.0000,-0.0000,62.682,1,293.15,0,3279.6,-0.0191,0.0000,0.0000,65.263,1,293.15,0,3256.0,-0.0191,0.0000,0.0000,65.251,1,293.15,0
9.2833,141.6798,21.9707,0.5069,33.712,33.710,5591.2,5,0.075,0.000,1.000,0.000,0,1530.59,3852.51,1532.38,2327.53,0.00,8216.86,0.07269,0.0026,4874.8,6.1,0.07260,0.0161,4917.8,-6.8,0.03757,-0.0765,3058.1,3.6,0.03747,-0.0769,3058.2,11.0,5070.7,-0.0543,0.0000,-0.0000,62.464,1,293.15,0,5161.7,-0.0518,0.0000,-0.0000,62.579,1,293.15,0,3289.3,-0.0210,0.0000,0.0000,64.784,1,293.15,0,3273.9,-0.0209,0.0000,0.0000,64.776,1,293.15,0
9.3000,142.2338,22.0471,0.5074,33.528,33.525,5547.9,5,0.075,0.000,1.000,0.000,0,1514.37,3808.23,1512.44,2304.23,0.00,8147.15,0.07269,-0.0038,4824.8,-15.9,0.07271,-0.0012,4873.1,20.4,0.03646,-0.0574,3076.1,-2.2,0.03640,-0.0576,3082.8,8.8,5011.0,-0.0580,0.0000,-0.0000,62.151,1,293.15,0,5022.8,-0.0556,0.0000,-0.0000,62.035,1,293.15,0,3312.6,-0.0229,0.0000,0.0000,64.307,1,293.15,0,3296.4,-0.0227,0.0000,0.0000,64.303,1,293.15,0
9.3167,142.7846,22.1230,0.5077,33.340,33.337,5504.5,5,0.075,0.000,1.000,0.000,0,1497.93,3763.38,1492.51,2280.01,0.00,8072.08,0.07277,0.0003,4880.0,18.6,0.07272,0.0080,4883.4,-9.7,0.03564,-0.0440,3094.6,2.6,0.03559,-0.0447,3095.9,9.5,5047.6,-0.0544,0.0000,-0.0000,61.685,1,293.15,0,5125.9,-0.0567,0.0000,-0.0000,62.085,1,293.15,0,3299.4,-0.0246,0.0000,0.0000,63.830,1,293.15,0,3293.0,-0.0245,0.0000,0.0000,63.826,1,293.15,0
9.3333,143.3323,22.1985,0.5080,33.151,33.148,5461.2,5,0.075,0.000,1.000,0.000,0,1481.48,3718.48,1472.77,2255.27,0.00,7993.42,0.07279,-0.0016,4871.1,17.4,0.07275,0.0028,4865.0,-7.1,0.03506,-0.0299,3129.3,6.9,0.03502,-0.0268,3136.0,1.8,5036.4,-0.0558,-0.0000,-0.0000,61.371,1,293.15,0,5094.4,-0.0602,-0.0000,-0.0000,61.827,1,293.15,0,3329.6,-0.0263,0.0000,0.0000,63.357,1,293.15,0,3361.4,-0.0262,0.0000,0.0000,63.355,1,293.15,0
9.3500,143.8769,22.2736,0.5081,32.958,32.956,5417.9,5,0.074,0.000,1.000,0.000,0,1464.86,3673.08,1452.99,2229.85,0.00,7910.89,0.07283,0.0044,4865.9,-15.6,0.07284,0.0001,4873.0,9.9,0.03464,-0.0200,3139.7,-3.0,0.03463,-0.0211,3139.4,2.6,5076.2,-0.0578,0.0000,-0.0000,61.258,1,293.15,0,5019.8,-0.0575,0.0000,-0.0000,61.043,1,293.15,0,3359.1,-0.0280,0.0000,0.0000,62.879,1,293.15,0,3340.2,-0.0278,0.0000,0.0000,62.877,1,293.15,0
9.3667,144.4182,22.3482,0.5082,32.763,32.761,5374.5,5,0.074,0.000,1.000,0.000,0,1448.08,3627.18,1433.15,2203.83,0.00,7825.13,0.07285,-0.0034,4850.0,1.7,0.07288,0.0065,4904.2,11.8,0.03441,-0.0101,3177.6,4.1,0.03440,-0.0094,3171.6,-4.4,5007.2,-0.0565,0.0000,-0.0000,60.578,1,293.15,0,5110.1,-0.0531,0.0000,-0.0000,60.690,1,293.15,0,3385.7,-0.0296,-0.0000,0.0000,62.407,1,293.15,0,3392.1,-0.0294,-0.0000,0.0000,62.404,1,293.15,0
9.3833,144.9563,22.4224,0.5082,32.567,32.565,5331.2,5,0.074,0.000,1.000,0.000,0,1431.31,3581.27,1413.41,2177.58,0.00,7737.63,0.07292,0.0009,4869.0,-0.5,0.07292,0.0075,4903.8,5.3,0.03429,-0.0083,3181.1,6.0,0.03428,-0.0069,3181.6,1.0,5049.2,-0.0565,0.0000,-0.0000,60.346,1,293.15,0,5106.9,-0.0561,0.0000,-0.0000,60.496,1,293.15,0,3363.9,-0.0311,0.0000,0.0000,61.928,1,293.15,0,3385.8,-0.0310,0.0000,0.0000,61.924,1,293.15,0
9.4000,145.4911,22.4962,0.5081,32.368,32.366,5287.9,5,0.073,0.000,1.000,0.000,0,1414.39,3534.97,1393.59,2150.93,0.00,7648.17,0.07299,0.0037,4871.4,-13.2,0.07302,0.0047,4899.1,9.2,0.03421,-0.0032,3193.7,0.9,0.03421,-0.0015,3202.7,2.1,5076.7,-0.0553,0.0000,-0.0000,59.983,1,293.15,0,5074.1,-0.0533,0.0000,-0.0000,59.830,1,293.15,0,3383.9,-0.0327,0.0000,0.0000,61.450,1,293.15,0,3403.7,-0.0326,0.0000,0.0000,61.448,1,293.15,0
9.4167,146.0227,22.5694,0.5081,32.167,32.165,5244.5,5,0.073,0.000,1.000,0.000,0,1397.40,3488.54,1373.77,2124.09,0.00,7557.66,0.07312,0.0126,4913.7,-14.5,0.07312,0.0091,4906.4,-6.1,0.03419,0.0004,3210.4,3.0,0.03418,-0.0010,3196.2,-5.0,5162.8,-0.0545,0.0000,-0.0000,59.815,1,293.15,0,5095.0,-0.0506,0.0000,-0.0000,59.324,1,293.15,0,3412.9,-0.0342,-0.0000,0.0000,60.972,1,293.15,0,3402.3,-0.0341,-0.0000,0.0000,60.967,1,293.15,0
9.4333,146.5508,22.6423,0.5080,31.966,31.963,5201.2,5,0.073,0.000,1.000,0.000,0,1380.49,3442.37,1354.10,2097.36,0.00,7467.30,0.07323,0.0051,4911.0,11.5,0.07321,0.0041,4886.9,-7.6,0.03416,-0.0007,3200.3,-1.2,0.03417,-0.0010,3199.9,-0.6,5089.5,-0.0565,0.0000,-0.0000,59.308,1,293.15,0,5093.0,-0.0562,0.0000,-0.0000,59.317,1,293.15,0,3403.2,-0.0358,0.0000,0.0000,60.488,1,293.15,0,3400.3,-0.0357,0.0000,0.0000,60.486,1,293.15,0
9.4500,147.0757,22.7146,0.5079,31.761,31.759,5157.9,5,0.072,0.000,1.000,0.000,0,1363.42,3395.83,1334.30,2070.39,0.00,7376.09,0.07331,0.0052,4877.5,-25.2,0.07341,0.0143,4965.8,19.7,0.03414,-0.0027,3187.9,-3.2,0.03416,0.0001,3209.8,5.4,5086.2,-0.0544,0.0000,-0.0000,58.786,1,293.15,0,5152.9,-0.0555,0.0000,-0.0000,59.044,1,293.15,0,3380.2,-0.0373,0.0000,0.0000,60.004,1,293.15,0,3406.4,-0.0372,0.0000,0.0000,60.004,1,293.15,0
9.4667,147.5971,22.7865,0.5079,31.555,31.553,5114.5,5,0.072,0.000,1.000,0.000,0,1346.33,3349.34,1314.53,2043.49,0.00,7285.20,0.07353,0.0074,4928.4,8.2,0.07352,0.0132,4940.1,-5.0,0.03409,-0.0043,3182.9,1.4,0.03410,-0.0052,3179.7,2.1,5106.9,-0.0545,0.0000,-0.0000,58.450,1,293.15,0,5164.6,-0.0533,0.0000,-0.0000,58.551,1,293.15,0,3372.7,-0.0388,0.0000,0.0000,59.515,1,293.15,0,3372.3,-0.0389,0.0000,0.0000,59.517,1,293.15,0
9.4833,148.1151,22.8579,0.5079,31.350,31.347,5071.2,5,0.072,0.000,1.000,0.000,0,1329.34,3303.22,1294.91,2016.83,0.00,7195.35,0.07363,0.0061,4933.2,14.9,0.07361,-0.0001,4871.5,-18.6,0.03401,-0.0052,3172.4,-0.2,0.03401,-0.0053,3174.1,1.8,5134.9,-0.0566,0.0000,-0.0000,58.287,1,293.15,0,5090.5,-0.0581,0.0000,-0.0000,58.253,1,293.15,0,3369.4,-0.0404,0.0000,0.0000,59.028,1,293.15,0,3371.0,-0.0405,0.0000,0.0000,59.032,1,293.15,0
9.5000,148.6297,22.9289,0.5079,31.141,31.139,5027.9,5,0.071,0.000,1.000,0.000,0,1312.27,3256.97,1275.23,1990.15,0.00,7105.58,0.07377,0.0123,4940.3,-9.7,0.07379,0.0092,4934.9,-2.7,0.03389,-0.0089,3150.8,1.5,0.03388,-0.0090,3151.5,3.1,5163.5,-0.0580,0.0000,-0.0000,58.058,1,293.15,0,5120.7,-0.0567,0.0000,-0.0000,57.835,1,293.15,0,3342.0,-0.0420,0.0000,0.0000,58.537,1,293.15,0,3345.4,-0.0421,0.0000,0.0000,58.541,1,293.15,0
9.5167,149.1408,22.9993,0.5079,30.932,30.930,4984.5,5,0.071,0.000,1.000,0.000,0,1295.24,3210.93,1255.64,1963.65,0.00,7016.70,0.07385,0.0032,4914.6,1.1,0.07387,0.0087,4935.8,-2.3,0.03372,-0.0112,3130.5,1.2,0.03371,-0.0112,3133.0,4.1,5111.8,-0.0588,0.0000,-0.0000,57.544,1,293.15,0,5161.1,-0.0576,0.0000,-0.0000,57.629,1,293.15,0,3322.0,-0.0436,0.0000,0.0000,58.045,1,293.15,0,3327.2,-0.0436,0.0000,0.0000,58.052,1,293.15,0
9.5333,149.6485,23.0693,0.5080,30.722,30.719,4941.2,5,0.071,0.000,1.000,0.000,0,1278.18,3164.91,1236.05,1937.22,0.00,6928.22,0.07396,0.0100,4947.6,0.4,0.07396,0.0080,4928.5,-9.8,0.03349,-0.0140,3106.3,2.1,0.03348,-0.0147,3102.5,2.4,5163.5,-0.0577,0.0000,-0.0000,57.229,1,293.15,0,5136.5,-0.0547,0.0000,-0.0000,56.949,1,293.15,0,3303.3,-0.0452,-0.0000,0.0000,57.552,1,293.15,0,3299.6,-0.0453,-0.0000,0.0000,57.557,1,293.15,0
9.5500,150.1526,23.1389,0.5081,30.511,30.508,4897.9,5,0.070,0.000,1.000,0.000,0,1261.19,3119.17,1216.58,1910.99,0.00,6840.63,0.07398,0.0036,4911.5,-8.4,0.07400,0.0043,4922.8,-0.8,0.03322,-0.0162,3075.5,-3.6,0.03323,-0.0158,3089.8,8.3,5133.9,-0.0580,0.0000,-0.0000,56.755,1,293.15,0,5124.3,-0.0541,0.0000,-0.0000,56.469,1,293.15,0,3274.2,-0.0468,-0.0000,0.0000,57.065,1,293.15,0,3280.3,-0.0468,-0.0000,0.0000,57.058,1,293.15,0
9.5667,150.6533,23.2079,0.5082,30.299,30.296,4854.5,5,0.070,0.000,1.000,0.000,0,1244.26,3073.70,1197.23,1884.95,0.00,6753.83,0.07405,0.0024,4924.3,6.8,0.07407,0.0020,4913.1,-2.9,0.03294,-0.0202,3054.1,8.7,0.03291,-0.0208,3043.3,2.4,5105.7,-0.0586,0.0000,-0.0000,56.287,1,293.15,0,5117.7,-0.0548,0.0000,-0.0000,56.101,1,293.15,0,3236.5,-0.0485,-0.0000,0.0000,56.560,1,293.15,0,3243.1,-0.0485,-0.0000,0.0000,56.567,1,293.15,0
9.5833,151.1505,23.2764,0.5084,30.086,30.083,4811.2,5,0.070,0.000,1.000,0.000,0,1227.34,3028.38,1177.95,1859.02,0.00,6667.53,0.07415,0.0021,4915.0,-4.4,0.07416,0.0111,4969.1,10.0,0.03262,-0.0199,3033.0,5.2,0.03258,-0.0217,3021.5,3.8,5091.6,-0.0588,0.0000,-0.0000,55.845,1,293.15,0,5166.7,-0.0530,0.0000,-0.0000,55.693,1,293.15,0,3221.8,-0.0501,-0.0000,0.0000,56.066,1,293.15,0,3210.2,-0.0501,-0.0000,0.0000,56.072,1,293.15,0
9.6000,151.6441,23.3445,0.5086,29.873,29.870,4767.9,5,0.069,0.000,1.000,0.000,0,1210.54,2983.48,1158.85,1833.37,0.00,6582.30,0.07414,-0.0045,4896.8,6.4,0.07412,0.0023,4914.3,-4.8,0.03226,-0.0217,3001.1,1.4,0.03224,-0.0231,3000.8,8.9,5092.8,-0.0592,0.0000,-0.0000,55.478,1,293.15,0,5150.6,-0.0577,0.0000,-0.0000,55.566,1,293.15,0,3187.9,-0.0518,-0.0000,0.0000,55.576,1,293.15,0,3181.3,-0.0517,-0.0000,0.0000,55.569,1,293.15,0
9.6167,152.1343,23.4121,0.5088,29.658,29.656,4724.5,5,0.069,0.000,1.000,0.000,0,1193.75,2938.69,1139.81,1807.77,0.00,6497.28,0.07417,0.0047,4937.1,5.2,0.07416,0.0006,4908.3,-5.2,0.03189,-0.0231,2976.7,5.1,0.03188,-0.0226,2980.2,6.9,5128.4,-0.0578,0.0000,-0.0000,55.071,1,293.15,0,5098.8,-0.0583,0.0000,-0.0000,55.023,1,293.15,0,3159.5,-0.0533,0.0000,0.0000,55.076,1,293.15,0,3178.4,-0.0535,0.0000,0.0000,55.077,1,293.15,0
9.6333,152.6208,23.4792,0.5090,29.444,29.441,4681.2,5,0.069,0.000,1.000,0.000,0,1177.03,2894.21,1120.93,1782.36,-0.00,6412.89,0.07413,-0.0002,4904.9,-3.5,0.07411,-0.0005,4904.0,-2.8,0.03151,-0.0236,2949.1,1.5,0.03150,-0.0224,2957.9,6.0,5122.0,-0.0588,0.0000,-0.0000,54.712,1,293.15,0,5105.6,-0.0580,0.0000,-0.0000,54.605,1,293.15,0,3146.6,-0.0552,-0.0000,0.0000,54.579,1,293.15,0,3160.8,-0.0550,-0.0000,0.0000,54.582,1,293.15,0
9.6500,153.1038,23.5458,0.5092,29.227,29.224,4637.9,5,0.068,0.000,1.000,0.000,0,1160.31,2849.83,1102.10,1756.98,-0.00,6328.56,0.07412,-0.0039,4894.2,2.0,0.07412,0.0013,4920.5,5.5,0.03113,-0.0221,2936.2,3.8,0.03110,-0.0244,2924.3,4.4,5070.8,-0.0584,0.0000,-0.0000,54.108,1,293.15,0,5124.5,-0.0547,0.0000,-0.0000,54.042,1,293.15,0,3130.0,-0.0567,-0.0000,0.0000,54.084,1,293.15,0,3112.8,-0.0568,-0.0000,0.0000,54.082,1,293.15,0
9.6667,153.5833,23.6119,0.5094,29.012,29.009,4594.5,5,0.068,0.000,1.000,0.000,0,1143.76,2805.99,1083.54,1731.90,-0.00,6245.17,0.07402,-0.0073,4882.3,8.4,0.07401,-0.0021,4892.5,-3.5,0.03074,-0.0221,2908.4,-1.2,0.03071,-0.0238,2903.5,3.4,5071.2,-0.0594,0.0000,-0.0000,53.757,1,293.15,0,5123.8,-0.0584,0.0000,-0.0000,53.870,1,293.15,0,3121.3,-0.0586,-0.0000,0.0000,53.588,1,293.15,0,3097.3,-0.0584,-0.0000,0.0000,53.585,1,293.15,0
9.6833,154.0591,23.6775,0.5097,28.795,28.792,4551.2,5,0.067,0.000,1.000,0.000,0,1127.21,2762.23,1065.04,1706.83,-0.00,6161.69,0.07406,0.0039,4924.2,0.0,0.07404,-0.0063,4881.2,2.4,0.03034,-0.0236,2882.2,2.4,0.03032,-0.0225,2886.7,4.0,5109.1,-0.0568,-0.0000,-0.0000,53.285,1,293.15,0,5021.8,-0.0603,-0.0000,-0.0000,53.226,1,293.15,0,3083.0,-0.0602,0.0000,0.0000,53.089,1,293.15,0,3091.7,-0.0601,0.0000,0.0000,53.088,1,293.15,0
9.7000,154.5314,23.7426,0.5099,28.576,28.574,4507.9,5,0.067,0.000,1.000,0.000,0,1110.70,2718.69,1046.66,1681.85,0.00,6078.41,0.07390,-0.0113,4853.5,2.0,0.07387,-0.0069,4870.9,1.2,0.02997,-0.0221,2868.4,4.5,0.02993,-0.0219,2864.9,1.8,5052.2,-0.0574,-0.0000,-0.0000,52.743,1,293.15,0,5084.7,-0.0566,-0.0000,-0.0000,52.792,1,293.15,0,3068.2,-0.0619,0.0000,0.0000,52.594,1,293.15,0,3071.6,-0.0618,0.0000,0.0000,52.591,1,293.15,0
9.7167,155.0000,23.8072,0.5102,28.358,28.355,4464.5,5,0.067,0.000,1.000,0.000,0,1094.28,2675.44,1028.45,1656.99,0.00,5995.34,0.07384,-0.0069,4863.0,-6.0,0.07384,-0.0038,4893.2,10.7,0.02958,-0.0218,2841.3,-1.6,0.02956,-0.0236,2837.4,4.2,5051.8,-0.0589,0.0000,-0.0000,52.416,1,293.15,0,5074.7,-0.0542,0.0000,-0.0000,52.179,1,293.15,0,3052.4,-0.0636,-0.0000,0.0000,52.094,1,293.15,0,3029.6,-0.0634,-0.0000,0.0000,52.092,1,293.15,0
9.7333,155.4651,23.8713,0.5104,28.139,28.136,4421.2,5,0.066,0.000,1.000,0.000,0,1077.95,2632.53,1010.42,1632.28,0.00,5912.60,0.07372,-0.0054,4874.6,3.2,0.07370,-0.0081,4855.3,-3.4,0.02921,-0.0219,2820.9,0.2,0.02919,-0.0224,2824.7,7.7,5077.8,-0.0570,-0.0000,-0.0000,51.952,1,293.15,0,5053.4,-0.0581,-0.0000,-0.0000,51.947,1,293.15,0,3015.4,-0.0653,0.0000,0.0000,51.596,1,293.15,0,3011.8,-0.0651,0.0000,0.0000,51.596,1,293.15,0
9.7500,155.9265,23.9350,0.5106,27.920,27.917,4377.9,5,0.066,0.000,1.000,0.000,0,1061.57,2590.81,993.37,1607.75,0.00,5828.63,0.07364,-0.0053,4864.3,-4.4,0.07359,-0.0110,4845.5,3.3,0.02886,-0.0205,2812.1,6.2,0.02882,-0.0213,2799.3,-0.8,5069.9,-0.0613,0.0000,-0.0000,51.763,1,293.15,0,5004.9,-0.0603,0.0000,-0.0000,51.498,1,293.15,0,3013.3,-0.0669,0.0000,0.0000,51.102,1,293.15,0,3007.6,-0.0671,0.0000,0.0000,51.097,1,293.15,0
9.7667,156.3843,23.9981,0.5109,27.699,27.696,4334.5,5,0.065,0.000,1.000,0.000,0,1044.82,2550.32,977.66,1583.10,0.00,5741.19,0.07353,-0.0047,4872.3,4.9,0.07349,-0.0054,4859.3,-3.5,0.02850,-0.0226,2778.3,3.3,0.02848,-0.0188,2799.1,8.4,5069.5,-0.0583,-0.0000,-0.0000,51.152,1,293.15,0,5060.0,-0.0579,-0.0000,-0.0000,51.109,1,293.15,0,2961.4,-0.0687,0.0000,0.0000,50.600,1,293.15,0,3002.2,-0.0686,0.0000,0.0000,50.604,1,293.15,0
9.7833,156.8384,24.0607,0.5111,27.478,27.475,4291.2,5,0.065,0.000,1.000,0.000,0,1028.22,2510.22,962.11,1558.67,0.00,5654.43,0.07339,-0.0114,4834.9,1.8,0.07339,-0.0066,4866.1,12.1,0.02816,-0.0221,2758.8,1.5,0.02814,-0.0193,2776.9,8.5,4999.2,-0.0604,0.0000,-0.0000,50.631,1,293.15,0,5055.1,-0.0577,0.0000,-0.0000,50.649,1,293.15,0,2946.9,-0.0705,-0.0000,0.0000,50.101,1,293.15,0,2975.6,-0.0703,-0.0000,0.0000,50.106,1,293.15,0
9.8000,157.2889,24.1228,0.5113,27.256,27.254,4247.9,5,0.065,0.000,1.000,0.000,0,1011.69,2470.28,946.64,1534.30,0.00,5567.80,0.07328,-0.0062,4851.4,-0.5,0.07325,-0.0124,4826.3,2.5,0.02783,-0.0200,2747.0,0.6,0.02781,-0.0183,2759.2,6.0,5048.1,-0.0586,-0.0000,-0.0000,50.253,1,293.15,0,4991.4,-0.0594,-0.0000,-0.0000,50.123,1,293.15,0,2943.6,-0.0720,0.0000,0.0000,49.603,1,293.15,0,2960.3,-0.0721,0.0000,0.0000,49.611,1,293.15,0
9.8167,157.7357,24.1844,0.5116,27.034,27.031,4204.5,5,0.064,0.000,1.000,0.000,0,995.22,2430.47,931.22,1509.99,0.00,5481.23,0.07317,-0.0079,4842.0,1.7,0.07314,-0.0072,4843.0,0.6,0.02753,-0.0184,2740.7,4.7,0.02750,-0.0169,2745.2,4.2,5039.5,-0.0612,0.0000,-0.0000,49.951,1,293.15,0,5041.3,-0.0565,0.0000,-0.0000,49.681,1,293.15,0,2928.4,-0.0737,-0.0000,0.0000,49.110,1,293.15,0,2946.2,-0.0738,-0.0000,0.0000,49.113,1,293.15,0
9.8333,158.1788,24.2455,0.5118,26.811,26.808,4161.2,5,0.064,0.000,1.000,0.000,0,978.90,2391.01,915.95,1485.86,0.00,5395.25,0.07302,-0.0114,4814.8,-4.8,0.07301,-0.0129,4822.7,10.1,0.02721,-0.0183,2721.3,4.0,0.02719,-0.0196,2711.8,1.8,5006.7,-0.0644,0.0000,-0.0000,49.594,1,293.15,0,4991.0,-0.0565,0.0000,-0.0000,49.101,1,293.15,0,2918.8,-0.0756,-0.0000,0.0000,48.608,1,293.15,0,2910.6,-0.0756,-0.0000,0.0000,48.612,1,293.15,0
9.8500,158.6183,24.3061,0.5120,26.587,26.584,4117.9,5,0.063,0.000,1.000,0.000,0,962.60,2351.60,900.72,1461.73,0.00,5309.17,0.07296,-0.0039,4847.9,-2.1,0.07295,-0.0045,4851.6,4.4,0.02691,-0.0200,2693.3,1.9,0.02689,-0.0178,2708.1,7.8,5041.2,-0.0579,-0.0000,-0.0000,48.894,1,293.15,0,5033.9,-0.0623,-0.0000,-0.0000,49.125,1,293.15,0,2880.0,-0.0772,0.0000,0.0000,48.107,1,293.15,0,2904.6,-0.0773,0.0000,0.0000,48.117,1,293.15,0
9.8667,159.0540,24.3662,0.5122,26.362,26.359,4074.5,5,0.063,0.000,1.000,0.000,0,946.40,2312.41,885.57,1437.73,0.00,5223.43,0.07287,-0.0072,4849.0,16.6,0.07284,-0.0004,4857.4,-3.9,0.02660,-0.0181,2681.6,0.2,0.02659,-0.0198,2679.8,6.4,5012.8,-0.0569,-0.0000,-0.0000,48.297,1,293.15,0,5093.3,-0.0615,-0.0000,-0.0000,48.836,1,293.15,0,2876.2,-0.0791,0.0000,0.0000,47.616,1,293.15,0,2866.1,-0.0790,0.0000,0.0000,47.609,1,293.15,0
9.8833,159.4860,24.4257,0.5124,26.137,26.134,4031.2,5,0.063,0.000,1.000,0.000,0,930.31,2273.48,870.54,1413.85,0.00,5138.10,0.07281,-0.0050,4856.0,16.4,0.07277,-0.0038,4839.0,-4.5,0.02632,-0.0173,2669.4,1.9,0.02630,-0.0157,2678.3,4.9,5019.7,-0.0578,-0.0000,-0.0000,47.938,1,293.15,0,5050.2,-0.0617,-0.0000,-0.0000,48.273,1,293.15,0,2862.8,-0.0808,0.0000,0.0000,47.112,1,293.15,0,2878.6,-0.0808,0.0000,0.0000,47.124,1,293.15,0
9.9000,159.9143,24.4848,0.5126,25.912,25.909,3987.9,5,0.062,0.000,1.000,0.000,0,914.32,2234.77,855.59,1390.10,0.00,5053.11,0.07266,-0.0039,4842.9,3.7,0.07262,-0.0084,4807.4,-10.8,0.02604,-0.0155,2659.8,1.1,0.02602,-0.0175,2651.4,2.5,5066.6,-0.0593,-0.0000,-0.0000,47.747,1,293.15,0,5015.8,-0.0618,-0.0000,-0.0000,47.738,1,293.15,0,2861.0,-0.0826,0.0000,0.0000,46.623,1,293.15,0,2845.0,-0.0825,0.0000,0.0000,46.615,1,293.15,0
9.9167,160.3388,24.5433,0.5128,25.686,25.683,3944.5,5,0.062,0.000,1.000,0.000,0,898.46,2196.38,840.78,1366.52,0.00,4968.68,0.07267,-0.0143,4798.5,4.7,0.07258,-0.0022,4858.8,15.1,0.02571,-0.0198,2617.6,-2.6,0.02571,-0.0187,2632.4,7.6,4947.0,-0.0641,0.0000,-0.0000,47.213,1,293.15,0,5046.5,-0.0608,0.0000,-0.0000,47.327,1,293.15,0,2819.1,-0.0846,-0.0000,0.0000,46.112,1,293.15,0,2829.1,-0.0844,-0.0000,0.0000,46.115,1,293.15,0
9.9333,160.7596,24.6014,0.5130,25.459,25.456,3901.2,5,0.061,0.000,1.000,0.000,0,882.62,2158.02,825.99,1342.94,0.00,4884.16,0.07246,-0.0038,4813.2,-19.2,0.07254,-0.0019,4852.7,8.9,0.02544,-0.0167,2614.3,-2.4,0.02545,-0.0146,2636.3,9.4,5046.7,-0.0619,0.0000,-0.0000,46.956,1,293.15,0,5052.0,-0.0607,0.0000,-0.0000,46.889,1,293.15,0,2806.1,-0.0861,-0.0000,0.0000,45.614,1,293.15,0,2831.9,-0.0861,-0.0000,0.0000,45.629,1,293.15,0
9.9500,161.1767,24.6589,0.5131,25.231,25.228,3857.9,5,0.061,0.000,1.000,0.000,0,866.88,2119.89,811.29,1319.50,0.00,4800.08,0.07258,-0.0065,4862.1,37.2,0.07249,-0.0083,4818.5,4.6,0.02518,-0.0136,2620.0,5.0,0.02518,-0.0164,2602.7,0.3,4932.0,-0.0600,-0.0000,-0.0000,46.009,1,293.15,0,4977.0,-0.0622,-0.0000,-0.0000,46.315,1,293.15,0,2814.2,-0.0880,0.0000,0.0000,45.129,1,293.15,0,2801.5,-0.0879,0.0000,0.0000,45.119,1,293.15,0
9.9667,161.5899,24.7159,0.5133,25.002,25.000,3814.5,5,0.061,0.000,1.000,0.000,0,851.28,2082.10,796.72,1296.24,0.00,4716.63,0.07231,-0.0100,4772.3,-27.5,0.07245,0.0189,4955.0,24.2,0.02490,-0.0187,2572.3,-2.9,0.02490,-0.0151,2599.9,8.9,4990.1,-0.0663,0.0000,-0.0000,46.120,1,293.15,0,5228.0,-0.0553,0.0000,-0.0000,46.153,1,293.15,0,2769.3,-0.0899,-0.0000,0.0000,44.621,1,293.15,0,2801.1,-0.0898,-0.0000,0.0000,44.620,1,293.15,0
9.9833,161.9994,24.7723,0.5135,24.775,24.773,3771.2,5,0.060,0.000,1.000,0.000,0,835.88,2044.80,782.35,1273.29,0.00,4634.25,0.07242,-0.0133,4833.9,44.9,0.07231,-0.0212,4747.9,-3.0,0.02464,-0.0191,2572.0,14.6,0.02460,-0.0184,2556.3,-1.6,4910.7,-0.0703,-0.0000,-0.0000,45.586,1,293.15,0,4911.2,-0.0666,-0.0000,-0.0000,45.469,1,293.15,0,2747.1,-0.0917,0.0000,0.0000,44.115,1,293.15,0,2770.4,-0.0919,0.0000,0.0000,44.119,1,293.15,0
10.0000,162.4052,24.8283,0.5137,24.545,24.542,3727.9,5,0.060,0.000,1.000,0.000,0,820.38,2007.21,767.88,1250.12,0.00,4550.98,0.07219,-0.0095,4794.7,-2.8,0.07224,0.0164,4920.2,7.7,0.02435,-0.0198,2537.6,1.2,0.02433,-0.0141,2570.8,10.2,4986.0,-0.0632,0.0000,-0.0000,45.046,1,293.15,0,5210.5,-0.0608,0.0000,-0.0000,45.587,1,293.15,0,2718.9,-0.0937,0.0000,0.0000,43.615,1,293.15,0,2772.8,-0.0934,0.0000,0.0000,43.628,1,293.15,0
10.0167,162.8071,24.8837,0.5139,24.315,24.312,3684.5,5,0.059,0.000,1.000,0.000,0,805.11,1970.19,753.63,1227.30,0.00,4468.94,0.07219,-0.0130,4785.7,3.8,0.07215,-0.0107,4795.9,5.0,0.02407,-0.0152,2534.4,-5.0,0.02406,-0.0160,2538.0,2.7,4968.3,-0.0639,0.0000,-0.0000,44.623,1,293.15,0,4989.6,-0.0641,0.0000,-0.0000,44.668,1,293.15,0,2754.7,-0.0955,0.0000,0.0000,43.128,1,293.15,0,2735.6,-0.0955,0.0000,0.0000,43.117,1,293.15,0
10.0333,163.2052,24.9386,0.5140,24.084,24.082,3641.2,5,0.059,0.000,1.000,0.000,0,789.91,1933.33,739.45,1204.56,0.00,4387.13,0.07216,-0.0029,4841.9,16.7,0.07215,0.0019,4840.8,-4.8,0.02381,-0.0146,2527.9,1.9,0.02379,-0.0175,2515.9,3.9,5003.7,-0.0654,0.0000,-0.0000,44.305,1,293.15,0,5070.8,-0.0652,0.0000,-0.0000,44.532,1,293.15,0,2721.6,-0.0973,0.0000,0.0000,42.629,1,293.15,0,2698.7,-0.0973,0.0000,0.0000,42.615,1,293.15,0
10.0500,163.5995,24.9930,0.5142,23.854,23.851,3597.9,5,0.059,0.000,1.000,0.000,0,774.85,1896.80,725.39,1182.03,0.00,4306.02,0.07210,-0.0055,4820.0,8.0,0.07209,-0.0039,4817.8,-0.6,0.02355,-0.0157,2506.1,0.8,0.02353,-0.0158,2506.5,2.9,4998.9,-0.0615,-0.0000,-0.0000,43.644,1,293.15,0,5025.8,-0.0733,-0.0000,-0.0000,44.307,1,293.15,0,2707.5,-0.0992,0.0001,0.0000,42.128,1,293.15,0,2704.6,-0.0993,0.0001,0.0000,42.119,1,293.15,0
10.0667,163.9900,25.0468,0.5144,23.622,23.619,3554.5,5,0.058,0.000,1.000,0.000,0,759.85,1860.41,711.40,1159.57,0.00,4225.15,0.07203,-0.0011,4820.5,-7.6,0.07202,-0.0076,4796.1,-3.5,0.02326,-0.0172,2485.3,4.5,0.02326,-0.0141,2499.1,4.8,5054.0,-0.0669,0.0000,-0.0000,43.658,1,293.15,0,4977.6,-0.0657,0.0000,-0.0000,43.341,1,293.15,0,2670.2,-0.1011,0.0000,0.0000,41.620,1,293.15,0,2709.6,-0.1013,0.0000,0.0000,41.626,1,293.15,0
10.0833,164.3766,25.1001,0.5145,23.388,23.385,3511.2,5,0.058,0.000,1.000,0.000,0,744.91,1824.15,697.45,1137.17,0.00,4144.45,0.07201,-0.0027,4832.6,12.1,0.07199,-0.0002,4824.0,-7.1,0.02302,-0.0173,2471.6,6.5,0.02300,-0.0154,2478.5,6.1,5016.2,-0.0637,0.0000,-0.0000,42.893,1,293.15,0,5052.8,-0.0633,0.0000,-0.0000,43.018,1,293.15,0,2646.4,-0.1029,0.0000,0.0000,41.120,1,293.15,0,2677.4,-0.1031,0.0000,0.0000,41.124,1,293.15,0
10.1000,164.7594,25.1529,0.5147,23.156,23.153,3467.9,5,0.057,0.000,1.000,0.000,0,730.18,1788.40,683.71,1115.09,0.00,4064.87,0.07193,-0.0031,4821.5,5.9,0.07192,-0.0001,4827.1,-1.6,0.02274,-0.0174,2451.3,3.6,0.02273,-0.0155,2459.2,4.4,5007.8,-0.0646,-0.0000,-0.0000,42.454,1,293.15,0,5041.6,-0.0655,-0.0000,-0.0000,42.616,1,293.15,0,2640.7,-0.1050,0.0000,0.0000,40.618,1,293.15,0,2662.8,-0.1052,0.0000,0.0000,40.623,1,293.15,0
10.1167,165.1383,25.2051,0.5149,22.922,22.919,3424.5,5,0.057,0.000,1.000,0.000,0,715.51,1752.79,670.03,1093.08,0.00,3985.49,0.07190,-0.0054,4821.4,16.6,0.07186,-0.0045,4801.9,-5.2,0.02249,-0.0152,2445.8,4.6,0.02247,-0.0126,2454.0,2.0,4987.4,-0.0664,0.0000,-0.0000,42.028,1,293.15,0,5013.1,-0.0634,0.0000,-0.0000,41.982,1,293.15,0,2637.7,-0.1069,0.0000,0.0000,40.123,1,293.15,0,2665.9,-0.1071,0.0000,0.0000,40.129,1,293.15,0
10.1333,165.5134,25.2569,0.5150,22.689,22.686,3381.2,5,0.056,0.000,1.000,0.000,0,701.01,1717.58,656.50,1071.31,0.00,3906.96,0.07181,-0.0010,4814.8,-6.0,0.07184,-0.0021,4816.9,0.3,0.02221,-0.0172,2414.8,-0.2,0.02219,-0.0185,2413.8,5.6,5030.8,-0.0686,0.0000,-0.0000,41.819,1,293.15,0,5015.0,-0.0660,0.0000,-0.0000,41.646,1,293.15,0,2612.4,-0.1091,0.0000,0.0000,39.621,1,293.15,0,2601.6,-0.1091,0.0000,0.0000,39.610,1,293.15,0
10.1500,165.8846,25.3081,0.5152,22.454,22.451,3337.9,5,0.056,0.000,1.000,0.000,0,686.55,1682.47,643.01,1049.59,0.00,3828.55,0.07176,-0.0027,4817.1,5.8,0.07175,-0.0014,4813.4,-3.1,0.02196,-0.0132,2425.9,8.6,0.02194,-0.0143,2407.8,-2.9,5008.2,-0.0639,-0.0000,-0.0000,41.041,1,293.15,0,5024.9,-0.0680,-0.0000,-0.0000,41.306,1,293.15,0,2618.5,-0.1110,0.0001,0.0000,39.123,1,293.15,0,2616.7,-0.1111,0.0001,0.0000,39.127,1,293.15,0
10.1667,166.2519,25.3587,0.5154,22.219,22.216,3294.5,5,0.056,0.000,1.000,0.000,0,672.26,1647.75,629.68,1028.10,0.00,3750.95,0.07176,0.0006,4832.1,6.7,0.07173,-0.0007,4810.0,-9.1,0.02167,-0.0191,2376.6,3.6,0.02166,-0.0144,2398.6,5.7,5036.1,-0.0635,-0.0000,-0.0000,40.652,1,293.15,0,5023.6,-0.0708,-0.0000,-0.0000,40.972,1,293.15,0,2563.7,-0.1131,0.0001,0.0000,38.610,1,293.15,0,2611.0,-0.1133,0.0001,0.0000,38.625,1,293.15,0
10.1833,166.6153,25.4088,0.5155,21.983,21.980,3251.2,5,0.055,0.000,1.000,0.000,0,658.09,1613.30,616.45,1006.77,0.00,3673.88,0.07165,-0.0077,4782.5,-2.8,0.07164,-0.0103,4776.1,2.7,0.02143,-0.0157,2372.6,-0.2,0.02142,-0.0139,2391.2,10.9,4987.9,-0.0707,0.0000,-0.0000,40.401,1,293.15,0,4960.8,-0.0713,0.0000,-0.0000,40.337,1,293.15,0,2551.6,-0.1151,0.0000,0.0000,38.123,1,293.15,0,2575.0,-0.1151,0.0000,0.0000,38.122,1,293.15,0
10.2000,166.9749,25.4584,0.5157,21.745,21.742,3207.9,5,0.055,0.000,1.000,0.000,0,643.90,1578.81,603.22,985.40,0.00,3596.63,0.07167,0.0068,4854.7,5.3,0.07164,-0.0060,4787.5,-5.2,0.02118,-0.0154,2365.0,6.2,0.02116,-0.0143,2364.4,2.4,5043.8,-0.0628,-0.0000,-0.0000,39.664,1,293.15,0,4940.3,-0.0652,-0.0000,-0.0000,39.515,1,293.15,0,2550.4,-0.1171,0.0001,0.0000,37.616,1,293.15,0,2567.0,-0.1172,0.0001,0.0000,37.627,1,293.15,0
10.2167,167.3304,25.5075,0.5159,21.509,21.506,3164.6,5,0.054,0.000,1.000,0.000,0,630.00,1544.99,590.24,964.45,0.00,3520.87,0.07159,0.0002,4818.1,0.5,0.07157,-0.0024,4795.7,-9.9,0.02092,-0.0142,2351.2,3.7,0.02090,-0.0135,2348.5,-0.1,5044.8,-0.0652,-0.0000,-0.0000,39.364,1,293.15,0,5008.1,-0.0706,-0.0000,-0.0000,39.512,1,293.15,0,2551.3,-0.1193,0.0001,0.0000,37.118,1,293.15,0,2556.1,-0.1194,0.0001,0.0000,37.127,1,293.15,0
10.2333,167.6821,25.5560,0.5160,21.271,21.268,3121.2,5,0.054,0.000,1.000,0.000,0,616.11,1511.21,577.28,943.51,0.00,3445.10,0.07153,-0.0037,4803.6,4.9,0.07155,-0.0006,4818.9,6.2,0.02066,-0.0149,2324.8,-3.0,0.02066,-0.0157,2331.3,6.9,4968.7,-0.0667,0.0000,-0.0000,38.711,1,293.15,0,5016.0,-0.0671,0.0000,-0.0000,38.891,1,293.15,0,2524.5,-0.1213,0.0000,0.0000,36.617,1,293.15,0,2518.9,-0.1215,0.0000,0.0000,36.622,1,293.15,0
10.2500,168.0299,25.6039,0.5162,21.031,21.029,3077.9,5,0.053,0.000,1.000,0.000,0,602.34,1477.71,564.43,922.74,0.00,3369.90,0.07150,0.0020,4813.8,-8.5,0.07148,-0.0055,4784.4,-4.5,0.02043,-0.0142,2321.5,5.0,0.02041,-0.0141,2317.2,1.4,5050.1,-0.0656,0.0000,-0.0000,38.460,1,293.15,0,4961.6,-0.0659,0.0000,-0.0000,38.192,1,293.15,0,2512.8,-0.1233,0.0000,0.0000,36.123,1,293.15,0,2520.0,-0.1236,0.0000,0.0000,36.122,1,293.15,0
10.2667,168.3737,25.6513,0.5163,20.793,20.790,3034.9,5,0.053,0.000,1.000,0.000,0,588.73,1444.59,551.73,902.20,0.00,3295.52,0.07145,-0.0033,4782.6,-14.7,0.07146,0.0012,4831.3,13.9,0.02018,-0.0161,2293.1,0.8,0.02017,-0.0148,2303.7,6.6,4985.2,-0.0718,0.0000,-0.0000,38.064,1,293.15,0,5006.9,-0.0636,0.0000,-0.0000,37.715,1,293.15,0,2483.2,-0.1256,0.0000,0.0000,35.617,1,293.15,0,2498.3,-0.1257,0.0000,0.0000,35.623,1,293.15,0
10.2833,168.7135,25.6982,0.5165,20.553,20.550,2992.6,5,0.053,0.000,1.000,0.000,0,575.24,1411.75,539.14,881.82,0.00,3221.70,0.07136,-0.0076,4778.0,3.0,0.07138,-0.0022,4804.2,5.1,0.01992,-0.0148,2280.8,-0.7,0.01992,-0.0152,2285.3,5.5,4957.2,-0.0689,0.0000,-0.0000,37.375,1,293.15,0,5017.6,-0.0687,0.0000,-0.0000,37.550,1,293.15,0,2477.8,-0.1278,0.0000,0.0000,35.130,1,293.15,0,2478.2,-0.1277,0.0000,0.0000,35.122,1,293.15,0
10.3000,169.0494,25.7445,0.5166,20.312,20.310,2951.2,5,0.052,0.000,1.000,0.000,0,561.85,1379.13,526.64,861.57,0.00,3148.30,0.07142,0.0119,4856.1,-6.3,0.07141,0.0080,4835.1,-10.0,0.01968,-0.0152,2267.3,3.1,0.01967,-0.0158,2263.4,2.9,5092.4,-0.0690,0.0000,-0.0000,37.280,1,293.15,0,5034.8,-0.0678,0.0000,-0.0000,37.041,1,293.15,0,2460.9,-0.1296,0.0000,0.0000,34.635,1,293.15,0,2460.4,-0.1297,0.0000,0.0000,34.644,1,293.15,0
10.3167,169.3813,25.7903,0.5168,20.071,20.069,2910.5,5,0.052,0.000,1.000,0.000,0,548.59,1346.85,514.27,841.53,0.00,3075.66,0.07132,-0.0079,4778.8,6.5,0.07129,-0.0124,4748.5,-2.9,0.01943,-0.0147,2248.9,-1.6,0.01943,-0.0134,2261.6,5.7,4972.5,-0.0674,0.0000,-0.0000,36.394,1,293.15,0,4938.8,-0.0712,0.0000,-0.0000,36.481,1,293.15,0,2447.8,-0.1314,0.0000,0.0000,34.163,1,293.15,0,2460.0,-0.1313,0.0000,0.0000,34.163,1,293.15,0
10.3333,169.7092,25.8356,0.5169,19.829,19.826,2870.4,5,0.051,0.000,1.000,0.000,0,535.42,1314.75,501.97,821.59,0.00,3003.33,0.07132,0.0061,4822.4,-11.1,0.07134,0.0032,4822.7,1.4,0.01920,-0.0142,2241.1,3.3,0.01918,-0.0161,2230.8,2.6,5043.8,-0.0673,0.0000,-0.0000,36.106,1,293.15,0,5000.6,-0.0663,0.0000,-0.0000,35.917,1,293.15,0,2433.9,-0.1328,0.0000,0.0000,33.691,1,293.15,0,2422.3,-0.1330,0.0000,0.0000,33.686,1,293.15,0
10.3500,170.0331,25.8802,0.5171,19.588,19.585,2830.3,5,0.051,0.000,1.000,0.000,0,522.50,1283.27,489.91,802.03,0.00,2932.41,0.07127,-0.0119,4756.7,3.6,0.07125,-0.0049,4789.2,6.6,0.01893,-0.0154,2213.4,-1.8,0.01891,-0.0148,2221.8,4.7,4933.7,-0.0717,0.0000,-0.0000,35.525,1,293.15,0,4999.1,-0.0718,0.0000,-0.0000,35.709,1,293.15,0,2417.0,-0.1346,0.0000,0.0000,33.219,1,293.15,0,2417.7,-0.1345,0.0000,0.0000,33.217,1,293.15,0
10.3667,170.3530,25.9244,0.5172,19.345,19.343,2791.1,5,0.050,0.000,1.000,0.000,0,509.63,1251.88,477.89,782.53,0.00,2861.58,0.07124,0.0001,4798.9,-5.4,0.07126,-0.0001,4809.5,5.2,0.01870,-0.0147,2206.1,2.8,0.01869,-0.0118,2219.7,3.8,4996.0,-0.0714,0.0000,-0.0000,35.179,1,293.15,0,4994.6,-0.0714,0.0000,-0.0000,35.166,1,293.15,0,2397.2,-0.1359,0.0000,0.0000,32.757,1,293.15,0,2429.3,-0.1357,0.0000,0.0000,32.762,1,293.15,0
10.3833,170.6689,25.9679,0.5174,19.102,19.100,2752.4,5,0.050,0.000,1.000,0.000,0,496.89,1220.84,466.00,763.22,0.00,2791.50,0.07120,-0.0030,4788.8,-0.4,0.07120,-0.0030,4790.2,0.7,0.01848,-0.0139,2196.4,3.9,0.01846,-0.0147,2193.1,4.9,4987.7,-0.0727,0.0000,-0.0000,34.725,1,293.15,0,4989.1,-0.0727,0.0000,-0.0000,34.725,1,293.15,0,2379.5,-0.1369,0.0000,0.0000,32.296,1,293.15,0,2382.6,-0.1371,0.0000,0.0000,32.301,1,293.15,0
10.4000,170.9807,26.0110,0.5175,18.859,18.856,2713.7,5,0.050,0.000,1.000,0.000,0,484.30,1190.11,454.24,744.11,0.00,2722.08,0.07115,0.0006,4800.7,-2.4,0.07114,-0.0069,4765.5,-4.7,0.01825,-0.0134,2184.6,4.7,0.01823,-0.0126,2185.6,2.9,5019.5,-0.0717,0.0000,-0.0000,34.287,1,293.15,0,4947.1,-0.0730,0.0000,-0.0000,34.127,1,293.15,0,2371.1,-0.1381,0.0000,0.0000,31.841,1,293.15,0,2387.2,-0.1382,0.0000,0.0000,31.850,1,293.15,0
10.4167,171.2885,26.0534,0.5177,18.615,18.612,2675.1,5,0.049,0.000,1.000,0.000,0,471.87,1159.77,442.63,725.24,0.00,2653.49,0.07113,-0.0019,4794.1,2.8,0.07112,-0.0003,4795.1,-2.8,0.01800,-0.0158,2155.8,2.2,0.01799,-0.0122,2174.7,5.8,4993.0,-0.0721,-0.0000,-0.0000,33.736,1,293.15,0,5005.3,-0.0753,-0.0000,-0.0000,33.897,1,293.15,0,2343.3,-0.1393,0.0000,0.0000,31.382,1,293.15,0,2381.2,-0.1393,0.0000,0.0000,31.398,1,293.15,0
10.4333,171.5923,26.0953,0.5178,18.370,18.367,2637.5,5,0.049,0.000,1.000,0.000,0,459.51,1129.62,431.09,706.47,0.00,2585.27,0.07109,0.0002,4787.8,-11.0,0.07106,-0.0049,4776.1,0.5,0.01781,-0.0111,2159.7,-2.7,0.01779,-0.0129,2158.1,5.0,5018.1,-0.0767,0.0000,-0.0000,33.494,1,293.15,0,4946.2,-0.0702,0.0000,-0.0000,33.010,1,293.15,0,2360.4,-0.1401,-0.0000,0.0000,30.954,1,293.15,0,2338.8,-0.1402,-0.0000,0.0000,30.939,1,293.15,0
10.4500,171.8921,26.1367,0.5179,18.125,18.123,2599.3,4,0.048,0.000,1.000,0.000,0,447.37,1099.97,419.74,688.02,0.00,2518.16,0.07106,0.0045,4809.2,-7.5,0.07104,-0.0052,4770.5,-3.2,0.01757,-0.0151,2134.2,5.6,0.01756,-0.0115,2147.8,3.8,5035.4,-0.0785,0.0000,-0.0000,33.085,1,293.15,0,4932.2,-0.0725,0.0000,-0.0000,32.579,1,293.15,0,2316.9,-0.1413,-0.0000,0.0000,30.487,1,293.15,0,2359.6,-0.1412,-0.0000,0.0000,30.504,1,293.15,0
10.4667,172.1877,26.1775,0.5181,17.873,17.870,2629.3,4,0.048,0.000,1.000,0.000,0,434.99,1069.71,408.17,669.18,0.00,2449.59,0.07103,0.0079,4830.0,-0.7,0.07099,-0.0042,4762.3,-13.7,0.01738,-0.0144,2124.8,5.4,0.01737,-0.0124,2134.5,6.9,5064.6,-0.0724,-0.0000,-0.0000,32.410,1,293.15,0,4936.9,-0.0781,-0.0000,-0.0000,32.274,1,293.15,0,2297.1,-0.2199,0.0000,0.0000,26.469,1,293.15,0,2329.2,-0.2199,0.0000,0.0000,26.469,1,293.15,0
10.4833,172.4789,26.2176,0.5182,17.604,17.602,2659.3,4,0.048,0.000,1.000,0.000,0,422.02,1038.00,396.04,649.42,0.00,2377.68,0.07111,0.0166,4867.1,-4.1,0.07108,0.0018,4790.6,-14.7,0.01709,-0.0194,2082.9,4.2,0.01707,-0.0186,2087.3,6.3,5106.6,-0.0740,-0.0000,-0.0000,32.023,1,293.15,0,4953.5,-0.0751,-0.0000,-0.0000,31.665,1,293.15,0,2266.6,-0.2607,0.0000,0.0000,25.523,1,293.15,0,2282.5,-0.2604,0.0000,0.0000,25.522,1,293.15,0
10.5000,172.7657,26.2572,0.5184,17.336,17.333,2671.7,4,0.047,0.000,1.000,0.000,0,409.25,1006.80,384.11,629.98,0.00,2306.90,0.07121,0.0062,4813.5,-16.1,0.07126,0.0194,4900.5,11.4,0.01670,-0.0248,2029.6,0.3,0.01669,-0.0251,2035.3,8.1,5018.7,-0.0743,0.0000,-0.0000,31.273,1,293.15,0,5117.1,-0.0726,0.0000,-0.0000,31.437,1,293.15,0,2225.8,-0.2519,0.0000,0.0000,25.526,1,293.15,0,2228.7,-0.2520,0.0000,0.0000,25.530,1,293.15,0
10.5167,173.0481,26.2962,0.5185,17.069,17.066,2675.7,4,0.047,0.000,1.000,0.000,0,396.72,976.17,372.39,610.89,0.00,2237.39,0.07150,0.0177,4899.2,8.3,0.07149,0.0054,4829.9,-6.6,0.01626,-0.0271,1990.5,-0.0,0.01624,-0.0286,1991.4,9.0,5071.8,-0.0762,0.0000,-0.0000,30.889,1,293.15,0,4979.0,-0.0759,0.0000,-0.0000,30.660,1,293.15,0,2187.2,-0.2394,0.0000,0.0000,25.546,1,293.15,0,2177.1,-0.2396,0.0000,0.0000,25.551,1,293.15,0
10.5333,173.3260,26.3345,0.5186,16.801,16.799,2676.3,4,0.047,0.000,1.000,0.000,0,384.39,946.01,360.86,592.09,0.00,2168.89,0.07172,0.0117,4862.6,-10.3,0.07171,0.0218,4918.9,2.3,0.01579,-0.0295,1953.3,4.4,0.01576,-0.0282,1960.9,8.0,5072.7,-0.0777,0.0000,-0.0000,30.436,1,293.15,0,5129.7,-0.0718,0.0000,-0.0000,30.323,1,293.15,0,2141.7,-0.2276,-0.0000,0.0000,25.524,1,293.15,0,2161.4,-0.2275,-0.0000,0.0000,25.533,1,293.15,0
10.5500,173.5996,26.3722,0.5188,16.537,16.535,2671.9,4,0.046,0.000,1.000,0.000,0,372.41,916.70,349.66,573.82,0.00,2102.30,0.07198,0.0181,4915.7,5.7,0.07198,0.0186,4901.0,-11.7,0.01530,-0.0274,1926.6,0.1,0.01529,-0.0283,1928.0,6.2,5112.6,-0.0774,0.0000,-0.0000,29.943,1,293.15,0,5119.2,-0.0758,0.0000,-0.0000,29.936,1,293.15,0,2132.2,-0.2168,-0.0000,0.0000,25.458,1,293.15,0,2127.7,-0.2169,-0.0000,0.0000,25.462,1,293.15,0
10.5667,173.8689,26.4094,0.5189,16.276,16.273,2663.3,4,0.046,0.000,1.000,0.000,0,360.74,888.13,338.74,556.00,0.00,2037.31,0.07218,0.0102,4878.9,-4.3,0.07219,0.0082,4872.6,-2.5,0.01487,-0.0253,1904.7,-2.6,0.01487,-0.0242,1921.5,9.7,5086.7,-0.0821,0.0000,-0.0000,29.527,1,293.15,0,5062.1,-0.0812,0.0000,-0.0000,29.421,1,293.15,0,2105.4,-0.2073,-0.0000,0.0000,25.356,1,293.15,0,2117.2,-0.2073,-0.0000,0.0000,25.355,1,293.15,0
10.5833,174.1338,26.4459,0.5190,16.016,16.013,2650.8,4,0.045,0.000,1.000,0.000,0,349.28,860.06,328.01,538.48,-0.00,1973.40,0.07236,0.0182,4925.4,0.6,0.07235,0.0118,4879.4,-17.1,0.01450,-0.0204,1908.6,4.4,0.01448,-0.0222,1895.9,1.3,5155.7,-0.0797,0.0000,-0.0000,29.055,1,293.15,0,5086.5,-0.0807,0.0000,-0.0000,28.922,1,293.15,0,2108.7,-0.1985,-0.0000,0.0000,25.220,1,293.15,0,2097.3,-0.1985,-0.0000,0.0000,25.213,1,293.15,0
10.6000,174.3945,26.4819,0.5191,15.756,15.754,2635.1,4,0.045,0.000,1.000,0.000,0,338.07,832.58,317.51,521.32,-0.00,1910.77,0.07248,0.0042,4858.6,-9.7,0.07249,0.0055,4880.8,6.6,0.01418,-0.0179,1893.5,0.1,0.01416,-0.0180,1896.6,4.2,5061.1,-0.0829,0.0000,-0.0000,28.404,1,293.15,0,5058.7,-0.0808,0.0000,-0.0000,28.303,1,293.15,0,2095.4,-0.1905,-0.0000,0.0000,25.049,1,293.15,0,2095.3,-0.1904,-0.0000,0.0000,25.048,1,293.15,0
10.6167,174.6509,26.5173,0.5192,15.498,15.495,2616.5,4,0.045,0.000,1.000,0.000,0,327.05,805.56,307.20,504.45,-0.00,1849.15,0.07255,0.0009,4854.5,-1.7,0.07258,0.0092,4902.1,8.8,0.01392,-0.0143,1896.1,3.5,0.01390,-0.0140,1893.4,1.3,5028.0,-0.0827,0.0000,-0.0000,27.748,1,293.15,0,5107.0,-0.0792,0.0000,-0.0000,27.856,1,293.15,0,2092.5,-0.1831,-0.0000,0.0000,24.859,1,293.15,0,2095.6,-0.1830,-0.0000,0.0000,24.853,1,293.15,0
10.6333,174.9030,26.5521,0.5193,15.241,15.238,2595.4,4,0.044,0.000,1.000,0.000,0,316.30,779.18,297.13,487.97,-0.00,1788.93,0.07255,-0.0017,4852.4,7.9,0.07252,-0.0039,4823.7,-10.4,0.01371,-0.0107,1893.4,-1.0,0.01371,-0.0106,1897.6,2.8,5059.5,-0.0853,-0.0000,-0.0000,27.335,1,293.15,0,5040.3,-0.0868,-0.0000,-0.0000,27.280,1,293.15,0,2095.5,-0.1762,0.0000,0.0000,24.640,1,293.15,0,2096.1,-0.1764,0.0000,0.0000,24.642,1,293.15,0
10.6500,175.1510,26.5863,0.5194,14.983,14.981,2571.9,4,0.044,0.000,1.000,0.000,0,305.70,753.15,287.19,471.70,0.00,1729.43,0.07256,0.0000,4862.1,9.2,0.07251,-0.0040,4826.6,-6.4,0.01357,-0.0070,1901.7,0.5,0.01356,-0.0071,1900.1,-0.1,5050.4,-0.0863,-0.0000,-0.0000,26.749,1,293.15,0,5014.8,-0.0875,-0.0000,-0.0000,26.656,1,293.15,0,2104.4,-0.1698,0.0000,0.0000,24.405,1,293.15,0,2102.3,-0.1700,0.0000,0.0000,24.407,1,293.15,0
10.6667,175.3946,26.6199,0.5195,14.728,14.726,2546.5,4,0.044,0.000,1.000,0.000,0,295.38,727.81,277.52,455.86,0.00,1671.49,0.07241,-0.0127,4773.2,-18.4,0.07243,-0.0081,4834.0,21.4,0.01346,-0.0056,1900.0,-0.2,0.01347,-0.0048,1905.0,1.3,4974.2,-0.0982,0.0000,-0.0000,25.842,1,293.15,0,4998.5,-0.0948,0.0000,-0.0000,25.978,1,293.15,0,2098.8,-0.1641,-0.0000,0.0000,24.148,1,293.15,0,2106.5,-0.1642,-0.0000,0.0000,24.154,1,293.15,0
10.6833,175.6342,26.6529,0.5195,14.476,14.473,2519.2,4,0.043,0.000,1.000,0.000,0,285.34,703.12,268.09,440.41,-0.00,1614.99,0.07229,-0.0053,4830.7,11.2,0.07227,-0.0091,4792.1,-10.3,0.01339,-0.0030,1905.1,-1.9,0.01341,-0.0032,1909.0,2.0,5030.7,-0.1068,0.0000,-0.0000,25.275,1,293.15,0,5009.6,-0.1073,0.0000,-0.0000,25.207,1,293.15,0,2104.6,-0.1590,-0.0000,0.0000,23.881,1,293.15,0,2105.7,-0.1588,-0.0000,0.0000,23.880,1,293.15,0
10.7000,175.8696,26.6854,0.5196,14.225,14.222,2490.5,4,0.043,0.000,1.000,0.000,0,275.54,679.02,258.90,425.34,-0.00,1559.79,0.07205,-0.0180,4752.1,-3.3,0.07203,-0.0174,4766.9,9.8,0.01339,0.0009,1923.8,-0.0,0.01339,0.0001,1918.9,-1.5,4947.4,-0.1189,0.0000,-0.0000,24.396,1,293.15,0,4949.5,-0.1187,0.0000,-0.0000,24.416,1,293.15,0,2124.3,-0.1540,-0.0000,0.0000,23.603,1,293.15,0,2116.9,-0.1540,-0.0000,0.0000,23.596,1,293.15,0
10.7167,176.1008,26.7173,0.5196,13.976,13.973,2460.6,4,0.043,0.000,1.000,0.000,0,265.97,655.48,249.92,410.61,-0.00,1505.85,0.07179,-0.0118,4773.0,0.3,0.07178,-0.0083,4785.9,-1.4,0.01344,0.0045,1943.4,0.8,0.01344,0.0031,1932.8,-3.9,4986.0,-0.1287,-0.0000,-0.0000,23.787,1,293.15,0,5008.1,-0.1292,-0.0000,-0.0000,23.817,1,293.15,0,2145.1,-0.1494,0.0000,0.0000,23.312,1,293.15,0,2132.4,-0.1494,0.0000,0.0000,23.305,1,293.15,0
10.7333,176.3280,26.7486,0.5197,13.726,13.724,2429.5,4,0.042,0.000,1.000,0.000,0,256.55,632.30,241.08,396.10,-0.00,1452.72,0.07168,-0.0057,4788.1,-7.0,0.07168,-0.0074,4793.9,6.2,0.01349,0.0016,1938.2,4.3,0.01349,0.0034,1943.0,1.4,4993.7,-0.1342,-0.0000,-0.0000,23.183,1,293.15,0,4969.9,-0.1324,-0.0000,-0.0000,23.189,1,293.15,0,2114.9,-0.1453,0.0000,0.0000,22.998,1,293.15,0,2139.5,-0.1452,0.0000,0.0000,23.005,1,293.15,0
10.7500,176.5510,26.7794,0.5197,13.479,13.477,2397.1,4,0.042,0.000,1.000,0.000,0,247.40,609.79,232.49,382.01,0.00,1401.14,0.07148,-0.0118,4766.9,6.0,0.07146,-0.0121,4759.6,0.3,0.01358,0.0056,1962.5,5.1,0.01356,0.0058,1950.9,-6.2,4956.3,-0.1455,-0.0000,-0.0000,22.449,1,293.15,0,4963.8,-0.1458,-0.0000,-0.0000,22.442,1,293.15,0,2156.4,-0.1412,0.0000,0.0000,22.690,1,293.15,0,2157.6,-0.1413,0.0000,0.0000,22.688,1,293.15,0
10.7667,176.7700,26.8096,0.5198,13.233,13.231,2363.6,4,0.041,0.000,1.000,0.000,0,238.44,587.77,224.09,368.25,0.00,1350.75,0.07128,-0.0125,4760.7,10.1,0.07123,-0.0152,4738.0,1.1,0.01366,0.0050,1959.1,-1.1,0.01366,0.0070,1966.1,-2.4,4935.2,-0.1543,-0.0000,-0.0000,21.787,1,293.15,0,4921.9,-0.1563,-0.0000,-0.0000,21.726,1,293.15,0,2161.4,-0.1377,0.0000,0.0000,22.364,1,293.15,0,2170.8,-0.1376,0.0000,0.0000,22.363,1,293.15,0
10.7833,176.9849,26.8393,0.5199,12.988,12.985,2329.4,4,0.041,0.000,1.000,0.000,0,229.69,566.26,215.88,354.79,0.00,1301.53,0.07104,-0.0159,4728.6,1.7,0.07101,-0.0198,4719.0,10.2,0.01378,0.0087,1982.1,-2.4,0.01378,0.0099,1986.4,-3.3,4904.3,-0.1661,-0.0000,-0.0000,21.062,1,293.15,0,4879.2,-0.1650,-0.0000,-0.0000,21.037,1,293.15,0,2187.6,-0.1342,0.0000,0.0000,22.036,1,293.15,0,2188.9,-0.1342,0.0000,0.0000,22.033,1,293.15,0
10.8000,177.1959,26.8684,0.5200,12.746,12.743,2294.1,4,0.041,0.000,1.000,0.000,0,221.21,545.44,207.93,341.78,0.00,1253.92,0.07065,-0.0254,4668.1,-2.8,0.07069,-0.0210,4697.9,6.6,0.01386,0.0034,1957.7,-8.4,0.01389,0.0062,1984.8,4.6,4880.0,-0.1829,0.0000,-0.0000,20.270,1,293.15,0,4925.9,-0.1795,0.0000,-0.0000,20.378,1,293.15,0,2162.8,-0.1315,-0.0000,0.0000,21.685,1,293.15,0,2181.0,-0.1313,-0.0000,0.0000,21.691,1,293.15,0
10.8167,177.4028,26.8969,0.5201,12.501,12.499,2307.6,3,0.040,0.000,1.000,0.000,0,212.82,524.83,200.06,328.89,0.00,1206.79,0.07038,-0.0114,4742.6,20.6,0.07033,-0.0145,4696.8,-9.7,0.01402,0.0116,2024.7,11.2,0.01400,0.0126,2002.8,-13.4,4916.8,-0.1871,-0.0000,-0.0000,19.835,1,293.15,0,4912.6,-0.1907,-0.0000,-0.0000,19.743,1,293.15,0,2215.9,-0.1793,0.0001,0.0000,19.179,1,293.15,0,2227.5,-0.1793,0.0001,0.0000,19.176,1,293.15,0
10.8333,177.6053,26.9249,0.5202,12.235,12.233,2337.6,3,0.040,0.000,1.000,0.000,0,203.85,502.81,191.66,315.13,0.00,1156.47,0.07005,-0.0166,4686.5,-0.3,0.07003,-0.0060,4727.8,-4.1,0.01413,-0.0003,1967.1,-1.0,0.01411,-0.0004,1973.5,7.2,4915.4,-0.2003,-0.0000,-0.0000,19.066,1,293.15,0,4989.4,-0.2008,-0.0000,-0.0000,19.172,1,293.15,0,2144.0,-0.2766,0.0001,0.0000,17.012,1,293.15,0,2141.4,-0.2769,0.0001,0.0000,17.014,1,293.15,0
10.8500,177.8034,26.9522,0.5204,11.964,11.962,2367.6,3,0.040,0.000,1.000,0.000,0,194.91,480.86,183.28,301.40,0.00,1106.30,0.07006,0.0007,4777.9,15.4,0.06999,-0.0048,4730.3,-5.7,0.01398,-0.0136,1901.5,2.5,0.01397,-0.0117,1914.8,7.9,4943.0,-0.2007,-0.0000,-0.0000,18.590,1,293.15,0,4906.0,-0.2044,-0.0000,-0.0000,18.475,1,293.15,0,2079.4,-0.2879,0.0001,0.0000,16.777,1,293.15,0,2105.9,-0.2876,0.0001,0.0000,16.783,1,293.15,0
10.8667,177.9971,26.9789,0.5205,11.696,11.694,2386.2,3,0.040,0.000,1.000,0.000,0,186.28,459.68,175.19,288.17,0.00,1057.93,0.06989,-0.0055,4716.6,-12.4,0.06992,-0.0016,4757.9,10.9,0.01370,-0.0179,1859.7,-2.0,0.01371,-0.0170,1875.0,8.6,4924.3,-0.2183,0.0000,-0.0000,17.786,1,293.15,0,4948.9,-0.2145,0.0000,-0.0000,17.873,1,293.15,0,2054.4,-0.2694,0.0000,0.0000,16.866,1,293.15,0,2069.5,-0.2695,0.0000,0.0000,16.868,1,293.15,0
10.8833,178.1863,27.0050,0.5207,11.426,11.424,2398.5,3,0.039,0.000,1.000,0.000,0,177.79,438.84,167.24,275.14,0.00,1010.30,0.07011,0.0100,4814.6,9.6,0.07015,0.0149,4829.3,1.4,0.01337,-0.0208,1826.7,-0.3,0.01336,-0.0235,1821.6,7.2,4965.8,-0.2183,0.0000,-0.0000,17.314,1,293.15,0,5039.7,-0.2189,0.0000,-0.0000,17.368,1,293.15,0,2023.1,-0.2489,0.0000,0.0000,16.933,1,293.15,0,2004.9,-0.2492,0.0000,0.0000,16.927,1,293.15,0
10.9000,178.3712,27.0305,0.5209,11.165,11.163,2404.6,3,0.039,0.000,1.000,0.000,0,169.74,419.09,159.70,262.80,0.00,965.16,0.07013,-0.0054,4759.9,21.4,0.07008,-0.0099,4701.1,-15.6,0.01297,-0.0247,1785.4,2.2,0.01295,-0.0256,1785.1,7.2,4944.1,-0.2364,-0.0000,-0.0000,16.518,1,293.15,0,4923.8,-0.2397,-0.0000,-0.0000,16.431,1,293.15,0,1978.5,-0.2300,0.0000,0.0000,16.944,1,293.15,0,1976.4,-0.2301,0.0000,0.0000,16.946,1,293.15,0
10.9167,178.5517,27.0554,0.5211,10.906,10.904,2404.5,3,0.039,0.000,1.000,0.000,0,161.96,399.99,152.41,250.86,0.00,921.49,0.07029,0.0073,4801.9,1.8,0.07026,0.0093,4809.1,1.3,0.01258,-0.0231,1767.3,3.0,0.01257,-0.0206,1779.9,5.9,4981.1,-0.2427,-0.0000,-0.0000,15.996,1,293.15,0,4994.7,-0.2442,-0.0000,-0.0000,16.004,1,293.15,0,1960.0,-0.2123,0.0001,0.0000,16.920,1,293.15,0,1987.6,-0.2120,0.0001,0.0000,16.925,1,293.15,0
10.9333,178.7282,27.0798,0.5212,10.653,10.651,2399.0,3,0.038,0.000,1.000,0.000,0,154.54,381.76,145.45,239.45,0.00,879.76,0.07032,-0.0019,4754.7,-6.5,0.07034,-0.0001,4773.2,3.8,0.01224,-0.0184,1759.5,-2.1,0.01224,-0.0189,1763.1,3.7,4962.5,-0.2602,0.0000,-0.0000,15.265,1,293.15,0,4970.8,-0.2580,0.0000,-0.0000,15.307,1,293.15,0,1970.6,-0.1955,0.0000,0.0000,16.861,1,293.15,0,1965.4,-0.1958,0.0000,0.0000,16.863,1,293.15,0
10.9500,178.9005,27.1035,0.5214,10.405,10.403,2388.6,3,0.038,0.000,1.000,0.000,0,147.43,364.28,138.78,228.52,0.00,839.73,0.07027,-0.0031,4749.0,-4.9,0.07028,-0.0025,4758.6,1.7,0.01197,-0.0146,1756.4,-3.8,0.01196,-0.0159,1760.1,6.0,4959.6,-0.2744,0.0000,-0.0000,14.650,1,293.15,0,4957.4,-0.2738,0.0000,-0.0000,14.663,1,293.15,0,1961.4,-0.1807,-0.0000,0.0000,16.770,1,293.15,0,1947.1,-0.1810,-0.0000,0.0000,16.765,1,293.15,0
10.9667,179.0687,27.1268,0.5215,10.161,10.159,2373.7,3,0.038,0.000,1.000,0.000,0,140.59,347.45,132.36,217.98,0.00,801.13,0.07024,0.0043,4783.8,-1.2,0.07018,-0.0103,4706.3,-12.5,0.01179,-0.0078,1777.5,-0.3,0.01177,-0.0096,1767.4,-1.5,5020.0,-0.2861,0.0000,-0.0000,14.128,1,293.15,0,4867.5,-0.2879,0.0000,-0.0000,13.956,1,293.15,0,1987.8,-0.1665,0.0000,0.0000,16.646,1,293.15,0,1967.0,-0.1668,0.0000,0.0000,16.647,1,293.15,0
10.9833,179.2330,27.1494,0.5216,9.921,9.919,2355.0,3,0.037,0.000,1.000,0.000,0,134.03,331.30,126.21,207.87,0.00,764.07,0.06994,-0.0229,4658.6,3.8,0.06992,-0.0208,4670.7,7.3,0.01173,0.0004,1810.2,0.7,0.01171,-0.0022,1790.7,-6.4,4844.3,-0.3072,-0.0000,-0.0000,13.266,1,293.15,0,4872.2,-0.3060,-0.0000,-0.0000,13.303,1,293.15,0,2024.4,-0.1534,0.0000,0.0000,16.501,1,293.15,0,1993.6,-0.1537,0.0000,0.0000,16.500,1,293.15,0
11.0000,179.3934,27.1716,0.5217,9.684,9.682,2332.8,3,0.037,0.000,1.000,0.000,0,127.69,315.66,120.24,198.07,0.00,728.11,0.06973,-0.0066,4712.4,-5.7,0.06972,-0.0163,4681.4,5.7,0.01175,0.0061,1838.0,1.5,0.01175,0.0047,1821.0,-8.7,4916.7,-0.3184,0.0000,-0.0000,12.821,1,293.15,0,4828.7,-0.3176,0.0000,-0.0000,12.738,1,293.15,0,2051.2,-0.1413,-0.0000,0.0000,16.331,1,293.15,0,2031.4,-0.1414,-0.0000,0.0000,16.329,1,293.15,0
11.0167,179.5499,27.1932,0.5218,9.450,9.448,2307.3,3,0.037,0.000,1.000,0.000,0,121.59,300.63,114.51,188.65,0.00,693.56,0.06941,-0.0192,4656.5,5.8,0.06935,-0.0303,4599.4,-1.3,0.01189,0.0088,1867.1,9.6,0.01187,0.0098,1851.9,-8.5,4859.4,-0.3364,-0.0000,-0.0000,12.141,1,293.15,0,4766.6,-0.3372,-0.0000,-0.0000,12.035,1,293.15,0,2050.6,-0.1305,0.0000,0.0000,16.135,1,293.15,0,2064.9,-0.1300,0.0000,0.0000,16.137,1,293.15,0
11.0333,179.7026,27.2142,0.5218,9.219,9.217,2278.6,3,0.036,0.000,1.000,0.000,0,115.73,286.16,109.00,179.58,0.00,660.25,0.06900,-0.0183,4628.7,-11.0,0.06901,-0.0143,4665.2,8.3,0.01208,0.0135,1891.8,0.1,0.01206,0.0135,1881.3,-8.3,4853.6,-0.3524,-0.0000,-0.0000,11.569,1,293.15,0,4871.2,-0.3507,-0.0000,-0.0000,11.620,1,293.15,0,2100.1,-0.1199,0.0000,0.0000,15.923,1,293.15,0,2082.5,-0.1200,0.0000,0.0000,15.920,1,293.15,0
11.0500,179.8515,27.2348,0.5219,8.991,8.989,2247.1,3,0.036,0.000,1.000,0.000,0,110.07,272.19,103.67,170.82,0.00,628.08,0.06861,-0.0246,4604.4,7.4,0.06857,-0.0329,4561.1,1.8,0.01235,0.0181,1933.2,3.9,0.01232,0.0176,1913.5,-12.1,4797.9,-0.3688,-0.0000,-0.0000,10.956,1,293.15,0,4737.0,-0.3689,-0.0000,-0.0000,10.887,1,293.15,0,2136.9,-0.1104,0.0000,0.0000,15.687,1,293.15,0,2121.0,-0.1104,0.0000,0.0000,15.688,1,293.15,0
11.0667,179.9967,27.2548,0.5220,8.766,8.765,2212.8,3,0.036,0.000,1.000,0.000,0,104.64,258.79,98.57,162.42,0.00,597.23,0.06810,-0.0218,4571.2,-17.9,0.06808,-0.0280,4561.5,0.1,0.01264,0.0169,1944.3,0.5,0.01263,0.0198,1952.8,-3.0,4848.4,-0.3872,-0.0000,-0.0000,10.427,1,293.15,0,4753.4,-0.3863,-0.0000,-0.0000,10.380,1,293.15,0,2130.8,-0.1023,0.0000,0.0000,15.434,1,293.15,0,2149.6,-0.1020,0.0000,0.0000,15.434,1,293.15,0
11.0833,180.1382,27.2743,0.5220,8.543,8.542,2175.9,3,0.036,0.000,1.000,0.000,0,99.39,245.83,93.63,154.29,0.00,567.39,0.06758,-0.0357,4496.1,-12.4,0.06762,-0.0289,4564.5,24.7,0.01297,0.0193,1971.3,-4.8,0.01298,0.0208,1982.1,-1.5,4691.7,-0.4054,0.0000,-0.0000,9.749,1,293.15,0,4757.2,-0.4017,0.0000,-0.0000,9.850,1,293.15,0,2167.5,-0.0944,0.0000,0.0000,15.164,1,293.15,0,2171.6,-0.0944,0.0000,0.0000,15.164,1,293.15,0
11.1000,180.2761,27.2933,0.5221,8.324,8.323,2136.8,3,0.035,0.000,1.000,0.000,0,94.35,233.39,88.89,146.49,0.00,538.74,0.06705,-0.0344,4509.2,15.4,0.06706,-0.0365,4489.9,5.4,0.01334,0.0233,2014.8,-4.4,0.01335,0.0212,2005.3,-5.6,4676.0,-0.4225,0.0000,-0.0000,9.241,1,293.15,0,4698.9,-0.4218,0.0000,-0.0000,9.237,1,293.15,0,2218.4,-0.0874,-0.0000,0.0000,14.880,1,293.15,0,2190.6,-0.0877,-0.0000,0.0000,14.879,1,293.15,0
11.1167,180.4104,27.3119,0.5222,8.107,8.106,2095.5,3,0.035,0.000,1.000,0.000,0,89.50,221.41,84.32,138.98,0.00,511.15,0.06653,-0.0346,4471.8,-0.4,0.06650,-0.0391,4462.3,10.9,0.01371,0.0234,2041.7,-2.6,0.01372,0.0201,2022.7,-7.3,4671.8,-0.4397,0.0000,-0.0000,8.710,1,293.15,0,4636.4,-0.4404,0.0000,-0.0000,8.685,1,293.15,0,2244.9,-0.0816,0.0000,0.0000,14.581,1,293.15,0,2207.0,-0.0817,0.0000,0.0000,14.578,1,293.15,0
11.1333,180.5412,27.3299,0.5223,7.894,7.893,2052.4,3,0.035,0.000,1.000,0.000,0,84.86,209.97,79.96,131.80,0.00,484.83,0.06597,-0.0352,4445.8,-1.3,0.06597,-0.0328,4478.5,20.7,0.01406,0.0210,2054.8,-2.3,0.01406,0.0202,2046.6,-6.8,4618.2,-0.4630,-0.0000,-0.0000,8.055,1,293.15,0,4657.2,-0.4620,-0.0000,-0.0000,8.080,1,293.15,0,2258.1,-0.0766,0.0000,0.0000,14.266,1,293.15,0,2239.5,-0.0767,0.0000,0.0000,14.268,1,293.15,0
11.1500,180.6685,27.3475,0.5224,7.688,7.687,2009.0,3,0.034,0.000,1.000,0.000,0,80.49,199.18,75.85,125.04,0.00,460.02,0.06543,-0.0326,4442.8,5.6,0.06538,-0.0370,4410.3,-5.9,0.01442,0.0204,2079.4,1.4,0.01440,0.0203,2071.0,-6.1,4675.4,-0.4907,-0.0000,-0.0000,7.396,1,293.15,0,4631.3,-0.4917,-0.0000,-0.0000,7.378,1,293.15,0,2269.2,-0.0726,0.0000,0.0000,13.951,1,293.15,0,2262.4,-0.0728,0.0000,0.0000,13.950,1,293.15,0
11.1667,180.7926,27.3646,0.5225,7.489,7.488,1965.7,3,0.034,0.000,1.000,0.000,0,76.37,189.02,71.98,118.68,0.00,436.64,0.06480,-0.0401,4369.9,-9.5,0.06478,-0.0375,4420.0,30.3,0.01477,0.0208,2102.6,-1.0,0.01477,0.0244,2114.6,-5.1,4542.9,-0.5251,-0.0000,-0.0000,6.702,1,293.15,0,4566.8,-0.5245,-0.0000,-0.0000,6.723,1,293.15,0,2296.3,-0.0694,0.0000,0.0000,13.637,1,293.15,0,2319.4,-0.0692,0.0000,0.0000,13.636,1,293.15,0
11.1833,180.9134,27.3813,0.5226,7.296,7.295,1922.4,3,0.034,0.000,1.000,0.000,0,72.49,179.46,68.34,112.68,0.00,414.66,0.06421,-0.0394,4360.8,2.5,0.06416,-0.0432,4350.1,10.2,0.01514,0.0246,2147.0,2.3,0.01514,0.0215,2117.3,-13.4,4558.8,-0.5549,-0.0000,-0.0000,6.104,1,293.15,0,4529.0,-0.5556,-0.0000,-0.0000,6.095,1,293.15,0,2352.7,-0.0665,0.0000,0.0000,13.325,1,293.15,0,2317.7,-0.0665,0.0000,0.0000,13.321,1,293.15,0
11.2000,181.0312,27.3975,0.5228,7.109,7.108,1879.0,3,0.034,0.000,1.000,0.000,0,68.83,170.43,64.89,107.02,0.00,393.89,0.06344,-0.0437,4307.5,-1.4,0.06344,-0.0414,4330.8,12.0,0.01554,0.0234,2162.9,-2.8,0.01555,0.0253,2171.2,-3.5,4516.7,-0.5860,-0.0000,-0.0000,5.525,1,293.15,0,4543.0,-0.5848,-0.0000,-0.0000,5.542,1,293.15,0,2354.4,-0.0642,0.0000,0.0000,13.010,1,293.15,0,2363.3,-0.0642,0.0000,0.0000,13.014,1,293.15,0
11.2167,181.1459,27.4134,0.5229,6.928,6.927,1835.7,3,0.033,0.000,1.000,0.000,0,65.35,161.86,61.63,101.66,0.00,374.20,0.06270,-0.0393,4288.1,-8.9,0.06267,-0.0460,4274.3,7.5,0.01596,0.0264,2206.5,0.1,0.01596,0.0248,2188.8,-10.9,4531.1,-0.6135,0.0000,-0.0000,5.013,1,293.15,0,4456.8,-0.6157,0.0000,-0.0000,4.996,1,293.15,0,2409.3,-0.0622,0.0000,0.0000,12.703,1,293.15,0,2386.6,-0.0623,0.0000,0.0000,12.703,1,293.15,0
11.2333,181.2578,27.4288,0.5231,6.749,6.749,1792.4,3,0.033,0.000,1.000,0.000,0,62.04,153.68,58.51,96.53,0.00,355.39,0.06199,-0.0464,4247.0,9.8,0.06195,-0.0488,4247.6,22.6,0.01641,0.0262,2239.1,3.8,0.01639,0.0271,2225.6,-11.9,4389.3,-0.6451,-0.0000,-0.0000,4.492,1,293.15,0,4403.0,-0.6443,-0.0000,-0.0000,4.493,1,293.15,0,2433.5,-0.0606,0.0000,0.0000,12.397,1,293.15,0,2429.5,-0.0606,0.0000,0.0000,12.394,1,293.15,0
11.2500,181.3667,27.4438,0.5233,6.576,6.575,1749.0,3,0.033,0.000,1.000,0.000,0,58.88,145.92,55.55,91.66,0.00,337.53,0.06114,-0.0587,4154.8,6.9,0.06111,-0.0522,4200.1,25.4,0.01685,0.0257,2260.0,-1.9,0.01685,0.0266,2259.6,-5.9,4310.6,-0.6741,-0.0000,-0.0000,3.995,1,293.15,0,4393.5,-0.6711,-0.0000,-0.0000,4.023,1,293.15,0,2453.7,-0.0595,0.0000,0.0000,12.090,1,293.15,0,2450.7,-0.0595,0.0000,0.0000,12.087,1,293.15,0
11.2667,181.4728,27.4585,0.5234,6.405,6.405,1705.7,3,0.033,0.000,1.000,0.000,0,55.87,138.49,52.72,87.01,0.00,320.45,0.06038,-0.0431,4183.8,0.2,0.06039,-0.0279,4265.3,15.3,0.01726,0.0243,2281.1,-1.0,0.01727,0.0250,2279.5,-6.2,4376.9,-0.6983,-0.0000,-0.0000,3.586,1,293.15,0,4518.7,-0.6932,-0.0000,-0.0000,3.633,1,293.15,0,2474.5,-0.0587,0.0000,0.0000,11.784,1,293.15,0,2474.9,-0.0587,0.0000,0.0000,11.781,1,293.15,0
11.2833,181.5761,27.4727,0.5236,6.238,6.237,1662.4,3,0.032,0.000,1.000,0.000,0,52.99,131.39,50.01,82.56,0.00,304.12,0.05960,-0.0492,4164.4,39.9,0.05952,-0.0529,4086.6,-18.1,0.01767,0.0246,2311.3,0.6,0.01767,0.0236,2297.8,-8.4,4343.7,-0.7253,-0.0000,-0.0000,3.152,1,293.15,0,4358.3,-0.7233,-0.0000,-0.0000,3.142,1,293.15,0,2506.3,-0.0581,0.0000,0.0000,11.477,1,293.15,0,2491.0,-0.0583,0.0000,0.0000,11.480,1,293.15,0
11.3000,181.6767,27.4866,0.5238,6.073,6.073,1619.0,3,0.032,0.000,1.000,0.000,0,50.23,124.58,47.42,78.29,0.00,288.45,0.05880,-0.0406,4130.8,3.6,0.05878,-0.0387,4135.3,0.8,0.01805,0.0227,2326.2,-0.7,0.01806,0.0228,2319.8,-7.5,4356.6,-0.7509,-0.0000,-0.0000,2.753,1,293.15,0,4373.3,-0.7501,-0.0000,-0.0000,2.758,1,293.15,0,2524.6,-0.0580,0.0000,0.0000,11.174,1,293.15,0,2516.6,-0.0580,0.0000,0.0000,11.176,1,293.15,0
11.3167,181.7747,27.5001,0.5240,5.911,5.910,1575.7,3,0.032,0.000,1.000,0.000,0,47.58,118.04,44.93,74.19,0.00,273.39,0.05812,-0.0388,4125.4,20.1,0.05805,-0.0476,4052.4,-11.9,0.01842,0.0211,2341.8,-1.2,0.01842,0.0212,2339.3,-5.0,4337.1,-0.7780,0.0000,-0.0000,2.355,1,293.15,0,4278.4,-0.7799,0.0000,-0.0000,2.333,1,293.15,0,2535.6,-0.0580,0.0000,0.0000,10.872,1,293.15,0,2531.8,-0.0581,0.0000,0.0000,10.873,1,293.15,0
11.3333,181.8699,27.5133,0.5241,5.751,5.750,1532.4,3,0.031,0.000,1.000,0.000,0,45.04,111.77,42.54,70.25,0.00,258.94,0.05733,-0.0492,3989.3,-36.6,0.05734,-0.0586,4020.5,34.8,0.01875,0.0203,2360.6,-0.3,0.01874,0.0183,2343.8,-8.2,4243.9,-0.8074,0.0000,-0.0000,1.938,1,293.15,0,4125.6,-0.8152,0.0000,-0.0000,1.921,1,293.15,0,2562.2,-0.0584,-0.0000,0.0000,10.571,1,293.15,0,2536.4,-0.0586,-0.0000,0.0000,10.570,1,293.15,0
11.3500,181.9626,27.5261,0.5243,5.592,5.592,1489.0,3,0.031,0.000,1.000,0.000,0,42.59,105.72,40.23,66.46,0.00,245.00,0.05683,-0.0281,4094.5,-1.2,0.05681,-0.0240,4125.9,13.6,0.01903,0.0151,2358.9,2.3,0.01902,0.0166,2357.2,-4.9,4281.3,-0.8359,-0.0000,-0.0000,1.597,1,293.15,0,4317.7,-0.8342,-0.0000,-0.0000,1.609,1,293.15,0,2547.5,-0.0592,0.0000,0.0000,10.271,1,293.15,0,2555.3,-0.0591,0.0000,0.0000,10.268,1,293.15,0
11.3667,182.0527,27.5385,0.5245,5.437,5.437,1445.7,3,0.031,0.000,1.000,0.000,0,40.26,99.96,38.04,62.85,0.00,231.72,0.05604,-0.0298,4094.3,41.1,0.05597,-0.0302,3990.3,-57.8,0.01929,0.0166,2380.6,1.0,0.01929,0.0145,2362.9,-6.9,4375.8,-0.8574,-0.0000,-0.0000,1.255,1,293.15,0,4384.2,-0.8551,-0.0000,-0.0000,1.245,1,293.15,0,2578.1,-0.0601,0.0000,0.0000,9.972,1,293.15,0,2553.7,-0.0602,0.0000,0.0000,9.969,1,293.15,0
11.3833,182.1402,27.5506,0.5246,5.281,5.280,1402.4,3,0.031,0.000,1.000,0.000,0,37.97,94.31,35.89,59.30,0.00,218.69,0.05581,-0.0171,4096.9,-1.1,0.05578,-0.0154,4119.1,14.8,0.01950,0.0095,2363.7,1.6,0.01949,0.0124,2371.0,-2.6,4267.9,-0.8950,-0.0000,-0.0000,0.880,1,293.15,0,4286.9,-0.8939,-0.0000,-0.0000,0.886,1,293.15,0,2552.9,-0.0612,0.0000,0.0000,9.669,1,293.15,0,2571.9,-0.0612,0.0000,0.0000,9.671,1,293.15,0
11.4000,182.2251,27.5623,0.5248,5.128,5.128,1359.0,3,0.030,0.000,1.000,0.000,0,35.82,88.97,33.85,55.95,0.00,206.36,0.05486,-0.0449,3860.9,-74.4,0.05512,-0.0524,3950.6,36.3,0.01970,0.0130,2394.8,4.8,0.01966,0.0071,2352.1,-9.7,4227.2,-0.9182,0.0001,-0.0000,0.508,1,293.15,0,4116.7,-0.9325,0.0001,-0.0000,0.507,1,293.15,0,2592.7,-0.0625,-0.0000,0.0000,9.373,1,293.15,0,2534.5,-0.0629,-0.0001,0.0000,9.372,1,293.15,0
11.4167,182.3076,27.5737,0.5249,4.974,4.974,1315.7,3,0.030,0.000,1.000,0.000,0,33.69,83.72,31.85,52.65,-0.00,194.22,0.05490,-0.0347,4052.0,70.8,0.05456,-0.0245,4015.2,5.4,0.01988,0.0086,2394.3,12.5,0.01979,0.0080,2361.0,-12.5,4041.7,-0.9718,-0.0002,-0.0000,0.216,1,293.15,0,4182.7,-0.9556,-0.0002,-0.0000,0.226,1,293.15,0,2581.5,-0.0640,0.0001,0.0000,9.075,1,293.15,0,2563.2,-0.0642,0.0001,0.0000,9.074,1,293.15,0
11.4333,182.3875,27.5847,0.5250,4.821,4.820,1272.4,3,0.030,0.000,1.000,0.000,0,31.65,78.65,29.92,49.47,0.00,182.50,0.05419,0.0074,4097.4,-33.7,0.05427,-0.0074,4040.0,-31.0,0.01994,0.0063,2362.7,-13.0,0.01995,0.0082,2390.2,5.5,4493.0,-0.9640,0.0000,-0.0000,0.000,1,293.15,0,4293.6,-0.9809,0.0000,-0.0000,0.000,1,293.15,0,2576.3,-0.0657,0.0000,0.0000,8.777,1,293.15,0,2572.5,-0.0657,0.0000,0.0000,8.776,1,293.15,0
11.4500,182.4648,27.5954,0.5251,4.665,4.665,1229.3,3,0.030,0.000,1.000,0.000,0,29.64,73.67,28.03,46.34,0.00,170.97,0.05420,-0.0180,4078.1,56.5,0.05390,-0.0397,3884.3,-30.1,0.02001,0.0031,2363.4,-2.6,0.02002,0.0038,2371.6,1.8,4209.4,-1.0026,-0.0000,-0.0000,0.000,1,293.15,0,4039.9,-1.0053,-0.0000,-0.0000,0.000,1,293.15,0,2559.0,-0.0672,0.0000,0.0000,8.478,1,293.15,0,2563.9,-0.0672,0.0000,0.0000,8.476,1,293.15,0
11.4667,182.5396,27.6057,0.5252,4.510,4.510,1186.9,3,0.029,0.000,1.000,0.000,0,27.70,68.86,26.20,43.32,0.00,159.85,0.05359,-0.0099,3970.2,-59.2,0.05376,-0.0018,4090.0,18.2,0.02000,0.0008,2340.3,-15.2,0.02008,0.0009,2371.8,11.6,4308.4,-0.9869,0.0001,-0.0000,0.000,1,293.15,0,4310.5,-0.9961,0.0001,-0.0000,0.000,1,293.15,0,2547.2,-0.0688,-0.0001,0.0000,8.181,1,293.15,0,2549.3,-0.0687,-0.0001,0.0000,8.180,1,293.15,0
11.4833,182.6118,27.6157,0.5253,4.353,4.353,1144.9,3,0.029,0.000,1.000,0.000,0,25.81,64.17,24.41,40.37,-0.00,148.98,0.05375,-0.0014,4122.0,48.5,0.05357,-0.0191,3953.4,-34.8,0.02001,-0.0004,2354.3,3.9,0.02005,-0.0031,2340.8,-0.1,4276.1,-1.0010,0.0000,-0.0000,0.000,1,293.15,0,4149.2,-1.0033,0.0000,-0.0000,-0.000,1,293.15,0,2538.8,-0.0699,-0.0000,0.0000,7.886,1,293.15,0,2536.7,-0.0697,-0.0000,0.0000,7.884,1,293.15,0
11.5000,182.6814,27.6253,0.5254,4.197,4.196,1103.0,3,0.029,0.000,1.000,0.000,0,23.98,59.64,22.69,37.52,-0.00,138.49,0.05364,-0.0041,4037.6,-18.9,0.05355,-0.0047,4065.8,16.2,0.01994,-0.0049,2315.1,-10.7,0.02001,-0.0007,2360.0,11.0,4246.9,-1.0011,-0.0000,-0.0000,0.000,1,293.15,0,4188.1,-1.0054,-0.0000,-0.0000,0.000,1,293.15,0,2515.7,-0.0710,-0.0000,0.0000,7.589,1,293.15,0,2561.0,-0.0706,-0.0000,0.0000,7.593,1,293.15,0
11.5167,182.7484,27.6345,0.5255,4.040,4.040,1061.3,3,0.029,0.000,1.000,0.000,0,22.23,55.28,21.03,34.78,0.00,128.39,0.05352,-0.0061,4043.3,1.0,0.05347,0.0144,4125.1,-3.6,0.01984,-0.0064,2302.0,-11.5,0.01996,-0.0044,2345.4,15.9,4254.6,-0.9996,0.0000,-0.0000,0.000,1,293.15,0,4403.9,-0.9885,0.0000,-0.0000,0.000,1,293.15,0,2491.1,-0.0720,-0.0001,0.0000,7.294,1,293.15,0,2534.5,-0.0717,-0.0001,0.0000,7.300,1,293.15,0
11.5333,182.8129,27.6434,0.5255,3.883,3.883,1019.5,3,0.029,0.000,1.000,0.000,0,20.54,51.08,19.43,32.14,-0.00,118.64,0.05349,-0.0045,4078.9,31.3,0.05337,-0.0043,4017.4,-26.0,0.01975,-0.0038,2308.4,-10.6,0.01986,-0.0070,2319.9,8.2,4263.3,-0.9996,0.0001,-0.0000,0.000,1,293.15,0,4273.7,-0.9958,0.0001,-0.0000,-0.000,1,293.15,0,2516.3,-0.0727,-0.0001,0.0000,7.002,1,293.15,0,2509.7,-0.0728,-0.0001,0.0000,7.004,1,293.15,0
11.5500,182.8747,27.6520,0.5256,3.726,3.726,977.9,3,0.028,0.000,1.000,0.000,0,18.90,47.03,17.89,29.59,-0.00,109.24,0.05351,0.0039,4081.2,-3.9,0.05344,-0.0069,4037.1,2.0,0.01964,-0.0064,2292.3,-8.5,0.01976,-0.0056,2321.4,10.0,4279.4,-0.9993,0.0001,-0.0000,-0.000,1,293.15,0,4164.7,-1.0078,0.0001,-0.0000,-0.000,1,293.15,0,2490.7,-0.0738,-0.0001,0.0000,6.709,1,293.15,0,2524.1,-0.0735,-0.0001,0.0000,6.711,1,293.15,0
11.5667,182.9339,27.6602,0.5256,3.569,3.568,936.2,3,0.028,0.000,1.000,0.000,0,17.34,43.15,16.41,27.15,-0.00,100.23,0.05352,0.0019,4080.9,4.0,0.05343,0.0120,4107.8,-8.9,0.01954,-0.0091,2279.9,-1.8,0.01963,-0.0073,2307.5,11.7,4291.2,-0.9991,0.0000,-0.0000,0.000,1,293.15,0,4346.0,-0.9931,0.0000,-0.0000,0.000,1,293.15,0,2454.1,-0.0750,-0.0000,0.0000,6.413,1,293.15,0,2507.0,-0.0746,-0.0000,0.0000,6.418,1,293.15,0
11.5833,182.9906,27.6680,0.5257,3.411,3.411,894.5,3,0.028,0.000,1.000,0.000,0,15.84,39.42,14.99,24.80,-0.00,91.57,0.05361,0.0034,4114.0,26.5,0.05348,-0.0097,4003.6,-21.2,0.01942,-0.0075,2274.6,-7.3,0.01950,-0.0095,2290.1,12.0,4290.2,-0.9999,0.0000,-0.0000,0.000,1,293.15,0,4182.3,-1.0055,0.0000,-0.0000,-0.000,1,293.15,0,2464.0,-0.0759,-0.0001,0.0000,6.121,1,293.15,0,2469.2,-0.0757,-0.0001,0.0000,6.122,1,293.15,0
11.6000,183.0446,27.6754,0.5257,3.253,3.252,852.8,3,0.028,0.000,1.000,0.000,0,14.41,35.85,13.64,22.56,-0.00,83.28,0.05367,0.0066,4100.5,-4.0,0.05358,0.0016,4078.0,-0.6,0.01932,-0.0053,2273.3,-11.2,0.01939,-0.0094,2282.0,10.5,4304.6,-0.9993,0.0000,-0.0000,0.000,1,293.15,0,4226.9,-1.0042,0.0000,-0.0000,-0.000,1,293.15,0,2477.6,-0.0767,-0.0001,0.0000,5.830,1,293.15,0,2454.7,-0.0769,-0.0001,0.0000,5.826,1,293.15,0
11.6167,183.0960,27.6825,0.5257,3.095,3.095,811.0,3,0.027,0.000,1.000,0.000,0,13.04,32.46,12.35,20.42,-0.00,75.40,0.05351,0.0161,4104.5,-34.0,0.05365,0.0216,4155.9,-12.2,0.01922,-0.0034,2279.9,-7.0,0.01927,-0.0104,2263.9,4.9,4431.6,-0.9851,0.0001,-0.0000,0.000,1,293.15,0,4428.3,-0.9902,0.0001,-0.0000,0.000,1,293.15,0,2486.6,-0.0778,-0.0001,0.0000,5.535,1,293.15,0,2434.1,-0.0781,-0.0001,0.0000,5.532,1,293.15,0
11.6333,183.1448,27.6893,0.5257,2.936,2.935,769.2,2,0.027,0.000,1.000,0.000,0,11.74,29.20,11.11,18.37,-0.00,67.84,0.05378,-0.0135,4052.0,29.8,0.05368,-0.0127,4025.5,4.7,0.01915,-0.0070,2272.8,6.3,0.01914,-0.0083,2262.5,2.7,4152.8,-1.0122,-0.0001,-0.0000,0.000,1,293.15,0,4197.2,-1.0052,-0.0001,-0.0000,0.000,1,293.15,0,2447.5,-0.0789,0.0000,0.0000,5.238,1,293.15,0,2450.1,-0.0791,0.0000,0.0000,5.240,1,293.15,0
11.6500,183.1910,27.6956,0.5257,2.777,2.776,727.3,2,0.027,0.000,1.000,0.000,0,10.50,26.12,9.94,16.44,0.00,60.68,0.05390,0.0247,4196.3,2.8,0.05386,0.0223,4161.3,-19.8,0.01906,-0.0069,2270.2,9.1,0.01904,-0.0035,2273.4,-1.3,4420.7,-0.9923,-0.0001,-0.0000,0.000,1,293.15,0,4375.1,-0.9948,-0.0001,-0.0000,0.000,1,293.15,0,2449.0,-0.0800,0.0001,0.0000,4.944,1,293.15,0,2489.8,-0.0799,0.0001,0.0000,4.946,1,293.15,0
11.6667,183.2345,27.7016,0.5256,2.617,2.617,700.0,2,0.027,0.000,1.000,0.000,0,9.33,23.21,8.83,14.60,0.00,53.91,0.05395,-0.0056,4071.5,7.1,0.05391,0.0096,4121.0,-7.4,0.01897,-0.0033,2269.3,-1.8,0.01896,-0.0037,2266.3,-2.6,4274.7,-1.0019,-0.0000,-0.0000,0.000,1,293.15,0,4393.9,-0.9914,-0.0000,-0.0000,0.000,1,293.15,0,2483.4,-0.0809,0.0001,0.0000,4.658,1,293.15,0,2470.0,-0.0812,0.0001,0.0000,4.660,1,293.15,0
11.6833,183.2754,27.7073,0.5256,2.457,2.457,700.0,2,0.027,0.000,1.000,0.000,0,8.22,20.46,7.78,12.87,0.00,47.52,0.05410,0.0045,4123.6,9.1,0.05407,-0.0012,4088.2,-0.8,0.01889,-0.0057,2252.4,-3.5,0.01892,-0.0026,2280.5,9.6,4288.8,-1.0022,0.0001,-0.0000,0.000,1,293.15,0,4255.7,-1.0045,0.0001,-0.0000,0.000,1,293.15,0,2435.2,-0.0725,-0.0000,0.0000,4.523,1,293.15,0,2469.0,-0.0723,-0.0000,0.0000,4.522,1,293.15,0
11.7000,183.3138,27.7126,0.5256,2.306,2.306,700.0,2,0.026,0.000,1.000,0.000,0,7.24,18.02,6.86,11.34,-0.00,41.87,0.05416,0.0053,4120.7,-0.1,0.05414,0.0075,4127.7,-1.9,0.01890,0.0036,2294.5,-2.8,0.01891,0.0002,2277.2,-5.4,4317.7,-0.9997,0.0000,-0.0000,0.000,1,293.15,0,4328.2,-0.9984,0.0000,-0.0000,0.000,1,293.15,0,2513.2,-0.0470,-0.0000,0.0000,4.405,1,293.15,0,2475.8,-0.0472,-0.0000,0.0000,4.403,1,293.15,0
11.7167,183.3499,27.7176,0.5256,2.171,2.171,700.0,2,0.026,0.000,1.000,0.000,0,6.42,15.97,6.07,10.05,-0.00,37.09,0.05411,-0.0079,4060.1,-1.6,0.05409,-0.0070,4069.8,5.2,0.01896,0.0025,2297.6,1.3,0.01901,0.0107,2342.6,7.5,4253.2,-1.0032,-0.0000,-0.0000,0.000,1,293.15,0,4257.0,-1.0028,-0.0000,-0.0000,0.000,1,293.15,0,2463.3,-0.0186,-0.0000,0.0000,4.276,1,293.15,0,2553.7,-0.0183,-0.0000,0.0000,4.276,1,293.15,0
11.7333,183.3840,27.7223,0.5256,2.053,2.053,700.0,2,0.026,0.000,1.000,0.000,0,5.74,14.27,5.43,8.98,0.00,33.16,0.05393,-0.0149,4023.6,1.0,0.05390,-0.0228,3998.0,10.3,0.01919,0.0188,2372.3,-10.5,0.01922,0.0136,2355.2,-6.3,4199.8,-1.0053,-0.0000,-0.0000,-0.000,1,293.15,0,4142.4,-1.0105,-0.0000,-0.0000,0.000,1,293.15,0,2602.4,0.0086,-0.0000,0.0000,4.152,1,293.15,0,2538.4,0.0087,-0.0000,0.0000,4.150,1,293.15,0
11.7500,183.4165,27.7267,0.5256,1.952,1.952,700.0,2,0.026,0.000,1.000,0.000,0,5.19,12.91,4.91,8.12,0.00,29.99,0.05348,-0.0268,3943.4,-7.5,0.05345,-0.0281,3957.3,13.4,0.01954,0.0217,2415.9,-2.1,0.01956,0.0231,2421.7,-3.9,4149.4,-1.0049,-0.0000,-0.0000,0.000,1,293.15,0,4128.3,-1.0072,-0.0000,-0.0000,0.000,1,293.15,0,2608.3,0.0326,0.0000,0.0000,4.041,1,293.15,0,2618.2,0.0327,0.0000,0.0000,4.039,1,293.15,0
11.7667,183.4474,27.7310,0.5256,1.865,1.865,700.0,2,0.025,0.000,1.000,0.000,0,4.73,11.78,4.48,7.41,0.00,27.36,0.05279,-0.0529,3811.0,5.0,0.05273,-0.0530,3824.4,21.5,0.02001,0.0333,2492.2,-7.2,0.02004,0.0332,2489.2,-11.9,3978.9,-1.0139,-0.0000,-0.0000,0.000,1,293.15,0,3993.1,-1.0127,-0.0000,-0.0000,0.000,1,293.15,0,2713.9,0.0552,0.0000,0.0000,3.949,1,293.15,0,2695.7,0.0554,0.0000,0.0000,3.948,1,293.15,0
11.7833,183.4771,27.7351,0.5255,1.790,1.790,700.0,2,0.025,0.000,1.000,0.000,0,4.36,10.86,4.13,6.83,0.00,25.21,0.05191,-0.0607,3742.8,10.5,0.05186,-0.0607,3755.9,26.0,0.02080,0.0551,2635.5,-10.0,0.02084,0.0539,2624.0,-19.0,3886.9,-1.0162,0.0000,-0.0000,0.000,1,293.15,0,3919.8,-1.0135,0.0000,-0.0000,0.000,1,293.15,0,2865.8,0.0755,0.0000,0.0000,3.861,1,293.15,0,2829.1,0.0760,0.0000,0.0000,3.861,1,293.15,0
11.8000,183.5058,27.7391,0.5255,1.728,1.728,700.0,2,0.025,0.000,1.000,0.000,0,4.07,10.12,3.85,6.37,-0.00,23.50,0.05080,-0.0620,3677.5,2.6,0.05076,-0.0644,3676.8,14.4,0.02184,0.0669,2762.7,-0.5,0.02187,0.0657,2732.5,-27.8,3885.5,-1.0082,0.0000,-0.0000,0.000,1,293.15,0,3873.3,-1.0105,0.0000,-0.0000,0.000,1,293.15,0,2978.2,0.0933,-0.0000,0.0000,3.786,1,293.15,0,2951.6,0.0940,-0.0000,0.0000,3.787,1,293.15,0
11.8167,183.5336,27.7429,0.5255,1.678,1.677,700.0,2,0.025,0.000,1.000,0.000,0,3.83,9.53,3.63,6.00,-0.00,22.14,0.04949,-0.0800,3541.6,6.7,0.04947,-0.0788,3563.3,23.5,0.02301,0.0744,2873.8,3.7,0.02304,0.0735,2836.8,-31.2,3726.6,-1.0142,0.0001,-0.0000,0.000,1,293.15,0,3771.2,-1.0120,0.0001,-0.0000,0.000,1,293.15,0,3078.8,0.1091,-0.0001,0.0000,3.724,1,293.15,0,3057.6,0.1096,-0.0001,0.0000,3.723,1,293.15,0
11.8333,183.5607,27.7467,0.5254,1.636,1.636,700.0,2,0.025,0.000,1.000,0.000,0,3.65,9.07,3.45,5.71,-0.00,21.06,0.04808,-0.0854,3442.2,-2.2,0.04808,-0.0853,3474.8,30.0,0.02431,0.0802,2981.3,4.7,0.02433,0.0799,2945.0,-31.2,3640.3,-1.0140,0.0001,-0.0000,0.000,1,293.15,0,3666.9,-1.0142,0.0001,-0.0000,0.000,1,293.15,0,3176.5,0.1225,-0.0002,0.0000,3.670,1,293.15,0,3157.8,0.1229,-0.0002,0.0000,3.669,1,293.15,0
11.8500,183.5873,27.7503,0.5254,1.604,1.604,700.0,2,0.024,0.000,1.000,0.000,0,3.50,8.71,3.31,5.48,-0.00,20.23,0.04660,-0.0902,3360.8,8.6,0.04658,-0.0892,3379.0,23.9,0.02569,0.0829,3075.0,1.9,0.02569,0.0843,3053.0,-26.1,3549.2,-1.0148,0.0002,-0.0000,0.000,1,293.15,0,3591.9,-1.0127,0.0002,-0.0000,0.000,1,293.15,0,3260.2,0.1337,-0.0002,0.0000,3.626,1,293.15,0,3249.1,0.1341,-0.0002,0.0000,3.625,1,293.15,0
11.8667,183.6134,27.7539,0.5254,1.578,1.578,700.0,2,0.024,0.000,1.000,0.000,0,3.39,8.43,3.21,5.31,-0.00,19.59,0.04507,-0.0904,3286.9,10.7,0.04501,-0.0915,3284.2,15.9,0.02708,0.0789,3142.8,3.1,0.02708,0.0853,3142.9,-24.7,3494.4,-1.0120,0.0001,-0.0000,0.000,1,293.15,0,3506.3,-1.0124,0.0001,-0.0000,0.000,1,293.15,0,3324.0,0.1431,-0.0002,0.0000,3.597,1,293.15,0,3356.6,0.1431,-0.0002,0.0000,3.595,1,293.15,0
11.8833,183.6391,27.7575,0.5255,1.554,1.554,700.0,2,0.024,0.000,1.000,0.000,0,3.29,8.18,3.11,5.15,0.00,19.00,0.04359,-0.0880,3217.3,4.4,0.04355,-0.0866,3244.6,28.0,0.02859,0.0895,3284.6,7.6,0.02851,0.0810,3202.5,-32.2,3403.6,-1.0144,0.0001,-0.0000,0.000,1,293.15,0,3438.3,-1.0126,0.0001,-0.0000,0.000,1,293.15,0,3464.2,0.1522,-0.0001,0.0000,3.581,1,293.15,0,3355.4,0.1543,-0.0001,0.0000,3.584,1,293.15,0
11.9000,183.6644,27.7610,0.5256,1.529,1.529,700.0,2,0.024,0.000,1.000,0.000,0,3.18,7.92,3.01,4.98,0.00,18.39,0.04211,-0.0876,3135.9,-3.6,0.04211,-0.0823,3190.4,28.3,0.02984,0.0866,3341.1,2.5,0.02981,0.0753,3245.1,-41.3,3346.7,-1.0124,0.0000,-0.0000,0.000,1,293.15,0,3408.8,-1.0087,0.0000,-0.0000,0.000,1,293.15,0,3568.8,0.1641,-0.0000,0.0000,3.573,1,293.15,0,3429.9,0.1664,-0.0000,0.0000,3.578,1,293.15,0
11.9167,183.6892,27.7644,0.5256,1.502,1.502,700.0,2,0.024,0.000,1.000,0.000,0,3.07,7.65,2.91,4.81,0.00,17.76,0.04081,-0.0744,3133.6,3.9,0.04081,-0.0743,3149.0,18.7,0.03087,0.0515,3245.9,2.4,0.03094,0.0638,3303.0,1.4,3336.8,-1.0082,0.0000,-0.0000,0.000,1,293.15,0,3365.3,-1.0079,0.0000,-0.0000,0.000,1,293.15,0,3375.0,0.1832,0.0000,0.0000,3.577,1,293.15,0,3501.6,0.1806,0.0000,0.0000,3.574,1,293.15,0
11.9333,183.7136,27.7677,0.5258,1.473,1.473,700.0,2,0.023,0.000,1.000,0.000,0,2.95,7.35,2.80,4.63,-0.00,17.08,0.03964,-0.0697,3086.5,-3.0,0.03965,-0.0642,3142.0,28.0,0.03180,0.0402,3247.5,0.2,0.03178,0.0426,3265.3,8.2,3276.8,-1.0107,0.0000,-0.0000,0.000,1,293.15,0,3346.8,-1.0056,0.0000,-0.0000,0.000,1,293.15,0,3373.9,0.2017,-0.0000,0.0000,3.576,1,293.15,0,3397.9,0.2013,-0.0000,0.0000,3.573,1,293.15,0
11.9500,183.7374,27.7710,0.5259,1.440,1.440,700.0,2,0.023,0.000,1.000,0.000,0,2.82,7.03,2.67,4.42,-0.00,16.33,0.03873,-0.0503,3127.8,2.9,0.03871,-0.0546,3117.2,11.3,0.03249,0.0430,3271.9,-28.1,0.03257,0.0268,3248.2,15.5,3332.1,-1.0027,-0.0000,-0.0000,0.000,1,293.15,0,3310.7,-1.0070,-0.0000,-0.0000,0.000,1,293.15,0,3462.5,0.2214,0.0000,0.0000,3.570,1,293.15,0,3308.8,0.2248,0.0000,0.0000,3.572,1,293.15,0
11.9667,183.7606,27.7742,0.5260,1.401,1.401,700.0,2,0.023,0.000,1.000,0.000,0,2.67,6.66,2.53,4.19,-0.00,15.47,0.03805,-0.0355,3158.8,5.6,0.03800,-0.0359,3149.5,0.9,0.03293,0.0187,3212.8,-4.2,0.03287,0.0125,3185.6,-0.7,3371.9,-0.9984,0.0000,-0.0000,0.000,1,293.15,0,3366.4,-0.9995,0.0000,-0.0000,-0.000,1,293.15,0,3404.5,0.2481,-0.0000,0.0000,3.571,1,293.15,0,3326.6,0.2495,-0.0000,0.0000,3.573,1,293.15,0
11.9833,183.7831,27.7773,0.5261,1.358,1.358,700.0,2,0.023,0.000,1.000,0.000,0,2.51,6.25,2.38,3.93,-0.00,14.53,0.03752,-0.0240,3169.9,-4.7,0.03753,-0.0218,3188.9,4.4,0.03320,0.0165,3230.0,6.8,0.03318,0.0122,3195.5,-7.2,3392.6,-0.9962,0.0000,-0.0000,0.000,1,293.15,0,3407.3,-0.9960,0.0000,-0.0000,0.000,1,293.15,0,3409.6,0.2778,-0.0001,0.0000,3.567,1,293.15,0,3374.7,0.2785,-0.0001,0.0000,3.568,1,293.15,0
