[SolidArc] kernel, console and interaction targets link

══════════════════════════════════════════════════════════════════════════════════════════════════════════
  SolidArc · Phase 34a · Face loft — one solid from two through a chosen face of each
══════════════════════════════════════════════════════════════════════════════════════════════════════════
  CHECK                                                              MEASURED        LIMIT   VERDICT
  ──────────────────────────────────────────────────────────────────────────────────────────────────────

  ── Box to box: the skin between two congruent facing squares is the prism between them
  The face loft returns a closed manifold solid                          true         true   PASS
  One hull of genus zero with V16/E25/F11: two open boxes, one skin, one seam             true         true   PASS
  Volume follows 64 + 64 + 16·6 = 224 (relative)                   1.269e-16      1.0e-03   PASS
  Area follows 2·96 − 2·16 + 4·6·4 = 256 (relative)           0.000e+00      1.0e-03   PASS
  All four rim edges of each dropped face are the skin's own edges (shared exactly, no duplicates)             true         true   PASS
  Every edge has exactly two coedges (the seam is used twice by the skin)             true         true   PASS
  The source bodies are untouched                                        true         true   PASS

  ── Same-body face loft: a bounded handle bridge joins two disconnected hulls without duplicating faces
  The same-body fixture contains two valid disconnected hulls             true         true   PASS
  Two facing faces on one same-body multi-hull B-rep produce a closed handle solid             true         true   PASS
  The same-body bridge joins one oriented genus-zero hull                true         true   PASS
  The same-body bridge does not duplicate the surviving topology             true         true   PASS
  The same-body bridge volume is the two boxes plus the conn        1.269e-16      1.0e-03   PASS
  A same-face request still refuses                                      true         true   PASS

  ── Cylinder cap to cylinder cap: the skin between coaxial circles is the exact cone frustum
  The cap loft returns a closed manifold solid                           true         true   PASS
  One hull of genus zero with V4/E7/F5: the seams of both caps already coincide, so no rim is split             true         true   PASS
  Volume follows 12π + 7π + 3π (relative)                        4.042e-04      1.0e-03   PASS
  The seam ruling is the untwisted slant √10                      0.000e+00      1.0e-09   PASS
  The skin's area follows the frustum's π(r₁ + r₂)·sla        4.083e-04      2.0e-03   PASS

  ── Box to cylinder cap: a square-to-round transition with the seam split onto a real rim vertex
  The square-to-round loft returns a closed manifold solid               true         true   PASS
  One hull of genus zero with V11/E17/F8: the cap circle is split into two arcs at the least-twist seam             true         true   PASS
  The dropped cap's rim is now two arcs; the far cap keeps its one circle             true         true   PASS
  The seam ruling has the least-twist length                        1.776e-15      1.0e-06   PASS
  The skin adds material between the two end-area prisms                 true         true   PASS
     · skin volume 51.4491 (square prism 48.0000, round prism 54.2867)

  ── Unsupported selections refuse and leave the sources untouched
  Faces that face away from each other refuse                            true         true   PASS
  A cylinder side face (one loop through its seam twice) refuses             true         true   PASS
  Non-facing same-body selections refuse                                 true         true   PASS
  An open sheet refuses                                                  true         true   PASS
  A face with an inner loop (a through-hole) refuses                     true         true   PASS
  An out-of-range face refuses                                           true         true   PASS
  The sources are still the original solids                              true         true   PASS

  ── Console commit and visual proof
> loft Fuselage:f5 Cowl:f2 --name=Nose
  · loft Fuselage:f5 → Cowl:f2  ·  face loft, rims shared exactly (no Boolean)
  · #3   Nose               solid    V11 E17 F8  χ=2 genus 0  vol 183.6293  area 206.2851  bounds [0.00 -2.40 -2.40]–[11.00 2.40 2.40]
  `loft A:fN B:fM` commits one solid and consumes both sources             true         true   PASS
> loft P:f5 Q:f4 --keep --name=Bar
  · loft P:f5 → Q:f4  ·  face loft, rims shared exactly (no Boolean)
  · #3   Bar                solid    V16 E25 F11  χ=2 genus 0  vol 224.0000  area 256.0000  bounds [0.00 0.00 0.00]–[14.00 4.00 4.00]
  `loft A:fN B:fM --keep` keeps the sources                              true         true   PASS
> loft Nose:f0
  ✗ loft: a face loft takes exactly two body faces, Name:fN Name:fM (see `topology`)
  A face token on a curve or a single token refuses at the console             true         true   PASS
> loft HandleSource:f5 HandleSource:f10 --keep --name=Handle
  · loft HandleSource:f5 → HandleSource:f10  ·  face loft, rims shared exactly (no Boolean)
  · #2   Handle             solid    V16 E25 F11  χ=2 genus 0  vol 224.0000  area 256.0000  bounds [0.00 0.00 0.00]–[14.00 4.00 4.00]
  The console accepts two distinct faces of one body                     true         true   PASS
> reset
  · scene reset (empty, workplane xy)
> gizmo off
  · gizmo off  layout combined  pivot (-nan -nan -nan)  view free  hover none
> show iso off
> view iso
  · view iso  eye (-6.93 -6.93 6.93)  pivot (0.00 0.00 0.00)  distance 12.00  yaw -45.0° pitch 35.3°  persp
> view orbit 100 -10
  · view orbit  eye (8.89 -6.22 5.12)  pivot (0.00 0.00 0.00)  distance 12.00  yaw 55.0° pitch 25.3°  persp
> view fit
  · view fit  eye (21.14 -10.95 9.01)  pivot (5.50 -0.00 -0.00)  distance 21.11  yaw 55.0° pitch 25.3°  persp
> render sheet 0
  · render sheet 0  1280x800  (tile captured; run `render sheet finalize <name>` to composite)
> reset
  · scene reset (empty, workplane xy)
> gizmo off
  · gizmo off  layout combined  pivot (-nan -nan -nan)  view free  hover none
> show iso off
> view iso
  · view iso  eye (-6.69 -12.19 12.19)  pivot (5.50 -0.00 -0.00)  distance 21.11  yaw -45.0° pitch 35.3°  persp
> view orbit 100 -10
  · view orbit  eye (21.14 -10.95 9.01)  pivot (5.50 -0.00 -0.00)  distance 21.11  yaw 55.0° pitch 25.3°  persp
> view fit
  · view fit  eye (21.14 -10.95 9.01)  pivot (5.50 -0.00 -0.00)  distance 21.11  yaw 55.0° pitch 25.3°  persp
> render sheet 1
  · render sheet 1  1280x800  (tile captured; run `render sheet finalize <name>` to composite)
> reset
  · scene reset (empty, workplane xy)
> gizmo off
  · gizmo off  layout combined  pivot (-nan -nan -nan)  view free  hover none
> show iso off
> view iso
  · view iso  eye (-6.69 -12.19 12.19)  pivot (5.50 -0.00 -0.00)  distance 21.11  yaw -45.0° pitch 35.3°  persp
> view fit
  · view fit  eye (-6.42 -11.42 15.42)  pivot (7.00 2.00 2.00)  distance 23.24  yaw -45.0° pitch 35.3°  persp
> render sheet 2
  · render sheet 2  1280x800  (tile captured; run `render sheet finalize <name>` to composite)
> reset
  · scene reset (empty, workplane xy)
> gizmo off
  · gizmo off  layout combined  pivot (-nan -nan -nan)  view free  hover none
> show iso off
> view iso
  · view iso  eye (-6.42 -11.42 15.42)  pivot (7.00 2.00 2.00)  distance 23.24  yaw -45.0° pitch 35.3°  persp
> view orbit 0 -20
  · view orbit  eye (-8.85 -13.85 8.12)  pivot (7.00 2.00 2.00)  distance 23.24  yaw -45.0° pitch 15.3°  persp
> view fit
  · view fit  eye (-12.69 -12.69 9.40)  pivot (-0.00 -0.00 4.50)  distance 18.61  yaw -45.0° pitch 15.3°  persp
> render sheet 3
  · render sheet 3  1280x800  (tile captured; run `render sheet finalize <name>` to composite)
> render sheet finalize Phase34a_FaceLoft
  · render sheet  /home/user/Slate/_AgentScratch/build/SolidArcProofs/Phase34a_FaceLoft.png  2560x1600  (2x2 of 1280x800 tiles)
  C++ proof commands complete without refusal                            true         true   PASS
  C++ contact-sheet proof is written and non-trivial                     true         true   PASS
> view iso
  · view iso  eye (-6.93 -6.93 6.93)  pivot (0.00 0.00 0.00)  distance 12.00  yaw -45.0° pitch 35.3°  persp
> view fit
  · view fit  eye (-13.54 -18.54 22.54)  pivot (7.00 2.00 2.00)  distance 35.57  yaw -45.0° pitch 35.3°  persp
> render Phase34f_SameBodyFaceLoft
  · render /home/user/Slate/_AgentScratch/build/SolidArcProofs/Phase34f_SameBodyFaceLoft.png  1600x800  5480.4 ms  306 tri  49 seg  0 pts  1419728 frag
  The same-body handle proof render completes                            true         true   PASS
  The same-body handle proof PNG is written                              true         true   PASS

  ──────────────────────────────────────────────────────────────────────────────────────────────────────
  38 checks, 0 failed → ALL PASS


══════════════════════════════════════════════════════════════════════════════════════════════════════════
  SolidArc · Phase 34b · Tweak Verification — translate a face, an edge or a vertex of a solid on fixed topology
══════════════════════════════════════════════════════════════════════════════════════════════════════════
  CHECK                                                              MEASURED        LIMIT   VERDICT
  ──────────────────────────────────────────────────────────────────────────────────────────────────────

  ── Moving a face: along its normal and obliquely, every face stays planar and V/E/F never change
  The top face moves 1.5 along its normal into a closed manifold solid             true         true   PASS
  Topology is untouched: V8/E12/F6 with the same edge–vertex incidences             true         true   PASS
  Volume is exactly 4·3·3.5 = 42 (relative)                       0.000e+00      1.0e-09   PASS
  All six faces remain tagged Plane                                      true         true   PASS
  `push` reaches the same volume through a slab Boolean but keeps the extra faces; the tweak is the true face move             true         true   PASS
     · push topology V12/E20/F10 · tweak V8/E12/F6
  The top face slides in its own plane by (1, 0.5, 0): the sides become parallelograms, still planar             true         true   PASS
  A shear preserves the volume exactly (Cavalieri): 24 (rela        0.000e+00      1.0e-09   PASS
  An oblique face move (1, 0.5, 1.5) is accepted with all faces planar             true         true   PASS
  Its volume is the sheared prism's 4·3·3.5 = 42 (relative        0.000e+00      1.0e-09   PASS
  Two successive tweaks compose (move up, then shear) into the same solid as one oblique move             true         true   PASS

  ── Moving an edge: the two faces along it stay planar; the end faces warp only for a component along the edge
  Lifting the front top edge by 1 is accepted without warping (the end faces contain the direction)             true         true   PASS
  Topology is untouched                                                  true         true   PASS
  The top becomes a tilted plane: volume 4·3·(2 + 1/2) = 3        0.000e+00      1.0e-09   PASS
  A move perpendicular to the edge but out of the top plane (0, −1, 0.5) also keeps every face planar             true         true   PASS
  Its volume is the section polygon's area × length (relati        1.146e-16      1.0e-09   PASS
  A move along the edge names exactly the two end faces as the ones that would warp             true         true   PASS
  …and the tweak refuses it unless warping is allowed                  true         true   PASS
  With warping allowed the end faces become bilinear and the solid stays closed             true         true   PASS
  Its volume follows the trilinear hexahedron integral (rela        1.480e-16      1.0e-03   PASS
     · exact 24.000000000 · measured 24.000000000

  ── Moving a vertex: refused by default because faces would warp; exact bilinear faces when allowed
  Lifting a top corner straight up warps only the top face (the two vertical sides contain the direction)             true         true   PASS
  The default tweak refuses and leaves the source untouched              true         true   PASS
  With warping allowed the corner lifts into a closed manifold solid with one bilinear face             true         true   PASS
  The volume is 24 + ∫∫ (x/4)(y/3) = 27 (relative)              3.617e-05      1.0e-03   PASS
  The bilinear top passes through all four of its corners                true         true   PASS
     · lifted corner: measured 27.000977, exact 27 (tessellation floor at 32 spans)
  An oblique corner pull warps all three faces around it and stays closed             true         true   PASS
  Its volume follows the trilinear hexahedron integral (rela        5.378e-05      1.0e-03   PASS
     · exact 28.750000000 · measured 28.751546224

  ── Prisms: trimmed n-gon caps translate rigidly or refit in their plane; curved edges refuse
  A hexagonal prism (six natural quads, two trimmed hexagon caps) is the fixture             true         true   PASS
  Moving the cap obliquely keeps the cap planar and turns the six sides into planar parallelograms             true         true   PASS
  Its volume is base area × new height 2.8 (relative)              3.907e-15      1.0e-09   PASS
  Pushing one vertical edge outward refits both hexagon caps in their planes and keeps the two sides planar             true         true   PASS
  Each cap grows by ½·0.6·2√3 = 0.6√3: volume (6√3         1.554e-16      1.0e-09   PASS
  Lifting one cap vertex out of the cap plane refuses: an n-gon cannot warp             true         true   PASS
  Moving one cap vertex within the cap plane refits the cap and the two adjacent sides             true         true   PASS
  A native cylinder cap (closed circular rim) translates axially with exact cylinder topology             true         true   PASS
  A zero vector, a bad index and an open sheet refuse                    true         true   PASS
  A move that would invert the solid refuses                             true         true   PASS

  ── Console commit and visual proof
> tweak Block (0,0,1.5) --face=1 --name=Taller
  · #2   Taller             solid    V8 E12 F6  χ=2 genus 0  vol 42.0000  area 73.0000  bounds [0.00 0.00 0.00]–[4.00 3.00 3.50]
  · tweak Block → Taller  face 1  by (0.0000, 0.0000, 1.5000)  volume 24.0000 → 42.0000  fixed topology
  `tweak <body> (dx,dy,dz) --face=i` commits the moved solid and consumes the source             true         true   PASS
> tweak Taller (0,0,1) --vertex=6
  ✗ tweak Taller: moving vertex 6 by (0.000, 0.000, 1.000) would warp f1 out of plane — add --warp to accept bilinear faces, or move a whole face/edge
> tweak Taller (0,0,1) --vertex=6 --warp --name=Peaked
  · #3   Peaked             solid    V8 E12 F6  χ=2 genus 0  vol 45.0010  area 76.8405  bounds [0.00 0.00 0.00]–[4.00 3.00 4.50]
  · tweak Taller → Peaked  vertex 6  by (0.0000, 0.0000, 1.0000)  volume 42.0000 → 45.0010  bilinear faces admitted
  `tweak --vertex=i` without --warp refuses and names the warping face; with --warp it commits             true         true   PASS
> tweak Peaked (1,0,0) --face=0 --edge=1
  ✗ tweak: exactly one of --face=i, --edge=i, --vertex=i is required — use `topology <body>` to list them
> tweak Peaked (1,0,0)
  ✗ tweak: exactly one of --face=i, --edge=i, --vertex=i is required — use `topology <body>` to list them
> circle (0,0) 1 --name=Ring
  · #4   Ring               curve    deg 2  poles 9    rational closed  length 6.2832  bounds [-1.00 -1.00 0.00]–[1.00 1.00 0.00]
> tweak Ring (1,0,0) --vertex=0
  ✗ tweak: 'Ring' is not a body
  Two selectors at once, a missing selector and a curve figure refuse at the console             true         true   PASS
> reset
  · scene reset (empty, workplane xy)
> gizmo off
  · gizmo off  layout combined  pivot (-nan -nan -nan)  view free  hover none
> show iso off
> view iso
  · view iso  eye (-6.93 -6.93 6.93)  pivot (0.00 0.00 0.00)  distance 12.00  yaw -45.0° pitch 35.3°  persp
> view orbit 20 -8
  · view orbit  eye (-4.51 -9.67 5.50)  pivot (0.00 0.00 0.00)  distance 12.00  yaw -25.0° pitch 27.3°  persp
> view fit
  · view fit  eye (-0.25 -10.59 8.77)  pivot (5.50 1.75 1.75)  distance 15.32  yaw -25.0° pitch 27.3°  persp
> render sheet 0
  · render sheet 0  1280x800  (tile captured; run `render sheet finalize <name>` to composite)
> reset
  · scene reset (empty, workplane xy)
> gizmo off
  · gizmo off  layout combined  pivot (-nan -nan -nan)  view free  hover none
> show iso off
> view iso
  · view iso  eye (-3.34 -7.09 10.59)  pivot (5.50 1.75 1.75)  distance 15.32  yaw -45.0° pitch 35.3°  persp
> view orbit 20 -8
  · view orbit  eye (-0.25 -10.59 8.77)  pivot (5.50 1.75 1.75)  distance 15.32  yaw -25.0° pitch 27.3°  persp
> view fit
  · view fit  eye (0.15 -9.97 8.02)  pivot (5.50 1.50 1.50)  distance 14.24  yaw -25.0° pitch 27.3°  persp
> render sheet 1
  · render sheet 1  1280x800  (tile captured; run `render sheet finalize <name>` to composite)
> reset
  · scene reset (empty, workplane xy)
> gizmo off
  · gizmo off  layout combined  pivot (-nan -nan -nan)  view free  hover none
> show iso off
> view iso
  · view iso  eye (-2.72 -6.72 9.72)  pivot (5.50 1.50 1.50)  distance 14.24  yaw -45.0° pitch 35.3°  persp
> view orbit 20 -8
  · view orbit  eye (0.15 -9.97 8.02)  pivot (5.50 1.50 1.50)  distance 14.24  yaw -25.0° pitch 27.3°  persp
> view fit
  · view fit  eye (-0.17 -9.87 8.11)  pivot (5.25 1.75 1.50)  distance 14.43  yaw -25.0° pitch 27.3°  persp
> render sheet 2
  · render sheet 2  1280x800  (tile captured; run `render sheet finalize <name>` to composite)
> reset
  · scene reset (empty, workplane xy)
> gizmo off
  · gizmo off  layout combined  pivot (-nan -nan -nan)  view free  hover none
> show iso off
> view iso
  · view iso  eye (-3.08 -6.58 9.83)  pivot (5.25 1.75 1.50)  distance 14.43  yaw -45.0° pitch 35.3°  persp
> view orbit 20 -8
  · view orbit  eye (-0.17 -9.87 8.11)  pivot (5.25 1.75 1.50)  distance 14.43  yaw -25.0° pitch 27.3°  persp
> view fit
  · view fit  eye (-2.12 -11.86 8.26)  pivot (3.50 0.20 1.40)  distance 14.97  yaw -25.0° pitch 27.3°  persp
> render sheet 3
  · render sheet 3  1280x800  (tile captured; run `render sheet finalize <name>` to composite)
> render sheet finalize Phase34b_Tweak
  · render sheet  /home/user/Slate/_AgentScratch/build/SolidArcProofs/Phase34b_Tweak.png  2560x1600  (2x2 of 1280x800 tiles)
  C++ proof commands complete without refusal                            true         true   PASS
  C++ contact-sheet proof is written and non-trivial                     true         true   PASS

  ──────────────────────────────────────────────────────────────────────────────────────────────────────
  41 checks, 0 failed → ALL PASS


══════════════════════════════════════════════════════════════════════════════════════════════════════════
  SolidArc · direct modelling · single-edge chamfer
══════════════════════════════════════════════════════════════════════════════════════════════════════════
  CHECK                                                              MEASURED        LIMIT   VERDICT
  ──────────────────────────────────────────────────────────────────────────────────────────────────────

  ── A single edge and a connected planar edge loop become closed bevels transactionally
> box (0,0,0) (4,3,2) --name=Block
  · #1   Block              solid    V8 E12 F6  χ=2 genus 0  vol 24.0000  area 52.0000  bounds [0.00 0.00 0.00]–[4.00 3.00 2.00]
  A box primitive is accepted                                            true         true   PASS
> chamfer Block 0.2 --edges=0 --name=Bevel
  · chamfer Block → Bevel  setback 0.2000  edges 1/1
  One edge chamfer commits                                               true         true   PASS
  The source is consumed and the bevel result is a solid                 true         true   PASS
  The single edge adds exactly one face (V10/E15/F7)                     true         true   PASS
  The bevel removes the expected 0.08 cubic units                   5.045e-13      1.0e-06   PASS
> box (0,0,0) (4,3,2) --name=LoopBlock
  · #1   LoopBlock          solid    V8 E12 F6  χ=2 genus 0  vol 24.0000  area 52.0000  bounds [0.00 0.00 0.00]–[4.00 3.00 2.00]
  A second box primitive is accepted                                     true         true   PASS
> chamfer LoopBlock 0.2 --edges=0,1 --name=LoopBevel
  · chamfer LoopBlock → LoopBevel  setback 0.2000  edges 2/2
  A connected edge-loop request commits as one result                    true         true   PASS
  The console loop has two chamfer planes (V11/E17/F8)                   true         true   PASS
> box (0,0,0) (4,3,2) --name=TooLarge
  · #1   TooLarge           solid    V8 E12 F6  χ=2 genus 0  vol 24.0000  area 52.0000  bounds [0.00 0.00 0.00]–[4.00 3.00 2.00]
> chamfer TooLarge 2.0 --edges=0 --name=MustNotExist
  ✗ chamfer TooLarge: set-back would self-intersect the next planar boundary
  A self-intersecting setback refuses transactionally                    true         true   PASS

  ── Visual proof: sharp source beside single-edge and edge-loop bevels
> box (-9,0,0) (-5,3,2) --name=Sharp
  · #1   Sharp              solid    V8 E12 F6  χ=2 genus 0  vol 24.0000  area 52.0000  bounds [-9.00 0.00 0.00]–[-5.00 3.00 2.00]
> box (-2,0,0) (2,3,2) --name=Source
  · #2   Source             solid    V8 E12 F6  χ=2 genus 0  vol 24.0000  area 52.0000  bounds [-2.00 0.00 0.00]–[2.00 3.00 2.00]
> chamfer Source 0.2 --edges=0 --name=Beveled
  · chamfer Source → Beveled  setback 0.2000  edges 1/1
> box (5,0,0) (9,3,2) --name=LoopSource
  · #4   LoopSource         solid    V8 E12 F6  χ=2 genus 0  vol 24.0000  area 52.0000  bounds [5.00 0.00 0.00]–[9.00 3.00 2.00]
> chamfer LoopSource 0.2 --edges=0,1 --name=LoopBeveled
  · chamfer LoopSource → LoopBeveled  setback 0.2000  edges 2/2
> view iso
  · view iso  eye (-6.93 -6.93 6.93)  pivot (0.00 0.00 0.00)  distance 12.00  yaw -45.0° pitch 35.3°  persp
> view fit
  · view fit  eye (-14.47 -12.97 15.47)  pivot (0.00 1.50 1.00)  distance 25.07  yaw -45.0° pitch 35.3°  persp
> render Phase34c_SingleEdgeChamfer
  · render /home/user/Slate/_AgentScratch/build/SolidArcProofs/Phase34c_SingleEdgeChamfer.png  1280x800  4389.8 ms  170 tri  44 seg  0 pts  999900 frag
  The chamfer proof render completes                                     true         true   PASS
  The chamfer proof PNG is written                                       true         true   PASS

  ──────────────────────────────────────────────────────────────────────────────────────────────────────
  11 checks, 0 failed → ALL PASS


══════════════════════════════════════════════════════════════════════════════════════════════════════════
  SolidArc · planar edge-set chamfer · arbitrary dihedral and loop transaction
══════════════════════════════════════════════════════════════════════════════════════════════════════════
  CHECK                                                              MEASURED        LIMIT   VERDICT
  ──────────────────────────────────────────────────────────────────────────────────────────────────────

  ── Connected planar selections commit together and preserve the source on failure
  The box fixture is a closed solid                                      true         true   PASS
  Two adjacent planar edges commit as one mitred transaction             true         true   PASS
  The adjacent result is closed, manifold and oriented                   true         true   PASS
  The adjacent result has two new chamfer planes (V11/E17/F8)             true         true   PASS
  The adjacent loop removes material without over-cutting the two wedges             true         true   PASS
  The source remains untouched after the committed transaction             true         true   PASS
  A four-edge planar loop commits in one operation                       true         true   PASS
  The four-edge loop is a single closed solid                            true         true   PASS
  The loop has four chamfer planes (V12/E20/F10)                         true         true   PASS

  ── Arbitrary dihedral and self-intersection feasibility
  The triangular prism fixture is a closed solid                         true         true   PASS
  A non-right planar edge is accepted                                    true         true   PASS
  The arbitrary-dihedral chamfer commits                                 true         true   PASS
  The arbitrary-dihedral result is a closed solid                        true         true   PASS
  The arbitrary-dihedral volume follows the analytic wedge          6.395e-13      3.0e-03   PASS
  An over-large setback refuses before self-intersection                 true         true   PASS
  A refused setback leaves the source unchanged                          true         true   PASS

  ── Visual proof: sharp, adjacent-edge and four-edge-loop results
> box (-9,0,0) (-5,3,2) --name=Sharp
  · #1   Sharp              solid    V8 E12 F6  χ=2 genus 0  vol 24.0000  area 52.0000  bounds [-9.00 0.00 0.00]–[-5.00 3.00 2.00]
> box (-2,0,0) (2,3,2) --name=AdjacentSource
  · #2   AdjacentSource     solid    V8 E12 F6  χ=2 genus 0  vol 24.0000  area 52.0000  bounds [-2.00 0.00 0.00]–[2.00 3.00 2.00]
> chamfer AdjacentSource 0.2 --edges=0,1 --name=Adjacent
  · chamfer AdjacentSource → Adjacent  setback 0.2000  edges 2/2
> box (5,0,0) (9,3,2) --name=LoopSource
  · #4   LoopSource         solid    V8 E12 F6  χ=2 genus 0  vol 24.0000  area 52.0000  bounds [5.00 0.00 0.00]–[9.00 3.00 2.00]
> chamfer LoopSource 0.2 --edges=0,1,2,3 --name=Loop
  · chamfer LoopSource → Loop  setback 0.2000  edges 4/4
> view iso
  · view iso  eye (-6.93 -6.93 6.93)  pivot (0.00 0.00 0.00)  distance 12.00  yaw -45.0° pitch 35.3°  persp
> view fit
  · view fit  eye (-14.47 -12.97 15.47)  pivot (0.00 1.50 1.00)  distance 25.07  yaw -45.0° pitch 35.3°  persp
> render Phase34d_ChamferLoop
  · render /home/user/Slate/_AgentScratch/build/SolidArcProofs/Phase34d_ChamferLoop.png  1600x800  5135.9 ms  184 tri  49 seg  0 pts  1061223 frag
  The edge-loop proof render completes                                   true         true   PASS
  The edge-loop proof PNG is written                                     true         true   PASS

  ──────────────────────────────────────────────────────────────────────────────────────────────────────
  18 checks, 0 failed → ALL PASS


══════════════════════════════════════════════════════════════════════════════════════════════════════════
  SolidArc · face rotation and scale tweaks · fixed topology
══════════════════════════════════════════════════════════════════════════════════════════════════════════
  CHECK                                                              MEASURED        LIMIT   VERDICT
  ──────────────────────────────────────────────────────────────────────────────────────────────────────

  ── Uniform face scale keeps topology and preserves a closed solid
  The top face scale commits                                             true         true   PASS
  The scaled result is closed, manifold and oriented                     true         true   PASS
  Scaling keeps fixed topology (V8/E12/F6)                               true         true   PASS
  The tapered box volume is 14  (got 14, want 14)                   0.000e+00      1.0e-09   PASS
  The source remains untouched                                           true         true   PASS

  ── Rotation accepts valid planar transforms and refuses silent warps
  An in-plane rotation refuses the adjacent non-planar side quads by default             true         true   PASS
  The refused rotation leaves the source unchanged                       true         true   PASS
  The same rotation commits with explicit warp permission                true         true   PASS
  The rotated result remains a closed solid                              true         true   PASS
  Rotation keeps fixed topology (V8/E12/F6)                              true         true   PASS
  The explicitly warped rotation has a positive numerical vo        1.919e-05      1.0e-03   PASS
     · The bilinear side-wall warp is intentionally not volume-preserving; the solid and topology remain validated.
  A curved-rim face scale refuses instead of approximating the circle             true         true   PASS

  ── Console commit and visible proof
> box (-9,0,0) (-5,3,2) --name=Sharp
  · #1   Sharp              solid    V8 E12 F6  χ=2 genus 0  vol 24.0000  area 52.0000  bounds [-9.00 0.00 0.00]–[-5.00 3.00 2.00]
> box (-2,0,0) (2,3,2) --name=ScaleSource
  · #2   ScaleSource        solid    V8 E12 F6  χ=2 genus 0  vol 24.0000  area 52.0000  bounds [-2.00 0.00 0.00]–[2.00 3.00 2.00]
> scale ScaleSource 0.5 --face=1 --name=Scaled
  · #3   Scaled             solid    V8 E12 F6  χ=2 genus 0  vol 14.0000  area 37.8783  bounds [-2.00 0.00 0.00]–[2.00 3.00 2.00]
  · scale ScaleSource → Scaled  face 1  factor 0.5000  volume 24.0000 → 14.0000
> box (5,0,0) (9,3,2) --name=RotateSource
  · #4   RotateSource       solid    V8 E12 F6  χ=2 genus 0  vol 24.0000  area 52.0000  bounds [5.00 0.00 0.00]–[9.00 3.00 2.00]
> rotate RotateSource 12 --face=1 --axis=(0,0,1) --warp --name=Rotated
  · #5   Rotated            solid    V8 E12 F6  χ=2 genus 0  vol 23.8252  area 52.0634  bounds [4.73 -0.38 0.00]–[9.27 3.38 2.00]
  · rotate RotateSource → Rotated  face 1  angle 12.0000°  volume 24.0000 → 23.8252
> view iso
  · view iso  eye (-6.93 -6.93 6.93)  pivot (0.00 0.00 0.00)  distance 12.00  yaw -45.0° pitch 35.3°  persp
> view fit
  · view fit  eye (-14.93 -13.56 16.06)  pivot (0.13 1.50 1.00)  distance 26.09  yaw -45.0° pitch 35.3°  persp
> render Phase34e_TransformTweaks
  · render /home/user/Slate/_AgentScratch/build/SolidArcProofs/Phase34e_TransformTweaks.png  1600x800  5001.3 ms  8376 tri  36 seg  0 pts  970123 frag
  The rotate/scale console commands commit                               true         true   PASS
  The transform-tweak proof PNG is written                               true         true   PASS

  ──────────────────────────────────────────────────────────────────────────────────────────────────────
  14 checks, 0 failed → ALL PASS


══════════════════════════════════════════════════════════════════════════════════════════════════════════
  SolidArc · Phase 35a · native curved-face and curved-edge tweaks
══════════════════════════════════════════════════════════════════════════════════════════════════════════
  CHECK                                                              MEASURED        LIMIT   VERDICT
  ──────────────────────────────────────────────────────────────────────────────────────────────────────
  The native cylinder fixture is a closed solid                          true         true   PASS
  The selected cap and its closed circular edge are found                true         true   PASS

  ── Axial cap and circular-edge moves retain exact analytic cylinder geometry
  The curved planar cap translates axially                               true         true   PASS
  The cap move keeps native V2/E3/F3 topology                            true         true   PASS
  The raised cylinder volume is 20π                                3.031e-04      2.0e-03   PASS
  The moved rim remains a rational closed circle                         true         true   PASS
  The source cylinder remains 16π                                  3.031e-04      2.0e-03   PASS
  The closed circular cap edge translates axially as one exact cap edit             true         true   PASS
  Face and circular-edge routes agree numerically                   0.000e+00      1.0e-09   PASS

  ── Curved-domain safety refusals remain explicit
  A lateral cap move refuses instead of shearing the cylinder             true         true   PASS
  A lateral circular-edge move refuses                                   true         true   PASS
  The curved cylinder side face remains outside the bounded route             true         true   PASS
  A non-native curved body refuses without approximation                 true         true   PASS

  ── Console commit and visible proof
> tweak Source (0,0,1) --face=1 --name=CapMoved
  · #2   CapMoved           solid    V2 E3 F3  χ=2 genus 0  vol 62.8128  area 87.9557  bounds [-2.00 -2.00 0.00]–[2.00 2.00 5.00]
  · tweak Source → CapMoved  face 1  by (0.0000, 0.0000, 1.0000)  volume 50.2502 → 62.8128  fixed topology
> tweak CapMoved (0,0,1) --edge=2 --name=EdgeMoved
  · #3   EdgeMoved          solid    V2 E3 F3  χ=2 genus 0  vol 75.3754  area 100.5208  bounds [-2.00 -2.00 0.00]–[2.00 2.00 6.00]
  · tweak CapMoved → EdgeMoved  edge 2  by (0.0000, 0.0000, 1.0000)  volume 62.8128 → 75.3754  fixed topology
  The console commits native curved-face and curved-edge tweaks             true         true   PASS
> view iso
  · view iso  eye (-6.93 -6.93 6.93)  pivot (0.00 0.00 0.00)  distance 12.00  yaw -45.0° pitch 35.3°  persp
> view fit
  · view fit  eye (-16.55 -16.55 19.05)  pivot (0.00 -0.00 2.50)  distance 28.66  yaw -45.0° pitch 35.3°  persp
> render Phase35a_CurvedCapTweaks
  · render /home/user/Slate/_AgentScratch/build/SolidArcProofs/Phase35a_CurvedCapTweaks.png  1600x800  5377.0 ms  3930 tri  435 seg  0 pts  1183038 frag
  The curved-tweak proof render completes                                true         true   PASS
  The curved-tweak proof PNG is written                                  true         true   PASS

  ──────────────────────────────────────────────────────────────────────────────────────────────────────
  16 checks, 0 failed → ALL PASS


══════════════════════════════════════════════════════════════════════════════════════════════════════════
  SolidArc · Phase 35b · concave planar chamfer networks
══════════════════════════════════════════════════════════════════════════════════════════════════════════
  CHECK                                                              MEASURED        LIMIT   VERDICT
  ──────────────────────────────────────────────────────────────────────────────────────────────────────
  The concave U-profile extrusion is a closed solid                      true         true   PASS
  Both reflex vertical edges are addressable                             true         true   PASS

  ── One transactional route solves both reflex corners from the complete concave profile
  The two-edge concave network commits atomically                        true         true   PASS
  The concave network is one manifold solid                              true         true   PASS
  The reconstruction keeps the two new bevel planes                      true         true   PASS
  The volume follows the exact chamfered-profile area × len        3.411e-14      2.0e-03   PASS
     · source profile area 54.0000, chamfered profile area 54.1600, source volume 216.0000
  The source remains untouched                                           true         true   PASS

  ── Feasibility and transactional refusal
  An over-large concave network refuses                                  true         true   PASS
  The refused concave network leaves the source unchanged                true         true   PASS

  ── Console commit and visible proof
> polyline (0,0) (8,0) (8,8) (5,8) (5,3) (3,3) (3,8) (0,8) --closed --name=UProfile
  · #1   UProfile           curve    deg 1  poles 9    integral closed  length 42.0000  bounds [0.00 0.00 0.00]–[8.00 8.00 0.00]
> extrude UProfile 4 --name=U
  · extrude UProfile → area 0 (filled, 0 hole(s))
  · #2   U                  solid    V16 E24 F10  χ=2 genus 0  vol 216.0000  area 276.0000  bounds [0.00 0.00 0.00]–[8.00 8.00 4.00]
  ·   ↳ extrude of area{UProfile}  length 4  direction (0.00 0.00 1.00)
> chamfer U 0.4 --edges=14,11 --name=ConcaveBevel
  · chamfer U → ConcaveBevel  setback 0.4000  edges 2/2
  The console commits the concave network                                true         true   PASS
> view iso
  · view iso  eye (-6.93 -6.93 6.93)  pivot (0.00 0.00 0.00)  distance 12.00  yaw -45.0° pitch 35.3°  persp
> view fit
  · view fit  eye (-20.78 -20.78 26.78)  pivot (4.00 4.00 2.00)  distance 42.91  yaw -45.0° pitch 35.3°  persp
> render Phase35b_ConcaveChamferNetwork
  · render /home/user/Slate/_AgentScratch/build/SolidArcProofs/Phase35b_ConcaveChamferNetwork.png  1600x800  5280.1 ms  280 tri  54 seg  0 pts  1405317 frag
  The concave chamfer proof render completes                             true         true   PASS
  The concave chamfer proof PNG is written                               true         true   PASS

  ──────────────────────────────────────────────────────────────────────────────────────────────────────
  12 checks, 0 failed → ALL PASS


══════════════════════════════════════════════════════════════════════════════════════════════════════════
  SolidArc · Phase 35c · native conical-cap chamfer
══════════════════════════════════════════════════════════════════════════════════════════════════════════
  CHECK                                                              MEASURED        LIMIT   VERDICT
  ──────────────────────────────────────────────────────────────────────────────────────────────────────
  The native cone fixture is a closed solid                              true         true   PASS
  The upper rational circular cap edge is found                          true         true   PASS

  ── Exact conical-cap route
  The native conical circular edge chamfer commits                       true         true   PASS
  The cone chamfer has V3/E5/F4 topology                                 true         true   PASS
  The two-cone frustum volume is exact                              4.042e-04      2.0e-03   PASS
  The source cone remains unchanged                                      true         true   PASS

  ── Feasibility and scope refusals
  A set-back reaching the cone apex/top radius refuses                   true         true   PASS
  A general torus curved edge remains explicit refusal                   true         true   PASS

  ── Console commit and visible proof
> cone (0,0,0) 3 1 5 --axis=(0,0,1) --name=NativeCone
  · #1   NativeCone         solid    V2 E3 F3  χ=2 genus 0  vol 68.0403  area 99.0741  bounds [-3.00 -3.00 0.00]–[3.00 3.00 5.00]
> chamfer NativeCone 0.3 --edges=2 --name=ConeBevel
  · chamfer NativeCone → ConeBevel  setback 0.3000  edges 1/1
  The console commits the native cone cap chamfer                        true         true   PASS
> view iso
  · view iso  eye (-6.93 -6.93 6.93)  pivot (0.00 0.00 0.00)  distance 12.00  yaw -45.0° pitch 35.3°  persp
> view fit
  · view fit  eye (-18.95 -18.95 21.45)  pivot (0.00 0.00 2.50)  distance 32.82  yaw -45.0° pitch 35.3°  persp
> render Phase35c_ConeCapChamfer
  · render /home/user/Slate/_AgentScratch/build/SolidArcProofs/Phase35c_ConeCapChamfer.png  1600x800  4931.5 ms  2958 tri  331 seg  0 pts  916911 frag
  The cone-chamfer proof render completes                                true         true   PASS
  The cone-chamfer proof PNG is written                                  true         true   PASS

  ──────────────────────────────────────────────────────────────────────────────────────────────────────
  11 checks, 0 failed → ALL PASS


══════════════════════════════════════════════════════════════════════════════════════════════════════════
  SolidArc · Phase 35d · connected same-body face loft
══════════════════════════════════════════════════════════════════════════════════════════════════════════
  CHECK                                                              MEASURED        LIMIT   VERDICT
  ──────────────────────────────────────────────────────────────────────────────────────────────────────

  ── Opposite end caps of one canonical prism take the exact identity-loft route
  The source prism is a closed V8/E12/F6 solid                           true         true   PASS
  Two opposite cap faces are selected                                    true         true   PASS
  Connected same-body cap loft commits                                   true         true   PASS
  The identity loft remains one genus-zero hull with V8/E12/F6             true         true   PASS
  The loft preserves the exact prism volume                         0.000e+00      1.0e-12   PASS
  The loft preserves the exact prism area                           0.000e+00      1.0e-12   PASS
  Every edge remains manifold and oriented                               true         true   PASS
  The source stays immutable after the same-body operation               true         true   PASS

  ── Connected selections outside the bounded identity topology refuse transactionally
  Adjacent planar faces refuse instead of manufacturing a collapsed skin             true         true   PASS
  Connected native-cylinder caps take the exact analytic identity route             true         true   PASS
  A connected curved side selection remains outside the route             true         true   PASS
  A same-body cap/side refusal leaves the cylinder unchanged             true         true   PASS

  ── Console commit and visible source/result proof
> loft Prism:f1 Prism:f0 --keep --name=CapLoft
  · loft Prism:f1 → Prism:f0  ·  face loft, rims shared exactly (no Boolean)
  · #2   CapLoft            solid    V8 E12 F6  χ=2 genus 0  vol 120.0000  area 148.0000  bounds [0.00 0.00 0.00]–[4.00 5.00 6.00]
  `loft Body:fN Body:fM --keep` commits and keeps the same source             true         true   PASS
> loft Prism:f1 Prism:f0 --name=CapLoft
  · loft Prism:f1 → Prism:f0  ·  face loft, rims shared exactly (no Boolean)
  · #2   CapLoft            solid    V8 E12 F6  χ=2 genus 0  vol 120.0000  area 148.0000  bounds [0.00 0.00 0.00]–[4.00 5.00 6.00]
  The non-keep command replaces the source transactionally               true         true   PASS
> view iso
  · view iso  eye (-6.93 -6.93 6.93)  pivot (0.00 0.00 0.00)  distance 12.00  yaw -45.0° pitch 35.3°  persp
> view orbit 35 -12
  · view orbit  eye (-1.91 -10.86 4.74)  pivot (0.00 0.00 0.00)  distance 12.00  yaw -10.0° pitch 23.3°  persp
> view fit
  · view fit  eye (-1.16 -15.41 10.82)  pivot (2.00 2.50 3.00)  distance 19.80  yaw -10.0° pitch 23.3°  persp
> render Phase35d_ConnectedFaceLoft
  · render /home/user/Slate/_AgentScratch/build/SolidArcProofs/Phase35d_ConnectedFaceLoft.png  1600x800  5716.9 ms  144 tri  24 seg  0 pts  2126670 frag
  The connected-face source/result proof render completes                true         true   PASS
  The connected-face proof PNG is written                                true         true   PASS

  ──────────────────────────────────────────────────────────────────────────────────────────────────────
  16 checks, 0 failed → ALL PASS


══════════════════════════════════════════════════════════════════════════════════════════════════════════
  SolidArc · Phase 36b · general connected same-body face lofts
══════════════════════════════════════════════════════════════════════════════════════════════════════════
  CHECK                                                              MEASURED        LIMIT   VERDICT
  ──────────────────────────────────────────────────────────────────────────────────────────────────────

  ── Native analytic connected solids take exact identity replacement routes
  Connected cylinder caps commit through the analytic identity route             true         true   PASS
  The cylinder keeps V2/E3/F3 and one hull                               true         true   PASS
  The cylinder identity preserves volume                            0.000e+00      1.0e-12   PASS
  The cylinder source remains immutable                                  true         true   PASS
  Connected cone caps commit through the analytic identity route             true         true   PASS
  The cone identity preserves volume                                0.000e+00      1.0e-12   PASS
  A cap-to-side selection remains an explicit refusal                    true         true   PASS

  ── A hole-free prismatic extrusion takes a connected cap-defined replacement route
  The prismatic connected fixture is a valid single solid                true         true   PASS
  Connected planar end caps replace native extrusion sides transactionally             true         true   PASS
  The connected replacement is one oriented manifold hull                true         true   PASS
  The replacement remains positive-volume and preserves its cap-defined volume             true         true   PASS
  Healing preserves the accepted connected replacement                   true         true   PASS
  The prismatic source remains immutable after replacement               true         true   PASS
  Separated connected side faces take a non-identity ruled replacement             true         true   PASS
  The side replacement remains one valid positive-volume hull             true         true   PASS
  The side replacement changes topology without mutating the source             true         true   PASS

  ── Dissimilar same-document hulls take a non-identity replacement loft
  The fixture is one B-rep containing two valid disconnected solids             true         true   PASS
  Dissimilar planar rims commit a non-identity same-body bridge             true         true   PASS
  The bridge heals to one manifold genus-zero hull                       true         true   PASS
  The ruled replacement volume is 360 m³                           3.158e-16      1.0e-03   PASS
  The result is non-identity (it adds the six-unit replacement band)             true         true   PASS
  General topology healing accepts the natural replacement result             true         true   PASS
  The multi-hull source remains unchanged after the replacement             true         true   PASS
  Adjacent same-body faces still refuse instead of duplicating an overlapping band             true         true   PASS

  ── Console transaction and visible proof
> loft Cylinder:f1 Cylinder:f2 --keep --name=CylinderIdentity
  · loft Cylinder:f1 → Cylinder:f2  ·  face loft, rims shared exactly (no Boolean)
  · #2   CylinderIdentity   solid    V2 E3 F3  χ=2 genus 0  vol 62.8128  area 87.9557  bounds [-2.00 -2.00 0.00]–[2.00 2.00 5.00]
  The console commits and keeps a connected cylinder cap identity loft             true         true   PASS
> view iso
  · view iso  eye (-6.93 -6.93 6.93)  pivot (0.00 0.00 0.00)  distance 12.00  yaw -45.0° pitch 35.3°  persp
> view orbit 35 -15
  · view orbit  eye (-1.95 -11.09 4.16)  pivot (0.00 0.00 0.00)  distance 12.00  yaw -10.0° pitch 20.3°  persp
> view fit
  · view fit  eye (-5.76 -44.65 20.62)  pivot (3.00 5.00 2.00)  distance 53.75  yaw -10.0° pitch 20.3°  persp
> render Phase36b_GeneralConnectedFaceLoft
  · render /home/user/Slate/_AgentScratch/build/SolidArcProofs/Phase36b_GeneralConnectedFaceLoft.png  1600x900  5766.8 ms  2974 tri  371 seg  0 pts  1818369 frag
  The general connected-face source/result proof render completes             true         true   PASS
  The general connected-face proof PNG is visible                        true         true   PASS

  ──────────────────────────────────────────────────────────────────────────────────────────────────────
  27 checks, 0 failed → ALL PASS


══════════════════════════════════════════════════════════════════════════════════════════════════════════
  SolidArc · Phase 36c · general curved-edge chamfer
══════════════════════════════════════════════════════════════════════════════════════════════════════════
  CHECK                                                              MEASURED        LIMIT   VERDICT
  ──────────────────────────────────────────────────────────────────────────────────────────────────────
  The mixed plane/cylinder fixture is a valid V4/E7/F5 solid             true         true   PASS
  A complete plane-cylinder curved root chamfer commits transactionally             true         true   PASS
  The curved root heals to V5/E9/F6 with no open or non-manifold edges             true         true   PASS
  The concave chamfer has the exact annular-cone wedge volum        4.042e-04      2.0e-03   PASS
  The new curved chamfer support remains an analytic cone                true         true   PASS
  The mixed-support source remains immutable                             true         true   PASS
  An arbitrary torus edge remains an explicit refusal                    true         true   PASS
  A zero or consuming root setback refuses transactionally               true         true   PASS

  ── Console transaction and visible proof
> chamfer SteppedBoss 0.5 --edges=4 --name=RootChamfer
  · chamfer SteppedBoss → RootChamfer  setback 0.5000  edges 1/1
  The console commits the curved root chamfer                            true         true   PASS
> view iso
  · view iso  eye (-6.93 -6.93 6.93)  pivot (0.00 0.00 0.00)  distance 12.00  yaw -45.0° pitch 35.3°  persp
> view fit
  · view fit  eye (-37.56 -37.56 42.56)  pivot (0.00 -0.00 5.00)  distance 65.05  yaw -45.0° pitch 35.3°  persp
> render Phase36c_GeneralCurvedChamfer
  · render /home/user/Slate/_AgentScratch/build/SolidArcProofs/Phase36c_GeneralCurvedChamfer.png  1600x900  6295.1 ms  7174 tri  1031 seg  0 pts  2043926 frag
  The curved-edge source/result proof render completes                   true         true   PASS
  The curved-edge proof PNG is visible                                   true         true   PASS

  ──────────────────────────────────────────────────────────────────────────────────────────────────────
  11 checks, 0 failed → ALL PASS


══════════════════════════════════════════════════════════════════════════════════════════════════════════
  SolidArc · Phase 36f · complete plane–cone boss-root chamfer
══════════════════════════════════════════════════════════════════════════════════════════════════════════
  CHECK                                                              MEASURED        LIMIT   VERDICT
  ──────────────────────────────────────────────────────────────────────────────────────────────────────

  ── Complete mixed-support fixtures
  The narrowing native plane-cone fixture is a V4/E7/F5 solid             true         true   PASS
  The flaring native plane-cone fixture is a complete valid solid             true         true   PASS

  ── Exact analytic reconstruction
  The complete plane-cone root chamfer commits exactly one selected edge             true         true   PASS
  The result is one genus-zero manifold V5/E9/F6 solid                   true         true   PASS
  The conical setback wedge follows the exact square-radius         4.042e-04      2.0e-03   PASS
  The retained cylinder, shoulder, two cone bands and caps remain analytic             true         true   PASS
  The original mixed-support source remains immutable                    true         true   PASS
  The complete plane-cone root chamfer commits exactly one selected edge             true         true   PASS
  The result is one genus-zero manifold V5/E9/F6 solid                   true         true   PASS
  The conical setback wedge follows the exact square-radius         4.042e-04      2.0e-03   PASS
  The retained cylinder, shoulder, two cone bands and caps remain analytic             true         true   PASS
  The original mixed-support source remains immutable                    true         true   PASS

  ── Transactional feasibility and explicit scope limits
  A zero or negative setback refuses without mutating the source             true         true   PASS
  A setback consuming the boss or shoulder refuses transactionally             true         true   PASS
  The canonical coaxial apex cone now commits its bounded root chamfer             true         true   PASS
  An arbitrary freeform-like torus curved edge remains an explicit refusal             true         true   PASS

  ── Console transaction and visible proof
> chamfer PlaneConeSource 0.5 --edges=4 --name=PlaneConeChamfer
  · chamfer PlaneConeSource → PlaneConeChamfer  setback 0.5000  edges 1/1
  The console commits the bounded plane-cone route                       true         true   PASS
> view iso
  · view iso  eye (-6.93 -6.93 6.93)  pivot (0.00 0.00 0.00)  distance 12.00  yaw -45.0° pitch 35.3°  persp
> view fit
  · view fit  eye (-38.85 -38.85 43.85)  pivot (0.00 -0.00 5.00)  distance 67.29  yaw -45.0° pitch 35.3°  persp
> render Phase36f_PlaneConeChamfer
  · render /home/user/Slate/_AgentScratch/build/SolidArcProofs/Phase36f_PlaneConeChamfer.png  1600x900  6223.2 ms  7318 tri  1103 seg  0 pts  1996925 frag
  The source/result plane-cone proof render completes                    true         true   PASS
  The plane-cone chamfer proof PNG is visible                            true         true   PASS

  ──────────────────────────────────────────────────────────────────────────────────────────────────────
  19 checks, 0 failed → ALL PASS


══════════════════════════════════════════════════════════════════════════════════════════════════════════
  SolidArc · Phase 36g · complete cylinder–cone boss-root chamfer
══════════════════════════════════════════════════════════════════════════════════════════════════════════
  CHECK                                                              MEASURED        LIMIT   VERDICT
  ──────────────────────────────────────────────────────────────────────────────────────────────────────

  ── Complete mixed curved-support fixtures
  The narrowing cylinder-cone source is a V5/E9/F6 solid                 true         true   PASS
  The flaring cylinder-cone source is a valid complete solid             true         true   PASS

  ── Exact retained supports and conical setback band
  The complete cylinder-cone chamfer commits exactly one edge             true         true   PASS
  The result is one genus-zero manifold V6/E11/F7 solid                  true         true   PASS
  The mixed curved-support volume follows the exact meridian        4.042e-04      2.0e-03   PASS
  The retained cylinders, shoulder, two cone bands and caps remain analytic             true         true   PASS
  The cylinder-cone source remains immutable                             true         true   PASS
  The complete cylinder-cone chamfer commits exactly one edge             true         true   PASS
  The result is one genus-zero manifold V6/E11/F7 solid                  true         true   PASS
  The mixed curved-support volume follows the exact meridian        4.042e-04      2.0e-03   PASS
  The retained cylinders, shoulder, two cone bands and caps remain analytic             true         true   PASS
  The cylinder-cone source remains immutable                             true         true   PASS

  ── Transactional refusal boundaries
  Zero, negative, and cylinder-consuming setbacks refuse transactionally             true         true   PASS
  A setback consuming the conical support refuses transactionally             true         true   PASS
  An arbitrary torus curved edge remains an explicit refusal             true         true   PASS

  ── Console transaction and visible proof
> chamfer CylinderConeSource 0.5 --edges=6 --name=CylinderConeChamfer
  · chamfer CylinderConeSource → CylinderConeChamfer  setback 0.5000  edges 1/1
  The console commits the bounded cylinder-cone route                    true         true   PASS
> view iso
  · view iso  eye (-6.93 -6.93 6.93)  pivot (0.00 0.00 0.00)  distance 12.00  yaw -45.0° pitch 35.3°  persp
> view fit
  · view fit  eye (-40.42 -40.42 46.92)  pivot (0.00 -0.00 6.50)  distance 70.01  yaw -45.0° pitch 35.3°  persp
> render Phase36g_CylinderConeChamfer
  · render /home/user/Slate/_AgentScratch/build/SolidArcProofs/Phase36g_CylinderConeChamfer.png  1600x900  6451.5 ms  8778 tri  1321 seg  0 pts  2064432 frag
  The cylinder-cone source/result proof render completes                 true         true   PASS
  The cylinder-cone chamfer proof PNG is visible                         true         true   PASS

  ──────────────────────────────────────────────────────────────────────────────────────────────────────
  18 checks, 0 failed → ALL PASS


══════════════════════════════════════════════════════════════════════════════════════════════════════════
  SolidArc · Phase 36h · partial curved-root chamfer — exact half-turn chain
══════════════════════════════════════════════════════════════════════════════════════════════════════════
  CHECK                                                              MEASURED        LIMIT   VERDICT
  ──────────────────────────────────────────────────────────────────────────────────────────────────────

  ── Partial circular-chain classifier
  The half-turn source is a one-hull V14/E23/F11 solid                   true         true   PASS
  The selected curved root is two open rational arc members              true         true   PASS
  One root member propagates to the complete two-member half-turn chain             true         true   PASS

  ── Exact partial-loop reconstruction
  Selecting one arc commits the complete half-turn chamfer               true         true   PASS
  The result is one genus-zero V12/E17/F7 manifold                       true         true   PASS
  The half-turn added wedge is exactly one-half of the circu        4.042e-04      2.0e-03   PASS
  The partial result retains two cylinders, a conical band, endpoint surfaces and one cap             true         true   PASS
  The half-turn source remains immutable                                 true         true   PASS
  Selecting the other arc member resolves the same complete chain             true         true   PASS

  ── Refusal boundaries
  Zero and consuming setbacks refuse transactionally                     true         true   PASS
  An arbitrary torus edge remains outside the partial curved route             true         true   PASS

  ── Console transaction and visible proof
> chamfer HalfTurnSource 0.5 --edges=11 --name=HalfTurnChamfer
  · chamfer HalfTurnSource → HalfTurnChamfer  setback 0.5000  edges 1/1
  The console commits the partial curved-root route                      true         true   PASS
> view iso
  · view iso  eye (-6.93 -6.93 6.93)  pivot (0.00 0.00 0.00)  distance 12.00  yaw -45.0° pitch 35.3°  persp
> view fit
  · view fit  eye (-40.73 -35.73 48.23)  pivot (-0.00 5.00 7.50)  distance 70.55  yaw -45.0° pitch 35.3°  persp
> render Phase36h_PartialCurvedChamfer
  · render /home/user/Slate/_AgentScratch/build/SolidArcProofs/Phase36h_PartialCurvedChamfer.png  1600x900  6463.5 ms  3840 tri  631 seg  0 pts  2154103 frag
  The partial curved source/result proof render completes                true         true   PASS
  The partial curved chamfer proof PNG is visible                        true         true   PASS

  ──────────────────────────────────────────────────────────────────────────────────────────────────────
  14 checks, 0 failed → ALL PASS


══════════════════════════════════════════════════════════════════════════════════════════════════════════
  SolidArc · Phase 36i · general-angle partial curved-root chamfer
══════════════════════════════════════════════════════════════════════════════════════════════════════════
  CHECK                                                              MEASURED        LIMIT   VERDICT
  ──────────────────────────────────────────────────────────────────────────────────────────────────────

  ── General-angle partial-chain classifier
  The sector source closes as one V14/E24/F12 solid                      true         true   PASS
  The general-angle root has two open rational arc members               true         true   PASS
  The selected member propagates through the complete sector chain             true         true   PASS

  ── Exact general-angle reconstruction
  The general-angle partial chamfer commits one complete chain             true         true   PASS
  The result is one genus-zero V12/E18/F8 manifold                       true         true   PASS
  The sector added wedge follows its exact angular fraction         1.629e-04      2.0e-03   PASS
  Both radial endpoint caps remain closed and the source remains immutable             true         true   PASS

  ── Transactional refusal boundaries
  Zero and consuming setbacks refuse without mutating the sector source             true         true   PASS
  An arbitrary torus edge remains an explicit refusal                    true         true   PASS

  ── Console transaction and visible proof
> chamfer SectorSource 0.5 --edges=11 --name=SectorChamfer
  · chamfer SectorSource → SectorChamfer  setback 0.5000  edges 1/1
  The console commits the bounded general-angle route                    true         true   PASS
> view iso
  · view iso  eye (-6.93 -6.93 6.93)  pivot (0.00 0.00 0.00)  distance 12.00  yaw -45.0° pitch 35.3°  persp
> view fit
  · view fit  eye (-34.78 -32.02 45.20)  pivot (2.92 5.68 7.50)  distance 65.30  yaw -45.0° pitch 35.3°  persp
> render Phase36i_GeneralSectorChamfer
  · render /home/user/Slate/_AgentScratch/build/SolidArcProofs/Phase36i_GeneralSectorChamfer.png  1600x900  6438.1 ms  3414 tri  419 seg  0 pts  1920993 frag
  The general-angle source/result proof render completes                 true         true   PASS
  The general-angle proof PNG is visible                                 true         true   PASS

  ──────────────────────────────────────────────────────────────────────────────────────────────────────
  12 checks, 0 failed → ALL PASS


══════════════════════════════════════════════════════════════════════════════════════════════════════════
  SolidArc · Phase 36j · partial plane–cone root chamfer
══════════════════════════════════════════════════════════════════════════════════════════════════════════
  CHECK                                                              MEASURED        LIMIT   VERDICT
  ──────────────────────────────────────────────────────────────────────────────────────────────────────

  ── Canonical coaxial conical-frustum sector
  The sector source closes as one V14/E24/F12 solid                      true         true   PASS
  The plane-cone root has two open rational arc members                  true         true   PASS
  The selected root member propagates through the complete sector chain             true         true   PASS

  ── Canonical half-turn plane-cone sector
  The half-turn source closes as one V14/E23/F11 solid                   true         true   PASS
  The half-turn root propagates through the complete open chain             true         true   PASS
  The half-turn plane-cone chamfer commits exact V12/E17/F7 topology             true         true   PASS

  ── Exact partial mixed-support reconstruction
  The partial plane-cone chamfer commits one complete chain              true         true   PASS
  The result is one genus-zero V12/E18/F8 manifold                       true         true   PASS
  The sector added wedge follows the exact angular square-ra        1.629e-04      2.0e-03   PASS
  Both radial endpoint caps remain closed and the source remains immutable             true         true   PASS

  ── Transactional refusal boundaries
  Zero and consuming setbacks refuse without mutating the sector source             true         true   PASS
  An arbitrary torus edge remains an explicit refusal                    true         true   PASS

  ── Console transaction and visible proof
> chamfer PartialPlaneConeSource 0.5 --edges=11 --name=PartialPlaneConeChamfer
  · chamfer PartialPlaneConeSource → PartialPlaneConeChamfer  setback 0.5000  edges 1/1
  The console commits the bounded partial plane-cone route               true         true   PASS
> view iso
  · view iso  eye (-6.93 -6.93 6.93)  pivot (0.00 0.00 0.00)  distance 12.00  yaw -45.0° pitch 35.3°  persp
> view fit
  · view fit  eye (-34.78 -32.02 45.20)  pivot (2.92 5.68 7.50)  distance 65.30  yaw -45.0° pitch 35.3°  persp
> render Phase36j_PartialPlaneConeChamfer
  · render /home/user/Slate/_AgentScratch/build/SolidArcProofs/Phase36j_PartialPlaneConeChamfer.png  1600x900  6119.0 ms  3382 tri  403 seg  0 pts  1820061 frag
  The partial plane-cone source/result proof render completes             true         true   PASS
  The partial plane-cone proof PNG is visible                            true         true   PASS

  ──────────────────────────────────────────────────────────────────────────────────────────────────────
  15 checks, 0 failed → ALL PASS


══════════════════════════════════════════════════════════════════════════════════════════════════════════
  SolidArc · Phase 36k · partial cone–cylinder root chamfer
══════════════════════════════════════════════════════════════════════════════════════════════════════════
  CHECK                                                              MEASURED        LIMIT   VERDICT
  ──────────────────────────────────────────────────────────────────────────────────────────────────────

  ── Canonical coaxial cone–cylinder sector
  The sector source closes as one V11/E19/F10 solid                      true         true   PASS
  The cone–cylinder root has two open rational arc members             true         true   PASS
  The selected root member propagates through the complete sector chain             true         true   PASS
  The half-turn source closes as one V11/E18/F9 solid                    true         true   PASS
  The half-turn cone–cylinder chamfer commits exact V10/E14/F6 topology             true         true   PASS

  ── Exact mixed-support reconstruction
  The partial cone–cylinder chamfer commits one complete chain             true         true   PASS
  The result is one genus-zero V10/E15/F7 manifold                       true         true   PASS
  The sector wedge follows the exact cone–cylinder meridia        1.629e-04      2.0e-03   PASS
  The radial endpoint caps remain closed and the source remains immutable             true         true   PASS

  ── Transactional refusal boundaries
  Zero and consuming setbacks refuse without mutating the source             true         true   PASS
  An arbitrary torus edge remains an explicit refusal                    true         true   PASS

  ── Console transaction and visible proof
> chamfer PartialConeCylinderSource 0.5 --edges=6 --name=PartialConeCylinderChamfer
  · chamfer PartialConeCylinderSource → PartialConeCylinderChamfer  setback 0.5000  edges 1/1
  The console commits the bounded cone–cylinder route                  true         true   PASS
> view iso
  · view iso  eye (-6.93 -6.93 6.93)  pivot (0.00 0.00 0.00)  distance 12.00  yaw -45.0° pitch 35.3°  persp
> view fit
  · view fit  eye (-34.78 -32.02 45.20)  pivot (2.92 5.68 7.50)  distance 65.30  yaw -45.0° pitch 35.3°  persp
> render Phase36k_PartialConeCylinderChamfer
  · render /home/user/Slate/_AgentScratch/build/SolidArcProofs/Phase36k_PartialConeCylinderChamfer.png  1600x900  5883.8 ms  2680 tri  310 seg  0 pts  1557969 frag
  The cone–cylinder source/result proof render completes               true         true   PASS
  The cone–cylinder proof PNG is visible                               true         true   PASS

  ──────────────────────────────────────────────────────────────────────────────────────────────────────
  14 checks, 0 failed → ALL PASS


══════════════════════════════════════════════════════════════════════════════════════════════════════════
  SolidArc · Phase 36l · partial cone–cone root chamfer
══════════════════════════════════════════════════════════════════════════════════════════════════════════
  CHECK                                                              MEASURED        LIMIT   VERDICT
  ──────────────────────────────────────────────────────────────────────────────────────────────────────

  ── Canonical coaxial cone–cone sector
  The sector source closes as one V11/E19/F10 solid                      true         true   PASS
  The cone–cone root has two open rational arc members                 true         true   PASS
  The selected root member propagates through the complete sector chain             true         true   PASS
  The half-turn source closes as one V11/E18/F9 solid                    true         true   PASS
  The half-turn cone–cone chamfer commits exact V10/E14/F6 topology             true         true   PASS

  ── Exact mixed-support reconstruction
  The partial cone–cone chamfer commits one complete chain             true         true   PASS
  The result is one genus-zero V10/E15/F7 manifold                       true         true   PASS
  The sector wedge follows the exact cone–cone meridian in        1.629e-04      2.0e-03   PASS
  The radial endpoint caps remain closed and the source remains immutable             true         true   PASS

  ── Transactional refusal boundaries
  Zero and consuming setbacks refuse without mutating the source             true         true   PASS
  An arbitrary torus edge remains an explicit refusal                    true         true   PASS

  ── Console transaction and visible proof
> chamfer PartialConeConeSource 0.5 --edges=6 --name=PartialConeConeChamfer
  · chamfer PartialConeConeSource → PartialConeConeChamfer  setback 0.5000  edges 1/1
  The console commits the bounded cone–cone route                      true         true   PASS
> view top
  · view top  eye (0.00 -0.00 12.00)  pivot (0.00 0.00 0.00)  distance 12.00  yaw 0.0° pitch 90.0°  ortho
> view fit
  · view fit  eye (2.92 5.68 49.64)  pivot (2.92 5.68 7.50)  distance 42.14  yaw 0.0° pitch 90.0°  ortho
> render Phase36l_PartialConeConeChamfer
  · render /home/user/Slate/_AgentScratch/build/SolidArcProofs/Phase36l_PartialConeConeChamfer.png  1600x900  6084.2 ms  2648 tri  294 seg  0 pts  1762862 frag
  The cone–cone source/result proof render completes                   true         true   PASS
  The cone–cone proof PNG is visible                                   true         true   PASS

  ──────────────────────────────────────────────────────────────────────────────────────────────────────
  14 checks, 0 failed → ALL PASS


══════════════════════════════════════════════════════════════════════════════════════════════════════════
  SolidArc · Phase 36m · apex plane–cone root chamfer
══════════════════════════════════════════════════════════════════════════════════════════════════════════
  CHECK                                                              MEASURED        LIMIT   VERDICT
  ──────────────────────────────────────────────────────────────────────────────────────────────────────
  The native apex source is one V4/E6/F4 solid                           true         true   PASS
  The apex plane-cone chamfer commits one selected root                  true         true   PASS
     · result V=6 E=9 C=18 L=5 F=5
  The apex result is exact V6/E9/F5 genus-zero topology                  true         true   PASS
  The apex wedge follows the exact meridian square-radius in        4.042e-04      2.0e-03   PASS
  The apex source remains immutable                                      true         true   PASS
  Zero, consuming, and arbitrary curved selections refuse                true         true   PASS
  A torus remains outside the bounded apex route                         true         true   PASS

  ── Console transaction and visible proof
> chamfer ApexPlaneConeSource 0.5 --edges=4 --name=ApexPlaneConeChamfer
  · chamfer ApexPlaneConeSource → ApexPlaneConeChamfer  setback 0.5000  edges 1/1
  The console commits the bounded apex route                             true         true   PASS
> view iso
  · view iso  eye (-6.93 -6.93 6.93)  pivot (0.00 0.00 0.00)  distance 12.00  yaw -45.0° pitch 35.3°  persp
> view fit
  · view fit  eye (-38.85 -38.85 43.85)  pivot (0.00 -0.00 5.00)  distance 67.29  yaw -45.0° pitch 35.3°  persp
> render Phase36m_ApexPlaneConeChamfer
  · render /home/user/Slate/_AgentScratch/build/SolidArcProofs/Phase36m_ApexPlaneConeChamfer.png  1600x900  6512.1 ms  6070 tri  924 seg  0 pts  1891525 frag
  The apex source/result proof render completes                          true         true   PASS
  The apex proof PNG is visible                                          true         true   PASS

  ──────────────────────────────────────────────────────────────────────────────────────────────────────
  10 checks, 0 failed → ALL PASS


══════════════════════════════════════════════════════════════════════════════════════════════════════════
  SolidArc · Phase 36n · partial apex plane–cone root chamfer
══════════════════════════════════════════════════════════════════════════════════════════════════════════
  CHECK                                                              MEASURED        LIMIT   VERDICT
  ──────────────────────────────────────────────────────────────────────────────────────────────────────

  ── Canonical partial apex sector
  The sector source closes as one V11/E19/F10 solid                      true         true   PASS
  The apex root has two open rational arc members                        true         true   PASS
  The selected apex root propagates through the complete chain             true         true   PASS
  The half-turn apex source closes as one V11/E18/F9 solid               true         true   PASS
  The half-turn apex chamfer reaches exact V10/E14/F6 topology             true         true   PASS

  ── Exact partial apex reconstruction
  The partial apex chamfer commits one complete chain                    true         true   PASS
  The general apex result reaches exact V10/E15/F7 topology              true         true   PASS
  The apex sector wedge follows the exact meridian integral         1.629e-04      2.0e-03   PASS
  The radial caps remain closed and the source remains immutable             true         true   PASS

  ── Transactional refusal boundaries
  Zero and consuming setbacks refuse without mutation                    true         true   PASS
  An arbitrary torus edge remains an explicit refusal                    true         true   PASS

  ── Console transaction and visible proof
> chamfer PartialApexPlaneConeSource 0.5 --edges=11 --name=PartialApexPlaneConeChamfer
  · chamfer PartialApexPlaneConeSource → PartialApexPlaneConeChamfer  setback 0.5000  edges 1/1
  The console commits the bounded partial apex route                     true         true   PASS
> view top
  · view top  eye (0.00 -0.00 12.00)  pivot (0.00 0.00 0.00)  distance 12.00  yaw 0.0° pitch 90.0°  ortho
> view fit
  · view fit  eye (2.92 5.68 49.64)  pivot (2.92 5.68 7.50)  distance 42.14  yaw 0.0° pitch 90.0°  ortho
> render Phase36n_PartialApexPlaneConeChamfer
  · render /home/user/Slate/_AgentScratch/build/SolidArcProofs/Phase36n_PartialApexPlaneConeChamfer.png  1600x900  7168.1 ms  2744 tri  342 seg  0 pts  1769442 frag
  The partial apex source/result proof render completes                  true         true   PASS
  The partial apex proof PNG is visible                                  true         true   PASS

  ──────────────────────────────────────────────────────────────────────────────────────────────────────
  14 checks, 0 failed → ALL PASS


══════════════════════════════════════════════════════════════════════════════════════════════════════════
  SolidArc · Phase 36o · partial plane–cone root fillet
══════════════════════════════════════════════════════════════════════════════════════════════════════════
  CHECK                                                              MEASURED        LIMIT   VERDICT
  ──────────────────────────────────────────────────────────────────────────────────────────────────────

  ── Canonical coaxial conical-frustum sector
  The sector source closes as one V14/E24/F12 solid                      true         true   PASS
  The plane-cone root has two open rational arc members                  true         true   PASS
  The selected root member propagates through the complete sector chain             true         true   PASS

  ── Canonical half-turn plane-cone sector
  The half-turn source closes as one V14/E23/F11 solid                   true         true   PASS
  The half-turn root propagates through the complete open chain             true         true   PASS
  The half-turn plane-cone fillet commits exact V12/E17/F7 topology             true         true   PASS

  ── Exact partial mixed-support reconstruction
  The partial plane-cone fillet commits one complete chain               true         true   PASS
  The result is one genus-zero V12/E18/F8 manifold                       true         true   PASS
  The sector added wedge follows the exact angular square-ra        1.479e-03      2.0e-03   PASS
  Both radial endpoint caps remain closed and the source remains immutable             true         true   PASS

  ── Transactional refusal boundaries
  Zero and consuming radii refuse without mutating the sector source             true         true   PASS
  An arbitrary torus edge remains an explicit refusal                    true         true   PASS

  ── Console transaction and visible proof
> fillet PartialPlaneConeFilletSource 0.5 --edges=11 --name=PartialPlaneConeFillet
  · #2   PartialPlaneConeFillet solid    V12 E18 F8  χ=2 genus 0  vol 914.4581  area 617.1965  bounds [-4.16 -0.00 0.00]–[10.00 11.37 15.00]
  · fillet PartialPlaneConeFilletSource → PartialPlaneConeFillet  radius 0.5000  seeds 1  applied chains 1 (transactional)
  The console commits the bounded partial plane-cone route               true         true   PASS
> view top
  · view top  eye (0.00 -0.00 12.00)  pivot (0.00 0.00 0.00)  distance 12.00  yaw 0.0° pitch 90.0°  ortho
> view fit
  · view fit  eye (2.92 5.68 49.64)  pivot (2.92 5.68 7.50)  distance 42.14  yaw 0.0° pitch 90.0°  ortho
> render Phase36o_PartialPlaneConeFillet
  · render /home/user/Slate/_AgentScratch/build/SolidArcProofs/Phase36o_PartialPlaneConeFillet.png  1600x900  6761.0 ms  5252 tri  417 seg  0 pts  1772430 frag
  The partial plane-cone source/result proof render completes             true         true   PASS
  The partial plane-cone proof PNG is visible                            true         true   PASS

  ──────────────────────────────────────────────────────────────────────────────────────────────────────
  15 checks, 0 failed → ALL PASS


══════════════════════════════════════════════════════════════════════════════════════════════════════════
  SolidArc · Phase 36p · complete cylinder–cone boss-root fillet
══════════════════════════════════════════════════════════════════════════════════════════════════════════
  CHECK                                                              MEASURED        LIMIT   VERDICT
  ──────────────────────────────────────────────────────────────────────────────────────────────────────

  ── Complete mixed curved-support fixtures
  The narrowing cylinder-cone source is a V5/E9/F6 solid                 true         true   PASS
  The flaring cylinder-cone source is a valid complete solid             true         true   PASS

  ── Exact retained supports and conical radius band
  The complete cylinder-cone fillet commits exactly one edge             true         true   PASS
  The result is one genus-zero manifold V6/E11/F7 solid                  true         true   PASS
  The cylinder-cone fillet removal follows the exact meridia        1.527e-03      2.0e-03   PASS
  The retained cylinder, shoulder, toroidal roll, cone and caps remain analytic             true         true   PASS
  The cylinder-cone source remains immutable                             true         true   PASS

  ── Transactional refusal boundaries
  Zero, negative, and cylinder-consuming radii refuse transactionally             true         true   PASS
  A radius consuming the conical support refuses transactionally             true         true   PASS
  An arbitrary torus curved edge remains an explicit refusal             true         true   PASS
  Flaring cylinder-cone roots remain an explicit refusal                 true         true   PASS
  Apex cylinder-cone roots remain an explicit refusal                    true         true   PASS

  ── Console transaction and visible proof
> fillet CylinderConeSource 0.5 --edges=6 --name=CylinderConeFillet
  · #2   CylinderConeFillet solid    V6 E11 F7  χ=2 genus 0  vol 1347.2246  area 805.9671  bounds [-8.00 -8.00 0.00]–[8.00 8.00 13.00]
  · fillet CylinderConeSource → CylinderConeFillet  radius 0.5000  seeds 1  applied chains 1 (transactional)
  The console commits the bounded cylinder-cone route                    true         true   PASS
> view front
  · view front  eye (0.00 -12.00 0.00)  pivot (0.00 0.00 0.00)  distance 12.00  yaw 0.0° pitch 0.0°  ortho
> view fit
  · view fit  eye (0.00 -44.46 6.50)  pivot (0.00 -0.00 6.50)  distance 44.46  yaw 0.0° pitch 0.0°  ortho
> view dolly 0.7
  · view dolly  eye (0.00 -39.68 6.50)  pivot (0.00 -0.00 6.50)  distance 39.68  yaw 0.0° pitch 0.0°  ortho
> render Phase36p_CylinderConeFillet
  · render /home/user/Slate/_AgentScratch/build/SolidArcProofs/Phase36p_CylinderConeFillet.png  1600x900  4045.4 ms  7764 tri  1322 seg  0 pts  2055599 frag
  The cylinder-cone source/result proof render completes                 true         true   PASS
  The cylinder-cone fillet proof PNG is visible                          true         true   PASS

  ──────────────────────────────────────────────────────────────────────────────────────────────────────
  15 checks, 0 failed → ALL PASS


══════════════════════════════════════════════════════════════════════════════════════════════════════════
  SolidArc · Phase 36q · complete cone–cone root fillet
══════════════════════════════════════════════════════════════════════════════════════════════════════════
  CHECK                                                              MEASURED        LIMIT   VERDICT
  ──────────────────────────────────────────────────────────────────────────────────────────────────────

  ── Canonical complete coaxial cone–cone root
  The complete cone–cone source is a V5/E7/C14/L4/F4 solid             true         true   PASS
  The closed root is structurally identified between two cone faces             true         true   PASS
  The selected closed root propagates as one canonical chain             true         true   PASS
  The complete cone–cone fillet commits one selected root              true         true   PASS
  The result is one genus-zero V4/E7/C14/L5/F5 solid                     true         true   PASS
  The filleted volume follows the exact cone–cone meridian        3.688e-04      2.0e-03   PASS
  The result retains two cone patches, one toroidal roll and two caps             true         true   PASS
  The complete cone–cone source remains immutable                      true         true   PASS

  ── Transactional refusal boundaries
  Zero, negative, and consuming radii refuse transactionally             true         true   PASS
  Flaring cone pairs remain explicitly refused                           true         true   PASS
  Equal-slope cone pairs remain explicitly refused                       true         true   PASS
  Apex cone–cone roots remain explicitly refused                       true         true   PASS
  An arbitrary torus edge remains explicitly refused                     true         true   PASS

  ── Console transaction and visible proof
> fillet ConeConeSource 0.5 --edges=3 --name=ConeConeFillet
  · #2   ConeConeFillet     solid    V4 E7 F5  χ=2 genus 0  vol 967.2408  area 532.2718  bounds [-6.00 -6.00 0.00]–[6.00 6.00 12.00]
  · fillet ConeConeSource → ConeConeFillet  radius 0.5000  seeds 1  applied chains 1 (transactional)
  The console commits the bounded cone–cone fillet                     true         true   PASS
> view front
  · view front  eye (0.00 -12.00 0.00)  pivot (0.00 0.00 0.00)  distance 12.00  yaw 0.0° pitch 0.0°  ortho
> view fit
  · view fit  eye (0.00 -34.81 6.00)  pivot (0.00 0.00 6.00)  distance 34.81  yaw 0.0° pitch 0.0°  ortho
> view dolly 0.7
  · view dolly  eye (0.00 -31.06 6.00)  pivot (0.00 0.00 6.00)  distance 31.06  yaw 0.0° pitch 0.0°  ortho
> render Phase36q_ConeConeFillet
  · render /home/user/Slate/_AgentScratch/build/SolidArcProofs/Phase36q_ConeConeFillet.png  1600x900  4822.2 ms  5632 tri  768 seg  0 pts  2788066 frag
  The cone–cone source/result proof render completes                   true         true   PASS
  The cone–cone proof PNG is visible                                   true         true   PASS

  ──────────────────────────────────────────────────────────────────────────────────────────────────────
  16 checks, 0 failed → ALL PASS


══════════════════════════════════════════════════════════════════════════════════════════════════════════
  SolidArc · Phase 36r · partial cone–cone root fillet
══════════════════════════════════════════════════════════════════════════════════════════════════════════
  CHECK                                                              MEASURED        LIMIT   VERDICT
  ──────────────────────────────────────────────────────────────────────────────────────────────────────

  ── Canonical open coaxial cone–cone sector
  The general source is a V11/E19/C38/L10/F10 solid                      true         true   PASS
  The cone–cone root has two open rational arc members                 true         true   PASS
  The selected root propagates through the complete open chain             true         true   PASS
  The half-turn source is a V11/E18/C36/L9/F9 solid                      true         true   PASS
  The half-turn fillet is exact V10/E14/C28/L6/F6                        true         true   PASS

  ── Exact partial cone–cone reconstruction
  The general-sector fillet commits one complete chain                   true         true   PASS
  The general result is exact V10/E15/C30/L7/F7                          true         true   PASS
  The partial fillet volume follows the exact cone–cone me        1.629e-04      2.0e-03   PASS
  The radial endpoint caps remain closed and the source remains immutable             true         true   PASS

  ── Transactional refusal boundaries
  Zero, negative, and consuming radii refuse without mutating the source             true         true   PASS
  Flaring partial cone pairs remain explicitly refused                   true         true   PASS
  An arbitrary torus edge remains explicitly refused                     true         true   PASS

  ── Console transaction and visible proof
> fillet PartialConeConeSource 0.5 --edges=6 --name=PartialConeConeFillet
  · #2   PartialConeConeFillet solid    V10 E15 F7  χ=2 genus 0  vol 307.9457  area 289.4304  bounds [-2.50 -0.00 0.00]–[6.00 6.82 12.00]
  · fillet PartialConeConeSource → PartialConeConeFillet  radius 0.5000  seeds 1  applied chains 1 (transactional)
  The console commits the bounded partial cone–cone fillet             true         true   PASS
> view top
  · view top  eye (0.00 -0.00 12.00)  pivot (0.00 0.00 0.00)  distance 12.00  yaw 0.0° pitch 90.0°  ortho
> view fit
  · view fit  eye (1.75 3.41 37.42)  pivot (1.75 3.41 6.00)  distance 31.42  yaw 0.0° pitch 90.0°  ortho
> render Phase36r_PartialConeConeFillet
  · render /home/user/Slate/_AgentScratch/build/SolidArcProofs/Phase36r_PartialConeConeFillet.png  1600x900  5868.0 ms  3414 tri  270 seg  0 pts  1204309 frag
  The partial cone–cone source/result proof render completes             true         true   PASS
  The partial cone–cone proof PNG is visible                           true         true   PASS

  ──────────────────────────────────────────────────────────────────────────────────────────────────────
  15 checks, 0 failed → ALL PASS


══════════════════════════════════════════════════════════════════════════════════════════════════════════
  SolidArc · Phase 36s · partial cone–cylinder root fillet
══════════════════════════════════════════════════════════════════════════════════════════════════════════
  CHECK                                                              MEASURED        LIMIT   VERDICT
  ──────────────────────────────────────────────────────────────────────────────────────────────────────

  ── Canonical coaxial cone–cylinder sector
  The sector source closes as one V11/E19/F10 solid                      true         true   PASS
  The cone–cylinder root has two open rational arc members             true         true   PASS
  The selected root member propagates through the complete sector chain             true         true   PASS
  The half-turn source closes as one V11/E18/F9 solid                    true         true   PASS
  The half-turn cone–cylinder fillet commits exact V10/E14/F6 topology             true         true   PASS

  ── Exact mixed-support reconstruction
  The partial cone–cylinder fillet commits one complete chain             true         true   PASS
  The result is one genus-zero V10/E15/F7 manifold                       true         true   PASS
  The reconstructed face tessellations carry outward normals             true         true   PASS
  The sector volume follows the exact cone–cylinder meridi        1.630e-04      2.0e-03   PASS
  The radial endpoint caps remain closed and the source remains immutable             true         true   PASS

  ── Transactional refusal boundaries
  Zero and consuming radii refuse without mutating the source             true         true   PASS
  An arbitrary torus edge remains an explicit refusal                    true         true   PASS

  ── Console transaction and visible proof
> fillet PartialConeCylinderSource 0.5 --edges=6 --name=PartialConeCylinderFillet
  · #2   PartialConeCylinderFillet solid    V10 E15 F7  χ=2 genus 0  vol 305.6153  area 303.9514  bounds [-2.08 -0.00 0.00]–[5.00 5.68 15.00]
  · fillet PartialConeCylinderSource → PartialConeCylinderFillet  radius 0.5000  seeds 1  applied chains 1 (transactional)
  The console commits the bounded cone–cylinder route                  true         true   PASS
> show shading flat
  · shading flat
> view iso
  · view iso  eye (-6.93 -6.93 6.93)  pivot (0.00 0.00 0.00)  distance 12.00  yaw -45.0° pitch 35.3°  persp
> view orbit 190 -10
  · view orbit  eye (6.22 8.89 5.12)  pivot (0.00 0.00 0.00)  distance 12.00  yaw 145.0° pitch 25.3°  persp
> view fit
  · view fit  eye (26.02 37.92 27.71)  pivot (1.46 2.84 7.50)  distance 47.35  yaw 145.0° pitch 25.3°  persp
> render Phase36s_PartialConeCylinderFillet
  · render /home/user/Slate/_AgentScratch/build/SolidArcProofs/Phase36s_PartialConeCylinderFillet.png  1600x900  5507.8 ms  2886 tri  262 seg  0 pts  1685474 frag
  The cone–cylinder source/result proof render completes               true         true   PASS
  The cone–cylinder proof PNG is visible                               true         true   PASS

  ──────────────────────────────────────────────────────────────────────────────────────────────────────
  15 checks, 0 failed → ALL PASS


══════════════════════════════════════════════════════════════════════════════════════════════════════════
  SolidArc · Phase 36d · arbitrary non-planar edge-loop chamfer
══════════════════════════════════════════════════════════════════════════════════════════════════════════
  CHECK                                                              MEASURED        LIMIT   VERDICT
  ──────────────────────────────────────────────────────────────────────────────────────────────────────
  The convex source is a valid V8/E12/F6 solid                           true         true   PASS
  The six selected edges form one closed non-planar loop                 true         true   PASS
  The non-planar loop chamfer commits atomically                         true         true   PASS
  The loop result is one manifold oriented hull                          true         true   PASS
  The full loop creates shared mitre topology                            true         true   PASS
  The loop removes positive material without over-cutting                true         true   PASS
  The non-planar loop source remains immutable                           true         true   PASS
  A curved-support loop remains outside the planar half-space route             true         true   PASS
  An open non-planar selection refuses before reconstruction             true         true   PASS

  ── Console transaction and visible proof
> chamfer NonPlanarLoop 0.2 --edges=0,8,4,7,11,3 --name=LoopChamfer
  · chamfer NonPlanarLoop → LoopChamfer  setback 0.2000  edges 6/6
  The console commits the non-planar loop transaction                    true         true   PASS
> view iso
  · view iso  eye (-6.93 -6.93 6.93)  pivot (0.00 0.00 0.00)  distance 12.00  yaw -45.0° pitch 35.3°  persp
> view fit
  · view fit  eye (-16.92 -16.42 21.92)  pivot (2.00 2.50 3.00)  distance 32.77  yaw -45.0° pitch 35.3°  persp
> render Phase36d_ArbitraryNonPlanarEdgeLoop
  · render /home/user/Slate/_AgentScratch/build/SolidArcProofs/Phase36d_ArbitraryNonPlanarEdgeLoop.png  1600x900  5975.4 ms  144 tri  36 seg  0 pts  1394215 frag
  The non-planar loop source/result proof render completes               true         true   PASS
  The non-planar loop proof PNG is visible                               true         true   PASS

  ──────────────────────────────────────────────────────────────────────────────────────────────────────
  12 checks, 0 failed → ALL PASS


══════════════════════════════════════════════════════════════════════════════════════════════════════════
  SolidArc · Phase 36e · Phase 33 variable-radius foundation
══════════════════════════════════════════════════════════════════════════════════════════════════════════
  CHECK                                                              MEASURED        LIMIT   VERDICT
  ──────────────────────────────────────────────────────────────────────────────────────────────────────

  ── Explicit linear radius law and ruled surface
  The complete circular linear variable-radius specification validates             true         true   PASS
  The variable-radius surface builds from the explicit law               true         true   PASS
  The law reaches its low endpoint radius                           0.000e+00      1.0e-12   PASS
  The law reaches its high endpoint radius                          0.000e+00      1.0e-12   PASS
  The generator derivative is constant for the linear law           0.000e+00      1.0e-12   PASS
  The sampled circumferential curvature stays within the declared bound             true         true   PASS
  A bound below the smallest-radius curvature refuses                    true         true   PASS

  ── Exact bounded ruled-solid reconstruction
  The complete linear law reconstructs one exact positive-volume solid             true         true   PASS
  The reconstruction retains native frustum topology V2/E3/F3             true         true   PASS
  The reconstruction volume follows the swept law                   3.857e-04      1.0e-03   PASS
  The reconstruction has one hull and no broken edges                    true         true   PASS

  ── Transactional refusals for unsupported Phase 33 modes
  A law reaching zero radius refuses                                     true         true   PASS
  Partial circular supports remain explicit refusal                      true         true   PASS
  A non-axial endpoint centre refuses                                    true         true   PASS
  A partial endpoint-chain mode remains refused                          true         true   PASS
  A law that does not match the measured support radii refuses             true         true   PASS

  ── Visible proof of the accepted law
> view iso
  · view iso  eye (-6.93 -6.93 6.93)  pivot (0.00 0.00 0.00)  distance 12.00  yaw -45.0° pitch 35.3°  persp
> view fit
  · view fit  eye (-10.59 -10.59 14.59)  pivot (-0.00 -0.00 4.00)  distance 18.34  yaw -45.0° pitch 35.3°  persp
> render Phase36e_Phase33VariableRadius
  · render /home/user/Slate/_AgentScratch/build/SolidArcProofs/Phase36e_Phase33VariableRadius.png  1600x900  5979.7 ms  1214 tri  137 seg  0 pts  1306766 frag
  The accepted variable-radius result proof render completes             true         true   PASS
  The variable-radius proof PNG is visible                               true         true   PASS

  ──────────────────────────────────────────────────────────────────────────────────────────────────────
  18 checks, 0 failed → ALL PASS


══════════════════════════════════════════════════════════════════════════════════════════════════════════
  SolidArc · variable-radius rolling-ball fillet · straight planar corner
══════════════════════════════════════════════════════════════════════════════════════════════════════════
  CHECK                                                              MEASURED        LIMIT   VERDICT
  ──────────────────────────────────────────────────────────────────────────────────────────────────────

  ── One finite straight corner with a positive linear radius law
  The bounded variable-radius corner commits one solid                   true         true   PASS
  The sharp source fixture is a closed V8/E12/F6 solid                   true         true   PASS
  The result has exact capped V10/E15/C30/L7/F7 topology                 true         true   PASS
  The integrated rounded-corner volume follows the linear ra        1.728e-05      1.0e-03   PASS
  Every variable-radius face tessellation carries an outward normal             true         true   PASS
  The radius law reaches its low station                            0.000e+00      1.0e-12   PASS
  The radius law reaches its high station                           0.000e+00      1.0e-12   PASS

  ── Transactional boundaries remain explicit
  A zero-radius station refuses                                          true         true   PASS
  A negative-radius station refuses                                      true         true   PASS
  A consuming radius refuses                                             true         true   PASS
  A zero-length edge refuses                                             true         true   PASS
  A degenerate edge frame refuses                                        true         true   PASS
  The sharp source fixture remains immutable                             true         true   PASS

  ── Exterior-filled visible proof
> show shading flat
  · shading flat
> view iso
  · view iso  eye (-6.93 -6.93 6.93)  pivot (0.00 0.00 0.00)  distance 12.00  yaw -45.0° pitch 35.3°  persp
> view orbit 190 -10
  · view orbit  eye (6.22 8.89 5.12)  pivot (0.00 0.00 0.00)  distance 12.00  yaw 145.0° pitch 25.3°  persp
> view fit
  · view fit  eye (18.62 26.59 17.82)  pivot (0.00 0.00 2.50)  distance 35.89  yaw 145.0° pitch 25.3°  persp
> render Phase37_VariableRadiusCornerFillet
  · render /home/user/Slate/_AgentScratch/build/SolidArcProofs/Phase37_VariableRadiusCornerFillet.png  1600x900  5231.2 ms  420 tri  56 seg  0 pts  1547073 frag
  The sharp/result variable-radius proof render completes                true         true   PASS
  The variable-radius proof PNG is visible                               true         true   PASS

  ──────────────────────────────────────────────────────────────────────────────────────────────────────
  15 checks, 0 failed → ALL PASS


══════════════════════════════════════════════════════════════════════════════════════════════════════════
  SolidArc · variable-radius rolling corner · variable support setback
══════════════════════════════════════════════════════════════════════════════════════════════════════════
  CHECK                                                              MEASURED        LIMIT   VERDICT
  ──────────────────────────────────────────────────────────────────────────────────────────────────────

  ── Independent linear radius and support-setback laws
  The independent radius/setback laws commit one solid                   true         true   PASS
  The result has exact capped V10/E15/C30/L7/F7 topology                 true         true   PASS
  The volume follows the variable support extent minus the r        3.671e-05      1.0e-03   PASS
  Every variable-setback face tessellation carries an outward normal             true         true   PASS
  Station setback equals boundary extent minus rolling radiu       -1.110e-16      1.0e-12   PASS
  Station setback equals boundary extent minus rolling radiu        0.000e+00      1.0e-12   PASS
  Station setback equals boundary extent minus rolling radiu        0.000e+00      1.0e-12   PASS
  Station setback equals boundary extent minus rolling radiu        0.000e+00      1.0e-12   PASS
  Station setback equals boundary extent minus rolling radiu        0.000e+00      1.0e-12   PASS
  The low station setback is measured independently                 0.000e+00      1.0e-12   PASS
  The high station setback is measured independently                0.000e+00      1.0e-12   PASS
  The support clearance changes along the edge                           true         true   PASS
  The rolling radius and support setback are not the same law             true         true   PASS

  ── Transactional bounds for the separate setback law
  A zero-radius station refuses                                          true         true   PASS
  A negative-radius station refuses                                      true         true   PASS
  A zero support setback refuses                                         true         true   PASS
  A negative support setback refuses                                     true         true   PASS
  A zero-length edge refuses                                             true         true   PASS
  A degenerate edge frame refuses                                        true         true   PASS
  An overflowing support extent refuses                                  true         true   PASS
  A valid reconstruction remains unchanged after refused laws             true         true   PASS

  ── Exterior-filled visible proof
  The constant-setback comparison also commits                           true         true   PASS
> show shading flat
  · shading flat
> view iso
  · view iso  eye (-6.93 -6.93 6.93)  pivot (0.00 0.00 0.00)  distance 12.00  yaw -45.0° pitch 35.3°  persp
> view orbit 190 -10
  · view orbit  eye (6.22 8.89 5.12)  pivot (0.00 0.00 0.00)  distance 12.00  yaw 145.0° pitch 25.3°  persp
> view fit
  · view fit  eye (17.99 18.06 13.44)  pivot (4.00 -1.92 1.92)  distance 26.98  yaw 145.0° pitch 25.3°  persp
> render Phase37b_VariableSetbackCornerFillet
  · render /home/user/Slate/_AgentScratch/build/SolidArcProofs/Phase37b_VariableSetbackCornerFillet.png  1600x900  5809.9 ms  684 tri  82 seg  0 pts  1330000 frag
  The variable-setback comparison proof render completes                 true         true   PASS
  The variable-setback proof PNG is visible                              true         true   PASS

  ──────────────────────────────────────────────────────────────────────────────────────────────────────
  24 checks, 0 failed → ALL PASS


══════════════════════════════════════════════════════════════════════════════════════════════════════════
  SolidArc · nonlinear variable-radius corner · quadratic law
══════════════════════════════════════════════════════════════════════════════════════════════════════════
  CHECK                                                              MEASURED        LIMIT   VERDICT
  ──────────────────────────────────────────────────────────────────────────────────────────────────────

  ── A true quadratic radius law and its accepted derivatives
  The quadratic radius surface builds explicitly                         true         true   PASS
  The accepted law is genuinely nonlinear                                true         true   PASS
  The nonlinear law reaches its low endpoint                        0.000e+00      1.0e-12   PASS
  The nonlinear law reaches its high endpoint                       0.000e+00      1.0e-12   PASS
  The nonlinear law reaches its independent middle station          0.000e+00      1.0e-12   PASS
  The middle derivative is zero by symmetry                         0.000e+00      1.0e-12   PASS
  The sampled nonlinear circumferential and meridional curvature is accepted             true         true   PASS
  A bound below circumferential curvature refuses                        true         true   PASS
  A bound below meridional curvature refuses                             true         true   PASS

  ── Quadratic loft reconstruction and analytic volume
  The nonlinear law reconstructs one positive-volume solid               true         true   PASS
  The quadratic loft retains capped V10/E15/C30/L7/F7 topology             true         true   PASS
  The nonlinear volume follows the integrated quadratic law         5.268e-04      1.0e-03   PASS
  Every nonlinear face tessellation carries an outward normal             true         true   PASS

  ── Linear, degenerate, and unsupported law boundaries
  A quadratic descriptor that is actually linear refuses                 true         true   PASS
  A zero quadratic control radius refuses                                true         true   PASS
  A law that dips below zero between positive stations refuses             true         true   PASS
  A negative endpoint radius refuses                                     true         true   PASS
  A zero support setback refuses                                         true         true   PASS
  A zero-length edge refuses                                             true         true   PASS
  A degenerate nonlinear frame refuses                                   true         true   PASS
  The accepted nonlinear result remains valid after refusals             true         true   PASS

  ── Exterior-filled nonlinear proof
  The linear comparison fixture commits                                  true         true   PASS
> show shading flat
  · shading flat
> view iso
  · view iso  eye (-6.93 -6.93 6.93)  pivot (0.00 0.00 0.00)  distance 12.00  yaw -45.0° pitch 35.3°  persp
> view orbit 190 -10
  · view orbit  eye (6.22 8.89 5.12)  pivot (0.00 0.00 0.00)  distance 12.00  yaw 145.0° pitch 25.3°  persp
> view fit
  · view fit  eye (17.89 17.96 13.30)  pivot (4.00 -1.87 1.87)  distance 26.78  yaw 145.0° pitch 25.3°  persp
> render Phase37c_NonlinearVariableRadiusCorner
  · render /home/user/Slate/_AgentScratch/build/SolidArcProofs/Phase37c_NonlinearVariableRadiusCorner.png  1600x900  5617.9 ms  3216 tri  180 seg  0 pts  1112745 frag
  The nonlinear comparison proof render completes                        true         true   PASS
  The nonlinear proof PNG is visible                                     true         true   PASS

  ──────────────────────────────────────────────────────────────────────────────────────────────────────
  24 checks, 0 failed → ALL PASS


══════════════════════════════════════════════════════════════════════════════════════════════════════════
  SolidArc · G2 planar corner transition
══════════════════════════════════════════════════════════════════════════════════════════════════════════
  CHECK                                                              MEASURED        LIMIT   VERDICT
  ──────────────────────────────────────────────────────────────────────────────────────────────────────

  ── Quintic profile is G2 to both planar supports
  The G2 corner profile builds as a quintic                              true         true   PASS
  The profile has support-aligned tangents and zero endpoint curvature             true         true   PASS
  The low support join has zero curvature                           0.000e+00      1.0e-10   PASS
  The high support join has zero curvature                          0.000e+00      1.0e-10   PASS
  The interior transition has measurable positive curvature              true         true   PASS
  The G2 removed-area identity is positive                               true         true   PASS

  ── G2 profile reconstruction and analytic volume
  The G2 profile commits one positive-volume solid                       true         true   PASS
  The G2 result has capped V10/E15/C30/L7/F7 topology                    true         true   PASS
  The G2 volume follows the quintic profile area                    2.464e-05      1.0e-03   PASS
  Every G2 face tessellation carries an outward normal                   true         true   PASS

  ── G2-specific refusal boundaries
  A degenerate half-radius handle refuses                                true         true   PASS
  A zero handle refuses                                                  true         true   PASS
  A radius consuming the support width refuses                           true         true   PASS
  A zero-length G2 edge refuses                                          true         true   PASS
  A degenerate G2 frame refuses                                          true         true   PASS
  The accepted G2 result remains valid after refusals                    true         true   PASS

  ── Exterior-filled comparison proof
  The circular rolling comparison fixture commits                        true         true   PASS
> show shading flat
  · shading flat
> view iso
  · view iso  eye (-6.93 -6.93 6.93)  pivot (0.00 0.00 0.00)  distance 12.00  yaw -45.0° pitch 35.3°  persp
> view orbit 190 -10
  · view orbit  eye (6.22 8.89 5.12)  pivot (0.00 0.00 0.00)  distance 12.00  yaw 145.0° pitch 25.3°  persp
> view fit
  · view fit  eye (19.21 19.22 15.01)  pivot (4.00 -2.50 2.50)  distance 29.32  yaw 145.0° pitch 25.3°  persp
> render Phase37d_G2PlanarCorner
  · render /home/user/Slate/_AgentScratch/build/SolidArcProofs/Phase37d_G2PlanarCorner.png  1600x900  5820.0 ms  680 tri  96 seg  0 pts  1976510 frag
  The G2/rolling comparison proof render completes                       true         true   PASS
  The G2 proof PNG is visible                                            true         true   PASS

  ──────────────────────────────────────────────────────────────────────────────────────────────────────
  19 checks, 0 failed → ALL PASS


══════════════════════════════════════════════════════════════════════════════════════════════════════════
  SolidArc · nonlinear support-setback corner
══════════════════════════════════════════════════════════════════════════════════════════════════════════
  CHECK                                                              MEASURED        LIMIT   VERDICT
  ──────────────────────────────────────────────────────────────────────────────────────────────────────

  ── A separate nonlinear setback law
  The nonlinear setback law commits one solid                            true         true   PASS
  The setback descriptor is genuinely nonlinear                          true         true   PASS
  The low setback station is exact                                  0.000e+00      1.0e-12   PASS
  The middle setback station is exact                               0.000e+00      1.0e-12   PASS
  The high setback station is exact                                -6.661e-16      1.0e-12   PASS
  The radius remains independently constant                              true         true   PASS
  The nonlinear setback result has capped V10/E15/C30/L7/F7 topology             true         true   PASS
  The volume follows the nonlinear support extent minus the         5.304e-04      1.0e-03   PASS
  Every nonlinear-setback face tessellation carries an outward normal             true         true   PASS
  Station extent minus radius equals nonlinear setback              1.110e-16      1.0e-12   PASS
  Station extent minus radius equals nonlinear setback              2.220e-16      1.0e-12   PASS
  Station extent minus radius equals nonlinear setback              0.000e+00      1.0e-12   PASS
  Station extent minus radius equals nonlinear setback              0.000e+00      1.0e-12   PASS
  Station extent minus radius equals nonlinear setback              0.000e+00      1.0e-12   PASS

  ── Nonlinear setback refusal boundaries
  A linear setback law refuses this nonlinear-only route                 true         true   PASS
  A zero middle setback refuses                                          true         true   PASS
  A setback law that dips below zero refuses                             true         true   PASS
  A negative radius refuses                                              true         true   PASS
  A zero-length edge refuses                                             true         true   PASS
  A degenerate edge frame refuses                                        true         true   PASS
  The accepted result remains valid after refused laws                   true         true   PASS

  ── Exterior-filled nonlinear-setback proof
  The linear-setback comparison fixture commits                          true         true   PASS
> show shading flat
  · shading flat
> view iso
  · view iso  eye (-6.93 -6.93 6.93)  pivot (0.00 0.00 0.00)  distance 12.00  yaw -45.0° pitch 35.3°  persp
> view orbit 190 -10
  · view orbit  eye (6.22 8.89 5.12)  pivot (0.00 0.00 0.00)  distance 12.00  yaw 145.0° pitch 25.3°  persp
> view fit
  · view fit  eye (17.42 17.52 12.69)  pivot (4.00 -1.65 1.65)  distance 25.87  yaw 145.0° pitch 25.3°  persp
> render Phase37e_NonlinearVariableSetbackCorner
  · render /home/user/Slate/_AgentScratch/build/SolidArcProofs/Phase37e_NonlinearVariableSetbackCorner.png  1600x900  5572.6 ms  1216 tri  140 seg  0 pts  1043376 frag
  The nonlinear-setback comparison proof render completes                true         true   PASS
  The nonlinear-setback proof PNG is visible                             true         true   PASS

  ──────────────────────────────────────────────────────────────────────────────────────────────────────
  24 checks, 0 failed → ALL PASS


══════════════════════════════════════════════════════════════════════════════════════════════════════════
  SolidArc · unequal support-setback corner
══════════════════════════════════════════════════════════════════════════════════════════════════════════
  CHECK                                                              MEASURED        LIMIT   VERDICT
  ──────────────────────────────────────────────────────────────────────────────────────────────────────

  ── Independent clearances on the two planar supports
  The unequal support-setback laws commit one solid                      true         true   PASS
  The two support clearances are genuinely unequal                       true         true   PASS
  The low A-support setback is exact                                0.000e+00      1.0e-12   PASS
  The low B-support setback is exact                                0.000e+00      1.0e-12   PASS
  The high A-support setback is exact                               0.000e+00      1.0e-12   PASS
  The high B-support setback is exact                               0.000e+00      1.0e-12   PASS
  The unequal result has capped V10/E15/C30/L7/F7 topology               true         true   PASS
  The volume follows the product of the two extent laws             5.897e-05      1.0e-03   PASS
  Every unequal-setback face tessellation carries an outward normal             true         true   PASS
  Station A extent minus radius equals A setback                    0.000e+00      1.0e-12   PASS
  Station B extent minus radius equals B setback                    0.000e+00      1.0e-12   PASS
  Station A extent minus radius equals A setback                    0.000e+00      1.0e-12   PASS
  Station B extent minus radius equals B setback                   -2.220e-16      1.0e-12   PASS
  Station A extent minus radius equals A setback                   -1.110e-16      1.0e-12   PASS
  Station B extent minus radius equals B setback                    0.000e+00      1.0e-12   PASS
  Station A extent minus radius equals A setback                    0.000e+00      1.0e-12   PASS
  Station B extent minus radius equals B setback                    2.220e-16      1.0e-12   PASS
  Station A extent minus radius equals A setback                    0.000e+00      1.0e-12   PASS
  Station B extent minus radius equals B setback                    0.000e+00      1.0e-12   PASS

  ── Asymmetric and transactional refusal boundaries
  Equal support setbacks delegate/refuse rather than duplicate the common route             true         true   PASS
  A zero A-support setback refuses                                       true         true   PASS
  A negative B-support setback refuses                                   true         true   PASS
  A zero radius station refuses                                          true         true   PASS
  A zero-length edge refuses                                             true         true   PASS
  A degenerate unequal-setback frame refuses                             true         true   PASS
  The accepted unequal result remains valid after refusals               true         true   PASS

  ── Exterior-filled asymmetric proof
  The common-setback comparison fixture commits                          true         true   PASS
> show shading flat
  · shading flat
> view iso
  · view iso  eye (-6.93 -6.93 6.93)  pivot (0.00 0.00 0.00)  distance 12.00  yaw -45.0° pitch 35.3°  persp
> view orbit 190 -10
  · view orbit  eye (6.22 8.89 5.12)  pivot (0.00 0.00 0.00)  distance 12.00  yaw 145.0° pitch 25.3°  persp
> view fit
  · view fit  eye (16.64 16.75 11.65)  pivot (4.00 -1.30 1.25)  distance 24.36  yaw 145.0° pitch 25.3°  persp
> render Phase37f_UnequalSetbackCorner
  · render /home/user/Slate/_AgentScratch/build/SolidArcProofs/Phase37f_UnequalSetbackCorner.png  1600x900  5651.6 ms  660 tri  80 seg  0 pts  1255390 frag
  The asymmetric comparison proof render completes                       true         true   PASS
  The unequal-setback proof PNG is visible                               true         true   PASS

  ──────────────────────────────────────────────────────────────────────────────────────────────────────
  29 checks, 0 failed → ALL PASS


══════════════════════════════════════════════════════════════════════════════════════════════════════════
  SolidArc · nonlinear unequal support-setback corner
══════════════════════════════════════════════════════════════════════════════════════════════════════════
  CHECK                                                              MEASURED        LIMIT   VERDICT
  ──────────────────────────────────────────────────────────────────────────────────────────────────────

  ── Two independent genuinely nonlinear support setbacks
  The nonlinear unequal laws commit one solid                            true         true   PASS
  The A-support setback is genuinely nonlinear                           true         true   PASS
  The B-support setback is genuinely nonlinear                           true         true   PASS
  The independent support setbacks are not equal                         true         true   PASS
  The radius law remains positive                                        true         true   PASS
  The nonlinear unequal result has capped V10/E15/C30/L7/F7 topology             true         true   PASS
  The volume follows the exact product-of-quadratic-extents         2.502e-05      1.0e-03   PASS
  Every nonlinear unequal face carries an outward normal                 true         true   PASS
  Station A extent minus radius equals A setback                    0.000e+00      1.0e-12   PASS
  Station B extent minus radius equals B setback                    0.000e+00      1.0e-12   PASS
  Every sampled nonlinear station leaves positive corner width             true         true   PASS
  Station A extent minus radius equals A setback                    1.110e-16      1.0e-12   PASS
  Station B extent minus radius equals B setback                    0.000e+00      1.0e-12   PASS
  Every sampled nonlinear station leaves positive corner width             true         true   PASS
  Station A extent minus radius equals A setback                    0.000e+00      1.0e-12   PASS
  Station B extent minus radius equals B setback                    1.110e-16      1.0e-12   PASS
  Every sampled nonlinear station leaves positive corner width             true         true   PASS
  Station A extent minus radius equals A setback                   -2.220e-16      1.0e-12   PASS
  Station B extent minus radius equals B setback                    2.220e-16      1.0e-12   PASS
  Every sampled nonlinear station leaves positive corner width             true         true   PASS
  Station A extent minus radius equals A setback                    2.220e-16      1.0e-12   PASS
  Station B extent minus radius equals B setback                    0.000e+00      1.0e-12   PASS
  Every sampled nonlinear station leaves positive corner width             true         true   PASS

  ── Nonlinear unequal transactional refusals
  A linear A-support setback refuses                                     true         true   PASS
  Equal nonlinear support setbacks refuse as a duplicate common route             true         true   PASS
  A negative nonlinear A-support station refuses                         true         true   PASS
  A zero nonlinear B-support station refuses                             true         true   PASS
  A zero radius station refuses                                          true         true   PASS
  A zero-length edge refuses                                             true         true   PASS
  A degenerate nonlinear unequal frame refuses                           true         true   PASS
  The accepted nonlinear unequal result remains valid after refusals             true         true   PASS

  ── Exterior-filled nonlinear asymmetric proof
  The independent linear comparison fixture commits                      true         true   PASS
> show shading flat
  · shading flat
> view iso
  · view iso  eye (-6.93 -6.93 6.93)  pivot (0.00 0.00 0.00)  distance 12.00  yaw -45.0° pitch 35.3°  persp
> view orbit 190 -10
  · view orbit  eye (6.22 8.89 5.12)  pivot (0.00 0.00 0.00)  distance 12.00  yaw 145.0° pitch 25.3°  persp
> view fit
  · view fit  eye (16.85 16.94 11.92)  pivot (4.00 -1.40 1.35)  distance 24.76  yaw 145.0° pitch 25.3°  persp
> render Phase37g_NonlinearUnequalSetbackCorner
  · render /home/user/Slate/_AgentScratch/build/SolidArcProofs/Phase37g_NonlinearUnequalSetbackCorner.png  1600x900  5573.1 ms  2144 tri  134 seg  0 pts  1219320 frag
  The nonlinear asymmetric comparison proof render completes             true         true   PASS
  The nonlinear unequal proof PNG is visible                             true         true   PASS

  ──────────────────────────────────────────────────────────────────────────────────────────────────────
  34 checks, 0 failed → ALL PASS


══════════════════════════════════════════════════════════════════════════════════════════════════════════
  SolidArc · bounded partial-edge constant-radius blend
══════════════════════════════════════════════════════════════════════════════════════════════════════════
  CHECK                                                              MEASURED        LIMIT   VERDICT
  ──────────────────────────────────────────────────────────────────────────────────────────────────────

  ── Strict interior interval reconstruction
  The strict interior partial interval commits a solid                   true         true   PASS
  The route is genuinely partial rather than complete-edge               true         true   PASS
  The interval start is preserved                                   0.000e+00      1.0e-12   PASS
  The interval end is preserved                                     0.000e+00      1.0e-12   PASS
  The radius is preserved                                           0.000e+00      1.0e-12   PASS
  The partial blend is one closed genus-zero manifold                    true         true   PASS
  The split walls and caps have deterministic V34/E65/F33/L33 topology             true         true   PASS
  The partial volume removes only the selected interval corn        4.647e-06      1.0e-03   PASS
  The explicit transition and end caps survive as bounded faces             true         true   PASS
  Support, blend, and recessed transition normals are outward             true         true   PASS
  The partial result retains the full parent-edge length            0.000e+00      1.0e-12   PASS
  The partial result retains the full support width                 6.112e-07      1.0e-05   PASS
  The partial result retains the full support width in the s        6.112e-07      1.0e-05   PASS

  ── Transactional refusal boundaries
  A zero radius refuses                                                  true         true   PASS
  A radius consuming the support width refuses                           true         true   PASS
  A complete-edge start refuses this partial-only route                  true         true   PASS
  A complete-edge end refuses this partial-only route                    true         true   PASS
  An empty interval refuses                                              true         true   PASS
  A reversed interval refuses                                            true         true   PASS
  A degenerate edge frame refuses                                        true         true   PASS
  A zero-length parent edge refuses                                      true         true   PASS
  The accepted partial result remains valid after refusals               true         true   PASS

  ── Exterior-facing source/comparison proof
> show shading flat
  · shading flat
> view iso
  · view iso  eye (-6.93 -6.93 6.93)  pivot (0.00 0.00 0.00)  distance 12.00  yaw -45.0° pitch 35.3°  persp
> view orbit 195 -12
  · view orbit  eye (5.51 9.55 4.74)  pivot (0.00 0.00 0.00)  distance 12.00  yaw 150.0° pitch 23.3°  persp
> view fit
  · view fit  eye (23.66 30.58 18.18)  pivot (6.00 0.00 3.00)  distance 38.44  yaw 150.0° pitch 23.3°  persp
> render Phase38a_PartialEdgeFillet
  · render /home/user/Slate/_AgentScratch/build/SolidArcProofs/Phase38a_PartialEdgeFillet.png  1600x900  5964.8 ms  1054 tri  103 seg  0 pts  2165676 frag
  The partial-edge exterior comparison render completes                  true         true   PASS
  The partial-edge proof PNG is visible                                  true         true   PASS

  ──────────────────────────────────────────────────────────────────────────────────────────────────────
  24 checks, 0 failed → ALL PASS


══════════════════════════════════════════════════════════════════════════════════════════════════════════
  SolidArc · bounded coaxial conical-apex spherical fillet
══════════════════════════════════════════════════════════════════════════════════════════════════════════
  CHECK                                                              MEASURED        LIMIT   VERDICT
  ──────────────────────────────────────────────────────────────────────────────────────────────────────

  ── Analytic tangent spherical cap
  The bounded cone-apex fillet commits a solid                           true         true   PASS
  The analytic seam radius is exact                                 0.000e+00      1.0e-12   PASS
  The spherical centre height is exact                              8.882e-16      1.0e-12   PASS
  The requested sphere remains inside the analytic fit bound             true         true   PASS
  The cone, spherical cap and disk sew to deterministic V4/E5/F3/L3 topology             true         true   PASS
  The frustum-plus-spherical-cap volume is analytic                 4.045e-04      1.0e-03   PASS
  The cone and spherical cap meet G1 at the tangent circle          0.000e+00      1.0e-12   PASS
  The conical apex fillet has outward-facing normals                     true         true   PASS
  The rounded apex reaches the derived spherical pole               8.882e-16      1.0e-09   PASS
  The result exposes one cone, one sphere cap and one planar base             true         true   PASS

  ── Transactional fit and support refusals
  A zero apex radius refuses                                             true         true   PASS
  A negative apex radius refuses                                         true         true   PASS
  A sphere at the limiting fit bound refuses                             true         true   PASS
  A sphere consuming the cone refuses                                    true         true   PASS
  A zero cone base radius refuses                                        true         true   PASS
  A zero cone height refuses                                             true         true   PASS
  A degenerate cone axis refuses                                         true         true   PASS
  A non-finite cone axis refuses                                         true         true   PASS
  The accepted apex result remains valid after refusals                  true         true   PASS

  ── Exterior sharp/rounded apex proof
> show shading flat
  · shading flat
> view iso
  · view iso  eye (-6.93 -6.93 6.93)  pivot (0.00 0.00 0.00)  distance 12.00  yaw -45.0° pitch 35.3°  persp
> view orbit 195 -12
  · view orbit  eye (5.51 9.55 4.74)  pivot (0.00 0.00 0.00)  distance 12.00  yaw 150.0° pitch 23.3°  persp
> view fit
  · view fit  eye (13.74 23.79 14.81)  pivot (0.00 -0.00 3.00)  distance 29.90  yaw 150.0° pitch 23.3°  persp
> render Phase38b_ConeApexFillet
  · render /home/user/Slate/_AgentScratch/build/SolidArcProofs/Phase38b_ConeApexFillet.png  1600x900  5849.2 ms  5992 tri  245 seg  0 pts  1340401 frag
  The sharp/rounded apex exterior proof render completes                 true         true   PASS
  The cone-apex proof PNG is visible                                     true         true   PASS

  ──────────────────────────────────────────────────────────────────────────────────────────────────────
  21 checks, 0 failed → ALL PASS


══════════════════════════════════════════════════════════════════════════════════════════════════════════
  SolidArc · bounded quadratic-radius partial-edge blend
══════════════════════════════════════════════════════════════════════════════════════════════════════════
  CHECK                                                              MEASURED        LIMIT   VERDICT
  ──────────────────────────────────────────────────────────────────────────────────────────────────────

  ── Genuinely nonlinear selected-interval reconstruction
  The quadratic partial-edge route commits a solid                       true         true   PASS
  The radius law is genuinely nonlinear                                  true         true   PASS
  The interval-start radius is exact                                0.000e+00      1.0e-12   PASS
  The interval-middle radius is exact                              -4.441e-16      1.0e-12   PASS
  The interval-end radius is exact                                 -1.110e-15      1.0e-12   PASS
  The interval remains strict and interior                               true         true   PASS
  The nonlinear partial blend has deterministic V34/E67/F35/L35 topology             true         true   PASS
  The volume follows the integrated quadratic radius square         1.751e-06      1.0e-03   PASS
  Support, blend and recessed transition normals are outward             true         true   PASS
  Sampled nonlinear radius stays positive and below support width             true         true   PASS
  Sampled nonlinear radius stays positive and below support width             true         true   PASS
  Sampled nonlinear radius stays positive and below support width             true         true   PASS
  Sampled nonlinear radius stays positive and below support width             true         true   PASS
  Sampled nonlinear radius stays positive and below support width             true         true   PASS

  ── Transactional nonlinear and partial-edge refusals
  A linear law refuses the quadratic-only route                          true         true   PASS
  A zero middle radius refuses                                           true         true   PASS
  A negative radius endpoint refuses                                     true         true   PASS
  A radius consuming the planar support refuses                          true         true   PASS
  A complete-edge start refuses this partial-only route                  true         true   PASS
  A complete-edge end refuses this partial-only route                    true         true   PASS
  An empty interval refuses                                              true         true   PASS
  A degenerate edge axis refuses                                         true         true   PASS
  A zero-length parent edge refuses                                      true         true   PASS
  A non-finite radius law refuses                                        true         true   PASS
  The accepted nonlinear result remains valid after refusals             true         true   PASS

  ── Exterior sharp/nonlinear comparison proof
> show shading flat
  · shading flat
> view iso
  · view iso  eye (-6.93 -6.93 6.93)  pivot (0.00 0.00 0.00)  distance 12.00  yaw -45.0° pitch 35.3°  persp
> view orbit 195 -12
  · view orbit  eye (5.51 9.55 4.74)  pivot (0.00 0.00 0.00)  distance 12.00  yaw 150.0° pitch 23.3°  persp
> view fit
  · view fit  eye (23.66 30.58 18.18)  pivot (6.00 0.00 3.00)  distance 38.44  yaw 150.0° pitch 23.3°  persp
> render Phase38c_QuadraticPartialEdgeFillet
  · render /home/user/Slate/_AgentScratch/build/SolidArcProofs/Phase38c_QuadraticPartialEdgeFillet.png  1600x900  5995.2 ms  4082 tri  202 seg  0 pts  2170141 frag
  The nonlinear partial-edge exterior proof render completes             true         true   PASS
  The nonlinear partial-edge proof PNG is visible                        true         true   PASS

  ──────────────────────────────────────────────────────────────────────────────────────────────────────
  27 checks, 0 failed → ALL PASS


══════════════════════════════════════════════════════════════════════════════════════════════════════════
  SolidArc · bounded partial coaxial conical-apex spherical fillet
══════════════════════════════════════════════════════════════════════════════════════════════════════════
  CHECK                                                              MEASURED        LIMIT   VERDICT
  ──────────────────────────────────────────────────────────────────────────────────────────────────────

  ── Strict partial spherical apex sector
  The strict half-turn apex sector commits a solid                       true         true   PASS
  The requested apex sphere is below the analytic fit limit              true         true   PASS
  The partial cone, cap, base and two meridians sew as V6/E9/F5/L5             true         true   PASS
  The half-turn volume is the analytic sector identity              4.045e-04      1.0e-03   PASS
  The partial cone-apex surfaces have outward normals                    true         true   PASS
  The partial result remains a strict sector rather than a full revolution             true         true   PASS

  ── Transactional partial-apex refusals
  A zero sweep refuses                                                   true         true   PASS
  A full sweep delegates to the complete route and refuses partial-only input             true         true   PASS
  A negative sweep refuses                                               true         true   PASS
  A limiting apex radius refuses                                         true         true   PASS
  A negative apex radius refuses                                         true         true   PASS
  A zero base radius refuses                                             true         true   PASS
  A degenerate axis refuses                                              true         true   PASS
  The accepted partial apex remains valid after refusals                 true         true   PASS

  ── Exterior sharp/rounded partial apex proof
> show shading flat
  · shading flat
> view iso
  · view iso  eye (-6.93 -6.93 6.93)  pivot (0.00 0.00 0.00)  distance 12.00  yaw -45.0° pitch 35.3°  persp
> view orbit 195 -12
  · view orbit  eye (5.51 9.55 4.74)  pivot (0.00 0.00 0.00)  distance 12.00  yaw 150.0° pitch 23.3°  persp
> view fit
  · view fit  eye (12.64 23.89 13.87)  pivot (0.00 2.00 3.00)  distance 27.51  yaw 150.0° pitch 23.3°  persp
> render Phase38d_PartialConeApexFillet
  · render /home/user/Slate/_AgentScratch/build/SolidArcProofs/Phase38d_PartialConeApexFillet.png  1600x900  5783.6 ms  3612 tri  141 seg  0 pts  1319476 frag
  The sharp/rounded partial-apex proof render completes                  true         true   PASS
  The partial-apex proof PNG is visible                                  true         true   PASS

  ──────────────────────────────────────────────────────────────────────────────────────────────────────
  16 checks, 0 failed → ALL PASS


══════════════════════════════════════════════════════════════════════════════════════════════════════════
  SolidArc · oblique planar corner fillet
══════════════════════════════════════════════════════════════════════════════════════════════════════════
  CHECK                                                              MEASURED        LIMIT   VERDICT
  ──────────────────────────────────────────────────────────────────────────────────────────────────────

  ── Exact non-orthogonal planar-support construction
  The strict 60-degree oblique corner commits one solid                  true         true   PASS
  The support angle is genuinely oblique                                 true         true   PASS
  The analytic tangent distance is r cot(theta/2)                   0.000e+00      1.0e-12   PASS
  The tangent distance leaves both finite supports                       true         true   PASS
  The oblique result has capped V8/E12/F6/L6 topology                    true         true   PASS
  The volume follows the oblique wedge-minus-segment identit        1.060e-05      1.0e-03   PASS
  Exactly one sewn face is the rational circular fillet extrusion             true         true   PASS
  Every oblique face tessellation carries an outward normal              true         true   PASS
  The circular tangent points are inside both support widths             true         true   PASS

  ── Oblique and transactional refusal boundaries
  A radius consuming support A refuses                                   true         true   PASS
  Parallel supports refuse                                               true         true   PASS
  Opposite supports refuse                                               true         true   PASS
  A support direction not perpendicular to the edge refuses              true         true   PASS
  A degenerate edge axis refuses                                         true         true   PASS
  A zero-length oblique edge refuses                                     true         true   PASS
  A tangent point on the far support boundary refuses                    true         true   PASS
  The accepted oblique result remains valid after refusals               true         true   PASS

  ── Exterior sharp/rounded oblique proof
> show shading flat
  · shading flat
> view iso
  · view iso  eye (-6.93 -6.93 6.93)  pivot (0.00 0.00 0.00)  distance 12.00  yaw -45.0° pitch 35.3°  persp
> view orbit 195 -12
  · view orbit  eye (5.51 9.55 4.74)  pivot (0.00 0.00 0.00)  distance 12.00  yaw 150.0° pitch 23.3°  persp
> view fit
  · view fit  eye (17.36 26.13 13.65)  pivot (4.00 3.00 2.17)  distance 29.08  yaw 150.0° pitch 23.3°  persp
> render Phase38e_ObliquePlanarCornerFillet
  · render /home/user/Slate/_AgentScratch/build/SolidArcProofs/Phase38e_ObliquePlanarCornerFillet.png  1600x900  5798.3 ms  402 tri  51 seg  0 pts  1799188 frag
  The sharp/rounded oblique proof render completes                       true         true   PASS
  The oblique proof PNG is visible                                       true         true   PASS

  ──────────────────────────────────────────────────────────────────────────────────────────────────────
  19 checks, 0 failed → ALL PASS


══════════════════════════════════════════════════════════════════════════════════════════════════════════
  SolidArc · oblique partial-edge fillet
══════════════════════════════════════════════════════════════════════════════════════════════════════════
  CHECK                                                              MEASURED        LIMIT   VERDICT
  ──────────────────────────────────────────────────────────────────────────────────────────────────────

  ── Strict interior oblique fillet interval
  The strict oblique partial interval commits one solid                  true         true   PASS
  The interval is strict interior                                        true         true   PASS
  The support angle is genuinely oblique                                 true         true   PASS
  The analytic tangent distance is r cot(theta/2)                   0.000e+00      1.0e-12   PASS
  The tangent distance leaves both finite supports                       true         true   PASS
  The partial oblique result has deterministic V20/E38/F20/L20 topology             true         true   PASS
  The volume removes only the selected oblique interval             3.215e-06      1.0e-03   PASS
  Every oblique partial face tessellation carries an outward normal             true         true   PASS
  The analytic tangent points are strictly inside both supports             true         true   PASS

  ── Partial oblique transactional refusals
  A zero start refuses                                                   true         true   PASS
  An end at the finite boundary refuses                                  true         true   PASS
  A zero-length interval refuses                                         true         true   PASS
  A radius consuming support A refuses                                   true         true   PASS
  Parallel supports refuse                                               true         true   PASS
  A support direction not perpendicular to the edge refuses              true         true   PASS
  A degenerate edge axis refuses                                         true         true   PASS
  The accepted partial oblique result remains valid after refusals             true         true   PASS

  ── Exterior sharp/partial rounded oblique proof
> show shading flat
  · shading flat
> view iso
  · view iso  eye (-6.93 -6.93 6.93)  pivot (0.00 0.00 0.00)  distance 12.00  yaw -45.0° pitch 35.3°  persp
> view orbit 195 -12
  · view orbit  eye (5.51 9.55 4.74)  pivot (0.00 0.00 0.00)  distance 12.00  yaw 150.0° pitch 23.3°  persp
> view fit
  · view fit  eye (20.77 28.58 14.86)  pivot (6.00 3.00 2.17)  distance 32.15  yaw 150.0° pitch 23.3°  persp
> render Phase38f_ObliquePartialEdgeFillet
  · render /home/user/Slate/_AgentScratch/build/SolidArcProofs/Phase38f_ObliquePartialEdgeFillet.png  1600x900  5992.4 ms  876 tri  79 seg  0 pts  2095683 frag
  The sharp/partial-oblique proof render completes                       true         true   PASS
  The partial-oblique proof PNG is visible                               true         true   PASS

  ──────────────────────────────────────────────────────────────────────────────────────────────────────
  19 checks, 0 failed → ALL PASS


══════════════════════════════════════════════════════════════════════════════════════════════════════════
  SolidArc · oblique quadratic partial-edge fillet
══════════════════════════════════════════════════════════════════════════════════════════════════════════
  CHECK                                                              MEASURED        LIMIT   VERDICT
  ──────────────────────────────────────────────────────────────────────────────────────────────────────

  ── Genuinely nonlinear oblique selected-interval reconstruction
  The oblique quadratic partial route commits a solid                    true         true   PASS
  The support angle is genuinely oblique                                 true         true   PASS
  The radius law is genuinely nonlinear                                  true         true   PASS
  The interval is strict interior                                        true         true   PASS
  The start radius is exact                                         0.000e+00      1.0e-12   PASS
  The middle radius is exact                                        1.110e-16      1.0e-12   PASS
  The end radius is exact                                           0.000e+00      1.0e-12   PASS
  The start tangent distance is r cot(theta/2)                      0.000e+00      1.0e-12   PASS
  The middle tangent distance is r cot(theta/2)                     0.000e+00      1.0e-12   PASS
  The end tangent distance is r cot(theta/2)                        0.000e+00      1.0e-12   PASS
  Every sampled tangent point leaves both finite supports                true         true   PASS
  The oblique quadratic result has deterministic V20/E38/F20/L20 topology             true         true   PASS
  The volume follows the integrated oblique removed-corner a        5.015e-06      1.0e-03   PASS
  Support, transition, cap and variable-band normals are outward             true         true   PASS
  The variable oblique fillet band is rational                           true         true   PASS

  ── Transactional nonlinear oblique refusals
  A linear law refuses the quadratic-only route                          true         true   PASS
  A zero middle radius refuses                                           true         true   PASS
  A negative radius endpoint refuses                                     true         true   PASS
  A radius consuming the oblique supports refuses                        true         true   PASS
  A complete-edge start refuses                                          true         true   PASS
  A complete-edge end refuses                                            true         true   PASS
  An empty interval refuses                                              true         true   PASS
  Parallel supports refuse                                               true         true   PASS
  A support direction not perpendicular to the edge refuses              true         true   PASS
  A degenerate edge axis refuses                                         true         true   PASS
  A non-finite radius law refuses                                        true         true   PASS
  The accepted nonlinear result remains valid after refusals             true         true   PASS

  ── Exterior sharp/oblique-quadratic proof
> show shading flat
  · shading flat
> view iso
  · view iso  eye (-6.93 -6.93 6.93)  pivot (0.00 0.00 0.00)  distance 12.00  yaw -45.0° pitch 35.3°  persp
> view orbit 195 -12
  · view orbit  eye (5.51 9.55 4.74)  pivot (0.00 0.00 0.00)  distance 12.00  yaw 150.0° pitch 23.3°  persp
> view fit
  · view fit  eye (20.77 28.58 14.86)  pivot (6.00 3.00 2.17)  distance 32.15  yaw 150.0° pitch 23.3°  persp
> render Phase38g_ObliqueQuadraticPartialEdgeFillet
  · render /home/user/Slate/_AgentScratch/build/SolidArcProofs/Phase38g_ObliqueQuadraticPartialEdgeFillet.png  1600x900  5891.1 ms  5146 tri  110 seg  0 pts  2094477 frag
  The sharp/oblique-quadratic proof render completes                     true         true   PASS
  The oblique-quadratic proof PNG is visible                             true         true   PASS

  ──────────────────────────────────────────────────────────────────────────────────────────────────────
  29 checks, 0 failed → ALL PASS


══════════════════════════════════════════════════════════════════════════════════════════════════════════
  SolidArc · oblique quadratic full-edge fillet
══════════════════════════════════════════════════════════════════════════════════════════════════════════
  CHECK                                                              MEASURED        LIMIT   VERDICT
  ──────────────────────────────────────────────────────────────────────────────────────────────────────

  ── Genuinely nonlinear complete-edge reconstruction
  The oblique quadratic full-edge route commits a solid                  true         true   PASS
  The support angle is genuinely oblique                                 true         true   PASS
  The radius law is genuinely nonlinear                                  true         true   PASS
  The start radius is exact                                         0.000e+00      1.0e-12   PASS
  The middle radius is exact                                        1.110e-16      1.0e-12   PASS
  The end radius is exact                                           0.000e+00      1.0e-12   PASS
  The start tangent distance is r cot(theta/2)                      0.000e+00      1.0e-12   PASS
  The middle tangent distance is r cot(theta/2)                     0.000e+00      1.0e-12   PASS
  The end tangent distance is r cot(theta/2)                        0.000e+00      1.0e-12   PASS
  Every sampled tangent point leaves both finite supports                true         true   PASS
  The oblique quadratic result has deterministic V8/E12/F6/L6 topology             true         true   PASS
  The volume follows the integrated oblique removed-corner a        9.662e-06      1.0e-03   PASS
  Support, cap and variable-band normals are outward                     true         true   PASS
  The complete variable oblique fillet band is rational                  true         true   PASS

  ── Transactional nonlinear oblique refusals
  A linear law refuses the quadratic-only route                          true         true   PASS
  A zero middle radius refuses                                           true         true   PASS
  A negative radius endpoint refuses                                     true         true   PASS
  A radius consuming the oblique supports refuses                        true         true   PASS
  Parallel supports refuse                                               true         true   PASS
  A support direction not perpendicular to the edge refuses              true         true   PASS
  A degenerate edge axis refuses                                         true         true   PASS
  A non-finite radius law refuses                                        true         true   PASS
  The accepted nonlinear result remains valid after refusals             true         true   PASS

  ── Exterior sharp/oblique-quadratic proof
> show shading flat
  · shading flat
> view iso
  · view iso  eye (-6.93 -6.93 6.93)  pivot (0.00 0.00 0.00)  distance 12.00  yaw -45.0° pitch 35.3°  persp
> view orbit 195 -12
  · view orbit  eye (5.51 9.55 4.74)  pivot (0.00 0.00 0.00)  distance 12.00  yaw 150.0° pitch 23.3°  persp
> view fit
  · view fit  eye (20.77 28.58 14.86)  pivot (6.00 3.00 2.17)  distance 32.15  yaw 150.0° pitch 23.3°  persp
> render Phase38h_ObliqueQuadraticEdgeFillet
  · render /home/user/Slate/_AgentScratch/build/SolidArcProofs/Phase38h_ObliqueQuadraticEdgeFillet.png  1600x900  5935.2 ms  5324 tri  85 seg  0 pts  2082838 frag
  The sharp/oblique-quadratic proof render completes                     true         true   PASS
  The oblique-quadratic proof PNG is visible                             true         true   PASS

  ──────────────────────────────────────────────────────────────────────────────────────────────────────
  25 checks, 0 failed → ALL PASS


══════════════════════════════════════════════════════════════════════════════════════════════════════════
  SolidArc · rolling-ball-core G2 planar corner transition
══════════════════════════════════════════════════════════════════════════════════════════════════════════
  CHECK                                                              MEASURED        LIMIT   VERDICT
  ──────────────────────────────────────────────────────────────────────────────────────────────────────

  ── Curvature-matched transitions around an exact rolling-ball core
  The bounded profile builds three exact sections                        true         true   PASS
  The profile validates its shared boundaries and G2 joins               true         true   PASS
  Support transitions are quintic                                        true         true   PASS
  The middle section is an exact rational circular core                  true         true   PASS
  The circular core radius is exact                                 2.220e-16      1.0e-10   PASS
  The low support join has zero curvature                           0.000e+00      1.0e-08   PASS
  The high support join has zero curvature                          0.000e+00      1.0e-08   PASS
  The low transition matches rolling-ball curvature                 4.552e-15      2.0e-07   PASS
  The exact core has rolling-ball curvature                         3.331e-16      2.0e-07   PASS
  The high transition matches rolling-ball curvature                3.886e-15      2.0e-07   PASS
  The profile line integral removes a positive corner area               true         true   PASS
  The support endpoint tangents are aligned                              true         true   PASS

  ── Closed reconstruction, topology, normals and volume
  The G2 rolling-core route commits a solid                              true         true   PASS
  Split transitions sew as deterministic V14/E21/F9/L9 topology             true         true   PASS
  The volume follows the profile Green line integral                4.761e-06      1.0e-03   PASS
  Every face carries an outward normal                                   true         true   PASS
  The accepted body remains valid after all profile queries              true         true   PASS

  ── Transactional refusal boundaries
  A zero radius refuses                                                  true         true   PASS
  A radius consuming the support refuses                                 true         true   PASS
  A zero transition refuses                                              true         true   PASS
  A transition with no circular core refuses                             true         true   PASS
  Non-perpendicular supports refuse                                      true         true   PASS
  A support direction consumed by the edge refuses                       true         true   PASS
  A zero-length edge refuses                                             true         true   PASS
  A width smaller than the radius refuses                                true         true   PASS
  The accepted body remains transactional after refusals                 true         true   PASS

  ── Distinct exterior comparison proof
  The pure rolling reference fixture commits                             true         true   PASS
> show shading flat
  · shading flat
> view iso
  · view iso  eye (-6.93 -6.93 6.93)  pivot (0.00 0.00 0.00)  distance 12.00  yaw -45.0° pitch 35.3°  persp
> view orbit 190 -10
  · view orbit  eye (6.22 8.89 5.12)  pivot (0.00 0.00 0.00)  distance 12.00  yaw 145.0° pitch 25.3°  persp
> view fit
  · view fit  eye (21.73 25.32 17.09)  pivot (4.00 0.00 2.50)  distance 34.18  yaw 145.0° pitch 25.3°  persp
> render Phase38i_G2RollingBall
  · render /home/user/Slate/_AgentScratch/build/SolidArcProofs/Phase38i_G2RollingBall.png  1600x900  5791.3 ms  796 tri  96 seg  0 pts  1650647 frag
  The G2/core comparison proof render completes                          true         true   PASS
  The G2/core proof PNG is visible                                       true         true   PASS

  ──────────────────────────────────────────────────────────────────────────────────────────────────────
  29 checks, 0 failed → ALL PASS


══════════════════════════════════════════════════════════════════════════════════════════════════════════
  SolidArc · oblique rolling-ball-core G2 transition
══════════════════════════════════════════════════════════════════════════════════════════════════════════
  CHECK                                                              MEASURED        LIMIT   VERDICT
  ──────────────────────────────────────────────────────────────────────────────────────────────────────

  ── Strict oblique frame and exact circular core
  The oblique profile builds three exact sections                        true         true   PASS
  The profile validates the oblique G2 joins                             true         true   PASS
  The support angle is strict and non-orthogonal                         true         true   PASS
  The tangent distance is r cot(theta/2)                                 true         true   PASS
  The two support transitions are quintic                                true         true   PASS
  The oblique middle section is an exact rational core                   true         true   PASS
  The oblique circular-core radius is exact                         2.220e-16      1.0e-10   PASS
  The support-A join has zero curvature                             5.851e-29      1.0e-08   PASS
  The support-B join has zero curvature                             1.389e-14      1.0e-08   PASS
  The first transition matches 1/r                                  6.128e-14      2.0e-07   PASS
  The exact oblique core has 1/r curvature                         -2.220e-16      2.0e-07   PASS
  The second transition matches 1/r                                 1.075e-13      2.0e-07   PASS
  The oblique profile removes a positive corner area                     true         true   PASS

  ── Closed oblique reconstruction and integrated volume
  The oblique G2 route commits a solid                                   true         true   PASS
  Split oblique transitions sew as V12/E18/F8/L8 topology                true         true   PASS
  The oblique volume follows the profile line integral              2.949e-05      1.0e-03   PASS
  Every oblique face carries an outward normal                           true         true   PASS
  The oblique result remains valid after profile inspection              true         true   PASS

  ── Transactional oblique refusal boundaries
  Parallel supports refuse                                               true         true   PASS
  A support direction consumed by the edge refuses                       true         true   PASS
  A support not perpendicular to the edge refuses                        true         true   PASS
  A transition consuming the oblique core refuses                        true         true   PASS
  A zero radius refuses                                                  true         true   PASS
  A tangent distance consuming support A refuses                         true         true   PASS
  A zero-length edge refuses                                             true         true   PASS
  The accepted oblique result remains transactional                      true         true   PASS

  ── Distinct exterior sharp-versus-oblique proof
  The pure oblique rolling reference commits                             true         true   PASS
> show shading flat
  · shading flat
> view iso
  · view iso  eye (-6.93 -6.93 6.93)  pivot (0.00 0.00 0.00)  distance 12.00  yaw -45.0° pitch 35.3°  persp
> view orbit 190 -10
  · view orbit  eye (6.22 8.89 5.12)  pivot (0.00 0.00 0.00)  distance 12.00  yaw 145.0° pitch 25.3°  persp
> view fit
  · view fit  eye (21.25 26.43 15.75)  pivot (5.00 3.22 2.38)  distance 31.33  yaw 145.0° pitch 25.3°  persp
> render Phase38j_ObliqueG2RollingBall
  · render /home/user/Slate/_AgentScratch/build/SolidArcProofs/Phase38j_ObliqueG2RollingBall.png  1600x900  5891.8 ms  760 tri  86 seg  0 pts  1944514 frag
  The oblique G2 comparison proof render completes                       true         true   PASS
  The oblique G2 proof PNG is visible                                    true         true   PASS

  ──────────────────────────────────────────────────────────────────────────────────────────────────────
  29 checks, 0 failed → ALL PASS


══════════════════════════════════════════════════════════════════════════════════════════════════════════
  SolidArc · quadratic variable-radius rolling-ball-core G2 transition
══════════════════════════════════════════════════════════════════════════════════════════════════════════
  CHECK                                                              MEASURED        LIMIT   VERDICT
  ──────────────────────────────────────────────────────────────────────────────────────────────────────

  ── Genuinely nonlinear stations and G2 section acceptance
  The variable G2 route commits a solid                                  true         true   PASS
  The radius law is genuinely nonlinear                                  true         true   PASS
  The radius law remains positive                                        true         true   PASS
  The start radius is exact                                         0.000e+00      1.0e-12   PASS
  The middle radius is exact                                        0.000e+00      1.0e-12   PASS
  The end radius is exact                                           2.220e-16      1.0e-12   PASS
  The middle station differs from endpoint interpolation                 true         true   PASS
  Every quadratic station retains its exact rational G2 profile             true         true   PASS
  Station core curvature equals 1/r(t)                             -2.887e-15      2.0e-07   PASS
  Station core remains rational                                          true         true   PASS
  Every quadratic station retains its exact rational G2 profile             true         true   PASS
  Station core curvature equals 1/r(t)                              9.992e-16      2.0e-07   PASS
  Station core remains rational                                          true         true   PASS
  Every quadratic station retains its exact rational G2 profile             true         true   PASS
  Station core curvature equals 1/r(t)                             -1.110e-15      2.0e-07   PASS
  Station core remains rational                                          true         true   PASS
  Every sampled tangent distance remains below the support width             true         true   PASS

  ── Topology, normals and integrated radius-square volume
  Variable station surfaces sew as V14/E21/F9/L9 topology                true         true   PASS
  The variable volume follows integrated radius-square remov        2.114e-06      1.0e-03   PASS
  Every variable station face carries an outward normal                  true         true   PASS
  The accepted variable body remains valid after measurement             true         true   PASS

  ── Transactional variable-law and frame refusals
  A linear law refuses the nonlinear route                               true         true   PASS
  A non-positive middle radius refuses                                   true         true   PASS
  A law consuming the support refuses                                    true         true   PASS
  An oblique support pair refuses this perpendicular route               true         true   PASS
  A degenerate edge refuses                                              true         true   PASS
  An insufficient support width refuses                                  true         true   PASS
  A zero-length edge refuses                                             true         true   PASS
  The accepted variable body remains transactional after refusals             true         true   PASS

  ── Distinct exterior variable-versus-constant proof
  The constant rolling-core comparison commits                           true         true   PASS
> show shading flat
  · shading flat
> view iso
  · view iso  eye (-6.93 -6.93 6.93)  pivot (0.00 0.00 0.00)  distance 12.00  yaw -45.0° pitch 35.3°  persp
> view orbit 190 -10
  · view orbit  eye (6.22 8.89 5.12)  pivot (0.00 0.00 0.00)  distance 12.00  yaw 145.0° pitch 25.3°  persp
> view fit
  · view fit  eye (23.01 26.80 16.50)  pivot (6.00 2.50 2.50)  distance 32.80  yaw 145.0° pitch 25.3°  persp
> render Phase38k_VariableG2RollingBall
  · render /home/user/Slate/_AgentScratch/build/SolidArcProofs/Phase38k_VariableG2RollingBall.png  1600x900  6156.0 ms  3203 tri  138 seg  0 pts  2399813 frag
  The variable/constant comparison proof render completes                true         true   PASS
  The variable G2 proof PNG is visible                                   true         true   PASS

  ──────────────────────────────────────────────────────────────────────────────────────────────────────
  32 checks, 0 failed → ALL PASS


══════════════════════════════════════════════════════════════════════════════════════════════════════════
  SolidArc · oblique quadratic variable-radius rolling-ball-core G2 transition
══════════════════════════════════════════════════════════════════════════════════════════════════════════
  CHECK                                                              MEASURED        LIMIT   VERDICT
  ──────────────────────────────────────────────────────────────────────────────────────────────────────

  ── Strict oblique quadratic stations
  The oblique variable G2 route commits a solid                          true         true   PASS
  The support angle remains strict and oblique                           true         true   PASS
  The radius law is genuinely nonlinear and positive                     true         true   PASS
  The start radius is exact                                         0.000e+00      1.0e-12   PASS
  The middle radius is exact                                       -1.110e-16      1.0e-12   PASS
  The end radius is exact                                           1.110e-16      1.0e-12   PASS
  The middle station differs from endpoint interpolation                 true         true   PASS
  Every station tangent distance r cot(theta/2) clears both supports             true         true   PASS
  Each station retains an exact oblique G2 profile                       true         true   PASS
  Station core curvature equals 1/r(t)                              0.000e+00      2.0e-07   PASS
  Station core remains rational                                          true         true   PASS
  Each station retains an exact oblique G2 profile                       true         true   PASS
  Station core curvature equals 1/r(t)                             -8.882e-16      2.0e-07   PASS
  Station core remains rational                                          true         true   PASS
  Each station retains an exact oblique G2 profile                       true         true   PASS
  Station core curvature equals 1/r(t)                              8.882e-16      2.0e-07   PASS
  Station core remains rational                                          true         true   PASS

  ── Oblique topology, normals and integrated volume
  Oblique variable surfaces sew as V12/E18/F8/L8 topology                true         true   PASS
  The oblique variable volume follows integrated radius-squa        5.221e-05      1.0e-03   PASS
  Every oblique variable face carries an outward normal                  true         true   PASS
  The accepted oblique variable body remains valid                       true         true   PASS

  ── Transactional oblique variable refusals
  A linear law refuses                                                   true         true   PASS
  A non-positive middle radius refuses                                   true         true   PASS
  A law consuming the finite oblique supports refuses                    true         true   PASS
  Parallel supports refuse                                               true         true   PASS
  A support not perpendicular to the edge refuses                        true         true   PASS
  A zero-length edge refuses                                             true         true   PASS
  The accepted oblique variable body remains transactional               true         true   PASS

  ── Distinct oblique variable-versus-constant proof
  The constant oblique comparison commits                                true         true   PASS
> show shading flat
  · shading flat
> view iso
  · view iso  eye (-6.93 -6.93 6.93)  pivot (0.00 0.00 0.00)  distance 12.00  yaw -45.0° pitch 35.3°  persp
> view orbit 190 -10
  · view orbit  eye (6.22 8.89 5.12)  pivot (0.00 0.00 0.00)  distance 12.00  yaw 145.0° pitch 25.3°  persp
> view fit
  · view fit  eye (12.80 20.71 12.50)  pivot (0.50 3.14 2.38)  distance 23.71  yaw 145.0° pitch 25.3°  persp
> render Phase38l_ObliqueVariableG2
  · render /home/user/Slate/_AgentScratch/build/SolidArcProofs/Phase38l_ObliqueVariableG2.png  1600x900  6029.8 ms  3502 tri  156 seg  0 pts  1950597 frag
  The oblique variable/constant proof render completes                   true         true   PASS
  The oblique variable proof PNG is visible                              true         true   PASS

  ──────────────────────────────────────────────────────────────────────────────────────────────────────
  31 checks, 0 failed → ALL PASS


══════════════════════════════════════════════════════════════════════════════════════════════════════════
  SolidArc · bounded eligible G2 edge dispatch
══════════════════════════════════════════════════════════════════════════════════════════════════════════
  CHECK                                                              MEASURED        LIMIT   VERDICT
  ──────────────────────────────────────────────────────────────────────────────────────────────────────
  The canonical dispatch source is a closed cube                         true         true   PASS
  One explicit cube edge dispatches to a bounded G2 specification             true         true   PASS
  The selected edge length is extracted exactly                     0.000e+00      1.0e-12   PASS
  The selected rectangular support width is extracted exactl        0.000e+00      1.0e-12   PASS
  The selected radius is retained                                   0.000e+00      1.0e-12   PASS
  The dispatched support frame is perpendicular                          true         true   PASS
  Dispatch leaves the source unchanged                                   true         true   PASS

  ── Explicit reconstruction after bounded dispatch
  The dispatched specification reconstructs a G2 solid                   true         true   PASS
  The dispatched result retains V14/E21/F9/L9 topology                   true         true   PASS
  The dispatched result has outward normals                              true         true   PASS
  Dispatch remains transactional                                         true         true   PASS

  ── Unsupported selection and feasibility refusals
  An out-of-range edge refuses                                           true         true   PASS
  A radius consuming the selected supports refuses                       true         true   PASS
  A zero transition refuses                                              true         true   PASS
  A curved cylinder edge remains explicitly unsupported                  true         true   PASS
  Unequal rectangular support widths remain outside dispatch             true         true   PASS
  Oblique parallelogram supports remain outside rectangular orthogonal dispatch             true         true   PASS
  A non-manifold selected edge remains explicitly unsupported             true         true   PASS
  The source remains unchanged after all refusals                        true         true   PASS

  ── Distinct source/dispatch exterior proof
> show shading flat
  · shading flat
> view iso
  · view iso  eye (-6.93 -6.93 6.93)  pivot (0.00 0.00 0.00)  distance 12.00  yaw -45.0° pitch 35.3°  persp
> view orbit 190 -10
  · view orbit  eye (6.22 8.89 5.12)  pivot (0.00 0.00 0.00)  distance 12.00  yaw 145.0° pitch 25.3°  persp
> view fit
  · view fit  eye (14.35 19.63 12.16)  pivot (2.00 2.00 2.00)  distance 23.80  yaw 145.0° pitch 25.3°  persp
> render Phase38m_EligibleG2EdgeDispatch
  · render /home/user/Slate/_AgentScratch/build/SolidArcProofs/Phase38m_EligibleG2EdgeDispatch.png  1600x900  5800.6 ms  422 tri  49 seg  0 pts  1531176 frag
  The source/dispatch proof render completes                             true         true   PASS
  The source/dispatch proof PNG is visible                               true         true   PASS

  ──────────────────────────────────────────────────────────────────────────────────────────────────────
  21 checks, 0 failed → ALL PASS


══════════════════════════════════════════════════════════════════════════════════════════════════════════
  SolidArc · bounded eligible oblique G2 edge dispatch
══════════════════════════════════════════════════════════════════════════════════════════════════════════
  CHECK                                                              MEASURED        LIMIT   VERDICT
  ──────────────────────────────────────────────────────────────────────────────────────────────────────
  The oblique triangular-prism source is a closed solid                  true         true   PASS
  One explicit oblique prism edge dispatches                             true         true   PASS
  The selected oblique edge length is extracted exactly             0.000e+00      1.0e-12   PASS
  The first support width is extracted exactly                     -1.922e-11      1.0e-12   PASS
  The second support width is extracted exactly                     0.000e+00      1.0e-12   PASS
  The selected support angle is exactly 60 degrees                 -2.219e-12      1.0e-09   PASS
  The selected radius is retained                                   0.000e+00      1.0e-12   PASS
  The dispatched support frame is orthogonal to the edge                 true         true   PASS
  Support orientation is deterministic                                   true         true   PASS
  Oblique dispatch leaves the source unchanged                           true         true   PASS

  ── Separate oblique G2 reconstruction after dispatch
  The dispatched oblique specification reconstructs a G2 solid             true         true   PASS
  The dispatched result retains V12/E18/F8/L8 topology                   true         true   PASS
  The dispatched oblique result has outward normals                      true         true   PASS
  Oblique dispatch remains transactional                                 true         true   PASS

  ── Unsupported selections and oblique feasibility refusals
  An orthogonal edge remains in the Stage 4m route                       true         true   PASS
  An out-of-range edge refuses                                           true         true   PASS
  A consuming oblique radius refuses                                     true         true   PASS
  A zero transition refuses                                              true         true   PASS
  A curved cylinder edge remains explicitly unsupported                  true         true   PASS
  A non-manifold selected edge remains explicitly unsupported             true         true   PASS
  The source remains unchanged after all oblique refusals                true         true   PASS

  ── Distinct sharp/dispatch oblique proof
> show shading flat
  · shading flat
> view iso
  · view iso  eye (-6.93 -6.93 6.93)  pivot (0.00 0.00 0.00)  distance 12.00  yaw -45.0° pitch 35.3°  persp
> view orbit 195 -12
  · view orbit  eye (5.51 9.55 4.74)  pivot (0.00 0.00 0.00)  distance 12.00  yaw 150.0° pitch 23.3°  persp
> view fit
  · view fit  eye (18.06 27.35 14.26)  pivot (4.00 3.00 2.17)  distance 30.61  yaw 150.0° pitch 23.3°  persp
> render Phase38n_EligibleObliqueG2EdgeDispatch
  · render /home/user/Slate/_AgentScratch/build/SolidArcProofs/Phase38n_EligibleObliqueG2EdgeDispatch.png  1600x900  6027.0 ms  450 tri  47 seg  0 pts  1710218 frag
  The sharp/dispatch oblique proof render completes                      true         true   PASS
  The sharp/dispatch oblique proof PNG is visible                        true         true   PASS

  ──────────────────────────────────────────────────────────────────────────────────────────────────────
  23 checks, 0 failed → ALL PASS


══════════════════════════════════════════════════════════════════════════════════════════════════════════
  SolidArc · bounded eligible variable G2 edge dispatch
══════════════════════════════════════════════════════════════════════════════════════════════════════════
  CHECK                                                              MEASURED        LIMIT   VERDICT
  ──────────────────────────────────────────────────────────────────────────────────────────────────────
  The variable-dispatch source is a closed cube                          true         true   PASS
  One explicit cube edge dispatches to variable G2                       true         true   PASS
  The variable-dispatch edge length is extracted exactly            0.000e+00      1.0e-12   PASS
  The variable-dispatch support width is extracted exactly          0.000e+00      1.0e-12   PASS
  The start radius is retained                                      0.000e+00      1.0e-12   PASS
  The middle radius is retained                                     0.000e+00      1.0e-12   PASS
  The end radius is retained                                        0.000e+00      1.0e-12   PASS
  The dispatched law is genuinely nonlinear and positive                 true         true   PASS
  The dispatched support frame is orthogonal                             true         true   PASS
  Variable dispatch orientation is deterministic                         true         true   PASS
  Variable dispatch leaves the source unchanged                          true         true   PASS

  ── Separate variable G2 reconstruction after dispatch
  The dispatched variable specification reconstructs a G2 solid             true         true   PASS
  The dispatched variable result retains V14/E21/F9/L9 topology             true         true   PASS
  The dispatched variable result has outward normals                     true         true   PASS
  Variable dispatch remains transactional                                true         true   PASS

  ── Unsupported selections and variable-law refusals
  A constant law remains outside variable dispatch                       true         true   PASS
  A non-positive law refuses                                             true         true   PASS
  A law whose end station consumes the support refuses                   true         true   PASS
  An invalid transition refuses                                          true         true   PASS
  An oblique edge remains in the dedicated oblique dispatch boundary             true         true   PASS
  Unequal rectangular support widths remain outside orthogonal variable dispatch             true         true   PASS
  A curved cylinder edge remains explicitly unsupported                  true         true   PASS
  A non-manifold selected edge remains explicitly unsupported             true         true   PASS
  The source remains unchanged after all variable refusals               true         true   PASS

  ── Distinct sharp/variable-dispatch proof
> show shading flat
  · shading flat
> view iso
  · view iso  eye (-6.93 -6.93 6.93)  pivot (0.00 0.00 0.00)  distance 12.00  yaw -45.0° pitch 35.3°  persp
> view orbit 190 -10
  · view orbit  eye (6.22 8.89 5.12)  pivot (0.00 0.00 0.00)  distance 12.00  yaw 145.0° pitch 25.3°  persp
> view fit
  · view fit  eye (15.25 20.92 12.90)  pivot (2.00 2.00 2.00)  distance 25.54  yaw 145.0° pitch 25.3°  persp
> render Phase38o_EligibleVariableG2EdgeDispatch
  · render /home/user/Slate/_AgentScratch/build/SolidArcProofs/Phase38o_EligibleVariableG2EdgeDispatch.png  1600x900  5771.3 ms  966 tri  67 seg  0 pts  1413570 frag
  The sharp/variable-dispatch proof render completes                     true         true   PASS
  The sharp/variable-dispatch proof PNG is visible                       true         true   PASS

  ──────────────────────────────────────────────────────────────────────────────────────────────────────
  26 checks, 0 failed → ALL PASS


══════════════════════════════════════════════════════════════════════════════════════════════════════════
  SolidArc · bounded eligible oblique variable G2 edge dispatch
══════════════════════════════════════════════════════════════════════════════════════════════════════════
  CHECK                                                              MEASURED        LIMIT   VERDICT
  ──────────────────────────────────────────────────────────────────────────────────────────────────────
  The oblique variable source is a closed solid                          true         true   PASS
  One explicit oblique edge dispatches to variable G2                    true         true   PASS
  The oblique variable edge length is extracted exactly             0.000e+00      1.0e-12   PASS
  The first oblique support width is extracted exactly             -1.922e-11      1.0e-10   PASS
  The second oblique support width is extracted exactly             0.000e+00      1.0e-10   PASS
  The oblique support angle is exactly 60 degrees                  -2.219e-12      1.0e-09   PASS
  The start radius is retained                                      0.000e+00      1.0e-12   PASS
  The middle radius is retained                                     0.000e+00      1.0e-12   PASS
  The end radius is retained                                        0.000e+00      1.0e-12   PASS
  The oblique variable law is nonlinear and positive                     true         true   PASS
  The dispatched oblique frame is orthogonal to the edge                 true         true   PASS
  Oblique variable orientation is deterministic                          true         true   PASS
  Oblique variable dispatch leaves the source unchanged                  true         true   PASS

  ── Separate oblique variable G2 reconstruction after dispatch
  The dispatched oblique variable specification reconstructs a G2 solid             true         true   PASS
  The dispatched oblique variable result retains V12/E18/F8/L8 topology             true         true   PASS
  The dispatched oblique variable result has outward normals             true         true   PASS
  Oblique variable dispatch remains transactional                        true         true   PASS

  ── Unsupported selections and oblique variable-law refusals
  A constant law remains outside oblique variable dispatch               true         true   PASS
  A non-positive law refuses                                             true         true   PASS
  A law whose end station consumes the supports refuses                  true         true   PASS
  An invalid transition refuses                                          true         true   PASS
  An orthogonal edge remains in the dedicated orthogonal variable dispatch             true         true   PASS
  An out-of-range edge refuses                                           true         true   PASS
  A curved cylinder edge remains explicitly unsupported                  true         true   PASS
  A non-manifold selected edge remains explicitly unsupported             true         true   PASS
  The source remains unchanged after all oblique variable refusals             true         true   PASS

  ── Distinct sharp/oblique-variable dispatch proof
> show shading flat
  · shading flat
> view iso
  · view iso  eye (-6.93 -6.93 6.93)  pivot (0.00 0.00 0.00)  distance 12.00  yaw -45.0° pitch 35.3°  persp
> view orbit 195 -12
  · view orbit  eye (5.51 9.55 4.74)  pivot (0.00 0.00 0.00)  distance 12.00  yaw 150.0° pitch 23.3°  persp
> view fit
  · view fit  eye (18.06 27.35 14.26)  pivot (4.00 3.00 2.17)  distance 30.61  yaw 150.0° pitch 23.3°  persp
> render Phase38p_EligibleObliqueVariableG2EdgeDispatch
  · render /home/user/Slate/_AgentScratch/build/SolidArcProofs/Phase38p_EligibleObliqueVariableG2EdgeDispatch.png  1600x900  5876.8 ms  1726 tri  69 seg  0 pts  1710202 frag
  The sharp/oblique-variable proof render completes                      true         true   PASS
  The sharp/oblique-variable proof PNG is visible                        true         true   PASS

  ──────────────────────────────────────────────────────────────────────────────────────────────────────
  28 checks, 0 failed → ALL PASS


══════════════════════════════════════════════════════════════════════════════════════════════════════════
  SolidArc · bounded native-cone apex vertex dispatch
══════════════════════════════════════════════════════════════════════════════════════════════════════════
  CHECK                                                              MEASURED        LIMIT   VERDICT
  ──────────────────────────────────────────────────────────────────────────────────────────────────────
  The native right cone is a closed solid                                true         true   PASS
  The native cone has canonical V2/E2/F2 topology                        true         true   PASS
  One explicit native-cone apex vertex dispatches                        true         true   PASS
  The cone base origin is extracted exactly                         0.000e+00      1.0e-12   PASS
  The cone axis is extracted exactly                                0.000e+00      1.0e-12   PASS
  The cone base radius is extracted exactly                         0.000e+00      1.0e-12   PASS
  The cone height is extracted exactly                              0.000e+00      1.0e-12   PASS
  The requested apex radius is retained                             0.000e+00      1.0e-12   PASS
  Apex dispatch is deterministic                                         true         true   PASS
  Apex dispatch leaves the source unchanged                              true         true   PASS

  ── Separate spherical-cap reconstruction after vertex dispatch
  The dispatched cone-apex specification reconstructs a solid             true         true   PASS
  The dispatched result retains V4/E5/F3/L3 topology                     true         true   PASS
  The dispatched apex result has outward normals                         true         true   PASS
  Apex dispatch remains transactional                                    true         true   PASS

  ── Unsupported vertex and source refusals
  The base-rim vertex refuses                                            true         true   PASS
  An out-of-range vertex refuses                                         true         true   PASS
  A zero fillet radius refuses                                           true         true   PASS
  A negative fillet radius refuses                                       true         true   PASS
  A radius consuming the cone refuses                                    true         true   PASS
  A cylinder vertex remains outside native-cone apex dispatch             true         true   PASS
  A malformed cone refuses transactionally                               true         true   PASS
  The source remains unchanged after all vertex refusals                 true         true   PASS

  ── Distinct sharp/rounded apex proof
> show shading flat
  · shading flat
> view iso
  · view iso  eye (-6.93 -6.93 6.93)  pivot (0.00 0.00 0.00)  distance 12.00  yaw -45.0° pitch 35.3°  persp
> view orbit 195 -12
  · view orbit  eye (5.51 9.55 4.74)  pivot (0.00 0.00 0.00)  distance 12.00  yaw 150.0° pitch 23.3°  persp
> view fit
  · view fit  eye (17.25 29.88 18.34)  pivot (0.00 -0.00 3.50)  distance 37.56  yaw 150.0° pitch 23.3°  persp
> render Phase38q_ConeApexVertexDispatch
  · render /home/user/Slate/_AgentScratch/build/SolidArcProofs/Phase38q_ConeApexVertexDispatch.png  1600x900  5969.8 ms  6136 tri  269 seg  0 pts  1410199 frag
  The sharp/rounded apex proof render completes                          true         true   PASS
  The apex dispatch proof PNG is visible                                 true         true   PASS

  ──────────────────────────────────────────────────────────────────────────────────────────────────────
  24 checks, 0 failed → ALL PASS


══════════════════════════════════════════════════════════════════════════════════════════════════════════
  SolidArc · bounded half-turn partial-cone apex vertex dispatch
══════════════════════════════════════════════════════════════════════════════════════════════════════════
  CHECK                                                              MEASURED        LIMIT   VERDICT
  ──────────────────────────────────────────────────────────────────────────────────────────────────────
  The half-turn partial cone is a closed solid                           true         true   PASS
  The source has canonical V4/E6/F4/L4 topology                          true         true   PASS
  One explicit half-turn apex vertex dispatches                          true         true   PASS
  The partial-cone base is extracted exactly                        0.000e+00      1.0e-12   PASS
  The partial-cone axis is extracted exactly                        0.000e+00      1.0e-12   PASS
  The partial-cone base radius is extracted exactly                 0.000e+00      1.0e-10   PASS
  The partial-cone height is extracted exactly                      0.000e+00      1.0e-10   PASS
  The half-turn sweep is extracted exactly                          0.000e+00      1.0e-12   PASS
  The requested partial-apex radius is retained                     0.000e+00      1.0e-12   PASS
  Partial-apex dispatch is deterministic                                 true         true   PASS
  Partial-apex dispatch leaves the source unchanged                      true         true   PASS

  ── Separate partial spherical-cap reconstruction after vertex dispatch
  The dispatched partial-apex specification reconstructs a solid             true         true   PASS
  The dispatched result retains V6/E9/F5/L5 topology                     true         true   PASS
  The dispatched partial-apex result has outward normals                 true         true   PASS
  Partial-apex dispatch remains transactional                            true         true   PASS

  ── Unsupported partial-apex vertices and source refusals
  The base-center vertex refuses                                         true         true   PASS
  A base-rim vertex refuses                                              true         true   PASS
  An out-of-range vertex refuses                                         true         true   PASS
  A zero partial-apex radius refuses                                     true         true   PASS
  A negative partial-apex radius refuses                                 true         true   PASS
  A radius consuming the partial cone refuses                            true         true   PASS
  A full-turn revolution remains outside partial dispatch                true         true   PASS
  A cylinder remains outside partial-cone apex dispatch                  true         true   PASS
  A malformed partial cone refuses transactionally                       true         true   PASS
  The source remains unchanged after all partial-apex refusals             true         true   PASS

  ── Distinct sharp/rounded partial-apex proof
> show shading flat
  · shading flat
> view iso
  · view iso  eye (-6.93 -6.93 6.93)  pivot (0.00 0.00 0.00)  distance 12.00  yaw -45.0° pitch 35.3°  persp
> view orbit 195 -12
  · view orbit  eye (5.51 9.55 4.74)  pivot (0.00 0.00 0.00)  distance 12.00  yaw 150.0° pitch 23.3°  persp
> view fit
  · view fit  eye (15.71 29.71 17.01)  pivot (0.00 2.50 3.50)  distance 34.20  yaw 150.0° pitch 23.3°  persp
> render Phase38r_PartialConeApexVertexDispatch
  · render /home/user/Slate/_AgentScratch/build/SolidArcProofs/Phase38r_PartialConeApexVertexDispatch.png  1600x900  5848.8 ms  3636 tri  153 seg  0 pts  1393264 frag
  The sharp/rounded partial-apex proof render completes                  true         true   PASS
  The partial-apex dispatch proof PNG is visible                         true         true   PASS

  ──────────────────────────────────────────────────────────────────────────────────────────────────────
  27 checks, 0 failed → ALL PASS


══════════════════════════════════════════════════════════════════════════════════════════════════════════
  SolidArc · bounded non-reflex partial-cone apex vertex dispatch
══════════════════════════════════════════════════════════════════════════════════════════════════════════
  CHECK                                                              MEASURED        LIMIT   VERDICT
  ──────────────────────────────────────────────────────────────────────────────────────────────────────
  The non-reflex native partial-cone revolve exists                      true         true   PASS
  The source has canonical V4/E6/C8/L3/F3 topology                       true         true   PASS
  One explicit non-reflex apex vertex dispatches                         true         true   PASS
  The general partial-cone base is extracted exactly                0.000e+00      1.0e-12   PASS
  The general partial-cone axis is extracted exactly                0.000e+00      1.0e-12   PASS
  The general partial-cone base radius is extracted exactly         0.000e+00      1.0e-10   PASS
  The general partial-cone height is extracted exactly              0.000e+00      1.0e-10   PASS
  The non-reflex sweep is extracted exactly                         0.000e+00      1.0e-10   PASS
  The requested general partial-apex radius is retained             0.000e+00      1.0e-12   PASS
  General partial-apex dispatch is deterministic                         true         true   PASS
  General partial-apex dispatch leaves the source unchanged              true         true   PASS

  ── Separate general partial spherical-cap reconstruction after vertex dispatch
  The dispatched general partial-apex specification reconstructs a solid             true         true   PASS
  The dispatched result retains V6/E9/F5/L5 topology                     true         true   PASS
  The dispatched general partial-apex result has outward normals             true         true   PASS
  General partial-apex dispatch remains transactional                    true         true   PASS

  ── Unsupported general partial-apex vertices and source refusals
  The base-center vertex refuses                                         true         true   PASS
  A base-rim vertex refuses                                              true         true   PASS
  An out-of-range vertex refuses                                         true         true   PASS
  A zero general partial-apex radius refuses                             true         true   PASS
  A negative general partial-apex radius refuses                         true         true   PASS
  A radius consuming the general partial cone refuses                    true         true   PASS
  A half-turn source remains in the dedicated Stage 4r route             true         true   PASS
  A full-turn source remains outside partial dispatch                    true         true   PASS
  A cylinder remains outside general partial-apex dispatch               true         true   PASS
  A malformed general partial cone refuses transactionally               true         true   PASS
  The source remains unchanged after all general partial-apex refusals             true         true   PASS

  ── Distinct sharp/rounded general partial-apex proof
> show shading flat
  · shading flat
> view iso
  · view iso  eye (-6.93 -6.93 6.93)  pivot (0.00 0.00 0.00)  distance 12.00  yaw -45.0° pitch 35.3°  persp
> view orbit 195 -12
  · view orbit  eye (5.51 9.55 4.74)  pivot (0.00 0.00 0.00)  distance 12.00  yaw 150.0° pitch 23.3°  persp
> view fit
  · view fit  eye (16.16 25.82 15.25)  pivot (2.50 2.17 3.50)  distance 29.74  yaw 150.0° pitch 23.3°  persp
> render Phase38s_GeneralPartialConeApexVertexDispatch
  · render /home/user/Slate/_AgentScratch/build/SolidArcProofs/Phase38s_GeneralPartialConeApexVertexDispatch.png  1600x900  5782.6 ms  1558 tri  67 seg  0 pts  923980 frag
  The sharp/rounded general partial-apex proof render completes             true         true   PASS
  The general partial-apex dispatch proof PNG is visible                 true         true   PASS

  ──────────────────────────────────────────────────────────────────────────────────────────────────────
  28 checks, 0 failed → ALL PASS


══════════════════════════════════════════════════════════════════════════════════════════════════════════
  SolidArc · bounded reflex partial-cone apex vertex dispatch
══════════════════════════════════════════════════════════════════════════════════════════════════════════
  CHECK                                                              MEASURED        LIMIT   VERDICT
  ──────────────────────────────────────────────────────────────────────────────────────────────────────
  The reflex native partial cone source is constructed                   true         true   PASS
  The source has canonical V4/E6/C8/L3/F3 topology                       true         true   PASS
  One explicit reflex apex vertex dispatches                             true         true   PASS
  The reflex base is extracted exactly                              0.000e+00      1.0e-12   PASS
  The reflex axis is extracted exactly                              0.000e+00      1.0e-12   PASS
  The reflex base radius is extracted exactly                       0.000e+00      1.0e-10   PASS
  The reflex height is extracted exactly                            0.000e+00      1.0e-10   PASS
  The actual reflex sweep is retained                               0.000e+00      1.0e-09   PASS
  The requested reflex-apex radius is retained                      0.000e+00      1.0e-12   PASS
  The retained sweep is strictly reflex                                  true         true   PASS
  Reflex dispatch is deterministic                                       true         true   PASS
  Reflex dispatch leaves the source unchanged                            true         true   PASS

  ── Separate reflex partial spherical-cap reconstruction after dispatch
  The dispatched reflex specification reconstructs a solid               true         true   PASS
  The dispatched reflex result retains V6/E9/F5/L5 topology              true         true   PASS
  The dispatched reflex result has outward normals                       true         true   PASS
  Reflex dispatch remains transactional                                  true         true   PASS

  ── Unsupported reflex boundaries and source refusals
  A non-reflex source remains outside reflex dispatch                    true         true   PASS
  A half-turn source remains outside reflex dispatch                     true         true   PASS
  A full-turn source remains outside reflex dispatch                     true         true   PASS
  The base-center vertex refuses                                         true         true   PASS
  A base-rim vertex refuses                                              true         true   PASS
  An out-of-range vertex refuses                                         true         true   PASS
  A zero or consuming radius refuses                                     true         true   PASS
  A cylinder remains outside reflex partial-cone dispatch                true         true   PASS
  A malformed reflex source refuses transactionally                      true         true   PASS
  The source remains unchanged after all reflex refusals                 true         true   PASS

  ── Distinct sharp/rounded reflex-apex proof
> show shading flat
  · shading flat
> view iso
  · view iso  eye (-6.93 -6.93 6.93)  pivot (0.00 0.00 0.00)  distance 12.00  yaw -45.0° pitch 35.3°  persp
> view orbit 205 -12
  · view orbit  eye (3.77 10.36 4.74)  pivot (0.00 0.00 0.00)  distance 12.00  yaw 160.0° pitch 23.3°  persp
> view fit
  · view fit  eye (10.97 30.15 17.29)  pivot (0.00 0.00 3.50)  distance 34.92  yaw 160.0° pitch 23.3°  persp
> render Phase38t_ReflexPartialConeApexVertexDispatch
  · render /home/user/Slate/_AgentScratch/build/SolidArcProofs/Phase38t_ReflexPartialConeApexVertexDispatch.png  1600x900  6105.6 ms  5172 tri  218 seg  0 pts  1457930 frag
  The sharp/rounded reflex-apex proof render completes                   true         true   PASS
  The reflex-apex dispatch proof PNG is visible                          true         true   PASS

  ──────────────────────────────────────────────────────────────────────────────────────────────────────
  28 checks, 0 failed → ALL PASS


══════════════════════════════════════════════════════════════════════════════════════════════════════════
  SolidArc · bounded native-cone apex vertex chamfer
══════════════════════════════════════════════════════════════════════════════════════════════════════════
  CHECK                                                              MEASURED        LIMIT   VERDICT
  ──────────────────────────────────────────────────────────────────────────────────────────────────────
  The native right cone is a closed solid                                true         true   PASS
  The native cone has canonical V2/E2/F2 topology                        true         true   PASS
  One explicit native-cone apex vertex dispatches                        true         true   PASS
  The chamfer base origin is extracted exactly                      0.000e+00      1.0e-12   PASS
  The chamfer axis is normalized exactly                            0.000e+00      1.0e-12   PASS
  The chamfer base radius is extracted exactly                      0.000e+00      1.0e-12   PASS
  The chamfer height is extracted exactly                           0.000e+00      1.0e-12   PASS
  The requested axial set-back is retained                          0.000e+00      1.0e-12   PASS
  The set-back leaves a positive retained cone                           true         true   PASS
  Apex chamfer dispatch is deterministic                                 true         true   PASS
  Apex chamfer dispatch leaves the source unchanged                      true         true   PASS

  ── Separate planar-cap reconstruction after vertex dispatch
  The dispatched cone-apex chamfer reconstructs a solid                  true         true   PASS
  The dispatched chamfer retains V2/E3/C6/L3/F3 topology                 true         true   PASS
  The dispatched apex chamfer has outward normals                        true         true   PASS
  The new planar apex cap and exact frustum radii are retained             true         true   PASS
  Apex chamfer remains transactional                                     true         true   PASS

  ── Unsupported vertex and source refusals
  The base-rim vertex refuses                                            true         true   PASS
  An out-of-range vertex refuses                                         true         true   PASS
  A zero set-back refuses                                                true         true   PASS
  A negative set-back refuses                                            true         true   PASS
  A set-back consuming the cone refuses                                  true         true   PASS
  An oversized set-back refuses                                          true         true   PASS
  A non-finite set-back refuses                                          true         true   PASS
  A cylinder vertex remains outside native-cone apex chamfer dispatch             true         true   PASS
  A frustum remains outside native-apex chamfer dispatch                 true         true   PASS
  A malformed cone refuses transactionally                               true         true   PASS
  The source remains unchanged after all chamfer refusals                true         true   PASS

  ── Distinct sharp/planar-cap apex proof
> show shading flat
  · shading flat
> view iso
  · view iso  eye (-6.93 -6.93 6.93)  pivot (0.00 0.00 0.00)  distance 12.00  yaw -45.0° pitch 35.3°  persp
> view orbit 195 -12
  · view orbit  eye (5.51 9.55 4.74)  pivot (0.00 0.00 0.00)  distance 12.00  yaw 150.0° pitch 23.3°  persp
> view fit
  · view fit  eye (17.25 29.88 18.34)  pivot (0.00 -0.00 3.50)  distance 37.56  yaw 150.0° pitch 23.3°  persp
> render Phase38u_ConeApexVertexChamfer
  · render /home/user/Slate/_AgentScratch/build/SolidArcProofs/Phase38u_ConeApexVertexChamfer.png  1600x900  6334.4 ms  2510 tri  330 seg  0 pts  1650661 frag
  The sharp/planar-cap apex proof render completes                       true         true   PASS
  The apex chamfer proof PNG is visible                                  true         true   PASS

  ──────────────────────────────────────────────────────────────────────────────────────────────────────
  29 checks, 0 failed → ALL PASS


══════════════════════════════════════════════════════════════════════════════════════════════════════════
  SolidArc · bounded native partial-cone apex vertex chamfer
══════════════════════════════════════════════════════════════════════════════════════════════════════════
  CHECK                                                              MEASURED        LIMIT   VERDICT
  ──────────────────────────────────────────────────────────────────────────────────────────────────────
  The native partial-cone source is constructed                          true         true   PASS
  The source has canonical V4/E6/C8/L3/F3 topology                       true         true   PASS
  One explicit partial-cone apex vertex dispatches                       true         true   PASS
  The partial-cone base is extracted exactly                        0.000e+00      1.0e-12   PASS
  The partial-cone axis is normalized exactly                       0.000e+00      1.0e-12   PASS
  The partial-cone base radius is extracted exactly                 0.000e+00      1.0e-10   PASS
  The partial-cone height is extracted exactly                      0.000e+00      1.0e-10   PASS
  The actual native sweep is retained exactly                      -8.882e-16      1.0e-09   PASS
  The requested axial set-back is retained                          0.000e+00      1.0e-12   PASS
  The retained sweep is strictly partial                                 true         true   PASS
  Partial-apex chamfer dispatch is deterministic                         true         true   PASS
  Partial-apex chamfer dispatch leaves the source unchanged              true         true   PASS

  ── Separate partial frustum-and-cap reconstruction after vertex dispatch
  The dispatched partial-apex chamfer reconstructs a solid               true         true   PASS
  The dispatched partial chamfer retains V6/E9/C18/L5/F5 topology             true         true   PASS
  The dispatched partial chamfer has outward normals                     true         true   PASS
  The partial chamfer volume follows the exact sector frustu       -2.238e-02      2.0e-03   PASS
  The partial frustum retains exact cone support radii                   true         true   PASS
  Partial-apex chamfer remains transactional                             true         true   PASS

  ── Unsupported partial-apex vertices and explicit boundaries
  The base-center vertex refuses                                         true         true   PASS
  A base-rim vertex refuses                                              true         true   PASS
  An out-of-range vertex refuses                                         true         true   PASS
  A zero/negative/non-finite set-back refuses                            true         true   PASS
  A consuming or oversized set-back refuses                              true         true   PASS
  A full-turn native cone remains outside partial dispatch               true         true   PASS
  A cylinder remains outside partial-apex chamfer dispatch               true         true   PASS
  A malformed partial cone refuses transactionally                       true         true   PASS
  The source remains unchanged after all partial refusals                true         true   PASS

  ── Distinct sharp/planar-cap partial-apex proof
> show shading flat
  · shading flat
> view iso
  · view iso  eye (-6.93 -6.93 6.93)  pivot (0.00 0.00 0.00)  distance 12.00  yaw -45.0° pitch 35.3°  persp
> view orbit 205 -12
  · view orbit  eye (3.77 10.36 4.74)  pivot (0.00 0.00 0.00)  distance 12.00  yaw 160.0° pitch 23.3°  persp
> view fit
  · view fit  eye (10.52 28.34 15.15)  pivot (1.25 2.89 3.50)  distance 29.49  yaw 160.0° pitch 23.3°  persp
> render Phase38v_PartialConeApexVertexChamfer
  · render /home/user/Slate/_AgentScratch/build/SolidArcProofs/Phase38v_PartialConeApexVertexChamfer.png  1600x900  6065.8 ms  1286 tri  123 seg  0 pts  1446717 frag
  The sharp/planar-cap partial-apex proof render completes               true         true   PASS
  The partial-apex chamfer proof PNG is visible                          true         true   PASS

  ──────────────────────────────────────────────────────────────────────────────────────────────────────
  29 checks, 0 failed → ALL PASS


══════════════════════════════════════════════════════════════════════════════════════════════════════════
  SolidArc · bounded unequal-radius coaxial bicone apex chamfer
══════════════════════════════════════════════════════════════════════════════════════════════════════════
  CHECK                                                              MEASURED        LIMIT   VERDICT
  ──────────────────────────────────────────────────────────────────────────────────────────────────────
  The distinct shared-apex unequal-radius source is constructed             true         true   PASS
  The source has canonical V5/E6/C12/L4/F4 topology                      true         true   PASS
  The source is two closed hulls meeting only at the selected apex             true         true   PASS
  The fixture exposes one geometric shared apex                          true         true   PASS
  The unequal-radius apex dispatch accepts the selected vertex             true         true   PASS
  The shared apex is extracted exactly                              0.000e+00      1.0e-12   PASS
  The coaxial direction is normalized exactly                       4.037e-17      1.0e-12   PASS
  The lower support radius is extracted exactly                     0.000e+00      1.0e-12   PASS
  The upper support radius is extracted exactly                    -4.441e-16      1.0e-12   PASS
  The lower support height is extracted exactly                     0.000e+00      1.0e-12   PASS
  The upper support height is extracted exactly                     0.000e+00      1.0e-12   PASS
  The unequal apex set-back is retained                             0.000e+00      1.0e-12   PASS
  The two support radii remain strictly unequal                          true         true   PASS
  Unequal-radius apex dispatch is deterministic                          true         true   PASS
  Unequal-radius classification leaves the source unchanged              true         true   PASS

  ── Separate three-cone reconstruction with an unequal conical apex chamfer
  The unequal-radius apex chamfer reconstructs one solid                 true         true   PASS
  The reconstructed chamfer has V6/E9/C18/L5/F5 topology                 true         true   PASS
  The three conical supports and two caps have outward normals             true         true   PASS
  The reconstructed surfaces retain exact unequal support and chamfer radii             true         true   PASS
  The bicone chamfer volume follows three exact frusta              6.036e-02      1.0e-01   PASS
  The separate reconstruction remains transactional                      true         true   PASS

  ── Unequal-radius route refusal boundaries
  A non-apex source vertex refuses                                       true         true   PASS
  The opposite rim vertex refuses                                        true         true   PASS
  An out-of-range vertex refuses                                         true         true   PASS
  Zero, negative, and non-finite set-backs refuse                        true         true   PASS
  A set-back consuming either unequal support refuses                    true         true   PASS
  An equal-radius bicone remains outside this unequal route              true         true   PASS
  A single complete cone remains outside unequal bicone dispatch             true         true   PASS
  A cylinder remains outside unequal bicone dispatch                     true         true   PASS
  A malformed shared-apex source refuses transactionally                 true         true   PASS
  All unequal-route refusals leave the source unchanged                  true         true   PASS

  ── Distinct sharp-versus-conical-cap unequal-apex proof
> show shading flat
  · shading flat
> view iso
  · view iso  eye (-6.93 -6.93 6.93)  pivot (0.00 0.00 0.00)  distance 12.00  yaw -45.0° pitch 35.3°  persp
> view orbit 205 -12
  · view orbit  eye (3.77 10.36 4.74)  pivot (0.00 0.00 0.00)  distance 12.00  yaw 160.0° pitch 23.3°  persp
> view fit
  · view fit  eye (11.39 31.29 13.82)  pivot (0.00 -0.00 -0.50)  distance 36.25  yaw 160.0° pitch 23.3°  persp
> render Phase38w_UnequalConeApexChamfer
  · render /home/user/Slate/_AgentScratch/build/SolidArcProofs/Phase38w_UnequalConeApexChamfer.png  1600x900  6006.6 ms  4778 tri  469 seg  0 pts  1547793 frag
  The unequal-radius apex proof render completes                         true         true   PASS
  The unequal-radius apex proof PNG is visible                           true         true   PASS

  ──────────────────────────────────────────────────────────────────────────────────────────────────────
  33 checks, 0 failed → ALL PASS


══════════════════════════════════════════════════════════════════════════════════════════════════════════
  SolidArc · bounded unequal-setback unequal-radius bicone apex chamfer
══════════════════════════════════════════════════════════════════════════════════════════════════════════
  CHECK                                                              MEASURED        LIMIT   VERDICT
  ──────────────────────────────────────────────────────────────────────────────────────────────────────
  The distinct unequal-setback source is constructed                     true         true   PASS
  The source retains V5/E6/C12/L4/F4 topology                            true         true   PASS
  The source is the two-hull point-contact bicone                        true         true   PASS
  The source exposes the shared apex at the origin                       true         true   PASS
  The unequal-setback apex dispatch accepts the selected vertex             true         true   PASS
  The lower radius is extracted exactly                             0.000e+00      1.0e-12   PASS
  The upper radius is extracted exactly                             0.000e+00      1.0e-12   PASS
  The lower height is extracted exactly                             0.000e+00      1.0e-12   PASS
  The upper height is extracted exactly                             0.000e+00      1.0e-12   PASS
  The lower set-back is retained independently                      0.000e+00      1.0e-12   PASS
  The upper set-back is retained independently                      0.000e+00      1.0e-12   PASS
  The support set-backs are strictly unequal                             true         true   PASS
  The unequal-setback classification is transactional                    true         true   PASS
  The unequal-setback dispatch is deterministic                          true         true   PASS

  ── Independent lower and upper contact-ring reconstruction
  The unequal-setback reconstruction is a solid                          true         true   PASS
  The result has V6/E9/C18/L5/F5 topology                                true         true   PASS
  The three cones and two caps have outward normals                      true         true   PASS
  The independent contact and support radii are exact                    true         true   PASS
  The volume follows the exact three-frustum identity               8.547e-02      1.0e-01   PASS
  The separate reconstruction leaves the source unchanged                true         true   PASS

  ── Independent-setback refusal boundaries
  A non-apex vertex refuses                                              true         true   PASS
  An out-of-range vertex refuses                                         true         true   PASS
  Equal set-backs remain on the previous route                           true         true   PASS
  Zero, negative, and non-finite set-backs refuse                        true         true   PASS
  A consuming lower or upper set-back refuses                            true         true   PASS
  An equal-radius source remains outside the unequal route               true         true   PASS
  A cylinder remains outside independent-setback dispatch                true         true   PASS
  A malformed source refuses transactionally                             true         true   PASS
  All refusal paths preserve the source                                  true         true   PASS

  ── Distinct sharp-versus-independent-setback proof
> show shading flat
  · shading flat
> view iso
  · view iso  eye (-6.93 -6.93 6.93)  pivot (0.00 0.00 0.00)  distance 12.00  yaw -45.0° pitch 35.3°  persp
> view orbit 205 -12
  · view orbit  eye (3.77 10.36 4.74)  pivot (0.00 0.00 0.00)  distance 12.00  yaw 160.0° pitch 23.3°  persp
> view fit
  · view fit  eye (12.42 34.12 14.11)  pivot (0.00 -0.00 -1.50)  distance 39.52  yaw 160.0° pitch 23.3°  persp
> render Phase38x_UnequalSetbackBiconeApexChamfer
  · render /home/user/Slate/_AgentScratch/build/SolidArcProofs/Phase38x_UnequalSetbackBiconeApexChamfer.png  1600x900  6102.5 ms  4802 tri  481 seg  0 pts  1613389 frag
  The independent-setback proof render completes                         true         true   PASS
  The independent-setback proof PNG is visible                           true         true   PASS

  ──────────────────────────────────────────────────────────────────────────────────────────────────────
  31 checks, 0 failed → ALL PASS


══════════════════════════════════════════════════════════════════════════════════════════════════════════
  SolidArc · bounded unequal-radius coaxial bicone apex toroidal fillet
══════════════════════════════════════════════════════════════════════════════════════════════════════════
  CHECK                                                              MEASURED        LIMIT   VERDICT
  ──────────────────────────────────────────────────────────────────────────────────────────────────────
  The distinct unequal-radius source is constructed                      true         true   PASS
  The source has V5/E6/C12/L4/F4 topology                                true         true   PASS
  The source is a two-hull point-contact bicone                          true         true   PASS
  The source exposes the selected shared apex                            true         true   PASS
  The unequal-radius apex fillet dispatch accepts the selected vertex             true         true   PASS
  The fillet apex is extracted exactly                              0.000e+00      1.0e-12   PASS
  The fillet axis is normalized exactly                             0.000e+00      1.0e-12   PASS
  The lower radius is extracted exactly                             0.000e+00      1.0e-12   PASS
  The upper radius is extracted exactly                             0.000e+00      1.0e-12   PASS
  The lower height is extracted exactly                             0.000e+00      1.0e-12   PASS
  The upper height is extracted exactly                             0.000e+00      1.0e-12   PASS
  The toroidal fillet radius is retained                            0.000e+00      1.0e-12   PASS
  The support radii remain unequal                                       true         true   PASS
  The toroidal dispatch is deterministic                                 true         true   PASS

  ── Analytic unequal-cone toroidal apex fillet
  The toroidal apex fillet reconstructs one solid                        true         true   PASS
  The toroidal result has V6/E9/C18/L5/F5 topology                       true         true   PASS
  The two cones, torus, and caps have outward normals                    true         true   PASS
  The torus and unequal support metadata are exact                       true         true   PASS
  The torus contacts both unequal cone generators tangentially             true         true   PASS
  The volume follows two frusta plus the torus meridian inte        7.005e-02      1.0e-01   PASS
  The separate toroidal reconstruction preserves the source              true         true   PASS

  ── Unequal-radius toroidal apex refusal boundaries
  A non-apex vertex refuses                                              true         true   PASS
  An out-of-range vertex refuses                                         true         true   PASS
  Zero, negative, and non-finite radii refuse                            true         true   PASS
  A consuming toroidal radius refuses                                    true         true   PASS
  An equal-radius bicone remains outside this unequal route              true         true   PASS
  A cylinder remains outside unequal apex filleting                      true         true   PASS
  A malformed source refuses transactionally                             true         true   PASS
  All refusals preserve the source                                       true         true   PASS

  ── Distinct sharp-versus-toroidal-cap proof
> show shading flat
  · shading flat
> view iso
  · view iso  eye (-6.93 -6.93 6.93)  pivot (0.00 0.00 0.00)  distance 12.00  yaw -45.0° pitch 35.3°  persp
> view orbit 205 -12
  · view orbit  eye (3.77 10.36 4.74)  pivot (0.00 0.00 0.00)  distance 12.00  yaw 160.0° pitch 23.3°  persp
> view fit
  · view fit  eye (11.90 32.70 13.96)  pivot (0.00 -0.00 -1.00)  distance 37.88  yaw 160.0° pitch 23.3°  persp
> render Phase38y_UnequalConeApexFillet
  · render /home/user/Slate/_AgentScratch/build/SolidArcProofs/Phase38y_UnequalConeApexFillet.png  1600x900  6150.3 ms  8336 tri  456 seg  0 pts  1560314 frag
  The unequal toroidal apex proof render completes                       true         true   PASS
  The unequal toroidal apex proof PNG is visible                         true         true   PASS

  ──────────────────────────────────────────────────────────────────────────────────────────────────────
  31 checks, 0 failed → ALL PASS


══════════════════════════════════════════════════════════════════════════════════════════════════════════
  SolidArc · bounded equal-radius coaxial bicone apex toroidal fillet
══════════════════════════════════════════════════════════════════════════════════════════════════════════
  CHECK                                                              MEASURED        LIMIT   VERDICT
  ──────────────────────────────────────────────────────────────────────────────────────────────────────
  The distinct equal-radius source is constructed                        true         true   PASS
  The source has V5/E6/C12/L4/F4 topology                                true         true   PASS
  The source is a two-hull point-contact bicone                          true         true   PASS
  The source exposes the selected shared apex                            true         true   PASS
  The equal-radius apex fillet dispatch accepts the selected vertex             true         true   PASS
  The fillet apex is extracted exactly                              0.000e+00      1.0e-12   PASS
  The fillet axis is normalized exactly                             0.000e+00      1.0e-12   PASS
  The lower radius is extracted exactly                             0.000e+00      1.0e-12   PASS
  The upper radius is extracted exactly                             0.000e+00      1.0e-12   PASS
  The lower height is extracted exactly                             0.000e+00      1.0e-12   PASS
  The upper height is extracted exactly                             0.000e+00      1.0e-12   PASS
  The toroidal fillet radius is retained                            0.000e+00      1.0e-12   PASS
  The support radii are exactly equal                                    true         true   PASS
  The toroidal dispatch is deterministic                                 true         true   PASS

  ── Analytic equal-radius bicone toroidal apex fillet
  The toroidal apex fillet reconstructs one solid                        true         true   PASS
  The toroidal result has V6/E9/C18/L5/F5 topology                       true         true   PASS
  The two equal-radius cones, torus, and caps have outward normals             true         true   PASS
  The torus and equal support metadata are exact                         true         true   PASS
  The torus contacts both equal cone generators tangentially             true         true   PASS
  The volume follows two frusta plus the torus meridian inte        5.439e-02      1.0e-01   PASS
  The separate toroidal reconstruction preserves the source              true         true   PASS

  ── Equal-radius toroidal apex refusal boundaries
  A non-apex vertex refuses                                              true         true   PASS
  An out-of-range vertex refuses                                         true         true   PASS
  Zero, negative, and non-finite radii refuse                            true         true   PASS
  A consuming toroidal radius refuses                                    true         true   PASS
  An unequal-radius bicone remains outside this equal route              true         true   PASS
  A cylinder remains outside equal-radius apex filleting                 true         true   PASS
  A malformed source refuses transactionally                             true         true   PASS
  All refusals preserve the source                                       true         true   PASS

  ── Distinct sharp-versus-toroidal-cap proof
> show shading flat
  · shading flat
> view iso
  · view iso  eye (-6.93 -6.93 6.93)  pivot (0.00 0.00 0.00)  distance 12.00  yaw -45.0° pitch 35.3°  persp
> view orbit 205 -12
  · view orbit  eye (3.77 10.36 4.74)  pivot (0.00 0.00 0.00)  distance 12.00  yaw 160.0° pitch 23.3°  persp
> view fit
  · view fit  eye (10.70 29.38 12.69)  pivot (0.00 -0.00 -0.75)  distance 34.04  yaw 160.0° pitch 23.3°  persp
> render Phase38z_EqualRadiusBiconeApexFillet
  · render /home/user/Slate/_AgentScratch/build/SolidArcProofs/Phase38z_EqualRadiusBiconeApexFillet.png  1600x900  6262.2 ms  8328 tri  452 seg  0 pts  1572685 frag
  The equal-radius toroidal apex proof render completes                  true         true   PASS
  The equal-radius toroidal apex proof PNG is visible                    true         true   PASS

  ──────────────────────────────────────────────────────────────────────────────────────────────────────
  31 checks, 0 failed → ALL PASS


══════════════════════════════════════════════════════════════════════════════════════════════════════════
  SolidArc · bounded partial unequal-radius bicone apex chamfer
══════════════════════════════════════════════════════════════════════════════════════════════════════════
  CHECK                                                              MEASURED        LIMIT   VERDICT
  ──────────────────────────────────────────────────────────────────────────────────────────────────────
  The distinct capped partial source is constructed                      true         true   PASS
  The source has V7/E11/C22/L6/F6 topology                               true         true   PASS
  The source is a closed genus-zero partial bicone                       true         true   PASS
  The source exposes the selected apex                                   true         true   PASS
  The partial unequal-apex dispatch accepts the selected vertex             true         true   PASS
  The lower radius is extracted exactly                             8.882e-16      1.0e-12   PASS
  The upper radius is extracted exactly                             8.882e-16      1.0e-12   PASS
  The lower height is extracted exactly                             0.000e+00      1.0e-12   PASS
  The upper height is extracted exactly                             0.000e+00      1.0e-12   PASS
  The native partial sweep is retained                              2.220e-16      1.0e-09   PASS
  The axial set-back is retained                                    0.000e+00      1.0e-12   PASS
  The radii remain unequal                                               true         true   PASS
  The partial dispatch is deterministic and transactional                true         true   PASS

  ── Partial three-frustum and radial-cap reconstruction
  The partial unequal chamfer reconstructs one solid                     true         true   PASS
  The result has V10/E15/C30/L7/F7 topology                              true         true   PASS
  The three cones, two base caps, and two radial caps have outward normals             true         true   PASS
  The partial volume is the exact sector-scaled three-frustu        5.471e-03      1.0e-01   PASS
  The separate partial reconstruction preserves the source               true         true   PASS

  ── Strict partial unequal-apex refusal boundaries
  A non-apex vertex refuses                                              true         true   PASS
  An out-of-range vertex refuses                                         true         true   PASS
  Zero, negative, and non-finite set-backs refuse                        true         true   PASS
  A consuming set-back refuses                                           true         true   PASS
  A complete-turn specification refuses                                  true         true   PASS
  An equal-radius partial bicone remains outside this unequal route             true         true   PASS
  A cylinder remains outside partial unequal-apex dispatch               true         true   PASS
  A malformed partial source refuses transactionally                     true         true   PASS
  All refusal paths preserve the source                                  true         true   PASS

  ── Distinct sharp-versus-sector-chamfer proof
> show shading flat
  · shading flat
> view iso
  · view iso  eye (-6.93 -6.93 6.93)  pivot (0.00 0.00 0.00)  distance 12.00  yaw -45.0° pitch 35.3°  persp
> view orbit 300 -12
  · view orbit  eye (-10.65 2.85 4.74)  pivot (0.00 0.00 0.00)  distance 12.00  yaw 255.0° pitch 23.3°  persp
> view fit
  · view fit  eye (-36.18 12.40 16.08)  pivot (1.74 2.24 -0.80)  distance 42.73  yaw 255.0° pitch 23.3°  persp
> render Phase39a_PartialUnequalBiconeApexChamfer
  · render /home/user/Slate/_AgentScratch/build/SolidArcProofs/Phase39a_PartialUnequalBiconeApexChamfer.png  1600x900  5692.8 ms  2110 tri  152 seg  0 pts  1045684 frag
  The partial unequal-apex proof render completes                        true         true   PASS
  The partial unequal-apex proof PNG is visible                          true         true   PASS

  ──────────────────────────────────────────────────────────────────────────────────────────────────────
  29 checks, 0 failed → ALL PASS


══════════════════════════════════════════════════════════════════════════════════════════════════════════
  SolidArc · bounded partial unequal-radius bicone apex toroidal fillet
══════════════════════════════════════════════════════════════════════════════════════════════════════════
  CHECK                                                              MEASURED        LIMIT   VERDICT
  ──────────────────────────────────────────────────────────────────────────────────────────────────────
  The distinct capped partial source is constructed                      true         true   PASS
  The source has V7/E11/C22/L6/F6 topology                               true         true   PASS
  The source is a closed genus-zero partial bicone                       true         true   PASS
  The source exposes the selected apex                                   true         true   PASS
  The partial unequal-fillet dispatch accepts the selected vertex             true         true   PASS
  The lower radius is extracted exactly                             0.000e+00      1.0e-12   PASS
  The upper radius is extracted exactly                             0.000e+00      1.0e-12   PASS
  The lower height is extracted exactly                             0.000e+00      1.0e-12   PASS
  The upper height is extracted exactly                             0.000e+00      1.0e-12   PASS
  The native partial sweep is retained                              2.220e-16      1.0e-09   PASS
  The fillet radius is retained                                     0.000e+00      1.0e-12   PASS
  The support radii remain unequal                                       true         true   PASS
  The partial-fillet dispatch is transactional                           true         true   PASS

  ── Partial toroidal reconstruction and tangent contacts
  The partial unequal toroidal fillet reconstructs one solid             true         true   PASS
  The result has V10/E15/C30/L7/F7 topology                              true         true   PASS
  The result contains two cones, one torus, and four planes              true         true   PASS
  The cones, torus, base caps, and radial caps have outward normals             true         true   PASS
  The lower and upper tangent contacts are present at both sector ends             true         true   PASS
  The torus metadata matches the tangent solution                        true         true   PASS
  The partial volume is the sector-scaled cone/torus identit        5.286e-03      1.0e-01   PASS
  The separate toroidal reconstruction preserves the source              true         true   PASS

  ── Strict partial unequal-fillet refusal boundaries
  A non-apex vertex refuses                                              true         true   PASS
  An out-of-range vertex refuses                                         true         true   PASS
  Zero, negative, and non-finite radii refuse                            true         true   PASS
  A consuming fillet radius refuses                                      true         true   PASS
  A complete-turn specification refuses                                  true         true   PASS
  An equal-radius partial bicone remains outside this unequal route             true         true   PASS
  A cylinder remains outside partial unequal-apex dispatch               true         true   PASS
  A malformed partial source refuses transactionally                     true         true   PASS
  All refusal paths preserve the source                                  true         true   PASS

  ── Distinct sharp-versus-partial-toroidal proof
> show shading flat
  · shading flat
> view iso
  · view iso  eye (-6.93 -6.93 6.93)  pivot (0.00 0.00 0.00)  distance 12.00  yaw -45.0° pitch 35.3°  persp
> view orbit 300 -12
  · view orbit  eye (-10.65 2.85 4.74)  pivot (0.00 0.00 0.00)  distance 12.00  yaw 255.0° pitch 23.3°  persp
> view fit
  · view fit  eye (-36.08 12.55 15.88)  pivot (2.05 2.33 -1.10)  distance 42.98  yaw 255.0° pitch 23.3°  persp
> render Phase39b_PartialUnequalBiconeApexFillet
  · render /home/user/Slate/_AgentScratch/build/SolidArcProofs/Phase39b_PartialUnequalBiconeApexFillet.png  1600x900  5762.8 ms  2528 tri  146 seg  0 pts  1030804 frag
  The partial unequal-fillet proof render completes                      true         true   PASS
  The partial unequal-fillet proof PNG is visible                        true         true   PASS

  ──────────────────────────────────────────────────────────────────────────────────────────────────────
  32 checks, 0 failed → ALL PASS


══════════════════════════════════════════════════════════════════════════════════════════════════════════
  SolidArc · bounded partial equal-radius bicone apex toroidal fillet
══════════════════════════════════════════════════════════════════════════════════════════════════════════
  CHECK                                                              MEASURED        LIMIT   VERDICT
  ──────────────────────────────────────────────────────────────────────────────────────────────────────
  The distinct capped equal-radius partial source is constructed             true         true   PASS
  The source has V7/E11/C22/L6/F6 topology                               true         true   PASS
  The source is a closed genus-zero equal-radius partial bicone             true         true   PASS
  The source exposes the selected apex                                   true         true   PASS
  The partial equal-fillet dispatch accepts the selected vertex             true         true   PASS
  The equal support radius is extracted exactly                     4.441e-16      1.0e-12   PASS
  The lower height is extracted exactly                             0.000e+00      1.0e-12   PASS
  The upper height is extracted exactly                             0.000e+00      1.0e-12   PASS
  The native partial sweep is retained                              0.000e+00      1.0e-09   PASS
  The fillet radius is retained                                     0.000e+00      1.0e-12   PASS
  The support radii are exactly equal                                    true         true   PASS
  The equal partial dispatch is transactional                            true         true   PASS

  ── Partial equal-radius toroidal reconstruction
  The partial equal toroidal fillet reconstructs one solid               true         true   PASS
  The result has V10/E15/C30/L7/F7 topology                              true         true   PASS
  The result contains two cones, one torus, and four planes              true         true   PASS
  The cones, torus, base caps, and radial caps have outward normals             true         true   PASS
  The tangent contacts are present at both sector ends                   true         true   PASS
  The torus metadata matches the equal tangent solution                  true         true   PASS
  The partial volume is the sector-scaled equal cone/torus i        5.085e-03      1.0e-01   PASS
  The separate equal toroidal reconstruction preserves the source             true         true   PASS

  ── Strict partial equal-fillet refusal boundaries
  A non-apex vertex refuses                                              true         true   PASS
  An out-of-range vertex refuses                                         true         true   PASS
  Zero, negative, and non-finite radii refuse                            true         true   PASS
  A consuming fillet radius refuses                                      true         true   PASS
  A complete-turn specification refuses                                  true         true   PASS
  An unequal-radius partial bicone remains outside this equal route             true         true   PASS
  A cylinder remains outside partial equal-apex dispatch                 true         true   PASS
  A malformed partial source refuses transactionally                     true         true   PASS
  All refusal paths preserve the source                                  true         true   PASS

  ── Distinct sharp-versus-partial-equal-toroidal proof
> show shading flat
  · shading flat
> view iso
  · view iso  eye (-6.93 -6.93 6.93)  pivot (0.00 0.00 0.00)  distance 12.00  yaw -45.0° pitch 35.3°  persp
> view orbit 300 -12
  · view orbit  eye (-10.65 2.85 4.74)  pivot (0.00 0.00 0.00)  distance 12.00  yaw 255.0° pitch 23.3°  persp
> view fit
  · view fit  eye (-35.17 11.74 15.57)  pivot (1.49 1.92 -0.75)  distance 41.31  yaw 255.0° pitch 23.3°  persp
> render Phase39c_PartialEqualBiconeApexFillet
  · render /home/user/Slate/_AgentScratch/build/SolidArcProofs/Phase39c_PartialEqualBiconeApexFillet.png  1600x900  5675.5 ms  2560 tri  162 seg  0 pts  1020247 frag
  The partial equal-fillet proof render completes                        true         true   PASS
  The partial equal-fillet proof PNG is visible                          true         true   PASS

  ──────────────────────────────────────────────────────────────────────────────────────────────────────
  31 checks, 0 failed → ALL PASS


══════════════════════════════════════════════════════════════════════════════════════════════════════════
  SolidArc · bounded partial equal-radius bicone apex chamfer
══════════════════════════════════════════════════════════════════════════════════════════════════════════
  CHECK                                                              MEASURED        LIMIT   VERDICT
  ──────────────────────────────────────────────────────────────────────────────────────────────────────
  The distinct capped equal-radius partial source is constructed             true         true   PASS
  The source has V7/E11/C22/L6/F6 topology                               true         true   PASS
  The source is a closed genus-zero equal-radius partial bicone             true         true   PASS
  The source exposes the selected apex                                   true         true   PASS
  The partial equal-apex dispatch accepts the selected vertex             true         true   PASS
  The equal radius is extracted exactly                             8.882e-16      1.0e-12   PASS
  The source upper radius matches the equal radius                  0.000e+00      1.0e-12   PASS
  The lower height is extracted exactly                             0.000e+00      1.0e-12   PASS
  The upper height is extracted exactly                             0.000e+00      1.0e-12   PASS
  The native partial sweep is retained                              0.000e+00      1.0e-09   PASS
  The axial set-back is retained                                    0.000e+00      1.0e-12   PASS
  The source radii are exactly equal                                     true         true   PASS
  The partial dispatch is deterministic and transactional                true         true   PASS

  ── Partial equal three-frustum and radial-cap reconstruction
  The partial equal chamfer reconstructs one solid                       true         true   PASS
  The result has V10/E15/C30/L7/F7 topology                              true         true   PASS
  The three cones, two base caps, and two radial caps have outward normals             true         true   PASS
  The partial volume is the exact sector-scaled three-frustu        6.507e-03      1.0e-01   PASS
  The separate partial reconstruction preserves the source               true         true   PASS

  ── Strict partial equal-apex refusal boundaries
  A non-apex vertex refuses                                              true         true   PASS
  An out-of-range vertex refuses                                         true         true   PASS
  Zero, negative, and non-finite set-backs refuse                        true         true   PASS
  A consuming set-back refuses                                           true         true   PASS
  A complete-turn specification refuses                                  true         true   PASS
  An unequal-radius partial bicone remains outside this equal route             true         true   PASS
  A cylinder remains outside partial equal-apex dispatch                 true         true   PASS
  A malformed partial source refuses transactionally                     true         true   PASS
  All refusal paths preserve the source                                  true         true   PASS

  ── Distinct sharp-versus-equal-sector-chamfer proof
> show shading flat
  · shading flat
> view iso
  · view iso  eye (-6.93 -6.93 6.93)  pivot (0.00 0.00 0.00)  distance 12.00  yaw -45.0° pitch 35.3°  persp
> view orbit 300 -12
  · view orbit  eye (-10.65 2.85 4.74)  pivot (0.00 0.00 0.00)  distance 12.00  yaw 255.0° pitch 23.3°  persp
> view fit
  · view fit  eye (-35.74 12.03 15.78)  pivot (1.41 2.08 -0.75)  distance 41.86  yaw 255.0° pitch 23.3°  persp
> render Phase39d_PartialEqualBiconeApexChamfer
  · render /home/user/Slate/_AgentScratch/build/SolidArcProofs/Phase39d_PartialEqualBiconeApexChamfer.png  1600x900  5641.5 ms  2138 tri  166 seg  0 pts  1074000 frag
  The partial equal-apex proof render completes                          true         true   PASS
  The partial equal-apex proof PNG is visible                            true         true   PASS

  ──────────────────────────────────────────────────────────────────────────────────────────────────────
  29 checks, 0 failed → ALL PASS


══════════════════════════════════════════════════════════════════════════════════════════════════════════
  SolidArc · bounded equal-radius coaxial bicone apex chamfer
══════════════════════════════════════════════════════════════════════════════════════════════════════════
  CHECK                                                              MEASURED        LIMIT   VERDICT
  ──────────────────────────────────────────────────────────────────────────────────────────────────────
  The distinct shared-apex equal-radius source is constructed             true         true   PASS
  The source has canonical V5/E6/C12/L4/F4 topology                      true         true   PASS
  The source is two closed equal-radius hulls meeting only at the selected apex             true         true   PASS
  The fixture exposes one geometric shared apex                          true         true   PASS
  The equal-radius apex dispatch accepts the selected vertex             true         true   PASS
  The shared apex is extracted exactly                              0.000e+00      1.0e-12   PASS
  The coaxial direction is normalized exactly                       0.000e+00      1.0e-12   PASS
  The equal support radius is extracted exactly                     0.000e+00      1.0e-12   PASS
  The upper rim matches the equal support radius exactly            0.000e+00      1.0e-12   PASS
  The lower support height is extracted exactly                     0.000e+00      1.0e-12   PASS
  The upper support height is extracted exactly                     0.000e+00      1.0e-12   PASS
  The equal apex set-back is retained                               0.000e+00      1.0e-12   PASS
  The two support radii are exactly equal                                true         true   PASS
  Equal-radius apex dispatch is deterministic                            true         true   PASS
  Equal-radius classification leaves the source unchanged                true         true   PASS

  ── Separate three-cone reconstruction with an equal conical apex chamfer
  The equal-radius apex chamfer reconstructs one solid                   true         true   PASS
  The reconstructed chamfer has V6/E9/C18/L5/F5 topology                 true         true   PASS
  The three conical supports and two caps have outward normals             true         true   PASS
  The reconstructed surfaces retain exact equal support and chamfer radii             true         true   PASS
  The bicone chamfer volume follows three exact frusta              4.805e-02      1.0e-01   PASS
  The separate reconstruction remains transactional                      true         true   PASS

  ── Equal-radius route refusal boundaries
  A non-apex source vertex refuses                                       true         true   PASS
  The opposite rim vertex refuses                                        true         true   PASS
  An out-of-range vertex refuses                                         true         true   PASS
  Zero, negative, and non-finite set-backs refuse                        true         true   PASS
  A set-back consuming either equal support refuses                      true         true   PASS
  An unequal-radius bicone remains outside this equal route              true         true   PASS
  A single complete cone remains outside equal bicone dispatch             true         true   PASS
  A cylinder remains outside equal bicone dispatch                       true         true   PASS
  A partial-sector source remains outside this complete-turn route             true         true   PASS
  A malformed equal shared-apex source refuses transactionally             true         true   PASS
  All equal-route refusals leave the source unchanged                    true         true   PASS

  ── Distinct sharp-versus-conical-cap equal-apex proof
> show shading flat
  · shading flat
> view iso
  · view iso  eye (-6.93 -6.93 6.93)  pivot (0.00 0.00 0.00)  distance 12.00  yaw -45.0° pitch 35.3°  persp
> view orbit 205 -12
  · view orbit  eye (3.77 10.36 4.74)  pivot (0.00 0.00 0.00)  distance 12.00  yaw 160.0° pitch 23.3°  persp
> view fit
  · view fit  eye (10.51 28.89 12.77)  pivot (0.00 0.00 -0.45)  distance 33.46  yaw 160.0° pitch 23.3°  persp
> render Phase39e_EqualRadiusBiconeApexChamfer
  · render /home/user/Slate/_AgentScratch/build/SolidArcProofs/Phase39e_EqualRadiusBiconeApexChamfer.png  1600x900  5979.1 ms  4730 tri  445 seg  0 pts  1516401 frag
  The equal-radius apex proof render completes                           true         true   PASS
  The equal-radius apex proof PNG is visible                             true         true   PASS

  ──────────────────────────────────────────────────────────────────────────────────────────────────────
  34 checks, 0 failed → ALL PASS


══════════════════════════════════════════════════════════════════════════════════════════════════════════
  SolidArc · bounded partial unequal-radius bicone unequal-setback chamfer
══════════════════════════════════════════════════════════════════════════════════════════════════════════
  CHECK                                                              MEASURED        LIMIT   VERDICT
  ──────────────────────────────────────────────────────────────────────────────────────────────────────
  The distinct capped partial source is constructed                      true         true   PASS
  The source has V7/E11/C22/L6/F6 topology                               true         true   PASS
  The source is a closed genus-zero partial bicone                       true         true   PASS
  The source exposes the selected apex                                   true         true   PASS
  The partial unequal-setback dispatch accepts the selected vertex             true         true   PASS
  The lower radius is extracted exactly                             0.000e+00      1.0e-12   PASS
  The upper radius is extracted exactly                             4.441e-16      1.0e-12   PASS
  The lower height is extracted exactly                             0.000e+00      1.0e-12   PASS
  The upper height is extracted exactly                             0.000e+00      1.0e-12   PASS
  The native partial sweep is retained                              0.000e+00      1.0e-09   PASS
  The lower set-back is retained independently                      0.000e+00      1.0e-12   PASS
  The upper set-back is retained independently                      0.000e+00      1.0e-12   PASS
  The support radii remain unequal                                       true         true   PASS
  The support set-backs remain unequal                                   true         true   PASS
  The partial unequal-setback dispatch is deterministic and transactional             true         true   PASS

  ── Partial unequal-setback three-frustum and radial-cap reconstruction
  The partial unequal-setback chamfer reconstructs one solid             true         true   PASS
  The result has V10/E15/C30/L7/F7 topology                              true         true   PASS
  The three cones, two base caps, and two radial caps have outward normals             true         true   PASS
  The partial volume is the exact sector-scaled independent-        8.878e-03      1.0e-01   PASS
  The separate partial reconstruction preserves the source               true         true   PASS

  ── Strict partial unequal-setback refusal boundaries
  A non-apex vertex refuses                                              true         true   PASS
  An out-of-range vertex refuses                                         true         true   PASS
  Zero, negative, and non-finite set-backs refuse                        true         true   PASS
  Equal set-backs remain on the single-setback route                     true         true   PASS
  A consuming lower or upper set-back refuses                            true         true   PASS
  A complete-turn specification refuses                                  true         true   PASS
  An equal-radius partial bicone remains outside this unequal route             true         true   PASS
  A cylinder remains outside partial unequal-setback dispatch             true         true   PASS
  A malformed partial source refuses transactionally                     true         true   PASS
  All refusal paths preserve the source                                  true         true   PASS

  ── Distinct sharp-versus-independent-setback chamfer proof
> show shading flat
  · shading flat
> view iso
  · view iso  eye (-6.93 -6.93 6.93)  pivot (0.00 0.00 0.00)  distance 12.00  yaw -45.0° pitch 35.3°  persp
> view orbit 300 -12
  · view orbit  eye (-10.65 2.85 4.74)  pivot (0.00 0.00 0.00)  distance 12.00  yaw 255.0° pitch 23.3°  persp
> view fit
  · view fit  eye (-38.03 13.29 16.43)  pivot (1.58 2.68 -1.20)  distance 44.63  yaw 255.0° pitch 23.3°  persp
> render Phase39f_PartialUnequalBiconeUnequalSetbackChamfer
  · render /home/user/Slate/_AgentScratch/build/SolidArcProofs/Phase39f_PartialUnequalBiconeUnequalSetbackChamfer.png  1600x900  5785.9 ms  2138 tri  166 seg  0 pts  1081994 frag
  The partial unequal-setback apex proof render completes                true         true   PASS
  The partial unequal-setback apex proof PNG is visible                  true         true   PASS

  ──────────────────────────────────────────────────────────────────────────────────────────────────────
  32 checks, 0 failed → ALL PASS


══════════════════════════════════════════════════════════════════════════════════════════════════════════
  SolidArc · bounded partial equal-radius bicone unequal-setback chamfer
══════════════════════════════════════════════════════════════════════════════════════════════════════════
  CHECK                                                              MEASURED        LIMIT   VERDICT
  ──────────────────────────────────────────────────────────────────────────────────────────────────────
  The distinct capped partial source is constructed                      true         true   PASS
  The source has V7/E11/C22/L6/F6 topology                               true         true   PASS
  The source is a closed genus-zero partial bicone                       true         true   PASS
  The source exposes the selected apex                                   true         true   PASS
  The partial independent-setback dispatch accepts the selected vertex             true         true   PASS
  The equal radius is extracted exactly                             1.332e-15      1.0e-12   PASS
  The source upper radius matches the equal radius                  0.000e+00      1.0e-12   PASS
  The lower height is extracted exactly                             0.000e+00      1.0e-12   PASS
  The upper height is extracted exactly                             0.000e+00      1.0e-12   PASS
  The native partial sweep is retained                              4.441e-16      1.0e-09   PASS
  The lower set-back is retained independently                      0.000e+00      1.0e-12   PASS
  The upper set-back is retained independently                      0.000e+00      1.0e-12   PASS
  The support radii remain equal                                         true         true   PASS
  The support set-backs remain unequal                                   true         true   PASS
  The partial independent-setback dispatch is deterministic and transactional             true         true   PASS

  ── Partial unequal-setback three-frustum and radial-cap reconstruction
  The partial independent-setback chamfer reconstructs one solid             true         true   PASS
  The result has V10/E15/C30/L7/F7 topology                              true         true   PASS
  The three cones, two base caps, and two radial caps have outward normals             true         true   PASS
  The partial volume is the exact sector-scaled independent-        8.476e-03      1.0e-01   PASS
  The separate partial reconstruction preserves the source               true         true   PASS

  ── Strict partial independent-setback refusal boundaries
  A non-apex vertex refuses                                              true         true   PASS
  An out-of-range vertex refuses                                         true         true   PASS
  Zero, negative, and non-finite set-backs refuse                        true         true   PASS
  Equal set-backs remain on the single-setback route                     true         true   PASS
  A consuming lower or upper set-back refuses                            true         true   PASS
  A complete-turn specification refuses                                  true         true   PASS
  An unequal-radius partial bicone remains outside this equal route             true         true   PASS
  A cylinder remains outside partial independent-setback dispatch             true         true   PASS
  A malformed partial source refuses transactionally                     true         true   PASS
  All refusal paths preserve the source                                  true         true   PASS

  ── Distinct sharp-versus-independent-setback chamfer proof
> show shading flat
  · shading flat
> view iso
  · view iso  eye (-6.93 -6.93 6.93)  pivot (0.00 0.00 0.00)  distance 12.00  yaw -45.0° pitch 35.3°  persp
> view orbit 300 -12
  · view orbit  eye (-10.65 2.85 4.74)  pivot (0.00 0.00 0.00)  distance 12.00  yaw 255.0° pitch 23.3°  persp
> view fit
  · view fit  eye (-37.14 12.34 16.21)  pivot (1.07 2.11 -0.80)  distance 43.06  yaw 255.0° pitch 23.3°  persp
> render Phase39g_PartialEqualBiconeUnequalSetbackChamfer
  · render /home/user/Slate/_AgentScratch/build/SolidArcProofs/Phase39g_PartialEqualBiconeUnequalSetbackChamfer.png  1600x900  5845.5 ms  2154 tri  174 seg  0 pts  1044367 frag
  The partial independent-setback proof render completes                 true         true   PASS
  The partial independent-setback proof PNG is visible                   true         true   PASS

  ──────────────────────────────────────────────────────────────────────────────────────────────────────
  32 checks, 0 failed → ALL PASS


══════════════════════════════════════════════════════════════════════════════════════════════════════════
  SolidArc · bounded full-turn equal-radius bicone chamfer with independent set-backs
══════════════════════════════════════════════════════════════════════════════════════════════════════════
  CHECK                                                              MEASURED        LIMIT   VERDICT
  ──────────────────────────────────────────────────────────────────────────────────────────────────────
  The distinct equal-radius independent-setback source is constructed             true         true   PASS
  The source retains V5/E6/C12/L4/F4 topology                            true         true   PASS
  The source is the two-hull equal-radius point-contact bicone             true         true   PASS
  The source exposes the shared apex at the origin                       true         true   PASS
  The equal-radius independent-setback apex dispatch accepts the selected vertex             true         true   PASS
  The equal support radius is extracted exactly                     4.441e-16      1.0e-12   PASS
  The fixture's two support radii agree exactly                     0.000e+00      1.0e-12   PASS
  The support radii remain equal                                         true         true   PASS
  The lower height is extracted exactly                             0.000e+00      1.0e-12   PASS
  The upper height is extracted exactly                             0.000e+00      1.0e-12   PASS
  The lower set-back is retained independently                      0.000e+00      1.0e-12   PASS
  The upper set-back is retained independently                      0.000e+00      1.0e-12   PASS
  The support set-backs are strictly unequal                             true         true   PASS
  The equal-radius independent-setback classification is transactional             true         true   PASS
  The equal-radius independent-setback dispatch is deterministic             true         true   PASS

  ── Independent lower and upper contact-ring reconstruction
  The equal-radius independent-setback reconstruction is a solid             true         true   PASS
  The result has V6/E9/C18/L5/F5 topology                                true         true   PASS
  The three cones and two caps have outward normals                      true         true   PASS
  The independent contact and support radii are exact                    true         true   PASS
  The volume follows the exact three-frustum identity               6.034e-02      1.0e-01   PASS
  The separate reconstruction leaves the source unchanged                true         true   PASS

  ── Equal-radius independent-setback refusal boundaries
  A non-apex vertex refuses                                              true         true   PASS
  An out-of-range vertex refuses                                         true         true   PASS
  Equal set-backs remain on the Phase 39e route                          true         true   PASS
  Zero, negative, and non-finite set-backs refuse                        true         true   PASS
  A consuming lower or upper set-back refuses                            true         true   PASS
  An unequal-radius source remains outside the equal route               true         true   PASS
  A strict partial sector remains outside the full-turn route             true         true   PASS
  The half-turn refusal fixture is constructed                           true         true   PASS
  A half-turn sector remains outside the full-turn route                 true         true   PASS
  A reflex sector remains outside the full-turn route                    true         true   PASS
  A cylinder remains outside independent-setback dispatch                true         true   PASS
  A malformed source refuses transactionally                             true         true   PASS
  All refusal paths preserve the source                                  true         true   PASS

  ── Distinct sharp-versus-independent-setback proof
> show shading flat
  · shading flat
> view iso
  · view iso  eye (-6.93 -6.93 6.93)  pivot (0.00 0.00 0.00)  distance 12.00  yaw -45.0° pitch 35.3°  persp
> view orbit 205 -12
  · view orbit  eye (3.77 10.36 4.74)  pivot (0.00 0.00 0.00)  distance 12.00  yaw 160.0° pitch 23.3°  persp
> view fit
  · view fit  eye (10.94 30.07 13.01)  pivot (0.00 0.00 -0.75)  distance 34.83  yaw 160.0° pitch 23.3°  persp
> render Phase39h_EqualRadiusBiconeUnequalSetbackChamfer
  · render /home/user/Slate/_AgentScratch/build/SolidArcProofs/Phase39h_EqualRadiusBiconeUnequalSetbackChamfer.png  1600x900  6109.0 ms  4786 tri  473 seg  0 pts  1605943 frag
  The equal-radius independent-setback proof render completes             true         true   PASS
  The equal-radius independent-setback proof PNG is visible              true         true   PASS

  ──────────────────────────────────────────────────────────────────────────────────────────────────────
  36 checks, 0 failed → ALL PASS


══════════════════════════════════════════════════════════════════════════════════════════════════════════
  SolidArc · bounded half-turn equal-radius bicone chamfer with independent set-backs
══════════════════════════════════════════════════════════════════════════════════════════════════════════
  CHECK                                                              MEASURED        LIMIT   VERDICT
  ──────────────────────────────────────────────────────────────────────────────────────────────────────
  The distinct half-turn equal-radius independent-setback source is constructed             true         true   PASS
  The source retains V7/E11/C22/L6/F6 topology                           true         true   PASS
  The source is a closed genus-zero half-turn equal-radius bicone             true         true   PASS
  The source exposes the shared apex at the origin                       true         true   PASS
  The half-turn equal-radius independent-setback apex dispatch accepts the selected vertex             true         true   PASS
  The equal support radius is extracted exactly                     4.441e-16      1.0e-12   PASS
  The fixture's two support radii agree exactly                     0.000e+00      1.0e-12   PASS
  The support radii remain equal                                         true         true   PASS
  The lower height is extracted exactly                             0.000e+00      1.0e-12   PASS
  The upper height is extracted exactly                             0.000e+00      1.0e-12   PASS
  The half-turn sweep is extracted exactly                          0.000e+00      1.0e-12   PASS
  The lower set-back is retained independently                      0.000e+00      1.0e-12   PASS
  The upper set-back is retained independently                      0.000e+00      1.0e-12   PASS
  The support set-backs are strictly unequal                             true         true   PASS
  The half-turn equal-radius independent-setback classification is transactional             true         true   PASS
  The half-turn equal-radius independent-setback dispatch is deterministic             true         true   PASS

  ── Half-turn independent lower and upper contact-ring reconstruction
  The half-turn equal-radius independent-setback reconstruction is a solid             true         true   PASS
  The result has V10/E15/C30/L7/F7 topology                              true         true   PASS
  The three cones, two axial caps, and two radial caps have outward normals             true         true   PASS
  The independent contact and support radii are exact                    true         true   PASS
  The volume follows the exact three-frustum identity               3.017e-02      1.0e-01   PASS
  The separate reconstruction leaves the source unchanged                true         true   PASS

  ── Half-turn equal-radius independent-setback refusal boundaries
  A non-apex vertex refuses                                              true         true   PASS
  An out-of-range vertex refuses                                         true         true   PASS
  Equal set-backs remain on the Phase 39h full-turn route                true         true   PASS
  Zero, negative, and non-finite set-backs refuse                        true         true   PASS
  A consuming lower or upper set-back refuses                            true         true   PASS
  An unequal-radius source remains outside the half-turn equal route             true         true   PASS
  A complete-turn source remains outside the half-turn route             true         true   PASS
  A strict non-half partial sector remains outside the half-turn route             true         true   PASS
  A reflex sector remains outside the half-turn route                    true         true   PASS
  A cylinder remains outside half-turn independent-setback dispatch             true         true   PASS
  A freeform sphere remains outside half-turn bicone dispatch             true         true   PASS
  A malformed source refuses transactionally                             true         true   PASS
  All refusal paths preserve the source                                  true         true   PASS

  ── Distinct sharp-versus-half-turn-independent-setback proof
> show shading flat
  · shading flat
> view iso
  · view iso  eye (-6.93 -6.93 6.93)  pivot (0.00 0.00 0.00)  distance 12.00  yaw -45.0° pitch 35.3°  persp
> view orbit 205 -12
  · view orbit  eye (3.77 10.36 4.74)  pivot (0.00 0.00 0.00)  distance 12.00  yaw 160.0° pitch 23.3°  persp
> view fit
  · view fit  eye (9.77 28.65 11.54)  pivot (0.00 1.80 -0.75)  distance 31.11  yaw 160.0° pitch 23.3°  persp
> render Phase39i_HalfTurnEqualRadiusBiconeUnequalSetbackChamfer
  · render /home/user/Slate/_AgentScratch/build/SolidArcProofs/Phase39i_HalfTurnEqualRadiusBiconeUnequalSetbackChamfer.png  1600x900  5966.4 ms  2438 tri  252 seg  0 pts  1573671 frag
  The half-turn equal-radius independent-setback proof render completes             true         true   PASS
  The half-turn equal-radius independent-setback proof PNG is visible             true         true   PASS

  ──────────────────────────────────────────────────────────────────────────────────────────────────────
  37 checks, 0 failed → ALL PASS


══════════════════════════════════════════════════════════════════════════════════════════════════════════
  SolidArc · bounded half-turn unequal-radius bicone chamfer with independent set-backs
══════════════════════════════════════════════════════════════════════════════════════════════════════════
  CHECK                                                              MEASURED        LIMIT   VERDICT
  ──────────────────────────────────────────────────────────────────────────────────────────────────────
  The distinct half-turn unequal-radius independent-setback source is constructed             true         true   PASS
  The source retains V7/E11/C22/L6/F6 topology                           true         true   PASS
  The source is a closed genus-zero half-turn unequal-radius bicone             true         true   PASS
  The source exposes the shared apex at the origin                       true         true   PASS
  The half-turn unequal-radius independent-setback apex dispatch accepts the selected vertex             true         true   PASS
  The lower support radius is extracted exactly                     0.000e+00      1.0e-12   PASS
  The upper support radius is extracted exactly                     0.000e+00      1.0e-12   PASS
  The support radii remain unequal                                       true         true   PASS
  The lower height is extracted exactly                             0.000e+00      1.0e-12   PASS
  The upper height is extracted exactly                             0.000e+00      1.0e-12   PASS
  The half-turn sweep is extracted exactly                          0.000e+00      1.0e-12   PASS
  The lower set-back is retained independently                      0.000e+00      1.0e-12   PASS
  The upper set-back is retained independently                      0.000e+00      1.0e-12   PASS
  The support set-backs are strictly unequal                             true         true   PASS
  The half-turn unequal-radius independent-setback classification is transactional             true         true   PASS
  The half-turn unequal-radius independent-setback dispatch is deterministic             true         true   PASS

  ── Half-turn independent lower and upper contact-ring reconstruction
  The half-turn unequal-radius independent-setback reconstruction is a solid             true         true   PASS
  The result has V10/E15/C30/L7/F7 topology                              true         true   PASS
  The three cones, two axial caps, and two radial caps have outward normals             true         true   PASS
  The independent contact and support radii are exact                    true         true   PASS
  The volume follows the exact three-frustum identity               3.912e-02      1.0e-01   PASS
  The separate reconstruction leaves the source unchanged                true         true   PASS

  ── Half-turn unequal-radius independent-setback refusal boundaries
  A non-apex vertex refuses                                              true         true   PASS
  An out-of-range vertex refuses                                         true         true   PASS
  Equal set-backs remain on the existing equal-setback routes             true         true   PASS
  Zero, negative, and non-finite set-backs refuse                        true         true   PASS
  A consuming lower or upper set-back refuses                            true         true   PASS
  An equal-radius source remains outside the half-turn unequal route             true         true   PASS
  A complete-turn source remains outside the half-turn route             true         true   PASS
  A strict non-half partial sector remains outside the half-turn route             true         true   PASS
  A reflex sector remains outside the half-turn route                    true         true   PASS
  A cylinder remains outside half-turn independent-setback dispatch             true         true   PASS
  A freeform sphere remains outside half-turn bicone dispatch             true         true   PASS
  A malformed source refuses transactionally                             true         true   PASS
  All refusal paths preserve the source                                  true         true   PASS

  ── Distinct sharp-versus-half-turn-independent-setback proof
> show shading flat
  · shading flat
> view iso
  · view iso  eye (-6.93 -6.93 6.93)  pivot (0.00 0.00 0.00)  distance 12.00  yaw -45.0° pitch 35.3°  persp
> view orbit 205 -12
  · view orbit  eye (3.77 10.36 4.74)  pivot (0.00 0.00 0.00)  distance 12.00  yaw 160.0° pitch 23.3°  persp
> view fit
  · view fit  eye (10.63 31.62 12.17)  pivot (0.00 2.40 -1.20)  distance 33.85  yaw 160.0° pitch 23.3°  persp
> render Phase39j_HalfTurnUnequalRadiusBiconeUnequalSetbackChamfer
  · render /home/user/Slate/_AgentScratch/build/SolidArcProofs/Phase39j_HalfTurnUnequalRadiusBiconeUnequalSetbackChamfer.png  1600x900  5907.9 ms  2450 tri  258 seg  0 pts  1671884 frag
  The half-turn unequal-radius independent-setback proof render completes             true         true   PASS
  The half-turn unequal-radius independent-setback proof PNG is visible             true         true   PASS

  ──────────────────────────────────────────────────────────────────────────────────────────────────────
  37 checks, 0 failed → ALL PASS


══════════════════════════════════════════════════════════════════════════════════════════════════════════
  SolidArc · bounded half-turn equal-radius bicone apex toroidal fillet
══════════════════════════════════════════════════════════════════════════════════════════════════════════
  CHECK                                                              MEASURED        LIMIT   VERDICT
  ──────────────────────────────────────────────────────────────────────────────────────────────────────
  The distinct capped equal-radius half-turn source is constructed             true         true   PASS
  The source has V7/E11/C22/L6/F6 topology                               true         true   PASS
  The source is a closed genus-zero equal-radius half-turn bicone             true         true   PASS
  The source exposes the selected apex                                   true         true   PASS
  The half-turn equal-fillet dispatch accepts the selected vertex             true         true   PASS
  The equal support radius is extracted exactly                     4.441e-16      1.0e-12   PASS
  The lower height is extracted exactly                             0.000e+00      1.0e-12   PASS
  The upper height is extracted exactly                             0.000e+00      1.0e-12   PASS
  The exact half-turn sweep is retained                             0.000e+00      1.0e-09   PASS
  The fillet radius is retained                                     0.000e+00      1.0e-12   PASS
  The support radii are exactly equal                                    true         true   PASS
  The equal half-turn dispatch is transactional                          true         true   PASS

  ── Half-turn equal-radius toroidal reconstruction
  The half-turn equal toroidal fillet reconstructs one solid             true         true   PASS
  The result has V10/E15/C30/L7/F7 topology                              true         true   PASS
  The result contains two cones, one torus, and four planes              true         true   PASS
  The cones, torus, base caps, and radial caps have outward normals             true         true   PASS
  The tangent contacts are present at both sector ends                   true         true   PASS
  The torus metadata matches the equal tangent solution                  true         true   PASS
  The half-turn volume is the sector-scaled equal cone/torus        2.988e-02      1.0e-01   PASS
  The separate half-turn equal toroidal reconstruction preserves the source             true         true   PASS

  ── Strict half-turn equal-fillet refusal boundaries
  A non-apex vertex refuses                                              true         true   PASS
  An out-of-range vertex refuses                                         true         true   PASS
  Zero, negative, and non-finite radii refuse                            true         true   PASS
  A consuming fillet radius refuses                                      true         true   PASS
  A complete-turn specification refuses                                  true         true   PASS
  A strict non-half partial sector remains outside the half-turn route             true         true   PASS
  A reflex sector remains outside the half-turn route                    true         true   PASS
  An unequal-radius half-turn bicone remains outside this equal route             true         true   PASS
  A cylinder remains outside half-turn equal-apex dispatch               true         true   PASS
  A malformed half-turn source refuses transactionally                   true         true   PASS
  All refusal paths preserve the source                                  true         true   PASS

  ── Distinct sharp-versus-half-turn-equal-toroidal proof
> show shading flat
  · shading flat
> view iso
  · view iso  eye (-6.93 -6.93 6.93)  pivot (0.00 0.00 0.00)  distance 12.00  yaw -45.0° pitch 35.3°  persp
> view orbit 300 -12
  · view orbit  eye (-10.65 2.85 4.74)  pivot (0.00 0.00 0.00)  distance 12.00  yaw 255.0° pitch 23.3°  persp
> view fit
  · view fit  eye (-39.84 12.48 16.98)  pivot (0.00 1.80 -0.75)  distance 44.90  yaw 255.0° pitch 23.3°  persp
> render Phase39k_HalfTurnEqualRadiusBiconeApexFillet
  · render /home/user/Slate/_AgentScratch/build/SolidArcProofs/Phase39k_HalfTurnEqualRadiusBiconeApexFillet.png  1600x900  5718.4 ms  4276 tri  252 seg  0 pts  1138034 frag
  The half-turn equal-fillet proof render completes                      true         true   PASS
  The half-turn equal-fillet proof PNG is visible                        true         true   PASS

  ──────────────────────────────────────────────────────────────────────────────────────────────────────
  33 checks, 0 failed → ALL PASS


══════════════════════════════════════════════════════════════════════════════════════════════════════════
  SolidArc · bounded half-turn unequal-radius bicone apex toroidal fillet
══════════════════════════════════════════════════════════════════════════════════════════════════════════
  CHECK                                                              MEASURED        LIMIT   VERDICT
  ──────────────────────────────────────────────────────────────────────────────────────────────────────
  The distinct capped half-turn source is constructed                    true         true   PASS
  The source has V7/E11/C22/L6/F6 topology                               true         true   PASS
  The source is a closed genus-zero half-turn bicone                     true         true   PASS
  The source exposes the selected apex                                   true         true   PASS
  The half-turn unequal-fillet dispatch accepts the selected vertex             true         true   PASS
  The lower radius is extracted exactly                             0.000e+00      1.0e-12   PASS
  The upper radius is extracted exactly                             4.441e-16      1.0e-12   PASS
  The lower height is extracted exactly                             0.000e+00      1.0e-12   PASS
  The upper height is extracted exactly                             0.000e+00      1.0e-12   PASS
  The exact half-turn sweep is retained                             0.000e+00      1.0e-09   PASS
  The fillet radius is retained                                     0.000e+00      1.0e-12   PASS
  The support radii remain unequal                                       true         true   PASS
  The half-turn unequal-fillet dispatch is transactional                 true         true   PASS

  ── Half-turn toroidal reconstruction and tangent contacts
  The half-turn unequal toroidal fillet reconstructs one solid             true         true   PASS
  The result has V10/E15/C30/L7/F7 topology                              true         true   PASS
  The result contains two cones, one torus, and four planes              true         true   PASS
  The cones, torus, base caps, and radial caps have outward normals             true         true   PASS
  The lower and upper tangent contacts are present at both sector ends             true         true   PASS
  The torus metadata matches the tangent solution                        true         true   PASS
  The half-turn volume is the sector-scaled cone/torus ident        3.622e-02      1.0e-01   PASS
  The separate toroidal reconstruction preserves the source              true         true   PASS

  ── Strict half-turn unequal-fillet refusal boundaries
  A non-apex vertex refuses                                              true         true   PASS
  An out-of-range vertex refuses                                         true         true   PASS
  Zero, negative, and non-finite radii refuse                            true         true   PASS
  A consuming fillet radius refuses                                      true         true   PASS
  A complete-turn specification refuses                                  true         true   PASS
  A strict non-half partial sector remains outside the half-turn route             true         true   PASS
  A reflex sector remains outside the half-turn route                    true         true   PASS
  An equal-radius half-turn bicone remains outside this unequal route             true         true   PASS
  A cylinder remains outside half-turn unequal-apex dispatch             true         true   PASS
  A malformed half-turn source refuses transactionally                   true         true   PASS
  All refusal paths preserve the source                                  true         true   PASS

  ── Distinct sharp-versus-half-turn-toroidal proof
> show shading flat
  · shading flat
> view iso
  · view iso  eye (-6.93 -6.93 6.93)  pivot (0.00 0.00 0.00)  distance 12.00  yaw -45.0° pitch 35.3°  persp
> view orbit 300 -12
  · view orbit  eye (-10.65 2.85 4.74)  pivot (0.00 0.00 0.00)  distance 12.00  yaw 255.0° pitch 23.3°  persp
> view fit
  · view fit  eye (-42.57 13.66 17.85)  pivot (0.00 2.25 -1.10)  distance 47.97  yaw 255.0° pitch 23.3°  persp
> render Phase39l_HalfTurnUnequalRadiusBiconeApexFillet
  · render /home/user/Slate/_AgentScratch/build/SolidArcProofs/Phase39l_HalfTurnUnequalRadiusBiconeApexFillet.png  1600x900  5899.7 ms  4268 tri  248 seg  0 pts  1176601 frag
  The half-turn unequal-fillet proof render completes                    true         true   PASS
  The half-turn unequal-fillet proof PNG is visible                      true         true   PASS

  ──────────────────────────────────────────────────────────────────────────────────────────────────────
  34 checks, 0 failed → ALL PASS


══════════════════════════════════════════════════════════════════════════════════════════════════════════
  SolidArc · bounded half-turn equal-radius bicone apex chamfer
══════════════════════════════════════════════════════════════════════════════════════════════════════════
  CHECK                                                              MEASURED        LIMIT   VERDICT
  ──────────────────────────────────────────────────────────────────────────────────────────────────────
  The distinct capped equal-radius half-turn source is constructed             true         true   PASS
  The source has V7/E11/C22/L6/F6 topology                               true         true   PASS
  The source is a closed genus-zero equal-radius half-turn bicone             true         true   PASS
  The source exposes the selected apex                                   true         true   PASS
  The half-turn equal-apex dispatch accepts the selected vertex             true         true   PASS
  The equal radius is extracted exactly                             4.441e-16      1.0e-12   PASS
  The source upper radius matches the equal radius                  0.000e+00      1.0e-12   PASS
  The lower height is extracted exactly                             0.000e+00      1.0e-12   PASS
  The upper height is extracted exactly                             0.000e+00      1.0e-12   PASS
  The exact half-turn sweep is retained                             0.000e+00      1.0e-09   PASS
  The axial set-back is retained                                    0.000e+00      1.0e-12   PASS
  The source radii are exactly equal                                     true         true   PASS
  The half-turn dispatch is deterministic and transactional              true         true   PASS

  ── Partial equal three-frustum and radial-cap reconstruction
  The half-turn equal chamfer reconstructs one solid                     true         true   PASS
  The result has V10/E15/C30/L7/F7 topology                              true         true   PASS
  The three cones, two base caps, and two radial caps have outward normals             true         true   PASS
  The half-turn volume is the exact sector-scaled three-frus        3.297e-02      1.0e-01   PASS
  The separate half-turn reconstruction preserves the source             true         true   PASS

  ── Strict half-turn equal-apex refusal boundaries
  A non-apex vertex refuses                                              true         true   PASS
  An out-of-range vertex refuses                                         true         true   PASS
  Zero, negative, and non-finite set-backs refuse                        true         true   PASS
  A consuming set-back refuses                                           true         true   PASS
  A complete-turn specification refuses                                  true         true   PASS
  A strict non-half partial sector remains outside the half-turn route             true         true   PASS
  A reflex sector remains outside the half-turn route                    true         true   PASS
  An unequal-radius half-turn bicone remains outside this equal route             true         true   PASS
  A cylinder remains outside half-turn equal-apex dispatch               true         true   PASS
  A malformed half-turn source refuses transactionally                   true         true   PASS
  All refusal paths preserve the source                                  true         true   PASS

  ── Distinct sharp-versus-equal-sector-chamfer proof
> show shading flat
  · shading flat
> view iso
  · view iso  eye (-6.93 -6.93 6.93)  pivot (0.00 0.00 0.00)  distance 12.00  yaw -45.0° pitch 35.3°  persp
> view orbit 300 -12
  · view orbit  eye (-10.65 2.85 4.74)  pivot (0.00 0.00 0.00)  distance 12.00  yaw 255.0° pitch 23.3°  persp
> view fit
  · view fit  eye (-40.12 12.65 17.11)  pivot (0.00 1.90 -0.75)  distance 45.22  yaw 255.0° pitch 23.3°  persp
> render Phase39m_HalfTurnEqualRadiusBiconeApexChamfer
  · render /home/user/Slate/_AgentScratch/build/SolidArcProofs/Phase39m_HalfTurnEqualRadiusBiconeApexChamfer.png  1600x900  5782.6 ms  2458 tri  262 seg  0 pts  1188623 frag
  The half-turn equal-apex proof render completes                        true         true   PASS
  The half-turn equal-apex proof PNG is visible                          true         true   PASS

  ──────────────────────────────────────────────────────────────────────────────────────────────────────
  31 checks, 0 failed → ALL PASS


══════════════════════════════════════════════════════════════════════════════════════════════════════════
  SolidArc · bounded half-turn unequal-radius bicone apex chamfer
══════════════════════════════════════════════════════════════════════════════════════════════════════════
  CHECK                                                              MEASURED        LIMIT   VERDICT
  ──────────────────────────────────────────────────────────────────────────────────────────────────────
  The distinct capped half-turn source is constructed                    true         true   PASS
  The source has V7/E11/C22/L6/F6 topology                               true         true   PASS
  The source is a closed genus-zero half-turn bicone                     true         true   PASS
  The source exposes the selected apex                                   true         true   PASS
  The half-turn unequal-apex dispatch accepts the selected vertex             true         true   PASS
  The lower radius is extracted exactly                             0.000e+00      1.0e-12   PASS
  The upper radius is extracted exactly                             8.882e-16      1.0e-12   PASS
  The lower height is extracted exactly                             0.000e+00      1.0e-12   PASS
  The upper height is extracted exactly                             0.000e+00      1.0e-12   PASS
  The exact half-turn sweep is retained                             0.000e+00      1.0e-09   PASS
  The axial set-back is retained                                    0.000e+00      1.0e-12   PASS
  The radii remain unequal                                               true         true   PASS
  The half-turn dispatch is deterministic and transactional              true         true   PASS

  ── Half-turn three-frustum and radial-cap reconstruction
  The half-turn unequal chamfer reconstructs one solid                   true         true   PASS
  The result has V10/E15/C30/L7/F7 topology                              true         true   PASS
  The three cones, two base caps, and two radial caps have outward normals             true         true   PASS
  The half-turn volume is the exact sector-scaled three-frus        3.209e-02      1.0e-01   PASS
  The separate half-turn reconstruction preserves the source             true         true   PASS

  ── Strict half-turn unequal-apex refusal boundaries
  A non-apex vertex refuses                                              true         true   PASS
  An out-of-range vertex refuses                                         true         true   PASS
  Zero, negative, and non-finite set-backs refuse                        true         true   PASS
  A consuming set-back refuses                                           true         true   PASS
  A complete-turn specification refuses                                  true         true   PASS
  A strict non-half partial sector remains outside the half-turn route             true         true   PASS
  A reflex sector remains outside the half-turn route                    true         true   PASS
  An equal-radius partial bicone remains outside this unequal route             true         true   PASS
  A cylinder remains outside half-turn unequal-apex dispatch             true         true   PASS
  A malformed half-turn source refuses transactionally                   true         true   PASS
  All refusal paths preserve the source                                  true         true   PASS

  ── Distinct sharp-versus-sector-chamfer proof
> show shading flat
  · shading flat
> view iso
  · view iso  eye (-6.93 -6.93 6.93)  pivot (0.00 0.00 0.00)  distance 12.00  yaw -45.0° pitch 35.3°  persp
> view orbit 300 -12
  · view orbit  eye (-10.65 2.85 4.74)  pivot (0.00 0.00 0.00)  distance 12.00  yaw 255.0° pitch 23.3°  persp
> view fit
  · view fit  eye (-41.63 13.25 17.73)  pivot (0.00 2.10 -0.80)  distance 46.91  yaw 255.0° pitch 23.3°  persp
> render Phase39n_HalfTurnUnequalRadiusBiconeApexChamfer
  · render /home/user/Slate/_AgentScratch/build/SolidArcProofs/Phase39n_HalfTurnUnequalRadiusBiconeApexChamfer.png  1600x900  5623.1 ms  2430 tri  248 seg  0 pts  1172548 frag
  The half-turn unequal-apex proof render completes                      true         true   PASS
  The half-turn unequal-apex proof PNG is visible                        true         true   PASS

  ──────────────────────────────────────────────────────────────────────────────────────────────────────
  31 checks, 0 failed → ALL PASS


══════════════════════════════════════════════════════════════════════════════════════════════════════════
  SolidArc · bounded reflex unequal-radius bicone apex chamfer
══════════════════════════════════════════════════════════════════════════════════════════════════════════
  CHECK                                                              MEASURED        LIMIT   VERDICT
  ──────────────────────────────────────────────────────────────────────────────────────────────────────
  The distinct capped reflex source is constructed                       true         true   PASS
  The source has V7/E11/C22/L6/F6 topology                               true         true   PASS
  The source is a closed genus-zero reflex bicone                        true         true   PASS
  The source exposes the selected apex                                   true         true   PASS
  The reflex unequal-apex dispatch accepts the selected vertex             true         true   PASS
  The lower radius is extracted exactly                             0.000e+00      1.0e-12   PASS
  The upper radius is extracted exactly                             4.441e-16      1.0e-12   PASS
  The lower height is extracted exactly                             0.000e+00      1.0e-12   PASS
  The upper height is extracted exactly                             0.000e+00      1.0e-12   PASS
  The exact reflex sweep is retained                                0.000e+00      1.0e-09   PASS
  The axial set-back is retained                                    0.000e+00      1.0e-12   PASS
  The radii remain unequal                                               true         true   PASS
  The reflex dispatch is deterministic and transactional                 true         true   PASS

  ── Reflex three-frustum and radial-cap reconstruction
  The reflex unequal chamfer reconstructs one solid                      true         true   PASS
  The result has V10/E15/C30/L7/F7 topology                              true         true   PASS
  The three cones, two base caps, and two radial caps have outward normals             true         true   PASS
  The reflex volume is the exact sector-scaled three-frustum        3.895e-02      1.0e-01   PASS
  The separate reflex reconstruction preserves the source                true         true   PASS

  ── Strict reflex unequal-apex refusal boundaries
  A non-apex vertex refuses                                              true         true   PASS
  An out-of-range vertex refuses                                         true         true   PASS
  Zero, negative, and non-finite set-backs refuse                        true         true   PASS
  A consuming set-back refuses                                           true         true   PASS
  A complete-turn specification refuses                                  true         true   PASS
  A strict non-half partial sector remains outside the reflex route             true         true   PASS
  An exact half-turn sector remains outside the reflex route             true         true   PASS
  A non-canonical reflex sector remains outside the reflex route             true         true   PASS
  An equal-radius partial bicone remains outside this unequal route             true         true   PASS
  A cylinder remains outside reflex unequal-apex dispatch                true         true   PASS
  A malformed reflex source refuses transactionally                      true         true   PASS
  All refusal paths preserve the source                                  true         true   PASS

  ── Distinct sharp-versus-sector-chamfer proof
> show shading flat
  · shading flat
> view iso
  · view iso  eye (-6.93 -6.93 6.93)  pivot (0.00 0.00 0.00)  distance 12.00  yaw -45.0° pitch 35.3°  persp
> view orbit 300 -12
  · view orbit  eye (-10.65 2.85 4.74)  pivot (0.00 0.00 0.00)  distance 12.00  yaw 255.0° pitch 23.3°  persp
> view fit
  · view fit  eye (-46.22 12.86 19.78)  pivot (-0.53 0.62 -0.55)  distance 51.48  yaw 255.0° pitch 23.3°  persp
> render Phase39o_ReflexUnequalRadiusBiconeApexChamfer
  · render /home/user/Slate/_AgentScratch/build/SolidArcProofs/Phase39o_ReflexUnequalRadiusBiconeApexChamfer.png  1600x900  5729.4 ms  3534 tri  320 seg  0 pts  1351370 frag
  The reflex unequal-apex proof render completes                         true         true   PASS
  The reflex unequal-apex proof PNG is visible                           true         true   PASS

  ──────────────────────────────────────────────────────────────────────────────────────────────────────
  32 checks, 0 failed → ALL PASS


══════════════════════════════════════════════════════════════════════════════════════════════════════════
  SolidArc · Phase 40 · bounded extruded convex-prism shell
══════════════════════════════════════════════════════════════════════════════════════════════════════════
  CHECK                                                              MEASURED        LIMIT   VERDICT
  ──────────────────────────────────────────────────────────────────────────────────────────────────────
  The distinct regular hexagonal prism source is constructed             true         true   PASS
  The source has V12/E18/C36/L8/F8 topology                              true         true   PASS
  The upper and lower planar caps resolve independently                  true         true   PASS

  ── Exact non-box shell reconstruction
  The selected cap produces a closed shell solid                         true         true   PASS
  The shell has V24/E42/C84/L20/F20 topology                             true         true   PASS
  The shell volume follows outer prism minus inner cavity           9.095e-13      1.0e-01   PASS
  The shell retains two caps, twelve walls, and six top-rim faces             true         true   PASS
  The separate shell reconstruction preserves the source                 true         true   PASS
  The public shell dispatch reaches the non-box route                    true         true   PASS
  The upper cap is the only supported opening selection                  true         true   PASS

  ── Non-box shell refusal boundaries
  A rectangular box remains on the separate box route                    true         true   PASS
  A triangular prism refuses the six-sided route                         true         true   PASS
  A concave six-edge prism refuses                                       true         true   PASS
  A curved cylinder refuses the prism shell route                        true         true   PASS
  Zero, negative, non-finite, and consuming thicknesses refuse             true         true   PASS
  A malformed prism refuses transactionally                              true         true   PASS
  All refusal paths preserve the source                                  true         true   PASS

  ── Distinct non-box shell proof
> show shading flat
  · shading flat
> view iso
  · view iso  eye (-6.93 -6.93 6.93)  pivot (0.00 0.00 0.00)  distance 12.00  yaw -45.0° pitch 35.3°  persp
> view orbit 35 -18
  · view orbit  eye (-1.99 -11.29 3.56)  pivot (0.00 0.00 0.00)  distance 12.00  yaw -10.0° pitch 17.3°  persp
> view fit
  · view fit  eye (-5.15 -29.22 13.22)  pivot (0.00 0.00 4.00)  distance 31.07  yaw -10.0° pitch 17.3°  persp
> render Phase40_ExtrudedConvexPrismShell
  · render /home/user/Slate/_AgentScratch/build/SolidArcProofs/Phase40_ExtrudedConvexPrismShell.png  1600x900  5994.8 ms  328 tri  60 seg  0 pts  3394643 frag
  The non-box shell proof render completes                               true         true   PASS
  The non-box shell proof PNG is visible                                 true         true   PASS

  ──────────────────────────────────────────────────────────────────────────────────────────────────────
  19 checks, 0 failed → ALL PASS


══════════════════════════════════════════════════════════════════════════════════════════════════════════
  SolidArc · Phase 41 · bounded pentagonal-prism face offset
══════════════════════════════════════════════════════════════════════════════════════════════════════════
  CHECK                                                              MEASURED        LIMIT   VERDICT
  ──────────────────────────────────────────────────────────────────────────────────────────────────────
  The distinct regular pentagonal prism source is constructed             true         true   PASS
  The source has V10/E15/C30/L7/F7 topology                              true         true   PASS
  The upper and lower planar caps resolve independently                  true         true   PASS

  ── Exact non-box face offset reconstruction
  The selected upper cap produces a closed offset solid                  true         true   PASS
  The offset retains V10/E15/C30/L7/F7 topology                          true         true   PASS
  The offset volume follows the exact pentagonal-prism volum        3.354e-12      1.0e-01   PASS
  The original lower profile remains present                             true         true   PASS
  The offset upper profile is exactly one distance above the source             true         true   PASS
  The separate offset reconstruction preserves the source                true         true   PASS
  The offset remains analytic planar/extruded geometry                   true         true   PASS
  The public face-offset dispatcher reaches the pentagonal route             true         true   PASS
  Only the upper cap is supported by this bounded route                  true         true   PASS

  ── Pentagonal-prism offset refusal boundaries
  A rectangular box remains outside the distinct pentagonal API             true         true   PASS
  A six-sided prism refuses the five-sided route                         true         true   PASS
  A triangular prism refuses the five-sided route                        true         true   PASS
  A concave pentagonal prism refuses                                     true         true   PASS
  A curved cylinder refuses the polygonal-prism route                    true         true   PASS
  Lower, zero, negative, and non-finite offsets refuse                   true         true   PASS
  A malformed pentagonal prism refuses transactionally                   true         true   PASS
  All refusal paths preserve the source                                  true         true   PASS

  ── Distinct non-box face-offset proof
> show shading flat
  · shading flat
> view iso
  · view iso  eye (-6.93 -6.93 6.93)  pivot (0.00 0.00 0.00)  distance 12.00  yaw -45.0° pitch 35.3°  persp
> view orbit 35 -18
  · view orbit  eye (-1.99 -11.29 3.56)  pivot (0.00 0.00 0.00)  distance 12.00  yaw -10.0° pitch 17.3°  persp
> view fit
  · view fit  eye (-4.42 -27.49 12.80)  pivot (0.43 -0.00 4.12)  distance 29.23  yaw -10.0° pitch 17.3°  persp
> render Phase41_PentagonalPrismFaceOffset
  · render /home/user/Slate/_AgentScratch/build/SolidArcProofs/Phase41_PentagonalPrismFaceOffset.png  1600x900  5872.0 ms  152 tri  30 seg  0 pts  2506864 frag
  The pentagonal-prism offset proof render completes                     true         true   PASS
  The pentagonal-prism offset proof PNG is visible                       true         true   PASS

  ──────────────────────────────────────────────────────────────────────────────────────────────────────
  22 checks, 0 failed → ALL PASS


══════════════════════════════════════════════════════════════════════════════════════════════════════════
  SolidArc · Phase 42 · bounded genus-one holed-prism face offset
══════════════════════════════════════════════════════════════════════════════════════════════════════════
  CHECK                                                              MEASURED        LIMIT   VERDICT
  ──────────────────────────────────────────────────────────────────────────────────────────────────────
  The rectangular prism with one circular through-hole is constructed             true         true   PASS
  The source has genus-one V10/E15/C30/L9/F7 topology                    true         true   PASS
  Both planar caps are annular and the upper cap is selected             true         true   PASS
  The source contains exactly two rational circular hole rims             true         true   PASS

  ── Exact genus-one non-box face offset reconstruction
  The selected upper annular cap produces a closed genus-one solid             true         true   PASS
  The offset retains V10/E15/C30/L9/F7 genus-one topology                true         true   PASS
  The offset volume follows rectangle area minus the through        1.686e-02      5.0e-02   PASS
  The result retains annular upper and lower caps                        true         true   PASS
  Both exact rational circular hole rims survive                         true         true   PASS
  The result remains analytic planar/extruded geometry                   true         true   PASS
  The separate reconstruction preserves the source                       true         true   PASS
  The public face-offset dispatcher reaches the genus-one route             true         true   PASS
  Only the upper annular cap is supported                                true         true   PASS

  ── Holed-prism offset refusal boundaries
  A hole-free box remains outside the holed-prism API                    true         true   PASS
  A hole-free pentagonal prism remains outside the genus-one route             true         true   PASS
  A two-hole prism refuses the single-hole route                         true         true   PASS
  A non-circular inner loop refuses                                      true         true   PASS
  A curved cylinder refuses the rectangular holed-prism route             true         true   PASS
  Side, zero, negative, and non-finite offsets refuse                    true         true   PASS
  A malformed holed prism refuses transactionally                        true         true   PASS
  All refusal paths preserve the genus-one source                        true         true   PASS

  ── Distinct genus-one face-offset proof
> show shading flat
  · shading flat
> view iso
  · view iso  eye (-6.93 -6.93 6.93)  pivot (0.00 0.00 0.00)  distance 12.00  yaw -45.0° pitch 35.3°  persp
> view orbit 35 -18
  · view orbit  eye (-1.99 -11.29 3.56)  pivot (0.00 0.00 0.00)  distance 12.00  yaw -10.0° pitch 17.3°  persp
> view fit
  · view fit  eye (-5.49 -31.14 13.58)  pivot (0.00 0.00 3.75)  distance 33.11  yaw -10.0° pitch 17.3°  persp
> render Phase42_HoledPrismFaceOffset
  · render /home/user/Slate/_AgentScratch/build/SolidArcProofs/Phase42_HoledPrismFaceOffset.png  1600x900  6058.9 ms  2596 tri  282 seg  0 pts  3515542 frag
  The genus-one holed-prism proof render completes                       true         true   PASS
  The genus-one holed-prism proof PNG is visible                         true         true   PASS

  ──────────────────────────────────────────────────────────────────────────────────────────────────────
  23 checks, 0 failed → ALL PASS


══════════════════════════════════════════════════════════════════════════════════════════════════════════
  SolidArc · Phase 43 · bounded elliptical-prism face offset
══════════════════════════════════════════════════════════════════════════════════════════════════════════
  CHECK                                                              MEASURED        LIMIT   VERDICT
  ──────────────────────────────────────────────────────────────────────────────────────────────────────
  The exact rational elliptical prism source is constructed              true         true   PASS
  The source has V2/E3/C6/L3/F3 topology                                 true         true   PASS
  The upper and lower rims are exact major-6/minor-3 ellipses             true         true   PASS

  ── Exact curved-profile face offset reconstruction
  The selected upper cap produces a closed elliptical prism              true         true   PASS
  The offset retains V2/E3/C6/L3/F3 topology                             true         true   PASS
  The offset volume follows pi times the ellipse area and ex        3.031e-04      1.0e-03   PASS
  The result preserves both exact ellipse rims                           true         true   PASS
  The result remains analytic planar/extruded geometry                   true         true   PASS
  The separate reconstruction preserves the source                       true         true   PASS
  The public face-offset dispatcher reaches the elliptical route             true         true   PASS
  Only the upper cap is supported by this bounded route                  true         true   PASS

  ── Elliptical-prism offset refusal boundaries
  A circular cylinder refuses the non-circular elliptical route             true         true   PASS
  A polygonal prism refuses the elliptical route                         true         true   PASS
  A multi-loop holed prism refuses the single-profile route              true         true   PASS
  A non-rational/non-elliptic closed profile refuses                     true         true   PASS
  Side, zero, negative, and non-finite offsets refuse                    true         true   PASS
  A malformed elliptical prism refuses transactionally                   true         true   PASS
  All refusal paths preserve the source                                  true         true   PASS

  ── Distinct curved-profile proof
> show shading flat
  · shading flat
> view iso
  · view iso  eye (-6.93 -6.93 6.93)  pivot (0.00 0.00 0.00)  distance 12.00  yaw -45.0° pitch 35.3°  persp
> view orbit 35 -18
  · view orbit  eye (-1.99 -11.29 3.56)  pivot (0.00 0.00 0.00)  distance 12.00  yaw -10.0° pitch 17.3°  persp
> view fit
  · view fit  eye (-5.61 -31.79 13.53)  pivot (-0.00 -0.00 3.50)  distance 33.80  yaw -10.0° pitch 17.3°  persp
> render Phase43_EllipticalPrismFaceOffset
  · render /home/user/Slate/_AgentScratch/build/SolidArcProofs/Phase43_EllipticalPrismFaceOffset.png  1600x900  5886.0 ms  2812 tri  386 seg  0 pts  2173411 frag
  The elliptical-prism proof render completes                            true         true   PASS
  The elliptical-prism proof PNG is visible                              true         true   PASS

  ──────────────────────────────────────────────────────────────────────────────────────────────────────
  20 checks, 0 failed → ALL PASS


══════════════════════════════════════════════════════════════════════════════════════════════════════════
  SolidArc · Phase 44 · bounded oblique triangular-prism face offset
══════════════════════════════════════════════════════════════════════════════════════════════════════════
  CHECK                                                              MEASURED        LIMIT   VERDICT
  ──────────────────────────────────────────────────────────────────────────────────────────────────────
  The oblique triangular prism source is constructed                     true         true   PASS
  The source has V6/E9/C18/L5/F5 topology                                true         true   PASS
  The selected caps are planar triangular faces                          true         true   PASS
  The source generators are genuinely oblique                            true         true   PASS

  ── Exact oblique face-offset reconstruction
  The selected cap produces a closed oblique triangular prism             true         true   PASS
  The offset retains V6/E9/C18/L5/F5 topology                            true         true   PASS
  The offset volume follows the oblique prism projection ide        5.684e-14      1.0e-07   PASS
  The lower triangular profile is unchanged                              true         true   PASS
  The upper cap moves exactly along its +Z normal                        true         true   PASS
  The separate reconstruction preserves the oblique source               true         true   PASS
  The public face-offset dispatcher reaches the oblique route             true         true   PASS
  Only the upper cap is supported by this bounded route                  true         true   PASS

  ── Oblique-prism offset refusal boundaries
  A vertical triangular prism remains outside the oblique route             true         true   PASS
  A rectangular box remains outside the oblique triangular route             true         true   PASS
  A curved cylinder refuses the oblique triangular route                 true         true   PASS
  Side, zero, negative, and non-finite offsets refuse                    true         true   PASS
  A malformed oblique prism refuses transactionally                      true         true   PASS
  All refusal paths preserve the oblique source                          true         true   PASS

  ── Distinct non-axis-aligned face-offset proof
> show shading flat
  · shading flat
> view iso
  · view iso  eye (-6.93 -6.93 6.93)  pivot (0.00 0.00 0.00)  distance 12.00  yaw -45.0° pitch 35.3°  persp
> view orbit 35 -18
  · view orbit  eye (-1.99 -11.29 3.56)  pivot (0.00 0.00 0.00)  distance 12.00  yaw -10.0° pitch 17.3°  persp
> view fit
  · view fit  eye (-0.47 -20.90 11.30)  pivot (3.64 2.40 3.95)  distance 24.77  yaw -10.0° pitch 17.3°  persp
> render Phase44_ObliqueTriangularPrismFaceOffset
  · render /home/user/Slate/_AgentScratch/build/SolidArcProofs/Phase44_ObliqueTriangularPrismFaceOffset.png  1600x900  5524.5 ms  88 tri  18 seg  0 pts  1874430 frag
  The oblique-prism proof render completes                               true         true   PASS
  The oblique-prism proof PNG is visible                                 true         true   PASS

  ──────────────────────────────────────────────────────────────────────────────────────────────────────
  20 checks, 0 failed → ALL PASS


══════════════════════════════════════════════════════════════════════════════════════════════════════════
  SolidArc · Phase 45 · bounded triangular-prism side draft
══════════════════════════════════════════════════════════════════════════════════════════════════════════
  CHECK                                                              MEASURED        LIMIT   VERDICT
  ──────────────────────────────────────────────────────────────────────────────────────────────────────
  The triangular prism source is constructed                             true         true   PASS
  The source has V6/E9/C18/L5/F5 topology                                true         true   PASS
  The selected wall and upper cap resolve independently                  true         true   PASS

  ── Exact non-box draft reconstruction
  The selected wall produces a closed drafted solid                      true         true   PASS
  The draft retains V6/E9/C18/L5/F5 topology                             true         true   PASS
  The drafted solid volume follows the mean-section triangle        6.227e-04      1.0e-03   PASS
  The lower profile remains unchanged                                    true         true   PASS
  The selected upper edge moves by tan(angle) times height               true         true   PASS
  The opposite upper vertex remains fixed                                true         true   PASS
  The result has two planar caps and three ruled drafted walls             true         true   PASS
  The separate draft preserves the source                                true         true   PASS
  The public draft dispatcher reaches the triangular route               true         true   PASS
  A finite inward draft remains supported while non-collapsing             true         true   PASS

  ── Triangular-prism draft refusal boundaries
  A rectangular box remains on its separate canonical draft route             true         true   PASS
  A pentagonal prism refuses the triangular draft route                  true         true   PASS
  A curved cylinder refuses the triangular draft route                   true         true   PASS
  A cap selection refuses                                                true         true   PASS
  Zero, near-90, and non-finite angles refuse                            true         true   PASS
  A malformed triangular prism refuses transactionally                   true         true   PASS
  All refusal paths preserve the source                                  true         true   PASS

  ── Distinct non-box draft proof
> show shading flat
  · shading flat
> view iso
  · view iso  eye (-6.93 -6.93 6.93)  pivot (0.00 0.00 0.00)  distance 12.00  yaw -45.0° pitch 35.3°  persp
> view orbit 35 -18
  · view orbit  eye (-1.99 -11.29 3.56)  pivot (0.00 0.00 0.00)  distance 12.00  yaw -10.0° pitch 17.3°  persp
> view fit
  · view fit  eye (-4.33 -27.02 11.64)  pivot (0.50 0.36 3.00)  distance 29.12  yaw -10.0° pitch 17.3°  persp
> render Phase45_TriangularPrismDraft
  · render /home/user/Slate/_AgentScratch/build/SolidArcProofs/Phase45_TriangularPrismDraft.png  1600x900  5480.9 ms  4168 tri  18 seg  0 pts  2176103 frag
  The triangular-prism draft proof render completes                      true         true   PASS
  The triangular-prism draft proof PNG is visible                        true         true   PASS

  ──────────────────────────────────────────────────────────────────────────────────────────────────────
  22 checks, 0 failed → ALL PASS


══════════════════════════════════════════════════════════════════════════════════════════════════════════
  SolidArc · Phase 46 · bounded genus-two twin-holed-prism face offset
══════════════════════════════════════════════════════════════════════════════════════════════════════════
  CHECK                                                              MEASURED        LIMIT   VERDICT
  ──────────────────────────────────────────────────────────────────────────────────────────────────────
  The rectangular prism with two circular through-holes is constructed             true         true   PASS
  The source has genus-two V12/E18/C36/L12/F8 topology                   true         true   PASS
  Both caps have one outer loop and two circular inner loops             true         true   PASS
  The source contains exactly four rational circular hole rims             true         true   PASS

  ── Exact genus-two non-box face offset reconstruction
  The selected upper three-loop cap produces a closed genus-two solid             true         true   PASS
  The offset retains V12/E18/C36/L12/F8 genus-two topology               true         true   PASS
  The offset volume follows rectangle area minus two hole ar        2.658e-02      1.0e-01   PASS
  The result preserves both three-loop caps                              true         true   PASS
  All four exact rational circular hole rims survive                     true         true   PASS
  The separate reconstruction preserves the genus-two source             true         true   PASS
  The public face-offset dispatcher reaches the genus-two route             true         true   PASS
  Only the upper three-loop cap is supported                             true         true   PASS
  Reversing inner-loop construction order gives the same deterministic topology             true         true   PASS

  ── Twin-holed-prism offset refusal boundaries
  A hole-free box remains outside the twin-holed API                     true         true   PASS
  A genus-one single-hole prism refuses the genus-two route              true         true   PASS
  A three-hole prism remains outside the exact twin-hole route             true         true   PASS
  Non-circular inner loops refuse                                        true         true   PASS
  Overlapping holes refuse without healing                               true         true   PASS
  A curved cylinder refuses the twin-holed-prism route                   true         true   PASS
  Side, zero, negative, and non-finite offsets refuse                    true         true   PASS
  A malformed twin-holed prism refuses transactionally                   true         true   PASS
  All refusal paths preserve the genus-two source                        true         true   PASS

  ── Distinct genus-two face-offset proof
> show shading flat
  · shading flat
> view iso
  · view iso  eye (-6.93 -6.93 6.93)  pivot (0.00 0.00 0.00)  distance 12.00  yaw -45.0° pitch 35.3°  persp
> view orbit 35 -18
  · view orbit  eye (-1.99 -11.29 3.56)  pivot (0.00 0.00 0.00)  distance 12.00  yaw -10.0° pitch 17.3°  persp
> view fit
  · view fit  eye (-6.88 -39.04 16.07)  pivot (0.00 0.00 3.75)  distance 41.52  yaw -10.0° pitch 17.3°  persp
> render Phase46_TwinHoledPrismFaceOffset
  · render /home/user/Slate/_AgentScratch/build/SolidArcProofs/Phase46_TwinHoledPrismFaceOffset.png  1600x900  6151.6 ms  4496 tri  476 seg  0 pts  3279147 frag
  The genus-two twin-hole proof render completes                         true         true   PASS
  The genus-two twin-hole proof PNG is visible                           true         true   PASS

  ──────────────────────────────────────────────────────────────────────────────────────────────────────
  24 checks, 0 failed → ALL PASS


══════════════════════════════════════════════════════════════════════════════════════════════════════════
  SolidArc · Phase 47 · bounded orthogonal concave-prism face offset
══════════════════════════════════════════════════════════════════════════════════════════════════════════
  CHECK                                                              MEASURED        LIMIT   VERDICT
  ──────────────────────────────────────────────────────────────────────────────────────────────────────
  The orthogonal L-shaped concave prism is constructed                   true         true   PASS
  The source has closed genus-zero V12/E18/C36/L8/F8 topology             true         true   PASS
  The upper cap is one six-edge orthogonal concave loop                  true         true   PASS
  The upper and lower cap selections are distinct                        true         true   PASS

  ── Exact non-convex face offset reconstruction
  The selected upper cap produces a closed concave offset solid             true         true   PASS
  The result retains V12/E18/C36/L8/F8 genus-zero topology               true         true   PASS
  The offset volume follows L-profile area times extended he        5.912e-12      1.0e-09   PASS
  The result retains the concave upper profile                           true         true   PASS
  The lower L-profile is unchanged and the cap rises by the offset             true         true   PASS
  The result remains planar/extrusion analytic geometry                  true         true   PASS
  The separate reconstruction preserves the source                       true         true   PASS
  The public face-offset dispatcher reaches the concave route             true         true   PASS
  Only the upper cap is supported                                        true         true   PASS

  ── Concave-prism offset refusal boundaries
  A box refuses the distinct concave-prism API                           true         true   PASS
  A convex six-sided prism refuses                                       true         true   PASS
  A five-sided prism refuses                                             true         true   PASS
  A triangular prism refuses                                             true         true   PASS
  A non-orthogonal concave hexagon refuses                               true         true   PASS
  A curved cylinder refuses                                              true         true   PASS
  Lower, zero, negative, and non-finite offsets refuse                   true         true   PASS
  A malformed concave prism refuses transactionally                      true         true   PASS
  All refusal paths preserve the source                                  true         true   PASS

  ── Distinct concave-profile face-offset proof
> show shading flat
  · shading flat
> view iso
  · view iso  eye (-6.93 -6.93 6.93)  pivot (0.00 0.00 0.00)  distance 12.00  yaw -45.0° pitch 35.3°  persp
> view orbit 35 -18
  · view orbit  eye (-1.99 -11.29 3.56)  pivot (0.00 0.00 0.00)  distance 12.00  yaw -10.0° pitch 17.3°  persp
> view fit
  · view fit  eye (-6.09 -34.52 14.64)  pivot (0.00 0.00 3.75)  distance 36.70  yaw -10.0° pitch 17.3°  persp
> render Phase47_ConcavePrismFaceOffset
  · render /home/user/Slate/_AgentScratch/build/SolidArcProofs/Phase47_ConcavePrismFaceOffset.png  1600x900  5776.7 ms  184 tri  36 seg  0 pts  2522773 frag
  The concave-prism offset proof render completes                        true         true   PASS
  The concave-prism offset proof PNG is visible                          true         true   PASS

  ──────────────────────────────────────────────────────────────────────────────────────────────────────
  24 checks, 0 failed → ALL PASS


══════════════════════════════════════════════════════════════════════════════════════════════════════════
  SolidArc · Phase 48 · bounded orthogonal concave-prism shell
══════════════════════════════════════════════════════════════════════════════════════════════════════════
  CHECK                                                              MEASURED        LIMIT   VERDICT
  ──────────────────────────────────────────────────────────────────────────────────────────────────────
  The orthogonal L-shaped concave prism is constructed                   true         true   PASS
  The source has closed genus-zero V12/E18/C36/L8/F8 topology             true         true   PASS
  The upper cap is the six-edge concave loop                             true         true   PASS
  The upper and lower cap selections are distinct                        true         true   PASS

  ── Exact non-convex shell reconstruction
  The selected cap produces a closed concave shell solid                 true         true   PASS
  The shell has V24/E42/C84/L20/F20 topology                             true         true   PASS
  The shell volume follows the outer L prism minus its inset        8.811e-13      1.0e-09   PASS
  The shell retains two caps, twelve walls, and six top-rim faces             true         true   PASS
  The concave outer bottom and inset floor remain identifiable             true         true   PASS
  The inset floor reaches the expected L-profile corner                  true         true   PASS
  The separate shell reconstruction preserves the source                 true         true   PASS
  The public shell dispatcher reaches the concave route                  true         true   PASS
  Only the upper cap is supported                                        true         true   PASS

  ── Concave-prism shell refusal boundaries
  A box remains on the separate box-shell route                          true         true   PASS
  A convex six-sided prism refuses                                       true         true   PASS
  A five-sided prism refuses                                             true         true   PASS
  A non-orthogonal concave prism refuses                                 true         true   PASS
  A curved cylinder refuses                                              true         true   PASS
  Lower, zero, negative, non-finite, and over-thick shells refuse             true         true   PASS
  A malformed concave prism refuses transactionally                      true         true   PASS
  All refusal paths preserve the source                                  true         true   PASS

  ── Distinct concave-shell proof
> show shading flat
  · shading flat
> view iso
  · view iso  eye (-6.93 -6.93 6.93)  pivot (0.00 0.00 0.00)  distance 12.00  yaw -45.0° pitch 35.3°  persp
> view orbit 35 -18
  · view orbit  eye (-1.99 -11.29 3.56)  pivot (0.00 0.00 0.00)  distance 12.00  yaw -10.0° pitch 17.3°  persp
> view fit
  · view fit  eye (-6.04 -34.25 13.81)  pivot (0.00 0.00 3.00)  distance 36.42  yaw -10.0° pitch 17.3°  persp
> render Phase48_ConcavePrismShell
  · render /home/user/Slate/_AgentScratch/build/SolidArcProofs/Phase48_ConcavePrismShell.png  1600x900  5803.8 ms  328 tri  60 seg  0 pts  2945241 frag
  The concave-prism shell proof render completes                         true         true   PASS
  The concave-prism shell proof PNG is visible                           true         true   PASS

  ──────────────────────────────────────────────────────────────────────────────────────────────────────
  23 checks, 0 failed → ALL PASS


══════════════════════════════════════════════════════════════════════════════════════════════════════════
  SolidArc · Phase 49 · bounded orthogonal concave-prism side draft
══════════════════════════════════════════════════════════════════════════════════════════════════════════
  CHECK                                                              MEASURED        LIMIT   VERDICT
  ──────────────────────────────────────────────────────────────────────────────────────────────────────
  The orthogonal L-shaped concave prism is constructed                   true         true   PASS
  The source has closed genus-zero V12/E18/C36/L8/F8 topology             true         true   PASS
  The selected wall is vertical and both caps resolve                    true         true   PASS
  The source caps contain the single reflex L profile                    true         true   PASS

  ── Exact non-convex side draft reconstruction
  The selected vertical wall produces a closed drafted solid             true         true   PASS
  The drafted result retains V12/E18/C36/L8/F8 topology                  true         true   PASS
  The drafted volume follows the mean-section L-profile iden        7.958e-13      1.0e-03   PASS
  The drafted caps retain one reflex L profile                           true         true   PASS
  The selected upper edge moves outward by tan(angle) times height             true         true   PASS
  The opposite upper profile remains fixed                               true         true   PASS
  The drafted result is two planar caps and six ruled walls              true         true   PASS
  The separate draft reconstruction preserves the source                 true         true   PASS
  The public draft dispatcher reaches the concave route                  true         true   PASS
  A bounded inward draft remains supported                               true         true   PASS
  Only vertical side walls are supported                                 true         true   PASS

  ── Concave-prism draft refusal boundaries
  A box remains outside the distinct concave-draft API                   true         true   PASS
  A convex six-sided prism refuses                                       true         true   PASS
  A five-sided prism refuses                                             true         true   PASS
  A triangular prism remains on its separate route                       true         true   PASS
  A non-orthogonal concave prism refuses                                 true         true   PASS
  A curved cylinder refuses                                              true         true   PASS
  Zero, near-90, and non-finite angles refuse                            true         true   PASS
  A malformed concave prism refuses transactionally                      true         true   PASS
  All refusal paths preserve the source                                  true         true   PASS

  ── Distinct concave-draft proof
> show shading flat
  · shading flat
> view iso
  · view iso  eye (-6.93 -6.93 6.93)  pivot (0.00 0.00 0.00)  distance 12.00  yaw -45.0° pitch 35.3°  persp
> view orbit 35 -18
  · view orbit  eye (-1.99 -11.29 3.56)  pivot (0.00 0.00 0.00)  distance 12.00  yaw -10.0° pitch 17.3°  persp
> view fit
  · view fit  eye (-6.13 -35.38 13.96)  pivot (0.00 -0.64 3.00)  distance 36.94  yaw -10.0° pitch 17.3°  persp
> render Phase49_ConcavePrismDraft
  · render /home/user/Slate/_AgentScratch/build/SolidArcProofs/Phase49_ConcavePrismDraft.png  1600x900  5583.3 ms  184 tri  36 seg  0 pts  2308338 frag
  The concave-prism draft proof render completes                         true         true   PASS
  The concave-prism draft proof PNG is visible                           true         true   PASS

  ──────────────────────────────────────────────────────────────────────────────────────────────────────
  26 checks, 0 failed → ALL PASS


══════════════════════════════════════════════════════════════════════════════════════════════════════════
  SolidArc · Phase 50 · bounded circular-sector-prism face offset
══════════════════════════════════════════════════════════════════════════════════════════════════════════
  CHECK                                                              MEASURED        LIMIT   VERDICT
  ──────────────────────────────────────────────────────────────────────────────────────────────────────
  The exact quarter-sector prism is constructed                          true         true   PASS
  The source has closed genus-zero V6/E9/C18/L5/F5 topology              true         true   PASS
  Both planar sector caps contain two radial lines and one rational arc             true         true   PASS
  The selected cap and side face are distinct                            true         true   PASS
  The source supports are two revolved caps and three extruded walls             true         true   PASS

  ── Exact curved-profile face offset reconstruction
  The selected upper sector cap produces a closed solid                  true         true   PASS
  The result retains V6/E9/C18/L5/F5 topology                            true         true   PASS
  The offset volume follows quarter-circle sector area times        5.952e-02      1.0e-01   PASS
  The result preserves both analytic sector caps                         true         true   PASS
  The result preserves two radial walls and one arc wall                 true         true   PASS
  The separate reconstruction preserves the source                       true         true   PASS
  The public offset dispatcher reaches the sector route                  true         true   PASS
  Only the upper sector cap is supported                                 true         true   PASS

  ── Circular-sector offset refusal boundaries
  A box remains outside the curved-sector API                            true         true   PASS
  A polygonal triangular prism refuses                                   true         true   PASS
  A full ellipse prism refuses                                           true         true   PASS
  A full cylinder refuses                                                true         true   PASS
  A non-quarter circular sector refuses                                  true         true   PASS
  Zero, negative, and non-finite offsets refuse                          true         true   PASS
  A malformed sector prism refuses transactionally                       true         true   PASS
  All refusal paths preserve the source                                  true         true   PASS

  ── Distinct circular-sector proof
> show shading flat
  · shading flat
> view iso
  · view iso  eye (-6.93 -6.93 6.93)  pivot (0.00 0.00 0.00)  distance 12.00  yaw -45.0° pitch 35.3°  persp
> view orbit 35 -18
  · view orbit  eye (-1.99 -11.29 3.56)  pivot (0.00 0.00 0.00)  distance 12.00  yaw -10.0° pitch 17.3°  persp
> view fit
  · view fit  eye (-1.56 -20.54 11.02)  pivot (2.50 2.50 3.75)  distance 24.50  yaw -10.0° pitch 17.3°  persp
> render Phase50_CircularSectorPrismFaceOffset
  · render /home/user/Slate/_AgentScratch/build/SolidArcProofs/Phase50_CircularSectorPrismFaceOffset.png  1600x900  5686.8 ms  924 tri  126 seg  0 pts  2147366 frag
  The circular-sector offset proof render completes                      true         true   PASS
  The circular-sector offset proof PNG is visible                        true         true   PASS

  ──────────────────────────────────────────────────────────────────────────────────────────────────────
  23 checks, 0 failed → ALL PASS


══════════════════════════════════════════════════════════════════════════════════════════════════════════
  SolidArc · Phase 51 · bounded revolved-annular-prism face offset
══════════════════════════════════════════════════════════════════════════════════════════════════════════
  CHECK                                                              MEASURED        LIMIT   VERDICT
  ──────────────────────────────────────────────────────────────────────────────────────────────────────
  The full-turn annular prism is constructed                             true         true   PASS
  The source has closed genus-one V4/E8/C16/L4/F4 topology               true         true   PASS
  Both annular caps contain two circular rims                            true         true   PASS
  The selected cap and side face are distinct                            true         true   PASS
  The annular prism is entirely revolved analytic geometry               true         true   PASS

  ── Exact revolved-annulus face offset reconstruction
  The selected upper annular cap produces a closed solid                 true         true   PASS
  The result retains V4/E8/C16/L4/F4 genus-one topology                  true         true   PASS
  The offset volume follows annular area times extended heig        1.397e-01      2.0e-01   PASS
  The result retains both annular caps                                   true         true   PASS
  The exact inner and outer circular rims are preserved                  true         true   PASS
  The result retains four revolution supports                            true         true   PASS
  The separate reconstruction preserves the source                       true         true   PASS
  The public offset dispatcher reaches the revolved-annulus route             true         true   PASS
  Only the upper annular cap is supported                                true         true   PASS

  ── Revolved-annulus offset refusal boundaries
  A box remains outside the revolved-annulus API                         true         true   PASS
  A solid cylinder refuses                                               true         true   PASS
  A partial-turn annular revolution refuses                              true         true   PASS
  An extruded through-hole prism refuses                                 true         true   PASS
  Zero, negative, and non-finite offsets refuse                          true         true   PASS
  A malformed annular prism refuses transactionally                      true         true   PASS
  All refusal paths preserve the source                                  true         true   PASS

  ── Distinct revolved-annulus proof
> show shading flat
  · shading flat
> view iso
  · view iso  eye (-6.93 -6.93 6.93)  pivot (0.00 0.00 0.00)  distance 12.00  yaw -45.0° pitch 35.3°  persp
> view orbit 35 -18
  · view orbit  eye (-1.99 -11.29 3.56)  pivot (0.00 0.00 0.00)  distance 12.00  yaw -10.0° pitch 17.3°  persp
> view fit
  · view fit  eye (-5.64 -31.96 12.84)  pivot (0.00 0.00 2.75)  distance 33.99  yaw -10.0° pitch 17.3°  persp
> render Phase51_RevolvedAnnularPrismFaceOffset
  · render /home/user/Slate/_AgentScratch/build/SolidArcProofs/Phase51_RevolvedAnnularPrismFaceOffset.png  1600x900  5850.8 ms  5904 tri  904 seg  0 pts  2760036 frag
  The revolved-annulus offset proof render completes                     true         true   PASS
  The revolved-annulus proof PNG is visible                              true         true   PASS

  ──────────────────────────────────────────────────────────────────────────────────────────────────────
  23 checks, 0 failed → ALL PASS


══════════════════════════════════════════════════════════════════════════════════════════════════════════
  SolidArc · Phase 52 · bounded analytic torus face offset
══════════════════════════════════════════════════════════════════════════════════════════════════════════
  CHECK                                                              MEASURED        LIMIT   VERDICT
  ──────────────────────────────────────────────────────────────────────────────────────────────────────
  The ring torus is constructed                                          true         true   PASS
  The source is a closed genus-one V1/E2/C4/L1/F1 body                   true         true   PASS
  The source is one natural analytic torus face                          true         true   PASS

  ── Exact torus face offset reconstruction
  The torus face offset produces a closed solid                          true         true   PASS
  The result retains V1/E2/C4/L1/F1 genus-one topology                   true         true   PASS
  The result preserves the major radius and expands only the minor radius             true         true   PASS
  The offset volume follows the torus volume identity               8.082e-04      1.0e-03   PASS
  The separate reconstruction preserves the source                       true         true   PASS
  The public offset dispatcher reaches the torus route                   true         true   PASS

  ── Torus face offset refusal boundaries
  A sphere remains outside the torus route                               true         true   PASS
  A cylinder refuses                                                     true         true   PASS
  A revolved annular prism remains a separate route                      true         true   PASS
  A tilted torus refuses                                                 true         true   PASS
  A translated torus refuses                                             true         true   PASS
  A spindle torus source refuses                                         true         true   PASS
  Zero, negative, non-finite, and self-intersecting offsets refuse             true         true   PASS
  A malformed torus face refuses transactionally                         true         true   PASS
  All refusal paths preserve the source                                  true         true   PASS

  ── Distinct torus face offset proof
> show shading flat
  · shading flat
> view iso
  · view iso  eye (-6.93 -6.93 6.93)  pivot (0.00 0.00 0.00)  distance 12.00  yaw -45.0° pitch 35.3°  persp
> view orbit 25 -18
  · view orbit  eye (-3.92 -10.77 3.56)  pivot (0.00 0.00 0.00)  distance 12.00  yaw -20.0° pitch 17.3°  persp
> view fit
  · view fit  eye (-15.76 -44.33 14.66)  pivot (0.38 -0.00 -0.00)  distance 49.41  yaw -20.0° pitch 17.3°  persp
> render Phase52_TorusFaceOffset
  · render /home/user/Slate/_AgentScratch/build/SolidArcProofs/Phase52_TorusFaceOffset.png  1600x900  5493.2 ms  66496 tri  480 seg  0 pts  2365596 frag
  The torus face offset proof render completes                           true         true   PASS
  The torus proof PNG is visible                                         true         true   PASS

  ──────────────────────────────────────────────────────────────────────────────────────────────────────
  20 checks, 0 failed → ALL PASS


══════════════════════════════════════════════════════════════════════════════════════════════════════════
  SolidArc · Phase 53 · bounded analytic sphere face offset
══════════════════════════════════════════════════════════════════════════════════════════════════════════
  CHECK                                                              MEASURED        LIMIT   VERDICT
  ──────────────────────────────────────────────────────────────────────────────────────────────────────
  The analytic sphere is constructed                                     true         true   PASS
  The source is a closed genus-zero V2/E1/C2/L1/F1 body                  true         true   PASS
  The source is one natural canonical analytic sphere face               true         true   PASS

  ── Exact sphere face offset reconstruction
  The sphere face offset produces a closed solid                         true         true   PASS
  The result retains V2/E1/C2/L1/F1 genus-zero topology                  true         true   PASS
  The result expands only the radius and preserves the centre             true         true   PASS
  The offset volume follows the sphere volume identity              1.016e-03      5.0e-03   PASS
  The separate reconstruction preserves the source                       true         true   PASS
  The public offset dispatcher reaches the sphere route                  true         true   PASS

  ── Sphere face offset refusal boundaries
  A torus remains outside the sphere route                               true         true   PASS
  A cylinder refuses                                                     true         true   PASS
  A revolved annular prism remains a separate route                      true         true   PASS
  A translated sphere refuses                                            true         true   PASS
  Zero, negative, and non-finite offsets refuse                          true         true   PASS
  A malformed sphere face refuses transactionally                        true         true   PASS
  All refusal paths preserve the source                                  true         true   PASS

  ── Distinct sphere face offset proof
> show shading flat
  · shading flat
> view iso
  · view iso  eye (-6.93 -6.93 6.93)  pivot (0.00 0.00 0.00)  distance 12.00  yaw -45.0° pitch 35.3°  persp
> view orbit 25 -18
  · view orbit  eye (-3.92 -10.77 3.56)  pivot (0.00 0.00 0.00)  distance 12.00  yaw -20.0° pitch 17.3°  persp
> view fit
  · view fit  eye (-13.15 -37.85 12.52)  pivot (0.62 0.00 0.00)  distance 42.18  yaw -20.0° pitch 17.3°  persp
> render Phase53_SphereFaceOffset
  · render /home/user/Slate/_AgentScratch/build/SolidArcProofs/Phase53_SphereFaceOffset.png  1600x900  5498.6 ms  32496 tri  120 seg  0 pts  1932593 frag
  The sphere face offset proof render completes                          true         true   PASS
  The sphere proof PNG is visible                                        true         true   PASS

  ──────────────────────────────────────────────────────────────────────────────────────────────────────
  18 checks, 0 failed → ALL PASS


══════════════════════════════════════════════════════════════════════════════════════════════════════════
  SolidArc · Phase 54 · bounded elliptical-annular-prism face offset
══════════════════════════════════════════════════════════════════════════════════════════════════════════
  CHECK                                                              MEASURED        LIMIT   VERDICT
  ──────────────────────────────────────────────────────────────────────────────────────────────────────
  The exact elliptical-annular prism is constructed                      true         true   PASS
  The source has closed genus-one two-loop topology                      true         true   PASS
  Both caps are exact elliptical annuli                                  true         true   PASS
  The selected upper cap and side face are distinct                      true         true   PASS
  All source supports are planar or analytic extrusion faces             true         true   PASS

  ── Exact elliptical-annulus face offset reconstruction
  The selected upper annular cap produces a closed solid                 true         true   PASS
  The result retains genus-one V4/E6/C12/L6/F4 topology                  true         true   PASS
  The offset volume follows outer ellipse area minus inner e        2.977e-04      1.0e-03   PASS
  The result retains both exact elliptical annular caps                  true         true   PASS
  The result remains analytic planar/extrusion geometry                  true         true   PASS
  The separate reconstruction preserves the source                       true         true   PASS
  The public offset dispatcher reaches the elliptical-annulus route             true         true   PASS
  Only the upper annular cap is supported                                true         true   PASS

  ── Elliptical-annulus offset refusal boundaries
  A single-loop elliptical prism refuses the annular route               true         true   PASS
  A circular-holed prism refuses the elliptical-annulus route             true         true   PASS
  A rectangular inner loop refuses                                       true         true   PASS
  A translated elliptical-annular prism refuses                          true         true   PASS
  A sphere refuses                                                       true         true   PASS
  Zero, negative, and non-finite offsets refuse                          true         true   PASS
  A malformed elliptical-annular prism refuses transactionally             true         true   PASS
  All refusal paths preserve the source                                  true         true   PASS

  ── Distinct elliptical-annulus proof
> show shading flat
  · shading flat
> view iso
  · view iso  eye (-6.93 -6.93 6.93)  pivot (0.00 0.00 0.00)  distance 12.00  yaw -45.0° pitch 35.3°  persp
> view orbit 25 -18
  · view orbit  eye (-3.92 -10.77 3.56)  pivot (0.00 0.00 0.00)  distance 12.00  yaw -20.0° pitch 17.3°  persp
> view fit
  · view fit  eye (-11.10 -30.48 13.33)  pivot (-0.00 -0.00 3.25)  distance 33.97  yaw -20.0° pitch 17.3°  persp
> render Phase54_EllipticalAnnularPrismFaceOffset
  · render /home/user/Slate/_AgentScratch/build/SolidArcProofs/Phase54_EllipticalAnnularPrismFaceOffset.png  1600x900  5580.9 ms  5096 tri  612 seg  0 pts  2475173 frag
  The elliptical-annulus proof render completes                          true         true   PASS
  The elliptical-annulus proof PNG is visible                            true         true   PASS

  ──────────────────────────────────────────────────────────────────────────────────────────────────────
  23 checks, 0 failed → ALL PASS


══════════════════════════════════════════════════════════════════════════════════════════════════════════
  SolidArc · Batch 55 · rectangular-frame and annular-sector face offsets
══════════════════════════════════════════════════════════════════════════════════════════════════════════
  CHECK                                                              MEASURED        LIMIT   VERDICT
  ──────────────────────────────────────────────────────────────────────────────────────────────────────
  Both exact batch fixtures are constructed                              true         true   PASS

  ── Exact source recognition
  Rectangular frame is closed genus-one V16/E24/C48/L12/F10              true         true   PASS
  Rectangular frame has two exact planar annular caps                    true         true   PASS
  Annular sector is closed genus-zero V8/E12/C24/L6/F6                   true         true   PASS
  Annular sector has two exact rational arcs and two radial lines per cap             true         true   PASS
  Each route selects a distinct upper, lower, and side face              true         true   PASS
  Both source families remain planar or analytic extrusion geometry             true         true   PASS

  ── Multiple positive distances and public dispatch
  Rectangular-frame offset retains closed genus-one topology             true         true   PASS
  Rectangular-frame result retains two planar rectangular cap loops             true         true   PASS
  Annular-sector offset retains closed genus-zero topology               true         true   PASS
  Annular-sector result retains two rational arcs and two radial cap lines             true         true   PASS
  Rectangular-frame volume matches exact annular area               2.286e-14      1.0e-09   PASS
  Annular-sector volume matches exact sector area                   2.863e-04      1.0e-03   PASS
  Rectangular-frame offset retains closed genus-one topology             true         true   PASS
  Rectangular-frame result retains two planar rectangular cap loops             true         true   PASS
  Annular-sector offset retains closed genus-zero topology               true         true   PASS
  Annular-sector result retains two rational arcs and two radial cap lines             true         true   PASS
  Rectangular-frame volume matches exact annular area               2.205e-14      1.0e-09   PASS
  Annular-sector volume matches exact sector area                   2.863e-04      1.0e-03   PASS
  Rectangular-frame offset retains closed genus-one topology             true         true   PASS
  Rectangular-frame result retains two planar rectangular cap loops             true         true   PASS
  Annular-sector offset retains closed genus-zero topology               true         true   PASS
  Annular-sector result retains two rational arcs and two radial cap lines             true         true   PASS
  Rectangular-frame volume matches exact annular area               2.182e-14      1.0e-09   PASS
  Annular-sector volume matches exact sector area                   2.863e-04      1.0e-03   PASS
  The dispatcher reaches both bounded routes                             true         true   PASS
  Rectangular route preserves its source transactionally                 true         true   PASS
  Annular-sector route preserves its source transactionally              true         true   PASS

  ── Transactional refusal boundaries
  Only rectangular upper cap is supported                                true         true   PASS
  Only annular-sector upper cap is supported                             true         true   PASS
  Zero, negative, and non-finite distances refuse                        true         true   PASS
  Malformed inputs refuse without healing                                true         true   PASS
  Translated fixtures refuse the origin-anchored exact routes             true         true   PASS
  The domains refuse each other's profiles                               true         true   PASS
  All refusal paths preserve both sources                                true         true   PASS

  ── Durable batch contact sheet
> show shading flat
  · shading flat
> view iso
  · view iso  eye (-6.93 -6.93 6.93)  pivot (0.00 0.00 0.00)  distance 12.00  yaw -45.0° pitch 35.3°  persp
> view orbit 25 -18
  · view orbit  eye (-3.92 -10.77 3.56)  pivot (0.00 0.00 0.00)  distance 12.00  yaw -20.0° pitch 17.3°  persp
> view fit
  · view fit  eye (-13.93 -41.39 15.95)  pivot (-0.50 -4.50 3.75)  distance 41.11  yaw -20.0° pitch 17.3°  persp
> render Batch55_RectangularHoledAndAnnularSectorFaceOffset
  · render /home/user/Slate/_AgentScratch/build/SolidArcProofs/Batch55_RectangularHoledAndAnnularSectorFaceOffset.png  1800x900  6147.6 ms  2040 tri  272 seg  0 pts  3532619 frag
  The consolidated proof render completes                                true         true   PASS
  The durable batch proof PNG is visible                                 true         true   PASS

  ──────────────────────────────────────────────────────────────────────────────────────────────────────
  37 checks, 0 failed → ALL PASS


══════════════════════════════════════════════════════════════════════════════════════════════════════════
  SolidArc · Batch 56 · native-cylinder and native-cone upper-cap face offsets
══════════════════════════════════════════════════════════════════════════════════════════════════════════
  CHECK                                                              MEASURED        LIMIT   VERDICT
  ──────────────────────────────────────────────────────────────────────────────────────────────────────
  Both exact native analytic sources are constructed                     true         true   PASS

  ── Exact native source recognition
  The cylinder is closed V2/E3/C6/L3/F3 with one analytic side and two planar caps             true         true   PASS
  The cone frustum is closed V2/E3/C6/L3/F3 with one analytic side and two planar caps             true         true   PASS
  Each route selects distinct upper, lower, and side faces               true         true   PASS

  ── Multiple positive upper-cap distances
  Cylinder cap offset retains closed native topology                     true         true   PASS
  Cone cap offset retains closed native topology                         true         true   PASS
  Cylinder volume follows pi r squared times extended height        2.924e-04      1.0e-03   PASS
  Cone volume follows the frustum identity                          3.820e-04      1.0e-03   PASS
  Cylinder cap offset retains closed native topology                     true         true   PASS
  Cone cap offset retains closed native topology                         true         true   PASS
  Cylinder volume follows pi r squared times extended height        2.924e-04      1.0e-03   PASS
  Cone volume follows the frustum identity                          3.927e-04      1.0e-03   PASS
  Cylinder cap offset retains closed native topology                     true         true   PASS
  Cone cap offset retains closed native topology                         true         true   PASS
  Cylinder volume follows pi r squared times extended height        2.924e-04      1.0e-03   PASS
  Cone volume follows the frustum identity                          4.042e-04      1.0e-03   PASS
  The public dispatcher reaches both native upper-cap routes             true         true   PASS
  Both native reconstructions preserve their sources                     true         true   PASS

  ── Transactional refusal boundaries
  Only the cylinder upper planar cap is supported                        true         true   PASS
  Only the cone upper planar cap is supported                            true         true   PASS
  Zero, negative, and non-finite distances refuse for both routes             true         true   PASS
  Translated native supports refuse the origin-anchored routes             true         true   PASS
  The routes refuse each other's analytic support                        true         true   PASS
  An apex cone remains outside the full-frustum cone-cap route             true         true   PASS
  A tapering cone refuses a positive extension that crosses the apex             true         true   PASS
  Malformed native supports refuse without healing                       true         true   PASS
  All refusal paths preserve both valid sources                          true         true   PASS

  ── Durable native-cap contact sheet
> show shading flat
  · shading flat
> view iso
  · view iso  eye (-6.93 -6.93 6.93)  pivot (0.00 0.00 0.00)  distance 12.00  yaw -45.0° pitch 35.3°  persp
> view orbit 25 -18
  · view orbit  eye (-3.92 -10.77 3.56)  pivot (0.00 0.00 0.00)  distance 12.00  yaw -20.0° pitch 17.3°  persp
> view fit
  · view fit  eye (-12.70 -44.38 17.11)  pivot (2.00 -4.00 3.75)  distance 45.00  yaw -20.0° pitch 17.3°  persp
> render Batch56_NativeCylinderAndConeCapFaceOffset
  · render /home/user/Slate/_AgentScratch/build/SolidArcProofs/Batch56_NativeCylinderAndConeCapFaceOffset.png  1800x900  6712.8 ms  6768 tri  896 seg  0 pts  3053580 frag
  The consolidated native-cap proof render completes                     true         true   PASS
  The durable native-cap proof PNG is visible                            true         true   PASS

  ──────────────────────────────────────────────────────────────────────────────────────────────────────
  29 checks, 0 failed → ALL PASS


══════════════════════════════════════════════════════════════════════════════════════════════════════════
  SolidArc · Batch 57 · regular triangular and hexagonal prism face offsets
══════════════════════════════════════════════════════════════════════════════════════════════════════════
  CHECK                                                              MEASURED        LIMIT   VERDICT
  ──────────────────────────────────────────────────────────────────────────────────────────────────────
  Both exact regular prism fixtures are constructed                      true         true   PASS

  ── Exact regular source recognition
  Triangle source is closed V6/E9/C18/L5/F5                              true         true   PASS
  Hexagon source is closed V12/E18/C36/L8/F8                             true         true   PASS
  Each route selects distinct upper, lower, and side faces               true         true   PASS

  ── Multiple positive upper-cap distances
  Triangle offset retains closed V6/E9/C18/L5/F5 topology                true         true   PASS
  Hexagon offset retains closed V12/E18/C36/L8/F8 topology               true         true   PASS
  Triangle volume follows exact regular-triangle area times         3.366e-14      1.0e-03   PASS
  Hexagon volume follows exact regular-hexagon area times he        2.104e-15      1.0e-03   PASS
  Triangle offset retains closed V6/E9/C18/L5/F5 topology                true         true   PASS
  Hexagon offset retains closed V12/E18/C36/L8/F8 topology               true         true   PASS
  Triangle volume follows exact regular-triangle area times         3.355e-14      1.0e-03   PASS
  Hexagon volume follows exact regular-hexagon area times he        2.006e-15      1.0e-03   PASS
  Triangle offset retains closed V6/E9/C18/L5/F5 topology                true         true   PASS
  Hexagon offset retains closed V12/E18/C36/L8/F8 topology               true         true   PASS
  Triangle volume follows exact regular-triangle area times         3.358e-14      1.0e-03   PASS
  Hexagon volume follows exact regular-hexagon area times he        2.735e-15      1.0e-03   PASS
  The public dispatcher reaches both regular-prism routes                true         true   PASS
  Both separate reconstructions preserve their sources                   true         true   PASS

  ── Transactional refusal boundaries
  Only the triangular upper cap is supported                             true         true   PASS
  Only the hexagonal upper cap is supported                              true         true   PASS
  The routes refuse each other's polygon topology                        true         true   PASS
  Zero, negative, and non-finite distances refuse for both routes             true         true   PASS
  Translated regular prisms refuse the origin-anchored routes             true         true   PASS
  A non-regular triangular prism refuses                                 true         true   PASS
  Malformed regular prisms refuse without healing                        true         true   PASS
  All refusal paths preserve both valid sources                          true         true   PASS

  ── Durable regular-prism contact sheet
> show shading flat
  · shading flat
> view iso
  · view iso  eye (-6.93 -6.93 6.93)  pivot (0.00 0.00 0.00)  distance 12.00  yaw -45.0° pitch 35.3°  persp
> view orbit 25 -18
  · view orbit  eye (-3.92 -10.77 3.56)  pivot (0.00 0.00 0.00)  distance 12.00  yaw -20.0° pitch 17.3°  persp
> view fit
  · view fit  eye (-9.25 -33.52 13.51)  pivot (1.50 -4.00 3.75)  distance 32.90  yaw -20.0° pitch 17.3°  persp
> render Batch57_TriangularAndHexagonalPrismFaceOffset
  · render /home/user/Slate/_AgentScratch/build/SolidArcProofs/Batch57_TriangularAndHexagonalPrismFaceOffset.png  1800x900  6007.4 ms  272 tri  54 seg  0 pts  2899723 frag
  The consolidated regular-prism proof render completes                  true         true   PASS
  The durable regular-prism proof PNG is visible                         true         true   PASS

  ──────────────────────────────────────────────────────────────────────────────────────────────────────
  28 checks, 0 failed → ALL PASS


══════════════════════════════════════════════════════════════════════════════════════════════════════════
  SolidArc · Batch 58 · twin rectangular-hole and triple circular-hole prism offsets
══════════════════════════════════════════════════════════════════════════════════════════════════════════
  CHECK                                                              MEASURED        LIMIT   VERDICT
  ──────────────────────────────────────────────────────────────────────────────────────────────────────
  Both exact multi-loop fixtures are constructed                         true         true   PASS

  ── Exact multi-loop source recognition
  Twin rectangular-hole source is closed genus-two V24/E36/C72/L18/F14             true         true   PASS
  Triple circular-hole source is closed genus-three V14/E21/C42/L15/F9             true         true   PASS
  Each source selects distinct upper, lower, and side faces              true         true   PASS

  ── Multiple positive upper-cap distances
  Twin rectangular-hole offset retains genus-two topology                true         true   PASS
  Triple circular-hole offset retains genus-three topology               true         true   PASS
  Twin rectangular-hole volume follows exact area times heig        1.603e-14      1.0e-03   PASS
  Triple circular-hole volume follows exact area times heigh        2.835e-05      1.0e-03   PASS
  Twin rectangular-hole offset retains genus-two topology                true         true   PASS
  Triple circular-hole offset retains genus-three topology               true         true   PASS
  Twin rectangular-hole volume follows exact area times heig        1.570e-14      1.0e-03   PASS
  Triple circular-hole volume follows exact area times heigh        2.835e-05      1.0e-03   PASS
  Twin rectangular-hole offset retains genus-two topology                true         true   PASS
  Triple circular-hole offset retains genus-three topology               true         true   PASS
  Twin rectangular-hole volume follows exact area times heig        1.609e-14      1.0e-03   PASS
  Triple circular-hole volume follows exact area times heigh        2.835e-05      1.0e-03   PASS
  The public dispatcher reaches both multi-loop routes                   true         true   PASS
  Both multi-loop reconstructions preserve their sources                 true         true   PASS

  ── Transactional refusal boundaries
  Only the twin rectangular upper cap is supported                       true         true   PASS
  Only the triple circular upper cap is supported                        true         true   PASS
  The routes refuse each other's multi-loop profile                      true         true   PASS
  Zero, negative, and non-finite distances refuse for both routes             true         true   PASS
  Translated multi-loop profiles refuse the origin-anchored routes             true         true   PASS
  A two-circular-hole genus-two prism remains outside the triple-hole route             true         true   PASS
  Non-canonical hole dimensions and placements remain outside both strict routes             true         true   PASS
  A single rectangular-hole prism remains outside the twin-rectangular-hole route             true         true   PASS
  Malformed multi-loop profiles refuse without healing                   true         true   PASS
  All refusal paths preserve both valid sources                          true         true   PASS

  ── Durable multi-loop contact sheet
> show shading flat
  · shading flat
> view iso
  · view iso  eye (-6.93 -6.93 6.93)  pivot (0.00 0.00 0.00)  distance 12.00  yaw -45.0° pitch 35.3°  persp
> view orbit 25 -18
  · view orbit  eye (-3.92 -10.77 3.56)  pivot (0.00 0.00 0.00)  distance 12.00  yaw -20.0° pitch 17.3°  persp
> view fit
  · view fit  eye (-14.70 -47.14 18.02)  pivot (1.00 -4.00 3.75)  distance 48.08  yaw -20.0° pitch 17.3°  persp
> render Batch58_TwinRectangularAndTripleCircularHoledFaceOffset
  · render /home/user/Slate/_AgentScratch/build/SolidArcProofs/Batch58_TwinRectangularAndTripleCircularHoledFaceOffset.png  1800x900  6487.7 ms  6692 tri  774 seg  0 pts  5575020 frag
  The consolidated multi-loop proof render completes                     true         true   PASS
  The durable multi-loop proof PNG is visible                            true         true   PASS

  ──────────────────────────────────────────────────────────────────────────────────────────────────────
  30 checks, 0 failed → ALL PASS


══════════════════════════════════════════════════════════════════════════════════════════════════════════
  SolidArc · Batch 59 · twin elliptical-hole and elliptical/circular-hole prism offsets
══════════════════════════════════════════════════════════════════════════════════════════════════════════
  CHECK                                                              MEASURED        LIMIT   VERDICT
  ──────────────────────────────────────────────────────────────────────────────────────────────────────
  Both exact elliptical multi-loop fixtures are constructed              true         true   PASS

  ── Exact elliptical and mixed-support source recognition
  Twin elliptical-hole source is closed genus-two V12/E18/C36/L12/F8             true         true   PASS
  Elliptical/circular-hole source is closed genus-two V12/E18/C36/L12/F8             true         true   PASS
  Each source selects distinct upper, lower, and side faces              true         true   PASS

  ── Multiple positive upper-cap distances
  Twin elliptical-hole offset retains genus-two topology                 true         true   PASS
  Elliptical/circular-hole offset retains mixed analytic supports             true         true   PASS
  Twin elliptical-hole volume follows exact ellipse-area ide        2.748e-05      1.0e-03   PASS
  Elliptical/circular-hole volume follows exact mixed-area i        2.478e-05      1.0e-03   PASS
  Twin elliptical-hole offset retains genus-two topology                 true         true   PASS
  Elliptical/circular-hole offset retains mixed analytic supports             true         true   PASS
  Twin elliptical-hole volume follows exact ellipse-area ide        2.748e-05      1.0e-03   PASS
  Elliptical/circular-hole volume follows exact mixed-area i        2.478e-05      1.0e-03   PASS
  Twin elliptical-hole offset retains genus-two topology                 true         true   PASS
  Elliptical/circular-hole offset retains mixed analytic supports             true         true   PASS
  Twin elliptical-hole volume follows exact ellipse-area ide        2.748e-05      1.0e-03   PASS
  Elliptical/circular-hole volume follows exact mixed-area i        2.478e-05      1.0e-03   PASS
  The public dispatcher reaches both elliptical multi-loop routes             true         true   PASS
  Both elliptical multi-loop reconstructions preserve their sources             true         true   PASS

  ── Transactional refusal boundaries
  Only the twin elliptical upper cap is supported                        true         true   PASS
  Only the mixed elliptical/circular upper cap is supported              true         true   PASS
  The two strict routes refuse each other's support set                  true         true   PASS
  Zero, negative, and non-finite distances refuse for both routes             true         true   PASS
  Translated elliptical multi-loop profiles refuse the origin-anchored routes             true         true   PASS
  Non-canonical ellipse and circle dimensions remain refused             true         true   PASS
  A single elliptical-hole prism remains outside the twin-hole route             true         true   PASS
  Malformed elliptical multi-loop profiles refuse without healing             true         true   PASS
  All refusal paths preserve both valid sources                          true         true   PASS

  ── Durable elliptical multi-loop contact sheet
> show shading flat
  · shading flat
> view iso
  · view iso  eye (-6.93 -6.93 6.93)  pivot (0.00 0.00 0.00)  distance 12.00  yaw -45.0° pitch 35.3°  persp
> view orbit 25 -18
  · view orbit  eye (-3.92 -10.77 3.56)  pivot (0.00 0.00 0.00)  distance 12.00  yaw -20.0° pitch 17.3°  persp
> view fit
  · view fit  eye (-19.60 -53.85 21.56)  pivot (0.00 0.00 3.75)  distance 60.01  yaw -20.0° pitch 17.3°  persp
> render Batch59_TwinEllipticalAndEllipticalCircularHoledFaceOffset
  · render /home/user/Slate/_AgentScratch/build/SolidArcProofs/Batch59_TwinEllipticalAndEllipticalCircularHoledFaceOffset.png  1800x900  6863.6 ms  10304 tri  1080 seg  0 pts  4554924 frag
  The consolidated elliptical multi-loop proof render completes             true         true   PASS
  The durable elliptical multi-loop proof PNG is visible                 true         true   PASS

  ──────────────────────────────────────────────────────────────────────────────────────────────────────
  29 checks, 0 failed → ALL PASS


══════════════════════════════════════════════════════════════════════════════════════════════════════════
  SolidArc · Batch 60 · triple elliptical-hole and double elliptical/circular-hole prism offsets
══════════════════════════════════════════════════════════════════════════════════════════════════════════
  CHECK                                                              MEASURED        LIMIT   VERDICT
  ──────────────────────────────────────────────────────────────────────────────────────────────────────
  Both exact genus-three elliptical multi-loop fixtures are constructed             true         true   PASS

  ── Exact genus-three elliptical and mixed-support source recognition
  Triple elliptical-hole source is closed genus-three V14/E21/C42/L15/F9             true         true   PASS
  Double elliptical/circular-hole source is closed genus-three V14/E21/C42/L15/F9             true         true   PASS
  Each source selects distinct upper, lower, and side faces              true         true   PASS

  ── Multiple positive upper-cap distances
  Triple elliptical-hole offset retains genus-three topology             true         true   PASS
  Double elliptical/circular-hole offset retains mixed analytic supports             true         true   PASS
  Triple elliptical-hole volume follows exact ellipse-area i        2.120e-05      1.0e-03   PASS
  Double elliptical/circular-hole volume follows exact mixed        2.051e-05      1.0e-03   PASS
  Triple elliptical-hole offset retains genus-three topology             true         true   PASS
  Double elliptical/circular-hole offset retains mixed analytic supports             true         true   PASS
  Triple elliptical-hole volume follows exact ellipse-area i        2.120e-05      1.0e-03   PASS
  Double elliptical/circular-hole volume follows exact mixed        2.051e-05      1.0e-03   PASS
  Triple elliptical-hole offset retains genus-three topology             true         true   PASS
  Double elliptical/circular-hole offset retains mixed analytic supports             true         true   PASS
  Triple elliptical-hole volume follows exact ellipse-area i        2.120e-05      1.0e-03   PASS
  Double elliptical/circular-hole volume follows exact mixed        2.051e-05      1.0e-03   PASS
  The public dispatcher reaches both genus-three elliptical routes             true         true   PASS
  Both genus-three elliptical reconstructions preserve their sources             true         true   PASS

  ── Transactional refusal boundaries
  Only the triple elliptical upper cap is supported                      true         true   PASS
  Only the mixed genus-three upper cap is supported                      true         true   PASS
  The two strict routes refuse each other's support set                  true         true   PASS
  Zero, negative, and non-finite distances refuse for both routes             true         true   PASS
  Translated genus-three elliptical profiles refuse the origin-anchored routes             true         true   PASS
  Non-canonical genus-three ellipse and circle dimensions remain refused             true         true   PASS
  A two-elliptical-hole genus-two prism remains outside the triple-hole route             true         true   PASS
  Malformed genus-three elliptical profiles refuse without healing             true         true   PASS
  All refusal paths preserve both valid sources                          true         true   PASS

  ── Durable genus-three elliptical multi-loop contact sheet
> show shading flat
  · shading flat
> view iso
  · view iso  eye (-6.93 -6.93 6.93)  pivot (0.00 0.00 0.00)  distance 12.00  yaw -45.0° pitch 35.3°  persp
> view orbit 25 -18
  · view orbit  eye (-3.92 -10.77 3.56)  pivot (0.00 0.00 0.00)  distance 12.00  yaw -20.0° pitch 17.3°  persp
> view fit
  · view fit  eye (-21.61 -59.38 23.39)  pivot (0.00 0.00 3.75)  distance 66.17  yaw -20.0° pitch 17.3°  persp
> render Batch60_TripleEllipticalAndDoubleEllipticalCircularHoledFaceOffset
  · render /home/user/Slate/_AgentScratch/build/SolidArcProofs/Batch60_TripleEllipticalAndDoubleEllipticalCircularHoledFaceOffset.png  1800x900  6985.2 ms  14600 tri  1500 seg  0 pts  4813219 frag
  The consolidated genus-three elliptical proof render completes             true         true   PASS
  The durable genus-three elliptical proof PNG is visible                true         true   PASS

  ──────────────────────────────────────────────────────────────────────────────────────────────────────
  29 checks, 0 failed → ALL PASS


══════════════════════════════════════════════════════════════════════════════════════════════════════════
  SolidArc · Batch 61 · hexagonal elliptical-holed and concave twin-circular-holed prism offsets
══════════════════════════════════════════════════════════════════════════════════════════════════════════
  CHECK                                                              MEASURED        LIMIT   VERDICT
  ──────────────────────────────────────────────────────────────────────────────────────────────────────
  Both exact non-rectangular holed prism fixtures are constructed             true         true   PASS

  ── Exact non-rectangular holed source recognition
  Hexagonal elliptical-holed source is closed genus-one V14/E21/C42/L11/F9             true         true   PASS
  Concave twin-circular-holed source is closed genus-two V16/E24/C48/L14/F10             true         true   PASS
  Each source selects distinct upper, lower, and side faces              true         true   PASS

  ── Multiple positive upper-cap distances
  Hexagonal elliptical-holed offset retains genus-one topology and cap             true         true   PASS
  Concave twin-circular-holed offset retains genus-two topology and cap             true         true   PASS
  Hexagonal elliptical-holed volume follows the exact hexago        5.967e-05      1.0e-03   PASS
  Concave twin-holed volume follows the exact L-profile/circ        4.641e-05      1.0e-03   PASS
  Hexagonal elliptical-holed offset retains genus-one topology and cap             true         true   PASS
  Concave twin-circular-holed offset retains genus-two topology and cap             true         true   PASS
  Hexagonal elliptical-holed volume follows the exact hexago        5.967e-05      1.0e-03   PASS
  Concave twin-holed volume follows the exact L-profile/circ        4.641e-05      1.0e-03   PASS
  Hexagonal elliptical-holed offset retains genus-one topology and cap             true         true   PASS
  Concave twin-circular-holed offset retains genus-two topology and cap             true         true   PASS
  Hexagonal elliptical-holed volume follows the exact hexago        5.967e-05      1.0e-03   PASS
  Concave twin-holed volume follows the exact L-profile/circ        4.641e-05      1.0e-03   PASS
  The public dispatcher reaches both non-rectangular holed routes             true         true   PASS
  Both non-rectangular holed reconstructions preserve their sources             true         true   PASS

  ── Transactional refusal boundaries
  Only the hexagonal elliptical-holed upper cap is supported             true         true   PASS
  Only the concave twin-holed upper cap is supported                     true         true   PASS
  The two strict routes refuse each other's source                       true         true   PASS
  Zero, negative, and non-finite distances refuse for both routes             true         true   PASS
  Translated non-rectangular holed profiles refuse the origin-anchored routes             true         true   PASS
  Non-canonical polygon, ellipse, and hole dimensions remain refused             true         true   PASS
  Wrong hole counts remain outside both strict routes                    true         true   PASS
  Mismatched hole supports refuse the opposite strict route              true         true   PASS
  Hole-free hexagonal and concave prisms stay outside the holed routes             true         true   PASS
  Malformed non-rectangular holed profiles refuse without healing             true         true   PASS
  All refusal paths preserve both valid sources                          true         true   PASS

  ── Durable non-rectangular holed contact sheet
> show shading flat
  · shading flat
> view iso
  · view iso  eye (-6.93 -6.93 6.93)  pivot (0.00 0.00 0.00)  distance 12.00  yaw -45.0° pitch 35.3°  persp
> view orbit 25 -18
  · view orbit  eye (-3.92 -10.77 3.56)  pivot (0.00 0.00 0.00)  distance 12.00  yaw -20.0° pitch 17.3°  persp
> view fit
  · view fit  eye (-14.94 -43.80 18.24)  pivot (1.00 0.00 3.75)  distance 48.82  yaw -20.0° pitch 17.3°  persp
> render Batch61_HexagonalEllipticalHoledAndConcaveTwinCircularHoledFaceOffset
  · render /home/user/Slate/_AgentScratch/build/SolidArcProofs/Batch61_HexagonalEllipticalHoledAndConcaveTwinCircularHoledFaceOffset.png  1800x900  6021.9 ms  6644 tri  734 seg  0 pts  3056056 frag
  The consolidated non-rectangular holed proof render completes             true         true   PASS
  The durable non-rectangular holed proof PNG is visible                 true         true   PASS

  ──────────────────────────────────────────────────────────────────────────────────────────────────────
  31 checks, 0 failed → ALL PASS


══════════════════════════════════════════════════════════════════════════════════════════════════════════
  SolidArc · Batch 62 · circular-bored elliptical and pentagonal twin-circular-holed prism offsets
══════════════════════════════════════════════════════════════════════════════════════════════════════════
  CHECK                                                              MEASURED        LIMIT   VERDICT
  ──────────────────────────────────────────────────────────────────────────────────────────────────────
  Both exact curved-profile and pentagonal holed fixtures are constructed             true         true   PASS

  ── Exact curved-profile and pentagonal holed source recognition
  Circular-bored elliptical source is closed genus-one V4/E6/C12/L6/F4             true         true   PASS
  Pentagonal twin-holed source is closed genus-two V14/E21/C42/L13/F9             true         true   PASS
  Each source selects distinct upper, lower, and side faces              true         true   PASS

  ── Multiple positive upper-cap distances
  Circular-bored elliptical offset retains genus-one topology and bore             true         true   PASS
  Pentagonal twin-holed offset retains genus-two topology and holes             true         true   PASS
  Circular-bored elliptical volume follows the exact ellipse        2.867e-04      1.0e-03   PASS
  Pentagonal twin-holed volume follows the exact pentagon/ho        6.242e-05      1.0e-03   PASS
  Circular-bored elliptical offset retains genus-one topology and bore             true         true   PASS
  Pentagonal twin-holed offset retains genus-two topology and holes             true         true   PASS
  Circular-bored elliptical volume follows the exact ellipse        2.867e-04      1.0e-03   PASS
  Pentagonal twin-holed volume follows the exact pentagon/ho        6.242e-05      1.0e-03   PASS
  Circular-bored elliptical offset retains genus-one topology and bore             true         true   PASS
  Pentagonal twin-holed offset retains genus-two topology and holes             true         true   PASS
  Circular-bored elliptical volume follows the exact ellipse        2.867e-04      1.0e-03   PASS
  Pentagonal twin-holed volume follows the exact pentagon/ho        6.242e-05      1.0e-03   PASS
  The public dispatcher reaches both new holed routes                    true         true   PASS
  Both new holed reconstructions preserve their sources                  true         true   PASS

  ── Transactional refusal boundaries
  Only the circular-bored elliptical upper cap is supported              true         true   PASS
  Only the pentagonal twin-holed upper cap is supported                  true         true   PASS
  The two strict routes refuse each other's source                       true         true   PASS
  Zero, negative, and non-finite distances refuse for both routes             true         true   PASS
  Translated curved-profile and pentagonal sources refuse the anchored routes             true         true   PASS
  Non-canonical profile, bore, and hole dimensions remain refused             true         true   PASS
  Mismatched supports and wrong hole counts stay outside the new routes             true         true   PASS
  Earlier concentric-annulus and hole-free pentagon domains still route exactly             true         true   PASS
  Malformed curved-profile and pentagonal sources refuse without healing             true         true   PASS
  All refusal paths preserve both valid sources                          true         true   PASS

  ── Durable curved-profile and pentagonal holed contact sheet
> show shading flat
  · shading flat
> view iso
  · view iso  eye (-6.93 -6.93 6.93)  pivot (0.00 0.00 0.00)  distance 12.00  yaw -45.0° pitch 35.3°  persp
> view orbit 25 -18
  · view orbit  eye (-3.92 -10.77 3.56)  pivot (0.00 0.00 0.00)  distance 12.00  yaw -20.0° pitch 17.3°  persp
> view fit
  · view fit  eye (-16.61 -42.88 17.93)  pivot (-1.00 0.00 3.75)  distance 47.79  yaw -20.0° pitch 17.3°  persp
> render Batch62_CircularBoredEllipticalAndPentagonalTwinCircularHoledFaceOffset
  · render /home/user/Slate/_AgentScratch/build/SolidArcProofs/Batch62_CircularBoredEllipticalAndPentagonalTwinCircularHoledFaceOffset.png  1800x900  6231.2 ms  9384 tri  1078 seg  0 pts  2890782 frag
  The consolidated curved-profile and pentagonal holed proof render completes             true         true   PASS
  The durable curved-profile and pentagonal holed proof PNG is visible             true         true   PASS

  ──────────────────────────────────────────────────────────────────────────────────────────────────────
  30 checks, 0 failed → ALL PASS


══════════════════════════════════════════════════════════════════════════════════════════════════════════
  SolidArc · Batch 63 · rectangular slot-holed and slot-profile circular-bored prism offsets
══════════════════════════════════════════════════════════════════════════════════════════════════════════
  CHECK                                                              MEASURED        LIMIT   VERDICT
  ──────────────────────────────────────────────────────────────────────────────────────────────────────
  Both exact slot-support fixtures are constructed                       true         true   PASS

  ── Exact slot-support source recognition
  Rectangular slot-holed source is closed genus-one V10/E15/C30/L9/F7             true         true   PASS
  Slot-profile bored source is closed genus-one V4/E6/C12/L6/F4             true         true   PASS
  Each source carries exactly two exact thirteen-pole slot curves             true         true   PASS
  Each source selects distinct upper, lower, and side faces              true         true   PASS

  ── Multiple positive upper-cap distances
  Rectangular slot-holed offset retains genus-one topology and slot hole             true         true   PASS
  Slot-profile bored offset retains genus-one topology and circular bore             true         true   PASS
  Rectangular slot-holed volume follows the exact rectangle/        1.666e-05      1.0e-03   PASS
  Slot-profile bored volume follows the exact slot/bore iden        6.224e-05      1.0e-03   PASS
  Rectangular slot-holed offset retains genus-one topology and slot hole             true         true   PASS
  Slot-profile bored offset retains genus-one topology and circular bore             true         true   PASS
  Rectangular slot-holed volume follows the exact rectangle/        1.666e-05      1.0e-03   PASS
  Slot-profile bored volume follows the exact slot/bore iden        6.224e-05      1.0e-03   PASS
  Rectangular slot-holed offset retains genus-one topology and slot hole             true         true   PASS
  Slot-profile bored offset retains genus-one topology and circular bore             true         true   PASS
  Rectangular slot-holed volume follows the exact rectangle/        1.666e-05      1.0e-03   PASS
  Slot-profile bored volume follows the exact slot/bore iden        6.224e-05      1.0e-03   PASS
  The public dispatcher reaches both new slot routes with identical results             true         true   PASS
  Both new slot reconstructions preserve their sources                   true         true   PASS

  ── Transactional refusal boundaries
  Only the rectangular slot-holed upper cap is supported                 true         true   PASS
  Only the slot-profile bored upper cap is supported                     true         true   PASS
  The two strict slot routes refuse each other's source                  true         true   PASS
  Zero, negative, and non-finite distances refuse for both routes             true         true   PASS
  Translated slot sources refuse the anchored routes                     true         true   PASS
  Non-canonical rectangle, slot, and bore dimensions remain refused             true         true   PASS
  Wrong slot counts and mismatched bore supports stay outside the new routes             true         true   PASS
  Earlier circular-holed and bored-elliptical domains still route exactly             true         true   PASS
  The hole-free slot prism remains outside both new slot routes             true         true   PASS
  Malformed slot sources refuse without healing                          true         true   PASS
  All refusal paths preserve both valid sources                          true         true   PASS

  ── Durable slot-support contact sheet
> show shading flat
  · shading flat
> view iso
  · view iso  eye (-6.93 -6.93 6.93)  pivot (0.00 0.00 0.00)  distance 12.00  yaw -45.0° pitch 35.3°  persp
> view orbit 25 -18
  · view orbit  eye (-3.92 -10.77 3.56)  pivot (0.00 0.00 0.00)  distance 12.00  yaw -20.0° pitch 17.3°  persp
> view fit
  · view fit  eye (-21.10 -47.66 19.51)  pivot (-3.75 0.00 3.75)  distance 53.12  yaw -20.0° pitch 17.3°  persp
> render Batch63_RectangularSlotHoledAndSlotProfileBoredFaceOffset
  · render /home/user/Slate/_AgentScratch/build/SolidArcProofs/Batch63_RectangularSlotHoledAndSlotProfileBoredFaceOffset.png  1800x900  6372.9 ms  7179 tri  766 seg  0 pts  3409724 frag
  The consolidated slot-support proof render completes                   true         true   PASS
  The durable slot-support proof PNG is visible                          true         true   PASS

  ──────────────────────────────────────────────────────────────────────────────────────────────────────
  32 checks, 0 failed → ALL PASS


══════════════════════════════════════════════════════════════════════════════════════════════════════════
  SolidArc · Batch 64 · circular-bored rounded-rectangular and rounded-rectangular-holed prism offsets
══════════════════════════════════════════════════════════════════════════════════════════════════════════
  CHECK                                                              MEASURED        LIMIT   VERDICT
  ──────────────────────────────────────────────────────────────────────────────────────────────────────
  Both exact filleted-rectangle fixtures are constructed                 true         true   PASS

  ── Exact filleted-rectangle source recognition
  Circular-bored rounded-rectangular source is closed genus-one V4/E6/C12/L6/F4             true         true   PASS
  Rounded-rectangular-holed source is closed genus-one V10/E15/C30/L9/F7             true         true   PASS
  Each source carries exactly two exact seventeen-pole filleted-rectangle curves             true         true   PASS
  Each source selects distinct upper, lower, and side faces              true         true   PASS

  ── Multiple positive upper-cap distances
  Circular-bored rounded-rectangular offset retains genus-one topology and bore             true         true   PASS
  Rounded-rectangular-holed offset retains genus-one topology and filleted hole             true         true   PASS
  Circular-bored rounded-rectangular volume follows the exac        5.426e-06      1.0e-03   PASS
  Rounded-rectangular-holed volume follows the exact rectang        1.259e-05      1.0e-03   PASS
  Circular-bored rounded-rectangular offset retains genus-one topology and bore             true         true   PASS
  Rounded-rectangular-holed offset retains genus-one topology and filleted hole             true         true   PASS
  Circular-bored rounded-rectangular volume follows the exac        5.426e-06      1.0e-03   PASS
  Rounded-rectangular-holed volume follows the exact rectang        1.259e-05      1.0e-03   PASS
  Circular-bored rounded-rectangular offset retains genus-one topology and bore             true         true   PASS
  Rounded-rectangular-holed offset retains genus-one topology and filleted hole             true         true   PASS
  Circular-bored rounded-rectangular volume follows the exac        5.426e-06      1.0e-03   PASS
  Rounded-rectangular-holed volume follows the exact rectang        1.259e-05      1.0e-03   PASS
  The public dispatcher reaches both new filleted routes with identical results             true         true   PASS
  Both new filleted reconstructions preserve their sources               true         true   PASS

  ── Transactional refusal boundaries
  Only the circular-bored rounded-rectangular upper cap is supported             true         true   PASS
  Only the rounded-rectangular-holed upper cap is supported              true         true   PASS
  The two strict filleted routes refuse each other's source              true         true   PASS
  Zero, negative, and non-finite distances refuse for both routes             true         true   PASS
  Translated filleted-rectangle sources refuse the anchored routes             true         true   PASS
  Non-canonical half-extents, corner radii, and bore placements remain refused             true         true   PASS
  Non-canonical rectangle and filleted-hole dimensions remain refused             true         true   PASS
  Wrong hole counts and mismatched bore supports stay outside the new routes             true         true   PASS
  Earlier circular-holed, slot-holed, and bored curved-profile domains still route exactly             true         true   PASS
  The hole-free filleted-rectangle prism remains outside both new routes             true         true   PASS
  Malformed filleted-rectangle sources refuse without healing             true         true   PASS
  All refusal paths preserve both valid sources                          true         true   PASS

  ── Durable filleted-rectangle contact sheet
> show shading flat
  · shading flat
> view iso
  · view iso  eye (-6.93 -6.93 6.93)  pivot (0.00 0.00 0.00)  distance 12.00  yaw -45.0° pitch 35.3°  persp
> view orbit 25 -18
  · view orbit  eye (-3.92 -10.77 3.56)  pivot (0.00 0.00 0.00)  distance 12.00  yaw -20.0° pitch 17.3°  persp
> view fit
  · view fit  eye (-19.26 -48.80 19.89)  pivot (-1.50 0.00 3.75)  distance 54.39  yaw -20.0° pitch 17.3°  persp
> render Batch64_CircularBoredRoundedRectangularAndRoundedRectangularHoledFaceOffset
  · render /home/user/Slate/_AgentScratch/build/SolidArcProofs/Batch64_CircularBoredRoundedRectangularAndRoundedRectangularHoledFaceOffset.png  1800x900  6231.8 ms  6988 tri  782 seg  0 pts  3460743 frag
  The consolidated filleted-rectangle proof render completes             true         true   PASS
  The durable filleted-rectangle proof PNG is visible                    true         true   PASS

  ──────────────────────────────────────────────────────────────────────────────────────────────────────
  33 checks, 0 failed → ALL PASS


══════════════════════════════════════════════════════════════════════════════════════════════════════════
  SolidArc · Phase 25 · Cylinder Chamfer Verification — exact cone-frustum bevels on curved circular edges
══════════════════════════════════════════════════════════════════════════════════════════════════════════
  CHECK                                                              MEASURED        LIMIT   VERDICT
  ──────────────────────────────────────────────────────────────────────────────────────────────────────

  ── Circular top and bottom cap edges rebuild as exact cylinder-plus-cone solids
  Native cylinder exposes both circular cap edges                        true         true   PASS
  The generic straight-edge frame deliberately refuses a circular cap edge             true         true   PASS
  The top circular-cap chamfer is a closed manifold solid                true         true   PASS
  The top chamfer has the intended 3V/5E/4F topology                     true         true   PASS
  The top chamfer is an exact conical SetBack=3 surface                  true         true   PASS
  The top chamfer volume observes the analytic frustum withi        3.397e-04      4.0e-04   PASS
  The bottom circular-cap chamfer is a closed manifold solid             true         true   PASS
  The bottom chamfer has the intended 3V/5E/4F topology                  true         true   PASS
  The bottom chamfer is an exact conical SetBack=3 surface               true         true   PASS
  The bottom chamfer volume observes the analytic frustum wi        2.725e-04      4.0e-04   PASS

  ── Axis-independent construction preserves the exact conical bevel
  An oblique, non-unit construction axis exposes its upper circular cap edge             true         true   PASS
  The oblique circular-cap chamfer remains a closed manifold solid             true         true   PASS
  The oblique chamfer retains the exact sampled conical generatrix             true         true   PASS

  ── The structural circular-cap route does not overclaim equivalent-looking topology
  The independently sewn circular extrusion is a valid solid with a circular cap edge             true         true   PASS
  Circular-extrusion cap chamfer stays on the unsupported curved-edge path             true         true   PASS

  ── Feasibility limits refuse instead of collapsing the cylinder
  Set-back reaching the cylinder axis is refused                         true         true   PASS
  Set-back consuming the full height is refused                          true         true   PASS

  ── C++ console proof: top and bottom circular-edge chamfers
> gizmo off
  · gizmo off  layout combined  pivot (-nan -nan -nan)  view free  hover none
> reset
  · scene reset (empty, workplane xy)
> view iso
  · view iso  eye (-6.93 -6.93 6.93)  pivot (0.00 0.00 0.00)  distance 12.00  yaw -45.0° pitch 35.3°  persp
> cylinder (0,0,0) 10 20 --name=TopSource
  · #1   TopSource          solid    V2 E3 F3  χ=2 genus 0  vol 6281.4394  area 1884.8127  bounds [-10.00 -10.00 0.00]–[10.00 10.00 20.00]
> chamfer TopSource 3 --edges=2 --name=TopChamfer
  · chamfer TopSource → TopChamfer  setback 3.0000  edges 1/1
> matcap TopChamfer gold
  · #2 TopChamfer → gold
> view fit
  · view fit  eye (-35.34 -35.34 45.34)  pivot (0.00 0.00 10.00)  distance 61.22  yaw -45.0° pitch 35.3°  persp
> view dolly 0.78
  · view dolly  eye (-31.14 -31.14 41.14)  pivot (0.00 0.00 10.00)  distance 53.93  yaw -45.0° pitch 35.3°  persp
> render sheet 0
  · render sheet 0  1280x800  (tile captured; run `render sheet finalize <name>` to composite)
> reset
  · scene reset (empty, workplane xy)
> view iso
  · view iso  eye (-31.14 -31.14 41.14)  pivot (0.00 0.00 10.00)  distance 53.93  yaw -45.0° pitch 35.3°  persp
> cylinder (0,0,0) 10 20 --name=BottomSource
  · #1   BottomSource       solid    V2 E3 F3  χ=2 genus 0  vol 6281.4394  area 1884.8127  bounds [-10.00 -10.00 0.00]–[10.00 10.00 20.00]
> chamfer BottomSource 3 --edges=0 --name=BottomChamfer
  · chamfer BottomSource → BottomChamfer  setback 3.0000  edges 1/1
> matcap BottomChamfer plastic-blue
  · #2 BottomChamfer → plastic-blue
> view fit
  · view fit  eye (-35.34 -35.34 45.34)  pivot (0.00 0.00 10.00)  distance 61.22  yaw -45.0° pitch 35.3°  persp
> view dolly 0.78
  · view dolly  eye (-31.14 -31.14 41.14)  pivot (0.00 0.00 10.00)  distance 53.93  yaw -45.0° pitch 35.3°  persp
> render sheet 1
  · render sheet 1  1280x800  (tile captured; run `render sheet finalize <name>` to composite)
> reset
  · scene reset (empty, workplane xy)
> view iso
  · view iso  eye (-31.14 -31.14 41.14)  pivot (0.00 0.00 10.00)  distance 53.93  yaw -45.0° pitch 35.3°  persp
> cylinder (0,0,0) 10 20 --name=SmallTop
  · #1   SmallTop           solid    V2 E3 F3  χ=2 genus 0  vol 6281.4394  area 1884.8127  bounds [-10.00 -10.00 0.00]–[10.00 10.00 20.00]
> chamfer SmallTop 1 --edges=2 --name=SmallChamfer
  · chamfer SmallTop → SmallChamfer  setback 1.0000  edges 1/1
> matcap SmallChamfer steel
  · #2 SmallChamfer → steel
> view fit
  · view fit  eye (-35.34 -35.34 45.34)  pivot (0.00 0.00 10.00)  distance 61.22  yaw -45.0° pitch 35.3°  persp
> view dolly 0.78
  · view dolly  eye (-31.14 -31.14 41.14)  pivot (0.00 0.00 10.00)  distance 53.93  yaw -45.0° pitch 35.3°  persp
> render sheet 2
  · render sheet 2  1280x800  (tile captured; run `render sheet finalize <name>` to composite)
> reset
  · scene reset (empty, workplane xy)
> view iso
  · view iso  eye (-31.14 -31.14 41.14)  pivot (0.00 0.00 10.00)  distance 53.93  yaw -45.0° pitch 35.3°  persp
> cylinder (0,0,0) 10 20 --name=LargeTop
  · #1   LargeTop           solid    V2 E3 F3  χ=2 genus 0  vol 6281.4394  area 1884.8127  bounds [-10.00 -10.00 0.00]–[10.00 10.00 20.00]
> chamfer LargeTop 5 --edges=2 --name=LargeChamfer
  · chamfer LargeTop → LargeChamfer  setback 5.0000  edges 1/1
> matcap LargeChamfer copper
  · #2 LargeChamfer → copper
> view fit
  · view fit  eye (-35.34 -35.34 45.34)  pivot (0.00 0.00 10.00)  distance 61.22  yaw -45.0° pitch 35.3°  persp
> view dolly 0.78
  · view dolly  eye (-31.14 -31.14 41.14)  pivot (0.00 0.00 10.00)  distance 53.93  yaw -45.0° pitch 35.3°  persp
> render sheet 3
  · render sheet 3  1280x800  (tile captured; run `render sheet finalize <name>` to composite)
> render sheet finalize Phase25_CylinderChamfers
  · render sheet  /home/user/Slate/_AgentScratch/build/SolidArcProofs/Phase25_CylinderChamfers.png  2560x1600  (2x2 of 1280x800 tiles)
  C++ circular-chamfer proof commands complete without refusal             true         true   PASS
  C++ circular-chamfer proof PNG is written and non-trivial              true         true   PASS

  ──────────────────────────────────────────────────────────────────────────────────────────────────────
  19 checks, 0 failed → ALL PASS


══════════════════════════════════════════════════════════════════════════════════════════════════════════
  SolidArc · Phase 26 · Cylinder Fillet Verification — exact quarter-torus rolls on curved circular edges
══════════════════════════════════════════════════════════════════════════════════════════════════════════
  CHECK                                                              MEASURED        LIMIT   VERDICT
  ──────────────────────────────────────────────────────────────────────────────────────────────────────

  ── Circular top and bottom cap edges rebuild as exact quarter-torus rolling-ball fillets
  Native cylinder exposes both circular cap edges                        true         true   PASS
  The generic straight-edge frame deliberately refuses a circular cap edge             true         true   PASS
  The top circular-cap fillet is a closed manifold solid                 true         true   PASS
  The top fillet has the intended 3V/5E/4F topology                      true         true   PASS
  The top fillet is an exact quarter-torus with G1 boundary normals             true         true   PASS
  The top fillet volume observes the analytic torus construc        3.671e-04      4.0e-04   PASS
  The bottom circular-cap fillet is a closed manifold solid              true         true   PASS
  The bottom fillet has the intended 3V/5E/4F topology                   true         true   PASS
  The bottom fillet is an exact quarter-torus with G1 boundary normals             true         true   PASS
  The bottom fillet volume observes the analytic torus const        3.015e-04      4.0e-04   PASS

  ── Axis-independent construction preserves the exact torus roll
  An oblique, non-unit construction axis exposes its upper circular cap edge             true         true   PASS
  The oblique circular-cap fillet remains a closed manifold solid             true         true   PASS
  The oblique fillet retains the exact sampled torus equation and G1 ends             true         true   PASS

  ── Reversed construction direction retains the same physical rolling-ball result
  A negative-height cylinder exposes the far circular cap edge             true         true   PASS
  The reversed-direction cap fillet remains a closed manifold solid             true         true   PASS
  The reversed-direction fillet retains the exact torus equation and G1 ends             true         true   PASS

  ── The structural circular-cap route does not overclaim equivalent-looking topology
  The independently sewn circular extrusion is a valid solid with a circular cap edge             true         true   PASS
  Circular-extrusion cap fillet stays on the unsupported curved-edge path             true         true   PASS

  ── Feasibility limits refuse instead of collapsing the cylinder
  Fillet radius reaching the cylinder axis is refused                    true         true   PASS
  Fillet radius consuming the full height is refused                     true         true   PASS

  ── C++ console proof: top and bottom circular-edge rolling-ball fillets
> gizmo off
  · gizmo off  layout combined  pivot (-nan -nan -nan)  view free  hover none
> reset
  · scene reset (empty, workplane xy)
> view iso
  · view iso  eye (-6.93 -6.93 6.93)  pivot (0.00 0.00 0.00)  distance 12.00  yaw -45.0° pitch 35.3°  persp
> cylinder (0,0,0) 10 20 --name=TopSource
  · #1   TopSource          solid    V2 E3 F3  χ=2 genus 0  vol 6281.4394  area 1884.8127  bounds [-10.00 -10.00 0.00]–[10.00 10.00 20.00]
> fillet TopSource 3 --edges=2 --name=TopFillet
  · #2   TopFillet          solid    V3 E5 F4  χ=2 genus 0  vol 6167.6978  area 1799.8274  bounds [-10.00 -10.00 0.00]–[10.00 10.00 20.00]
  · fillet TopSource → TopFillet  radius 3.0000  seeds 1  applied chains 1 (transactional)
> matcap TopFillet gold
  · #2 TopFillet → gold
> view fit
  · view fit  eye (-35.34 -35.34 45.34)  pivot (0.00 0.00 10.00)  distance 61.22  yaw -45.0° pitch 35.3°  persp
> view dolly 0.78
  · view dolly  eye (-31.14 -31.14 41.14)  pivot (0.00 0.00 10.00)  distance 53.93  yaw -45.0° pitch 35.3°  persp
> render sheet 0
  · render sheet 0  1280x800  (tile captured; run `render sheet finalize <name>` to composite)
> reset
  · scene reset (empty, workplane xy)
> view bottom
  · view bottom  eye (0.00 -0.01 -43.93)  pivot (0.00 0.00 10.00)  distance 53.93  yaw 0.0° pitch -90.0°  ortho
> view orbit 45 25
  · view orbit  eye (16.12 -16.12 -38.87)  pivot (0.00 0.00 10.00)  distance 53.93  yaw 45.0° pitch -65.0°  ortho
> cylinder (0,0,0) 10 20 --name=BottomSource
  · #1   BottomSource       solid    V2 E3 F3  χ=2 genus 0  vol 6281.4394  area 1884.8127  bounds [-10.00 -10.00 0.00]–[10.00 10.00 20.00]
> fillet BottomSource 3 --edges=0 --name=BottomFillet
  · #2   BottomFillet       solid    V3 E5 F4  χ=2 genus 0  vol 6168.1025  area 1799.8274  bounds [-10.00 -10.00 -0.00]–[10.00 10.00 20.00]
  · fillet BottomSource → BottomFillet  radius 3.0000  seeds 1  applied chains 1 (transactional)
> matcap BottomFillet plastic-blue
  · #2 BottomFillet → plastic-blue
> view fit
  · view fit  eye (17.98 -17.98 -44.53)  pivot (0.00 0.00 10.00)  distance 60.17  yaw 45.0° pitch -65.0°  ortho
> view dolly 0.78
  · view dolly  eye (15.84 -15.84 -38.03)  pivot (0.00 0.00 10.00)  distance 53.00  yaw 45.0° pitch -65.0°  ortho
> render sheet 1
  · render sheet 1  1280x800  (tile captured; run `render sheet finalize <name>` to composite)
> reset
  · scene reset (empty, workplane xy)
> view iso
  · view iso  eye (-30.60 -30.60 40.60)  pivot (0.00 0.00 10.00)  distance 53.00  yaw -45.0° pitch 35.3°  persp
> cylinder (0,0,0) 10 20 --name=SmallTop
  · #1   SmallTop           solid    V2 E3 F3  χ=2 genus 0  vol 6281.4394  area 1884.8127  bounds [-10.00 -10.00 0.00]–[10.00 10.00 20.00]
> fillet SmallTop 1 --edges=2 --name=SmallFillet
  · #2   SmallFillet        solid    V3 E5 F4  χ=2 genus 0  vol 6268.0920  area 1857.3735  bounds [-10.00 -10.00 0.00]–[10.00 10.00 20.00]
  · fillet SmallTop → SmallFillet  radius 1.0000  seeds 1  applied chains 1 (transactional)
> matcap SmallFillet steel
  · #2 SmallFillet → steel
> view fit
  · view fit  eye (-35.34 -35.34 45.34)  pivot (0.00 0.00 10.00)  distance 61.22  yaw -45.0° pitch 35.3°  persp
> view dolly 0.78
  · view dolly  eye (-31.14 -31.14 41.14)  pivot (0.00 0.00 10.00)  distance 53.93  yaw -45.0° pitch 35.3°  persp
> render sheet 2
  · render sheet 2  1280x800  (tile captured; run `render sheet finalize <name>` to composite)
> reset
  · scene reset (empty, workplane xy)
> view iso
  · view iso  eye (-31.14 -31.14 41.14)  pivot (0.00 0.00 10.00)  distance 53.93  yaw -45.0° pitch 35.3°  persp
> cylinder (0,0,0) 10 20 --name=LargeTop
  · #1   LargeTop           solid    V2 E3 F3  χ=2 genus 0  vol 6281.4394  area 1884.8127  bounds [-10.00 -10.00 0.00]–[10.00 10.00 20.00]
> fillet LargeTop 5 --edges=2 --name=LargeFillet
  · #2   LargeFillet        solid    V3 E5 F4  χ=2 genus 0  vol 5981.0856  area 1738.7210  bounds [-10.00 -10.00 0.00]–[10.00 10.00 20.00]
  · fillet LargeTop → LargeFillet  radius 5.0000  seeds 1  applied chains 1 (transactional)
> matcap LargeFillet copper
  · #2 LargeFillet → copper
> view fit
  · view fit  eye (-35.34 -35.34 45.34)  pivot (0.00 0.00 10.00)  distance 61.22  yaw -45.0° pitch 35.3°  persp
> view dolly 0.78
  · view dolly  eye (-31.14 -31.14 41.14)  pivot (0.00 0.00 10.00)  distance 53.93  yaw -45.0° pitch 35.3°  persp
> render sheet 3
  · render sheet 3  1280x800  (tile captured; run `render sheet finalize <name>` to composite)
> render sheet finalize Phase26_CylinderFillets
  · render sheet  /home/user/Slate/_AgentScratch/build/SolidArcProofs/Phase26_CylinderFillets.png  2560x1600  (2x2 of 1280x800 tiles)
  C++ circular-fillet proof commands complete without refusal             true         true   PASS
  C++ circular-fillet proof PNG is written and non-trivial               true         true   PASS

  ──────────────────────────────────────────────────────────────────────────────────────────────────────
  22 checks, 0 failed → ALL PASS


══════════════════════════════════════════════════════════════════════════════════════════════════════════
  SolidArc · Phase 31 · Plane–Cylinder Fillet Verification — exact boss-root rolling ball
══════════════════════════════════════════════════════════════════════════════════════════════════════════
  CHECK                                                              MEASURED        LIMIT   VERDICT
  ──────────────────────────────────────────────────────────────────────────────────────────────────────

  ── Bounded smooth-support classifier
  The exact stepped solid is a closed V4/E7/F5 B-rep                     true         true   PASS
  The circular boss root is found from its geometry                      true         true   PASS

  ── Exact rational rolling-ball result
  The plane–cylinder root fillet returns a closed manifold solid             true         true   PASS
  The result has the exact V5/E9/C18/L6/F6 topology                      true         true   PASS
  The roll retains exact partial-torus analytic identity                 true         true   PASS
  Quarter-torus implicit residual                                   1.243e-14      1.0e-09   PASS
  G1 break at the planar shoulder contact                           0.000e+00      1.0e-10   PASS
  G1 break at the cylindrical boss contact                          0.000e+00      1.0e-10   PASS
  Outer wall, annular shoulder, boss wall, and both caps retain exact extents             true         true   PASS
  A concave boss-root roll adds material                                 true         true   PASS
  Tessellated volume follows the analytic rolling-ball addit        1.073e+00      3.1e+00   PASS
  The sharp root edge is replaced by two distinct tangent contact circles             true         true   PASS

  ── World axis and construction direction are not special cases
  A non-unit oblique construction axis exposes the same support pair             true         true   PASS
  The oblique root produces an exact solid quarter-torus                 true         true   PASS
  Reversing the world direction retains exact supports and G1 contacts             true         true   PASS

  ── Feasibility and unsupported selections refuse cleanly
  Zero radius refuses                                                    true         true   PASS
  A radius consuming the boss height refuses                             true         true   PASS
  A radius consuming the complete shoulder width refuses                 true         true   PASS
  The opposite shoulder rim is not misclassified as a boss root             true         true   PASS
  The established native-cylinder cap fillet remains available             true         true   PASS

  ── C++ console path and visual proof
> fillet Stepped 2 --edges=4 --name=Rounded
  · #2   Rounded            solid    V5 E9 F6  χ=2 genus 0  vol 3091.3574  area 1325.5156  bounds [-10.00 -10.00 0.00]–[10.00 10.00 15.00]
  · fillet Stepped → Rounded  radius 2.0000  seeds 1  applied chains 1 (transactional)
  The C++ console accepts the plane–cylinder support fillet             true         true   PASS
  The console commits the exact kernel result                            true         true   PASS
> reset
  · scene reset (empty, workplane xy)
> gizmo off
  · gizmo off  layout combined  pivot (-nan -nan -nan)  view free  hover none
> view iso
  · view iso  eye (-6.93 -6.93 6.93)  pivot (0.00 0.00 0.00)  distance 12.00  yaw -45.0° pitch 35.3°  persp
> view fit
  · view fit  eye (-48.90 -48.90 56.40)  pivot (0.00 -0.00 7.50)  distance 84.69  yaw -45.0° pitch 35.3°  persp
> render sheet 0
  · render sheet 0  1280x800  (tile captured; run `render sheet finalize <name>` to composite)
> reset
  · scene reset (empty, workplane xy)
> gizmo off
  · gizmo off  layout combined  pivot (-nan -nan -nan)  view free  hover none
> view front
  · view front  eye (0.00 -84.69 7.50)  pivot (0.00 -0.00 7.50)  distance 84.69  yaw 0.0° pitch 0.0°  ortho
> view fit
  · view fit  eye (-0.00 -38.13 7.50)  pivot (-0.00 -0.00 7.50)  distance 38.13  yaw 0.0° pitch 0.0°  ortho
> view dolly 0.72
  · view dolly  eye (-0.00 -33.92 7.50)  pivot (-0.00 -0.00 7.50)  distance 33.92  yaw 0.0° pitch 0.0°  ortho
> render sheet 1
  · render sheet 1  1280x800  (tile captured; run `render sheet finalize <name>` to composite)
> reset
  · scene reset (empty, workplane xy)
> gizmo off
  · gizmo off  layout combined  pivot (-nan -nan -nan)  view along Y (only XZ-plane move + Y rotate)  hover none
> view iso
  · view iso  eye (-19.59 -19.59 27.09)  pivot (-0.00 -0.00 7.50)  distance 33.92  yaw -45.0° pitch 35.3°  persp
> view fit
  · view fit  eye (-30.71 -39.68 40.60)  pivot (4.31 -4.65 5.58)  distance 60.66  yaw -45.0° pitch 35.3°  persp
> render sheet 2
  · render sheet 2  1280x800  (tile captured; run `render sheet finalize <name>` to composite)
> reset
  · scene reset (empty, workplane xy)
> gizmo off
  · gizmo off  layout combined  pivot (-nan -nan -nan)  view free  hover none
> view iso
  · view iso  eye (-30.71 -39.68 40.60)  pivot (4.31 -4.65 5.58)  distance 60.66  yaw -45.0° pitch 35.3°  persp
> view fit
  · view fit  eye (-35.61 -47.61 55.11)  pivot (12.00 -0.00 7.50)  distance 82.46  yaw -45.0° pitch 35.3°  persp
> render sheet 3
  · render sheet 3  1280x800  (tile captured; run `render sheet finalize <name>` to composite)
> render sheet finalize Phase31_PlaneCylinderFillet
  · render sheet  /home/user/Slate/_AgentScratch/build/SolidArcProofs/Phase31_PlaneCylinderFillet.png  2560x1600  (2x2 of 1280x800 tiles)
  C++ proof commands complete without refusal                            true         true   PASS
  C++ close-up proof is written and non-trivial                          true         true   PASS

  ──────────────────────────────────────────────────────────────────────────────────────────────────────
  24 checks, 0 failed → ALL PASS


══════════════════════════════════════════════════════════════════════════════════════════════════════════
  SolidArc · Phase 32a · Tangent-Chain Fillet Verification — representation seams heal exactly
══════════════════════════════════════════════════════════════════════════════════════════════════════════
  CHECK                                                              MEASURED        LIMIT   VERDICT
  ──────────────────────────────────────────────────────────────────────────────────────────────────────

  ── G1 chain discovery
  The two-patch source is a closed V8/E14/C28/L8/F8 solid                true         true   PASS
  The circular boss root is represented by two open rational arcs             true         true   PASS
  One selected arc propagates to the complete two-edge tangent chain             true         true   PASS
  Propagation is independent of which chain member is selected             true         true   PASS
  An unsplit closed circular edge remains a singleton chain              true         true   PASS

  ── Exact all-chain reconstruction
  Selecting one arc fillets the complete circular support chain             true         true   PASS
  The healed result has canonical V5/E9/C18/L6/F6 topology               true         true   PASS
  The chain roll retains exact partial-torus analytic identity             true         true   PASS
  Chain torus implicit residual                                     1.243e-14      1.0e-09   PASS
  G1 break at the planar chain contact                              0.000e+00      1.0e-10   PASS
  G1 break at the cylindrical chain contact                         0.000e+00      1.0e-10   PASS
  Artificial angular seams heal into exact retained supports and contact circles             true         true   PASS
  Healed-chain volume follows the exact rolling-ball value          1.073e+00      3.1e+00   PASS
  Either member produces the same solid volume                      3.183e-12      1.0e-09   PASS

  ── Longer chains and transformed axes
  The four-patch source is a closed V16/E28/F14 solid                    true         true   PASS
  A quarter-arc seed propagates around all four chain members             true         true   PASS
  The four-member chain heals to the same exact canonical result             true         true   PASS
  A non-unit oblique axis preserves the four-member tangent chain             true         true   PASS
  The oblique chain produces the exact transformed torus                 true         true   PASS

  ── Boundaries refuse instead of partially rolling
  The opposite shoulder rim is a tangent chain but not a supported boss root             true         true   PASS
  A chain radius consuming the boss height refuses                       true         true   PASS
  A chain radius consuming the shoulder refuses                          true         true   PASS
  A non-analytic member prevents partial chain reconstruction             true         true   PASS
  An out-of-range chain seed refuses explicitly                          true         true   PASS

  ── Console commit and deterministic C++ proof
> fillet SplitBoss 2 --edges=7 --name=ChainRoll
  · #2   ChainRoll          solid    V5 E9 F6  χ=2 genus 0  vol 3091.3574  area 1325.5156  bounds [-10.00 -10.00 0.00]–[10.00 10.00 15.00]
  · fillet SplitBoss → ChainRoll  radius 2.0000  seeds 1  applied chains 1 (transactional)
  The C++ console accepts one member of a split support chain             true         true   PASS
  The console commits the exact healed-chain kernel result               true         true   PASS
> reset
  · scene reset (empty, workplane xy)
> gizmo off
  · gizmo off  layout combined  pivot (-nan -nan -nan)  view free  hover none
> view iso
  · view iso  eye (-6.93 -6.93 6.93)  pivot (0.00 0.00 0.00)  distance 12.00  yaw -45.0° pitch 35.3°  persp
> view fit
  · view fit  eye (-48.90 -48.90 56.40)  pivot (0.00 -0.00 7.50)  distance 84.69  yaw -45.0° pitch 35.3°  persp
> render sheet 0
  · render sheet 0  1280x800  (tile captured; run `render sheet finalize <name>` to composite)
> reset
  · scene reset (empty, workplane xy)
> gizmo off
  · gizmo off  layout combined  pivot (-nan -nan -nan)  view free  hover none
> view front
  · view front  eye (0.00 -84.69 7.50)  pivot (0.00 -0.00 7.50)  distance 84.69  yaw 0.0° pitch 0.0°  ortho
> view fit
  · view fit  eye (-0.00 -38.13 7.50)  pivot (-0.00 -0.00 7.50)  distance 38.13  yaw 0.0° pitch 0.0°  ortho
> view dolly 0.72
  · view dolly  eye (-0.00 -33.92 7.50)  pivot (-0.00 -0.00 7.50)  distance 33.92  yaw 0.0° pitch 0.0°  ortho
> render sheet 1
  · render sheet 1  1280x800  (tile captured; run `render sheet finalize <name>` to composite)
> reset
  · scene reset (empty, workplane xy)
> gizmo off
  · gizmo off  layout combined  pivot (-nan -nan -nan)  view along Y (only XZ-plane move + Y rotate)  hover none
> view iso
  · view iso  eye (-19.59 -19.59 27.09)  pivot (-0.00 -0.00 7.50)  distance 33.92  yaw -45.0° pitch 35.3°  persp
> view fit
  · view fit  eye (-32.53 -32.53 40.03)  pivot (-0.00 -0.00 7.50)  distance 56.35  yaw -45.0° pitch 35.3°  persp
> render sheet 2
  · render sheet 2  1280x800  (tile captured; run `render sheet finalize <name>` to composite)
> reset
  · scene reset (empty, workplane xy)
> gizmo off
  · gizmo off  layout combined  pivot (-nan -nan -nan)  view free  hover none
> view iso
  · view iso  eye (-32.53 -32.53 40.03)  pivot (-0.00 -0.00 7.50)  distance 56.35  yaw -45.0° pitch 35.3°  persp
> view fit
  · view fit  eye (-30.71 -39.68 40.60)  pivot (4.31 -4.65 5.58)  distance 60.66  yaw -45.0° pitch 35.3°  persp
> render sheet 3
  · render sheet 3  1280x800  (tile captured; run `render sheet finalize <name>` to composite)
> render sheet finalize Phase32a_TangentChainFillet
  · render sheet  /home/user/Slate/_AgentScratch/build/SolidArcProofs/Phase32a_TangentChainFillet.png  2560x1600  (2x2 of 1280x800 tiles)
  C++ chain proof commands complete without refusal                      true         true   PASS
  C++ chain proof is written and non-trivial                             true         true   PASS

  ──────────────────────────────────────────────────────────────────────────────────────────────────────
  28 checks, 0 failed → ALL PASS


══════════════════════════════════════════════════════════════════════════════════════════════════════════
  SolidArc · Phase 32b · Open-Chain Fillet Verification — exact finite semicircle endpoints
══════════════════════════════════════════════════════════════════════════════════════════════════════════
  CHECK                                                              MEASURED        LIMIT   VERDICT
  ──────────────────────────────────────────────────────────────────────────────────────────────────────

  ── Finite G1 chain and endpoint classification
  The two-patch semicircle is a one-hull V14/E23/C46/L11/F11 solid             true         true   PASS
  The finite boss root consists of two open rational quarter arcs             true         true   PASS
  One quarter-arc seed propagates through both open chain members             true         true   PASS
  The propagated semicircle has exactly two physical endpoints             true         true   PASS
  Either internal member discovers the same finite chain                 true         true   PASS

  ── Exact open-chain roll and end treatment
  Selecting one member rolls the complete finite chain                   true         true   PASS
  Internal seams heal to one-hull V12/E17/C34/L7/F7 endpoint topology             true         true   PASS
  The finite rolling surface retains exact partial-torus identity             true         true   PASS
  Open-chain torus implicit residual                                1.421e-14      1.0e-09   PASS
  G1 break at the finite planar contact                             0.000e+00      1.0e-10   PASS
  G1 break at the finite cylindrical contact                        0.000e+00      1.0e-10   PASS
  Two torus meridians remain at the physical endpoints                   true         true   PASS
  Exact outer/boss supports and one planar diameter cap remain             true         true   PASS
  The concave finite roll adds material                                  true         true   PASS
  Semicircle volume follows one half of the exact full rolli        6.022e-01      1.5e+00   PASS
  Either chain member produces the same finite solid                1.137e-12      1.0e-09   PASS

  ── Longer chains, transformed axes, and sweep direction
  The four-patch semicircle is a one-hull V22/E41/C82/L21/F21 solid             true         true   PASS
  An internal eighth-turn seed propagates to all four members and two ends             true         true   PASS
  The four-member finite chain heals to the same canonical endpoint solid             true         true   PASS
  A non-unit oblique axis retains exact finite endpoint topology             true         true   PASS
  Reversing the angular sweep preserves the chosen half and exact torus             true         true   PASS

  ── Unsupported endpoint arrangements refuse cleanly
  The outer semicircular chain is not misclassified as a boss root             true         true   PASS
  A finite-chain radius consuming the boss height refuses                true         true   PASS
  A finite-chain radius consuming the shoulder refuses                   true         true   PASS
  One non-analytic chain member prevents a partial roll                  true         true   PASS
  The established closed native-cylinder route remains available             true         true   PASS

  ── Console commit and deterministic C++ proof
> fillet OpenBoss 2 --edges=11 --name=OpenRoll
  · #2   OpenRoll           solid    V12 E17 F7  χ=2 genus 0  vol 1545.6128  area 894.4026  bounds [-10.00 -0.00 0.00]–[10.00 10.00 15.00]
  · fillet OpenBoss → OpenRoll  radius 2.0000  seeds 1  applied chains 1 (transactional)
  The C++ console accepts one internal member of the finite chain             true         true   PASS
  The console commits the exact endpoint-aware kernel result             true         true   PASS
> reset
  · scene reset (empty, workplane xy)
> gizmo off
  · gizmo off  layout combined  pivot (-nan -nan -nan)  view free  hover none
> view iso
  · view iso  eye (-6.93 -6.93 6.93)  pivot (0.00 0.00 0.00)  distance 12.00  yaw -45.0° pitch 35.3°  persp
> view fit
  · view fit  eye (-43.34 -38.34 50.84)  pivot (0.00 5.00 7.50)  distance 75.06  yaw -45.0° pitch 35.3°  persp
> render sheet 0
  · render sheet 0  1280x800  (tile captured; run `render sheet finalize <name>` to composite)
> reset
  · scene reset (empty, workplane xy)
> gizmo off
  · gizmo off  layout combined  pivot (-nan -nan -nan)  view free  hover none
> view front
  · view front  eye (0.00 -70.06 7.50)  pivot (0.00 5.00 7.50)  distance 75.06  yaw 0.0° pitch 0.0°  ortho
> view fit
  · view fit  eye (0.00 -26.74 7.50)  pivot (0.00 5.00 7.50)  distance 31.74  yaw 0.0° pitch 0.0°  ortho
> view dolly 0.72
  · view dolly  eye (0.00 -23.24 7.50)  pivot (0.00 5.00 7.50)  distance 28.24  yaw 0.0° pitch 0.0°  ortho
> render sheet 1
  · render sheet 1  1280x800  (tile captured; run `render sheet finalize <name>` to composite)
> reset
  · scene reset (empty, workplane xy)
> gizmo off
  · gizmo off  layout combined  pivot (-nan -nan -nan)  view along Y (only XZ-plane move + Y rotate)  hover none
> view iso
  · view iso  eye (-16.30 -11.30 23.80)  pivot (0.00 5.00 7.50)  distance 28.24  yaw -45.0° pitch 35.3°  persp
> view fit
  · view fit  eye (-26.65 -21.65 34.15)  pivot (0.00 5.00 7.50)  distance 46.16  yaw -45.0° pitch 35.3°  persp
> render sheet 2
  · render sheet 2  1280x800  (tile captured; run `render sheet finalize <name>` to composite)
> reset
  · scene reset (empty, workplane xy)
> gizmo off
  · gizmo off  layout combined  pivot (-nan -nan -nan)  view free  hover none
> view iso
  · view iso  eye (-26.65 -21.65 34.15)  pivot (0.00 5.00 7.50)  distance 46.16  yaw -45.0° pitch 35.3°  persp
> view fit
  · view fit  eye (-26.01 -30.29 34.73)  pivot (1.19 -3.09 7.53)  distance 47.11  yaw -45.0° pitch 35.3°  persp
> render sheet 3
  · render sheet 3  1280x800  (tile captured; run `render sheet finalize <name>` to composite)
> render sheet finalize Phase32b_OpenChainFillet
  · render sheet  /home/user/Slate/_AgentScratch/build/SolidArcProofs/Phase32b_OpenChainFillet.png  2560x1600  (2x2 of 1280x800 tiles)
  C++ finite-chain proof commands complete without refusal               true         true   PASS
  C++ finite-chain proof is written and non-trivial                      true         true   PASS

  ──────────────────────────────────────────────────────────────────────────────────────────────────────
  30 checks, 0 failed → ALL PASS


══════════════════════════════════════════════════════════════════════════════════════════════════════════
  SolidArc · Phase 32c · Multi-Edge Fillet Verification — deterministic and transactional sets
══════════════════════════════════════════════════════════════════════════════════════════════════════════
  CHECK                                                              MEASURED        LIMIT   VERDICT
  ──────────────────────────────────────────────────────────────────────────────────────────────────────

  ── Independent seed-set composition
  The source box is a one-hull V8/E12/F6 solid                           true         true   PASS
  Both opposite bottom edges expose exact planar corner frames             true         true   PASS
  Two vertex-disjoint seeds commit as one valid solid transaction             true         true   PASS
  The transaction reports two applied independent chains                 true         true   PASS
  The twin roll has exact V12/E18/C36/L8/F8 topology                     true         true   PASS
  Exactly two rational rolling-cylinder faces replace the selected corners             true         true   PASS
  Both convex rolls remove material                                      true         true   PASS
  Twin-fillet volume follows the summed closed form                 1.270e-02      5.0e-02   PASS
  Reversing input order still applies two chains                         true         true   PASS
  Deterministic geometric ordering makes both input orders v        0.000e+00      1.0e-09   PASS
  The transactional API leaves its source body unchanged                 true         true   PASS

  ── Propagated-chain seed deduplication
  The representation-split boss exposes two selectable members             true         true   PASS
  Repeated members of one propagated chain deduplicate to one operation             true         true   PASS
  The deduplicated set commits the canonical exact quarter-torus             true         true   PASS
  One seed and all duplicate chain members produce the same         0.000e+00      1.0e-09   PASS
  Four explicitly selected members still commit one propagated chain             true         true   PASS
  Four-member deduplication heals to exact canonical topology             true         true   PASS

  ── All-or-nothing refusal boundary
  An empty seed set refuses and reports no applied chain                 true         true   PASS
  A non-positive common radius refuses before construction               true         true   PASS
  One out-of-range member rejects the complete transaction               true         true   PASS
  Two chains sharing a corner vertex refuse before either roll             true         true   PASS
  A radius that cannot fit every independent edge rejects the set             true         true   PASS
  Mixing one valid root with one unsupported outer chain commits neither             true         true   PASS

  ── Console transaction and visual proof
> box (0,0,0) (20,16,12) --name=MultiBox
  · #1   MultiBox           solid    V8 E12 F6  χ=2 genus 0  vol 3840.0000  area 1504.0000  bounds [0.00 0.00 0.00]–[20.00 16.00 12.00]
> fillet MultiBox 1 --edges=0,2 --name=TwinRoll
  · #2   TwinRoll           solid    V12 E18 F8  χ=2 genus 0  vol 3831.4032  area 1485.9658  bounds [0.00 -0.00 -0.00]–[20.00 16.00 12.00]
  · fillet MultiBox → TwinRoll  radius 1.0000  seeds 2  applied chains 2 (transactional)
  The C++ console commits a two-seed transaction                         true         true   PASS
  The console result contains both exact rolling faces                   true         true   PASS
> box (0,0,0) (20,16,12) --name=CornerBox
  · #1   CornerBox          solid    V8 E12 F6  χ=2 genus 0  vol 3840.0000  area 1504.0000  bounds [0.00 0.00 0.00]–[20.00 16.00 12.00]
> fillet CornerBox 1 --edges=0,1 --name=MustNotExist
  ✗ fillet CornerBox: multi-edge fillet chains share a vertex (corner resolution is not supported)
  A refused console corner set preserves the original scene transactionally             true         true   PASS
> reset
  · scene reset (empty, workplane xy)
> gizmo off
  · gizmo off  layout combined  pivot (-nan -nan -nan)  view free  hover none
> view iso
  · view iso  eye (-6.93 -6.93 6.93)  pivot (0.00 0.00 0.00)  distance 12.00  yaw -45.0° pitch 35.3°  persp
> view fit
  · view fit  eye (-46.98 -40.98 54.98)  pivot (2.00 8.00 6.00)  distance 84.83  yaw -45.0° pitch 35.3°  persp
> render sheet 0
  · render sheet 0  1280x800  (tile captured; run `render sheet finalize <name>` to composite)
> reset
  · scene reset (empty, workplane xy)
> gizmo off
  · gizmo off  layout combined  pivot (-nan -nan -nan)  view free  hover none
> view iso
  · view iso  eye (-46.98 -40.98 54.98)  pivot (2.00 8.00 6.00)  distance 84.83  yaw -45.0° pitch 35.3°  persp
> view fit
  · view fit  eye (-18.47 -20.47 34.47)  pivot (10.00 8.00 6.00)  distance 49.32  yaw -45.0° pitch 35.3°  persp
> view dolly 0.75
  · view dolly  eye (-15.21 -17.21 31.21)  pivot (10.00 8.00 6.00)  distance 43.66  yaw -45.0° pitch 35.3°  persp
> render sheet 1
  · render sheet 1  1280x800  (tile captured; run `render sheet finalize <name>` to composite)
> reset
  · scene reset (empty, workplane xy)
> gizmo off
  · gizmo off  layout combined  pivot (-nan -nan -nan)  view free  hover none
> view iso
  · view iso  eye (-15.21 -17.21 31.21)  pivot (10.00 8.00 6.00)  distance 43.66  yaw -45.0° pitch 35.3°  persp
> view fit
  · view fit  eye (-32.53 -32.53 40.03)  pivot (-0.00 -0.00 7.50)  distance 56.35  yaw -45.0° pitch 35.3°  persp
> render sheet 2
  · render sheet 2  1280x800  (tile captured; run `render sheet finalize <name>` to composite)
> reset
  · scene reset (empty, workplane xy)
> gizmo off
  · gizmo off  layout combined  pivot (-nan -nan -nan)  view free  hover none
> view iso
  · view iso  eye (-32.53 -32.53 40.03)  pivot (-0.00 -0.00 7.50)  distance 56.35  yaw -45.0° pitch 35.3°  persp
> view fit
  · view fit  eye (-32.53 -32.53 40.03)  pivot (-0.00 -0.00 7.50)  distance 56.35  yaw -45.0° pitch 35.3°  persp
> render sheet 3
  · render sheet 3  1280x800  (tile captured; run `render sheet finalize <name>` to composite)
> render sheet finalize Phase32c_MultiEdgeFillet
  · render sheet  /home/user/Slate/_AgentScratch/build/SolidArcProofs/Phase32c_MultiEdgeFillet.png  2560x1600  (2x2 of 1280x800 tiles)
  C++ multi-edge proof commands complete without refusal                 true         true   PASS
  C++ multi-edge proof is written and non-trivial                        true         true   PASS

  ──────────────────────────────────────────────────────────────────────────────────────────────────────
  28 checks, 0 failed → ALL PASS


══════════════════════════════════════════════════════════════════════════════════════════════════════════
  SolidArc · Phase 32d · Sector Endpoint Fillet Verification — general radial end pairs
══════════════════════════════════════════════════════════════════════════════════════════════════════════
  CHECK                                                              MEASURED        LIMIT   VERDICT
  ──────────────────────────────────────────────────────────────────────────────────────────────────────

  ── Quarter-sector chain and exact radial endpoint reconstruction
  The two-patch quarter source is a one-hull genus-zero solid             true         true   PASS
  The quarter source has exact V14/E24/C48/L12/F12 split topology             true         true   PASS
  The selected quarter root propagates through two members and has two endpoints             true         true   PASS
  Either representation member commits the quarter-sector roll             true         true   PASS
  The healed general-angle result has exact V12/E18/C36/L8/F8 topology             true         true   PASS
  The rolling face retains exact analytic partial-torus identity             true         true   PASS
  Quarter-torus implicit residual                                   2.132e-14      1.0e-09   PASS
  Quarter-sector shoulder G1 break                                  0.000e+00      1.0e-10   PASS
  Quarter-sector boss G1 break                                      0.000e+00      1.0e-10   PASS
  The retained rolling surface spans exactly 90 degrees             1.332e-15      1.0e-10   PASS
  Two radial caps, one axis edge, and two exact R2 meridians remain             true         true   PASS
  Both exact cylindrical supports remain after trimming                  true         true   PASS
  The concave quarter-sector roll adds material                          true         true   PASS
  Quarter-sector volume follows its angular fraction of the         3.011e-01      7.7e-01   PASS
  Filleting leaves the representation-split source unchanged             true         true   PASS

  ── Split, sweep-direction, and angular-span invariance
  A four-member quarter source propagates and heals to the same canonical topology             true         true   PASS
  Two/four-member quarter results are volume-identical              1.137e-13      1.0e-09   PASS
  A negative quarter sweep retains the opposite radial sector             true         true   PASS
  Positive and negative quarter sectors have equal volume           4.547e-13      1.0e-09   PASS
  A 120-degree chain preserves exact radial endpoints and torus span             true         true   PASS
  120-degree volume follows the exact angular fraction              1.690e-01      1.0e+00   PASS
  A 270-degree reflex sector retains the major angular side              true         true   PASS
  270-degree volume follows the exact angular fraction              9.032e-01      2.3e+00   PASS

  ── Transformed axes, transactions, and bounded refusal
  Shifted oblique general-angle supports retain exact topology and identity             true         true   PASS
  A repeated all-member sector selection commits one deduplicated chain             true         true   PASS
  Transactional and direct sector routes are volume-identica        1.137e-13      1.0e-09   PASS
  A geometrically displaced radial cap remains a topological solid fixture             true         true   PASS
  A radial cap not lying on its chain endpoint plane refuses without approximation             true         true   PASS
  A radius consuming the finite boss still refuses                       true         true   PASS

  ── Console path and visual proof
> fillet QuarterBoss 2 --edges=11 --name=QuarterRoll
  · #2   QuarterRoll        solid    V12 E18 F8  χ=2 genus 0  vol 772.8064  area 563.0600  bounds [-0.00 -0.00 0.00]–[10.00 10.00 15.00]
  · fillet QuarterBoss → QuarterRoll  radius 2.0000  seeds 1  applied chains 1 (transactional)
  The C++ console accepts a general-angle chain seed                     true         true   PASS
  The console commits the exact radial-end topology                      true         true   PASS
> reset
  · scene reset (empty, workplane xy)
> gizmo off
  · gizmo off  layout combined  pivot (-nan -nan -nan)  view free  hover none
> view iso
  · view iso  eye (-6.93 -6.93 6.93)  pivot (0.00 0.00 0.00)  distance 12.00  yaw -45.0° pitch 35.3°  persp
> view fit
  · view fit  eye (-32.27 -29.27 41.77)  pivot (2.00 5.00 7.50)  distance 59.35  yaw -45.0° pitch 35.3°  persp
> render sheet 0
  · render sheet 0  1280x800  (tile captured; run `render sheet finalize <name>` to composite)
> reset
  · scene reset (empty, workplane xy)
> gizmo off
  · gizmo off  layout combined  pivot (-nan -nan -nan)  view free  hover none
> view top
  · view top  eye (2.00 4.99 66.85)  pivot (2.00 5.00 7.50)  distance 59.35  yaw 0.0° pitch 90.0°  ortho
> view fit
  · view fit  eye (5.00 5.00 33.68)  pivot (5.00 5.00 7.50)  distance 26.18  yaw 0.0° pitch 90.0°  ortho
> view dolly 0.75
  · view dolly  eye (5.00 5.00 30.68)  pivot (5.00 5.00 7.50)  distance 23.18  yaw 0.0° pitch 90.0°  ortho
> render sheet 1
  · render sheet 1  1280x800  (tile captured; run `render sheet finalize <name>` to composite)
> reset
  · scene reset (empty, workplane xy)
> gizmo off
  · gizmo off  layout combined  pivot (-nan -nan -nan)  view along Z (only XY-plane move + Z rotate)  hover none
> view iso
  · view iso  eye (-8.38 -8.38 20.88)  pivot (5.00 5.00 7.50)  distance 23.18  yaw -45.0° pitch 35.3°  persp
> view fit
  · view fit  eye (-21.97 -18.69 31.97)  pivot (2.50 5.77 7.50)  distance 42.38  yaw -45.0° pitch 35.3°  persp
> render sheet 2
  · render sheet 2  1280x800  (tile captured; run `render sheet finalize <name>` to composite)
> reset
  · scene reset (empty, workplane xy)
> gizmo off
  · gizmo off  layout combined  pivot (-nan -nan -nan)  view free  hover none
> view iso
  · view iso  eye (-21.97 -18.69 31.97)  pivot (2.50 5.77 7.50)  distance 42.38  yaw -45.0° pitch 35.3°  persp
> view fit
  · view fit  eye (-32.53 -32.53 40.03)  pivot (-0.00 0.00 7.50)  distance 56.35  yaw -45.0° pitch 35.3°  persp
> render sheet 3
  · render sheet 3  1280x800  (tile captured; run `render sheet finalize <name>` to composite)
> render sheet finalize Phase32d_SectorEndpointFillet
  · render sheet  /home/user/Slate/_AgentScratch/build/SolidArcProofs/Phase32d_SectorEndpointFillet.png  2560x1600  (2x2 of 1280x800 tiles)
  C++ sector-endpoint proof commands complete without refusal             true         true   PASS
  C++ sector-endpoint proof is written and non-trivial                   true         true   PASS

  ──────────────────────────────────────────────────────────────────────────────────────────────────────
  33 checks, 0 failed → ALL PASS


══════════════════════════════════════════════════════════════════════════════════════════════════════════
  SolidArc · Phase 32e · Orthogonal Three-Face Corner Verification
══════════════════════════════════════════════════════════════════════════════════════════════════════════
  CHECK                                                              MEASURED        LIMIT   VERDICT
  ──────────────────────────────────────────────────────────────────────────────────────────────────────

  ── Exact trihedral corner construction
  The source corner has three incident straight edges                    true         true   PASS
  Three orthogonal incident edges commit as one transaction              true         true   PASS
  The corner result is one-hull V13/E21/C42/L10/F10                      true         true   PASS
  Six planes, three exact cylinders, and one sphere remain               true         true   PASS
  The corner patch retains rational analytic sphere identity             true         true   PASS
  Spherical octant radius residual                                  1.110e-16      1.0e-09   PASS
  Three sphere seams and six exact R1 end/seam arcs remain               true         true   PASS
  Sphere-to-cylinder G1 break                                       0.000e+00      1.0e-10   PASS
  The rounded body retains the source extents                            true         true   PASS
  The convex trihedral blend removes material                            true         true   PASS
  Trihedral volume follows the exact strips-plus-octant form        7.649e-02      2.0e-01   PASS
  The source body remains unchanged                                      true         true   PASS

  ── Determinism, transforms, and refusal boundary
  Input order and a repeated seed still apply exactly three chains             true         true   PASS
  Reordered and canonical corner volumes are identical              0.000e+00      1.0e-09   PASS
  A rigidly transformed orthogonal box retains exact corner topology             true         true   PASS
  Rigid transformation preserves rounded volume within integ        9.077e-02      2.0e-01   PASS
  A two-edge corner still refuses without inventing a transition             true         true   PASS
  Three edges without one common vertex refuse transactionally             true         true   PASS
  A radius consuming a selected box edge refuses cleanly                 true         true   PASS

  ── Console transaction and proof
> box (0,0,0) (20,16,12) --name=CornerBox
  · #1   CornerBox          solid    V8 E12 F6  χ=2 genus 0  vol 3840.0000  area 1504.0000  bounds [0.00 0.00 0.00]–[20.00 16.00 12.00]
> fillet CornerBox 1 --edges=0,3,9 --name=Trihedral
  · #2   Trihedral          solid    V13 E21 F10  χ=2 genus 0  vol 3829.9430  area 1482.0339  bounds [0.00 0.00 0.00]–[20.00 16.00 12.00]
  · fillet CornerBox → Trihedral  radius 1.0000  seeds 3  applied chains 3 (transactional)
  The C++ console commits the three-edge corner transaction              true         true   PASS
  The console result contains one exact spherical corner patch             true         true   PASS
> reset
  · scene reset (empty, workplane xy)
> gizmo off
  · gizmo off  layout combined  pivot (-nan -nan -nan)  view free  hover none
> view iso
  · view iso  eye (-6.93 -6.93 6.93)  pivot (0.00 0.00 0.00)  distance 12.00  yaw -45.0° pitch 35.3°  persp
> view fit
  · view fit  eye (-46.98 -40.98 54.98)  pivot (2.00 8.00 6.00)  distance 84.83  yaw -45.0° pitch 35.3°  persp
> render sheet 0
  · render sheet 0  1280x800  (tile captured; run `render sheet finalize <name>` to composite)
> reset
  · scene reset (empty, workplane xy)
> gizmo off
  · gizmo off  layout combined  pivot (-nan -nan -nan)  view free  hover none
> view iso
  · view iso  eye (-46.98 -40.98 54.98)  pivot (2.00 8.00 6.00)  distance 84.83  yaw -45.0° pitch 35.3°  persp
> view fit
  · view fit  eye (-18.47 -20.47 34.47)  pivot (10.00 8.00 6.00)  distance 49.32  yaw -45.0° pitch 35.3°  persp
> view dolly 0.65
  · view dolly  eye (-15.62 -17.62 31.62)  pivot (10.00 8.00 6.00)  distance 44.38  yaw -45.0° pitch 35.3°  persp
> render sheet 1
  · render sheet 1  1280x800  (tile captured; run `render sheet finalize <name>` to composite)
> reset
  · scene reset (empty, workplane xy)
> gizmo off
  · gizmo off  layout combined  pivot (-nan -nan -nan)  view free  hover none
> view top
  · view top  eye (10.00 8.00 50.38)  pivot (10.00 8.00 6.00)  distance 44.38  yaw 0.0° pitch 90.0°  ortho
> view fit
  · view fit  eye (10.00 8.00 40.50)  pivot (10.00 8.00 6.00)  distance 34.50  yaw 0.0° pitch 90.0°  ortho
> render sheet 2
  · render sheet 2  1280x800  (tile captured; run `render sheet finalize <name>` to composite)
> reset
  · scene reset (empty, workplane xy)
> gizmo off
  · gizmo off  layout combined  pivot (-nan -nan -nan)  view along Z (only XY-plane move + Z rotate)  hover none
> view iso
  · view iso  eye (-9.92 -11.92 25.92)  pivot (10.00 8.00 6.00)  distance 34.50  yaw -45.0° pitch 35.3°  persp
> view fit
  · view fit  eye (-33.38 -35.72 49.94)  pivot (9.79 7.45 6.77)  distance 74.77  yaw -45.0° pitch 35.3°  persp
> render sheet 3
  · render sheet 3  1280x800  (tile captured; run `render sheet finalize <name>` to composite)
> render sheet finalize Phase32e_CornerFillet
  · render sheet  /home/user/Slate/_AgentScratch/build/SolidArcProofs/Phase32e_CornerFillet.png  2560x1600  (2x2 of 1280x800 tiles)
  C++ corner proof commands complete                                     true         true   PASS
  C++ corner proof is written and non-trivial                            true         true   PASS

  ──────────────────────────────────────────────────────────────────────────────────────────────────────
  23 checks, 0 failed → ALL PASS


══════════════════════════════════════════════════════════════════════════════════════════════════════════
  SolidArc · Phase 32z · Plane–Cone Fillet Verification — exact unequal-radius support roll
══════════════════════════════════════════════════════════════════════════════════════════════════════════
  CHECK                                                              MEASURED        LIMIT   VERDICT
  ──────────────────────────────────────────────────────────────────────────────────────────────────────

  ── Unequal-radius support pair prerequisites
  Unequal parallel endpoint supports classify                            true         true   PASS
  Equal endpoint radii refuse                                            true         true   PASS
  Non-parallel endpoint normals refuse                                   true         true   PASS
  A consumed ligament refuses                                            true         true   PASS
  A degenerate endpoint normal refuses                                   true         true   PASS
  Ruled surface reaches the low radius  (got 2, want 2)             0.000e+00      1.0e-12   PASS
  Ruled surface reaches the high radius  (got 1.25, want 1.2        0.000e+00      1.0e-12   PASS
  Generator tangent matches the sampled derivative at six an        1.312e-12      1.0e-06   PASS
  Surface normal is perpendicular to both parametric directi        1.766e-13      1.0e-06   PASS
  Circumferential curvature is cos α / r(T)  (got 0.6126979        1.110e-16      1.0e-12   PASS
  A linear radius law has zero meridional curvature                      true         true   PASS
  Curvature acceptance admits a bound above the tight end                true         true   PASS
  Curvature acceptance refuses a bound below the tight end               true         true   PASS
  G1 endpoint match accepts anti-parallel normals                        true         true   PASS
  G1 endpoint match refuses perpendicular normals                        true         true   PASS
  A support normal off the ruled surface normal is not G1                true         true   PASS
  A collinear unequal-radius chain classifies                            true         true   PASS
  A bending chain refuses                                                true         true   PASS
  A tapered specification classifies                                     true         true   PASS
  The tapered frustum cross-check reconstructs a solid                   true         true   PASS
  Frustum cross-check volume follows the law's swept volume         3.791e-04      1.0e-03   PASS
  A variable-radius roll without a blend radius refuses                  true         true   PASS
  A radius law that misses its endpoint radii refuses                    true         true   PASS
  A matching linear law classifies                                       true         true   PASS
  A partial endpoint chain stays explicitly refused                      true         true   PASS

  ── Bounded plane–cone support classifier
  The tapered stepped solid is a closed V4/E7/C14/L5/F5 B-rep with one conical face             true         true   PASS
  The conical boss root is found from its geometry                       true         true   PASS
     · half-angle α = 0.211093 rad, contact height z_t = 1.580941823, contact radius ρ_t = 4.661226752, spine ρ_c = 6.616831580

  ── Exact rational rolling-ball result
  The plane–cone root fillet returns a closed manifold solid             true         true   PASS
  The result has the exact V5/E9/C18/L6/F6 genus-zero topology             true         true   PASS
  The roll retains exact partial-torus identity at the analytic spine radius             true         true   PASS
  Torus band implicit residual                                      5.329e-15      1.0e-09   PASS
  G1 break at the planar shoulder contact                           0.000e+00      1.0e-10   PASS
  G1 break at the conical boss contact                              0.000e+00      1.0e-10   PASS
  Outer wall, annular shoulder, shortened cone, and both caps retain exact extents             true         true   PASS
  A concave boss-root roll adds material                                 true         true   PASS
  Tessellated volume follows the Pappus closed form (relativ        3.747e-04      1.0e-03   PASS
  Added material follows the closed-form wedge (relative to         1.244e-03      5.0e-03   PASS
     · closed-form wedge = 17.052259666 · sharp source's own tessellation floor = 3.84e-04 · rounded total = 3.75e-04
     · α = +0.2111 rad · torus residual 5.3e-15 · G1 breaks 0.0e+00 / 0.0e+00 · volume 3.7e-04 · wedge 1.2e-03
  The sharp root edge is replaced by the two analytic contact circles             true         true   PASS
  The source body is untouched by the operation                          true         true   PASS

  ── Half-angle sign, axis direction, and the α → 0 limit are not special cases
  An undercut flaring frustum (R_t > R_f, α < 0) rolls exactly with a span above a quarter turn             true         true   PASS
     · α = -0.2450 rad · torus residual 3.6e-15 · G1 breaks 0.0e+00 / 0.0e+00 · volume 3.6e-04 · wedge 5.3e-05
     · flaring meridian span π/2 − α = 1.815775 rad
  A non-unit oblique construction axis exposes the same support pair and exact roll             true         true   PASS
     · α = +0.1974 rad · torus residual 6.2e-15 · G1 breaks 0.0e+00 / 0.0e+00 · volume 4.6e-04 · wedge 1.2e-03
  Reversing the world direction retains exact supports and G1 contacts             true         true   PASS
     · α = +0.2450 rad · torus residual 6.7e-15 · G1 breaks 0.0e+00 / 0.0e+00 · volume 7.6e-05 · wedge 1.3e-03
  A steep 45° frustum keeps the exact roll and analytic volume             true         true   PASS
     · α = +0.7854 rad · torus residual 3.6e-15 · G1 breaks 0.0e+00 / 0.0e+00 · volume 4.0e-04 · wedge 1.4e-03
  A cone-tagged equal-radius boss (α = 0) rolls exactly through the plane–cone route             true         true   PASS
     · α = +0.0000 rad · torus residual 8.9e-15 · G1 breaks 0.0e+00 / 0.0e+00 · volume 3.5e-04 · wedge 1.1e-03
  The α = 0 spine radius equals Phase 31's boss radius + r         0.000e+00      1.0e-12   PASS
  The α = 0 added volume equals Phase 31's closed form  (go        7.105e-15      1.0e-12   PASS

  ── Feasibility and unsupported selections refuse cleanly
  Zero radius refuses                                                    true         true   PASS
  A radius whose cone contact reaches the boss top refuses               true         true   PASS
  A radius just inside the boss-height limit still rolls exactly             true         true   PASS
     · α = +0.2111 rad · torus residual 2.8e-14 · G1 breaks 0.0e+00 / 0.0e+00 · volume 3.7e-04 · wedge 1.4e-03
  A radius whose spine reaches the outer wall refuses                    true         true   PASS
  A radius just inside the shoulder limit still rolls exactly             true         true   PASS
     · α = +0.2111 rad · torus residual 3.1e-15 · G1 breaks 0.0e+00 / 0.0e+00 · volume 3.5e-04 · wedge 1.2e-03
  The opposite shoulder rim is not misclassified as a boss root             true         true   PASS
  The conical top rim has no exact route and refuses                     true         true   PASS
  An apex cone boss is outside the bounded frustum route and refuses             true         true   PASS
  The established native-cylinder cap fillet remains available             true         true   PASS
  A Boolean-united cylinder/frustum source is either rolled exactly or refused             true         true   PASS
     · Boolean-built source: no canonical root rim

  ── Transactional multi-edge dispatch, console commit, and visual proof
  The transactional seed set dispatches one chain through the plane–cone route             true         true   PASS
> fillet Tapered 2 --edges=4 --name=Rounded
  · #2   Rounded            solid    V5 E9 F6  χ=2 genus 0  vol 2930.5664  area 1267.0171  bounds [-10.00 -10.00 0.00]–[10.00 10.00 15.00]
  · fillet Tapered → Rounded  radius 2.0000  seeds 1  applied chains 1 (transactional)
  The C++ console accepts the plane–cone support fillet                true         true   PASS
  The console commits the exact kernel result                            true         true   PASS
> reset
  · scene reset (empty, workplane xy)
> gizmo off
  · gizmo off  layout combined  pivot (-nan -nan -nan)  view free  hover none
> view iso
  · view iso  eye (-6.93 -6.93 6.93)  pivot (0.00 0.00 0.00)  distance 12.00  yaw -45.0° pitch 35.3°  persp
> view fit
  · view fit  eye (-48.90 -48.90 56.40)  pivot (0.00 -0.00 7.50)  distance 84.69  yaw -45.0° pitch 35.3°  persp
> render sheet 0
  · render sheet 0  1280x800  (tile captured; run `render sheet finalize <name>` to composite)
> reset
  · scene reset (empty, workplane xy)
> gizmo off
  · gizmo off  layout combined  pivot (-nan -nan -nan)  view free  hover none
> view front
  · view front  eye (0.00 -84.69 7.50)  pivot (0.00 -0.00 7.50)  distance 84.69  yaw 0.0° pitch 0.0°  ortho
> view fit
  · view fit  eye (-0.00 -38.13 7.50)  pivot (-0.00 -0.00 7.50)  distance 38.13  yaw 0.0° pitch 0.0°  ortho
> view dolly 0.72
  · view dolly  eye (-0.00 -33.92 7.50)  pivot (-0.00 -0.00 7.50)  distance 33.92  yaw 0.0° pitch 0.0°  ortho
> render sheet 1
  · render sheet 1  1280x800  (tile captured; run `render sheet finalize <name>` to composite)
> reset
  · scene reset (empty, workplane xy)
> gizmo off
  · gizmo off  layout combined  pivot (-nan -nan -nan)  view along Y (only XZ-plane move + Y rotate)  hover none
> view iso
  · view iso  eye (-19.59 -19.59 27.09)  pivot (-0.00 -0.00 7.50)  distance 33.92  yaw -45.0° pitch 35.3°  persp
> view fit
  · view fit  eye (-54.27 -54.27 59.77)  pivot (0.00 0.00 5.50)  distance 94.00  yaw -45.0° pitch 35.3°  persp
> render sheet 2
  · render sheet 2  1280x800  (tile captured; run `render sheet finalize <name>` to composite)
> reset
  · scene reset (empty, workplane xy)
> gizmo off
  · gizmo off  layout combined  pivot (-nan -nan -nan)  view free  hover none
> view iso
  · view iso  eye (-54.27 -54.27 59.77)  pivot (0.00 0.00 5.50)  distance 94.00  yaw -45.0° pitch 35.3°  persp
> view fit
  · view fit  eye (-40.32 -56.83 60.58)  pivot (13.72 -2.79 6.55)  distance 93.59  yaw -45.0° pitch 35.3°  persp
> render sheet 3
  · render sheet 3  1280x800  (tile captured; run `render sheet finalize <name>` to composite)
> render sheet finalize Phase32z_PlaneConeFillet
  · render sheet  /home/user/Slate/_AgentScratch/build/SolidArcProofs/Phase32z_PlaneConeFillet.png  2560x1600  (2x2 of 1280x800 tiles)
  C++ proof commands complete without refusal                            true         true   PASS
  C++ contact-sheet proof is written and non-trivial                     true         true   PASS

  ──────────────────────────────────────────────────────────────────────────────────────────────────────
  61 checks, 0 failed → ALL PASS


══════════════════════════════════════════════════════════════════════════════════════════════════════════
  SolidArc · Phase 36a · general face editing
══════════════════════════════════════════════════════════════════════════════════════════════════════════
  CHECK                                                              MEASURED        LIMIT   VERDICT
  ──────────────────────────────────────────────────────────────────────────────────────────────────────
  Canonical source is a closed V8/E12/F6 solid                           true         true   PASS
  Top and right face selections resolve                                  true         true   PASS

  ── Exact offset, extension, trim and draft are transactional
  Positive top offset commits a closed solid                             true         true   PASS
  Top offset changes volume by exact 4×5×1  (got 140, want        2.842e-14      1.0e-09   PASS
  Top face extension commits a closed solid                              true         true   PASS
  Face extension grows both in-plane spans exactly  (got 252        0.000e+00      1.0e-09   PASS
  Top face trim commits a closed solid                                   true         true   PASS
  Face trim shrinks both in-plane spans exactly  (got 72, wa        0.000e+00      1.0e-09   PASS
  A vertical side draft commits a closed solid                           true         true   PASS
  Draft volume follows the exact trapezoidal prism identity         0.000e+00      1.0e-07   PASS
  The source remains byte-for-byte topologically and metrically unchanged             true         true   PASS

  ── Shell / thicken beyond the single-surface MVP
  A selected top face produces a real hollow shell solid                 true         true   PASS
  Shell volume follows the exact mitered U-profile  (got 36.        5.613e-13      1.0e-07   PASS
  Shell has no open/non-manifold/sliver edges                            true         true   PASS
  Over-thick shell refuses without mutating the source                   true         true   PASS

  ── Delete and replace face preserve exact rims
  Delete face commits a five-face open sheet                             true         true   PASS
  Same-rim replacement commits a closed solid                            true         true   PASS
  Same-rim replacement preserves exact source volume  (got 1        0.000e+00      1.0e-09   PASS
  A mismatched replacement rim refuses transactionally                   true         true   PASS

  ── Healing and unsupported geometry are conservative
  Healing re-sews the offset without sliver collapse                     true         true   PASS
  Curved source refuses exact general face offset                        true         true   PASS
  Curved source refuses exact face delete                                true         true   PASS
  Source still matches its pre-operation report                          true         true   PASS

  ── Console transactions and visible proof image
> offsetface Box 1 --face=1 --name=Offset
  · #2   Offset             solid    V8 E12 F6  χ=2 genus 0  vol 140.0000  area 166.0000  bounds [0.00 0.00 0.00]–[4.00 5.00 7.00]
  · OffsetFace Box → Offset  V8 E12 F6  volume 120.00000 → 140.00000  [solid]
  Console exposes the exact offset route                                 true         true   PASS
> view iso
  · view iso  eye (-6.93 -6.93 6.93)  pivot (0.00 0.00 0.00)  distance 12.00  yaw -45.0° pitch 35.3°  persp
> view orbit 35 -15
  · view orbit  eye (-1.95 -11.09 4.16)  pivot (0.00 0.00 0.00)  distance 12.00  yaw -10.0° pitch 20.3°  persp
> view fit
  · view fit  eye (-3.14 -26.64 14.43)  pivot (2.00 2.50 3.50)  distance 31.55  yaw -10.0° pitch 20.3°  persp
> render Phase36a_FaceEdits
  · render /home/user/Slate/_AgentScratch/build/SolidArcProofs/Phase36a_FaceEdits.png  1600x900  5857.6 ms  268 tri  48 seg  0 pts  1812104 frag
  Face-edit source/offset/shell proof render completes                   true         true   PASS
  Face-edit proof PNG is visible                                         true         true   PASS

  ──────────────────────────────────────────────────────────────────────────────────────────────────────
  26 checks, 0 failed → ALL PASS

[SolidArc] Phase 33/34a–34f, Phase 35a–35d, Phase 36a–36s, Stages 1–3c/3e, unequal setbacks, bounded partial-edge/apex blends, bounded quadratic partial-edge, bounded partial cone-apex/oblique corner, bounded oblique quadratic partial/full-edge, bounded orthogonal/oblique/variable/oblique-variable rolling-ball-core G2, bounded eligible orthogonal/oblique/variable/oblique-variable G2 edge dispatch, bounded native-cone, half-turn, non-reflex and reflex partial-cone apex vertex dispatch, bounded native-cone and native partial-cone apex vertex chamfer, bounded unequal-radius coaxial bicone apex chamfer, bounded unequal-setback unequal-radius bicone apex chamfer, bounded unequal-radius coaxial bicone toroidal apex fillet, bounded equal-radius coaxial bicone toroidal apex fillet, bounded partial unequal-radius bicone apex chamfer, bounded partial unequal-radius bicone toroidal apex fillet, bounded partial equal-radius bicone toroidal apex fillet, bounded partial equal-radius bicone apex chamfer, bounded full-turn equal-radius bicone apex chamfer, bounded partial unequal-radius bicone chamfer with independent set-backs, bounded partial equal-radius bicone chamfer with independent set-backs, bounded full-turn equal-radius bicone chamfer with independent set-backs, bounded half-turn equal-radius bicone chamfer with independent set-backs, bounded half-turn unequal-radius bicone chamfer with independent set-backs, bounded half-turn equal-radius bicone apex toroidal fillet, bounded half-turn unequal-radius bicone apex toroidal fillet, bounded half-turn equal-radius bicone apex chamfer, bounded half-turn unequal-radius bicone apex chamfer, bounded reflex unequal-radius bicone apex chamfer, bounded non-box extruded convex-prism shell, bounded non-box pentagonal-prism face offset, bounded genus-one holed-prism face offset, bounded elliptical-prism face offset, bounded oblique triangular-prism face offset, bounded triangular-prism draft, bounded genus-two twin-holed-prism face offset, bounded orthogonal concave-prism face offset, bounded orthogonal concave-prism shell, bounded orthogonal concave-prism side draft, bounded circular-sector-prism face offset, bounded full-turn revolved-annular-prism face offset, bounded analytic torus face offset, bounded analytic sphere face offset, bounded elliptical-annular-prism face offset, bounded rectangular-frame and quarter annular-sector face offsets, bounded native-cylinder and native-cone upper-cap face offsets, bounded genus-two twin-rectangular-hole and genus-three triple-circular-hole prism upper-cap face offsets, bounded genus-two twin-elliptical-hole and mixed elliptical/circular-hole prism upper-cap face offsets, bounded genus-three triple-elliptical-hole and double-elliptical/circular-hole prism upper-cap face offsets, bounded hexagonal elliptical-holed and concave twin-circular-holed prism upper-cap face offsets, bounded circular-bored elliptical and pentagonal twin-circular-holed prism upper-cap face offsets, bounded rectangular slot-holed and slot-profile circular-bored prism upper-cap face offsets, bounded circular-bored rounded-rectangular and rounded-rectangular-holed prism upper-cap face offsets, and durable Phase 25/26/31/32/32z/38w/38x/38y/38z/39a/39b/39c/39d/39e/39f/39g/39h/39i/39j/39k/39l/39m/39n/39o/40/41/42/43/44/45/46/47/48/49/50/51/52/53/54/Batch55/Batch56/Batch57/Batch58/Batch59/Batch60/Batch61/Batch62/Batch63/Batch64 proof gates passed
