$ /home/user/Slate/_AgentScratch/build/SolidArcIntegration/SolidArcEditorProof
[SolidArcEditorProof] wrote Exhibits/Gallery/Editor/EditorProof_SolidArc_Menu.png and Exhibits/Gallery/Editor/EditorProof_SolidArc.png with 67482 bright pixels in the filtered sheet
[SolidArcEditorProof] folder 0 Lines        tint cells 17, name cells 50
[SolidArcEditorProof] folder 1 Profiles     tint cells 34, name cells 78
[SolidArcEditorProof] folder 2 Bodies       tint cells 58, name cells 66
[SolidArcEditorProof] folder 3 Surfaces     tint cells 53, name cells 85
[SolidArcEditorProof] folder 4 Construction tint cells 45, name cells 116
[SolidArcEditorProof] folder 5 Dimensions   tint cells 38, name cells 109
[SolidArcEditorProof] folder 6 Constraints  tint cells 36, name cells 103
[SolidArcEditorProof] negative control: Bodies folder correctly refuses the Constraints rose
[SolidArcEditorProof] rail icon Body      106 lit cells
[SolidArcEditorProof] rail icon Face      54 lit cells
[SolidArcEditorProof] rail icon Edge      28 lit cells
[SolidArcEditorProof] rail icon Vertex    38 lit cells
[SolidArcEditorProof] rail icon Wireframe 78 lit cells
[SolidArcEditorProof] rail icon Matcap    72 lit cells
[SolidArcEditorProof] rail icon Move      61 lit cells
[SolidArcEditorProof] rail icon Rotate    46 lit cells
[SolidArcEditorProof] rail icon Scale     48 lit cells
[SolidArcEditorProof] rail: Construct chip 122 lit cells, 9 of 9 icons seen, empty rail 0
[SolidArcEditorProof] rail clicks: gizmo 1 shade 0 mask 10
[SolidArcEditorProof] bottom-right corner: 0 saturated pad windows (gizmo control: 5252)
[SolidArcEditorProof] far field above the pad: 0 lit cells
[SolidArcEditorProof] grid 4x4 solid windows (limit 40): 33 (smeared control: 652)
[SolidArcEditorProof] gizmo: triangles 9816 -> 11321, segments 833 -> 1311, back-facing 4168 -> 4168
[SolidArcEditorProof] tab 0 body at (60,26): 18 18 18
[SolidArcEditorProof] tab 1 body at (470,26): 18 18 18
[SolidArcEditorProof] tab 2 body at (1100,26): 18 18 18
[SolidArcEditorProof] blue cells in the tab band: 0
[SolidArcEditorProof] outliner tab right edge: top 163, foot 174
[SolidArcEditorProof] notch at (640,18), brand 109 bright cells
[SolidArcEditorProof] shade after notch tap: open
[SolidArcEditorProof] Control Centre tile cells: 21080
[SolidArcEditorProof] shade after grip tap: shut
[SolidArcEditorProof] chrome gates GREEN: game-editor tab sheet and Control Centre notch
[SolidArcEditorProof] Position X drag: centre X 0.000 -> 0.400
[SolidArcEditorProof] Duplicate tile: 7 -> 8 figures
[SolidArcEditorProof] Isolate tile: 1 figure(s) shown
[SolidArcEditorProof] Delete tile: 8 -> 7 figures
[SolidArcEditorProof] inspector shots written for every object
[SolidArcEditorProof] construct tile  0 -> Plane          drew  2321 changed pixels
[SolidArcEditorProof] construct tile  1 -> Line           drew    59 changed pixels
[SolidArcEditorProof] construct tile  2 -> Polyline       drew   290 changed pixels
[SolidArcEditorProof] construct tile  3 -> Rectangle      drew  3071 changed pixels
> box (-1.2,-0.5,0) (1.2,0.5,0.8) --name=Body01
  · #1   Body01             solid    V8 E12 F6  χ=2 genus 0  vol 1.9200  area 10.2400  bounds [-1.20 -0.50 0.00]–[1.20 0.50 0.80]
> sphere (0.0,0.0,1.15) 0.35 --sheet --name=CanopySheet
  · #2   CanopySheet        surface  deg 2x2  poles 9x5  rational closedU  bounds [-0.35 -0.35 0.80]–[0.35 0.35 1.50]
> line (-1.4,-0.7,0) (1.4,-0.7,0) --name=SketchAxis
  · #3   SketchAxis         curve    deg 1  poles 2    integral  length 2.8000  bounds [-1.40 -0.70 0.00]–[1.40 -0.70 0.00]
> plane (0,0,-0.02) 3 2 --name=WingPlane
  · #4   WingPlane          surface  deg 1x1  poles 2x2  integral  bounds [0.00 0.00 -0.02]–[3.00 2.00 -0.02]
> circle (0,0,0) 0.4 --name=ProfileDisc
  · #5   ProfileDisc        curve    deg 2  poles 9    rational closed  length 2.5133  bounds [-0.40 -0.40 0.00]–[0.40 0.40 0.00]
> line (-1.4,0.7,0) (1.4,0.9,0) --name=SketchAxisB
  · #6   SketchAxisB        curve    deg 1  poles 2    integral  length 2.8071  bounds [-1.40 0.70 0.00]–[1.40 0.90 0.00]
> line (-1.4,1.1,0) (1.4,1.1,0) --name=GuideLine --construction
  · #7   GuideLine          curve    deg 1  poles 2    integral  length 2.8000  bounds [-1.40 1.10 0.00]–[1.40 1.10 0.00]  [construction]
> dim Body01 --along=X --name=BodyWidth
  · dim #1  Body01 X 2.4000
> constraint parallel SketchAxis SketchAxisB
  · constraint #1  parallel SketchAxis SketchAxisB  (added)
> select none
  · selection cleared
> selectmode whole
  · select mode whole  ·  0 figure(s), 0 pole(s), 0 face(s), 0 edge(s) selected
> selectmode face
  · select mode face  ·  1 figure(s), 0 pole(s), 0 face(s), 0 edge(s) selected
> selectmode control
  · select mode control  ·  1 figure(s), 0 pole(s), 0 face(s), 0 edge(s) selected
> selectmode whole
  · select mode whole  ·  1 figure(s), 0 pole(s), 0 face(s), 0 edge(s) selected
> select none
  · selection cleared
> select Body01
  · #1   Body01             solid    V8 E12 F6  χ=2 genus 0  vol 1.9200  area 10.2400  bounds [-1.20 -0.50 0.00]–[1.20 0.50 0.80]  [selected]
  · 1 selected
> dim hide 1
  · dim hide: dim 1
> duplicate
  · #8   Body01.2           solid    V8 E12 F6  χ=2 genus 0  vol 1.9200  area 10.2400  bounds [-0.80 -0.50 0.00]–[1.60 0.50 0.80]  [selected]
  · duplicated 1 figure(s) in place — G to move
> isolate
  · isolated 1 figure(s)
> isolate off
  · isolate off
> delete
  · deleted 1 figure(s)
> select none
  · selection cleared
> plane (1.900,-0.700,0) 1.4 1.4
  · #9   Plane              surface  deg 1x1  poles 2x2  integral  bounds [1.90 -0.70 0.00]–[3.30 0.70 0.00]
> select Plane
  · #9   Plane              surface  deg 1x1  poles 2x2  integral  bounds [1.90 -0.70 0.00]–[3.30 0.70 0.00]  [selected]
  · 1 selected
> select none
  · selection cleared
> select none
  · selection cleared
> line (1.138,1.338) (2.538,2.338)
  · #10  Line               curve    deg 1  poles 2    integral  length 1.7205  bounds [1.14 1.34 0.00]–[2.54 2.34 0.00]
> select Line
  · #10  Line               curve    deg 1  poles 2    integral  length 1.7205  bounds [1.14 1.34 0.00]–[2.54 2.34 0.00]  [selected]
  · 1 selected
> select none
  · selection cleared
> select none
  · selection cleared
> polyline (-0.800,2.100) (-0.300,3.100) (0.300,2.400) (0.800,3.100)
  · #11  Polyline           curve    deg 1  poles 4    integral  length 2.9002  bounds [-0.80 2.10 0.00]–[0.80 3.10 0.00]
> select Polyline
  · #11  Polyline           curve    deg 1  poles 4    integral  length 2.9002  bounds [-0.80 2.10 0.00]–[0.80 3.10 0.00]  [selected]
  · 1 selected
> select none
  · selection cleared
> select none
  · selection cleared
> rect (-2.538,1.338) (-1.138,2.338)
  · #12  Rectangle          curve    deg 1  poles 5    integral closed  length 4.8000  bounds [-2.54 1.34 0.00]–[-1.14 2.34 0.00]
> select Rectangle
  · #12  Rectangle          curve    deg 1  poles 5    integral closed  length 4.8000  bounds [-2.54 1.34 0.00]–[-1.14 2.34 0.00]  [selected]
  · 1 selected
> select none
  · selection cleared
> select none
  · selection cleared
[SolidArcEditorProof] construct tile  4 -> Rectangle.2    drew 12130 changed pixels
[SolidArcEditorProof] construct tile  5 -> Slot           drew  3114 changed pixels
[SolidArcEditorProof] construct tile  6 -> Circle         drew  4311 changed pixels
[SolidArcEditorProof] construct tile  7 -> Arc            drew   448 changed pixels
[SolidArcEditorProof] construct tile  8 -> Ellipse        drew  1140 changed pixels
[SolidArcEditorProof] construct tile  9 -> Polygon        drew  1187 changed pixels
[SolidArcEditorProof] construct tile 10 -> Spline         drew   390 changed pixels
[SolidArcEditorProof] construct tile 11 -> ControlCurve   drew   341 changed pixels
[SolidArcEditorProof] construct tile 12 -> Box            drew 12515 changed pixels
> rect (-2.600,0.000) (-1.900,0.500) --center
  · #13  Rectangle.2        curve    deg 1  poles 5    integral closed  length 9.6000  bounds [-4.50 -0.50 0.00]–[-0.70 0.50 0.00]
> select Rectangle.2
  · #13  Rectangle.2        curve    deg 1  poles 5    integral closed  length 9.6000  bounds [-4.50 -0.50 0.00]–[-0.70 0.50 0.00]  [selected]
  · 1 selected
> select none
  · selection cleared
> select none
  · selection cleared
> slot (-2.338,-1.838) (-1.338,-1.838) 0.25
  · #14  Slot               curve    deg 2  poles 13   rational closed  length 3.5708  bounds [-2.59 -2.09 0.00]–[-1.09 -1.59 0.00]
> select Slot
  · #14  Slot               curve    deg 2  poles 13   rational closed  length 3.5708  bounds [-2.59 -2.09 0.00]–[-1.09 -1.59 0.00]  [selected]
  · 1 selected
> select none
  · selection cleared
> select none
  · selection cleared
> circle (-0.000,-2.600) 0.6
  · #15  Circle             curve    deg 2  poles 9    rational closed  length 3.7699  bounds [-0.60 -3.20 0.00]–[0.60 -2.00 0.00]
> select Circle
  · #15  Circle             curve    deg 2  poles 9    rational closed  length 3.7699  bounds [-0.60 -3.20 0.00]–[0.60 -2.00 0.00]  [selected]
  · 1 selected
> select none
  · selection cleared
> select none
  · selection cleared
> arc (1.838,-1.838) 0.7 -60 240
  · #16  Arc                curve    deg 2  poles 7    rational  length 2.9322  bounds [1.14 -2.44 0.00]–[2.70 -1.05 0.00]
> select Arc
  · #16  Arc                curve    deg 2  poles 7    rational  length 2.9322  bounds [1.14 -2.44 0.00]–[2.70 -1.05 0.00]  [selected]
  · 1 selected
> select none
  · selection cleared
> select none
  · selection cleared
> ellipse (3.234,1.339) 0.8 0.45
  · #17  Ellipse            curve    deg 2  poles 9    rational closed  length 4.0043  bounds [2.43 0.89 0.00]–[4.03 1.79 0.00]
> select Ellipse
  · #17  Ellipse            curve    deg 2  poles 9    rational closed  length 4.0043  bounds [2.43 0.89 0.00]–[4.03 1.79 0.00]  [selected]
  · 1 selected
> select none
  · selection cleared
> select none
  · selection cleared
> polygon (1.339,3.234) 0.6 6
  · #18  Polygon            curve    deg 1  poles 7    integral closed  length 3.6000  bounds [0.74 2.71 0.00]–[1.94 3.75 0.00]
> select Polygon
  · #18  Polygon            curve    deg 1  poles 7    integral closed  length 3.6000  bounds [0.74 2.71 0.00]–[1.94 3.75 0.00]  [selected]
  · 1 selected
> select none
  · selection cleared
> select none
  · selection cleared
> spline (-2.139,2.934) (-1.639,3.734) (-1.039,2.734) (-0.539,3.534)
  · #19  Spline             curve    deg 3  poles 4    integral  length 3.3983  bounds [-2.14 0.82 0.00]–[-0.54 5.65 0.00]
> select Spline
  · #19  Spline             curve    deg 3  poles 4    integral  length 3.3983  bounds [-2.14 0.82 0.00]–[-0.54 5.65 0.00]  [selected]
  · 1 selected
> select none
  · selection cleared
> select none
  · selection cleared
> cpcurve (-4.034,1.039) (-3.534,1.939) (-2.934,0.739) (-2.434,1.639)
  · #20  ControlCurve       curve    deg 3  poles 4    integral  length 1.9110  bounds [-4.03 0.74 0.00]–[-2.43 1.94 0.00]
> select ControlCurve
  · #20  ControlCurve       curve    deg 3  poles 4    integral  length 1.9110  bounds [-4.03 0.74 0.00]–[-2.43 1.94 0.00]  [selected]
  · 1 selected
> select none
  · selection cleared
> select none
  · selection cleared
> box (-3.734,-1.839,0) 1 1 1
  · #21  Box                solid    V8 E12 F6  χ=2 genus 0  vol 1.0000  area 6.0000  bounds [-3.73 -1.84 0.00]–[-2.73 -0.84 1.00]
> select Box
  · #21  Box                solid    V8 E12 F6  χ=2 genus 0  vol 1.0000  area 6.0000  bounds [-3.73 -1.84 0.00]–[-2.73 -0.84 1.00]  [selected]
  · 1 selected
> select none
  · selection cleared
> select none
  · selection cleared
> sphere (-1.339,-3.234,0.6) 0.6
  · #22  Sphere             solid    V2 E1 F1  χ=2 genus 0  vol 0.9039  area 4.5216  bounds [-1.94 -3.83 0.00]–[-0.74 -2.63 1.20]
> select Sphere
  · #22  Sphere             solid    V2 E1 F1  χ=2 genus 0  vol 0.9039  area 4.5216  bounds [-1.94 -3.83[SolidArcEditorProof] construct tile 13 -> Sphere         drew  9249 changed pixels
[SolidArcEditorProof] construct tile 14 -> Cylinder       drew  8093 changed pixels
[SolidArcEditorProof] construct tile 15 -> Cone           drew  3795 changed pixels
[SolidArcEditorProof] construct tile 16 -> Torus          drew  3084 changed pixels
[SolidArcEditorProof] construct tile 17 -> Sphere.2       drew  3056 changed pixels
[SolidArcEditorProof] construct tile 18 -> Cylinder.2     drew  3656 changed pixels
[SolidArcEditorProof] construct tile 19 -> Cone.2         drew  4783 changed pixels
[SolidArcEditorProof] construct tile 20 -> Torus.2        drew 10454 changed pixels
[SolidArcEditorProof] construct tile 21 -> Patch          drew 13322 changed pixels
[SolidArcEditorProof] Construct menu: 22 of 22 tiles placed a figure that draws
[SolidArcEditorProof] silhouette pixels partly covered: one sample 15.1 %, two samples 40.8 %  (view 713x598)
 0.00]–[-0.74 -2.63 1.20]  [selected]
  · 1 selected
> select none
  · selection cleared
> select none
  · selection cleared
> cylinder (1.339,-3.234,0) 0.45 1.2
  · #23  Cylinder           solid    V2 E3 F3  χ=2 genus 0  vol 0.7631  area 4.6644  bounds [0.89 -3.68 0.00]–[1.79 -2.78 1.20]
> select Cylinder
  · #23  Cylinder           solid    V2 E3 F3  χ=2 genus 0  vol 0.7631  area 4.6644  bounds [0.89 -3.68 0.00]–[1.79 -2.78 1.20]  [selected]
  · 1 selected
> select none
  · selection cleared
> select none
  · selection cleared
> cone (3.234,-1.339,0) 0.6 0.15 1.2
  · #24  Cone               solid    V2 E3 F3  χ=2 genus 0  vol 0.5935  area 4.2204  bounds [2.63 -1.94 0.00]–[3.83 -0.74 1.20]
> select Cone
  · #24  Cone               solid    V2 E3 F3  χ=2 genus 0  vol 0.5935  area 4.2204  bounds [2.63 -1.94 0.00]–[3.83 -0.74 1.20]  [selected]
  · 1 selected
> select none
  · selection cleared
> select none
  · selection cleared
> torus (4.400,0.000,0.3) 0.6 0.25
  · #25  Torus              solid    V1 E2 F1  χ=0 genus 1  vol 0.7396  area 5.9197  bounds [3.55 -0.85 0.05]–[5.25 0.85 0.55]
> select Torus
  · #25  Torus              solid    V1 E2 F1  χ=0 genus 1  vol 0.7396  area 5.9197  bounds [3.55 -0.85 0.05]–[5.25 0.85 0.55]  [selected]
  · 1 selected
> select none
  · selection cleared
> select none
  · selection cleared
> sphere (3.111,3.111,0.6) 0.6 --sheet
  · #26  Sphere.2           surface  deg 2x2  poles 9x5  rational closedU  bounds [2.51 2.51 0.00]–[3.71 3.71 1.20]
> select Sphere.2
  · #26  Sphere.2           surface  deg 2x2  poles 9x5  rational closedU  bounds [2.51 2.51 0.00]–[3.71 3.71 1.20]  [selected]
  · 1 selected
> select none
  · selection cleared
> select none
  · selection cleared
> cylinder (0.000,4.400,0) 0.45 1.2 --sheet
  · #27  Cylinder.2         surface  deg 2x1  poles 9x2  rational closedU  bounds [-0.45 3.95 0.00]–[0.45 4.85 1.20]
> select Cylinder.2
  · #27  Cylinder.2         surface  deg 2x1  poles 9x2  rational closedU  bounds [-0.45 3.95 0.00]–[0.45 4.85 1.20]  [selected]
  · 1 selected
> select none
  · selection cleared
> select none
  · selection cleared
> cone (-3.111,3.111,0) 0.6 0.15 1.2 --sheet
  · #28  Cone.2             surface  deg 2x1  poles 9x2  rational closedU  bounds [-3.71 2.51 0.00]–[-2.51 3.71 1.20]
> select Cone.2
  · #28  Cone.2             surface  deg 2x1  poles 9x2  rational closedU  bounds [-3.71 2.51 0.00]–[-2.51 3.71 1.20]  [selected]
  · 1 selected
> select none
  · selection cleared
> select none
  · selection cleared
> torus (-4.400,0.000,0.3) 0.6 0.25 --sheet
  · #29  Torus.2            surface  deg 2x2  poles 9x9  rational closedU closedV  bounds [-5.25 -0.85 0.05]–[-3.55 0.85 0.55]
> select Torus.2
  · #29  Torus.2            surface  deg 2x2  poles 9x9  rational closedU closedV  bounds [-5.25 -0.85 0.05]–[-3.55 0.85 0.55]  [selected]
  · 1 selected
> select none
  · selection cleared
> select none
  · selection cleared
> patch 3 3 (-3.811,-3.811,0.000) (-3.111,-3.811,0.000) (-2.411,-3.811,0.000) (-3.811,-3.111,0.000) (-3.111,-3.111,0.500) (-2.411,-3.111,0.000) (-3.811,-2.411,0.000) (-3.111,-2.411,0.000) (-2.411,-2.411,0.000) --degree=2
  · #30  Patch              surface  deg 2x2  poles 3x3  integral  bounds [-3.81 -3.81 0.00]–[-2.41 -2.41 0.50]
> select Patch
  · #30  Patch              surface  deg 2x2  poles 3x3  integral  bounds [-3.81 -3.81 0.00]–[-2.41 -2.41 0.50]  [selected]
  · 1 selected
> select none
  · selection cleared
> view fit
  · view fit  eye (-10.56 -14.17 11.37)  pivot (-0.00 0.91 0.74)  distance 21.26  yaw -35.0° pitch 30.0°  persp
> reset
  · scene reset (empty, workplane xy)
> sphere (0,0,0.9) 1.0 --sheet --name=RimSheet
  · #1   RimSheet           surface  deg 2x2  poles 9x5  rational closedU  bounds [-1.00 -1.00 -0.10]–[1.00 1.00 1.90]
> view fit
  · view fit  eye (-3.01 -4.29 3.93)  pivot (-0.00 -0.00 0.90)  distance 6.05  yaw -35.0° pitch 30.0°  persp
> reset
  · scene reset (empty, workplane xy)
> box (-3.2,-0.8,0) (-1.8,0.8,1.2) --nam[SolidArcEditorProof] select: tap BallC                          document 1, outliner pick 1 (want 1)
[SolidArcEditorProof] select: Ctrl+tap BoxB adds                 document 2, outliner pick 2 (want 2)
[SolidArcEditorProof] select: Ctrl+tap BoxA adds                 document 3, outliner pick 3 (want 3)
[SolidArcEditorProof] select: Ctrl+tap BallC takes away          document 2, outliner pick 2 (want 2)
[SolidArcEditorProof] select: tap BallC alone                    document 1, outliner pick 1 (want 1)
[SolidArcEditorProof] select: Ctrl+A                             document 4, outliner pick 4 (want 4)
[SolidArcEditorProof] select: Escape                             document 0, outliner pick 0 (want 0)
[SolidArcEditorProof] select: Ctrl+drag box over BoxA and BoxB   document 2, outliner pick 2 (want 2)
[SolidArcEditorProof] select: select none                        document 0, outliner pick 0 (want 0)
[SolidArcEditorProof] select: outliner pick BoxA + BallC + RingD document 3, outliner pick 3 (want 3)
[SolidArcEditorProof] select: Delete removed 3 of 4 figures
e=BoxA
  · #1   BoxA               solid    V8 E12 F6  χ=2 genus 0  vol 2.6880  area 11.6800  bounds [-3.20 -0.80 0.00]–[-1.80 0.80 1.20]
> box (-0.7,-0.8,0) (0.7,0.8,1.2) --name=BoxB
  · #2   BoxB               solid    V8 E12 F6  χ=2 genus 0  vol 2.6880  area 11.6800  bounds [-0.70 -0.80 0.00]–[0.70 0.80 1.20]
> sphere (2.5,0,0.7) 0.7 --name=BallC
  · #3   BallC              solid    V2 E1 F1  χ=2 genus 0  vol 1.4353  area 6.1544  bounds [1.80 -0.70 0.00]–[3.20 0.70 1.40]
> circle (3.6,2.6,0) 0.8 --name=RingD
  · #4   RingD              curve    deg 2  poles 9    rational closed  length 5.0265  bounds [2.80 1.80 0.00]–[4.40 3.40 0.00]
> view fit
  · view fit  eye (-5.72 -7.73 7.06)  pivot (0.60 1.30 0.70)  distance 12.73  yaw -35.0° pitch 30.0°  persp
  · hover #3 BallC
  · #3   BallC              solid    V2 E1 F1  χ=2 genus 0  vol 1.4353  area 6.1544  bounds [1.80 -0.70 0.00]–[3.20 0.70 1.40]  [selected]
  · 1 selected
  · hover #2 BoxB
  · #2   BoxB               solid    V8 E12 F6  χ=2 genus 0  vol 2.6880  area 11.6800  bounds [-0.70 -0.80 0.00]–[0.70 0.80 1.20]  [selected]
  · 2 selected
  · hover #1 BoxA
  · #1   BoxA               solid    V8 E12 F6  χ=2 genus 0  vol 2.6880  area 11.6800  bounds [-3.20 -0.80 0.00]–[-1.80 0.80 1.20]  [selected]
  · 3 selected
  · hover #3 BallC
  · #3   BallC              solid    V2 E1 F1  χ=2 genus 0  vol 1.4353  area 6.1544  bounds [1.80 -0.70 0.00]–[3.20 0.70 1.40]
  · 2 selected
  · hover #3 BallC
  · #3   BallC              solid    V2 E1 F1  χ=2 genus 0  vol 1.4353  area 6.1544  bounds [1.80 -0.70 0.00]–[3.20 0.70 1.40]  [selected]
  · 1 selected
> select all
  · #1   BoxA               solid    V8 E12 F6  χ=2 genus 0  vol 2.6880  area 11.6800  bounds [-3.20 -0.80 0.00]–[-1.80 0.80 1.20]  [selected]
  · #2   BoxB               solid    V8 E12 F6  χ=2 genus 0  vol 2.6880  area 11.6800  bounds [-0.70 -0.80 0.00]–[0.70 0.80 1.20]  [selected]
  · #3   BallC              solid    V2 E1 F1  χ=2 genus 0  vol 1.4353  area 6.1544  bounds [1.80 -0.70 0.00]–[3.20 0.70 1.40]  [selected]
  · #4   RingD              curve    deg 2  poles 9    rational closed  length 5.0265  bounds [2.80 1.80 0.00]–[4.40 3.40 0.00]  [selected]
  · 4 selected
> select none
  · selection cleared
  · hover #1 BoxA
  · hover nothing
  · hover #2 BoxB
  · hover #2 BoxB
> select none
  · selection cleared
> delete
  · deleted 3 figure(s)

Exit: 0

$ /home/user/Slate/_AgentScratch/build/SolidArcIntegration/SolidArc --proofs /home/user/Slate/_AgentScratch/build/SolidArcIntegration/renders -c open "/home/user/Slate/Frontier/Projects/Project-Drive/Content/Vehicles/Liger/Liger_Body_CurveLoft.arc"
> open /home/user/Slate/Frontier/Projects/Project-Drive/Content/Vehicles/Liger/Liger_Body_CurveLoft.arc
── script /home/user/Slate/Frontier/Projects/Project-Drive/Content/Vehicles/Liger/Liger_Body_CurveLoft.arc
> show shading plastic
  · shading plastic
> spline (-1.5095,0.2225,0.9033) (-1.3928,0.2314,0.9171) (-1.2762,0.2430,0.9351) (-1.1596,0.2548,0.9531) (-1.0429,0.2665,0.9708) (-0.9263,0.2778,0.9877) (-0.8096,0.2878,1.0053) (-0.6930,0.2974,1.0233) (-0.5763,0.3067,1.0414) (-0.4597,0.3160,1.0596) (-0.3431,0.3252,1.0779) (-0.2264,0.3345,1.0957) (-0.1098,0.3438,1.1110) (0.0069,0.3530,1.1264) --name=C_Tail_Centre_c1
  · #1   C_Tail_Centre_c1   curve    deg 3  poles 14   integral  length 1.5385  bounds [-1.51 0.22 0.90]–[0.01 0.35 1.13]
> spline (-1.5095,-0.2225,0.9033) (-1.3928,-0.2314,0.9171) (-1.2762,-0.2430,0.9351) (-1.1596,-0.2548,0.9531) (-1.0429,-0.2665,0.9708) (-0.9263,-0.2778,0.9877) (-0.8096,-0.2878,1.0053) (-0.6930,-0.2974,1.0233) (-0.5763,-0.3067,1.0414) (-0.4597,-0.3160,1.0596) (-0.3431,-0.3252,1.0779) (-0.2264,-0.3345,1.0957) (-0.1098,-0.3438,1.1110) (0.0069,-0.3530,1.1264) --name=C_Tail_Centre_c2
  · #2   C_Tail_Centre_c2   curve    deg 3  poles 14   integral  length 1.5385  bounds [-1.51 -0.35 0.90]–[0.01 -0.22 1.13]
> loft C_Tail_Centre_c2 C_Tail_Centre_c1 --sheet --name=C_Tail_Centre
  · loft C_Tail_Centre_c2 (open → sheet) C_Tail_Centre_c1 (open → sheet)
  · #3   C_Tail_Centre      surface  deg 3x1  poles 14x2  integral  bounds [-1.51 -0.35 0.90]–[0.01 0.35 1.13]
  ·   ↳ loft of C_Tail_Centre_c2 C_Tail_Centre_c1  degree 3
> delete C_Tail_Centre_c2 C_Tail_Centre_c1
  · deleted 2 figure(s)
> tint C_Tail_Centre 0.80 0.82 0.86
> spline (-1.5095,0.2225,0.9033) (-1.3928,0.2314,0.9171) (-1.2762,0.2430,0.9351) (-1.1596,0.2548,0.9531) (-1.0429,0.2665,0.9708) (-0.9263,0.2778,0.9877) (-0.8096,0.2878,1.0053) (-0.6930,0.2974,1.0233) (-0.5763,0.3067,1.0414) (-0.4597,0.3160,1.0596) (-0.3431,0.3252,1.0779) (-0.2264,0.3345,1.0957) (-0.1098,0.3438,1.1110) (0.0069,0.3530,1.1264) --name=R_Tail_Ledge_c1
  · #4   R_Tail_Ledge_c1    curve    deg 3  poles 14   integral  length 1.5385  bounds [-1.51 0.22 0.90]–[0.01 0.35 1.13]
> spline (-1.5095,0.3713,0.8563) (-1.3928,0.3895,0.8668) (-1.2762,0.4140,0.8808) (-1.1596,0.4393,0.8952) (-1.0429,0.4649,0.9099) (-0.9263,0.4905,0.9245) (-0.8096,0.5161,0.9392) (-0.6930,0.5417,0.9538) (-0.5763,0.5673,0.9684) (-0.4597,0.5929,0.9831) (-0.3431,0.6185,0.9977) (-0.2264,0.6437,1.0124) (-0.1098,0.6643,1.0269) (0.0069,0.6811,1.0414) --name=R_Tail_Ledge_c2
  · #5   R_Tail_Ledge_c2    curve    deg 3  poles 14   integral  length 1.5593  bounds [-1.51 0.37 0.86]–[0.01 0.68 1.04]
> loft R_Tail_Ledge_c1 R_Tail_Ledge_c2 --sheet --name=R_Tail_Ledge
  · loft R_Tail_Ledge_c1 (open → sheet) R_Tail_Ledge_c2 (open → sheet)
  · #6   R_Tail_Ledge       surface  deg 3x1  poles 24x2  integral  bounds [-1.51 0.22 0.86]–[0.01 0.68 1.13]
  ·   ↳ loft of R_Tail_Ledge_c1 R_Tail_Ledge_c2  degree 3
> delete R_Tail_Ledge_c1 R_Tail_Ledge_c2
  · deleted 2 figure(s)
> tint R_Tail_Ledge 0.80 0.82 0.86
> spline (0.0069,-0.3530,1.1264) (-0.1098,-0.3438,1.1110) (-0.2264,-0.3345,1.0957) (-0.3431,-0.3252,1.0779) (-0.4597,-0.3160,1.0596) (-0.5763,-0.3067,1.0414) (-0.6930,-0.2974,1.0233) (-0.8096,-0.2878,1.0053) (-0.9263,-0.2778,0.9877) (-1.0429,-0.2665,0.9708) (-1.1596,-0.2548,0.9531) (-1.2762,-0.2430,0.9351) (-1.3928,-0.2314,0.9171) (-1.5095,-0.2225,0.9033) --name=L_Tail_Ledge_c1
  · #7   L_Tail_Ledge_c1    curve    deg 3  poles 14   integral  length 1.5385  bounds [-1.51 -0.35 0.90]–[0.01 -0.22 1.13]
> spline (0.0069,-0.6811,1.0414) (-0.1098,-0.6643,1.0269) (-0.2264,-0.6437,1.0124) (-0.3431,-0.6185,0.9977) (-0.4597,-0.5929,0.9831) (-0.5763,-0.5673,0.9684) (-0.6930,-0.5417,0.9538) (-0.8096,-0.5161,0.9392) (-0.9263,-0.4905,0.9245) (-1.0429,-0.4649,0.9099) (-1.1596,-0.4393,0.8952) (-1.2762,-0.4140,0.8808) (-1.3928,-0.3895,0.8668) (-1.5095,-0.3713,0.8563) --name=L_Tail_Ledge_c2
  · #8   L_Tail_Ledge_c2    curve    deg 3  poles 14   integral  length 1.5593  bounds [-1.51 -0.68 0.86]–[0.01 -0.37 1.04]
> loft L_Tail_Ledge_c1 L_Tail_Ledge_c2 --sheet --name=L_Tail_Ledge
  · loft L_Tail_Ledge_c1 (open → sheet) L_Tail_Ledge_c2 (open → sheet)
  · #9   L_Tail_Ledge       surface  deg 3x1  poles 24x2  integral  bounds [-1.51 -0.68 0.86]–[0.01 -0.22 1.13]
  ·   ↳ loft of L_Tail_Ledge_c1 L_Tail_Ledge_c2  degree 3
> delete L_Tail_Ledge_c1 L_Tail_Ledge_c2
  · deleted 2 figure(s)
> tint L_Tail_Ledge 0.80 0.82 0.86
> spline (-1.3916,0.3897,0.8669) (-1.2837,0.4124,0.8799) (-1.1759,0.4357,0.8932) (-1.0681,0.4593,0.9067) (-0.9602,0.4830,0.9202) (-0.8524,0.5067,0.9338) (-0.7446,0.5303,0.9473) (-0.6367,0.5540,0.9609) (-0.5289,0.5777,0.9744) (-0.4211,0.6013,0.9879) (-0.3132,0.6250,1.0015) (-0.2054,0.6481,1.0150) (-0.0976,0.6661,1.0284) (0.0103,0.6815,1.0418) --name=R_Tail_Deck_c1
  · #10  R_Tail_Deck_c1     curve    deg 3  poles 14   integral  length 1.4430  bounds [-1.39 0.39 0.87]–[0.01 0.68 1.04]
> spline (-1.3916,0.5591,0.8474) (-1.2837,0.5866,0.8409) (-1.1759,0.6048,0.8405) (-1.0681,0.6227,0.8421) (-0.9602,0.6405,0.8441) (-0.8524,0.6584,0.8461) (-0.7446,0.6763,0.8481) (-0.6367,0.6941,0.8501) (-0.5289,0.7120,0.8521) (-0.4211,0.7299,0.8541) (-0.3132,0.7473,0.8581) (-0.2054,0.7644,0.8641) (-0.0976,0.7810,0.8700) (0.0103,0.7973,0.8757) --name=R_Tail_Deck_c2
  · #11  R_Tail_Deck_c2     curve    deg 3  poles 14   integral  length 1.4234  bounds [-1.39 0.56 0.84]–[0.01 0.80 0.88]
> loft R_Tail_Deck_c1 R_Tail_Deck_c2 --sheet --name=R_Tail_Deck
  · loft R_Tail_Deck_c1 (open → sheet) R_Tail_Deck_c2 (open → sheet)
  · #12  R_Tail_Deck        surface  deg 3x1  poles 24x2  integral  bounds [-1.39 0.39 0.84]–[0.01 0.80 1.04]
  ·   ↳ loft of R_Tail_Deck_c1 R_Tail_Deck_c2  degree 3
> delete R_Tail_Deck_c1 R_Tail_Deck_c2
  · deleted 2 figure(s)
> tint R_Tail_Deck 0.80 0.82 0.86
> spline (0.0103,-0.6815,1.0418) (-0.0976,-0.6661,1.0284) (-0.2054,-0.6481,1.0150) (-0.3132,-0.6250,1.0015) (-0.4211,-0.6013,0.9879) (-0.5289,-0.5777,0.9744) (-0.6367,-0.5540,0.9609) (-0.7446,-0.5303,0.9473) (-0.8524,-0.5067,0.9338) (-0.9602,-0.4830,0.9202) (-1.0681,-0.4593,0.9067) (-1.1759,-0.4357,0.8932) (-1.2837,-0.4124,0.8799) (-1.3916,-0.3897,0.8669) --name=L_Tail_Deck_c1
  · #13  L_Tail_Deck_c1     curve    deg 3  poles 14   integral  length 1.4430  bounds [-1.39 -0.68 0.87]–[0.01 -0.39 1.04]
> spline (0.0103,-0.7973,0.8757) (-0.0976,-0.7810,0.8700) (-0.2054,-0.7644,0.8641) (-0.3132,-0.7473,0.8581) (-0.4211,-0.7299,0.8541) (-0.5289,-0.7120,0.8521) (-0.6367,-0.6941,0.8501) (-0.7446,-0.6763,0.8481) (-0.8524,-0.6584,0.8461) (-0.9602,-0.6405,0.8441) (-1.0681,-0.6227,0.8421) (-1.1759,-0.6048,0.8405) (-1.2837,-0.5866,0.8409) (-1.3916,-0.5591,0.8474) --name=L_Tail_Deck_c2
  · #14  L_Tail_Deck_c2     curve    deg 3  poles 14   integral  length 1.4234  bounds [-1.39 -0.80 0.84]–[0.01 -0.56 0.88]
> loft L_Tail_Deck_c1 L_Tail_Deck_c2 --sheet --name=L_Tail_Deck
  · loft L_Tail_Deck_c1 (open → sheet) L_Tail_Deck_c2 (open → sheet)
  · #15  L_Tail_Deck        surface  deg 3x1  poles 24x2  integral  bounds [-1.39 -0.80 0.84]–[0.01 -0.39 1.04]
  ·   ↳ loft of L_Tail_Deck_c1 L_Tail_Deck_c2  degree 3
> delete L_Tail_Deck_c1 L_Tail_Deck_c2
  · deleted 2 figure(s)
> tint L_Tail_Deck 0.80 0.82 0.86
> spline (-1.2299,0.5958,0.8397) (-1.1266,0.6130,0.8412) (-1.0233,0.6301,0.8429) (-0.9199,0.6472,0.8448) (-0.8166,0.6643,0.8467) (-0.7133,0.6815,0.8486) (-0.6100,0.6986,0.8506) (-0.5066,0.7157,0.8525) (-0.4033,0.7328,0.8545) (-0.3000,0.7494,0.8589) (-0.1967,0.7658,0.8646) (-0.0933,0.7817,0.8702) (0.0100,0.7972,0.8757) (0.1133,0.8128,0.8811) --name=R_Rear_Shoulder_c1
  · #16  R_Rear_Shoulder_c1 curve    deg 3  poles 14   integral  length 1.3615  bounds [-1.23 0.60 0.84]–[0.11 0.81 0.88]
> spline (-1.2299,0.8877,1.0013) (-1.1266,0.8878,0.9960) (-1.0233,0.8879,0.9907) (-0.9199,0.8880,0.9854) (-0.8166,0.8882,0.9678) (-0.7133,0.8884,0.9465) (-0.6100,0.8886,0.9252) (-0.5066,0.8891,0.9093) (-0.4033,0.8897,0.8955) (-0.3000,0.8908,0.8867) (-0.1967,0.8923,0.8817) (-0.0933,0.8937,0.8767) (0.0100,0.8952,0.8718) (0.1133,0.8967,0.8668) --name=R_Rear_Shoulder_c2
  · #17  R_Rear_Shoulder_c2 curve    deg 3  poles 14   integral  length 1.3526  bounds [-1.23 0.89 0.87]–[0.11 0.90 1.00]
> loft R_Rear_Shoulder_c1 R_Rear_Shoulder_c2 --sheet --name=R_Rear_Shoulder
  · loft R_Rear_Shoulder_c1 (open → sheet) R_Rear_Shoulder_c2 (open → sheet)
  · #18  R_Rear_Shoulder    surface  deg 3x1  poles 24x2  integral  bounds [-1.23 0.60 0.84]–[0.11 0.90 1.00]
  ·   ↳ loft of R_Rear_Shoulder_c1 R_Rear_Shoulder_c2  degree 3
> delete R_Rear_Shoulder_c1 R_Rear_Shoulder_c2
  · deleted 2 figure(s)
> tint R_Rear_Shoulder 0.80 0.82 0.86
> spline (0.1133,-0.8128,0.8811) (0.0100,-0.7972,0.8757) (-0.0933,-0.7817,0.8702) (-0.1967,-0.7658,0.8646) (-0.3000,-0.7494,0.8589) (-0.4033,-0.7328,0.8545) (-0.5066,-0.7157,0.8525) (-0.6100,-0.6986,0.8506) (-0.7133,-0.6815,0.8486) (-0.8166,-0.6643,0.8467) (-0.9199,-0.6472,0.8448) (-1.0233,-0.6301,0.8429) (-1.1266,-0.6130,0.8412) (-1.2299,-0.5958,0.8397) --name=L_Rear_Shoulder_c1
  · #19  L_Rear_Shoulder_c1 curve    deg 3  poles 14   integral  length 1.3615  bounds [-1.23 -0.81 0.84]–[0.11 -0.60 0.88]
> spline (0.1133,-0.8967,0.8668) (0.0100,-0.8952,0.8718) (-0.0933,-0.8937,0.8767) (-0.1967,-0.8923,0.8817) (-0.3000,-0.8908,0.8867) (-0.4033,-0.8897,0.8955) (-0.5066,-0.8891,0.9093) (-0.6100,-0.8886,0.9252) (-0.7133,-0.8884,0.9465) (-0.8166,-0.8882,0.9678) (-0.9199,-0.8880,0.9854) (-1.0233,-0.8879,0.9907) (-1.1266,-0.8878,0.9960) (-1.2299,-0.8877,1.0013) --name=L_Rear_Shoulder_c2
  · #20  L_Rear_Shoulder_c2 curve    deg 3  poles 14   integral  length 1.3526  bounds [-1.23 -0.90 0.87]–[0.11 -0.89 1.00]
> loft L_Rear_Shoulder_c1 L_Rear_Shoulder_c2 --sheet --name=L_Rear_Shoulder
  · loft L_Rear_Shoulder_c1 (open → sheet) L_Rear_Shoulder_c2 (open → sheet)
  · #21  L_Rear_Shoulder    surface  deg 3x1  poles 24x2  integral  bounds [-1.23 -0.90 0.84]–[0.11 -0.60 1.00]
  ·   ↳ loft of L_Rear_Shoulder_c1 L_Rear_Shoulder_c2  degree 3
> delete L_Rear_Shoulder_c1 L_Rear_Shoulder_c2
  · deleted 2 figure(s)
> tint L_Rear_Shoulder 0.80 0.82 0.86
> spline (-1.2203,0.8877,1.0009) (-1.1164,0.8878,0.9955) (-1.0126,0.8879,0.9902) (-0.9088,0.8880,0.9848) (-0.8050,0.8882,0.9654) (-0.7011,0.8884,0.9440) (-0.5973,0.8886,0.9226) (-0.4935,0.8891,0.9075) (-0.3897,0.8898,0.8936) (-0.2858,0.8910,0.8860) (-0.1820,0.8925,0.8810) (-0.0782,0.8940,0.8760) (0.0256,0.8954,0.8710) (0.1295,0.8969,0.8660) --name=R_Rear_Quarter_Top_c1
  · #22  R_Rear_Quarter_Top_c1 curve    deg 3  poles 14   integral  length 1.3593  bounds [-1.22 0.89 0.87]–[0.13 0.90 1.00]
> spline (-1.2203,1.0021,0.9997) (-1.1164,0.9921,1.0066) (-1.0126,0.9924,1.0033) (-0.9088,0.9926,0.9954) (-0.8050,0.9926,0.9799) (-0.7011,0.9927,0.9628) (-0.5973,0.9939,0.9429) (-0.4935,0.9956,0.9225) (-0.3897,0.9973,0.9021) (-0.2858,0.9996,0.8912) (-0.1820,1.0023,0.8855) (-0.0782,1.0050,0.8798) (0.0256,1.0077,0.8741) (0.1295,1.0130,0.8717) --name=R_Rear_Quarter_Top_c2
  · #23  R_Rear_Quarter_Top_c2 curve    deg 3  poles 14   integral  length 1.3610  bounds [-1.22 0.99 0.87]–[0.13 1.01 1.01]
> loft R_Rear_Quarter_Top_c1 R_Rear_Quarter_Top_c2 --sheet --name=R_Rear_Quarter_Top
  · loft R_Rear_Quarter_Top_c1 (open → sheet) R_Rear_Quarter_Top_c2 (open → sheet)
  · #24  R_Rear_Quarter_Top surface  deg 3x1  poles 24x2  integral  bounds [-1.22 0.89 0.87]–[0.13 1.01 1.01]
  ·   ↳ loft of R_Rear_Quarter_Top_c1 R_Rear_Quarter_Top_c2  degree 3
> delete R_Rear_Quarter_Top_c1 R_Rear_Quarter_Top_c2
  · deleted 2 figure(s)
> tint R_Rear_Quarter_Top 0.80 0.82 0.86
> spline (0.1295,-0.8969,0.8660) (0.0256,-0.8954,0.8710) (-0.0782,-0.8940,0.8760) (-0.1820,-0.8925,0.8810) (-0.2858,-0.8910,0.8860) (-0.3897,-0.8898,0.8936) (-0.4935,-0.8891,0.9075) (-0.5973,-0.8886,0.9226) (-0.7011,-0.8884,0.9440) (-0.8050,-0.8882,0.9654) (-0.9088,-0.8880,0.9848) (-1.0126,-0.8879,0.9902) (-1.1164,-0.8878,0.9955) (-1.2203,-0.8877,1.0009) --name=L_Rear_Quarter_Top_c1
  · #25  L_Rear_Quarter_Top_c1 curve    deg 3  poles 14   integral  length 1.3593  bounds [-1.22 -0.90 0.87]–[0.13 -0.89 1.00]
> spline (0.1295,-1.0130,0.8717) (0.0256,-1.0077,0.8741) (-0.0782,-1.0050,0.8798) (-0.1820,-1.0023,0.8855) (-0.2858,-0.9996,0.8912) (-0.3897,-0.9973,0.9021) (-0.4935,-0.9956,0.9225) (-0.5973,-0.9939,0.9429) (-0.7011,-0.9927,0.9628) (-0.8050,-0.9926,0.9799) (-0.9088,-0.9926,0.9954) (-1.0126,-0.9924,1.0033) (-1.1164,-0.9921,1.0066) (-1.2203,-1.0021,0.9997) --name=L_Rear_Quarter_Top_c2
  · #26  L_Rear_Quarter_Top_c2 curve    deg 3  poles 14   integral  length 1.3610  bounds [-1.22 -1.01 0.87]–[0.13 -0.99 1.01]
> loft L_Rear_Quarter_Top_c1 L_Rear_Quarter_Top_c2 --sheet --name=L_Rear_Quarter_Top
  · loft L_Rear_Quarter_Top_c1 (open → sheet) L_Rear_Quarter_Top_c2 (open → sheet)
  · #27  L_Rear_Quarter_Top surface  deg 3x1  poles 24x2  integral  bounds [-1.22 -1.01 0.87]–[0.13 -0.89 1.01]
  ·   ↳ loft of L_Rear_Quarter_Top_c1 L_Rear_Quarter_Top_c2  degree 3
> delete L_Rear_Quarter_Top_c1 L_Rear_Quarter_Top_c2
  · deleted 2 figure(s)
> tint L_Rear_Quarter_Top 0.80 0.82 0.86
> spline (-1.2203,1.0021,0.9997) (-1.1836,0.9929,1.0046) (-1.1469,0.9918,1.0060) (-1.1102,0.9922,1.0068) (-1.0735,0.9923,1.0058) (-1.0368,0.9924,1.0043) (-1.0002,0.9925,1.0028) (-0.9635,0.9926,1.0012) (-0.9268,0.9926,0.9980) (-0.8901,0.9926,0.9926) (-0.8534,0.9926,0.9871) (-0.8168,0.9926,0.9816) (-0.7801,0.9926,0.9762) (-0.7434,0.9926,0.9705) --name=R_Rear_Quarter_Arch_c1
  · #28  R_Rear_Quarter_Arch_c1 curve    deg 3  poles 14   integral  length 0.4809  bounds [-1.22 0.99 0.97]–[-0.74 1.00 1.01]
> spline (-1.2203,1.1611,0.8497) (-1.1836,1.1611,0.8599) (-1.1469,1.1611,0.8701) (-1.1102,1.1611,0.8768) (-1.0735,1.1611,0.8749) (-1.0368,1.1611,0.8730) (-1.0002,1.1611,0.8710) (-0.9635,1.1611,0.8616) (-0.9268,1.1611,0.8485) (-0.8901,1.1611,0.8354) (-0.8534,1.1611,0.8181) (-0.8168,1.1611,0.7885) (-0.7801,1.1611,0.7589) (-0.7434,1.1611,0.7293) --name=R_Rear_Quarter_Arch_c2
  · #29  R_Rear_Quarter_Arch_c2 curve    deg 3  poles 14   integral  length 0.5217  bounds [-1.22 1.16 0.73]–[-0.74 1.16 0.88]
> loft R_Rear_Quarter_Arch_c1 R_Rear_Quarter_Arch_c2 --sheet --name=R_Rear_Quarter_Arch
  · loft R_Rear_Quarter_Arch_c1 (open → sheet) R_Rear_Quarter_Arch_c2 (open → sheet)
  · #30  R_Rear_Quarter_Arch surface  deg 3x1  poles 24x2  integral  bounds [-1.22 0.99 0.73]–[-0.74 1.16 1.01]
  ·   ↳ loft of R_Rear_Quarter_Arch_c1 R_Rear_Quarter_Arch_c2  degree 3
> delete R_Rear_Quarter_Arch_c1 R_Rear_Quarter_Arch_c2
  · deleted 2 figure(s)
> tint R_Rear_Quarter_Arch 0.80 0.82 0.86
> spline (-0.7434,-0.9926,0.9705) (-0.7801,-0.9926,0.9762) (-0.8168,-0.9926,0.9816) (-0.8534,-0.9926,0.9871) (-0.8901,-0.9926,0.9926) (-0.9268,-0.9926,0.9980) (-0.9635,-0.9926,1.0012) (-1.0002,-0.9925,1.0028) (-1.0368,-0.9924,1.0043) (-1.0735,-0.9923,1.0058) (-1.1102,-0.9922,1.0068) (-1.1469,-0.9918,1.0060) (-1.1836,-0.9929,1.0046) (-1.2203,-1.0021,0.9997) --name=L_Rear_Quarter_Arch_c1
  · #31  L_Rear_Quarter_Arch_c1 curve    deg 3  poles 14   integral  length 0.4809  bounds [-1.22 -1.00 0.97]–[-0.74 -0.99 1.01]
> spline (-0.7434,-1.1611,0.7293) (-0.7801,-1.1611,0.7589) (-0.8168,-1.1611,0.7885) (-0.8534,-1.1611,0.8181) (-0.8901,-1.1611,0.8354) (-0.9268,-1.1611,0.8485) (-0.9635,-1.1611,0.8616) (-1.0002,-1.1611,0.8710) (-1.0368,-1.1611,0.8730) (-1.0735,-1.1611,0.8749) (-1.1102,-1.1611,0.8768) (-1.1469,-1.1611,0.8701) (-1.1836,-1.1611,0.8599) (-1.2203,-1.1611,0.8497) --name=L_Rear_Quarter_Arch_c2
  · #32  L_Rear_Quarter_Arch_c2 curve    deg 3  poles 14   integral  length 0.5217  bounds [-1.22 -1.16 0.73]–[-0.74 -1.16 0.88]
> loft L_Rear_Quarter_Arch_c1 L_Rear_Quarter_Arch_c2 --sheet --name=L_Rear_Quarter_Arch
  · loft L_Rear_Quarter_Arch_c1 (open → sheet) L_Rear_Quarter_Arch_c2 (open → sheet)
  · #33  L_Rear_Quarter_Arch surface  deg 3x1  poles 24x2  integral  bounds [-1.22 -1.16 0.73]–[-0.74 -0.99 1.01]
  ·   ↳ loft of L_Rear_Quarter_Arch_c1 L_Rear_Quarter_Arch_c2  degree 3
> delete L_Rear_Quarter_Arch_c1 L_Rear_Quarter_Arch_c2
  · deleted 2 figure(s)
> tint L_Rear_Quarter_Arch 0.80 0.82 0.86
> spline (-0.6015,0.9938,0.9437) (-0.5451,0.9947,0.9326) (-0.4888,0.9957,0.9216) (-0.4324,0.9966,0.9105) (-0.3760,0.9975,0.8994) (-0.3197,0.9988,0.8930) (-0.2633,1.0002,0.8899) (-0.2069,1.0017,0.8868) (-0.1506,1.0032,0.8837) (-0.0942,1.0046,0.8806) (-0.0378,1.0061,0.8776) (0.0186,1.0076,0.8745) (0.0749,1.0102,0.8730) (0.1313,1.0131,0.8717) --name=R_Rear_Quarter_Sill_c1
  · #34  R_Rear_Quarter_Sill_c1 curve    deg 3  poles 14   integral  length 0.7383  bounds [-0.60 0.99 0.87]–[0.13 1.01 0.94]
> spline (-0.6015,1.1570,0.6030) (-0.5451,1.1472,0.6015) (-0.4888,1.1411,0.6000) (-0.4324,1.1350,0.5985) (-0.3760,1.1303,0.5970) (-0.3197,1.1263,0.5954) (-0.2633,1.1227,0.5936) (-0.2069,1.1197,0.5915) (-0.1506,1.1173,0.5892) (-0.0942,1.1163,0.5858) (-0.0378,1.1154,0.5825) (0.0186,1.1144,0.5791) (0.0749,1.1135,0.5758) (0.1313,1.1126,0.5724) --name=R_Rear_Quarter_Sill_c2
  · #35  R_Rear_Quarter_Sill_c2 curve    deg 3  poles 14   integral  length 0.7357  bounds [-0.60 1.11 0.57]–[0.13 1.16 0.60]
> loft R_Rear_Quarter_Sill_c1 R_Rear_Quarter_Sill_c2 --sheet --name=R_Rear_Quarter_Sill
  · loft R_Rear_Quarter_Sill_c1 (open → sheet) R_Rear_Quarter_Sill_c2 (open → sheet)
  · #36  R_Rear_Quarter_Sill surface  deg 3x1  poles 24x2  integral  bounds [-0.60 0.99 0.57]–[0.13 1.16 0.94]
  ·   ↳ loft of R_Rear_Quarter_Sill_c1 R_Rear_Quarter_Sill_c2  degree 3
> delete R_Rear_Quarter_Sill_c1 R_Rear_Quarter_Sill_c2
  · deleted 2 figure(s)
> tint R_Rear_Quarter_Sill 0.80 0.82 0.86
> spline (0.1313,-1.0131,0.8717) (0.0749,-1.0102,0.8730) (0.0186,-1.0076,0.8745) (-0.0378,-1.0061,0.8776) (-0.0942,-1.0046,0.8806) (-0.1506,-1.0032,0.8837) (-0.2069,-1.0017,0.8868) (-0.2633,-1.0002,0.8899) (-0.3197,-0.9988,0.8930) (-0.3760,-0.9975,0.8994) (-0.4324,-0.9966,0.9105) (-0.4888,-0.9957,0.9216) (-0.5451,-0.9947,0.9326) (-0.6015,-0.9938,0.9437) --name=L_Rear_Quarter_Sill_c1
  · #37  L_Rear_Quarter_Sill_c1 curve    deg 3  poles 14   integral  length 0.7383  bounds [-0.60 -1.01 0.87]–[0.13 -0.99 0.94]
> spline (0.1313,-1.1126,0.5724) (0.0749,-1.1135,0.5758) (0.0186,-1.1144,0.5791) (-0.0378,-1.1154,0.5825) (-0.0942,-1.1163,0.5858) (-0.1506,-1.1173,0.5892) (-0.2069,-1.1197,0.5915) (-0.2633,-1.1227,0.5936) (-0.3197,-1.1263,0.5954) (-0.3760,-1.1303,0.5970) (-0.4324,-1.1350,0.5985) (-0.4888,-1.1411,0.6000) (-0.5451,-1.1472,0.6015) (-0.6015,-1.1570,0.6030) --name=L_Rear_Quarter_Sill_c2
  · #38  L_Rear_Quarter_Sill_c2 curve    deg 3  poles 14   integral  length 0.7357  bounds [-0.60 -1.16 0.57]–[0.13 -1.11 0.60]
> loft L_Rear_Quarter_Sill_c1 L_Rear_Quarter_Sill_c2 --sheet --name=L_Rear_Quarter_Sill
  · loft L_Rear_Quarter_Sill_c1 (open → sheet) L_Rear_Quarter_Sill_c2 (open → sheet)
  · #39  L_Rear_Quarter_Sill surface  deg 3x1  poles 24x2  integral  bounds [-0.60 -1.16 0.57]–[0.13 -0.99 0.94]
  ·   ↳ loft of L_Rear_Quarter_Sill_c1 L_Rear_Quarter_Sill_c2  degree 3
> delete L_Rear_Quarter_Sill_c1 L_Rear_Quarter_Sill_c2
  · deleted 2 figure(s)
> tint L_Rear_Quarter_Sill 0.80 0.82 0.86
> spline (0.1295,0.7529,0.9749) (0.2533,0.8061,0.9082) (0.3772,0.8223,0.8885) (0.5010,0.8385,0.8689) (0.6249,0.8417,0.8582) (0.7488,0.8425,0.8492) (0.8726,0.8418,0.8405) (0.9965,0.8402,0.8319) (1.1203,0.8373,0.8220) (1.2442,0.8250,0.8092) (1.3681,0.8016,0.7989) (1.4919,0.7539,0.7945) (1.6158,0.6620,0.7939) (1.7396,0.4880,0.7939) --name=R_Cabin_Rim_c1
  · #40  R_Cabin_Rim_c1     curve    deg 3  poles 14   integral  length 1.7820  bounds [0.13 0.49 0.79]–[1.74 0.84 0.97]
> spline (0.1295,0.8969,0.8660) (0.2533,0.8970,0.8651) (0.3772,0.8971,0.8643) (0.5010,0.8971,0.8641) (0.6249,0.8972,0.8642) (0.7488,0.8972,0.8648) (0.8726,0.8971,0.8664) (0.9965,0.8969,0.8688) (1.1203,0.8948,0.8739) (1.2442,0.8908,0.8806) (1.3681,0.8822,0.8886) (1.4919,0.8629,0.8973) (1.6158,0.8188,0.8990) (1.7396,0.7164,0.8647) --name=R_Cabin_Rim_c2
  · #41  R_Cabin_Rim_c2     curve    deg 3  poles 14   integral  length 1.6637  bounds [0.13 0.72 0.86]–[1.74 0.90 0.90]
> loft R_Cabin_Rim_c2 R_Cabin_Rim_c1 --sheet --name=R_Cabin_Rim
  · loft R_Cabin_Rim_c2 (open → sheet) R_Cabin_Rim_c1 (open → sheet)
  · #42  R_Cabin_Rim        surface  deg 3x1  poles 24x2  integral  bounds [0.13 0.49 0.79]–[1.74 0.90 0.97]
  ·   ↳ loft of R_Cabin_Rim_c2 R_Cabin_Rim_c1  degree 3
> delete R_Cabin_Rim_c2 R_Cabin_Rim_c1
  · deleted 2 figure(s)
> tint R_Cabin_Rim 0.80 0.82 0.86
> spline (1.7396,-0.4880,0.7939) (1.6158,-0.6620,0.7939) (1.4919,-0.7539,0.7945) (1.3681,-0.8016,0.7989) (1.2442,-0.8250,0.8092) (1.1203,-0.8373,0.8220) (0.9965,-0.8402,0.8319) (0.8726,-0.8418,0.8405) (0.7488,-0.8425,0.8492) (0.6249,-0.8417,0.8582) (0.5010,-0.8385,0.8689) (0.3772,-0.8223,0.8885) (0.2533,-0.8061,0.9082) (0.1295,-0.7529,0.9749) --name=L_Cabin_Rim_c1
  · #43  L_Cabin_Rim_c1     curve    deg 3  poles 14   integral  length 1.7820  bounds [0.13 -0.84 0.79]–[1.74 -0.49 0.97]
> spline (1.7396,-0.7164,0.8647) (1.6158,-0.8188,0.8990) (1.4919,-0.8629,0.8973) (1.3681,-0.8822,0.8886) (1.2442,-0.8908,0.8806) (1.1203,-0.8948,0.8739) (0.9965,-0.8969,0.8688) (0.8726,-0.8971,0.8664) (0.7488,-0.8972,0.8648) (0.6249,-0.8972,0.8642) (0.5010,-0.8971,0.8641) (0.3772,-0.8971,0.8643) (0.2533,-0.8970,0.8651) (0.1295,-0.8969,0.8660) --name=L_Cabin_Rim_c2
  · #44  L_Cabin_Rim_c2     curve    deg 3  poles 14   integral  length 1.6637  bounds [0.13 -0.90 0.86]–[1.74 -0.72 0.90]
> loft L_Cabin_Rim_c2 L_Cabin_Rim_c1 --sheet --name=L_Cabin_Rim
  · loft L_Cabin_Rim_c2 (open → sheet) L_Cabin_Rim_c1 (open → sheet)
  · #45  L_Cabin_Rim        surface  deg 3x1  poles 24x2  integral  bounds [0.13 -0.90 0.79]–[1.74 -0.49 0.97]
  ·   ↳ loft of L_Cabin_Rim_c2 L_Cabin_Rim_c1  degree 3
> delete L_Cabin_Rim_c2 L_Cabin_Rim_c1
  · deleted 2 figure(s)
> tint L_Cabin_Rim 0.80 0.82 0.86
> spline (0.1313,0.8969,0.8660) (0.2230,0.8970,0.8653) (0.3148,0.8971,0.8647) (0.4065,0.8971,0.8642) (0.4982,0.8971,0.8641) (0.5900,0.8971,0.8641) (0.6817,0.8972,0.8645) (0.7734,0.8972,0.8649) (0.8651,0.8971,0.8662) (0.9569,0.8970,0.8680) (1.0486,0.8965,0.8702) (1.1403,0.8943,0.8749) (1.2321,0.8915,0.8798) (1.3238,0.8864,0.8856) --name=R_Door_Top_c1
  · #46  R_Door_Top_c1      curve    deg 3  poles 14   integral  length 1.1932  bounds [0.13 0.89 0.86]–[1.32 0.90 0.89]
> spline (0.1313,1.0131,0.8717) (0.2230,1.1102,0.7499) (0.3148,1.1215,0.6339) (0.4065,1.1144,0.5807) (0.4982,1.1126,0.5721) (0.5900,1.1126,0.5700) (0.6817,1.1128,0.5689) (0.7734,1.1140,0.5678) (0.8651,1.1168,0.5666) (0.9569,1.1197,0.5655) (1.0486,1.1225,0.5643) (1.1403,1.1253,0.5631) (1.2321,1.1282,0.5620) (1.3238,1.1310,0.5608) --name=R_Door_Top_c2
  · #47  R_Door_Top_c2      curve    deg 3  poles 14   integral  length 1.3598  bounds [0.13 1.01 0.56]–[1.32 1.13 0.87]
> loft R_Door_Top_c1 R_Door_Top_c2 --sheet --name=R_Door_Top
  · loft R_Door_Top_c1 (open → sheet) R_Door_Top_c2 (open → sheet)
  · #48  R_Door_Top         surface  deg 3x1  poles 24x2  integral  bounds [0.13 0.89 0.56]–[1.32 1.13 0.89]
  ·   ↳ loft of R_Door_Top_c1 R_Door_Top_c2  degree 3
> delete R_Door_Top_c1 R_Door_Top_c2
  · deleted 2 figure(s)
> tint R_Door_Top 0.80 0.82 0.86
> spline (1.3238,-0.8864,0.8856) (1.2321,-0.8915,0.8798) (1.1403,-0.8943,0.8749) (1.0486,-0.8965,0.8702) (0.9569,-0.8970,0.8680) (0.8651,-0.8971,0.8662) (0.7734,-0.8972,0.8649) (0.6817,-0.8972,0.8645) (0.5900,-0.8971,0.8641) (0.4982,-0.8971,0.8641) (0.4065,-0.8971,0.8642) (0.3148,-0.8971,0.8647) (0.2230,-0.8970,0.8653) (0.1313,-0.8969,0.8660) --name=L_Door_Top_c1
  · #49  L_Door_Top_c1      curve    deg 3  poles 14   integral  length 1.1932  bounds [0.13 -0.90 0.86]–[1.32 -0.89 0.89]
> spline (1.3238,-1.1310,0.5608) (1.2321,-1.1282,0.5620) (1.1403,-1.1253,0.5631) (1.0486,-1.1225,0.5643) (0.9569,-1.1197,0.5655) (0.8651,-1.1168,0.5666) (0.7734,-1.1140,0.5678) (0.6817,-1.1128,0.5689) (0.5900,-1.1126,0.5700) (0.4982,-1.1126,0.5721) (0.4065,-1.1144,0.5807) (0.3148,-1.1215,0.6339) (0.2230,-1.1102,0.7499) (0.1313,-1.0131,0.8717) --name=L_Door_Top_c2
  · #50  L_Door_Top_c2      curve    deg 3  poles 14   integral  length 1.3598  bounds [0.13 -1.13 0.56]–[1.32 -1.01 0.87]
> loft L_Door_Top_c1 L_Door_Top_c2 --sheet --name=L_Door_Top
  · loft L_Door_Top_c1 (open → sheet) L_Door_Top_c2 (open → sheet)
  · #51  L_Door_Top         surface  deg 3x1  poles 24x2  integral  bounds [0.13 -1.13 0.56]–[1.32 -0.89 0.89]
  ·   ↳ loft of L_Door_Top_c1 L_Door_Top_c2  degree 3
> delete L_Door_Top_c1 L_Door_Top_c2
  · deleted 2 figure(s)
> tint L_Door_Top 0.80 0.82 0.86
> spline (0.1313,1.0131,0.8717) (0.2222,1.1099,0.7511) (0.3130,1.1215,0.6360) (0.4039,1.1145,0.5811) (0.4948,1.1126,0.5722) (0.5857,1.1125,0.5701) (0.6765,1.1127,0.5690) (0.7674,1.1138,0.5678) (0.8583,1.1166,0.5667) (0.9492,1.1194,0.5656) (1.0400,1.1222,0.5644) (1.1309,1.1250,0.5633) (1.2218,1.1278,0.5621) (1.3127,1.1307,0.5610) --name=R_Door_Sill_c1
  · #52  R_Door_Sill_c1     curve    deg 3  poles 14   integral  length 1.3486  bounds [0.13 1.01 0.56]–[1.31 1.13 0.87]
> spline (0.1313,1.1126,0.5724) (0.2222,1.1111,0.5670) (0.3130,1.1099,0.5612) (0.4039,1.1090,0.5552) (0.4948,1.1082,0.5470) (0.5857,1.1073,0.5379) (0.6765,1.1063,0.5241) (0.7674,1.1053,0.5078) (0.8583,1.1049,0.4878) (0.9492,1.1078,0.4638) (1.0400,1.1132,0.4391) (1.1309,1.1186,0.4142) (1.2218,1.1245,0.3895) (1.3127,1.1312,0.3649) --name=R_Door_Sill_c2
  · #53  R_Door_Sill_c2     curve    deg 3  poles 14   integral  length 1.2046  bounds [0.13 1.10 0.36]–[1.31 1.13 0.57]
> loft R_Door_Sill_c1 R_Door_Sill_c2 --sheet --name=R_Door_Sill
  · loft R_Door_Sill_c1 (open → sheet) R_Door_Sill_c2 (open → sheet)
  · #54  R_Door_Sill        surface  deg 3x1  poles 24x2  integral  bounds [0.13 1.01 0.36]–[1.31 1.13 0.87]
  ·   ↳ loft of R_Door_Sill_c1 R_Door_Sill_c2  degree 3
> delete R_Door_Sill_c1 R_Door_Sill_c2
  · deleted 2 figure(s)
> tint R_Door_Sill 0.80 0.82 0.86
> spline (1.3127,-1.1307,0.5610) (1.2218,-1.1278,0.5621) (1.1309,-1.1250,0.5633) (1.0400,-1.1222,0.5644) (0.9492,-1.1194,0.5656) (0.8583,-1.1166,0.5667) (0.7674,-1.1138,0.5678) (0.6765,-1.1127,0.5690) (0.5857,-1.1125,0.5701) (0.4948,-1.1126,0.5722) (0.4039,-1.1145,0.5811) (0.3130,-1.1215,0.6360) (0.2222,-1.1099,0.7511) (0.1313,-1.0131,0.8717) --name=L_Door_Sill_c1
  · #55  L_Door_Sill_c1     curve    deg 3  poles 14   integral  length 1.3486  bounds [0.13 -1.13 0.56]–[1.31 -1.01 0.87]
> spline (1.3127,-1.1312,0.3649) (1.2218,-1.1245,0.3895) (1.1309,-1.1186,0.4142) (1.0400,-1.1132,0.4391) (0.9492,-1.1078,0.4638) (0.8583,-1.1049,0.4878) (0.7674,-1.1053,0.5078) (0.6765,-1.1063,0.5241) (0.5857,-1.1073,0.5379) (0.4948,-1.1082,0.5470) (0.4039,-1.1090,0.5552) (0.3130,-1.1099,0.5612) (0.2222,-1.1111,0.5670) (0.1313,-1.1126,0.5724) --name=L_Door_Sill_c2
  · #56  L_Door_Sill_c2     curve    deg 3  poles 14   integral  length 1.2046  bounds [0.13 -1.13 0.36]–[1.31 -1.10 0.57]
> loft L_Door_Sill_c1 L_Door_Sill_c2 --sheet --name=L_Door_Sill
  · loft L_Door_Sill_c1 (open → sheet) L_Door_Sill_c2 (open → sheet)
  · #57  L_Door_Sill        surface  deg 3x1  poles 24x2  integral  bounds [0.13 -1.13 0.36]–[1.31 -1.01 0.87]
  ·   ↳ loft of L_Door_Sill_c1 L_Door_Sill_c2  degree 3
> delete L_Door_Sill_c1 L_Door_Sill_c2
  · deleted 2 figure(s)
> tint L_Door_Sill 0.80 0.82 0.86
> spline (-0.4124,1.1331,0.5980) (-0.2797,1.1237,0.5941) (-0.1470,1.1172,0.5890) (-0.0143,1.1150,0.5811) (0.1184,1.1128,0.5732) (0.2511,1.1106,0.5653) (0.3838,1.1092,0.5565) (0.5165,1.1080,0.5449) (0.6492,1.1066,0.5283) (0.7819,1.1051,0.5052) (0.9146,1.1064,0.4732) (1.0473,1.1136,0.4371) (1.1800,1.1217,0.4009) (1.3127,1.1312,0.3649) --name=R_Sill_c1
  · #58  R_Sill_c1          curve    deg 3  poles 14   integral  length 1.7495  bounds [-0.41 1.10 0.36]–[1.31 1.13 0.60]
> spline (-0.4124,1.0437,0.2043) (-0.2797,1.0671,0.3700) (-0.1470,1.0898,0.5256) (-0.0143,1.0935,0.5455) (0.1184,1.0937,0.5406) (0.2511,1.0933,0.5316) (0.3838,1.0928,0.5220) (0.5165,1.0915,0.5059) (0.6492,1.0894,0.4838) (0.7819,1.0845,0.4455) (0.9146,1.0729,0.3679) (1.0473,1.0590,0.2523) (1.1800,1.0589,0.1600) (1.3127,1.1018,0.1591) --name=R_Sill_c2
  · #59  R_Sill_c2          curve    deg 3  poles 14   integral  length 2.0059  bounds [-0.41 1.04 0.12]–[1.31 1.10 0.55]
> loft R_Sill_c1 R_Sill_c2 --sheet --name=R_Sill
  · loft R_Sill_c1 (open → sheet) R_Sill_c2 (open → sheet)
  · #60  R_Sill             surface  deg 3x1  poles 24x2  integral  bounds [-0.41 1.04 0.12]–[1.31 1.13 0.60]
  ·   ↳ loft of R_Sill_c1 R_Sill_c2  degree 3
> delete R_Sill_c1 R_Sill_c2
  · deleted 2 figure(s)
> tint R_Sill 0.80 0.82 0.86
> spline (1.3127,-1.1312,0.3649) (1.1800,-1.1217,0.4009) (1.0473,-1.1136,0.4371) (0.9146,-1.1064,0.4732) (0.7819,-1.1051,0.5052) (0.6492,-1.1066,0.5283) (0.5165,-1.1080,0.5449) (0.3838,-1.1092,0.5565) (0.2511,-1.1106,0.5653) (0.1184,-1.1128,0.5732) (-0.0143,-1.1150,0.5811) (-0.1470,-1.1172,0.5890) (-0.2797,-1.1237,0.5941) (-0.4124,-1.1331,0.5980) --name=L_Sill_c1
  · #61  L_Sill_c1          curve    deg 3  poles 14   integral  length 1.7495  bounds [-0.41 -1.13 0.36]–[1.31 -1.10 0.60]
> spline (1.3127,-1.1018,0.1591) (1.1800,-1.0589,0.1600) (1.0473,-1.0590,0.2523) (0.9146,-1.0729,0.3679) (0.7819,-1.0845,0.4455) (0.6492,-1.0894,0.4838) (0.5165,-1.0915,0.5059) (0.3838,-1.0928,0.5220) (0.2511,-1.0933,0.5316) (0.1184,-1.0937,0.5406) (-0.0143,-1.0935,0.5455) (-0.1470,-1.0898,0.5256) (-0.2797,-1.0671,0.3700) (-0.4124,-1.0437,0.2043) --name=L_Sill_c2
  · #62  L_Sill_c2          curve    deg 3  poles 14   integral  length 2.0059  bounds [-0.41 -1.10 0.12]–[1.31 -1.04 0.55]
> loft L_Sill_c1 L_Sill_c2 --sheet --name=L_Sill
  · loft L_Sill_c1 (open → sheet) L_Sill_c2 (open → sheet)
  · #63  L_Sill             surface  deg 3x1  poles 24x2  integral  bounds [-0.41 -1.13 0.12]–[1.31 -1.04 0.60]
  ·   ↳ loft of L_Sill_c1 L_Sill_c2  degree 3
> delete L_Sill_c1 L_Sill_c2
  · deleted 2 figure(s)
> tint L_Sill 0.80 0.82 0.86
> spline (1.3238,0.8864,0.8856) (1.3558,0.8835,0.8878) (1.3878,0.8792,0.8900) (1.4198,0.8743,0.8923) (1.4517,0.8694,0.8945) (1.4837,0.8645,0.8968) (1.5157,0.8578,0.8988) (1.5477,0.8486,0.9002) (1.5797,0.8385,0.9013) (1.6117,0.8214,0.8995) (1.6437,0.8007,0.8956) (1.6757,0.7740,0.8866) (1.7076,0.7456,0.8762) (1.7396,0.7164,0.8647) --name=R_Fender_Top_c1
  · #64  R_Fender_Top_c1    curve    deg 3  poles 14   integral  length 0.4677  bounds [1.32 0.72 0.86]–[1.74 0.89 0.90]
> spline (1.3238,1.1310,0.5608) (1.3558,1.1311,0.6339) (1.3878,1.1311,0.6839) (1.4198,1.1312,0.7249) (1.4517,1.1312,0.7438) (1.4837,1.1312,0.7626) (1.5157,1.1312,0.7815) (1.5477,1.1312,0.8004) (1.5797,1.1312,0.8193) (1.6117,1.1312,0.8381) (1.6437,1.1312,0.8570) (1.6757,1.1312,0.8680) (1.7076,1.1312,0.8634) (1.7396,1.1312,0.8589) --name=R_Fender_Top_c2
  · #65  R_Fender_Top_c2    curve    deg 3  poles 14   integral  length 0.5508  bounds [1.32 1.13 0.56]–[1.74 1.13 0.88]
> loft R_Fender_Top_c1 R_Fender_Top_c2 --sheet --name=R_Fender_Top
  · loft R_Fender_Top_c1 (open → sheet) R_Fender_Top_c2 (open → sheet)
  · #66  R_Fender_Top       surface  deg 3x1  poles 24x2  integral  bounds [1.32 0.72 0.56]–[1.74 1.13 0.90]
  ·   ↳ loft of R_Fender_Top_c1 R_Fender_Top_c2  degree 3
> delete R_Fender_Top_c1 R_Fender_Top_c2
  · deleted 2 figure(s)
> tint R_Fender_Top 0.80 0.82 0.86
> spline (1.7396,-0.7164,0.8647) (1.7076,-0.7456,0.8762) (1.6757,-0.7740,0.8866) (1.6437,-0.8007,0.8956) (1.6117,-0.8214,0.8995) (1.5797,-0.8385,0.9013) (1.5477,-0.8486,0.9002) (1.5157,-0.8578,0.8988) (1.4837,-0.8645,0.8968) (1.4517,-0.8694,0.8945) (1.4198,-0.8743,0.8923) (1.3878,-0.8792,0.8900) (1.3558,-0.8835,0.8878) (1.3238,-0.8864,0.8856) --name=L_Fender_Top_c1
  · #67  L_Fender_Top_c1    curve    deg 3  poles 14   integral  length 0.4677  bounds [1.32 -0.89 0.86]–[1.74 -0.72 0.90]
> spline (1.7396,-1.1312,0.8589) (1.7076,-1.1312,0.8634) (1.6757,-1.1312,0.8680) (1.6437,-1.1312,0.8570) (1.6117,-1.1312,0.8381) (1.5797,-1.1312,0.8193) (1.5477,-1.1312,0.8004) (1.5157,-1.1312,0.7815) (1.4837,-1.1312,0.7626) (1.4517,-1.1312,0.7438) (1.4198,-1.1312,0.7249) (1.3878,-1.1311,0.6839) (1.3558,-1.1311,0.6339) (1.3238,-1.1310,0.5608) --name=L_Fender_Top_c2
  · #68  L_Fender_Top_c2    curve    deg 3  poles 14   integral  length 0.5508  bounds [1.32 -1.13 0.56]–[1.74 -1.13 0.88]
> loft L_Fender_Top_c1 L_Fender_Top_c2 --sheet --name=L_Fender_Top
  · loft L_Fender_Top_c1 (open → sheet) L_Fender_Top_c2 (open → sheet)
  · #69  L_Fender_Top       surface  deg 3x1  poles 24x2  integral  bounds [1.32 -1.13 0.56]–[1.74 -0.72 0.90]
  ·   ↳ loft of L_Fender_Top_c1 L_Fender_Top_c2  degree 3
> delete L_Fender_Top_c1 L_Fender_Top_c2
  · deleted 2 figure(s)
> tint L_Fender_Top 0.80 0.82 0.86
> spline (1.3267,1.1310,0.5682) (1.3864,1.1311,0.6818) (1.4461,1.1312,0.7404) (1.5057,1.1312,0.7756) (1.5654,1.1312,0.8108) (1.6251,1.1312,0.8460) (1.6848,1.1312,0.8667) (1.7444,1.1312,0.8582) (1.8041,1.1312,0.8496) (1.8638,1.1312,0.8411) (1.9234,1.1312,0.8326) (1.9831,1.1312,0.8087) (2.0428,1.1312,0.7660) (2.1024,1.1309,0.7057) --name=R_Fender_Arch_c1
  · #70  R_Fender_Arch_c1   curve    deg 3  poles 14   integral  length 0.9486  bounds [1.33 1.13 0.57]–[2.10 1.13 0.87]
> spline (1.3267,1.1380,0.4281) (1.3864,1.1380,0.2191) (1.4461,1.1380,0.7303) (1.5057,1.1380,0.7800) (1.5654,1.1380,0.8131) (1.6251,1.1380,0.8358) (1.6848,1.1380,0.8547) (1.7444,1.1380,0.8538) (1.8041,1.1380,0.8398) (1.8638,1.1380,0.8257) (1.9234,1.1380,0.8116) (1.9831,1.1380,0.7901) (2.0428,1.1380,0.7441) (2.1024,1.1119,0.1941) --name=R_Fender_Arch_c2
  · #71  R_Fender_Arch_c2   curve    deg 3  poles 14   integral  length 1.9963  bounds [1.26 1.11 -0.03]–[2.18 1.14 0.86]
> loft R_Fender_Arch_c1 R_Fender_Arch_c2 --sheet --name=R_Fender_Arch
  · loft R_Fender_Arch_c1 (open → sheet) R_Fender_Arch_c2 (open → sheet)
  · #72  R_Fender_Arch      surface  deg 3x1  poles 24x2  integral  bounds [1.33 1.11 0.09]–[2.17 1.14 0.87]
  ·   ↳ loft of R_Fender_Arch_c1 R_Fender_Arch_c2  degree 3
> delete R_Fender_Arch_c1 R_Fender_Arch_c2
  · deleted 2 figure(s)
> tint R_Fender_Arch 0.80 0.82 0.86
> spline (2.1024,-1.1309,0.7057) (2.0428,-1.1312,0.7660) (1.9831,-1.1312,0.8087) (1.9234,-1.1312,0.8326) (1.8638,-1.1312,0.8411) (1.8041,-1.1312,0.8496) (1.7444,-1.1312,0.8582) (1.6848,-1.1312,0.8667) (1.6251,-1.1312,0.8460) (1.5654,-1.1312,0.8108) (1.5057,-1.1312,0.7756) (1.4461,-1.1312,0.7404) (1.3864,-1.1311,0.6818) (1.3267,-1.1310,0.5682) --name=L_Fender_Arch_c1
  · #73  L_Fender_Arch_c1   curve    deg 3  poles 14   integral  length 0.9486  bounds [1.33 -1.13 0.57]–[2.10 -1.13 0.87]
> spline (2.1024,-1.1119,0.1941) (2.0428,-1.1380,0.7441) (1.9831,-1.1380,0.7901) (1.9234,-1.1380,0.8116) (1.8638,-1.1380,0.8257) (1.8041,-1.1380,0.8398) (1.7444,-1.1380,0.8538) (1.6848,-1.1380,0.8547) (1.6251,-1.1380,0.8358) (1.5654,-1.1380,0.8131) (1.5057,-1.1380,0.7800) (1.4461,-1.1380,0.7303) (1.3864,-1.1380,0.2191) (1.3267,-1.1380,0.4281) --name=L_Fender_Arch_c2
  · #74  L_Fender_Arch_c2   curve    deg 3  poles 14   integral  length 1.9963  bounds [1.26 -1.14 -0.03]–[2.18 -1.11 0.86]
> loft L_Fender_Arch_c1 L_Fender_Arch_c2 --sheet --name=L_Fender_Arch
  · loft L_Fender_Arch_c1 (open → sheet) L_Fender_Arch_c2 (open → sheet)
  · #75  L_Fender_Arch      surface  deg 3x1  poles 24x2  integral  bounds [1.33 -1.14 0.09]–[2.17 -1.11 0.87]
  ·   ↳ loft of L_Fender_Arch_c1 L_Fender_Arch_c2  degree 3
> delete L_Fender_Arch_c1 L_Fender_Arch_c2
  · deleted 2 figure(s)
> tint L_Fender_Arch 0.80 0.82 0.86
> spline (1.7396,0.7164,0.8647) (1.7984,0.7037,0.8499) (1.8571,0.6909,0.8351) (1.9159,0.6782,0.8203) (1.9747,0.6655,0.8050) (2.0334,0.6527,0.7853) (2.0922,0.6400,0.7657) (2.1509,0.6272,0.7452) (2.2097,0.6145,0.7224) (2.2685,0.6018,0.6996) (2.3272,0.5891,0.6768) (2.3860,0.5765,0.6492) (2.4447,0.5639,0.6215) (2.5035,0.5453,0.5922) --name=C_Nose_Centre_c1
  · #76  C_Nose_Centre_c1   curve    deg 3  poles 14   integral  length 0.8314  bounds [1.74 0.55 0.59]–[2.50 0.72 0.86]
> spline (1.7396,-0.7164,0.8647) (1.7984,-0.7037,0.8499) (1.8571,-0.6909,0.8351) (1.9159,-0.6782,0.8203) (1.9747,-0.6655,0.8050) (2.0334,-0.6527,0.7853) (2.0922,-0.6400,0.7657) (2.1509,-0.6272,0.7452) (2.2097,-0.6145,0.7224) (2.2685,-0.6018,0.6996) (2.3272,-0.5891,0.6768) (2.3860,-0.5765,0.6492) (2.4447,-0.5639,0.6215) (2.5035,-0.5453,0.5922) --name=C_Nose_Centre_c2
  · #77  C_Nose_Centre_c2   curve    deg 3  poles 14   integral  length 0.8314  bounds [1.74 -0.72 0.59]–[2.50 -0.55 0.86]
> loft C_Nose_Centre_c2 C_Nose_Centre_c1 --sheet --name=C_Nose_Centre
  · loft C_Nose_Centre_c2 (open → sheet) C_Nose_Centre_c1 (open → sheet)
  · #78  C_Nose_Centre      surface  deg 3x1  poles 14x2  integral  bounds [1.74 -0.72 0.59]–[2.50 0.72 0.86]
  ·   ↳ loft of C_Nose_Centre_c2 C_Nose_Centre_c1  degree 3
> delete C_Nose_Centre_c2 C_Nose_Centre_c1
  · deleted 2 figure(s)
> tint C_Nose_Centre 0.80 0.82 0.86
> spline (1.7396,0.7164,0.8647) (1.7655,0.7108,0.8582) (1.7913,0.7052,0.8517) (1.8172,0.6996,0.8452) (1.8430,0.6940,0.8387) (1.8689,0.6884,0.8322) (1.8947,0.6828,0.8257) (1.9205,0.6772,0.8192) (1.9464,0.6716,0.8126) (1.9722,0.6660,0.8058) (1.9981,0.6604,0.7971) (2.0239,0.6548,0.7885) (2.0498,0.6492,0.7798) (2.0756,0.6436,0.7712) --name=R_Nose_Side_c1
  · #79  R_Nose_Side_c1     curve    deg 3  poles 14   integral  length 0.3565  bounds [1.74 0.64 0.77]–[2.08 0.72 0.86]
> spline (1.7396,1.1380,0.8401) (1.7655,1.1380,0.8371) (1.7913,1.1380,0.8341) (1.8172,1.1380,0.8311) (1.8430,1.1380,0.8281) (1.8689,1.1380,0.8251) (1.8947,1.1380,0.8221) (1.9205,1.1380,0.8191) (1.9464,1.1380,0.8120) (1.9722,1.1380,0.7947) (1.9981,1.1380,0.7775) (2.0239,1.1380,0.7602) (2.0498,1.1380,0.7359) (2.0756,1.1380,0.7101) --name=R_Nose_Side_c2
  · #80  R_Nose_Side_c2     curve    deg 3  poles 14   integral  length 0.3744  bounds [1.74 1.14 0.71]–[2.08 1.14 0.84]
> loft R_Nose_Side_c1 R_Nose_Side_c2 --sheet --name=R_Nose_Side
  · loft R_Nose_Side_c1 (open → sheet) R_Nose_Side_c2 (open → sheet)
  · #81  R_Nose_Side        surface  deg 3x1  poles 24x2  integral  bounds [1.74 0.64 0.71]–[2.08 1.14 0.86]
  ·   ↳ loft of R_Nose_Side_c1 R_Nose_Side_c2  degree 3
> delete R_Nose_Side_c1 R_Nose_Side_c2
  · deleted 2 figure(s)
> tint R_Nose_Side 0.80 0.82 0.86
> spline (2.0756,-0.6436,0.7712) (2.0498,-0.6492,0.7798) (2.0239,-0.6548,0.7885) (1.9981,-0.6604,0.7971) (1.9722,-0.6660,0.8058) (1.9464,-0.6716,0.8126) (1.9205,-0.6772,0.8192) (1.8947,-0.6828,0.8257) (1.8689,-0.6884,0.8322) (1.8430,-0.6940,0.8387) (1.8172,-0.6996,0.8452) (1.7913,-0.7052,0.8517) (1.7655,-0.7108,0.8582) (1.7396,-0.7164,0.8647) --name=L_Nose_Side_c1
  · #82  L_Nose_Side_c1     curve    deg 3  poles 14   integral  length 0.3565  bounds [1.74 -0.72 0.77]–[2.08 -0.64 0.86]
> spline (2.0756,-1.1380,0.7101) (2.0498,-1.1380,0.7359) (2.0239,-1.1380,0.7602) (1.9981,-1.1380,0.7775) (1.9722,-1.1380,0.7947) (1.9464,-1.1380,0.8120) (1.9205,-1.1380,0.8191) (1.8947,-1.1380,0.8221) (1.8689,-1.1380,0.8251) (1.8430,-1.1380,0.8281) (1.8172,-1.1380,0.8311) (1.7913,-1.1380,0.8341) (1.7655,-1.1380,0.8371) (1.7396,-1.1380,0.8401) --name=L_Nose_Side_c2
  · #83  L_Nose_Side_c2     curve    deg 3  poles 14   integral  length 0.3744  bounds [1.74 -1.14 0.71]–[2.08 -1.14 0.84]
> loft L_Nose_Side_c1 L_Nose_Side_c2 --sheet --name=L_Nose_Side
  · loft L_Nose_Side_c1 (open → sheet) L_Nose_Side_c2 (open → sheet)
  · #84  L_Nose_Side        surface  deg 3x1  poles 24x2  integral  bounds [1.74 -1.14 0.71]–[2.08 -0.64 0.86]
  ·   ↳ loft of L_Nose_Side_c1 L_Nose_Side_c2  degree 3
> delete L_Nose_Side_c1 L_Nose_Side_c2
  · deleted 2 figure(s)
> tint L_Nose_Side 0.80 0.82 0.86
> spline (1.3434,1.1380,0.5615) (1.3997,1.1380,0.6697) (1.4560,1.1380,0.7275) (1.5123,1.1380,0.7622) (1.5687,1.1380,0.7969) (1.6250,1.1380,0.8315) (1.6813,1.1380,0.8468) (1.7376,1.1380,0.8403) (1.7940,1.1380,0.8338) (1.8503,1.1380,0.8273) (1.9066,1.1380,0.8207) (1.9630,1.1380,0.8009) (2.0193,1.1380,0.7633) (2.0756,1.1380,0.7101) --name=R_Nose_Arch_c1
  · #85  R_Nose_Arch_c1     curve    deg 3  poles 14   integral  length 0.8929  bounds [1.34 1.14 0.56]–[2.08 1.14 0.85]
> spline (1.3434,1.1380,0.5512) (1.3997,1.1380,0.1936) (1.4560,1.1380,0.7398) (1.5123,1.1380,0.7842) (1.5687,1.1380,0.8143) (1.6250,1.1380,0.8357) (1.6813,1.1380,0.8543) (1.7376,1.1380,0.8554) (1.7940,1.1380,0.8421) (1.8503,1.1380,0.8289) (1.9066,1.1380,0.8156) (1.9630,1.1380,0.8023) (2.0193,1.1380,0.7632) (2.0756,1.1370,0.6918) --name=R_Nose_Arch_c2
  · #86  R_Nose_Arch_c2     curve    deg 3  poles 14   integral  length 1.6895  bounds [1.23 1.14 -0.18]–[2.08 1.14 0.86]
> loft R_Nose_Arch_c2 R_Nose_Arch_c1 --sheet --name=R_Nose_Arch
  · loft R_Nose_Arch_c2 (open → sheet) R_Nose_Arch_c1 (open → sheet)
  · #87  R_Nose_Arch        surface  deg 3x1  poles 24x2  integral  bounds [1.34 1.14 0.11]–[2.08 1.14 0.86]
  ·   ↳ loft of R_Nose_Arch_c2 R_Nose_Arch_c1  degree 3
> delete R_Nose_Arch_c2 R_Nose_Arch_c1
  · deleted 2 figure(s)
> tint R_Nose_Arch 0.80 0.82 0.86
> spline (2.0756,-1.1380,0.7101) (2.0193,-1.1380,0.7633) (1.9630,-1.1380,0.8009) (1.9066,-1.1380,0.8207) (1.8503,-1.1380,0.8273) (1.7940,-1.1380,0.8338) (1.7376,-1.1380,0.8403) (1.6813,-1.1380,0.8468) (1.6250,-1.1380,0.8315) (1.5687,-1.1380,0.7969) (1.5123,-1.1380,0.7622) (1.4560,-1.1380,0.7275) (1.3997,-1.1380,0.6697) (1.3434,-1.1380,0.5615) --name=L_Nose_Arch_c1
  · #88  L_Nose_Arch_c1     curve    deg 3  poles 14   integral  length 0.8929  bounds [1.34 -1.14 0.56]–[2.08 -1.14 0.85]
> spline (2.0756,-1.1370,0.6918) (2.0193,-1.1380,0.7632) (1.9630,-1.1380,0.8023) (1.9066,-1.1380,0.8156) (1.8503,-1.1380,0.8289) (1.7940,-1.1380,0.8421) (1.7376,-1.1380,0.8554) (1.6813,-1.1380,0.8543) (1.6250,-1.1380,0.8357) (1.5687,-1.1380,0.8143) (1.5123,-1.1380,0.7842) (1.4560,-1.1380,0.7398) (1.3997,-1.1380,0.1936) (1.3434,-1.1380,0.5512) --name=L_Nose_Arch_c2
  · #89  L_Nose_Arch_c2     curve    deg 3  poles 14   integral  length 1.6895  bounds [1.23 -1.14 -0.18]–[2.08 -1.14 0.86]
> loft L_Nose_Arch_c2 L_Nose_Arch_c1 --sheet --name=L_Nose_Arch
  · loft L_Nose_Arch_c2 (open → sheet) L_Nose_Arch_c1 (open → sheet)
  · #90  L_Nose_Arch        surface  deg 3x1  poles 24x2  integral  bounds [1.34 -1.14 0.11]–[2.08 -1.14 0.86]
  ·   ↳ loft of L_Nose_Arch_c2 L_Nose_Arch_c1  degree 3
> delete L_Nose_Arch_c2 L_Nose_Arch_c1
  · deleted 2 figure(s)
> tint L_Nose_Arch 0.80 0.82 0.86
> spline (-1.4486,1.0376,0.9247) (-1.5960,0.9587,0.8625) (-1.6843,0.8027,0.8569) (-1.7293,0.6288,0.8569) (-1.7455,0.4495,0.8569) (-1.7557,0.2698,0.8569) (-1.7598,0.0899,0.8569) (-1.7580,-0.0901,0.8569) (-1.7527,-0.2700,0.8569) (-1.7457,-0.4498,0.8569) (-1.7281,-0.6289,0.8569) (-1.6844,-0.8028,0.8569) (-1.5960,-0.9589,0.8625) (-1.4486,-1.0376,0.9247) --name=C_Tail_Lip_c1
  · #91  C_Tail_Lip_c1      curve    deg 3  poles 14   integral  length 2.3481  bounds [-1.76 -1.04 0.85]–[-1.45 1.04 0.92]
> spline (-1.3959,1.0538,0.9588) (-1.5703,0.9784,0.9589) (-1.7016,0.8443,0.9589) (-1.7638,0.6648,0.9587) (-1.7829,0.4754,0.9576) (-1.7934,0.2852,0.9575) (-1.7997,0.0949,0.9579) (-1.7998,-0.0955,0.9580) (-1.7937,-0.2858,0.9575) (-1.7828,-0.4760,0.9576) (-1.7611,-0.6651,0.9586) (-1.7015,-0.8445,0.9589) (-1.5702,-0.9784,0.9589) (-1.3959,-1.0538,0.9588) --name=C_Tail_Lip_c2
  · #92  C_Tail_Lip_c2      curve    deg 3  poles 14   integral  length 2.4745  bounds [-1.80 -1.05 0.96]–[-1.40 1.05 0.96]
> loft C_Tail_Lip_c2 C_Tail_Lip_c1 --sheet --name=C_Tail_Lip
  · loft C_Tail_Lip_c2 (open → sheet) C_Tail_Lip_c1 (open → sheet)
  · #93  C_Tail_Lip         surface  deg 3x1  poles 24x2  integral  bounds [-1.80 -1.05 0.85]–[-1.40 1.05 0.96]
  ·   ↳ loft of C_Tail_Lip_c2 C_Tail_Lip_c1  degree 3
> delete C_Tail_Lip_c2 C_Tail_Lip_c1
  · deleted 2 figure(s)
> tint C_Tail_Lip 0.80 0.82 0.86
> spline (-1.3959,1.0538,0.9588) (-1.5703,0.9784,0.9589) (-1.7016,0.8443,0.9589) (-1.7638,0.6648,0.9587) (-1.7829,0.4754,0.9576) (-1.7934,0.2852,0.9575) (-1.7997,0.0949,0.9579) (-1.7998,-0.0955,0.9580) (-1.7937,-0.2858,0.9575) (-1.7828,-0.4760,0.9576) (-1.7611,-0.6651,0.9586) (-1.7015,-0.8445,0.9589) (-1.5702,-0.9784,0.9589) (-1.3959,-1.0538,0.9588) --name=C_Tail_Face_c1
  · #94  C_Tail_Face_c1     curve    deg 3  poles 14   integral  length 2.4745  bounds [-1.80 -1.05 0.96]–[-1.40 1.05 0.96]
> spline (-1.3781,1.0548,0.9556) (-1.5510,1.0086,0.8682) (-1.6980,0.8871,0.8260) (-1.7696,0.7011,0.8243) (-1.7971,0.5021,0.8243) (-1.8080,0.3015,0.8243) (-1.8127,0.1006,0.8243) (-1.8132,-0.1003,0.8243) (-1.8082,-0.3012,0.8243) (-1.7970,-0.5018,0.8243) (-1.7686,-0.7001,0.8243) (-1.6986,-0.8871,0.8257) (-1.5511,-1.0082,0.8685) (-1.3781,-1.0548,0.9556) --name=C_Tail_Face_c2
  · #95  C_Tail_Face_c2     curve    deg 3  poles 14   integral  length 2.6056  bounds [-1.81 -1.05 0.81]–[-1.38 1.05 0.96]
> loft C_Tail_Face_c2 C_Tail_Face_c1 --sheet --name=C_Tail_Face
  · loft C_Tail_Face_c2 (open → sheet) C_Tail_Face_c1 (open → sheet)
  · #96  C_Tail_Face        surface  deg 3x1  poles 24x2  integral  bounds [-1.81 -1.05 0.82]–[-1.38 1.05 0.96]
  ·   ↳ loft of C_Tail_Face_c2 C_Tail_Face_c1  degree 3
> delete C_Tail_Face_c2 C_Tail_Face_c1
  · deleted 2 figure(s)
> tint C_Tail_Face 0.80 0.82 0.86
── /home/user/Slate/Frontier/Projects/Project-Drive/Content/Vehicles/Liger/Liger_Body_CurveLoft.arc: 229 line(s), 0 refusal(s)
  · opened /home/user/Slate/Frontier/Projects/Project-Drive/Content/Vehicles/Liger/Liger_Body_CurveLoft.arc  ·  32 figure(s)  ·  161 command(s)

Exit: 0

$ /home/user/Slate/_AgentScratch/build/SolidArcIntegration/SolidArc --proofs /home/user/Slate/_AgentScratch/build/SolidArcIntegration/renders -c open "/home/user/Slate/Frontier/Projects/Project-Drive/Content/Vehicles/Liger/Liger_Body_Curves.arc"
> open /home/user/Slate/Frontier/Projects/Project-Drive/Content/Vehicles/Liger/Liger_Body_Curves.arc
── script /home/user/Slate/Frontier/Projects/Project-Drive/Content/Vehicles/Liger/Liger_Body_Curves.arc
> reset
  · scene reset (empty, workplane xy)
> line (-0.7082,1.1611,0.6886) (-0.6626,1.1611,0.6091) --name=Shell_Crease_001
  · #1   Shell_Crease_001   curve    deg 1  poles 2    integral  length 0.0916  bounds [-0.71 1.16 0.61]–[-0.66 1.16 0.69]
> tint Shell_Crease_001 0.85 0.10 0.10
> line (-0.6626,1.1611,0.6091) (-0.6029,1.1573,0.6074) --name=Shell_Crease_002
  · #2   Shell_Crease_002   curve    deg 1  poles 2    integral  length 0.0598  bounds [-0.66 1.16 0.61]–[-0.60 1.16 0.61]
> tint Shell_Crease_002 0.85 0.10 0.10
> spline (-0.7222,1.1611,0.1595) (-0.6402,1.1611,0.3524) (-0.6365,1.1611,0.5087) (-0.6504,1.1611,0.5762) --name=Shell_Crease_003
  · #3   Shell_Crease_003   curve    deg 3  poles 4    integral  length 0.4374  bounds [-0.72 1.16 0.16]–[-0.61 1.16 0.58]
> tint Shell_Crease_003 0.85 0.10 0.10
> spline (2.5497,0.5222,0.5657) (2.5611,0.4793,0.5621) (2.5751,0.3897,0.5611) (2.6019,-0.0000,0.5599) (2.5895,-0.2576,0.5603) (2.5697,-0.4261,0.5614) (2.5497,-0.5222,0.5657) --name=Shell_Crease_004
  · #4   Shell_Crease_004   curve    deg 3  poles 7    integral  length 1.0521  bounds [2.55 -0.52 0.56]–[2.61 0.52 0.57]
> tint Shell_Crease_004 0.85 0.10 0.10
> spline (2.5497,0.5222,0.5657) (2.4232,0.7826,0.6184) (2.3267,0.9448,0.6580) --degree=2 --name=Shell_Crease_005
  · #5   Shell_Crease_005   curve    deg 2  poles 3    integral  length 0.4873  bounds [2.33 0.52 0.57]–[2.55 0.94 0.66]
> tint Shell_Crease_005 0.85 0.10 0.10
> line (2.2550,1.0081,0.6738) (2.3267,0.9448,0.6580) --name=Shell_Crease_006
  · #6   Shell_Crease_006   curve    deg 1  poles 2    integral  length 0.0969  bounds [2.25 0.94 0.66]–[2.33 1.01 0.67]
> tint Shell_Crease_006 0.85 0.10 0.10
> line (2.2550,1.0081,0.6738) (2.2025,1.0089,0.7143) --name=Shell_Crease_007
  · #7   Shell_Crease_007   curve    deg 1  poles 2    integral  length 0.0663  bounds [2.20 1.01 0.67]–[2.25 1.01 0.71]
> tint Shell_Crease_007 0.85 0.10 0.10
> spline (2.2260,1.0307,0.6799) (2.2071,1.0307,0.6994) (2.1709,1.0307,0.7222) --degree=2 --name=Shell_Crease_008
  · #8   Shell_Crease_008   curve    deg 2  poles 3    integral  length 0.0701  bounds [2.17 1.03 0.68]–[2.23 1.03 0.72]
> tint Shell_Crease_008 0.85 0.10 0.10
> line (2.2260,1.0307,0.6799) (2.1024,1.1309,0.7057) --name=Shell_Crease_009
  · #9   Shell_Crease_009   curve    deg 1  poles 2    integral  length 0.1612  bounds [2.10 1.03 0.68]–[2.23 1.13 0.71]
> tint Shell_Crease_009 0.85 0.10 0.10
> spline (2.3250,0.9448,0.6525) (2.3642,0.8827,0.6365) (2.4649,0.6941,0.5928) (2.4826,0.6574,0.5847) (2.5037,0.6127,0.5753) (2.5317,0.5520,0.5642) (2.5369,0.5405,0.5624) (2.5410,0.5311,0.5609) (2.5500,0.5075,0.5576) (2.5657,0.4259,0.5544) (2.5811,0.3070,0.5535) (2.5896,0.2034,0.5531) (2.5979,-0.0000,0.5529) (2.5896,-0.2034,0.5531) (2.5788,-0.3289,0.5536) (2.5657,-0.4259,0.5544) (2.5608,-0.4564,0.5548) (2.5587,-0.4687,0.5551) (2.5486,-0.5118,0.5581) (2.5440,-0.5241,0.5598) (2.5317,-0.5520,0.5642) (2.4649,-0.6941,0.5928) (2.4594,-0.7050,0.5953) (2.3546,-0.8983,0.6404) (2.3250,-0.9448,0.6525) --name=Shell_Crease_010
  · #10  Shell_Crease_010   curve    deg 3  poles 25   integral  length 2.0249  bounds [2.33 -0.94 0.55]–[2.60 0.94 0.65]
> tint Shell_Crease_010 0.85 0.10 0.10
> line (2.3250,0.9448,0.6525) (2.2600,1.0034,0.6676) --name=Shell_Crease_011
  · #11  Shell_Crease_011   curve    deg 1  poles 2    integral  length 0.0888  bounds [2.26 0.94 0.65]–[2.33 1.00 0.67]
> tint Shell_Crease_011 0.85 0.10 0.10
> line (2.1790,0.9448,0.1752) (2.3009,0.9448,0.5781) --name=Shell_Crease_012
  · #12  Shell_Crease_012   curve    deg 1  poles 2    integral  length 0.4209  bounds [2.18 0.94 0.18]–[2.30 0.94 0.58]
> tint Shell_Crease_012 0.85 0.10 0.10
> line (2.3009,0.9448,0.5781) (2.3274,0.8880,0.5636) --name=Shell_Crease_013
  · #13  Shell_Crease_013   curve    deg 1  poles 2    integral  length 0.0643  bounds [2.30 0.89 0.56]–[2.33 0.94 0.58]
> tint Shell_Crease_013 0.85 0.10 0.10
> line (2.3009,0.9448,0.5781) (2.3234,0.9448,0.6471) --name=Shell_Crease_014
  · #14  Shell_Crease_014   curve    deg 1  poles 2    integral  length 0.0726  bounds [2.30 0.94 0.58]–[2.32 0.94 0.65]
> tint Shell_Crease_014 0.85 0.10 0.10
> line (2.3274,0.8880,0.5636) (2.3579,0.8223,0.5469) --name=Shell_Crease_015
  · #15  Shell_Crease_015   curve    deg 1  poles 2    integral  length 0.0743  bounds [2.33 0.82 0.55]–[2.36 0.89 0.56]
> tint Shell_Crease_015 0.85 0.10 0.10
> line (2.3274,0.8880,0.5636) (2.3071,0.8615,0.5615) --name=Shell_Crease_016
  · #16  Shell_Crease_016   curve    deg 1  poles 2    integral  length 0.0334  bounds [2.31 0.86 0.56]–[2.33 0.89 0.56]
> tint Shell_Crease_016 0.85 0.10 0.10
> line (2.3071,0.8615,0.5615) (2.3131,0.8355,0.5564) --name=Shell_Crease_017
  · #17  Shell_Crease_017   curve    deg 1  poles 2    integral  length 0.0272  bounds [2.31 0.84 0.56]–[2.31 0.86 0.56]
> tint Shell_Crease_017 0.85 0.10 0.10
> spline (2.3131,0.8355,0.5564) (2.3263,0.8256,0.5526) (2.3579,0.8223,0.5469) --degree=2 --name=Shell_Crease_018
  · #18  Shell_Crease_018   curve    deg 2  poles 3    integral  length 0.0499  bounds [2.31 0.82 0.55]–[2.36 0.84 0.56]
> tint Shell_Crease_018 0.85 0.10 0.10
> spline (2.3579,0.8223,0.5469) (2.4292,0.6692,0.5080) (2.4576,0.6005,0.4908) (2.4779,0.5379,0.4756) (2.4872,0.5090,0.4686) (2.4965,0.4786,0.4609) (2.4857,0.3746,0.4006) (2.4815,0.3166,0.3767) (2.4856,0.2785,0.3745) (2.4922,0.2032,0.3744) (2.4940,0.1770,0.3744) (2.5005,-0.0000,0.3744) (2.4922,-0.2032,0.3744) (2.4856,-0.2785,0.3745) (2.4810,-0.3343,0.3810) (2.4857,-0.3746,0.4006) (2.4965,-0.4786,0.4609) (2.4901,-0.4999,0.4664) (2.4779,-0.5379,0.4756) (2.4494,-0.6233,0.4964) (2.4292,-0.6692,0.5080) (2.3579,-0.8223,0.5469) --name=Shell_Crease_019
  · #19  Shell_Crease_019   curve    deg 3  poles 22   integral  length 1.7697  bounds [2.36 -0.82 0.37]–[2.51 0.82 0.55]
> tint Shell_Crease_019 0.85 0.10 0.10
> spline (-1.4225,1.1611,0.1547) (-1.4756,1.1611,0.2480) (-1.5186,1.1611,0.4071) (-1.3643,1.1611,0.7739) (-1.2515,1.1611,0.8410) (-1.1208,1.1611,0.8774) (-0.9883,1.1611,0.8704) (-0.8630,1.1611,0.8258) (-0.7434,1.1611,0.7293) --name=Shell_Crease_020
  · #20  Shell_Crease_020   curve    deg 3  poles 9    integral  length 1.3760  bounds [-1.56 1.16 0.15]–[-0.74 1.16 0.89]
> tint Shell_Crease_020 0.85 0.10 0.10
> spline (0.9838,1.0656,0.3104) (1.0879,1.0548,0.2150) (1.1542,1.0524,0.1640) (1.2370,1.0771,0.1591) (1.3395,1.1106,0.1591) (1.3791,1.1249,0.1665) --name=Shell_Crease_021
  · #21  Shell_Crease_021   curve    deg 3  poles 6    integral  length 0.4665  bounds [0.98 1.03 0.14]–[1.38 1.12 0.31]
> tint Shell_Crease_021 0.85 0.10 0.10
> spline (1.3791,1.1249,0.1665) (1.3824,1.1301,0.1883) (1.3675,1.1304,0.2171) (1.3422,1.1309,0.2714) (1.3127,1.1312,0.3649) --name=Shell_Crease_022
  · #22  Shell_Crease_022   curve    deg 3  poles 5    integral  length 0.2144  bounds [1.31 1.12 0.17]–[1.39 1.14 0.36]
> tint Shell_Crease_022 0.85 0.10 0.10
> spline (1.7396,0.7164,0.8647) (1.7253,0.7300,0.8705) (1.6506,0.7962,0.8947) (1.5986,0.8299,0.9011) (1.5775,0.8394,0.9013) (1.5218,0.8565,0.8991) (1.4856,0.8642,0.8969) (1.3685,0.8822,0.8887) (1.3358,0.8857,0.8864) (1.2116,0.8926,0.8785) (1.0362,0.8968,0.8696) (0.9187,0.8971,0.8672) (0.8357,0.8972,0.8657) (0.8105,0.8972,0.8653) (0.7854,0.8972,0.8650) (0.6099,0.8972,0.8641) (0.4762,0.8971,0.8640) (0.3758,0.8971,0.8643) (0.3190,0.8971,0.8646) (0.1295,0.8969,0.8660) --name=Shell_Crease_023
  · #23  Shell_Crease_023   curve    deg 3  poles 20   integral  length 1.6633  bounds [0.13 0.72 0.86]–[1.74 0.90 0.90]
> tint Shell_Crease_023 0.85 0.10 0.10
> spline (1.7396,0.7164,0.8647) (1.8115,0.6249,0.8254) (1.8632,0.5332,0.8058) (1.9014,0.4538,0.7976) (1.9277,0.3940,0.7925) (1.9392,0.3649,0.7906) (1.9660,0.2809,0.7873) (1.9840,0.1972,0.7861) (2.0001,-0.0000,0.7863) (1.9958,-0.1034,0.7860) (1.9914,-0.1472,0.7860) (1.9840,-0.1972,0.7861) (1.9660,-0.2809,0.7873) (1.9392,-0.3649,0.7906) (1.9014,-0.4538,0.7976) (1.8750,-0.5094,0.8032) (1.8525,-0.5543,0.8086) (1.8115,-0.6249,0.8254) (1.7396,-0.7164,0.8647) --name=Shell_Crease_024
  · #24  Shell_Crease_024   curve    deg 3  poles 19   integral  length 1.5755  bounds [1.74 -0.72 0.79]–[2.00 0.72 0.86]
> tint Shell_Crease_024 0.85 0.10 0.10
> spline (1.7396,0.7164,0.8647) (1.9678,0.6669,0.8073) (2.1362,0.6304,0.7510) (2.3289,0.5887,0.6761) (2.4548,0.5618,0.6168) (2.5035,0.5453,0.5922) --name=Shell_Crease_025
  · #25  Shell_Crease_025   curve    deg 3  poles 6    integral  length 0.8317  bounds [1.74 0.55 0.59]–[2.50 0.72 0.86]
> tint Shell_Crease_025 0.85 0.10 0.10
> spline (2.0756,1.1380,0.7101) (2.0282,1.1380,0.7574) (1.9388,1.1380,0.8170) (1.6548,1.1380,0.8499) (1.4252,1.1380,0.7086) (1.3685,1.1380,0.6221) (1.3434,1.1380,0.5615) --name=Shell_Crease_026
  · #26  Shell_Crease_026   curve    deg 3  poles 7    integral  length 0.9099  bounds [1.34 1.14 0.56]–[2.08 1.14 0.87]
> tint Shell_Crease_026 0.85 0.10 0.10
> spline (0.1295,0.8969,0.8660) (0.1305,0.9762,0.8660) (0.1313,1.0131,0.8717) --degree=2 --name=Shell_Crease_027
  · #27  Shell_Crease_027   curve    deg 2  poles 3    integral  length 0.1168  bounds [0.13 0.90 0.86]–[0.13 1.01 0.87]
> tint Shell_Crease_027 0.85 0.10 0.10
> spline (0.1295,0.8969,0.8660) (-0.3585,0.8900,0.8895) (-0.5803,0.8886,0.9191) (-0.8965,0.8880,0.9842) (-1.2299,0.8877,1.0013) --name=Shell_Crease_028
  · #28  Shell_Crease_028   curve    deg 3  poles 5    integral  length 1.3707  bounds [-1.23 0.89 0.87]–[0.13 0.90 1.03]
> tint Shell_Crease_028 0.85 0.10 0.10
> spline (0.1295,0.8969,0.8660) (0.1284,0.8481,0.8755) (0.1133,0.8128,0.8811) --degree=2 --name=Shell_Crease_029
  · #29  Shell_Crease_029   curve    deg 2  poles 3    integral  length 0.0891  bounds [0.11 0.81 0.87]–[0.14 0.90 0.88]
> tint Shell_Crease_029 0.85 0.10 0.10
> spline (1.3127,1.1312,0.3649) (1.2595,1.1272,0.3792) (1.2130,1.1238,0.3919) (1.1530,1.1199,0.4082) (1.1279,1.1184,0.4151) (1.0637,1.1146,0.4326) (0.9960,1.1105,0.4510) (0.9415,1.1074,0.4659) (0.8759,1.1049,0.4838) (0.7856,1.1051,0.5045) (0.6883,1.1062,0.5223) (0.5792,1.1074,0.5388) (0.4271,1.1088,0.5536) (0.2498,1.1106,0.5653) (-0.1553,1.1173,0.5895) (-0.2265,1.1206,0.5923) (-0.2968,1.1247,0.5947) (-0.3629,1.1292,0.5967) (-0.4211,1.1338,0.5983) (-0.5586,1.1486,0.6019) (-0.5958,1.1557,0.6028) (-0.5984,1.1564,0.6029) (-0.6015,1.1570,0.6030) --name=Shell_Crease_030
  · #30  Shell_Crease_030   curve    deg 3  poles 23   integral  length 1.9412  bounds [-0.60 1.10 0.36]–[1.31 1.16 0.60]
> tint Shell_Crease_030 0.85 0.10 0.10
> spline (2.3234,0.9448,0.6471) (2.3523,0.8986,0.6351) (2.4618,0.6938,0.5873) (2.4952,0.6237,0.5720) (2.5399,0.5239,0.5538) (2.5457,0.5073,0.5514) (2.5547,0.4687,0.5485) (2.5618,0.4257,0.5476) (2.5773,0.3066,0.5467) (2.5838,0.2305,0.5464) (2.5921,0.0848,0.5461) (2.5941,-0.0000,0.5461) (2.5935,-0.0423,0.5461) (2.5902,-0.1288,0.5462) (2.5858,-0.2034,0.5463) (2.5750,-0.3284,0.5468) (2.5618,-0.4257,0.5476) (2.5569,-0.4564,0.5482) (2.5444,-0.5116,0.5520) (2.5278,-0.5519,0.5583) (2.4794,-0.6574,0.5792) (2.4618,-0.6938,0.5873) (2.4487,-0.7203,0.5932) (2.3523,-0.8986,0.6351) (2.3234,-0.9448,0.6471) --name=Shell_Crease_031
  · #31  Shell_Crease_031   curve    deg 3  poles 25   integral  length 2.0228  bounds [2.32 -0.94 0.55]–[2.59 0.94 0.65]
> tint Shell_Crease_031 0.85 0.10 0.10
> line (2.3234,0.9448,0.6471) (2.1069,1.1304,0.6997) --name=Shell_Crease_032
  · #32  Shell_Crease_032   curve    deg 1  poles 2    integral  length 0.2900  bounds [2.11 0.94 0.65]–[2.32 1.13 0.70]
> tint Shell_Crease_032 0.85 0.10 0.10
> line (2.2600,1.0034,0.6676) (2.1056,1.1306,0.7014) --name=Shell_Crease_033
  · #33  Shell_Crease_033   curve    deg 1  poles 2    integral  length 0.2029  bounds [2.11 1.00 0.67]–[2.26 1.13 0.70]
> tint Shell_Crease_033 0.85 0.10 0.10
> spline (2.1069,1.1304,0.6997) (2.1620,1.1193,0.5989) (2.1925,1.1105,0.4503) (2.1738,1.0979,0.3076) (2.1472,1.0978,0.2392) (2.1142,1.0815,0.1822) --name=Shell_Crease_034
  · #34  Shell_Crease_034   curve    deg 3  poles 6    integral  length 0.5556  bounds [2.11 1.08 0.18]–[2.20 1.13 0.70]
> tint Shell_Crease_034 0.85 0.10 0.10
> spline (0.0103,0.6815,1.0418) (-0.0323,0.6757,1.0366) (-0.1480,0.6586,1.0222) (-0.2102,0.6472,1.0144) (-0.2768,0.6330,1.0060) (-0.3171,0.6241,1.0010) (-0.3610,0.6145,0.9955) (-0.5514,0.5727,0.9716) (-0.6667,0.5474,0.9571) (-0.9191,0.4920,0.9254) (-1.1008,0.4522,0.9026) (-1.1603,0.4391,0.8951) (-1.2139,0.4273,0.8884) (-1.2301,0.4238,0.8864) (-1.3900,0.3900,0.8670) (-1.4370,0.3820,0.8625) (-1.4739,0.3765,0.8593) (-1.5095,0.3713,0.8563) --name=Shell_Crease_035
  · #35  Shell_Crease_035   curve    deg 3  poles 18   integral  length 1.5628  bounds [-1.51 0.37 0.86]–[0.01 0.68 1.04]
> tint Shell_Crease_035 0.85 0.10 0.10
> line (0.0103,0.6815,1.0418) (0.0778,0.6883,1.0474) --name=Shell_Crease_036
  · #36  Shell_Crease_036   curve    deg 1  poles 2    integral  length 0.0681  bounds [0.01 0.68 1.04]–[0.08 0.69 1.05]
> tint Shell_Crease_036 0.85 0.10 0.10
> spline (0.0103,0.6815,1.0418) (0.0460,0.7414,0.9768) (0.1133,0.8128,0.8811) --degree=2 --name=Shell_Crease_037
  · #37  Shell_Crease_037   curve    deg 2  poles 3    integral  length 0.2327  bounds [0.01 0.68 0.88]–[0.11 0.81 1.04]
> tint Shell_Crease_037 0.85 0.10 0.10
> spline (0.0103,0.6815,1.0418) (0.0069,0.5093,1.1029) (0.0069,0.3743,1.1249) --degree=2 --name=Shell_Crease_038
  · #38  Shell_Crease_038   curve    deg 2  poles 3    integral  length 0.3200  bounds [0.01 0.37 1.04]–[0.01 0.68 1.12]
> tint Shell_Crease_038 0.85 0.10 0.10
> spline (2.5035,0.5453,0.5922) (2.4514,0.6380,0.6222) (2.4032,0.7322,0.6462) --degree=2 --name=Shell_Crease_039
  · #39  Shell_Crease_039   curve    deg 2  poles 3    integral  length 0.2190  bounds [2.40 0.55 0.59]–[2.50 0.73 0.65]
> tint Shell_Crease_039 0.85 0.10 0.10
> spline (0.0692,0.3797,1.1309) (0.0692,0.5338,1.1044) (0.0704,0.6282,1.0739) (0.0778,0.6883,1.0474) --name=Shell_Crease_040
  · #40  Shell_Crease_040   curve    deg 3  poles 4    integral  length 0.3220  bounds [0.06 0.38 1.05]–[0.08 0.69 1.13]
> tint Shell_Crease_040 0.85 0.10 0.10
> line (0.0692,0.3797,1.1309) (0.0069,0.3743,1.1249) --name=Shell_Crease_041
  · #41  Shell_Crease_041   curve    deg 1  poles 2    integral  length 0.0628  bounds [0.01 0.37 1.12]–[0.07 0.38 1.13]
> tint Shell_Crease_041 0.85 0.10 0.10
> line (0.0692,0.3797,1.1309) (0.0923,0.3764,1.1337) --name=Shell_Crease_042
  · #42  Shell_Crease_042   curve    deg 1  poles 2    integral  length 0.0235  bounds [0.07 0.38 1.13]–[0.09 0.38 1.13]
> tint Shell_Crease_042 0.85 0.10 0.10
> spline (0.0981,0.3650,1.1352) (0.0934,0.3589,1.1350) (0.0692,0.3580,1.1323) --degree=2 --name=Shell_Crease_043
  · #43  Shell_Crease_043   curve    deg 2  poles 3    integral  length 0.0335  bounds [0.07 0.35 1.13]–[0.10 0.36 1.14]
> tint Shell_Crease_043 0.85 0.10 0.10
> spline (0.0692,0.3580,1.1323) (0.0692,-0.0395,1.1384) (0.0692,-0.3580,1.1323) --degree=2 --name=Shell_Crease_044
  · #44  Shell_Crease_044   curve    deg 2  poles 3    integral  length 0.7161  bounds [0.07 -0.36 1.13]–[0.07 0.36 1.14]
> tint Shell_Crease_044 0.85 0.10 0.10
> line (0.0692,0.3580,1.1323) (0.0069,0.3530,1.1264) --name=Shell_Crease_045
  · #45  Shell_Crease_045   curve    deg 1  poles 2    integral  length 0.0628  bounds [0.01 0.35 1.13]–[0.07 0.36 1.13]
> tint Shell_Crease_045 0.85 0.10 0.10
> spline (2.0960,1.1123,0.1845) (2.1496,1.1187,0.2906) (2.1743,1.1281,0.4514) (2.1336,1.1373,0.6206) (2.0802,1.1380,0.7047) --name=Shell_Crease_046
  · #46  Shell_Crease_046   curve    deg 3  poles 5    integral  length 0.5587  bounds [2.08 1.11 0.18]–[2.20 1.14 0.70]
> tint Shell_Crease_046 0.85 0.10 0.10
> spline (1.4183,1.1380,0.1591) (1.3632,1.1380,0.2666) (1.3310,1.1380,0.3595) --degree=2 --name=Shell_Crease_047
  · #47  Shell_Crease_047   curve    deg 2  poles 3    integral  length 0.2193  bounds [1.33 1.14 0.16]–[1.42 1.14 0.36]
> tint Shell_Crease_047 0.85 0.10 0.10
> line (2.4614,0.6716,0.6125) (2.5220,0.5344,0.5798) --name=Shell_Crease_048
  · #48  Shell_Crease_048   curve    deg 1  poles 2    integral  length 0.1535  bounds [2.46 0.53 0.58]–[2.52 0.67 0.61]
> tint Shell_Crease_048 0.85 0.10 0.10
> spline (2.2025,1.0089,0.7143) (2.3072,0.8979,0.6846) (2.4032,0.7322,0.6462) --degree=2 --name=Shell_Crease_049
  · #49  Shell_Crease_049   curve    deg 2  poles 3    integral  length 0.3515  bounds [2.20 0.73 0.65]–[2.40 1.01 0.71]
> tint Shell_Crease_049 0.85 0.10 0.10
> spline (2.1982,1.0088,0.7160) (2.3032,0.8978,0.6861) (2.3985,0.7341,0.6478) --degree=2 --name=Shell_Crease_050
  · #50  Shell_Crease_050   curve    deg 2  poles 3    integral  length 0.3497  bounds [2.20 0.73 0.65]–[2.40 1.01 0.72]
> tint Shell_Crease_050 0.85 0.10 0.10
> spline (2.0518,1.0327,0.7670) (2.1019,0.9439,0.7722) (2.2053,0.8018,0.7414) (2.2703,0.7562,0.7055) (2.3529,0.7344,0.6574) --name=Shell_Crease_051
  · #51  Shell_Crease_051   curve    deg 3  poles 5    integral  length 0.4682  bounds [2.05 0.73 0.66]–[2.35 1.03 0.78]
> tint Shell_Crease_051 0.85 0.10 0.10
> line (2.0518,1.0327,0.7670) (2.1240,1.0290,0.7326) --name=Shell_Crease_052
  · #52  Shell_Crease_052   curve    deg 1  poles 2    integral  length 0.0801  bounds [2.05 1.03 0.73]–[2.12 1.03 0.77]
> tint Shell_Crease_052 0.85 0.10 0.10
> spline (2.4032,0.7322,0.6462) (2.3181,0.7551,0.7014) (2.2480,0.8055,0.7422) (2.1219,0.9872,0.7712) (2.1004,1.0294,0.7662) --name=Shell_Crease_053
  · #53  Shell_Crease_053   curve    deg 3  poles 5    integral  length 0.4739  bounds [2.10 0.73 0.65]–[2.40 1.03 0.78]
> tint Shell_Crease_053 0.85 0.10 0.10
> spline (2.1004,1.0294,0.7662) (2.1048,1.0343,0.7613) (2.1303,1.0333,0.7462) (2.1709,1.0307,0.7222) --name=Shell_Crease_054
  · #54  Shell_Crease_054   curve    deg 3  poles 4    integral  length 0.0882  bounds [2.10 1.01 0.72]–[2.17 1.05 0.77]
> tint Shell_Crease_054 0.85 0.10 0.10
> spline (2.3985,0.7341,0.6478) (2.3155,0.7566,0.7017) (2.2471,0.8060,0.7418) (2.1294,0.9740,0.7707) (2.1002,1.0279,0.7658) --name=Shell_Crease_055
  · #55  Shell_Crease_055   curve    deg 3  poles 5    integral  length 0.4668  bounds [2.10 0.73 0.65]–[2.40 1.03 0.77]
> tint Shell_Crease_055 0.85 0.10 0.10
> spline (2.1002,1.0279,0.7658) (2.1034,1.0325,0.7616) (2.1286,1.0315,0.7465) (2.1687,1.0291,0.7233) --name=Shell_Crease_056
  · #56  Shell_Crease_056   curve    deg 3  poles 4    integral  length 0.0869  bounds [2.10 1.01 0.72]–[2.17 1.05 0.77]
> tint Shell_Crease_056 0.85 0.10 0.10
> line (2.3985,0.7341,0.6478) (2.3529,0.7344,0.6574) --name=Shell_Crease_057
  · #57  Shell_Crease_057   curve    deg 1  poles 2    integral  length 0.0466  bounds [2.35 0.73 0.65]–[2.40 0.73 0.66]
> tint Shell_Crease_057 0.85 0.10 0.10
> line (2.1687,1.0291,0.7233) (2.1240,1.0290,0.7326) --name=Shell_Crease_058
  · #58  Shell_Crease_058   curve    deg 1  poles 2    integral  length 0.0457  bounds [2.12 1.03 0.72]–[2.17 1.03 0.73]
> tint Shell_Crease_058 0.85 0.10 0.10
> spline (2.3529,0.7344,0.6574) (2.2463,0.9134,0.6989) (2.1240,1.0290,0.7326) --degree=2 --name=Shell_Crease_059
  · #59  Shell_Crease_059   curve    deg 2  poles 3    integral  length 0.3852  bounds [2.12 0.73 0.66]–[2.35 1.03 0.73]
> tint Shell_Crease_059 0.85 0.10 0.10
> spline (0.1133,0.8128,0.8811) (0.3728,0.8413,0.8735) (0.6064,0.8509,0.8613) (0.8222,0.8551,0.8493) (0.9294,0.8573,0.8462) (1.0163,0.8578,0.8438) (1.0430,0.8575,0.8432) (1.1929,0.8496,0.8429) (1.2588,0.8453,0.8430) (1.3155,0.8403,0.8426) (1.3871,0.8320,0.8414) (1.4237,0.8266,0.8409) (1.5100,0.8047,0.8408) (1.6402,0.7148,0.8317) (1.7151,0.6340,0.8159) (1.7870,0.5242,0.8005) (1.8259,0.4436,0.7945) (1.8606,0.3536,0.7896) (1.8756,0.2986,0.7881) (1.8815,0.2715,0.7877) (1.8913,0.2174,0.7873) (1.9032,0.1213,0.7874) (1.9070,-0.0000,0.7875) (1.9068,-0.0402,0.7875) (1.8952,-0.1911,0.7873) (1.8688,-0.3257,0.7887) (1.8259,-0.4436,0.7945) (1.7993,-0.5004,0.7986) (1.7756,-0.5448,0.8022) (1.7038,-0.6477,0.8187) (1.6535,-0.7020,0.8294) (1.5487,-0.7856,0.8407) (1.5100,-0.8047,0.8408) (1.3871,-0.8320,0.8414) (1.2588,-0.8453,0.8430) (1.2138,-0.8483,0.8430) (1.0163,-0.8578,0.8438) (0.9294,-0.8573,0.8462) (0.9009,-0.8568,0.8470) (0.7184,-0.8531,0.8547) (0.3728,-0.8413,0.8735) (0.1133,-0.8128,0.8811) --name=Shell_Crease_060
  · #60  Shell_Crease_060   curve    deg 3  poles 42   integral  length 4.7034  bounds [0.11 -0.86 0.79]–[1.91 0.86 0.88]
> tint Shell_Crease_060 0.85 0.10 0.10
> spline (0.1133,0.8128,0.8811) (-0.1557,0.7723,0.8669) (-0.3607,0.7398,0.8555) (-0.4058,0.7324,0.8544) (-0.5514,0.7083,0.8517) (-0.6096,0.6986,0.8506) (-0.7235,0.6798,0.8485) (-0.8519,0.6585,0.8461) (-0.8743,0.6548,0.8457) (-0.9882,0.6359,0.8436) (-1.0115,0.6320,0.8431) (-1.0346,0.6282,0.8427) (-1.0574,0.6244,0.8423) (-1.0795,0.6208,0.8419) (-1.2458,0.5932,0.8395) (-1.2615,0.5906,0.8398) (-1.2782,0.5878,0.8405) (-1.3660,0.5681,0.8464) (-1.3916,0.5591,0.8474) --name=Shell_Crease_061
  · #61  Shell_Crease_061   curve    deg 3  poles 19   integral  length 1.5279  bounds [-1.39 0.56 0.84]–[0.11 0.81 0.88]
> tint Shell_Crease_061 0.85 0.10 0.10
> spline (0.0778,0.6883,1.0474) (0.2585,0.6920,1.0573) (0.3897,0.6918,1.0586) (0.5921,0.6888,1.0592) (0.6802,0.6849,1.0595) (0.7878,0.6733,1.0597) (0.8063,0.6703,1.0597) (0.8700,0.6570,1.0597) (0.9030,0.6466,1.0597) (0.9474,0.6277,1.0597) (1.0307,0.5677,1.0596) (1.0828,0.5079,1.0588) (1.1107,0.4660,1.0587) (1.1156,0.4577,1.0588) (1.1657,0.3435,1.0593) (1.1707,0.3292,1.0592) (1.2159,0.1443,1.0591) (1.2180,0.1276,1.0591) (1.2251,-0.0000,1.0587) (1.2250,-0.0157,1.0587) (1.2212,-0.0950,1.0590) (1.2159,-0.1443,1.0591) (1.1864,-0.2814,1.0592) (1.1657,-0.3435,1.0593) (1.1426,-0.4026,1.0592) (1.1382,-0.4126,1.0591) (1.1156,-0.4577,1.0588) (1.0627,-0.5342,1.0591) (1.0307,-0.5677,1.0596) (1.0022,-0.5916,1.0597) (0.9474,-0.6277,1.0597) (0.9206,-0.6397,1.0597) (0.8700,-0.6570,1.0597) (0.7878,-0.6733,1.0597) (0.6549,-0.6863,1.0594) (0.5921,-0.6888,1.0592) (0.3897,-0.6918,1.0586) (0.2180,-0.6917,1.0561) (0.0778,-0.6883,1.0474) --name=Shell_Crease_062
  · #62  Shell_Crease_062   curve    deg 3  poles 39   integral  length 3.1915  bounds [0.08 -0.69 1.05]–[1.23 0.69 1.06]
> tint Shell_Crease_062 0.85 0.10 0.10
> spline (0.0778,0.6883,1.0474) (0.0961,0.7172,1.0179) (0.1452,0.7697,0.9546) (0.1973,0.7929,0.9241) (0.2363,0.8039,0.9109) (0.5208,0.8411,0.8658) (0.7452,0.8425,0.8495) (0.7947,0.8427,0.8459) (1.0789,0.8392,0.8261) (1.1754,0.8346,0.8165) (1.2875,0.8190,0.8045) (1.4114,0.7923,0.7958) (1.5297,0.7359,0.7939) (1.5904,0.6906,0.7939) (1.6926,0.5755,0.7939) (1.7200,0.5279,0.7939) (1.7413,0.4847,0.7939) (1.8071,0.3169,0.7939) (1.8199,0.2645,0.7939) (1.8491,-0.0000,0.7939) (1.8199,-0.2645,0.7939) (1.8139,-0.2906,0.7939) (1.7895,-0.3718,0.7939) (1.7660,-0.4302,0.7939) (1.6834,-0.5890,0.7939) (1.6166,-0.6659,0.7939) (1.6037,-0.6784,0.7939) (1.4114,-0.7923,0.7958) (1.3179,-0.8135,0.8020) (1.1754,-0.8346,0.8165) (1.0989,-0.8385,0.8242) (1.0789,-0.8392,0.8261) (0.8945,-0.8428,0.8397) (0.7947,-0.8427,0.8459) (0.7161,-0.8425,0.8516) (0.4767,-0.8390,0.8698) (0.3322,-0.8230,0.8894) (0.2363,-0.8039,0.9109) (0.1452,-0.7697,0.9546) (0.1292,-0.7575,0.9709) (0.1167,-0.7447,0.9870) (0.0778,-0.6883,1.0474) --name=Shell_Crease_063
  · #63  Shell_Crease_063   curve    deg 3  poles 42   integral  length 4.8079  bounds [0.08 -0.84 0.79]–[1.86 0.84 1.05]
> tint Shell_Crease_063 0.85 0.10 0.10
> spline (1.3238,1.1310,0.5608) (0.7377,1.1129,0.5682) (0.5288,1.1124,0.5708) (0.4453,1.1130,0.5743) (0.3874,1.1152,0.5838) (0.3289,1.1215,0.6169) (0.2560,1.1213,0.7048) (0.1823,1.0964,0.8057) (0.1528,1.0687,0.8481) (0.1313,1.0131,0.8717) --name=Shell_Crease_064
  · #64  Shell_Crease_064   curve    deg 3  poles 10   integral  length 1.3728  bounds [0.13 1.01 0.56]–[1.32 1.13 0.87]
> tint Shell_Crease_064 0.85 0.10 0.10
> spline (1.3238,1.1310,0.5608) (1.3482,1.1311,0.6220) (1.4104,1.1312,0.7194) (1.6649,1.1312,0.8695) (1.9564,1.1312,0.8279) (2.0579,1.1312,0.7551) (2.1024,1.1309,0.7057) --name=Shell_Crease_065
  · #65  Shell_Crease_065   curve    deg 3  poles 7    integral  length 0.9750  bounds [1.32 1.13 0.56]–[2.10 1.13 0.89]
> tint Shell_Crease_065 0.85 0.10 0.10
> spline (1.3238,1.1310,0.5608) (1.3104,1.1311,0.4732) (1.3096,1.1312,0.3781) --degree=2 --name=Shell_Crease_066
  · #66  Shell_Crease_066   curve    deg 2  poles 3    integral  length 0.1839  bounds [1.30 1.13 0.38]–[1.32 1.13 0.56]
> tint Shell_Crease_066 0.85 0.10 0.10
> spline (1.3254,1.1310,0.5609) (1.3606,1.1311,0.6436) (1.4208,1.1312,0.7292) (1.6654,1.1312,0.8682) (1.9558,1.1312,0.8266) (2.0565,1.1312,0.7545) (2.1003,1.1309,0.7061) --name=Shell_Crease_067
  · #67  Shell_Crease_067   curve    deg 3  poles 7    integral  length 0.9697  bounds [1.33 1.13 0.56]–[2.10 1.13 0.89]
> tint Shell_Crease_067 0.85 0.10 0.10
> spline (1.3254,1.1310,0.5609) (1.3118,1.1311,0.4731) (1.3111,1.1312,0.3777) --degree=2 --name=Shell_Crease_068
  · #68  Shell_Crease_068   curve    deg 2  poles 3    integral  length 0.1844  bounds [1.30 1.13 0.38]–[1.33 1.13 0.56]
> tint Shell_Crease_068 0.85 0.10 0.10
> spline (1.3434,1.1380,0.5615) (1.3286,1.1380,0.4713) (1.3279,1.1380,0.3736) --degree=2 --name=Shell_Crease_069
  · #69  Shell_Crease_069   curve    deg 2  poles 3    integral  length 0.1893  bounds [1.32 1.14 0.37]–[1.34 1.14 0.56]
> tint Shell_Crease_069 0.85 0.10 0.10
> line (0.1313,1.0131,0.8717) (0.3777,1.0324,0.8675) --name=Shell_Crease_070
  · #70  Shell_Crease_070   curve    deg 1  poles 2    integral  length 0.2472  bounds [0.13 1.01 0.87]–[0.38 1.03 0.87]
> tint Shell_Crease_070 0.85 0.10 0.10
> spline (0.1313,1.0131,0.8717) (0.0256,1.0077,0.8741) (-0.3524,0.9979,0.8948) (-0.6661,0.9927,0.9564) (-0.7483,0.9926,0.9715) (-0.9424,0.9926,1.0004) (-1.1008,0.9922,1.0070) (-1.1784,0.9916,1.0053) (-1.2203,1.0021,0.9997) --name=Shell_Crease_071
  · #71  Shell_Crease_071   curve    deg 3  poles 9    integral  length 1.3647  bounds [-1.22 0.98 0.87]–[0.13 1.01 1.01]
> tint Shell_Crease_071 0.85 0.10 0.10
> line (-0.6609,1.1611,0.6046) (-0.6015,1.1570,0.6030) --name=Shell_Crease_072
  · #72  Shell_Crease_072   curve    deg 1  poles 2    integral  length 0.0596  bounds [-0.66 1.16 0.60]–[-0.60 1.16 0.60]
> tint Shell_Crease_072 0.85 0.10 0.10
> spline (2.1048,1.1305,0.7001) (2.1603,1.1201,0.5993) (2.1911,1.1113,0.4504) (2.1722,1.0991,0.3073) (2.1454,1.0987,0.2387) (2.1127,1.0834,0.1824) --name=Shell_Crease_073
  · #73  Shell_Crease_073   curve    deg 3  poles 6    integral  length 0.5557  bounds [2.10 1.08 0.18]–[2.20 1.13 0.70]
> tint Shell_Crease_073 0.85 0.10 0.10
> spline (0.0069,0.3743,1.1249) (-0.0344,0.3708,1.1200) (-0.0746,0.3673,1.1151) (-0.2416,0.3530,1.0922) (-0.3176,0.3464,1.0804) (-0.6382,0.3189,1.0303) (-0.7515,0.3090,1.0127) (-0.8743,0.2980,0.9939) (-0.8966,0.2959,0.9906) (-0.9191,0.2937,0.9872) (-0.9419,0.2914,0.9839) (-0.9650,0.2891,0.9805) (-0.9882,0.2867,0.9772) (-1.0795,0.2768,0.9639) (-1.1789,0.2660,0.9486) (-1.2615,0.2570,0.9357) (-1.4525,0.2364,0.9062) (-1.4821,0.2340,0.9028) (-1.5095,0.2332,0.9017) --name=Shell_Crease_074
  · #74  Shell_Crease_074   curve    deg 3  poles 19   integral  length 1.5396  bounds [-1.51 0.23 0.90]–[0.01 0.37 1.12]
> tint Shell_Crease_074 0.85 0.10 0.10
> spline (0.0069,0.3530,1.1264) (0.0069,-0.0533,1.1324) (0.0069,-0.3530,1.1264) --degree=2 --name=Shell_Crease_075
  · #75  Shell_Crease_075   curve    deg 2  poles 3    integral  length 0.7061  bounds [0.01 -0.35 1.13]–[0.01 0.35 1.14]
> tint Shell_Crease_075 0.85 0.10 0.10
> spline (0.0069,0.3530,1.1264) (-0.2416,0.3333,1.0937) (-0.3176,0.3273,1.0818) (-0.5203,0.3111,1.0502) (-0.6382,0.3018,1.0318) (-0.7235,0.2949,1.0185) (-0.7515,0.2926,1.0142) (-0.8044,0.2883,1.0061) (-0.8743,0.2824,0.9954) (-0.8966,0.2805,0.9921) (-0.9191,0.2785,0.9888) (-0.9419,0.2764,0.9854) (-0.9650,0.2742,0.9821) (-0.9882,0.2720,0.9787) (-1.0795,0.2629,0.9655) (-1.2615,0.2445,0.9373) (-1.4525,0.2255,0.9079) (-1.4821,0.2232,0.9044) (-1.5095,0.2225,0.9033) --name=Shell_Crease_076
  · #76  Shell_Crease_076   curve    deg 3  poles 19   integral  length 1.5387  bounds [-1.51 0.22 0.90]–[0.01 0.35 1.13]
> tint Shell_Crease_076 0.85 0.10 0.10
> spline (-0.4381,0.9925,0.9084) (-0.6660,0.9917,0.9567) (-0.7745,0.9916,0.9763) (-0.8248,0.9916,0.9847) (-0.9886,0.9916,1.0044) (-1.1412,0.9908,1.0066) (-1.2151,0.9881,1.0039) (-1.2328,0.9869,1.0024) (-1.3207,0.9767,0.9920) (-1.3714,0.9685,0.9896) (-1.4528,0.9423,0.9853) (-1.4706,0.9343,0.9840) (-1.5212,0.9067,0.9798) (-1.5739,0.8657,0.9761) (-1.6350,0.7775,0.9756) (-1.6474,0.7511,0.9756) (-1.6816,0.6373,0.9756) (-1.6967,0.5132,0.9756) (-1.7039,0.4239,0.9756) (-1.7132,0.2793,0.9756) (-1.7174,0.1534,0.9756) (-1.7196,-0.0000,0.9756) (-1.7108,-0.3270,0.9756) (-1.6992,-0.4822,0.9756) (-1.6967,-0.5132,0.9756) (-1.6905,-0.5762,0.9756) (-1.6678,-0.6951,0.9756) (-1.6584,-0.7234,0.9756) (-1.6094,-0.8227,0.9756) (-1.5739,-0.8657,0.9761) (-1.5358,-0.8967,0.9786) (-1.4706,-0.9343,0.9840) (-1.3873,-0.9648,0.9890) (-1.3714,-0.9685,0.9896) (-1.3032,-0.9790,0.9935) (-1.2328,-0.9869,1.0024) (-1.1604,-0.9903,1.0061) (-1.0117,-0.9916,1.0057) (-0.9886,-0.9916,1.0044) (-0.8248,-0.9916,0.9847) (-0.6940,-0.9917,0.9619) (-0.4381,-0.9925,0.9084) --name=Shell_Crease_077
  · #77  Shell_Crease_077   curve    deg 3  poles 42   integral  length 4.1390  bounds [-1.72 -0.99 0.91]–[-0.44 0.99 1.01]
> tint Shell_Crease_077 0.85 0.10 0.10
> spline (1.3096,1.1312,0.3781) (1.2839,1.1294,0.3848) (1.2589,1.1277,0.3912) (1.2354,1.1260,0.3973) (1.1944,1.1234,0.4080) (1.1540,1.1211,0.4185) (1.0985,1.1180,0.4329) (0.9676,1.1109,0.4669) (0.9190,1.1085,0.4795) (0.7854,1.1072,0.5107) (0.6333,1.1088,0.5364) (0.5791,1.1094,0.5438) (0.5276,1.1098,0.5496) (0.4777,1.1102,0.5542) (0.3724,1.1112,0.5615) (0.3127,1.1119,0.5653) (0.2486,1.1127,0.5694) (0.0474,1.1149,0.5824) (-0.2273,1.1225,0.5965) (-0.2975,1.1263,0.5989) (-0.5597,1.1491,0.6062) (-0.5971,1.1560,0.6072) (-0.6029,1.1573,0.6074) --name=Shell_Crease_078
  · #78  Shell_Crease_078   curve    deg 3  poles 23   integral  length 1.9365  bounds [-0.60 1.11 0.38]–[1.31 1.16 0.61]
> tint Shell_Crease_078 0.85 0.10 0.10
> spline (-0.4387,0.9675,0.9074) (-0.4761,0.9730,0.9153) (-0.6075,0.9789,0.9446) (-0.7485,0.9788,0.9719) (-0.9886,0.9788,1.0052) (-1.1412,0.9776,1.0072) (-1.2148,0.9737,1.0042) (-1.2495,0.9706,1.0005) (-1.3005,0.9654,0.9936) (-1.3341,0.9615,0.9910) (-1.4285,0.9379,0.9865) (-1.5108,0.8963,0.9798) (-1.5626,0.8557,0.9761) (-1.5848,0.8310,0.9756) (-1.6334,0.7442,0.9756) (-1.6443,0.7169,0.9756) (-1.6791,0.5408,0.9756) (-1.6911,0.3955,0.9756) (-1.7043,0.0398,0.9756) (-1.7045,-0.0000,0.9756) (-1.7004,-0.2220,0.9756) (-1.6993,-0.2521,0.9756) (-1.6982,-0.2792,0.9756) (-1.6844,-0.4792,0.9756) (-1.6791,-0.5408,0.9756) (-1.6535,-0.6891,0.9756) (-1.6334,-0.7442,0.9756) (-1.5737,-0.8444,0.9758) (-1.5108,-0.8963,0.9798) (-1.4126,-0.9438,0.9875) (-1.3174,-0.9635,0.9920) (-1.3005,-0.9654,0.9936) (-1.2495,-0.9706,1.0005) (-1.1603,-0.9770,1.0067) (-1.0575,-0.9787,1.0078) (-1.0118,-0.9788,1.0064) (-0.8493,-0.9788,0.9891) (-0.6940,-0.9788,0.9618) (-0.6075,-0.9789,0.9446) (-0.5117,-0.9768,0.9232) (-0.4761,-0.9730,0.9153) (-0.4387,-0.9675,0.9074) --name=Shell_Crease_079
  · #79  Shell_Crease_079   curve    deg 3  poles 42   integral  length 4.0944  bounds [-1.71 -0.98 0.91]–[-0.44 0.98 1.01]
> tint Shell_Crease_079 0.85 0.10 0.10
> spline (-0.4383,0.9847,0.9088) (-0.6658,0.9840,0.9575) (-0.8728,0.9840,0.9934) (-1.0118,0.9840,1.0070) (-1.1605,0.9826,1.0072) (-1.2506,0.9776,1.0005) (-1.3023,0.9720,0.9936) (-1.3194,0.9700,0.9920) (-1.3846,0.9589,0.9890) (-1.4157,0.9496,0.9875) (-1.5305,0.8915,0.9786) (-1.5682,0.8607,0.9761) (-1.6154,0.7979,0.9756) (-1.6282,0.7739,0.9756) (-1.6682,0.6637,0.9756) (-1.6918,0.4807,0.9756) (-1.6942,0.4511,0.9756) (-1.7046,0.3038,0.9756) (-1.7079,0.2217,0.9756) (-1.7120,-0.0000,0.9756) (-1.7098,-0.1539,0.9756) (-1.7068,-0.2519,0.9756) (-1.6965,-0.4228,0.9756) (-1.6918,-0.4807,0.9756) (-1.6606,-0.6921,0.9756) (-1.6513,-0.7201,0.9756) (-1.6404,-0.7476,0.9756) (-1.6282,-0.7739,0.9756) (-1.5796,-0.8492,0.9758) (-1.5440,-0.8814,0.9775) (-1.5160,-0.9015,0.9798) (-1.4489,-0.9367,0.9853) (-1.4320,-0.9436,0.9865) (-1.3690,-0.9624,0.9897) (-1.2851,-0.9740,0.9956) (-1.2679,-0.9758,0.9980) (-1.2331,-0.9791,1.0027) (-1.1605,-0.9826,1.0072) (-0.9886,-0.9840,1.0057) (-0.8728,-0.9840,0.9934) (-0.7215,-0.9840,0.9679) (-0.4383,-0.9847,0.9088) --name=Shell_Crease_080
  · #80  Shell_Crease_080   curve    deg 3  poles 42   integral  length 4.1160  bounds [-1.71 -0.98 0.91]–[-0.44 0.98 1.01]
> tint Shell_Crease_080 0.85 0.10 0.10
> spline (-1.4486,1.0376,0.9247) (-1.5428,0.9948,0.8807) (-1.5917,0.9650,0.8631) (-1.6343,0.9035,0.8571) (-1.6453,0.8822,0.8570) (-1.6575,0.8585,0.8569) (-1.6707,0.8324,0.8569) (-1.6838,0.8042,0.8569) (-1.7226,0.6742,0.8569) (-1.7284,0.6392,0.8569) (-1.7466,0.4370,0.8569) (-1.7487,0.4079,0.8569) (-1.7554,0.2800,0.8569) (-1.7564,0.2504,0.8569) (-1.7596,0.1114,0.8569) (-1.7607,-0.0000,0.8569) (-1.7487,-0.4079,0.8569) (-1.7444,-0.4678,0.8569) (-1.7395,-0.5340,0.8569) (-1.7226,-0.6742,0.8569) (-1.6960,-0.7741,0.8569) (-1.6838,-0.8043,0.8569) (-1.6453,-0.8822,0.8570) (-1.6343,-0.9035,0.8571) (-1.5917,-0.9650,0.8631) (-1.5615,-0.9852,0.8731) (-1.5428,-0.9948,0.8807) (-1.5217,-1.0049,0.8900) (-1.4486,-1.0376,0.9247) --name=Shell_Crease_081
  · #81  Shell_Crease_081   curve    deg 3  poles 29   integral  length 2.3425  bounds [-1.76 -1.04 0.86]–[-1.45 1.04 0.92]
> tint Shell_Crease_081 0.85 0.10 0.10
> line (-1.4486,1.0376,0.9247) (-1.3952,1.0534,0.9555) --name=Shell_Crease_082
  · #82  Shell_Crease_082   curve    deg 1  poles 2    integral  length 0.0636  bounds [-1.45 1.04 0.92]–[-1.40 1.05 0.96]
> tint Shell_Crease_082 0.85 0.10 0.10
> line (-1.4498,1.0336,0.9269) (-1.3959,1.0538,0.9588) --name=Shell_Crease_083
  · #83  Shell_Crease_083   curve    deg 1  poles 2    integral  length 0.0658  bounds [-1.45 1.03 0.93]–[-1.40 1.05 0.96]
> tint Shell_Crease_083 0.85 0.10 0.10
> spline (-1.4498,1.0336,0.9269) (-1.5431,0.9904,0.8832) (-1.5897,0.9616,0.8657) (-1.6309,0.9022,0.8597) (-1.6539,0.8578,0.8596) (-1.6919,0.7739,0.8596) (-1.7111,0.7087,0.8596) (-1.7397,0.4678,0.8596) (-1.7438,0.4079,0.8596) (-1.7456,0.3810,0.8596) (-1.7502,0.2800,0.8596) (-1.7554,0.0373,0.8596) (-1.7555,-0.0000,0.8596) (-1.7536,-0.1479,0.8596) (-1.7502,-0.2800,0.8596) (-1.7456,-0.3810,0.8596) (-1.7438,-0.4079,0.8596) (-1.7397,-0.4678,0.8596) (-1.7285,-0.6038,0.8596) (-1.7240,-0.6391,0.8596) (-1.7111,-0.7087,0.8596) (-1.6799,-0.8040,0.8596) (-1.6669,-0.8320,0.8596) (-1.6539,-0.8578,0.8596) (-1.6309,-0.9022,0.8597) (-1.5897,-0.9616,0.8657) (-1.5431,-0.9904,0.8832) (-1.4498,-1.0336,0.9269) --name=Shell_Crease_084
  · #84  Shell_Crease_084   curve    deg 3  poles 28   integral  length 2.3282  bounds [-1.76 -1.03 0.86]–[-1.45 1.03 0.93]
> tint Shell_Crease_084 0.85 0.10 0.10
> spline (-1.4049,1.0410,0.9735) (-1.4562,1.0264,0.9750) (-1.4759,1.0193,0.9753) (-1.5968,0.9608,0.9757) (-1.6268,0.9393,0.9757) (-1.6417,0.9265,0.9757) (-1.6570,0.9116,0.9757) (-1.7035,0.8488,0.9757) (-1.7322,0.7926,0.9757) (-1.7628,0.7006,0.9757) (-1.7886,0.5003,0.9757) (-1.8038,0.2798,0.9757) (-1.8062,0.2175,0.9757) (-1.8107,-0.0000,0.9757) (-1.8093,-0.1108,0.9757) (-1.8073,-0.1830,0.9757) (-1.8026,-0.3067,0.9757) (-1.8013,-0.3316,0.9757) (-1.7886,-0.5003,0.9757) (-1.7628,-0.7006,0.9757) (-1.7184,-0.8217,0.9757) (-1.7035,-0.8488,0.9757) (-1.6570,-0.9116,0.9757) (-1.6417,-0.9265,0.9757) (-1.6268,-0.9393,0.9757) (-1.5804,-0.9707,0.9757) (-1.5416,-0.9909,0.9757) (-1.4759,-1.0193,0.9753) (-1.4382,-1.0320,0.9745) (-1.4049,-1.0410,0.9735) --name=Shell_Crease_085
  · #85  Shell_Crease_085   curve    deg 3  poles 30   integral  length 2.4569  bounds [-1.81 -1.04 0.97]–[-1.40 1.04 0.98]
> tint Shell_Crease_085 0.85 0.10 0.10
> spline (-1.3959,1.0538,0.9588) (-1.4960,1.0178,0.9589) (-1.5926,0.9665,0.9589) (-1.6368,0.9315,0.9589) (-1.6926,0.8598,0.9589) (-1.7075,0.8339,0.9589) (-1.7626,0.6743,0.9588) (-1.7760,0.5697,0.9581) (-1.7811,0.5017,0.9577) (-1.7833,0.4691,0.9575) (-1.7909,0.3560,0.9574) (-1.7983,0.1479,0.9577) (-1.7994,0.1114,0.9579) (-1.8013,-0.0000,0.9583) (-1.8003,-0.0745,0.9581) (-1.7983,-0.1479,0.9577) (-1.7922,-0.3316,0.9574) (-1.7875,-0.4086,0.9574) (-1.7811,-0.5017,0.9577) (-1.7787,-0.5354,0.9579) (-1.7552,-0.7087,0.9589) (-1.7219,-0.8053,0.9589) (-1.7075,-0.8339,0.9589) (-1.6926,-0.8598,0.9589) (-1.6502,-0.9177,0.9589) (-1.6368,-0.9315,0.9589) (-1.5926,-0.9665,0.9589) (-1.4960,-1.0178,0.9589) (-1.4426,-1.0388,0.9589) (-1.3959,-1.0538,0.9588) --name=Shell_Crease_086
  · #86  Shell_Crease_086   curve    deg 3  poles 30   integral  length 2.4777  bounds [-1.80 -1.05 0.96]–[-1.40 1.05 0.96]
> tint Shell_Crease_086 0.85 0.10 0.10
> spline (-1.3884,1.0555,0.9519) (-1.3925,1.0551,0.9501) (-1.4376,1.0450,0.9260) (-1.4551,1.0398,0.9171) (-1.5203,1.0171,0.8858) (-1.6094,0.9779,0.8488) (-1.6287,0.9650,0.8427) (-1.6464,0.9497,0.8382) (-1.6930,0.8891,0.8321) (-1.7075,0.8638,0.8315) (-1.7346,0.8067,0.8310) (-1.7649,0.7090,0.8310) (-1.7719,0.6743,0.8310) (-1.7881,0.5340,0.8310) (-1.7948,0.4370,0.8310) (-1.7984,0.3810,0.8310) (-1.7998,0.3559,0.8310) (-1.8070,0.1114,0.8310) (-1.8076,-0.0000,0.8310) (-1.8073,-0.0745,0.8310) (-1.7998,-0.3559,0.8310) (-1.7948,-0.4370,0.8310) (-1.7819,-0.6038,0.8310) (-1.7649,-0.7090,0.8310) (-1.7346,-0.8067,0.8310) (-1.6930,-0.8891,0.8321) (-1.6627,-0.9321,0.8352) (-1.6094,-0.9779,0.8488) (-1.5203,-1.0171,0.8858) (-1.4229,-1.0488,0.9337) (-1.3884,-1.0555,0.9519) --name=Shell_Crease_087
  · #87  Shell_Crease_087   curve    deg 3  poles 31   integral  length 2.5758  bounds [-1.81 -1.06 0.83]–[-1.39 1.06 0.95]
> tint Shell_Crease_087 0.85 0.10 0.10
> line (-1.2472,1.0501,0.9793) (-1.3570,1.0627,0.9531) --name=Shell_Crease_088
  · #88  Shell_Crease_088   curve    deg 1  poles 2    integral  length 0.1136  bounds [-1.36 1.05 0.95]–[-1.25 1.06 0.98]
> tint Shell_Crease_088 0.85 0.10 0.10
> spline (-1.3570,1.0627,0.9531) (-1.3901,1.0602,0.9412) (-1.4200,1.0551,0.9267) (-1.4942,1.0345,0.8899) (-1.5175,1.0264,0.8787) (-1.6102,0.9850,0.8384) (-1.6828,0.9154,0.8199) (-1.6985,0.8921,0.8183) (-1.7422,0.8087,0.8164) (-1.7649,0.7445,0.8161) (-1.7941,0.5703,0.8160) (-1.8036,0.4385,0.8160) (-1.8098,0.3332,0.8160) (-1.8145,0.1851,0.8160) (-1.8157,0.1125,0.8160) (-1.8162,-0.0000,0.8160) (-1.8118,-0.2816,0.8160) (-1.8098,-0.3332,0.8160) (-1.8087,-0.3574,0.8160) (-1.8015,-0.4694,0.8160) (-1.7906,-0.6055,0.8160) (-1.7862,-0.6408,0.8160) (-1.7545,-0.7773,0.8162) (-1.7138,-0.8664,0.8173) (-1.6493,-0.9548,0.8261) (-1.6102,-0.9850,0.8384) (-1.5651,-1.0078,0.8568) (-1.5413,-1.0174,0.8675) (-1.5175,-1.0264,0.8787) (-1.4523,-1.0474,0.9106) (-1.3901,-1.0602,0.9412) (-1.3570,-1.0627,0.9531) --name=Shell_Crease_089
  · #89  Shell_Crease_089   curve    deg 3  poles 32   integral  length 2.6650  bounds [-1.82 -1.06 0.82]–[-1.36 1.06 0.95]
> tint Shell_Crease_089 0.85 0.10 0.10
> spline (-1.3770,1.0539,0.9642) (-1.3928,1.0524,0.9637) (-1.3951,1.0521,0.9637) (-1.4089,1.0486,0.9637) (-1.4194,1.0457,0.9637) (-1.5174,1.0104,0.9639) (-1.5389,1.0006,0.9639) (-1.5597,0.9904,0.9639) (-1.5790,0.9801,0.9639) (-1.5966,0.9696,0.9639) (-1.6719,0.9041,0.9639) (-1.7324,0.8060,0.9639) (-1.7736,0.6743,0.9640) (-1.7954,0.4691,0.9658) (-1.8048,0.3316,0.9660) (-1.8110,0.1114,0.9660) (-1.8114,-0.0000,0.9661) (-1.8099,-0.1836,0.9660) (-1.8034,-0.3560,0.9659) (-1.7904,-0.5353,0.9653) (-1.7662,-0.7087,0.9639) (-1.7177,-0.8350,0.9639) (-1.7022,-0.8614,0.9639) (-1.6719,-0.9041,0.9639) (-1.6284,-0.9473,0.9639) (-1.5966,-0.9696,0.9639) (-1.5389,-1.0006,0.9639) (-1.4419,-1.0391,0.9638) (-1.4089,-1.0486,0.9637) (-1.3973,-1.0516,0.9637) (-1.3770,-1.0539,0.9642) --name=Shell_Crease_090
  · #90  Shell_Crease_090   curve    deg 3  poles 31   integral  length 2.5341  bounds [-1.81 -1.05 0.96]–[-1.38 1.05 0.97]
> tint Shell_Crease_090 0.85 0.10 0.10
> spline (-1.3781,1.0548,0.9556) (-1.3809,1.0557,0.9528) (-1.3940,1.0559,0.9441) (-1.4219,1.0510,0.9298) (-1.4541,1.0428,0.9138) (-1.4961,1.0294,0.8933) (-1.5429,1.0123,0.8715) (-1.6103,0.9812,0.8442) (-1.6303,0.9677,0.8377) (-1.6815,0.9132,0.8272) (-1.7123,0.8645,0.8250) (-1.7633,0.7429,0.8243) (-1.7950,0.5340,0.8243) (-1.8068,0.3559,0.8243) (-1.8141,0.0373,0.8243) (-1.8142,-0.0000,0.8243) (-1.8141,-0.0373,0.8243) (-1.8109,-0.2504,0.8243) (-1.7997,-0.4678,0.8243) (-1.7888,-0.6039,0.8243) (-1.7845,-0.6392,0.8243) (-1.7406,-0.8070,0.8243) (-1.6970,-0.8900,0.8258) (-1.6303,-0.9677,0.8377) (-1.5889,-0.9927,0.8521) (-1.5193,-1.0212,0.8823) (-1.4961,-1.0294,0.8933) (-1.4099,-1.0534,0.9359) (-1.3940,-1.0559,0.9441) (-1.3809,-1.0557,0.9528) (-1.3781,-1.0548,0.9556) --name=Shell_Crease_091
  · #91  Shell_Crease_091   curve    deg 3  poles 31   integral  length 2.6153  bounds [-1.81 -1.06 0.82]–[-1.38 1.06 0.96]
> tint Shell_Crease_091 0.85 0.10 0.10
> spline (-0.6029,1.1573,0.6074) (-0.6042,1.1574,0.6114) (-0.6242,1.1593,0.6571) (-0.6548,1.1581,0.7071) (-0.6932,1.1532,0.7542) (-0.7619,1.1469,0.8191) (-0.8141,1.1436,0.8571) (-0.8642,1.1411,0.8867) (-0.9882,1.1364,0.9270) (-1.1007,1.1354,0.9358) (-1.1211,1.1355,0.9342) (-1.2271,1.1378,0.9083) (-1.3165,1.1408,0.8738) (-1.3958,1.1435,0.8208) (-1.4769,1.1431,0.7340) (-1.5473,1.1329,0.6033) (-1.5744,1.1241,0.4683) (-1.5750,1.1225,0.4426) (-1.5460,1.1119,0.2825) (-1.5161,1.1080,0.2251) (-1.4868,1.1056,0.1885) --name=Shell_Crease_092
  · #92  Shell_Crease_092   curve    deg 3  poles 21   integral  length 1.6658  bounds [-1.58 1.11 0.19]–[-0.60 1.16 0.94]
> tint Shell_Crease_092 0.85 0.10 0.10
> spline (-0.6015,1.1570,0.6030) (-0.5846,1.1544,0.5414) (-0.5790,1.1486,0.3819) (-0.6033,1.1427,0.2731) (-0.6488,1.1357,0.1689) --name=Shell_Crease_093
  · #93  Shell_Crease_093   curve    deg 3  poles 5    integral  length 0.4503  bounds [-0.65 1.14 0.17]–[-0.56 1.16 0.60]
> tint Shell_Crease_093 0.85 0.10 0.10
> spline (-1.5555,0.6768,0.9755) (-1.5834,0.5445,0.9755) (-1.5972,0.3843,0.9755) (-1.6027,0.3009,0.9755) (-1.6094,-0.0000,0.9755) (-1.6016,-0.3214,0.9755) (-1.5863,-0.5163,0.9755) (-1.5754,-0.5992,0.9755) (-1.5555,-0.6768,0.9755) --name=Shell_Crease_094
  · #94  Shell_Crease_094   curve    deg 3  poles 9    integral  length 1.3617  bounds [-1.61 -0.68 0.98]–[-1.56 0.68 0.98]
> tint Shell_Crease_094 0.85 0.10 0.10
> spline (-1.5083,0.7767,0.9755) (-1.4256,0.8459,0.9800) (-1.3377,0.8811,0.9889) --degree=2 --name=Shell_Crease_095
  · #95  Shell_Crease_095   curve    deg 2  poles 3    integral  length 0.2039  bounds [-1.51 0.78 0.98]–[-1.34 0.88 0.99]
> tint Shell_Crease_095 0.85 0.10 0.10
> spline (-1.4397,0.6357,0.9711) (-1.4650,0.5060,0.9685) (-1.4749,0.3798,0.9685) (-1.4864,-0.0000,0.9685) (-1.4749,-0.3798,0.9685) (-1.4650,-0.5060,0.9685) (-1.4397,-0.6357,0.9711) --name=Shell_Crease_096
  · #96  Shell_Crease_096   curve    deg 3  poles 7    integral  length 1.2778  bounds [-1.49 -0.64 0.97]–[-1.44 0.64 0.97]
> tint Shell_Crease_096 0.85 0.10 0.10
> line (-0.7082,-1.1611,0.6886) (-0.6626,-1.1611,0.6091) --name=Shell_Crease_097
  · #97  Shell_Crease_097   curve    deg 1  poles 2    integral  length 0.0916  bounds [-0.71 -1.16 0.61]–[-0.66 -1.16 0.69]
> tint Shell_Crease_097 0.85 0.10 0.10
> line (-0.6626,-1.1611,0.6091) (-0.6029,-1.1573,0.6074) --name=Shell_Crease_098
  · #98  Shell_Crease_098   curve    deg 1  poles 2    integral  length 0.0598  bounds [-0.66 -1.16 0.61]–[-0.60 -1.16 0.61]
> tint Shell_Crease_098 0.85 0.10 0.10
> spline (-0.7222,-1.1611,0.1595) (-0.6402,-1.1611,0.3524) (-0.6365,-1.1611,0.5087) (-0.6504,-1.1611,0.5762) --name=Shell_Crease_099
  · #99  Shell_Crease_099   curve    deg 3  poles 4    integral  length 0.4374  bounds [-0.72 -1.16 0.16]–[-0.61 -1.16 0.58]
> tint Shell_Crease_099 0.85 0.10 0.10
> spline (2.5497,-0.5222,0.5657) (2.4232,-0.7826,0.6184) (2.3267,-0.9448,0.6580) --degree=2 --name=Shell_Crease_100
  · #100 Shell_Crease_100   curve    deg 2  poles 3    integral  length 0.4873  bounds [2.33 -0.94 0.57]–[2.55 -0.52 0.66]
> tint Shell_Crease_100 0.85 0.10 0.10
> line (2.2550,-1.0081,0.6738) (2.3267,-0.9448,0.6580) --name=Shell_Crease_101
  · #101 Shell_Crease_101   curve    deg 1  poles 2    integral  length 0.0969  bounds [2.25 -1.01 0.66]–[2.33 -0.94 0.67]
> tint Shell_Crease_101 0.85 0.10 0.10
> line (2.2550,-1.0081,0.6738) (2.2025,-1.0089,0.7143) --name=Shell_Crease_102
  · #102 Shell_Crease_102   curve    deg 1  poles 2    integral  length 0.0663  bounds [2.20 -1.01 0.67]–[2.25 -1.01 0.71]
> tint Shell_Crease_102 0.85 0.10 0.10
> spline (2.2260,-1.0307,0.6799) (2.2071,-1.0307,0.6994) (2.1709,-1.0307,0.7222) --degree=2 --name=Shell_Crease_103
  · #103 Shell_Crease_103   curve    deg 2  poles 3    integral  length 0.0701  bounds [2.17 -1.03 0.68]–[2.23 -1.03 0.72]
> tint Shell_Crease_103 0.85 0.10 0.10
> line (2.2260,-1.0307,0.6799) (2.1024,-1.1309,0.7057) --name=Shell_Crease_104
  · #104 Shell_Crease_104   curve    deg 1  poles 2    integral  length 0.1612  bounds [2.10 -1.13 0.68]–[2.23 -1.03 0.71]
> tint Shell_Crease_104 0.85 0.10 0.10
> line (2.3250,-0.9448,0.6525) (2.2600,-1.0034,0.6676) --name=Shell_Crease_105
  · #105 Shell_Crease_105   curve    deg 1  poles 2    integral  length 0.0888  bounds [2.26 -1.00 0.65]–[2.33 -0.94 0.67]
> tint Shell_Crease_105 0.85 0.10 0.10
> line (2.1790,-0.9448,0.1752) (2.3009,-0.9448,0.5781) --name=Shell_Crease_106
  · #106 Shell_Crease_106   curve    deg 1  poles 2    integral  length 0.4209  bounds [2.18 -0.94 0.18]–[2.30 -0.94 0.58]
> tint Shell_Crease_106 0.85 0.10 0.10
> line (2.3009,-0.9448,0.5781) (2.3274,-0.8880,0.5636) --name=Shell_Crease_107
  · #107 Shell_Crease_107   curve    deg 1  poles 2    integral  length 0.0643  bounds [2.30 -0.94 0.56]–[2.33 -0.89 0.58]
> tint Shell_Crease_107 0.85 0.10 0.10
> line (2.3009,-0.9448,0.5781) (2.3234,-0.9448,0.6471) --name=Shell_Crease_108
  · #108 Shell_Crease_108   curve    deg 1  poles 2    integral  length 0.0726  bounds [2.30 -0.94 0.58]–[2.32 -0.94 0.65]
> tint Shell_Crease_108 0.85 0.10 0.10
> line (2.3274,-0.8880,0.5636) (2.3579,-0.8223,0.5469) --name=Shell_Crease_109
  · #109 Shell_Crease_109   curve    deg 1  poles 2    integral  length 0.0743  bounds [2.33 -0.89 0.55]–[2.36 -0.82 0.56]
> tint Shell_Crease_109 0.85 0.10 0.10
> line (2.3274,-0.8880,0.5636) (2.3071,-0.8615,0.5615) --name=Shell_Crease_110
  · #110 Shell_Crease_110   curve    deg 1  poles 2    integral  length 0.0334  bounds [2.31 -0.89 0.56]–[2.33 -0.86 0.56]
> tint Shell_Crease_110 0.85 0.10 0.10
> line (2.3071,-0.8615,0.5615) (2.3131,-0.8355,0.5564) --name=Shell_Crease_111
  · #111 Shell_Crease_111   curve    deg 1  poles 2    integral  length 0.0272  bounds [2.31 -0.86 0.56]–[2.31 -0.84 0.56]
> tint Shell_Crease_111 0.85 0.10 0.10
> spline (2.3131,-0.8355,0.5564) (2.3263,-0.8256,0.5526) (2.3579,-0.8223,0.5469) --degree=2 --name=Shell_Crease_112
  · #112 Shell_Crease_112   curve    deg 2  poles 3    integral  length 0.0499  bounds [2.31 -0.84 0.55]–[2.36 -0.82 0.56]
> tint Shell_Crease_112 0.85 0.10 0.10
> spline (-1.4225,-1.1611,0.1547) (-1.4756,-1.1611,0.2480) (-1.5186,-1.1611,0.4071) (-1.3643,-1.1611,0.7739) (-1.2515,-1.1611,0.8410) (-1.1208,-1.1611,0.8774) (-0.9883,-1.1611,0.8704) (-0.8630,-1.1611,0.8258) (-0.7434,-1.1611,0.7293) --name=Shell_Crease_113
  · #113 Shell_Crease_113   curve    deg 3  poles 9    integral  length 1.3760  bounds [-1.56 -1.16 0.15]–[-0.74 -1.16 0.89]
> tint Shell_Crease_113 0.85 0.10 0.10
> spline (0.9838,-1.0656,0.3104) (1.0879,-1.0548,0.2150) (1.1542,-1.0524,0.1640) (1.2370,-1.0771,0.1591) (1.3395,-1.1106,0.1591) (1.3791,-1.1249,0.1665) --name=Shell_Crease_114
  · #114 Shell_Crease_114   curve    deg 3  poles 6    integral  length 0.4665  bounds [0.98 -1.12 0.14]–[1.38 -1.03 0.31]
> tint Shell_Crease_114 0.85 0.10 0.10
> spline (1.3791,-1.1249,0.1665) (1.3824,-1.1301,0.1883) (1.3675,-1.1304,0.2171) (1.3422,-1.1309,0.2714) (1.3127,-1.1312,0.3649) --name=Shell_Crease_115
  · #115 Shell_Crease_115   curve    deg 3  poles 5    integral  length 0.2144  bounds [1.31 -1.14 0.17]–[1.39 -1.12 0.36]
> tint Shell_Crease_115 0.85 0.10 0.10
> spline (1.7396,-0.7164,0.8647) (1.7253,-0.7300,0.8705) (1.6506,-0.7962,0.8947) (1.5986,-0.8299,0.9011) (1.5775,-0.8394,0.9013) (1.5218,-0.8565,0.8991) (1.4856,-0.8642,0.8969) (1.3685,-0.8822,0.8887) (1.3358,-0.8857,0.8864) (1.2116,-0.8926,0.8785) (1.0362,-0.8968,0.8696) (0.9187,-0.8971,0.8672) (0.8357,-0.8972,0.8657) (0.8105,-0.8972,0.8653) (0.7854,-0.8972,0.8650) (0.6099,-0.8972,0.8641) (0.4762,-0.8971,0.8640) (0.3758,-0.8971,0.8643) (0.3190,-0.8971,0.8646) (0.1295,-0.8969,0.8660) --name=Shell_Crease_116
  · #116 Shell_Crease_116   curve    deg 3  poles 20   integral  length 1.6633  bounds [0.13 -0.90 0.86]–[1.74 -0.72 0.90]
> tint Shell_Crease_116 0.85 0.10 0.10
> spline (1.7396,-0.7164,0.8647) (1.9678,-0.6669,0.8073) (2.1362,-0.6304,0.7510) (2.3289,-0.5887,0.6761) (2.4548,-0.5618,0.6168) (2.5035,-0.5453,0.5922) --name=Shell_Crease_117
  · #117 Shell_Crease_117   curve    deg 3  poles 6    integral  length 0.8317  bounds [1.74 -0.72 0.59]–[2.50 -0.55 0.86]
> tint Shell_Crease_117 0.85 0.10 0.10
> spline (2.0756,-1.1380,0.7101) (2.0282,-1.1380,0.7574) (1.9388,-1.1380,0.8170) (1.6548,-1.1380,0.8499) (1.4252,-1.1380,0.7086) (1.3685,-1.1380,0.6221) (1.3434,-1.1380,0.5615) --name=Shell_Crease_118
  · #118 Shell_Crease_118   curve    deg 3  poles 7    integral  length 0.9099  bounds [1.34 -1.14 0.56]–[2.08 -1.14 0.87]
> tint Shell_Crease_118 0.85 0.10 0.10
> spline (0.1295,-0.8969,0.8660) (0.1305,-0.9762,0.8660) (0.1313,-1.0131,0.8717) --degree=2 --name=Shell_Crease_119
  · #119 Shell_Crease_119   curve    deg 2  poles 3    integral  length 0.1168  bounds [0.13 -1.01 0.86]–[0.13 -0.90 0.87]
> tint Shell_Crease_119 0.85 0.10 0.10
> spline (0.1295,-0.8969,0.8660) (-0.3585,-0.8900,0.8895) (-0.5803,-0.8886,0.9191) (-0.8965,-0.8880,0.9842) (-1.2299,-0.8877,1.0013) --name=Shell_Crease_120
  · #120 Shell_Crease_120   curve    deg 3  poles 5    integral  length 1.3707  bounds [-1.23 -0.90 0.87]–[0.13 -0.89 1.03]
> tint Shell_Crease_120 0.85 0.10 0.10
> spline (0.1295,-0.8969,0.8660) (0.1284,-0.8481,0.8755) (0.1133,-0.8128,0.8811) --degree=2 --name=Shell_Crease_121
  · #121 Shell_Crease_121   curve    deg 2  poles 3    integral  length 0.0891  bounds [0.11 -0.90 0.87]–[0.14 -0.81 0.88]
> tint Shell_Crease_121 0.85 0.10 0.10
> spline (1.3127,-1.1312,0.3649) (1.2595,-1.1272,0.3792) (1.2130,-1.1238,0.3919) (1.1530,-1.1199,0.4082) (1.1279,-1.1184,0.4151) (1.0637,-1.1146,0.4326) (0.9960,-1.1105,0.4510) (0.9415,-1.1074,0.4659) (0.8759,-1.1049,0.4838) (0.7856,-1.1051,0.5045) (0.6883,-1.1062,0.5223) (0.5792,-1.1074,0.5388) (0.4271,-1.1088,0.5536) (0.2498,-1.1106,0.5653) (-0.1553,-1.1173,0.5895) (-0.2265,-1.1206,0.5923) (-0.2968,-1.1247,0.5947) (-0.3629,-1.1292,0.5967) (-0.4211,-1.1338,0.5983) (-0.5586,-1.1486,0.6019) (-0.5958,-1.1557,0.6028) (-0.5984,-1.1564,0.6029) (-0.6015,-1.1570,0.6030) --name=Shell_Crease_122
  · #122 Shell_Crease_122   curve    deg 3  poles 23   integral  length 1.9412  bounds [-0.60 -1.16 0.36]–[1.31 -1.10 0.60]
> tint Shell_Crease_122 0.85 0.10 0.10
> line (2.3234,-0.9448,0.6471) (2.1069,-1.1304,0.6997) --name=Shell_Crease_123
  · #123 Shell_Crease_123   curve    deg 1  poles 2    integral  length 0.2900  bounds [2.11 -1.13 0.65]–[2.32 -0.94 0.70]
> tint Shell_Crease_123 0.85 0.10 0.10
> line (2.2600,-1.0034,0.6676) (2.1056,-1.1306,0.7014) --name=Shell_Crease_124
  · #124 Shell_Crease_124   curve    deg 1  poles 2    integral  length 0.2029  bounds [2.11 -1.13 0.67]–[2.26 -1.00 0.70]
> tint Shell_Crease_124 0.85 0.10 0.10
> spline (2.1069,-1.1304,0.6997) (2.1620,-1.1193,0.5989) (2.1925,-1.1105,0.4503) (2.1738,-1.0979,0.3076) (2.1472,-1.0978,0.2392) (2.1142,-1.0815,0.1822) --name=Shell_Crease_125
  · #125 Shell_Crease_125   curve    deg 3  poles 6    integral  length 0.5556  bounds [2.11 -1.13 0.18]–[2.20 -1.08 0.70]
> tint Shell_Crease_125 0.85 0.10 0.10
> spline (0.0103,-0.6815,1.0418) (-0.0323,-0.6757,1.0366) (-0.1480,-0.6586,1.0222) (-0.2102,-0.6472,1.0144) (-0.2768,-0.6330,1.0060) (-0.3171,-0.6241,1.0010) (-0.3610,-0.6145,0.9955) (-0.5514,-0.5727,0.9716) (-0.6667,-0.5474,0.9571) (-0.9191,-0.4920,0.9254) (-1.1008,-0.4522,0.9026) (-1.1603,-0.4391,0.8951) (-1.2139,-0.4273,0.8884) (-1.2301,-0.4238,0.8864) (-1.3900,-0.3900,0.8670) (-1.4370,-0.3820,0.8625) (-1.4739,-0.3765,0.8593) (-1.5095,-0.3713,0.8563) --name=Shell_Crease_126
  · #126 Shell_Crease_126   curve    deg 3  poles 18   integral  length 1.5628  bounds [-1.51 -0.68 0.86]–[0.01 -0.37 1.04]
> tint Shell_Crease_126 0.85 0.10 0.10
> line (0.0103,-0.6815,1.0418) (0.0778,-0.6883,1.0474) --name=Shell_Crease_127
  · #127 Shell_Crease_127   curve    deg 1  poles 2    integral  length 0.0681  bounds [0.01 -0.69 1.04]–[0.08 -0.68 1.05]
> tint Shell_Crease_127 0.85 0.10 0.10
> spline (0.0103,-0.6815,1.0418) (0.0460,-0.7414,0.9768) (0.1133,-0.8128,0.8811) --degree=2 --name=Shell_Crease_128
  · #128 Shell_Crease_128   curve    deg 2  poles 3    integral  length 0.2327  bounds [0.01 -0.81 0.88]–[0.11 -0.68 1.04]
> tint Shell_Crease_128 0.85 0.10 0.10
> spline (0.0103,-0.6815,1.0418) (0.0069,-0.5093,1.1029) (0.0069,-0.3743,1.1249) --degree=2 --name=Shell_Crease_129
  · #129 Shell_Crease_129   curve    deg 2  poles 3    integral  length 0.3200  bounds [0.01 -0.68 1.04]–[0.01 -0.37 1.12]
> tint Shell_Crease_129 0.85 0.10 0.10
> spline (2.5035,-0.5453,0.5922) (2.4514,-0.6380,0.6222) (2.4032,-0.7322,0.6462) --degree=2 --name=Shell_Crease_130
  · #130 Shell_Crease_130   curve    deg 2  poles 3    integral  length 0.2190  bounds [2.40 -0.73 0.59]–[2.50 -0.55 0.65]
> tint Shell_Crease_130 0.85 0.10 0.10
> spline (0.0692,-0.3797,1.1309) (0.0692,-0.5338,1.1044) (0.0704,-0.6282,1.0739) (0.0778,-0.6883,1.0474) --name=Shell_Crease_131
  · #131 Shell_Crease_131   curve    deg 3  poles 4    integral  length 0.3220  bounds [0.06 -0.69 1.05]–[0.08 -0.38 1.13]
> tint Shell_Crease_131 0.85 0.10 0.10
> line (0.0692,-0.3797,1.1309) (0.0069,-0.3743,1.1249) --name=Shell_Crease_132
  · #132 Shell_Crease_132   curve    deg 1  poles 2    integral  length 0.0628  bounds [0.01 -0.38 1.12]–[0.07 -0.37 1.13]
> tint Shell_Crease_132 0.85 0.10 0.10
> line (0.0692,-0.3797,1.1309) (0.0923,-0.3764,1.1337) --name=Shell_Crease_133
  · #133 Shell_Crease_133   curve    deg 1  poles 2    integral  length 0.0235  bounds [0.07 -0.38 1.13]–[0.09 -0.38 1.13]
> tint Shell_Crease_133 0.85 0.10 0.10
> spline (0.0981,-0.3650,1.1352) (0.0934,-0.3589,1.1350) (0.0692,-0.3580,1.1323) --degree=2 --name=Shell_Crease_134
  · #134 Shell_Crease_134   curve    deg 2  poles 3    integral  length 0.0335  bounds [0.07 -0.36 1.13]–[0.10 -0.35 1.14]
> tint Shell_Crease_134 0.85 0.10 0.10
> line (0.0692,-0.3580,1.1323) (0.0069,-0.3530,1.1264) --name=Shell_Crease_135
  · #135 Shell_Crease_135   curve    deg 1  poles 2    integral  length 0.0628  bounds [0.01 -0.36 1.13]–[0.07 -0.35 1.13]
> tint Shell_Crease_135 0.85 0.10 0.10
> spline (2.0960,-1.1123,0.1845) (2.1496,-1.1187,0.2906) (2.1743,-1.1281,0.4514) (2.1336,-1.1373,0.6206) (2.0802,-1.1380,0.7047) --name=Shell_Crease_136
  · #136 Shell_Crease_136   curve    deg 3  poles 5    integral  length 0.5587  bounds [2.08 -1.14 0.18]–[2.20 -1.11 0.70]
> tint Shell_Crease_136 0.85 0.10 0.10
> spline (1.4183,-1.1380,0.1591) (1.3632,-1.1380,0.2666) (1.3310,-1.1380,0.3595) --degree=2 --name=Shell_Crease_137
  · #137 Shell_Crease_137   curve    deg 2  poles 3    integral  length 0.2193  bounds [1.33 -1.14 0.16]–[1.42 -1.14 0.36]
> tint Shell_Crease_137 0.85 0.10 0.10
> line (2.4614,-0.6716,0.6125) (2.5220,-0.5344,0.5798) --name=Shell_Crease_138
  · #138 Shell_Crease_138   curve    deg 1  poles 2    integral  length 0.1535  bounds [2.46 -0.67 0.58]–[2.52 -0.53 0.61]
> tint Shell_Crease_138 0.85 0.10 0.10
> spline (2.2025,-1.0089,0.7143) (2.3072,-0.8979,0.6846) (2.4032,-0.7322,0.6462) --degree=2 --name=Shell_Crease_139
  · #139 Shell_Crease_139   curve    deg 2  poles 3    integral  length 0.3515  bounds [2.20 -1.01 0.65]–[2.40 -0.73 0.71]
> tint Shell_Crease_139 0.85 0.10 0.10
> spline (2.1982,-1.0088,0.7160) (2.3032,-0.8978,0.6861) (2.3985,-0.7341,0.6478) --degree=2 --name=Shell_Crease_140
  · #140 Shell_Crease_140   curve    deg 2  poles 3    integral  length 0.3497  bounds [2.20 -1.01 0.65]–[2.40 -0.73 0.72]
> tint Shell_Crease_140 0.85 0.10 0.10
> spline (2.0518,-1.0327,0.7670) (2.1019,-0.9439,0.7722) (2.2053,-0.8018,0.7414) (2.2703,-0.7562,0.7055) (2.3529,-0.7344,0.6574) --name=Shell_Crease_141
  · #141 Shell_Crease_141   curve    deg 3  poles 5    integral  length 0.4682  bounds [2.05 -1.03 0.66]–[2.35 -0.73 0.78]
> tint Shell_Crease_141 0.85 0.10 0.10
> line (2.0518,-1.0327,0.7670) (2.1240,-1.0290,0.7326) --name=Shell_Crease_142
  · #142 Shell_Crease_142   curve    deg 1  poles 2    integral  length 0.0801  bounds [2.05 -1.03 0.73]–[2.12 -1.03 0.77]
> tint Shell_Crease_142 0.85 0.10 0.10
> spline (2.4032,-0.7322,0.6462) (2.3181,-0.7551,0.7014) (2.2480,-0.8055,0.7422) (2.1219,-0.9872,0.7712) (2.1004,-1.0294,0.7662) --name=Shell_Crease_143
  · #143 Shell_Crease_143   curve    deg 3  poles 5    integral  length 0.4739  bounds [2.10 -1.03 0.65]–[2.40 -0.73 0.78]
> tint Shell_Crease_143 0.85 0.10 0.10
> spline (2.1004,-1.0294,0.7662) (2.1048,-1.0343,0.7613) (2.1303,-1.0333,0.7462) (2.1709,-1.0307,0.7222) --name=Shell_Crease_144
  · #144 Shell_Crease_144   curve    deg 3  poles 4    integral  length 0.0882  bounds [2.10 -1.05 0.72]–[2.17 -1.01 0.77]
> tint Shell_Crease_144 0.85 0.10 0.10
> spline (2.3985,-0.7341,0.6478) (2.3155,-0.7566,0.7017) (2.2471,-0.8060,0.7418) (2.1294,-0.9740,0.7707) (2.1002,-1.0279,0.7658) --name=Shell_Crease_145
  · #145 Shell_Crease_145   curve    deg 3  poles 5    integral  length 0.4668  bounds [2.10 -1.03 0.65]–[2.40 -0.73 0.77]
> tint Shell_Crease_145 0.85 0.10 0.10
> spline (2.1002,-1.0279,0.7658) (2.1034,-1.0325,0.7616) (2.1286,-1.0315,0.7465) (2.1687,-1.0291,0.7233) --name=Shell_Crease_146
  · #146 Shell_Crease_146   curve    deg 3  poles 4    integral  length 0.0869  bounds [2.10 -1.05 0.72]–[2.17 -1.01 0.77]
> tint Shell_Crease_146 0.85 0.10 0.10
> line (2.3985,-0.7341,0.6478) (2.3529,-0.7344,0.6574) --name=Shell_Crease_147
  · #147 Shell_Crease_147   curve    deg 1  poles 2    integral  length 0.0466  bounds [2.35 -0.73 0.65]–[2.40 -0.73 0.66]
> tint Shell_Crease_147 0.85 0.10 0.10
> line (2.1687,-1.0291,0.7233) (2.1240,-1.0290,0.7326) --name=Shell_Crease_148
  · #148 Shell_Crease_148   curve    deg 1  poles 2    integral  length 0.0457  bounds [2.12 -1.03 0.72]–[2.17 -1.03 0.73]
> tint Shell_Crease_148 0.85 0.10 0.10
> spline (2.3529,-0.7344,0.6574) (2.2463,-0.9134,0.6989) (2.1240,-1.0290,0.7326) --degree=2 --name=Shell_Crease_149
  · #149 Shell_Crease_149   curve    deg 2  poles 3    integral  length 0.3852  bounds [2.12 -1.03 0.66]–[2.35 -0.73 0.73]
> tint Shell_Crease_149 0.85 0.10 0.10
> spline (0.1133,-0.8128,0.8811) (-0.1557,-0.7723,0.8669) (-0.3607,-0.7398,0.8555) (-0.4058,-0.7324,0.8544) (-0.5514,-0.7083,0.8517) (-0.6096,-0.6986,0.8506) (-0.7235,-0.6798,0.8485) (-0.8519,-0.6585,0.8461) (-0.8743,-0.6548,0.8457) (-0.9882,-0.6359,0.8436) (-1.0115,-0.6320,0.8431) (-1.0346,-0.6282,0.8427) (-1.0574,-0.6244,0.8423) (-1.0795,-0.6208,0.8419) (-1.2458,-0.5932,0.8395) (-1.2615,-0.5906,0.8398) (-1.2782,-0.5878,0.8405) (-1.3660,-0.5681,0.8464) (-1.3916,-0.5591,0.8474) --name=Shell_Crease_150
  · #150 Shell_Crease_150   curve    deg 3  poles 19   integral  length 1.5279  bounds [-1.39 -0.81 0.84]–[0.11 -0.56 0.88]
> tint Shell_Crease_150 0.85 0.10 0.10
> spline (1.3238,-1.1310,0.5608) (0.7377,-1.1129,0.5682) (0.5288,-1.1124,0.5708) (0.4453,-1.1130,0.5743) (0.3874,-1.1152,0.5838) (0.3289,-1.1215,0.6169) (0.2560,-1.1213,0.7048) (0.1823,-1.0964,0.8057) (0.1528,-1.0687,0.8481) (0.1313,-1.0131,0.8717) --name=Shell_Crease_151
  · #151 Shell_Crease_151   curve    deg 3  poles 10   integral  length 1.3728  bounds [0.13 -1.13 0.56]–[1.32 -1.01 0.87]
> tint Shell_Crease_151 0.85 0.10 0.10
> spline (1.3238,-1.1310,0.5608) (1.3482,-1.1311,0.6220) (1.4104,-1.1312,0.7194) (1.6649,-1.1312,0.8695) (1.9564,-1.1312,0.8279) (2.0579,-1.1312,0.7551) (2.1024,-1.1309,0.7057) --name=Shell_Crease_152
  · #152 Shell_Crease_152   curve    deg 3  poles 7    integral  length 0.9750  bounds [1.32 -1.13 0.56]–[2.10 -1.13 0.89]
> tint Shell_Crease_152 0.85 0.10 0.10
> spline (1.3238,-1.1310,0.5608) (1.3104,-1.1311,0.4732) (1.3096,-1.1312,0.3781) --degree=2 --name=Shell_Crease_153
  · #153 Shell_Crease_153   curve    deg 2  poles 3    integral  length 0.1839  bounds [1.30 -1.13 0.38]–[1.32 -1.13 0.56]
> tint Shell_Crease_153 0.85 0.10 0.10
> spline (1.3254,-1.1310,0.5609) (1.3606,-1.1311,0.6436) (1.4208,-1.1312,0.7292) (1.6654,-1.1312,0.8682) (1.9558,-1.1312,0.8266) (2.0565,-1.1312,0.7545) (2.1003,-1.1309,0.7061) --name=Shell_Crease_154
  · #154 Shell_Crease_154   curve    deg 3  poles 7    integral  length 0.9697  bounds [1.33 -1.13 0.56]–[2.10 -1.13 0.89]
> tint Shell_Crease_154 0.85 0.10 0.10
> spline (1.3254,-1.1310,0.5609) (1.3118,-1.1311,0.4731) (1.3111,-1.1312,0.3777) --degree=2 --name=Shell_Crease_155
  · #155 Shell_Crease_155   curve    deg 2  poles 3    integral  length 0.1844  bounds [1.30 -1.13 0.38]–[1.33 -1.13 0.56]
> tint Shell_Crease_155 0.85 0.10 0.10
> spline (1.3434,-1.1380,0.5615) (1.3286,-1.1380,0.4713) (1.3279,-1.1380,0.3736) --degree=2 --name=Shell_Crease_156
  · #156 Shell_Crease_156   curve    deg 2  poles 3    integral  length 0.1893  bounds [1.32 -1.14 0.37]–[1.34 -1.14 0.56]
> tint Shell_Crease_156 0.85 0.10 0.10
> line (0.1313,-1.0131,0.8717) (0.3777,-1.0324,0.8675) --name=Shell_Crease_157
  · #157 Shell_Crease_157   curve    deg 1  poles 2    integral  length 0.2472  bounds [0.13 -1.03 0.87]–[0.38 -1.01 0.87]
> tint Shell_Crease_157 0.85 0.10 0.10
> spline (0.1313,-1.0131,0.8717) (0.0256,-1.0077,0.8741) (-0.3524,-0.9979,0.8948) (-0.6661,-0.9927,0.9564) (-0.7483,-0.9926,0.9715) (-0.9424,-0.9926,1.0004) (-1.1008,-0.9922,1.0070) (-1.1784,-0.9916,1.0053) (-1.2203,-1.0021,0.9997) --name=Shell_Crease_158
  · #158 Shell_Crease_158   curve    deg 3  poles 9    integral  length 1.3647  bounds [-1.22 -1.01 0.87]–[0.13 -0.98 1.01]
> tint Shell_Crease_158 0.85 0.10 0.10
> line (-0.6609,-1.1611,0.6046) (-0.6015,-1.1570,0.6030) --name=Shell_Crease_159
  · #159 Shell_Crease_159   curve    deg 1  poles 2    integral  length 0.0596  bounds [-0.66 -1.16 0.60]–[-0.60 -1.16 0.60]
> tint Shell_Crease_159 0.85 0.10 0.10
> spline (2.1048,-1.1305,0.7001) (2.1603,-1.1201,0.5993) (2.1911,-1.1113,0.4504) (2.1722,-1.0991,0.3073) (2.1454,-1.0987,0.2387) (2.1127,-1.0834,0.1824) --name=Shell_Crease_160
  · #160 Shell_Crease_160   curve    deg 3  poles 6    integral  length 0.5557  bounds [2.10 -1.13 0.18]–[2.20 -1.08 0.70]
> tint Shell_Crease_160 0.85 0.10 0.10
> spline (0.0069,-0.3743,1.1249) (-0.0344,-0.3708,1.1200) (-0.0746,-0.3673,1.1151) (-0.2416,-0.3530,1.0922) (-0.3176,-0.3464,1.0804) (-0.6382,-0.3189,1.0303) (-0.7515,-0.3090,1.0127) (-0.8743,-0.2980,0.9939) (-0.8966,-0.2959,0.9906) (-0.9191,-0.2937,0.9872) (-0.9419,-0.2914,0.9839) (-0.9650,-0.2891,0.9805) (-0.9882,-0.2867,0.9772) (-1.0795,-0.2768,0.9639) (-1.1789,-0.2660,0.9486) (-1.2615,-0.2570,0.9357) (-1.4525,-0.2364,0.9062) (-1.4821,-0.2340,0.9028) (-1.5095,-0.2332,0.9017) --name=Shell_Crease_161
  · #161 Shell_Crease_161   curve    deg 3  poles 19   integral  length 1.5396  bounds [-1.51 -0.37 0.90]–[0.01 -0.23 1.12]
> tint Shell_Crease_161 0.85 0.10 0.10
> spline (0.0069,-0.3530,1.1264) (-0.2416,-0.3333,1.0937) (-0.3176,-0.3273,1.0818) (-0.5203,-0.3111,1.0502) (-0.6382,-0.3018,1.0318) (-0.7235,-0.2949,1.0185) (-0.7515,-0.2926,1.0142) (-0.8044,-0.2883,1.0061) (-0.8743,-0.2824,0.9954) (-0.8966,-0.2805,0.9921) (-0.9191,-0.2785,0.9888) (-0.9419,-0.2764,0.9854) (-0.9650,-0.2742,0.9821) (-0.9882,-0.2720,0.9787) (-1.0795,-0.2629,0.9655) (-1.2615,-0.2445,0.9373) (-1.4525,-0.2255,0.9079) (-1.4821,-0.2232,0.9044) (-1.5095,-0.2225,0.9033) --name=Shell_Crease_162
  · #162 Shell_Crease_162   curve    deg 3  poles 19   integral  length 1.5387  bounds [-1.51 -0.35 0.90]–[0.01 -0.22 1.13]
> tint Shell_Crease_162 0.85 0.10 0.10
> spline (1.3096,-1.1312,0.3781) (1.2839,-1.1294,0.3848) (1.2589,-1.1277,0.3912) (1.2354,-1.1260,0.3973) (1.1944,-1.1234,0.4080) (1.1540,-1.1211,0.4185) (1.0985,-1.1180,0.4329) (0.9676,-1.1109,0.4669) (0.9190,-1.1085,0.4795) (0.7854,-1.1072,0.5107) (0.6333,-1.1088,0.5364) (0.5791,-1.1094,0.5438) (0.5276,-1.1098,0.5496) (0.4777,-1.1102,0.5542) (0.3724,-1.1112,0.5615) (0.3127,-1.1119,0.5653) (0.2486,-1.1127,0.5694) (0.0474,-1.1149,0.5824) (-0.2273,-1.1225,0.5965) (-0.2975,-1.1263,0.5989) (-0.5597,-1.1491,0.6062) (-0.5971,-1.1560,0.6072) (-0.6029,-1.1573,0.6074) --name=Shell_Crease_163
  · #163 Shell_Crease_163   curve    deg 3  poles 23   integral  length 1.9365  bounds [-0.60 -1.16 0.38]–[1.31 -1.11 0.61]
> tint Shell_Crease_163 0.85 0.10 0.10
> line (-1.4486,-1.0376,0.9247) (-1.3952,-1.0534,0.9555) --name=Shell_Crease_164
  · #164 Shell_Crease_164   curve    deg 1  poles 2    integral  length 0.0636  bounds [-1.45 -1.05 0.92]–[-1.40 -1.04 0.96]
> tint Shell_Crease_164 0.85 0.10 0.10
> line (-1.4498,-1.0336,0.9269) (-1.3959,-1.0538,0.9588) --name=Shell_Crease_165
  · #165 Shell_Crease_165   curve    deg 1  poles 2    integral  length 0.0658  bounds [-1.45 -1.05 0.93]–[-1.40 -1.03 0.96]
> tint Shell_Crease_165 0.85 0.10 0.10
> line (-1.2472,-1.0501,0.9793) (-1.3570,-1.0627,0.9531) --name=Shell_Crease_166
  · #166 Shell_Crease_166   curve    deg 1  poles 2    integral  length 0.1136  bounds [-1.36 -1.06 0.95]–[-1.25 -1.05 0.98]
> tint Shell_Crease_166 0.85 0.10 0.10
> spline (-0.6029,-1.1573,0.6074) (-0.6042,-1.1574,0.6114) (-0.6242,-1.1593,0.6571) (-0.6548,-1.1581,0.7071) (-0.6932,-1.1532,0.7542) (-0.7619,-1.1469,0.8191) (-0.8141,-1.1436,0.8571) (-0.8642,-1.1411,0.8867) (-0.9882,-1.1364,0.9270) (-1.1007,-1.1354,0.9358) (-1.1211,-1.1355,0.9342) (-1.2271,-1.1378,0.9083) (-1.3165,-1.1408,0.8738) (-1.3958,-1.1435,0.8208) (-1.4769,-1.1431,0.7340) (-1.5473,-1.1329,0.6033) (-1.5744,-1.1241,0.4683) (-1.5750,-1.1225,0.4426) (-1.5460,-1.1119,0.2825) (-1.5161,-1.1080,0.2251) (-1.4868,-1.1056,0.1885) --name=Shell_Crease_167
  · #167 Shell_Crease_167   curve    deg 3  poles 21   integral  length 1.6658  bounds [-1.58 -1.16 0.19]–[-0.60 -1.11 0.94]
> tint Shell_Crease_167 0.85 0.10 0.10
> spline (-0.6015,-1.1570,0.6030) (-0.5846,-1.1544,0.5414) (-0.5790,-1.1486,0.3819) (-0.6033,-1.1427,0.2731) (-0.6488,-1.1357,0.1689) --name=Shell_Crease_168
  · #168 Shell_Crease_168   curve    deg 3  poles 5    integral  length 0.4503  bounds [-0.65 -1.16 0.17]–[-0.56 -1.14 0.60]
> tint Shell_Crease_168 0.85 0.10 0.10
> spline (-1.5083,-0.7767,0.9755) (-1.4256,-0.8459,0.9800) (-1.3377,-0.8811,0.9889) --degree=2 --name=Shell_Crease_169
  · #169 Shell_Crease_169   curve    deg 2  poles 3    integral  length 0.2039  bounds [-1.51 -0.88 0.98]–[-1.34 -0.78 0.99]
> tint Shell_Crease_169 0.85 0.10 0.10
> spline (-1.4916,1.0121,0.9174) (-1.4951,1.0117,0.9115) (-1.5076,1.0064,0.9033) (-1.5253,0.9981,0.8942) (-1.5444,0.9885,0.8857) (-1.5899,0.9596,0.8693) (-1.6009,0.9482,0.8667) (-1.6396,0.8804,0.8637) (-1.6906,0.7738,0.8637) (-1.7174,0.6742,0.8637) (-1.7232,0.6391,0.8637) (-1.7277,0.6038,0.8637) (-1.7433,0.4079,0.8637) (-1.7465,0.3559,0.8637) (-1.7550,-0.0000,0.8637) (-1.7450,-0.3810,0.8637) (-1.7433,-0.4079,0.8637) (-1.7391,-0.4678,0.8637) (-1.7013,-0.7420,0.8637) (-1.6783,-0.8038,0.8637) (-1.6396,-0.8804,0.8637) (-1.6196,-0.9192,0.8642) (-1.6009,-0.9482,0.8667) (-1.5444,-0.9885,0.8857) (-1.5076,-1.0064,0.9033) (-1.4951,-1.0117,0.9115) (-1.4916,-1.0121,0.9174) --name=Shell_Crease_170
  · #170 Shell_Crease_170   curve    deg 3  poles 27   integral  length 2.2321  bounds [-1.76 -1.01 0.86]–[-1.49 1.01 0.92]
> tint Shell_Crease_170 0.85 0.10 0.10
> spline (-1.4916,-1.0121,0.9174) (-1.5140,-0.9966,0.9206) (-1.5698,-0.9582,0.9162) (-1.5932,-0.9367,0.9149) (-1.6385,-0.8736,0.9146) (-1.6765,-0.8024,0.9146) (-1.6886,-0.7730,0.9146) (-1.7258,-0.6038,0.9146) (-1.7295,-0.5687,0.9146) (-1.7376,-0.4678,0.9146) (-1.7399,-0.4370,0.9146) (-1.7477,-0.3068,0.9146) (-1.7507,-0.2180,0.9146) (-1.7554,-0.1114,0.9146) (-1.7592,-0.0000,0.9146) (-1.7554,0.1114,0.9146) (-1.7477,0.3068,0.9146) (-1.7399,0.4370,0.9146) (-1.7325,0.5340,0.9146) (-1.7258,0.6038,0.9146) (-1.6992,0.7415,0.9146) (-1.6385,0.8736,0.9146) (-1.5932,0.9367,0.9149) (-1.5828,0.9470,0.9154) (-1.5532,0.9705,0.9176) (-1.5140,0.9966,0.9206) (-1.4916,1.0121,0.9174) --name=Shell_Crease_171
  · #171 Shell_Crease_171   curve    deg 3  poles 27   integral  length 2.1923  bounds [-1.76 -1.01 0.91]–[-1.49 1.01 0.92]
> tint Shell_Crease_171 0.85 0.10 0.10
> spline (-1.5083,0.7767,0.9755) (-1.5175,0.6837,0.8916) (-1.5217,0.6354,0.8525) (-1.5217,0.5861,0.8486) (-1.5198,0.5384,0.8469) (-1.5136,0.4485,0.8410) (-1.5105,0.4039,0.8426) (-1.5095,0.3700,0.8568) (-1.5095,0.2848,0.8853) (-1.5095,0.2275,0.9036) (-1.5095,0.2004,0.9033) (-1.5095,0.1293,0.9033) (-1.5095,-0.1142,0.9033) (-1.5095,-0.1769,0.9033) (-1.5095,-0.2261,0.9037) (-1.5095,-0.2688,0.8909) (-1.5095,-0.3378,0.8673) (-1.5095,-0.3686,0.8572) (-1.5098,-0.3899,0.8461) (-1.5118,-0.4232,0.8408) (-1.5198,-0.5384,0.8469) (-1.5217,-0.5861,0.8486) (-1.5217,-0.6354,0.8525) (-1.5175,-0.6837,0.8916) (-1.5083,-0.7767,0.9755) --name=Shell_Edge_001
  · #172 Shell_Edge_001     curve    deg 3  poles 25   integral  length 1.6829  bounds [-1.52 -0.78 0.84]–[-1.51 0.78 0.98]
> tint Shell_Edge_001 0.15 0.35 1.00
> spline (-1.3913,0.7670,0.9844) (-1.4473,0.6084,0.9698) (-1.4583,0.5570,0.9686) (-1.4620,0.5317,0.9685) (-1.4695,0.4537,0.9685) (-1.4749,0.3798,0.9685) (-1.4778,0.3370,0.9685) (-1.4833,0.2110,0.9685) (-1.4859,0.0784,0.9685) (-1.4863,0.0396,0.9685) (-1.4864,-0.0000,0.9685) (-1.4859,-0.0784,0.9685) (-1.4800,-0.2994,0.9685) (-1.4778,-0.3370,0.9685) (-1.4695,-0.4537,0.9685) (-1.4620,-0.5317,0.9685) (-1.4583,-0.5570,0.9686) (-1.4473,-0.6084,0.9698) (-1.3913,-0.7670,0.9844) --name=Shell_Edge_002
  · #173 Shell_Edge_002     curve    deg 3  poles 19   integral  length 1.5594  bounds [-1.49 -0.77 0.97]–[-1.39 0.77 0.98]
> tint Shell_Edge_002 0.15 0.35 1.00
> spline (1.4132,1.1359,0.1591) (1.4030,1.1318,0.1591) (1.3395,1.1106,0.1591) (1.2847,1.0926,0.1591) (1.1996,1.0649,0.1593) (1.1731,1.0568,0.1602) (1.1542,1.0524,0.1640) (1.1371,1.0512,0.1731) (1.0879,1.0548,0.2150) (1.0184,1.0620,0.2787) (0.9853,1.0655,0.3089) (0.9342,1.0708,0.3540) (0.8249,1.0825,0.4315) (0.6899,1.0885,0.4753) (0.5798,1.0908,0.4982) (0.3766,1.0929,0.5228) (0.1324,1.0937,0.5399) (0.0068,1.0937,0.5461) (-0.0924,1.0926,0.5433) (-0.1495,1.0897,0.5248) (-0.2028,1.0813,0.4674) (-0.2651,1.0698,0.3884) (-0.3263,1.0585,0.3109) (-0.3977,1.0453,0.2205) (-0.4124,1.0437,0.2043) --name=Shell_Edge_003
  · #174 Shell_Edge_003     curve    deg 3  poles 25   integral  length 2.1077  bounds [-0.41 1.04 0.16]–[1.41 1.14 0.55]
> tint Shell_Edge_003 0.15 0.35 1.00
> spline (-0.4124,1.0437,0.2043) (-0.4234,1.0454,0.1981) (-0.4501,1.0552,0.1946) (-0.5009,1.0745,0.1881) (-0.5943,1.1113,0.1760) (-0.6633,1.1407,0.1671) (-0.7048,1.1551,0.1617) (-0.7137,1.1596,0.1669) --name=Shell_Edge_004
  · #175 Shell_Edge_004     curve    deg 3  poles 8    integral  length 0.3300  bounds [-0.71 1.04 0.15]–[-0.41 1.16 0.20]
> tint Shell_Edge_004 0.15 0.35 1.00
> spline (-0.7137,1.1596,0.1669) (-0.7063,1.1611,0.1870) (-0.6911,1.1611,0.2145) (-0.6462,1.1611,0.3246) (-0.6329,1.1611,0.4629) (-0.6489,1.1611,0.5717) (-0.6602,1.1611,0.6027) (-0.6622,1.1611,0.6079) (-0.7245,1.1611,0.7089) (-0.8229,1.1611,0.7982) (-0.8756,1.1611,0.8330) (-0.9046,1.1611,0.8461) (-0.9432,1.1611,0.8592) (-1.0794,1.1611,0.8793) (-1.1871,1.1611,0.8642) (-1.3643,1.1611,0.7739) (-1.4137,1.1611,0.7223) (-1.4267,1.1611,0.7060) (-1.4930,1.1611,0.5870) (-1.5094,1.1611,0.5277) (-1.5189,1.1611,0.4570) (-1.5047,1.1611,0.3276) (-1.4756,1.1611,0.2480) (-1.4238,1.1611,0.1568) --name=Shell_Edge_005
  · #176 Shell_Edge_005     curve    deg 3  poles 24   integral  length 1.9799  bounds [-1.52 1.16 0.16]–[-0.63 1.16 0.89]
> tint Shell_Edge_005 0.15 0.35 1.00
> spline (-1.4238,1.1611,0.1568) (-1.4645,1.1249,0.1768) (-1.4878,1.1048,0.1891) (-1.4899,1.1030,0.1902) (-1.5417,1.0548,0.2180) (-1.5678,1.0223,0.2335) (-1.6028,0.9736,0.2633) (-1.6196,0.9629,0.2860) (-1.6393,0.9508,0.3211) (-1.6734,0.9222,0.3964) (-1.7237,0.8506,0.5065) (-1.7523,0.7513,0.5167) (-1.7696,0.6526,0.5167) (-1.7763,0.5828,0.5167) (-1.7848,0.4222,0.5167) (-1.7958,-0.0000,0.5167) (-1.7890,-0.3216,0.5167) (-1.7819,-0.4821,0.5167) (-1.7734,-0.6178,0.5167) (-1.7647,-0.6869,0.5167) (-1.7588,-0.7200,0.5167) (-1.7523,-0.7513,0.5167) (-1.7237,-0.8506,0.5065) (-1.7059,-0.8845,0.4756) (-1.6848,-0.9108,0.4245) (-1.6734,-0.9222,0.3964) (-1.6393,-0.9508,0.3211) (-1.6290,-0.9576,0.3018) (-1.6028,-0.9736,0.2633) (-1.5678,-1.0223,0.2335) (-1.5417,-1.0548,0.2180) (-1.4899,-1.1030,0.1902) (-1.4377,-1.1479,0.1627) (-1.4266,-1.1578,0.1572) (-1.4238,-1.1611,0.1568) --name=Shell_Edge_006
  · #177 Shell_Edge_006     curve    deg 3  poles 35   integral  length 2.8892  bounds [-1.80 -1.16 0.16]–[-1.42 1.16 0.52]
> tint Shell_Edge_006 0.15 0.35 1.00
> spline (-1.4238,-1.1611,0.1568) (-1.4756,-1.1611,0.2480) (-1.5047,-1.1611,0.3276) (-1.5189,-1.1611,0.4570) (-1.5094,-1.1611,0.5277) (-1.4930,-1.1611,0.5870) (-1.4267,-1.1611,0.7060) (-1.4137,-1.1611,0.7223) (-1.3643,-1.1611,0.7739) (-1.1871,-1.1611,0.8642) (-1.0794,-1.1611,0.8793) (-0.9432,-1.1611,0.8592) (-0.9046,-1.1611,0.8461) (-0.8756,-1.1611,0.8330) (-0.8229,-1.1611,0.7982) (-0.7245,-1.1611,0.7089) (-0.6622,-1.1611,0.6079) (-0.6602,-1.1611,0.6027) (-0.6489,-1.1611,0.5717) (-0.6329,-1.1611,0.4629) (-0.6462,-1.1611,0.3246) (-0.6911,-1.1611,0.2145) (-0.7063,-1.1611,0.1870) (-0.7137,-1.1596,0.1669) --name=Shell_Edge_007
  · #178 Shell_Edge_007     curve    deg 3  poles 24   integral  length 1.9799  bounds [-1.52 -1.16 0.16]–[-0.63 -1.16 0.89]
> tint Shell_Edge_007 0.15 0.35 1.00
> spline (-0.7137,-1.1596,0.1669) (-0.7048,-1.1551,0.1617) (-0.6633,-1.1407,0.1671) (-0.5943,-1.1113,0.1760) (-0.5009,-1.0745,0.1881) (-0.4501,-1.0552,0.1946) (-0.4234,-1.0454,0.1981) (-0.4124,-1.0437,0.2043) --name=Shell_Edge_008
  · #179 Shell_Edge_008     curve    deg 3  poles 8    integral  length 0.3300  bounds [-0.71 -1.16 0.15]–[-0.41 -1.04 0.20]
> tint Shell_Edge_008 0.15 0.35 1.00
> spline (-0.4124,-1.0437,0.2043) (-0.3977,-1.0453,0.2205) (-0.3263,-1.0585,0.3109) (-0.2651,-1.0698,0.3884) (-0.2028,-1.0813,0.4674) (-0.1495,-1.0897,0.5248) (-0.0924,-1.0926,0.5433) (0.0068,-1.0937,0.5461) (0.1324,-1.0937,0.5399) (0.3766,-1.0929,0.5228) (0.5798,-1.0908,0.4982) (0.6899,-1.0885,0.4753) (0.8249,-1.0825,0.4315) (0.9342,-1.0708,0.3540) (0.9853,-1.0655,0.3089) (1.0184,-1.0620,0.2787) (1.0879,-1.0548,0.2150) (1.1371,-1.0512,0.1731) (1.1542,-1.0524,0.1640) (1.1731,-1.0568,0.1602) (1.1996,-1.0649,0.1593) (1.2847,-1.0926,0.1591) (1.3395,-1.1106,0.1591) (1.4030,-1.1318,0.1591) (1.4132,-1.1359,0.1591) --name=Shell_Edge_009
  · #180 Shell_Edge_009     curve    deg 3  poles 25   integral  length 2.1077  bounds [-0.41 -1.14 0.16]–[1.41 -1.04 0.55]
> tint Shell_Edge_009 0.15 0.35 1.00
> spline (1.4132,-1.1359,0.1591) (1.4031,-1.1380,0.1869) (1.3750,-1.1380,0.2410) (1.3532,-1.1380,0.2911) (1.3304,-1.1380,0.3621) (1.3267,-1.1380,0.4281) (1.3431,-1.1380,0.5583) (1.3740,-1.1380,0.6328) (1.4336,-1.1380,0.7183) (1.4814,-1.1380,0.7642) (1.5446,-1.1380,0.8052) (1.6707,-1.1380,0.8531) (1.7224,-1.1380,0.8590) (1.9683,-1.1380,0.8010) (2.0345,-1.1380,0.7519) (2.0619,-1.1380,0.7259) (2.0747,-1.1380,0.7112) (2.1372,-1.1369,0.6126) (2.1594,-1.1330,0.5503) (2.1672,-1.1315,0.5167) (2.1651,-1.1220,0.3456) (2.1191,-1.1147,0.2236) (2.1078,-1.1135,0.2041) (2.0985,-1.1106,0.1868) --name=Shell_Edge_010
  · #181 Shell_Edge_010     curve    deg 3  poles 24   integral  length 1.8929  bounds [1.32 -1.14 0.16]–[2.18 -1.11 0.86]
> tint Shell_Edge_010 0.15 0.35 1.00
> spline (2.0985,-1.1106,0.1868) (2.1433,-1.0192,0.1790) (2.1715,-0.9603,0.1760) (2.1726,-0.9486,0.1760) --name=Shell_Edge_011
  · #182 Shell_Edge_011     curve    deg 3  poles 4    integral  length 0.1814  bounds [2.10 -1.11 0.18]–[2.17 -0.95 0.19]
> tint Shell_Edge_011 0.15 0.35 1.00
> spline (2.1726,-0.9486,0.1760) (2.1251,-0.9428,0.1830) (2.1131,-0.9423,0.1876) (2.1130,-0.9422,0.1963) --name=Shell_Edge_012
  · #183 Shell_Edge_012     curve    deg 3  poles 4    integral  length 0.0808  bounds [2.10 -0.95 0.17]–[2.19 -0.94 0.20]
> tint Shell_Edge_012 0.15 0.35 1.00
> spline (2.1130,-0.9422,0.1963) (2.1743,-0.9430,0.3923) (2.1507,-0.9438,0.5749) --degree=2 --name=Shell_Edge_013
  · #184 Shell_Edge_013     curve    deg 2  poles 3    integral  length 0.3923  bounds [2.11 -0.94 0.20]–[2.21 -0.94 0.57]
> tint Shell_Edge_013 0.15 0.35 1.00
> spline (2.1507,-0.9438,0.5749) (2.1584,-0.9439,0.5818) (2.1864,-0.9441,0.5830) (2.2930,-0.9412,0.5776) --name=Shell_Edge_014
  · #185 Shell_Edge_014     curve    deg 3  poles 4    integral  length 0.1637  bounds [2.15 -0.94 0.51]–[2.29 -0.94 0.62]
> tint Shell_Edge_014 0.15 0.35 1.00
> spline (2.2930,-0.9412,0.5776) (2.3075,-0.9306,0.5745) (2.3243,-0.8900,0.5644) --degree=2 --name=Shell_Edge_015
  · #186 Shell_Edge_015     curve    deg 2  poles 3    integral  length 0.0644  bounds [2.29 -0.94 0.56]–[2.32 -0.89 0.58]
> tint Shell_Edge_015 0.15 0.35 1.00
> spline (2.3243,-0.8900,0.5644) (2.3218,-0.8816,0.5632) (2.3071,-0.8615,0.5615) (2.3131,-0.8355,0.5564) --name=Shell_Edge_016
  · #187 Shell_Edge_016     curve    deg 3  poles 4    integral  length 0.0637  bounds [2.29 -0.89 0.56]–[2.32 -0.84 0.56]
> tint Shell_Edge_016 0.15 0.35 1.00
> spline (2.3131,-0.8355,0.5564) (2.3263,-0.8256,0.5526) (2.3576,-0.8177,0.5461) (2.3670,-0.8029,0.5420) (2.3893,-0.7549,0.5298) (2.4178,-0.6937,0.5142) (2.4536,-0.6121,0.4937) (2.4779,-0.5379,0.4756) (2.4965,-0.4786,0.4609) (2.4810,-0.3343,0.3810) (2.4902,-0.2298,0.3744) (2.4967,-0.1288,0.3744) (2.5005,-0.0000,0.3744) (2.4922,0.2032,0.3744) (2.4880,0.2554,0.3744) (2.4815,0.3166,0.3767) (2.4946,0.4193,0.4294) (2.4942,0.4869,0.4633) (2.4741,0.5497,0.4785) (2.4400,0.6457,0.5020) (2.4178,0.6937,0.5142) (2.3831,0.7682,0.5332) (2.3670,0.8029,0.5420) (2.3576,0.8177,0.5461) (2.3263,0.8256,0.5526) (2.3131,0.8355,0.5564) --name=Shell_Edge_017
  · #188 Shell_Edge_017     curve    deg 3  poles 26   integral  length 1.8622  bounds [2.31 -0.84 0.37]–[2.51 0.84 0.56]
> tint Shell_Edge_017 0.15 0.35 1.00
> spline (2.3131,0.8355,0.5564) (2.3071,0.8615,0.5615) (2.3218,0.8816,0.5632) (2.3243,0.8900,0.5644) --name=Shell_Edge_018
  · #189 Shell_Edge_018     curve    deg 3  poles 4    integral  length 0.0637  bounds [2.29 0.84 0.56]–[2.32 0.89 0.56]
> tint Shell_Edge_018 0.15 0.35 1.00
> line (2.3243,0.8900,0.5644) (2.3075,0.9306,0.5745) --name=Shell_Edge_019
  · #190 Shell_Edge_019     curve    deg 1  poles 2    integral  length 0.0451  bounds [2.31 0.89 0.56]–[2.32 0.93 0.57]
> tint Shell_Edge_019 0.15 0.35 1.00
> spline (2.3075,0.9306,0.5745) (2.2930,0.9412,0.5776) (2.2627,0.9446,0.5797) (2.1864,0.9441,0.5830) (2.1584,0.9439,0.5818) (2.1507,0.9438,0.5749) --name=Shell_Edge_020
  · #191 Shell_Edge_020     curve    deg 3  poles 6    integral  length 0.1650  bounds [2.15 0.93 0.57]–[2.31 0.95 0.59]
> tint Shell_Edge_020 0.15 0.35 1.00
> spline (2.1507,0.9438,0.5749) (2.1743,0.9430,0.3923) (2.1131,0.9423,0.1876) --degree=2 --name=Shell_Edge_021
  · #192 Shell_Edge_021     curve    deg 2  poles 3    integral  length 0.4005  bounds [2.11 0.94 0.19]–[2.21 0.94 0.57]
> tint Shell_Edge_021 0.15 0.35 1.00
> line (2.1131,0.9423,0.1876) (2.1726,0.9486,0.1760) --name=Shell_Edge_022
  · #193 Shell_Edge_022     curve    deg 1  poles 2    integral  length 0.0609  bounds [2.11 0.94 0.18]–[2.17 0.95 0.19]
> tint Shell_Edge_022 0.15 0.35 1.00
> spline (2.1726,0.9486,0.1760) (2.1715,0.9603,0.1760) (2.1433,1.0192,0.1790) (2.0985,1.1106,0.1868) --name=Shell_Edge_023
  · #194 Shell_Edge_023     curve    deg 3  poles 4    integral  length 0.1814  bounds [2.10 0.95 0.18]–[2.17 1.11 0.19]
> tint Shell_Edge_023 0.15 0.35 1.00
> spline (2.0985,1.1106,0.1868) (2.1078,1.1135,0.2041) (2.1191,1.1147,0.2236) (2.1651,1.1220,0.3456) (2.1672,1.1315,0.5167) (2.1594,1.1330,0.5503) (2.1372,1.1369,0.6126) (2.0747,1.1380,0.7112) (2.0619,1.1380,0.7259) (2.0345,1.1380,0.7519) (1.9683,1.1380,0.8010) (1.7224,1.1380,0.8590) (1.6707,1.1380,0.8531) (1.5446,1.1380,0.8052) (1.4814,1.1380,0.7642) (1.4336,1.1380,0.7183) (1.3740,1.1380,0.6328) (1.3431,1.1380,0.5583) (1.3267,1.1380,0.4281) (1.3304,1.1380,0.3621) (1.3532,1.1380,0.2911) (1.3750,1.1380,0.2410) (1.4031,1.1380,0.1869) (1.4132,1.1359,0.1591) --name=Shell_Edge_024
  · #195 Shell_Edge_024     curve    deg 3  poles 24   integral  length 1.8929  bounds [1.32 1.11 0.16]–[2.18 1.14 0.86]
> tint Shell_Edge_024 0.15 0.35 1.00
> spline (1.0217,0.8873,0.7247) (1.1223,0.7970,0.7247) (1.1616,0.7616,0.7247) (1.1776,0.7438,0.7247) (1.1789,0.7226,0.7247) (1.1791,0.6917,0.7247) (1.1791,0.6382,0.7247) (1.1791,0.4698,0.7247) (1.1791,0.3031,0.7247) (1.1791,0.2177,0.7247) (1.1791,-0.0000,0.7247) (1.1791,-0.0505,0.7247) (1.1791,-0.0978,0.7247) (1.1791,-0.3031,0.7247) (1.1791,-0.4698,0.7247) (1.1791,-0.5612,0.7247) (1.1791,-0.6917,0.7247) (1.1789,-0.7226,0.7247) (1.1776,-0.7438,0.7247) (1.1616,-0.7616,0.7247) (1.1223,-0.7970,0.7247) (1.0925,-0.8238,0.7247) (1.0217,-0.8873,0.7247) --name=Front_Cowl_Crease_001
  · #196 Front_Cowl_Crease_001 curve    deg 3  poles 23   integral  length 1.9151  bounds [1.02 -0.89 0.72]–[1.18 0.89 0.72]
> tint Front_Cowl_Crease_001 0.85 0.10 0.10
> spline (1.0775,0.8873,0.7801) (1.1780,0.7970,0.7801) (1.2173,0.7616,0.7801) (1.2334,0.7438,0.7801) (1.2346,0.7226,0.7801) (1.2348,0.6917,0.7801) (1.2349,0.6382,0.7801) (1.2349,0.4698,0.7801) (1.2349,0.3031,0.7801) (1.2349,0.2177,0.7801) (1.2349,-0.0000,0.7801) (1.2349,-0.0505,0.7801) (1.2349,-0.0978,0.7801) (1.2349,-0.3031,0.7801) (1.2349,-0.4698,0.7801) (1.2349,-0.5612,0.7801) (1.2348,-0.6917,0.7801) (1.2346,-0.7226,0.7801) (1.2334,-0.7438,0.7801) (1.2173,-0.7616,0.7801) (1.1780,-0.7970,0.7801) (1.1482,-0.8238,0.7801) (1.0775,-0.8873,0.7801) --name=Front_Cowl_Crease_002
  · #197 Front_Cowl_Crease_002 curve    deg 3  poles 23   integral  length 1.9152  bounds [1.08 -0.89 0.78]–[1.24 0.89 0.78]
> tint Front_Cowl_Crease_002 0.85 0.10 0.10
> spline (1.0283,0.8873,0.7028) (1.1288,0.7970,0.7028) (1.1681,0.7616,0.7028) (1.1842,0.7438,0.7028) (1.1854,0.7226,0.7028) (1.1856,0.6917,0.7028) (1.1857,0.6382,0.7028) (1.1857,0.4698,0.7028) (1.1857,0.3031,0.7028) (1.1857,0.2177,0.7028) (1.1857,-0.0000,0.7028) (1.1857,-0.0505,0.7028) (1.1857,-0.0978,0.7028) (1.1857,-0.3031,0.7028) (1.1857,-0.4698,0.7028) (1.1857,-0.5612,0.7028) (1.1856,-0.6917,0.7028) (1.1854,-0.7226,0.7028) (1.1842,-0.7438,0.7028) (1.1681,-0.7616,0.7028) (1.1288,-0.7970,0.7028) (1.0990,-0.8238,0.7028) (1.0283,-0.8873,0.7028) --name=Front_Cowl_Crease_003
  · #198 Front_Cowl_Crease_003 curve    deg 3  poles 23   integral  length 1.9152  bounds [1.03 -0.89 0.70]–[1.19 0.89 0.70]
> tint Front_Cowl_Crease_003 0.85 0.10 0.10
> spline (1.0209,0.8873,0.7234) (1.0913,0.8873,0.7777) (1.1467,0.8873,0.7844) (1.2160,0.8873,0.7887) (1.2853,0.8873,0.7929) (1.3363,0.8790,0.7961) --name=Front_Cowl_Edge_001
  · #199 Front_Cowl_Edge_001 curve    deg 3  poles 6    integral  length 0.3387  bounds [1.02 0.88 0.72]–[1.34 0.89 0.80]
> tint Front_Cowl_Edge_001 0.15 0.35 1.00
> spline (1.3363,0.8790,0.7961) (1.3511,0.8546,0.7972) (1.3481,0.8238,0.7972) (1.3458,0.7970,0.7972) (1.3441,0.7616,0.7972) (1.3476,0.7375,0.7972) (1.3482,0.6917,0.7972) (1.3482,0.5612,0.7972) (1.3482,0.3031,0.7972) (1.3482,0.1947,0.7972) (1.3482,-0.0000,0.7972) (1.3482,-0.1947,0.7972) (1.3482,-0.3031,0.7972) (1.3482,-0.4698,0.7972) (1.3482,-0.6382,0.7972) (1.3480,-0.7226,0.7972) (1.3476,-0.7375,0.7972) (1.3441,-0.7616,0.7972) (1.3444,-0.7760,0.7972) (1.3481,-0.8238,0.7972) (1.3511,-0.8546,0.7972) (1.3363,-0.8790,0.7961) --name=Front_Cowl_Edge_002
  · #200 Front_Cowl_Edge_002 curve    deg 3  poles 22   integral  length 1.7704  bounds [1.34 -0.88 0.80]–[1.36 0.88 0.80]
> tint Front_Cowl_Edge_002 0.15 0.35 1.00
> spline (1.3363,-0.8790,0.7961) (1.2853,-0.8873,0.7929) (1.2160,-0.8873,0.7887) (1.1467,-0.8873,0.7844) (1.0913,-0.8873,0.7777) (1.0209,-0.8873,0.7234) --name=Front_Cowl_Edge_003
  · #201 Front_Cowl_Edge_003 curve    deg 3  poles 6    integral  length 0.3387  bounds [1.02 -0.89 0.72]–[1.34 -0.88 0.80]
> tint Front_Cowl_Edge_003 0.15 0.35 1.00
> spline (1.0209,-0.8873,0.7234) (1.0263,-0.8873,0.7043) (1.0395,-0.8873,0.6949) (1.0754,-0.8873,0.6698) (1.1225,-0.8873,0.6368) (1.2143,-0.8790,0.5791) (1.3174,-0.7970,0.5709) (1.3407,-0.7760,0.5709) (1.3707,-0.7477,0.5709) (1.3741,-0.6912,0.5709) (1.3742,-0.5558,0.5709) (1.3734,-0.2036,0.5714) --name=Front_Cowl_Edge_004
  · #202 Front_Cowl_Edge_004 curve    deg 3  poles 12   integral  length 1.0206  bounds [1.02 -0.89 0.57]–[1.51 -0.20 0.72]
> tint Front_Cowl_Edge_004 0.15 0.35 1.00
> spline (1.3734,-0.2036,0.5714) (1.2908,-0.1687,0.6292) (1.2754,-0.1571,0.6400) --degree=2 --name=Front_Cowl_Edge_005
  · #203 Front_Cowl_Edge_005 curve    deg 2  poles 3    integral  length 0.1294  bounds [1.28 -0.20 0.57]–[1.37 -0.16 0.64]
> tint Front_Cowl_Edge_005 0.15 0.35 1.00
> spline (1.2754,-0.1571,0.6400) (1.2712,-0.0000,0.6430) (1.2754,0.1571,0.6400) --degree=2 --name=Front_Cowl_Edge_006
  · #204 Front_Cowl_Edge_006 curve    deg 2  poles 3    integral  length 0.3144  bounds [1.27 -0.16 0.64]–[1.28 0.16 0.65]
> tint Front_Cowl_Edge_006 0.15 0.35 1.00
> spline (1.2754,0.1571,0.6400) (1.2908,0.1687,0.6292) (1.3734,0.2036,0.5714) --degree=2 --name=Front_Cowl_Edge_007
  · #205 Front_Cowl_Edge_007 curve    deg 2  poles 3    integral  length 0.1294  bounds [1.28 0.16 0.57]–[1.37 0.20 0.64]
> tint Front_Cowl_Edge_007 0.15 0.35 1.00
> spline (1.3734,0.2036,0.5714) (1.3742,0.5558,0.5709) (1.3741,0.6912,0.5709) (1.3707,0.7477,0.5709) (1.3407,0.7760,0.5709) (1.3174,0.7970,0.5709) (1.2143,0.8790,0.5791) (1.1225,0.8873,0.6368) (1.0754,0.8873,0.6698) (1.0395,0.8873,0.6949) (1.0263,0.8873,0.7043) (1.0209,0.8873,0.7234) --name=Front_Cowl_Edge_008
  · #206 Front_Cowl_Edge_008 curve    deg 3  poles 12   integral  length 1.0206  bounds [1.02 0.20 0.57]–[1.51 0.89 0.72]
> tint Front_Cowl_Edge_008 0.15 0.35 1.00
> spline (1.0411,0.5492,1.0616) (1.0896,0.4879,1.0606) (1.1465,0.3782,1.0609) (1.2202,-0.0000,1.0600) (1.1660,-0.3263,1.0608) (1.1288,-0.4194,1.0608) (1.0411,-0.5492,1.0616) --name=Roof_Glass_Frame_Crease_001
  · #207 Roof_Glass_Frame_Crease_001 curve    deg 3  poles 7    integral  length 1.1793  bounds [1.04 -0.55 1.06]–[1.23 0.55 1.06]
> tint Roof_Glass_Frame_Crease_001 0.85 0.10 0.10
> spline (0.1186,0.6933,1.0468) (0.5514,0.7004,1.0495) (0.7622,0.6865,1.0500) (0.9604,0.6322,1.0496) (1.0370,0.5831,1.0507) --name=Roof_Glass_Frame_Crease_002
  · #208 Roof_Glass_Frame_Crease_002 curve    deg 3  poles 5    integral  length 0.9419  bounds [0.12 0.58 1.05]–[1.04 0.73 1.05]
> tint Roof_Glass_Frame_Crease_002 0.85 0.10 0.10
> spline (0.0970,0.6521,1.0656) (0.5480,0.6595,1.0719) (0.7485,0.6480,1.0717) (0.9282,0.6017,1.0703) (0.9980,0.5557,1.0706) --name=Roof_Glass_Frame_Crease_003
  · #209 Roof_Glass_Frame_Crease_003 curve    deg 3  poles 5    integral  length 0.9224  bounds [0.10 0.56 1.07]–[1.00 0.69 1.07]
> tint Roof_Glass_Frame_Crease_003 0.85 0.10 0.10
> spline (1.0440,0.5091,1.0698) (1.0869,0.4443,1.0696) (1.1225,0.3695,1.0695) (1.1942,-0.0000,1.0672) (1.1225,-0.3695,1.0695) (1.0869,-0.4443,1.0696) (1.0440,-0.5091,1.0698) --name=Roof_Glass_Frame_Crease_004
  · #210 Roof_Glass_Frame_Crease_004 curve    deg 3  poles 7    integral  length 1.0784  bounds [1.04 -0.51 1.07]–[1.21 0.51 1.07]
> tint Roof_Glass_Frame_Crease_004 0.85 0.10 0.10
> line (1.3343,0.7973,0.8136) (1.3863,0.7787,0.8149) --name=Roof_Glass_Frame_Crease_005
  · #211 Roof_Glass_Frame_Crease_005 curve    deg 1  poles 2    integral  length 0.0552  bounds [1.33 0.78 0.81]–[1.39 0.80 0.81]
> tint Roof_Glass_Frame_Crease_005 0.85 0.10 0.10
> spline (1.3863,0.7787,0.8149) (1.3736,0.7546,0.8392) (1.2916,0.7063,0.8991) (1.1883,0.6459,0.9685) (1.0998,0.5564,1.0379) (1.1036,0.5343,1.0433) (1.1217,0.5030,1.0452) (1.1455,0.4691,1.0449) (1.2095,0.3378,1.0444) (1.2317,0.2713,1.0442) (1.2498,0.1998,1.0441) (1.2498,-0.1998,1.0441) (1.2317,-0.2713,1.0442) (1.2095,-0.3378,1.0444) (1.1876,-0.3914,1.0446) (1.1670,-0.4332,1.0447) (1.1455,-0.4691,1.0449) (1.1036,-0.5343,1.0433) (1.1035,-0.5742,1.0301) (1.1227,-0.6010,1.0124) (1.1883,-0.6459,0.9685) (1.2916,-0.7063,0.8991) (1.3736,-0.7546,0.8392) (1.3863,-0.7787,0.8149) --name=Roof_Glass_Frame_Crease_006
  · #212 Roof_Glass_Frame_Crease_006 curve    deg 3  poles 24   integral  length 2.0623  bounds [1.10 -0.78 0.81]–[1.39 0.78 1.05]
> tint Roof_Glass_Frame_Crease_006 0.85 0.10 0.10
> line (1.3863,-0.7787,0.8149) (1.3343,-0.7973,0.8136) --name=Roof_Glass_Frame_Crease_007
  · #213 Roof_Glass_Frame_Crease_007 curve    deg 1  poles 2    integral  length 0.0552  bounds [1.33 -0.80 0.81]–[1.39 -0.78 0.81]
> tint Roof_Glass_Frame_Crease_007 0.85 0.10 0.10
> line (1.3596,0.8104,0.8058) (1.4429,0.7944,0.8073) --name=Roof_Glass_Frame_Crease_008
  · #214 Roof_Glass_Frame_Crease_008 curve    deg 1  poles 2    integral  length 0.0848  bounds [1.36 0.79 0.81]–[1.44 0.81 0.81]
> tint Roof_Glass_Frame_Crease_008 0.85 0.10 0.10
> spline (1.0411,0.5492,1.0616) (1.0896,0.4879,1.0606) (1.1465,0.3782,1.0609) (1.2202,-0.0000,1.0600) (1.1660,-0.3263,1.0608) (1.1288,-0.4194,1.0608) (1.0411,-0.5492,1.0616) --name=Roof_Glass_Frame_Crease_009
  · #215 Roof_Glass_Frame_Crease_009 curve    deg 3  poles 7    integral  length 1.1793  bounds [1.04 -0.55 1.06]–[1.23 0.55 1.06]
> tint Roof_Glass_Frame_Crease_009 0.85 0.10 0.10
> spline (0.1186,-0.6933,1.0468) (0.5514,-0.7004,1.0495) (0.7622,-0.6865,1.0500) (0.9604,-0.6322,1.0496) (1.0370,-0.5831,1.0507) --name=Roof_Glass_Frame_Crease_010
  · #216 Roof_Glass_Frame_Crease_010 curve    deg 3  poles 5    integral  length 0.9419  bounds [0.12 -0.73 1.05]–[1.04 -0.58 1.05]
> tint Roof_Glass_Frame_Crease_010 0.85 0.10 0.10
> spline (0.0970,-0.6521,1.0656) (0.5480,-0.6595,1.0719) (0.7485,-0.6480,1.0717) (0.9282,-0.6017,1.0703) (0.9980,-0.5557,1.0706) --name=Roof_Glass_Frame_Crease_011
  · #217 Roof_Glass_Frame_Crease_011 curve    deg 3  poles 5    integral  length 0.9224  bounds [0.10 -0.69 1.07]–[1.00 -0.56 1.07]
> tint Roof_Glass_Frame_Crease_011 0.85 0.10 0.10
> line (1.3596,-0.8104,0.8058) (1.4429,-0.7944,0.8073) --name=Roof_Glass_Frame_Crease_012
  · #218 Roof_Glass_Frame_Crease_012 curve    deg 1  poles 2    integral  length 0.0848  bounds [1.36 -0.81 0.81]–[1.44 -0.79 0.81]
> tint Roof_Glass_Frame_Crease_012 0.85 0.10 0.10
> line (-0.0806,0.6639,1.0296) (-0.0831,0.6457,1.0380) --name=Roof_Glass_Frame_Edge_001
  · #219 Roof_Glass_Frame_Edge_001 curve    deg 1  poles 2    integral  length 0.0202  bounds [-0.08 0.65 1.03]–[-0.08 0.66 1.04]
> tint Roof_Glass_Frame_Edge_001 0.15 0.35 1.00
> spline (-0.0831,0.6457,1.0380) (0.0152,0.6456,1.0560) (0.1122,0.6526,1.0655) (0.2268,0.6572,1.0689) (0.3890,0.6602,1.0712) (0.5480,0.6595,1.0719) (0.6657,0.6552,1.0719) (0.7485,0.6480,1.0717) (0.8149,0.6380,1.0712) (0.8749,0.6230,1.0706) (0.9282,0.6017,1.0703) (0.9680,0.5783,1.0704) (0.9966,0.5555,1.0706) (1.0210,0.5325,1.0705) (1.0664,0.4766,1.0697) (1.0869,0.4443,1.0696) (1.1050,0.4098,1.0696) (1.1225,0.3695,1.0695) (1.1415,0.3190,1.0690) (1.1608,0.2577,1.0684) (1.1925,0.0624,1.0673) (1.1942,-0.0000,1.0672) (1.1869,-0.1259,1.0676) (1.1766,-0.1915,1.0679) (1.1608,-0.2577,1.0684) (1.1415,-0.3190,1.0690) (1.1050,-0.4098,1.0696) (1.0869,-0.4443,1.0696) (1.0664,-0.4766,1.0697) (1.0210,-0.5325,1.0705) (0.9966,-0.5555,1.0706) (0.9680,-0.5783,1.0704) (0.9282,-0.6017,1.0703) (0.8749,-0.6230,1.0706) (0.7485,-0.6480,1.0717) (0.5480,-0.6595,1.0719) (0.3890,-0.6602,1.0712) (0.2268,-0.6572,1.0689) (0.1122,-0.6526,1.0655) (0.0152,-0.6456,1.0560) (-0.0831,-0.6457,1.0380) --name=Roof_Glass_Frame_Edge_002
  · #220 Roof_Glass_Frame_Edge_002 curve    deg 3  poles 41   integral  length 3.4196  bounds [-0.08 -0.66 1.04]–[1.20 0.66 1.07]
> tint Roof_Glass_Frame_Edge_002 0.15 0.35 1.00
> line (-0.0831,-0.6457,1.0380) (-0.0806,-0.6639,1.0296) --name=Roof_Glass_Frame_Edge_003
  · #221 Roof_Glass_Frame_Edge_003 curve    deg 1  poles 2    integral  length 0.0202  bounds [-0.08 -0.66 1.03]–[-0.08 -0.65 1.04]
> tint Roof_Glass_Frame_Edge_003 0.15 0.35 1.00
> spline (-0.0806,-0.6639,1.0296) (0.0244,-0.6840,1.0381) (0.1267,-0.6935,1.0464) (0.3913,-0.7018,1.0494) (0.6756,-0.6950,1.0497) (0.8987,-0.6573,1.0497) (0.9604,-0.6322,1.0496) (1.0389,-0.6103,1.0360) --name=Roof_Glass_Frame_Edge_004
  · #222 Roof_Glass_Frame_Edge_004 curve    deg 3  poles 8    integral  length 1.1372  bounds [-0.08 -0.70 1.03]–[1.04 -0.61 1.06]
> tint Roof_Glass_Frame_Edge_004 0.15 0.35 1.00
> spline (1.0389,-0.6103,1.0360) (1.0464,-0.5508,1.0586) (1.0896,-0.4879,1.0606) (1.1465,-0.3782,1.0609) (1.2202,-0.0000,1.0600) (1.1465,0.3782,1.0609) (1.0896,0.4879,1.0606) (1.0464,0.5508,1.0586) (1.0389,0.6103,1.0360) --name=Roof_Glass_Frame_Edge_005
  · #223 Roof_Glass_Frame_Edge_005 curve    deg 3  poles 9    integral  length 1.3064  bounds [1.03 -0.61 1.04]–[1.24 0.61 1.07]
> tint Roof_Glass_Frame_Edge_005 0.15 0.35 1.00
> spline (1.0389,0.6103,1.0360) (0.9604,0.6322,1.0496) (0.8987,0.6573,1.0497) (0.6756,0.6950,1.0497) (0.3913,0.7018,1.0494) (0.1267,0.6935,1.0464) (0.0244,0.6840,1.0381) (-0.0806,0.6639,1.0296) --name=Roof_Glass_Frame_Edge_006
  · #224 Roof_Glass_Frame_Edge_006 curve    deg 3  poles 8    integral  length 1.1372  bounds [-0.08 0.61 1.03]–[1.04 0.70 1.06]
> tint Roof_Glass_Frame_Edge_006 0.15 0.35 1.00
> spline (1.4135,-0.7780,0.8133) (1.3736,-0.7546,0.8392) (1.1883,-0.6459,0.9685) (1.1227,-0.6010,1.0124) (1.1035,-0.5742,1.0301) (1.0998,-0.5564,1.0379) (1.1036,-0.5343,1.0433) (1.1217,-0.5030,1.0452) (1.1670,-0.4332,1.0447) (1.1876,-0.3914,1.0446) (1.2095,-0.3378,1.0444) (1.2317,-0.2713,1.0442) (1.2498,-0.1998,1.0441) (1.2679,-0.0641,1.0440) (1.2679,0.0641,1.0440) (1.2317,0.2713,1.0442) (1.2095,0.3378,1.0444) (1.1455,0.4691,1.0449) (1.1217,0.5030,1.0452) (1.0998,0.5564,1.0379) (1.1227,0.6010,1.0124) (1.1883,0.6459,0.9685) (1.2916,0.7063,0.8991) (1.3736,0.7546,0.8392) (1.4135,0.7780,0.8133) --name=Roof_Glass_Frame_Edge_007
  · #225 Roof_Glass_Frame_Edge_007 curve    deg 3  poles 25   integral  length 2.0896  bounds [1.09 -0.78 0.81]–[1.41 0.78 1.05]
> tint Roof_Glass_Frame_Edge_007 0.15 0.35 1.00
> spline (1.4135,0.7780,0.8133) (1.4138,0.7938,0.8076) (1.3741,0.8031,0.8081) (1.3359,0.7977,0.8157) (1.2976,0.7752,0.8440) (1.2185,0.7275,0.9051) (1.1236,0.6703,0.9735) (1.0629,0.6249,1.0196) (1.0421,0.5858,1.0461) (1.0464,0.5508,1.0586) (1.0661,0.5201,1.0609) (1.0896,0.4879,1.0606) (1.1465,0.3782,1.0609) (1.2202,-0.0000,1.0600) (1.2128,-0.1274,1.0602) (1.1860,-0.2629,1.0605) (1.1288,-0.4194,1.0608) (1.1105,-0.4547,1.0606) (1.0896,-0.4879,1.0606) (1.0661,-0.5201,1.0609) (1.0464,-0.5508,1.0586) (1.0421,-0.5858,1.0461) (1.0629,-0.6249,1.0196) (1.1236,-0.6703,0.9735) (1.2185,-0.7275,0.9051) (1.2976,-0.7752,0.8440) (1.3359,-0.7978,0.8157) (1.3741,-0.8031,0.8081) (1.4138,-0.7938,0.8076) --name=Roof_Glass_Frame_Edge_008
  · #226 Roof_Glass_Frame_Edge_008 curve    deg 3  poles 29   integral  length 2.3031  bounds [1.04 -0.81 0.80]–[1.42 0.81 1.06]
> tint Roof_Glass_Frame_Edge_008 0.15 0.35 1.00
> spline (-0.7139,-1.4111,0.1572) (-0.5439,-1.4111,0.1822) (-0.4639,-1.4111,0.1922) (-0.4164,-1.4111,0.1996) (-0.3958,-1.4111,0.2240) (-0.3589,-1.4111,0.2722) (-0.2339,-1.4111,0.4272) (-0.1514,-1.4111,0.5247) (-0.0489,-1.4111,0.5459) (0.3261,-1.4111,0.5222) (0.4761,-1.4111,0.5121) (0.6617,-1.4111,0.4778) (0.8405,-1.4111,0.4215) (0.9936,-1.4111,0.2947) (1.0661,-1.4111,0.2321) (1.1567,-1.4111,0.1578) (1.2511,-1.4111,0.1572) (1.4105,-1.4111,0.1578) --name=View_Side_001
  · #227 View_Side_001      curve    deg 3  poles 18   integral  length 2.4067  bounds [-0.71 -1.41 0.10]–[1.41 -1.41 0.56]
> tint View_Side_001 0.05 0.05 0.05
> spline (1.4105,-1.4111,0.1578) (1.3243,-1.4111,0.3703) (1.3411,-1.4111,0.5622) --degree=2 --name=View_Side_002
  · #228 View_Side_002      curve    deg 2  poles 3    integral  length 0.4257  bounds [1.28 -1.41 0.16]–[1.41 -1.41 0.56]
> tint View_Side_002 0.05 0.05 0.05
> line (1.3411,-1.4111,0.5622) (1.3674,-1.4111,0.5697) --name=View_Side_003
  · #229 View_Side_003      curve    deg 1  poles 2    integral  length 0.0273  bounds [1.34 -1.41 0.56]–[1.37 -1.41 0.57]
> tint View_Side_003 0.05 0.05 0.05
> line (1.3674,-1.4111,0.5697) (1.3499,-1.4111,0.5847) --name=View_Side_004
  · #230 View_Side_004      curve    deg 1  poles 2    integral  length 0.0230  bounds [1.35 -1.41 0.57]–[1.37 -1.41 0.58]
> tint View_Side_004 0.05 0.05 0.05
> spline (1.3499,-1.4111,0.5847) (1.4061,-1.4111,0.6872) (1.4786,-1.4111,0.7597) (1.5218,-1.4111,0.7915) (1.5911,-1.4111,0.7922) (1.7411,-1.4111,0.7922) (1.8311,-1.4111,0.7872) (2.0155,-1.4111,0.7615) (2.1011,-1.4111,0.6672) (2.1736,-1.4111,0.4197) (2.1330,-1.4111,0.2503) (2.0949,-1.4111,0.1847) --name=View_Side_005
  · #231 View_Side_005      curve    deg 3  poles 12   integral  length 1.4149  bounds [1.35 -1.41 0.18]–[2.20 -1.41 0.81]
> tint View_Side_005 0.05 0.05 0.05
> line (2.0949,-1.4111,0.1847) (2.1780,-1.4111,0.1753) --name=View_Side_006
  · #232 View_Side_006      curve    deg 1  poles 2    integral  length 0.0836  bounds [2.09 -1.41 0.18]–[2.18 -1.41 0.18]
> tint View_Side_006 0.05 0.05 0.05
> line (2.1780,-1.4111,0.1753) (2.2986,-1.4111,0.5697) --name=View_Side_007
  · #233 View_Side_007      curve    deg 1  poles 2    integral  length 0.4124  bounds [2.18 -1.41 0.18]–[2.30 -1.41 0.57]
> tint View_Side_007 0.05 0.05 0.05
> spline (2.2986,-1.4111,0.5697) (2.3174,-1.4111,0.5647) (2.3117,-1.4111,0.5528) (2.3505,-1.4111,0.5465) (2.3986,-1.4111,0.5197) (2.4355,-1.4111,0.5015) (2.4961,-1.4111,0.4572) --name=View_Side_008
  · #234 View_Side_008      curve    deg 3  poles 7    integral  length 0.2612  bounds [2.28 -1.41 0.46]–[2.50 -1.41 0.58]
> tint View_Side_008 0.05 0.05 0.05
> spline (2.4961,-1.4111,0.4572) (2.4880,-1.4111,0.4103) (2.4786,-1.4111,0.3847) (2.4861,-1.4111,0.3722) --name=View_Side_009
  · #235 View_Side_009      curve    deg 3  poles 4    integral  length 0.0947  bounds [2.46 -1.41 0.37]–[2.52 -1.41 0.46]
> tint View_Side_009 0.05 0.05 0.05
> spline (2.4861,-1.4111,0.3722) (2.5011,-1.4111,0.3772) (2.5311,-1.4111,0.4372) (2.5661,-1.4111,0.4972) (2.5974,-1.4111,0.5547) --name=View_Side_010
  · #236 View_Side_010      curve    deg 3  poles 5    integral  length 0.2198  bounds [2.49 -1.41 0.37]–[2.60 -1.41 0.55]
> tint View_Side_010 0.05 0.05 0.05
> spline (2.5974,-1.4111,0.5547) (2.4868,-1.4111,0.6128) (2.3568,-1.4111,0.6728) (2.2705,-1.4111,0.7265) (2.1736,-1.4111,0.7747) (2.0055,-1.4111,0.8465) (1.7705,-1.4111,0.9015) (1.6911,-1.4111,0.9072) (1.6218,-1.4111,0.9078) (1.5536,-1.4111,0.9397) (1.4711,-1.4111,0.9722) (1.3155,-1.4111,1.0265) (0.8061,-1.4111,1.1472) (0.4461,-1.4111,1.1572) (0.3068,-1.4111,1.1565) (0.0505,-1.4111,1.1328) (-0.2839,-1.4111,1.0921) (-0.4545,-1.4111,1.0628) (-0.6432,-1.4111,1.0365) (-0.7139,-1.4111,1.0222) (-0.8239,-1.4111,1.0071) (-0.8989,-1.4111,0.9934) (-0.9495,-1.4111,1.0015) (-1.0132,-1.4111,1.0028) (-1.0239,-1.4111,1.0071) (-1.0789,-1.4111,1.0071) (-1.1633,-1.4111,1.0065) (-1.2833,-1.4111,0.9965) (-1.3389,-1.4111,0.9872) (-1.4232,-1.4111,0.9865) (-1.4995,-1.4111,0.9778) (-1.5539,-1.4111,0.9772) (-1.5739,-1.4111,0.9722) (-1.6789,-1.4111,0.9722) (-1.8082,-1.4111,0.9715) --name=View_Side_011
  · #237 View_Side_011      curve    deg 3  poles 35   integral  length 4.5458  bounds [-1.81 -1.41 0.55]–[2.60 -1.41 1.16]
> tint View_Side_011 0.05 0.05 0.05
> spline (-1.8082,-1.4111,0.9715) (-1.7964,-1.4111,0.9497) (-1.7620,-1.4111,0.9140) (-1.7564,-1.4111,0.8647) --name=View_Side_012
  · #238 View_Side_012      curve    deg 3  poles 4    integral  length 0.1269  bounds [-1.81 -1.41 0.86]–[-1.73 -1.41 0.97]
> tint View_Side_012 0.05 0.05 0.05
> spline (-1.7564,-1.4111,0.8647) (-1.7745,-1.4111,0.8478) (-1.8157,-1.4111,0.8240) (-1.8270,-1.4111,0.7753) (-1.8414,-1.4111,0.6397) (-1.8170,-1.4111,0.5490) (-1.7964,-1.4111,0.5147) (-1.7389,-1.4111,0.5121) (-1.7189,-1.4111,0.4972) --name=View_Side_013
  · #239 View_Side_013      curve    deg 3  poles 9    integral  length 0.4802  bounds [-1.85 -1.41 0.49]–[-1.72 -1.41 0.86]
> tint View_Side_013 0.05 0.05 0.05
> spline (-1.7189,-1.4111,0.4972) (-1.6620,-1.4111,0.3640) (-1.6039,-1.4111,0.2571) (-1.4864,-1.4111,0.1847) (-1.4345,-1.4111,0.1578) (-1.4657,-1.4111,0.2203) (-1.4757,-1.4111,0.2403) (-1.5207,-1.4111,0.3803) (-1.5164,-1.4111,0.4897) (-1.4257,-1.4111,0.7090) (-1.3214,-1.4111,0.8047) (-1.2583,-1.4111,0.8365) (-1.1839,-1.4111,0.8372) (-1.0739,-1.4111,0.8372) (-0.9489,-1.4111,0.8422) (-0.8995,-1.4111,0.8415) (-0.8089,-1.4111,0.7822) (-0.7164,-1.4111,0.6947) (-0.6364,-1.4111,0.4997) (-0.6414,-1.4111,0.3647) (-0.6620,-1.4111,0.2753) (-0.6808,-1.4111,0.2390) (-0.7020,-1.4111,0.1953) (-0.7189,-1.4111,0.1671) (-0.7139,-1.4111,0.1572) --name=View_Side_014
  · #240 View_Side_014      curve    deg 3  poles 25   integral  length 2.4428  bounds [-1.72 -1.41 0.13]–[-0.63 -1.41 0.85]
> tint View_Side_014 0.05 0.05 0.05
> spline (2.8520,0.4675,0.1772) (2.8520,0.4650,0.2697) (2.8520,0.4650,0.3447) (2.8520,0.4406,0.4053) (2.8520,0.4075,0.4772) (2.8520,0.2325,0.5121) (2.8520,0.0869,0.4778) (2.8520,-0.0100,0.4547) (2.8520,-0.1381,0.3778) (2.8520,-0.2525,0.3722) (2.8520,-0.4625,0.3722) (2.8520,-0.6925,0.3722) (2.8520,-0.7919,0.3728) (2.8520,-0.9450,0.4547) (2.8520,-1.0969,0.4928) (2.8520,-1.1675,0.5121) (2.8520,-1.2525,0.5121) (2.8520,-1.3025,0.5121) (2.8520,-1.3500,0.4897) (2.8520,-1.3906,0.4103) (2.8520,-1.4194,0.3390) (2.8520,-1.4200,0.2797) (2.8520,-1.4206,0.1753) --name=View_Front_001
  · #241 View_Front_001     curve    deg 3  poles 23   integral  length 2.4828  bounds [2.85 -1.44 0.18]–[2.85 0.49 0.53]
> tint View_Front_001 0.05 0.05 0.05
> spline (2.8520,-1.4206,0.1753) (2.8520,-1.4569,0.1728) (2.8520,-1.5175,0.1772) (2.8520,-1.5375,0.1572) (2.8520,-1.5725,0.1572) (2.8520,-1.6319,0.1578) --name=View_Front_002
  · #242 View_Front_002     curve    deg 3  poles 6    integral  length 0.2303  bounds [2.85 -1.63 0.13]–[2.85 -1.42 0.21]
> tint View_Front_002 0.05 0.05 0.05
> spline (2.8520,-1.6319,0.1578) (2.8520,-1.6350,0.4197) (2.8520,-1.6350,0.6647) (2.8520,-1.6350,0.8147) (2.8520,-1.6244,0.9090) (2.8520,-1.5950,0.9546) (2.8520,-1.5031,0.9928) (2.8520,-1.4625,1.0071) (2.8520,-1.4375,1.0022) (2.8520,-1.3775,1.0022) (2.8520,-1.3269,0.9878) (2.8520,-1.2575,0.9784) --name=View_Front_003
  · #243 View_Front_003     curve    deg 3  poles 12   integral  length 1.1614  bounds [2.85 -1.64 0.16]–[2.85 -1.26 1.02]
> tint View_Front_003 0.05 0.05 0.05
> spline (2.8520,-1.2575,0.9784) (2.8520,-1.1700,1.0547) (2.8520,-1.0831,1.0928) (2.8520,-0.9669,1.1365) (2.8520,-0.8175,1.1522) (2.8520,-0.6625,1.1572) (2.8520,-0.3925,1.1572) (2.8520,-0.1425,1.1522) (2.8520,0.0519,1.1265) (2.8520,0.1531,1.0828) (2.8520,0.2250,1.0496) (2.8520,0.2825,0.9972) (2.8520,0.3031,0.9778) (2.8520,0.3175,0.9822) (2.8520,0.3575,0.9872) (2.8520,0.4275,1.0022) (2.8520,0.6019,0.9765) (2.8520,0.6825,0.8822) (2.8520,0.6850,0.8097) (2.8520,0.6850,0.7046) (2.8520,0.6850,0.4697) (2.8520,0.6850,0.2397) (2.8520,0.6850,0.1797) (2.8520,0.6844,0.1553) (2.8520,0.6625,0.1659) (2.8520,0.6525,0.1572) (2.8520,0.6125,0.1572) (2.8520,0.5781,0.1578) (2.8520,0.5675,0.1772) (2.8520,0.5275,0.1772) (2.8520,0.4675,0.1772) --name=View_Front_004
  · #244 View_Front_004     curve    deg 3  poles 31   integral  length 3.0958  bounds [2.85 -1.26 0.13]–[2.85 0.73 1.16]
> tint View_Front_004 0.05 0.05 0.05
> spline (-2.0889,-1.4247,0.1772) (-2.0889,-1.4222,0.2697) (-2.0889,-1.4222,0.3447) (-2.0889,-1.3978,0.4053) (-2.0889,-1.3647,0.4772) (-2.0889,-1.1897,0.5121) (-2.0889,-1.0441,0.4778) (-2.0889,-0.9472,0.4547) (-2.0889,-0.8191,0.3778) (-2.0889,-0.7047,0.3722) (-2.0889,-0.4947,0.3722) (-2.0889,-0.2647,0.3722) (-2.0889,-0.1653,0.3728) (-2.0889,-0.0122,0.4547) (-2.0889,0.1397,0.4928) (-2.0889,0.2103,0.5121) (-2.0889,0.2953,0.5121) (-2.0889,0.3453,0.5121) (-2.0889,0.3928,0.4897) (-2.0889,0.4334,0.4103) (-2.0889,0.4622,0.3390) (-2.0889,0.4628,0.2797) (-2.0889,0.4634,0.1753) --name=View_Rear_001
  · #245 View_Rear_001      curve    deg 3  poles 23   integral  length 2.4828  bounds [-2.09 -1.45 0.18]–[-2.09 0.49 0.53]
> tint View_Rear_001 0.05 0.05 0.05
> spline (-2.0889,0.4634,0.1753) (-2.0889,0.4997,0.1728) (-2.0889,0.5603,0.1772) (-2.0889,0.5803,0.1572) (-2.0889,0.6153,0.1572) (-2.0889,0.6747,0.1578) --name=View_Rear_002
  · #246 View_Rear_002      curve    deg 3  poles 6    integral  length 0.2303  bounds [-2.09 0.46 0.13]–[-2.09 0.67 0.21]
> tint View_Rear_002 0.05 0.05 0.05
> spline (-2.0889,0.6747,0.1578) (-2.0889,0.6778,0.4197) (-2.0889,0.6778,0.6647) (-2.0889,0.6778,0.8147) (-2.0889,0.6672,0.9090) (-2.0889,0.6378,0.9546) (-2.0889,0.5459,0.9928) (-2.0889,0.5053,1.0071) (-2.0889,0.4803,1.0022) (-2.0889,0.4203,1.0022) (-2.0889,0.3697,0.9878) (-2.0889,0.3003,0.9784) --name=View_Rear_003
  · #247 View_Rear_003      curve    deg 3  poles 12   integral  length 1.1614  bounds [-2.09 0.30 0.16]–[-2.09 0.68 1.02]
> tint View_Rear_003 0.05 0.05 0.05
> spline (-2.0889,0.3003,0.9784) (-2.0889,0.2128,1.0547) (-2.0889,0.1259,1.0928) (-2.0889,0.0097,1.1365) (-2.0889,-0.1397,1.1522) (-2.0889,-0.2947,1.1572) (-2.0889,-0.5647,1.1572) (-2.0889,-0.8147,1.1522) (-2.0889,-1.0091,1.1265) (-2.0889,-1.1103,1.0828) (-2.0889,-1.1822,1.0496) (-2.0889,-1.2397,0.9972) (-2.0889,-1.2603,0.9778) (-2.0889,-1.2747,0.9822) (-2.0889,-1.3147,0.9872) (-2.0889,-1.3847,1.0022) (-2.0889,-1.5591,0.9765) (-2.0889,-1.6397,0.8822) (-2.0889,-1.6422,0.8097) (-2.0889,-1.6422,0.7046) (-2.0889,-1.6422,0.4697) (-2.0889,-1.6422,0.2397) (-2.0889,-1.6422,0.1797) (-2.0889,-1.6416,0.1553) (-2.0889,-1.6197,0.1659) (-2.0889,-1.6097,0.1572) (-2.0889,-1.5697,0.1572) (-2.0889,-1.5353,0.1578) (-2.0889,-1.5247,0.1772) (-2.0889,-1.4847,0.1772) (-2.0889,-1.4247,0.1772) --name=View_Rear_004
  · #248 View_Rear_004      curve    deg 3  poles 31   integral  length 3.0958  bounds [-2.09 -1.69 0.13]–[-2.09 0.30 1.16]
> tint View_Rear_004 0.05 0.05 0.05
> polyline (-1.8389,-1.4111,-0.0954) (2.8520,-1.4111,-0.0954) (2.8520,1.1611,-0.0954) (-1.8389,1.1611,-0.0954) --closed --name=Frame_Ground
  · #249 Frame_Ground       curve    deg 1  poles 5    integral closed  length 14.5262  bounds [-1.84 -1.41 -0.10]–[2.85 1.16 -0.10]
> tint Frame_Ground 0.45 0.45 0.50
── /home/user/Slate/Frontier/Projects/Project-Drive/Content/Vehicles/Liger/Liger_Body_Curves.arc: 515 line(s), 0 refusal(s)
  · opened /home/user/Slate/Frontier/Projects/Project-Drive/Content/Vehicles/Liger/Liger_Body_Curves.arc  ·  249 figure(s)  ·  499 command(s)

Exit: 0

$ /home/user/Slate/_AgentScratch/build/SolidArcIntegration/SolidArc --proofs /home/user/Slate/_AgentScratch/build/SolidArcIntegration/renders -c open "/home/user/Slate/Frontier/Projects/Project-Drive/Content/Vehicles/Liger/Liger_Body_Panels.arc"
> open /home/user/Slate/Frontier/Projects/Project-Drive/Content/Vehicles/Liger/Liger_Body_Panels.arc
── script /home/user/Slate/Frontier/Projects/Project-Drive/Content/Vehicles/Liger/Liger_Body_Panels.arc
> reset
  · scene reset (empty, workplane xy)
> spline (-1.5170,1.0035,0.9666) (-1.5170,0.9567,0.9790) (-1.5170,0.9036,0.9797) (-1.5170,0.8505,0.9771) (-1.5170,0.7973,0.9757) (-1.5170,0.7442,0.9758) (-1.5170,0.6910,0.9751) (-1.5170,0.6379,0.9733) (-1.5170,0.5848,0.9721) (-1.5170,0.5316,0.9716) (-1.5170,0.4784,0.9713) (-1.5170,0.4253,0.9711) (-1.5170,0.3721,0.9709) (-1.5170,0.3190,0.9707) (-1.5170,0.2658,0.9705) (-1.5170,0.2126,0.9704) (-1.5170,0.1595,0.9703) (-1.5170,0.1063,0.9703) (-1.5170,0.0532,0.9702) (-1.5170,0.0000,0.9702) --name=R_P01_Centre_End_x-152_s01
  · #1   R_P01_Centre_End_x-152_s01 curve    deg 3  poles 20   integral  length 1.0055  bounds [-1.52 0.00 0.97]–[-1.52 1.00 0.98]
> spline (-1.4558,1.0291,0.9674) (-1.4558,0.9746,0.9820) (-1.4558,0.9172,0.9837) (-1.4558,0.8597,0.9798) (-1.4558,0.8021,0.9797) (-1.4558,0.7525,0.9594) (-1.4558,0.7123,0.9181) (-1.4558,0.6720,0.8769) (-1.4558,0.6237,0.8485) (-1.4558,0.5661,0.8483) (-1.4558,0.5085,0.8456) (-1.4558,0.4509,0.8433) (-1.4558,0.3946,0.8524) (-1.4558,0.3411,0.8737) (-1.4558,0.2859,0.8905) (-1.4558,0.2305,0.9058) (-1.4558,0.1729,0.9074) (-1.4558,0.1153,0.9074) (-1.4558,0.0576,0.9074) (-1.4558,0.0000,0.9074) --name=R_P01_Centre_End_x-152_s02
  · #2   R_P01_Centre_End_x-152_s02 curve    deg 3  poles 20   integral  length 1.0894  bounds [-1.46 0.00 0.84]–[-1.46 1.03 0.99]
> spline (-1.3946,1.0419,0.9739) (-1.3946,0.9843,0.9851) (-1.3946,0.9259,0.9867) (-1.3946,0.8675,0.9830) (-1.3946,0.8091,0.9842) (-1.3946,0.7554,0.9693) (-1.3946,0.7185,0.9238) (-1.3946,0.6799,0.8797) (-1.3946,0.6330,0.8478) (-1.3946,0.5744,0.8476) (-1.3946,0.5158,0.8464) (-1.3946,0.4571,0.8464) (-1.3946,0.4006,0.8592) (-1.3946,0.3466,0.8817) (-1.3946,0.2911,0.9006) (-1.3946,0.2345,0.9156) (-1.3946,0.1759,0.9166) (-1.3946,0.1173,0.9166) (-1.3946,0.0586,0.9166) (-1.3946,0.0000,0.9166) --name=R_P01_Centre_End_x-152_s03
  · #3   R_P01_Centre_End_x-152_s03 curve    deg 3  poles 20   integral  length 1.1104  bounds [-1.39 0.00 0.84]–[-1.39 1.04 0.99]
> loft R_P01_Centre_End_x-152_s01 R_P01_Centre_End_x-152_s02 R_P01_Centre_End_x-152_s03 --sheet --name=R_P01_Centre_End_x-152
  · loft R_P01_Centre_End_x-152_s01 (open → sheet) R_P01_Centre_End_x-152_s02 (open → sheet) R_P01_Centre_End_x-152_s03 (open → sheet)
  · #4   R_P01_Centre_End_x-152 surface  deg 3x2  poles 52x3  integral  bounds [-1.52 0.00 0.80]–[-1.39 1.04 0.99]
  ·   ↳ loft of R_P01_Centre_End_x-152_s01 R_P01_Centre_End_x-152_s02 R_P01_Centre_End_x-152_s03  degree 3
> delete R_P01_Centre_End_x-152_s01 R_P01_Centre_End_x-152_s02 R_P01_Centre_End_x-152_s03
  · deleted 3 figure(s)
> tint R_P01_Centre_End_x-152 0.80 0.82 0.86
> spline (-1.5170,1.1611,0.4820) (-1.5170,1.1545,0.5487) (-1.5170,1.1460,0.6151) (-1.5170,1.1363,0.6813) (-1.5170,1.1224,0.7468) (-1.5170,1.0974,0.8084) (-1.5170,1.0501,0.8556) (-1.5170,1.0026,0.9027) (-1.5170,1.0035,0.9666) --name=R_P02_Leg_x-151_s01
  · #5   R_P02_Leg_x-151_s01 curve    deg 3  poles 9    integral  length 0.5360  bounds [-1.52 0.98 0.48]–[-1.52 1.16 0.97]
> spline (-1.4558,1.1611,0.6641) (-1.4558,1.1536,0.7069) (-1.4558,1.1460,0.7496) (-1.4558,1.1375,0.7922) (-1.4558,1.1227,0.8329) (-1.4558,1.0938,0.8652) (-1.4558,1.0616,0.8943) (-1.4558,1.0344,0.9275) (-1.4558,1.0291,0.9674) --name=R_P02_Leg_x-151_s02
  · #6   R_P02_Leg_x-151_s02 curve    deg 3  poles 9    integral  length 0.3449  bounds [-1.46 1.02 0.66]–[-1.46 1.16 0.97]
> loft R_P02_Leg_x-151_s01 R_P02_Leg_x-151_s02 --sheet --name=R_P02_Leg_x-151
  · loft R_P02_Leg_x-151_s01 (open → sheet) R_P02_Leg_x-151_s02 (open → sheet)
  · #7   R_P02_Leg_x-151    surface  deg 3x1  poles 14x2  integral  bounds [-1.52 0.98 0.48]–[-1.46 1.16 0.97]
  ·   ↳ loft of R_P02_Leg_x-151_s01 R_P02_Leg_x-151_s02  degree 3
> delete R_P02_Leg_x-151_s01 R_P02_Leg_x-151_s02
  · deleted 2 figure(s)
> tint R_P02_Leg_x-151 0.80 0.82 0.86
> spline (-1.3886,0.2431,0.9158) (-1.3886,0.1947,0.9175) (-1.3886,0.1460,0.9175) (-1.3886,0.0974,0.9175) (-1.3886,0.0487,0.9175) (-1.3886,0.0000,0.9175) --name=R_P03_Centre_RearLedgeInner_x-139_s01
  · #8   R_P03_Centre_RearLedgeInner_x-139_s01 curve    deg 3  poles 6    integral  length 0.2431  bounds [-1.39 0.00 0.92]–[-1.39 0.24 0.92]
> spline (-1.3107,0.2516,0.9280) (-1.3107,0.2015,0.9296) (-1.3107,0.1511,0.9296) (-1.3107,0.1008,0.9296) (-1.3107,0.0504,0.9296) (-1.3107,0.0000,0.9296) --name=R_P03_Centre_RearLedgeInner_x-139_s02
  · #9   R_P03_Centre_RearLedgeInner_x-139_s02 curve    deg 3  poles 6    integral  length 0.2516  bounds [-1.31 0.00 0.93]–[-1.31 0.25 0.93]
> spline (-1.2329,0.2601,0.9401) (-1.2329,0.2083,0.9418) (-1.2329,0.1562,0.9418) (-1.2329,0.1042,0.9418) (-1.2329,0.0521,0.9418) (-1.2329,0.0000,0.9418) --name=R_P03_Centre_RearLedgeInner_x-139_s03
  · #10  R_P03_Centre_RearLedgeInner_x-139_s03 curve    deg 3  poles 6    integral  length 0.2601  bounds [-1.23 0.00 0.94]–[-1.23 0.26 0.94]
> loft R_P03_Centre_RearLedgeInner_x-139_s01 R_P03_Centre_RearLedgeInner_x-139_s02 R_P03_Centre_RearLedgeInner_x-139_s03 --sheet --name=R_P03_Centre_RearLedgeInner_x-139
  · loft R_P03_Centre_RearLedgeInner_x-139_s01 (open → sheet) R_P03_Centre_RearLedgeInner_x-139_s02 (open → sheet) R_P03_Centre_RearLedgeInner_x-139_s03 (open → sheet)
  · #11  R_P03_Centre_RearLedgeInner_x-139 surface  deg 3x2  poles 10x3  integral  bounds [-1.39 0.00 0.92]–[-1.23 0.26 0.94]
  ·   ↳ loft of R_P03_Centre_RearLedgeInner_x-139_s01 R_P03_Centre_RearLedgeInner_x-139_s02 R_P03_Centre_RearLedgeInner_x-139_s03  degree 3
> delete R_P03_Centre_RearLedgeInner_x-139_s01 R_P03_Centre_RearLedgeInner_x-139_s02 R_P03_Centre_RearLedgeInner_x-139_s03
  · deleted 3 figure(s)
> tint R_P03_Centre_RearLedgeInner_x-139 0.80 0.82 0.86
> spline (-1.3886,0.3902,0.8671) (-1.3886,0.3537,0.8802) (-1.3886,0.3171,0.8930) (-1.3886,0.2804,0.9053) (-1.3886,0.2431,0.9158) --name=R_P04_RearLedgeInner_RearLedgeOuter_x-139_s01
  · #12  R_P04_RearLedgeInner_RearLedgeOuter_x-139_s01 curve    deg 3  poles 5    integral  length 0.1550  bounds [-1.39 0.24 0.87]–[-1.39 0.39 0.92]
> spline (-1.3107,0.4061,0.8762) (-1.3107,0.3679,0.8904) (-1.3107,0.3296,0.9046) (-1.3107,0.2910,0.9175) (-1.3107,0.2516,0.9280) --name=R_P04_RearLedgeInner_RearLedgeOuter_x-139_s02
  · #13  R_P04_RearLedgeInner_RearLedgeOuter_x-139_s02 curve    deg 3  poles 5    integral  length 0.1631  bounds [-1.31 0.25 0.88]–[-1.31 0.41 0.93]
> spline (-1.2329,0.4232,0.8860) (-1.2329,0.3829,0.9011) (-1.2329,0.3426,0.9162) (-1.2329,0.3018,0.9295) (-1.2329,0.2601,0.9401) --name=R_P04_RearLedgeInner_RearLedgeOuter_x-139_s03
  · #14  R_P04_RearLedgeInner_RearLedgeOuter_x-139_s03 curve    deg 3  poles 5    integral  length 0.1720  bounds [-1.23 0.26 0.89]–[-1.23 0.42 0.94]
> loft R_P04_RearLedgeInner_RearLedgeOuter_x-139_s01 R_P04_RearLedgeInner_RearLedgeOuter_x-139_s02 R_P04_RearLedgeInner_RearLedgeOuter_x-139_s03 --sheet --name=R_P04_RearLedgeInner_RearLedgeOuter_x-139
  · loft R_P04_RearLedgeInner_RearLedgeOuter_x-139_s01 (open → sheet) R_P04_RearLedgeInner_RearLedgeOuter_x-139_s02 (open → sheet) R_P04_RearLedgeInner_RearLedgeOuter_x-139_s03 (open → sheet)
  · #15  R_P04_RearLedgeInner_RearLedgeOuter_x-139 surface  deg 3x2  poles 7x3  integral  bounds [-1.39 0.24 0.87]–[-1.23 0.42 0.94]
  ·   ↳ loft of R_P04_RearLedgeInner_RearLedgeOuter_x-139_s01 R_P04_RearLedgeInner_RearLedgeOuter_x-139_s02 R_P04_RearLedgeInner_RearLedgeOuter_x-139_s03  degree 3
> delete R_P04_RearLedgeInner_RearLedgeOuter_x-139_s01 R_P04_RearLedgeInner_RearLedgeOuter_x-139_s02 R_P04_RearLedgeInner_RearLedgeOuter_x-139_s03
  · deleted 3 figure(s)
> tint R_P04_RearLedgeInner_RearLedgeOuter_x-139 0.80 0.82 0.86
> spline (-1.3886,0.5602,0.8473) (-1.3886,0.5166,0.8464) (-1.3886,0.4730,0.8462) (-1.3886,0.4296,0.8497) (-1.3886,0.3902,0.8671) --name=R_P05_RearLedgeOuter_RearDeckInner_x-139_s01
  · #16  R_P05_RearLedgeOuter_RearDeckInner_x-139_s01 curve    deg 3  poles 5    integral  length 0.1743  bounds [-1.39 0.39 0.84]–[-1.39 0.56 0.87]
> spline (-1.3107,0.5823,0.8427) (-1.3107,0.5368,0.8452) (-1.3107,0.4914,0.8488) (-1.3107,0.4465,0.8562) (-1.3107,0.4061,0.8762) --name=R_P05_RearLedgeOuter_RearDeckInner_x-139_s02
  · #17  R_P05_RearLedgeOuter_RearDeckInner_x-139_s02 curve    deg 3  poles 5    integral  length 0.1821  bounds [-1.31 0.41 0.84]–[-1.31 0.58 0.88]
> spline (-1.2329,0.5953,0.8394) (-1.2329,0.5507,0.8459) (-1.2329,0.5061,0.8533) (-1.2329,0.4624,0.8642) (-1.2329,0.4232,0.8860) --name=R_P05_RearLedgeOuter_RearDeckInner_x-139_s03
  · #18  R_P05_RearLedgeOuter_RearDeckInner_x-139_s03 curve    deg 3  poles 5    integral  length 0.1805  bounds [-1.23 0.42 0.84]–[-1.23 0.60 0.89]
> loft R_P05_RearLedgeOuter_RearDeckInner_x-139_s01 R_P05_RearLedgeOuter_RearDeckInner_x-139_s02 R_P05_RearLedgeOuter_RearDeckInner_x-139_s03 --sheet --name=R_P05_RearLedgeOuter_RearDeckInner_x-139
  · loft R_P05_RearLedgeOuter_RearDeckInner_x-139_s01 (open → sheet) R_P05_RearLedgeOuter_RearDeckInner_x-139_s02 (open → sheet) R_P05_RearLedgeOuter_RearDeckInner_x-139_s03 (open → sheet)
  · #19  R_P05_RearLedgeOuter_RearDeckInner_x-139 surface  deg 3x2  poles 7x3  integral  bounds [-1.39 0.39 0.84]–[-1.23 0.60 0.89]
  ·   ↳ loft of R_P05_RearLedgeOuter_RearDeckInner_x-139_s01 R_P05_RearLedgeOuter_RearDeckInner_x-139_s02 R_P05_RearLedgeOuter_RearDeckInner_x-139_s03  degree 3
> delete R_P05_RearLedgeOuter_RearDeckInner_x-139_s01 R_P05_RearLedgeOuter_RearDeckInner_x-139_s02 R_P05_RearLedgeOuter_RearDeckInner_x-139_s03
  · deleted 3 figure(s)
> tint R_P05_RearLedgeOuter_RearDeckInner_x-139 0.80 0.82 0.86
> spline (-1.3886,1.0423,0.9742) (-1.3886,0.9889,0.9847) (-1.3886,0.9348,0.9876) (-1.3886,0.8805,0.9832) (-1.3886,0.8265,0.9860) (-1.3886,0.7724,0.9820) (-1.3886,0.7361,0.9444) (-1.3886,0.7009,0.9029) (-1.3886,0.6644,0.8624) (-1.3886,0.6147,0.8475) (-1.3886,0.5602,0.8473) --name=R_P06_RearDeckInner_End_x-139_s01
  · #20  R_P06_RearDeckInner_End_x-139_s01 curve    deg 3  poles 11   integral  length 0.5412  bounds [-1.39 0.56 0.84]–[-1.39 1.04 0.99]
> spline (-1.3107,1.0580,0.9658) (-1.3107,1.0099,0.9866) (-1.3107,0.9565,0.9927) (-1.3107,0.9025,0.9930) (-1.3107,0.8488,0.9902) (-1.3107,0.7959,0.9800) (-1.3107,0.7519,0.9512) (-1.3107,0.7163,0.9108) (-1.3107,0.6808,0.8702) (-1.3107,0.6362,0.8441) (-1.3107,0.5823,0.8427) --name=R_P06_RearDeckInner_End_x-139_s02
  · #21  R_P06_RearDeckInner_End_x-139_s02 curve    deg 3  poles 11   integral  length 0.5360  bounds [-1.31 0.58 0.83]–[-1.31 1.06 0.99]
> spline (-1.2329,1.0753,0.9656) (-1.2329,1.0265,0.9900) (-1.2329,0.9739,1.0027) (-1.2329,0.9192,1.0023) (-1.2329,0.8653,0.9956) (-1.2329,0.8140,0.9771) (-1.2329,0.7665,0.9513) (-1.2329,0.7295,0.9112) (-1.2329,0.6930,0.8705) (-1.2329,0.6500,0.8399) (-1.2329,0.5953,0.8394) --name=R_P06_RearDeckInner_End_x-139_s03
  · #22  R_P06_RearDeckInner_End_x-139_s03 curve    deg 3  poles 11   integral  length 0.5456  bounds [-1.23 0.60 0.82]–[-1.23 1.08 1.01]
> loft R_P06_RearDeckInner_End_x-139_s01 R_P06_RearDeckInner_End_x-139_s02 R_P06_RearDeckInner_End_x-139_s03 --sheet --name=R_P06_RearDeckInner_End_x-139
  · loft R_P06_RearDeckInner_End_x-139_s01 (open → sheet) R_P06_RearDeckInner_End_x-139_s02 (open → sheet) R_P06_RearDeckInner_End_x-139_s03 (open → sheet)
  · #23  R_P06_RearDeckInner_End_x-139 surface  deg 3x2  poles 25x3  integral  bounds [-1.39 0.56 0.82]–[-1.23 1.08 1.00]
  ·   ↳ loft of R_P06_RearDeckInner_End_x-139_s01 R_P06_RearDeckInner_End_x-139_s02 R_P06_RearDeckInner_End_x-139_s03  degree 3
> delete R_P06_RearDeckInner_End_x-139_s01 R_P06_RearDeckInner_End_x-139_s02 R_P06_RearDeckInner_End_x-139_s03
  · deleted 3 figure(s)
> tint R_P06_RearDeckInner_End_x-139 0.80 0.82 0.86
> spline (-1.3107,1.1611,0.8127) (-1.3107,1.1467,0.8582) (-1.3107,1.1287,0.9022) (-1.3107,1.0948,0.9354) (-1.3107,1.0580,0.9658) --name=R_P07_Leg_x-131_s01
  · #24  R_P07_Leg_x-131_s01 curve    deg 3  poles 5    integral  length 0.1910  bounds [-1.31 1.06 0.81]–[-1.31 1.16 0.97]
> spline (-1.2329,1.1611,0.8481) (-1.2329,1.1473,0.8831) (-1.2329,1.1324,0.9177) (-1.2329,1.1064,0.9445) (-1.2329,1.0753,0.9656) --name=R_P07_Leg_x-131_s02
  · #25  R_P07_Leg_x-131_s02 curve    deg 3  poles 5    integral  length 0.1506  bounds [-1.23 1.08 0.85]–[-1.23 1.16 0.97]
> loft R_P07_Leg_x-131_s01 R_P07_Leg_x-131_s02 --sheet --name=R_P07_Leg_x-131
  · loft R_P07_Leg_x-131_s01 (open → sheet) R_P07_Leg_x-131_s02 (open → sheet)
  · #26  R_P07_Leg_x-131    surface  deg 3x1  poles 6x2  integral  bounds [-1.31 1.06 0.81]–[-1.23 1.16 0.97]
  ·   ↳ loft of R_P07_Leg_x-131_s01 R_P07_Leg_x-131_s02  degree 3
> delete R_P07_Leg_x-131_s01 R_P07_Leg_x-131_s02
  · deleted 2 figure(s)
> tint R_P07_Leg_x-131 0.80 0.82 0.86
> spline (-1.2269,0.2607,0.9411) (-1.2269,0.2175,0.9427) (-1.2269,0.1740,0.9427) (-1.2269,0.1305,0.9427) (-1.2269,0.0870,0.9427) (-1.2269,0.0435,0.9427) (-1.2269,0.0000,0.9427) --name=R_P08_Centre_RearLedgeInner_x-122_s01
  · #27  R_P08_Centre_RearLedgeInner_x-122_s01 curve    deg 3  poles 7    integral  length 0.2607  bounds [-1.23 0.00 0.94]–[-1.23 0.26 0.94]
> spline (-1.1578,0.2683,0.9519) (-1.1578,0.2238,0.9535) (-1.1578,0.1790,0.9535) (-1.1578,0.1343,0.9535) (-1.1578,0.0895,0.9535) (-1.1578,0.0448,0.9535) (-1.1578,0.0000,0.9535) --name=R_P08_Centre_RearLedgeInner_x-122_s02
  · #28  R_P08_Centre_RearLedgeInner_x-122_s02 curve    deg 3  poles 7    integral  length 0.2683  bounds [-1.16 0.00 0.95]–[-1.16 0.27 0.95]
> spline (-1.0886,0.2758,0.9625) (-1.0886,0.2301,0.9643) (-1.0886,0.1841,0.9644) (-1.0886,0.1381,0.9645) (-1.0886,0.0920,0.9645) (-1.0886,0.0460,0.9645) (-1.0886,0.0000,0.9645) --name=R_P08_Centre_RearLedgeInner_x-122_s03
  · #29  R_P08_Centre_RearLedgeInner_x-122_s03 curve    deg 3  poles 7    integral  length 0.2758  bounds [-1.09 0.00 0.96]–[-1.09 0.28 0.96]
> spline (-1.0194,0.2834,0.9726) (-1.0194,0.2363,0.9748) (-1.0194,0.1891,0.9754) (-1.0194,0.1418,0.9758) (-1.0194,0.0945,0.9761) (-1.0194,0.0473,0.9761) (-1.0194,0.0000,0.9761) --name=R_P08_Centre_RearLedgeInner_x-122_s04
  · #30  R_P08_Centre_RearLedgeInner_x-122_s04 curve    deg 3  poles 7    integral  length 0.2835  bounds [-1.02 0.00 0.97]–[-1.02 0.28 0.98]
> spline (-0.9503,0.2906,0.9827) (-0.9503,0.2423,0.9853) (-0.9503,0.1939,0.9865) (-0.9503,0.1454,0.9873) (-0.9503,0.0969,0.9878) (-0.9503,0.0485,0.9878) (-0.9503,0.0000,0.9878) --name=R_P08_Centre_RearLedgeInner_x-122_s05
  · #31  R_P08_Centre_RearLedgeInner_x-122_s05 curve    deg 3  poles 7    integral  length 0.2907  bounds [-0.95 0.00 0.98]–[-0.95 0.29 0.99]
> spline (-0.8811,0.2974,0.9929) (-0.8811,0.2479,0.9959) (-0.8811,0.1984,0.9975) (-0.8811,0.1488,0.9985) (-0.8811,0.0992,0.9992) (-0.8811,0.0496,0.9993) (-0.8811,0.0000,0.9992) --name=R_P08_Centre_RearLedgeInner_x-122_s06
  · #32  R_P08_Centre_RearLedgeInner_x-122_s06 curve    deg 3  poles 7    integral  length 0.2975  bounds [-0.88 0.00 0.99]–[-0.88 0.30 1.00]
> spline (-0.8120,0.3036,1.0034) (-0.8120,0.2532,1.0066) (-0.8120,0.2026,1.0083) (-0.8120,0.1519,1.0095) (-0.8120,0.1013,1.0102) (-0.8120,0.0506,1.0104) (-0.8120,0.0000,1.0103) --name=R_P08_Centre_RearLedgeInner_x-122_s07
  · #33  R_P08_Centre_RearLedgeInner_x-122_s07 curve    deg 3  poles 7    integral  length 0.3038  bounds [-0.81 0.00 1.00]–[-0.81 0.30 1.01]
> spline (-0.7428,0.3098,1.0141) (-0.7428,0.2583,1.0173) (-0.7428,0.2066,1.0191) (-0.7428,0.1550,1.0204) (-0.7428,0.1033,1.0212) (-0.7428,0.0517,1.0213) (-0.7428,0.0000,1.0212) --name=R_P08_Centre_RearLedgeInner_x-122_s08
  · #34  R_P08_Centre_RearLedgeInner_x-122_s08 curve    deg 3  poles 7    integral  length 0.3100  bounds [-0.74 0.00 1.01]–[-0.74 0.31 1.02]
> spline (-0.6737,0.3158,1.0248) (-0.6737,0.2633,1.0281) (-0.6737,0.2107,1.0299) (-0.6737,0.1580,1.0312) (-0.6737,0.1053,1.0321) (-0.6737,0.0527,1.0322) (-0.6737,0.0000,1.0321) --name=R_P08_Centre_RearLedgeInner_x-122_s09
  · #35  R_P08_Centre_RearLedgeInner_x-122_s09 curve    deg 3  poles 7    integral  length 0.3160  bounds [-0.67 0.00 1.02]–[-0.67 0.32 1.03]
> spline (-0.6045,0.3218,1.0356) (-0.6045,0.2683,1.0388) (-0.6045,0.2146,1.0407) (-0.6045,0.1610,1.0420) (-0.6045,0.1073,1.0429) (-0.6045,0.0537,1.0431) (-0.6045,0.0000,1.0429) --name=R_P08_Centre_RearLedgeInner_x-122_s10
  · #36  R_P08_Centre_RearLedgeInner_x-122_s10 curve    deg 3  poles 7    integral  length 0.3220  bounds [-0.60 0.00 1.04]–[-0.60 0.32 1.04]
> loft R_P08_Centre_RearLedgeInner_x-122_s01 R_P08_Centre_RearLedgeInner_x-122_s02 R_P08_Centre_RearLedgeInner_x-122_s03 R_P08_Centre_RearLedgeInner_x-122_s04 R_P08_Centre_RearLedgeInner_x-122_s05 R_P08_Centre_RearLedgeInner_x-122_s06 R_P08_Centre_RearLedgeInner_x-122_s07 R_P08_Centre_RearLedgeInner_x-122_s08 R_P08_Centre_RearLedgeInner_x-122_s09 R_P08_Centre_RearLedgeInner_x-122_s10 --sheet --name=R_P08_Centre_RearLedgeInner_x-122
  · loft R_P08_Centre_RearLedgeInner_x-122_s01 (open → sheet) R_P08_Centre_RearLedgeInner_x-122_s02 (open → sheet) R_P08_Centre_RearLedgeInner_x-122_s03 (open → sheet) R_P08_Centre_RearLedgeInner_x-122_s04 (open → sheet) R_P08_Centre_RearLedgeInner_x-122_s05 (open → sheet) R_P08_Centre_RearLedgeInner_x-122_s06 (open → sheet) R_P08_Centre_RearLedgeInner_x-122_s07 (open → sheet) R_P08_Centre_RearLedgeInner_x-122_s08 (open → sheet) R_P08_Centre_RearLedgeInner_x-122_s09 (open → sheet) R_P08_Centre_RearLedgeInner_x-122_s10 (open → sheet)
  · #37  R_P08_Centre_RearLedgeInner_x-122 surface  deg 3x3  poles 34x10  integral  bounds [-1.23 0.00 0.94]–[-0.60 0.32 1.04]
  ·   ↳ loft of R_P08_Centre_RearLedgeInner_x-122_s01 R_P08_Centre_RearLedgeInner_x-122_s02 R_P08_Centre_RearLedgeInner_x-122_s03 R_P08_Centre_RearLedgeInner_x-122_s04 R_P08_Centre_RearLedgeInner_x-122_s05 R_P08_Centre_RearLedgeInner_x-122_s06 R_P08_Centre_RearLedgeInner_x-122_s07 R_P08_Centre_RearLedgeInner_x-122_s08 R_P08_Centre_RearLedgeInner_x-122_s09 R_P08_Centre_RearLedgeInner_x-122_s10  degree 3
> delete R_P08_Centre_RearLedgeInner_x-122_s01 R_P08_Centre_RearLedgeInner_x-122_s02 R_P08_Centre_RearLedgeInner_x-122_s03 R_P08_Centre_RearLedgeInner_x-122_s04 R_P08_Centre_RearLedgeInner_x-122_s05 R_P08_Centre_RearLedgeInner_x-122_s06 R_P08_Centre_RearLedgeInner_x-122_s07 R_P08_Centre_RearLedgeInner_x-122_s08 R_P08_Centre_RearLedgeInner_x-122_s09 R_P08_Centre_RearLedgeInner_x-122_s10
  · deleted 10 figure(s)
> tint R_P08_Centre_RearLedgeInner_x-122 0.80 0.82 0.86
> spline (-1.2269,0.4245,0.8868) (-1.2269,0.3921,0.8988) (-1.2269,0.3598,0.9111) (-1.2269,0.3273,0.9228) (-1.2269,0.2943,0.9328) (-1.2269,0.2607,0.9411) --name=R_P09_RearLedgeInner_RearLedgeOuter_x-122_s01
  · #38  R_P09_RearLedgeInner_RearLedgeOuter_x-122_s01 curve    deg 3  poles 6    integral  length 0.1728  bounds [-1.23 0.26 0.89]–[-1.23 0.42 0.94]
> spline (-1.1578,0.4397,0.8954) (-1.1578,0.4058,0.9081) (-1.1578,0.3721,0.9212) (-1.1578,0.3381,0.9334) (-1.1578,0.3035,0.9435) (-1.1578,0.2683,0.9519) --name=R_P09_RearLedgeInner_RearLedgeOuter_x-122_s02
  · #39  R_P09_RearLedgeInner_RearLedgeOuter_x-122_s02 curve    deg 3  poles 6    integral  length 0.1807  bounds [-1.16 0.27 0.90]–[-1.16 0.44 0.95]
> spline (-1.0886,0.4548,0.9041) (-1.0886,0.4195,0.9175) (-1.0886,0.3844,0.9312) (-1.0886,0.3489,0.9440) (-1.0886,0.3127,0.9543) (-1.0886,0.2758,0.9625) --name=R_P09_RearLedgeInner_RearLedgeOuter_x-122_s03
  · #40  R_P09_RearLedgeInner_RearLedgeOuter_x-122_s03 curve    deg 3  poles 6    integral  length 0.1886  bounds [-1.09 0.28 0.90]–[-1.09 0.45 0.96]
> spline (-1.0194,0.4700,0.9128) (-1.0194,0.4333,0.9267) (-1.0194,0.3967,0.9412) (-1.0194,0.3598,0.9546) (-1.0194,0.3219,0.9649) (-1.0194,0.2834,0.9726) --name=R_P09_RearLedgeInner_RearLedgeOuter_x-122_s04
  · #41  R_P09_RearLedgeInner_RearLedgeOuter_x-122_s04 curve    deg 3  poles 6    integral  length 0.1964  bounds [-1.02 0.28 0.91]–[-1.02 0.47 0.97]
> spline (-0.9503,0.4852,0.9215) (-0.9503,0.4469,0.9360) (-0.9503,0.4089,0.9511) (-0.9503,0.3704,0.9651) (-0.9503,0.3309,0.9755) (-0.9503,0.2906,0.9827) --name=R_P09_RearLedgeInner_RearLedgeOuter_x-122_s05
  · #42  R_P09_RearLedgeInner_RearLedgeOuter_x-122_s05 curve    deg 3  poles 6    integral  length 0.2046  bounds [-0.95 0.29 0.92]–[-0.95 0.49 0.98]
> spline (-0.8811,0.5004,0.9302) (-0.8811,0.4605,0.9453) (-0.8811,0.4208,0.9610) (-0.8811,0.3808,0.9756) (-0.8811,0.3395,0.9861) (-0.8811,0.2974,0.9929) --name=R_P09_RearLedgeInner_RearLedgeOuter_x-122_s06
  · #43  R_P09_RearLedgeInner_RearLedgeOuter_x-122_s06 curve    deg 3  poles 6    integral  length 0.2132  bounds [-0.88 0.30 0.93]–[-0.88 0.50 0.99]
> spline (-0.8120,0.5155,0.9389) (-0.8120,0.4739,0.9546) (-0.8120,0.4326,0.9710) (-0.8120,0.3907,0.9860) (-0.8120,0.3476,0.9968) (-0.8120,0.3036,1.0034) --name=R_P09_RearLedgeInner_RearLedgeOuter_x-122_s07
  · #44  R_P09_RearLedgeInner_RearLedgeOuter_x-122_s07 curve    deg 3  poles 6    integral  length 0.2224  bounds [-0.81 0.30 0.94]–[-0.81 0.52 1.00]
> spline (-0.7428,0.5307,0.9475) (-0.7428,0.4874,0.9640) (-0.7428,0.4443,0.9810) (-0.7428,0.4006,0.9964) (-0.7428,0.3556,1.0074) (-0.7428,0.3098,1.0141) --name=R_P09_RearLedgeInner_RearLedgeOuter_x-122_s08
  · #45  R_P09_RearLedgeInner_RearLedgeOuter_x-122_s08 curve    deg 3  poles 6    integral  length 0.2317  bounds [-0.74 0.31 0.95]–[-0.74 0.53 1.01]
> spline (-0.6737,0.5459,0.9562) (-0.6737,0.5008,0.9734) (-0.6737,0.4559,0.9909) (-0.6737,0.4104,1.0068) (-0.6737,0.3636,1.0181) (-0.6737,0.3158,1.0248) --name=R_P09_RearLedgeInner_RearLedgeOuter_x-122_s09
  · #46  R_P09_RearLedgeInner_RearLedgeOuter_x-122_s09 curve    deg 3  poles 6    integral  length 0.2411  bounds [-0.67 0.32 0.96]–[-0.67 0.55 1.02]
> spline (-0.6045,0.5611,0.9649) (-0.6045,0.5143,0.9829) (-0.6045,0.4676,1.0010) (-0.6045,0.4202,1.0172) (-0.6045,0.3714,1.0288) (-0.6045,0.3218,1.0356) --name=R_P09_RearLedgeInner_RearLedgeOuter_x-122_s10
  · #47  R_P09_RearLedgeInner_RearLedgeOuter_x-122_s10 curve    deg 3  poles 6    integral  length 0.2506  bounds [-0.60 0.32 0.96]–[-0.60 0.56 1.04]
> loft R_P09_RearLedgeInner_RearLedgeOuter_x-122_s01 R_P09_RearLedgeInner_RearLedgeOuter_x-122_s02 R_P09_RearLedgeInner_RearLedgeOuter_x-122_s03 R_P09_RearLedgeInner_RearLedgeOuter_x-122_s04 R_P09_RearLedgeInner_RearLedgeOuter_x-122_s05 R_P09_RearLedgeInner_RearLedgeOuter_x-122_s06 R_P09_RearLedgeInner_RearLedgeOuter_x-122_s07 R_P09_RearLedgeInner_RearLedgeOuter_x-122_s08 R_P09_RearLedgeInner_RearLedgeOuter_x-122_s09 R_P09_RearLedgeInner_RearLedgeOuter_x-122_s10 --sheet --name=R_P09_RearLedgeInner_RearLedgeOuter_x-122
  · loft R_P09_RearLedgeInner_RearLedgeOuter_x-122_s01 (open → sheet) R_P09_RearLedgeInner_RearLedgeOuter_x-122_s02 (open → sheet) R_P09_RearLedgeInner_RearLedgeOuter_x-122_s03 (open → sheet) R_P09_RearLedgeInner_RearLedgeOuter_x-122_s04 (open → sheet) R_P09_RearLedgeInner_RearLedgeOuter_x-122_s05 (open → sheet) R_P09_RearLedgeInner_RearLedgeOuter_x-122_s06 (open → sheet) R_P09_RearLedgeInner_RearLedgeOuter_x-122_s07 (open → sheet) R_P09_RearLedgeInner_RearLedgeOuter_x-122_s08 (open → sheet) R_P09_RearLedgeInner_RearLedgeOuter_x-122_s09 (open → sheet) R_P09_RearLedgeInner_RearLedgeOuter_x-122_s10 (open → sheet)
  · #48  R_P09_RearLedgeInner_RearLedgeOuter_x-122 surface  deg 3x3  poles 24x10  integral  bounds [-1.23 0.26 0.89]–[-0.60 0.56 1.04]
  ·   ↳ loft of R_P09_RearLedgeInner_RearLedgeOuter_x-122_s01 R_P09_RearLedgeInner_RearLedgeOuter_x-122_s02 R_P09_RearLedgeInner_RearLedgeOuter_x-122_s03 R_P09_RearLedgeInner_RearLedgeOuter_x-122_s04 R_P09_RearLedgeInner_RearLedgeOuter_x-122_s05 R_P09_RearLedgeInner_RearLedgeOuter_x-122_s06 R_P09_RearLedgeInner_RearLedgeOuter_x-122_s07 R_P09_RearLedgeInner_RearLedgeOuter_x-122_s08 R_P09_RearLedgeInner_RearLedgeOuter_x-122_s09 R_P09_RearLedgeInner_RearLedgeOuter_x-122_s10  degree 3
> delete R_P09_RearLedgeInner_RearLedgeOuter_x-122_s01 R_P09_RearLedgeInner_RearLedgeOuter_x-122_s02 R_P09_RearLedgeInner_RearLedgeOuter_x-122_s03 R_P09_RearLedgeInner_RearLedgeOuter_x-122_s04 R_P09_RearLedgeInner_RearLedgeOuter_x-122_s05 R_P09_RearLedgeInner_RearLedgeOuter_x-122_s06 R_P09_RearLedgeInner_RearLedgeOuter_x-122_s07 R_P09_RearLedgeInner_RearLedgeOuter_x-122_s08 R_P09_RearLedgeInner_RearLedgeOuter_x-122_s09 R_P09_RearLedgeInner_RearLedgeOuter_x-122_s10
  · deleted 10 figure(s)
> tint R_P09_RearLedgeInner_RearLedgeOuter_x-122 0.80 0.82 0.86
> spline (-1.2269,0.5963,0.8394) (-1.2269,0.5517,0.8461) (-1.2269,0.5073,0.8537) (-1.2269,0.4636,0.8648) (-1.2269,0.4245,0.8868) --name=R_P10_RearLedgeOuter_RearDeckInner_x-122_s01
  · #49  R_P10_RearLedgeOuter_RearDeckInner_x-122_s01 curve    deg 3  poles 5    integral  length 0.1804  bounds [-1.23 0.42 0.84]–[-1.23 0.60 0.89]
> spline (-1.1578,0.6078,0.8404) (-1.1578,0.5640,0.8494) (-1.1578,0.5204,0.8592) (-1.1578,0.4778,0.8725) (-1.1578,0.4397,0.8954) --name=R_P10_RearLedgeOuter_RearDeckInner_x-122_s02
  · #50  R_P10_RearLedgeOuter_RearDeckInner_x-122_s02 curve    deg 3  poles 5    integral  length 0.1787  bounds [-1.16 0.44 0.84]–[-1.16 0.61 0.90]
> spline (-1.0886,0.6193,0.8417) (-1.0886,0.5764,0.8529) (-1.0886,0.5337,0.8649) (-1.0886,0.4921,0.8803) (-1.0886,0.4548,0.9041) --name=R_P10_RearLedgeOuter_RearDeckInner_x-122_s03
  · #51  R_P10_RearLedgeOuter_RearDeckInner_x-122_s03 curve    deg 3  poles 5    integral  length 0.1775  bounds [-1.09 0.45 0.84]–[-1.09 0.62 0.90]
> spline (-1.0194,0.6307,0.8430) (-1.0194,0.5888,0.8566) (-1.0194,0.5470,0.8708) (-1.0194,0.5066,0.8883) (-1.0194,0.4700,0.9128) --name=R_P10_RearLedgeOuter_RearDeckInner_x-122_s04
  · #52  R_P10_RearLedgeOuter_RearDeckInner_x-122_s04 curve    deg 3  poles 5    integral  length 0.1764  bounds [-1.02 0.47 0.84]–[-1.02 0.63 0.91]
> spline (-0.9503,0.6422,0.8443) (-0.9503,0.6012,0.8603) (-0.9503,0.5606,0.8769) (-0.9503,0.5212,0.8963) (-0.9503,0.4852,0.9215) --name=R_P10_RearLedgeOuter_RearDeckInner_x-122_s05
  · #53  R_P10_RearLedgeOuter_RearDeckInner_x-122_s05 curve    deg 3  poles 5    integral  length 0.1758  bounds [-0.95 0.49 0.84]–[-0.95 0.64 0.92]
> spline (-0.8811,0.6536,0.8455) (-0.8811,0.6138,0.8640) (-0.8811,0.5742,0.8830) (-0.8811,0.5359,0.9044) (-0.8811,0.5004,0.9302) --name=R_P10_RearLedgeOuter_RearDeckInner_x-122_s06
  · #54  R_P10_RearLedgeOuter_RearDeckInner_x-122_s06 curve    deg 3  poles 5    integral  length 0.1756  bounds [-0.88 0.50 0.85]–[-0.88 0.65 0.93]
> spline (-0.8120,0.6651,0.8468) (-0.8120,0.6265,0.8679) (-0.8120,0.5881,0.8893) (-0.8120,0.5507,0.9125) (-0.8120,0.5155,0.9389) --name=R_P10_RearLedgeOuter_RearDeckInner_x-122_s07
  · #55  R_P10_RearLedgeOuter_RearDeckInner_x-122_s07 curve    deg 3  poles 5    integral  length 0.1760  bounds [-0.81 0.52 0.85]–[-0.81 0.67 0.94]
> spline (-0.7428,0.6766,0.8481) (-0.7428,0.6393,0.8718) (-0.7428,0.6021,0.8956) (-0.7428,0.5657,0.9206) (-0.7428,0.5307,0.9475) --name=R_P10_RearLedgeOuter_RearDeckInner_x-122_s08
  · #56  R_P10_RearLedgeOuter_RearDeckInner_x-122_s08 curve    deg 3  poles 5    integral  length 0.1767  bounds [-0.74 0.53 0.85]–[-0.74 0.68 0.95]
> spline (-0.6737,0.6880,0.8494) (-0.6737,0.6522,0.8757) (-0.6737,0.6163,0.9019) (-0.6737,0.5808,0.9287) (-0.6737,0.5459,0.9562) --name=R_P10_RearLedgeOuter_RearDeckInner_x-122_s09
  · #57  R_P10_RearLedgeOuter_RearDeckInner_x-122_s09 curve    deg 3  poles 5    integral  length 0.1778  bounds [-0.67 0.55 0.85]–[-0.67 0.69 0.96]
> spline (-0.6045,0.6995,0.8507) (-0.6045,0.6651,0.8795) (-0.6045,0.6307,0.9083) (-0.6045,0.5960,0.9367) (-0.6045,0.5611,0.9649) --name=R_P10_RearLedgeOuter_RearDeckInner_x-122_s10
  · #58  R_P10_RearLedgeOuter_RearDeckInner_x-122_s10 curve    deg 3  poles 5    integral  length 0.1794  bounds [-0.60 0.56 0.85]–[-0.60 0.70 0.96]
> loft R_P10_RearLedgeOuter_RearDeckInner_x-122_s01 R_P10_RearLedgeOuter_RearDeckInner_x-122_s02 R_P10_RearLedgeOuter_RearDeckInner_x-122_s03 R_P10_RearLedgeOuter_RearDeckInner_x-122_s04 R_P10_RearLedgeOuter_RearDeckInner_x-122_s05 R_P10_RearLedgeOuter_RearDeckInner_x-122_s06 R_P10_RearLedgeOuter_RearDeckInner_x-122_s07 R_P10_RearLedgeOuter_RearDeckInner_x-122_s08 R_P10_RearLedgeOuter_RearDeckInner_x-122_s09 R_P10_RearLedgeOuter_RearDeckInner_x-122_s10 --sheet --name=R_P10_RearLedgeOuter_RearDeckInner_x-122
  · loft R_P10_RearLedgeOuter_RearDeckInner_x-122_s01 (open → sheet) R_P10_RearLedgeOuter_RearDeckInner_x-122_s02 (open → sheet) R_P10_RearLedgeOuter_RearDeckInner_x-122_s03 (open → sheet) R_P10_RearLedgeOuter_RearDeckInner_x-122_s04 (open → sheet) R_P10_RearLedgeOuter_RearDeckInner_x-122_s05 (open → sheet) R_P10_RearLedgeOuter_RearDeckInner_x-122_s06 (open → sheet) R_P10_RearLedgeOuter_RearDeckInner_x-122_s07 (open → sheet) R_P10_RearLedgeOuter_RearDeckInner_x-122_s08 (open → sheet) R_P10_RearLedgeOuter_RearDeckInner_x-122_s09 (open → sheet) R_P10_RearLedgeOuter_RearDeckInner_x-122_s10 (open → sheet)
  · #59  R_P10_RearLedgeOuter_RearDeckInner_x-122 surface  deg 3x3  poles 14x10  integral  bounds [-1.23 0.42 0.84]–[-0.60 0.70 0.96]
  ·   ↳ loft of R_P10_RearLedgeOuter_RearDeckInner_x-122_s01 R_P10_RearLedgeOuter_RearDeckInner_x-122_s02 R_P10_RearLedgeOuter_RearDeckInner_x-122_s03 R_P10_RearLedgeOuter_RearDeckInner_x-122_s04 R_P10_RearLedgeOuter_RearDeckInner_x-122_s05 R_P10_RearLedgeOuter_RearDeckInner_x-122_s06 R_P10_RearLedgeOuter_RearDeckInner_x-122_s07 R_P10_RearLedgeOuter_RearDeckInner_x-122_s08 R_P10_RearLedgeOuter_RearDeckInner_x-122_s09 R_P10_RearLedgeOuter_RearDeckInner_x-122_s10  degree 3
> delete R_P10_RearLedgeOuter_RearDeckInner_x-122_s01 R_P10_RearLedgeOuter_RearDeckInner_x-122_s02 R_P10_RearLedgeOuter_RearDeckInner_x-122_s03 R_P10_RearLedgeOuter_RearDeckInner_x-122_s04 R_P10_RearLedgeOuter_RearDeckInner_x-122_s05 R_P10_RearLedgeOuter_RearDeckInner_x-122_s06 R_P10_RearLedgeOuter_RearDeckInner_x-122_s07 R_P10_RearLedgeOuter_RearDeckInner_x-122_s08 R_P10_RearLedgeOuter_RearDeckInner_x-122_s09 R_P10_RearLedgeOuter_RearDeckInner_x-122_s10
  · deleted 10 figure(s)
> tint R_P10_RearLedgeOuter_RearDeckInner_x-122 0.80 0.82 0.86
> spline (-1.2269,0.8877,1.0014) (-1.2269,0.8323,0.9835) (-1.2269,0.7787,0.9608) (-1.2269,0.7378,0.9193) (-1.2269,0.6987,0.8760) (-1.2269,0.6547,0.8400) (-1.2269,0.5963,0.8394) --name=R_P11_RearDeckInner_RearShoulder_x-122_s01
  · #60  R_P11_RearDeckInner_RearShoulder_x-122_s01 curve    deg 3  poles 7    integral  length 0.3512  bounds [-1.23 0.60 0.82]–[-1.23 0.89 1.00]
> spline (-1.1578,0.8875,1.0013) (-1.1578,0.8362,0.9794) (-1.1578,0.7865,0.9540) (-1.1578,0.7454,0.9162) (-1.1578,0.7063,0.8761) (-1.1578,0.6637,0.8413) (-1.1578,0.6078,0.8404) --name=R_P11_RearDeckInner_RearShoulder_x-122_s02
  · #61  R_P11_RearDeckInner_RearShoulder_x-122_s02 curve    deg 3  poles 7    integral  length 0.3369  bounds [-1.16 0.61 0.82]–[-1.16 0.89 1.00]
> spline (-1.0886,0.8876,0.9984) (-1.0886,0.8401,0.9741) (-1.0886,0.7937,0.9477) (-1.0886,0.7528,0.9135) (-1.0886,0.7139,0.8770) (-1.0886,0.6726,0.8437) (-1.0886,0.6193,0.8417) --name=R_P11_RearDeckInner_RearShoulder_x-122_s03
  · #62  R_P11_RearDeckInner_RearShoulder_x-122_s03 curve    deg 3  poles 7    integral  length 0.3220  bounds [-1.09 0.62 0.82]–[-1.09 0.89 1.00]
> spline (-1.0194,0.8878,0.9959) (-1.0194,0.8437,0.9702) (-1.0194,0.8007,0.9426) (-1.0194,0.7604,0.9112) (-1.0194,0.7217,0.8779) (-1.0194,0.6815,0.8466) (-1.0194,0.6307,0.8430) --name=R_P11_RearDeckInner_RearShoulder_x-122_s04
  · #63  R_P11_RearDeckInner_RearShoulder_x-122_s04 curve    deg 3  poles 7    integral  length 0.3079  bounds [-1.02 0.63 0.83]–[-1.02 0.89 1.00]
> spline (-0.9503,0.8879,0.9911) (-0.9503,0.8466,0.9654) (-0.9503,0.8067,0.9375) (-0.9503,0.7677,0.9083) (-0.9503,0.7294,0.8782) (-0.9503,0.6904,0.8492) (-0.9503,0.6422,0.8443) --name=R_P11_RearDeckInner_RearShoulder_x-122_s05
  · #64  R_P11_RearDeckInner_RearShoulder_x-122_s05 curve    deg 3  poles 7    integral  length 0.2932  bounds [-0.95 0.64 0.83]–[-0.95 0.89 0.99]
> spline (-0.8811,0.8880,0.9818) (-0.8811,0.8490,0.9576) (-0.8811,0.8114,0.9311) (-0.8811,0.7740,0.9043) (-0.8811,0.7368,0.8774) (-0.8811,0.6990,0.8511) (-0.8811,0.6536,0.8455) --name=R_P11_RearDeckInner_RearShoulder_x-122_s06
  · #65  R_P11_RearDeckInner_RearShoulder_x-122_s06 curve    deg 3  poles 7    integral  length 0.2767  bounds [-0.88 0.65 0.84]–[-0.88 0.89 0.98]
> spline (-0.8120,0.8882,0.9682) (-0.8120,0.8510,0.9468) (-0.8120,0.8151,0.9233) (-0.8120,0.7793,0.8995) (-0.8120,0.7435,0.8758) (-0.8120,0.7073,0.8526) (-0.8120,0.6651,0.8468) --name=R_P11_RearDeckInner_RearShoulder_x-122_s07
  · #66  R_P11_RearDeckInner_RearShoulder_x-122_s07 curve    deg 3  poles 7    integral  length 0.2582  bounds [-0.81 0.67 0.84]–[-0.81 0.89 0.97]
> spline (-0.7428,0.8883,0.9534) (-0.7428,0.8529,0.9352) (-0.7428,0.8186,0.9148) (-0.7428,0.7844,0.8943) (-0.7428,0.7501,0.8739) (-0.7428,0.7157,0.8538) (-0.7428,0.6766,0.8481) --name=R_P11_RearDeckInner_RearShoulder_x-122_s08
  · #67  R_P11_RearDeckInner_RearShoulder_x-122_s08 curve    deg 3  poles 7    integral  length 0.2395  bounds [-0.74 0.68 0.84]–[-0.74 0.89 0.95]
> spline (-0.6737,0.8884,0.9383) (-0.6737,0.8548,0.9234) (-0.6737,0.8221,0.9063) (-0.6737,0.7895,0.8890) (-0.6737,0.7570,0.8718) (-0.6737,0.7242,0.8549) (-0.6737,0.6880,0.8494) --name=R_P11_RearDeckInner_RearShoulder_x-122_s09
  · #68  R_P11_RearDeckInner_RearShoulder_x-122_s09 curve    deg 3  poles 7    integral  length 0.2213  bounds [-0.67 0.69 0.85]–[-0.67 0.89 0.94]
> spline (-0.6045,0.8886,0.9237) (-0.6045,0.8568,0.9118) (-0.6045,0.8258,0.8979) (-0.6045,0.7948,0.8838) (-0.6045,0.7639,0.8698) (-0.6045,0.7328,0.8559) (-0.6045,0.6995,0.8507) --name=R_P11_RearDeckInner_RearShoulder_x-122_s10
  · #69  R_P11_RearDeckInner_RearShoulder_x-122_s10 curve    deg 3  poles 7    integral  length 0.2040  bounds [-0.60 0.70 0.85]–[-0.60 0.89 0.92]
> loft R_P11_RearDeckInner_RearShoulder_x-122_s01 R_P11_RearDeckInner_RearShoulder_x-122_s02 R_P11_RearDeckInner_RearShoulder_x-122_s03 R_P11_RearDeckInner_RearShoulder_x-122_s04 R_P11_RearDeckInner_RearShoulder_x-122_s05 R_P11_RearDeckInner_RearShoulder_x-122_s06 R_P11_RearDeckInner_RearShoulder_x-122_s07 R_P11_RearDeckInner_RearShoulder_x-122_s08 R_P11_RearDeckInner_RearShoulder_x-122_s09 R_P11_RearDeckInner_RearShoulder_x-122_s10 --sheet --name=R_P11_RearDeckInner_RearShoulder_x-122
  · loft R_P11_RearDeckInner_RearShoulder_x-122_s01 (open → sheet) R_P11_RearDeckInner_RearShoulder_x-122_s02 (open → sheet) R_P11_RearDeckInner_RearShoulder_x-122_s03 (open → sheet) R_P11_RearDeckInner_RearShoulder_x-122_s04 (open → sheet) R_P11_RearDeckInner_RearShoulder_x-122_s05 (open → sheet) R_P11_RearDeckInner_RearShoulder_x-122_s06 (open → sheet) R_P11_RearDeckInner_RearShoulder_x-122_s07 (open → sheet) R_P11_RearDeckInner_RearShoulder_x-122_s08 (open → sheet) R_P11_RearDeckInner_RearShoulder_x-122_s09 (open → sheet) R_P11_RearDeckInner_RearShoulder_x-122_s10 (open → sheet)
  · #70  R_P11_RearDeckInner_RearShoulder_x-122 surface  deg 3x3  poles 34x10  integral  bounds [-1.23 0.60 0.82]–[-0.60 0.89 1.00]
  ·   ↳ loft of R_P11_RearDeckInner_RearShoulder_x-122_s01 R_P11_RearDeckInner_RearShoulder_x-122_s02 R_P11_RearDeckInner_RearShoulder_x-122_s03 R_P11_RearDeckInner_RearShoulder_x-122_s04 R_P11_RearDeckInner_RearShoulder_x-122_s05 R_P11_RearDeckInner_RearShoulder_x-122_s06 R_P11_RearDeckInner_RearShoulder_x-122_s07 R_P11_RearDeckInner_RearShoulder_x-122_s08 R_P11_RearDeckInner_RearShoulder_x-122_s09 R_P11_RearDeckInner_RearShoulder_x-122_s10  degree 3
> delete R_P11_RearDeckInner_RearShoulder_x-122_s01 R_P11_RearDeckInner_RearShoulder_x-122_s02 R_P11_RearDeckInner_RearShoulder_x-122_s03 R_P11_RearDeckInner_RearShoulder_x-122_s04 R_P11_RearDeckInner_RearShoulder_x-122_s05 R_P11_RearDeckInner_RearShoulder_x-122_s06 R_P11_RearDeckInner_RearShoulder_x-122_s07 R_P11_RearDeckInner_RearShoulder_x-122_s08 R_P11_RearDeckInner_RearShoulder_x-122_s09 R_P11_RearDeckInner_RearShoulder_x-122_s10
  · deleted 10 figure(s)
> tint R_P11_RearDeckInner_RearShoulder_x-122 0.80 0.82 0.86
> spline (-1.2269,1.1534,0.8697) (-1.2269,1.1325,0.9194) (-1.2269,1.0927,0.9553) (-1.2269,1.0463,0.9828) (-1.2269,0.9955,1.0011) (-1.2269,0.9417,1.0029) (-1.2269,0.8877,1.0014) --name=R_P12_RearShoulder_End_x-122_s01
  · #71  R_P12_RearShoulder_End_x-122_s01 curve    deg 3  poles 7    integral  length 0.3246  bounds [-1.23 0.89 0.87]–[-1.23 1.15 1.01]
> spline (-1.1578,1.1611,0.8721) (-1.1578,1.1385,0.9229) (-1.1578,1.1010,0.9623) (-1.1578,1.0511,0.9867) (-1.1578,0.9982,1.0039) (-1.1578,0.9430,1.0042) (-1.1578,0.8875,1.0013) --name=R_P12_RearShoulder_End_x-122_s02
  · #72  R_P12_RearShoulder_End_x-122_s02 curve    deg 3  poles 7    integral  length 0.3330  bounds [-1.16 0.89 0.87]–[-1.16 1.16 1.02]
> spline (-1.0886,1.1611,0.8794) (-1.0886,1.1384,0.9296) (-1.0886,1.0999,0.9670) (-1.0886,1.0497,0.9894) (-1.0886,0.9970,1.0057) (-1.0886,0.9424,1.0041) (-1.0886,0.8876,0.9984) --name=R_P12_RearShoulder_End_x-122_s03
  · #73  R_P12_RearShoulder_End_x-122_s03 curve    deg 3  poles 7    integral  length 0.3297  bounds [-1.09 0.89 0.88]–[-1.09 1.16 1.02]
> spline (-1.0194,1.1611,0.8757) (-1.0194,1.1385,0.9263) (-1.0194,1.1010,0.9650) (-1.0194,1.0505,0.9876) (-1.0194,0.9976,1.0043) (-1.0194,0.9428,1.0026) (-1.0194,0.8878,0.9959) --name=R_P12_RearShoulder_End_x-122_s04
  · #74  R_P12_RearShoulder_End_x-122_s04 curve    deg 3  poles 7    integral  length 0.3314  bounds [-1.02 0.89 0.88]–[-1.02 1.16 1.02]
> spline (-0.9503,1.1572,0.8709) (-0.9503,1.1363,0.9216) (-0.9503,1.0980,0.9591) (-0.9503,1.0487,0.9829) (-0.9503,0.9966,1.0000) (-0.9503,0.9423,0.9978) (-0.9503,0.8879,0.9911) --name=R_P12_RearShoulder_End_x-122_s05
  · #75  R_P12_RearShoulder_End_x-122_s05 curve    deg 3  poles 7    integral  length 0.3284  bounds [-0.95 0.89 0.87]–[-0.95 1.16 1.01]
> spline (-0.8811,1.1489,0.8709) (-0.8811,1.1273,0.9183) (-0.8811,1.0872,0.9517) (-0.8811,1.0415,0.9768) (-0.8811,0.9918,0.9931) (-0.8811,0.9399,0.9887) (-0.8811,0.8880,0.9818) --name=R_P12_RearShoulder_End_x-122_s06
  · #76  R_P12_RearShoulder_End_x-122_s06 curve    deg 3  poles 7    integral  length 0.3147  bounds [-0.88 0.89 0.87]–[-0.88 1.15 1.00]
> spline (-0.8120,1.1377,0.8703) (-0.8120,1.1095,0.9104) (-0.8120,1.0749,0.9453) (-0.8120,1.0323,0.9693) (-0.8120,0.9853,0.9834) (-0.8120,0.9367,0.9762) (-0.8120,0.8882,0.9682) --name=R_P12_RearShoulder_End_x-122_s07
  · #77  R_P12_RearShoulder_End_x-122_s07 curve    deg 3  poles 7    integral  length 0.2953  bounds [-0.81 0.89 0.87]–[-0.81 1.14 0.99]
> spline (-0.7428,1.1180,0.8695) (-0.7428,1.0940,0.9082) (-0.7428,1.0629,0.9414) (-0.7428,1.0220,0.9610) (-0.7428,0.9779,0.9706) (-0.7428,0.9331,0.9620) (-0.7428,0.8883,0.9534) --name=R_P12_RearShoulder_End_x-122_s08
  · #78  R_P12_RearShoulder_End_x-122_s08 curve    deg 3  poles 7    integral  length 0.2737  bounds [-0.74 0.89 0.87]–[-0.74 1.12 0.98]
> spline (-0.6737,1.1035,0.8695) (-0.6737,1.0827,0.9065) (-0.6737,1.0519,0.9351) (-0.6737,1.0127,0.9513) (-0.6737,0.9714,0.9564) (-0.6737,0.9299,0.9474) (-0.6737,0.8884,0.9383) --name=R_P12_RearShoulder_End_x-122_s09
  · #79  R_P12_RearShoulder_End_x-122_s09 curve    deg 3  poles 7    integral  length 0.2544  bounds [-0.67 0.89 0.87]–[-0.67 1.10 0.96]
> spline (-0.6045,1.0912,0.8731) (-0.6045,1.0708,0.9059) (-0.6045,1.0387,0.9272) (-0.6045,1.0023,0.9408) (-0.6045,0.9643,0.9408) (-0.6045,0.9264,0.9325) (-0.6045,0.8886,0.9237) --name=R_P12_RearShoulder_End_x-122_s10
  · #80  R_P12_RearShoulder_End_x-122_s10 curve    deg 3  poles 7    integral  length 0.2326  bounds [-0.60 0.89 0.87]–[-0.60 1.09 0.94]
> loft R_P12_RearShoulder_End_x-122_s01 R_P12_RearShoulder_End_x-122_s02 R_P12_RearShoulder_End_x-122_s03 R_P12_RearShoulder_End_x-122_s04 R_P12_RearShoulder_End_x-122_s05 R_P12_RearShoulder_End_x-122_s06 R_P12_RearShoulder_End_x-122_s07 R_P12_RearShoulder_End_x-122_s08 R_P12_RearShoulder_End_x-122_s09 R_P12_RearShoulder_End_x-122_s10 --sheet --name=R_P12_RearShoulder_End_x-122
  · loft R_P12_RearShoulder_End_x-122_s01 (open → sheet) R_P12_RearShoulder_End_x-122_s02 (open → sheet) R_P12_RearShoulder_End_x-122_s03 (open → sheet) R_P12_RearShoulder_End_x-122_s04 (open → sheet) R_P12_RearShoulder_End_x-122_s05 (open → sheet) R_P12_RearShoulder_End_x-122_s06 (open → sheet) R_P12_RearShoulder_End_x-122_s07 (open → sheet) R_P12_RearShoulder_End_x-122_s08 (open → sheet) R_P12_RearShoulder_End_x-122_s09 (open → sheet) R_P12_RearShoulder_End_x-122_s10 (open → sheet)
  · #81  R_P12_RearShoulder_End_x-122 surface  deg 3x3  poles 34x10  integral  bounds [-1.23 0.89 0.86]–[-0.60 1.16 1.01]
  ·   ↳ loft of R_P12_RearShoulder_End_x-122_s01 R_P12_RearShoulder_End_x-122_s02 R_P12_RearShoulder_End_x-122_s03 R_P12_RearShoulder_End_x-122_s04 R_P12_RearShoulder_End_x-122_s05 R_P12_RearShoulder_End_x-122_s06 R_P12_RearShoulder_End_x-122_s07 R_P12_RearShoulder_End_x-122_s08 R_P12_RearShoulder_End_x-122_s09 R_P12_RearShoulder_End_x-122_s10  degree 3
> delete R_P12_RearShoulder_End_x-122_s01 R_P12_RearShoulder_End_x-122_s02 R_P12_RearShoulder_End_x-122_s03 R_P12_RearShoulder_End_x-122_s04 R_P12_RearShoulder_End_x-122_s05 R_P12_RearShoulder_End_x-122_s06 R_P12_RearShoulder_End_x-122_s07 R_P12_RearShoulder_End_x-122_s08 R_P12_RearShoulder_End_x-122_s09 R_P12_RearShoulder_End_x-122_s10
  · deleted 10 figure(s)
> tint R_P12_RearShoulder_End_x-122 0.80 0.82 0.86
> spline (-0.8120,1.1611,0.7899) (-0.8120,1.1579,0.8035) (-0.8120,1.1545,0.8171) (-0.8120,1.1509,0.8306) (-0.8120,1.1471,0.8440) (-0.8120,1.1431,0.8574) (-0.8120,1.1377,0.8703) --name=R_P13_Leg_x-81_s01
  · #82  R_P13_Leg_x-81_s01 curve    deg 3  poles 7    integral  length 0.0839  bounds [-0.81 1.14 0.79]–[-0.81 1.16 0.87]
> spline (-0.7428,1.1611,0.7287) (-0.7428,1.1579,0.7533) (-0.7428,1.1535,0.7776) (-0.7428,1.1485,0.8019) (-0.7428,1.1396,0.8250) (-0.7428,1.1295,0.8475) (-0.7428,1.1180,0.8695) --name=R_P13_Leg_x-81_s02
  · #83  R_P13_Leg_x-81_s02 curve    deg 3  poles 7    integral  length 0.1486  bounds [-0.74 1.12 0.73]–[-0.74 1.16 0.87]
> spline (-0.6737,1.1611,0.6321) (-0.6737,1.1605,0.6733) (-0.6737,1.1580,0.7144) (-0.6737,1.1476,0.7541) (-0.6737,1.1348,0.7933) (-0.6737,1.1200,0.8317) (-0.6737,1.1035,0.8695) --name=R_P13_Leg_x-81_s03
  · #84  R_P13_Leg_x-81_s03 curve    deg 3  poles 7    integral  length 0.2472  bounds [-0.67 1.10 0.63]–[-0.67 1.16 0.87]
> spline (-0.6045,1.1155,0.1747) (-0.6045,1.1458,0.2895) (-0.6045,1.1553,0.4079) (-0.6045,1.1568,0.5268) (-0.6045,1.1548,0.6455) (-0.6045,1.1342,0.7624) (-0.6045,1.0912,0.8731) --name=R_P13_Leg_x-81_s04
  · #85  R_P13_Leg_x-81_s04 curve    deg 3  poles 7    integral  length 0.7134  bounds [-0.60 1.09 0.17]–[-0.60 1.16 0.87]
> loft R_P13_Leg_x-81_s01 R_P13_Leg_x-81_s02 R_P13_Leg_x-81_s03 R_P13_Leg_x-81_s04 --sheet --name=R_P13_Leg_x-81
  · loft R_P13_Leg_x-81_s01 (open → sheet) R_P13_Leg_x-81_s02 (open → sheet) R_P13_Leg_x-81_s03 (open → sheet) R_P13_Leg_x-81_s04 (open → sheet)
  · #86  R_P13_Leg_x-81     surface  deg 3x3  poles 16x4  integral  bounds [-0.81 1.09 0.17]–[-0.58 1.19 0.87]
  ·   ↳ loft of R_P13_Leg_x-81_s01 R_P13_Leg_x-81_s02 R_P13_Leg_x-81_s03 R_P13_Leg_x-81_s04  degree 3
> delete R_P13_Leg_x-81_s01 R_P13_Leg_x-81_s02 R_P13_Leg_x-81_s03 R_P13_Leg_x-81_s04
  · deleted 4 figure(s)
> tint R_P13_Leg_x-81 0.80 0.82 0.86
> spline (-0.5985,0.3223,1.0365) (-0.5985,0.2764,1.0394) (-0.5985,0.2303,1.0412) (-0.5985,0.1843,1.0424) (-0.5985,0.1382,1.0434) (-0.5985,0.0921,1.0439) (-0.5985,0.0461,1.0440) (-0.5985,0.0000,1.0439) --name=R_P14_Centre_RearLedgeInner_x-60_s01
  · #87  R_P14_Centre_RearLedgeInner_x-60_s01 curve    deg 3  poles 8    integral  length 0.3225  bounds [-0.60 0.00 1.04]–[-0.60 0.32 1.04]
> spline (-0.5314,0.3281,1.0470) (-0.5314,0.2813,1.0499) (-0.5314,0.2344,1.0517) (-0.5314,0.1876,1.0529) (-0.5314,0.1407,1.0538) (-0.5314,0.0938,1.0544) (-0.5314,0.0469,1.0545) (-0.5314,0.0000,1.0544) --name=R_P14_Centre_RearLedgeInner_x-60_s02
  · #88  R_P14_Centre_RearLedgeInner_x-60_s02 curve    deg 3  poles 8    integral  length 0.3283  bounds [-0.53 0.00 1.05]–[-0.53 0.33 1.05]
> spline (-0.4643,0.3338,1.0575) (-0.4643,0.2862,1.0603) (-0.4643,0.2385,1.0621) (-0.4643,0.1908,1.0634) (-0.4643,0.1431,1.0643) (-0.4643,0.0954,1.0649) (-0.4643,0.0477,1.0650) (-0.4643,0.0000,1.0649) --name=R_P14_Centre_RearLedgeInner_x-60_s03
  · #89  R_P14_Centre_RearLedgeInner_x-60_s03 curve    deg 3  poles 8    integral  length 0.3339  bounds [-0.46 0.00 1.06]–[-0.46 0.33 1.07]
> spline (-0.3972,0.3396,1.0679) (-0.3972,0.2912,1.0708) (-0.3972,0.2427,1.0726) (-0.3972,0.1941,1.0738) (-0.3972,0.1456,1.0747) (-0.3972,0.0971,1.0753) (-0.3972,0.0485,1.0755) (-0.3972,0.0000,1.0754) --name=R_P14_Centre_RearLedgeInner_x-60_s04
  · #90  R_P14_Centre_RearLedgeInner_x-60_s04 curve    deg 3  poles 8    integral  length 0.3398  bounds [-0.40 0.00 1.07]–[-0.40 0.34 1.08]
> spline (-0.3300,0.3454,1.0784) (-0.3300,0.2961,1.0813) (-0.3300,0.2468,1.0831) (-0.3300,0.1974,1.0843) (-0.3300,0.1481,1.0852) (-0.3300,0.0987,1.0858) (-0.3300,0.0494,1.0859) (-0.3300,0.0000,1.0858) --name=R_P14_Centre_RearLedgeInner_x-60_s05
  · #91  R_P14_Centre_RearLedgeInner_x-60_s05 curve    deg 3  poles 8    integral  length 0.3455  bounds [-0.33 0.00 1.08]–[-0.33 0.35 1.09]
> spline (-0.2629,0.3511,1.0889) (-0.2629,0.3010,1.0917) (-0.2629,0.2509,1.0935) (-0.2629,0.2007,1.0947) (-0.2629,0.1505,1.0957) (-0.2629,0.1004,1.0963) (-0.2629,0.0502,1.0964) (-0.2629,0.0000,1.0963) --name=R_P14_Centre_RearLedgeInner_x-60_s06
  · #92  R_P14_Centre_RearLedgeInner_x-60_s06 curve    deg 3  poles 8    integral  length 0.3512  bounds [-0.26 0.00 1.09]–[-0.26 0.35 1.10]
> spline (-0.1958,0.3569,1.0991) (-0.1958,0.3060,1.1019) (-0.1958,0.2550,1.1037) (-0.1958,0.2040,1.1049) (-0.1958,0.1530,1.1059) (-0.1958,0.1020,1.1065) (-0.1958,0.0510,1.1066) (-0.1958,0.0000,1.1065) --name=R_P14_Centre_RearLedgeInner_x-60_s07
  · #93  R_P14_Centre_RearLedgeInner_x-60_s07 curve    deg 3  poles 8    integral  length 0.3570  bounds [-0.20 0.00 1.10]–[-0.20 0.36 1.11]
> spline (-0.1287,0.3627,1.1083) (-0.1287,0.3109,1.1111) (-0.1287,0.2591,1.1129) (-0.1287,0.2073,1.1141) (-0.1287,0.1555,1.1150) (-0.1287,0.1037,1.1157) (-0.1287,0.0518,1.1158) (-0.1287,0.0000,1.1157) --name=R_P14_Centre_RearLedgeInner_x-60_s08
  · #94  R_P14_Centre_RearLedgeInner_x-60_s08 curve    deg 3  poles 8    integral  length 0.3628  bounds [-0.13 0.00 1.11]–[-0.13 0.36 1.12]
> spline (-0.0616,0.3684,1.1167) (-0.0616,0.3159,1.1195) (-0.0616,0.2632,1.1213) (-0.0616,0.2106,1.1225) (-0.0616,0.1580,1.1234) (-0.0616,0.1053,1.1240) (-0.0616,0.0527,1.1242) (-0.0616,0.0000,1.1241) --name=R_P14_Centre_RearLedgeInner_x-60_s09
  · #95  R_P14_Centre_RearLedgeInner_x-60_s09 curve    deg 3  poles 8    integral  length 0.3685  bounds [-0.06 0.00 1.12]–[-0.06 0.37 1.12]
> spline (0.0056,0.3742,1.1248) (0.0056,0.3208,1.1276) (0.0056,0.2674,1.1293) (0.0056,0.2139,1.1305) (0.0056,0.1604,1.1315) (0.0056,0.1070,1.1321) (0.0056,0.0535,1.1323) (0.0056,0.0000,1.1322) --name=R_P14_Centre_RearLedgeInner_x-60_s10
  · #96  R_P14_Centre_RearLedgeInner_x-60_s10 curve    deg 3  poles 8    integral  length 0.3743  bounds [0.01 0.00 1.12]–[0.01 0.37 1.13]
> loft R_P14_Centre_RearLedgeInner_x-60_s01 R_P14_Centre_RearLedgeInner_x-60_s02 R_P14_Centre_RearLedgeInner_x-60_s03 R_P14_Centre_RearLedgeInner_x-60_s04 R_P14_Centre_RearLedgeInner_x-60_s05 R_P14_Centre_RearLedgeInner_x-60_s06 R_P14_Centre_RearLedgeInner_x-60_s07 R_P14_Centre_RearLedgeInner_x-60_s08 R_P14_Centre_RearLedgeInner_x-60_s09 R_P14_Centre_RearLedgeInner_x-60_s10 --sheet --name=R_P14_Centre_RearLedgeInner_x-60
  · loft R_P14_Centre_RearLedgeInner_x-60_s01 (open → sheet) R_P14_Centre_RearLedgeInner_x-60_s02 (open → sheet) R_P14_Centre_RearLedgeInner_x-60_s03 (open → sheet) R_P14_Centre_RearLedgeInner_x-60_s04 (open → sheet) R_P14_Centre_RearLedgeInner_x-60_s05 (open → sheet) R_P14_Centre_RearLedgeInner_x-60_s06 (open → sheet) R_P14_Centre_RearLedgeInner_x-60_s07 (open → sheet) R_P14_Centre_RearLedgeInner_x-60_s08 (open → sheet) R_P14_Centre_RearLedgeInner_x-60_s09 (open → sheet) R_P14_Centre_RearLedgeInner_x-60_s10 (open → sheet)
  · #97  R_P14_Centre_RearLedgeInner_x-60 surface  deg 3x3  poles 44x10  integral  bounds [-0.60 0.00 1.04]–[0.01 0.37 1.13]
  ·   ↳ loft of R_P14_Centre_RearLedgeInner_x-60_s01 R_P14_Centre_RearLedgeInner_x-60_s02 R_P14_Centre_RearLedgeInner_x-60_s03 R_P14_Centre_RearLedgeInner_x-60_s04 R_P14_Centre_RearLedgeInner_x-60_s05 R_P14_Centre_RearLedgeInner_x-60_s06 R_P14_Centre_RearLedgeInner_x-60_s07 R_P14_Centre_RearLedgeInner_x-60_s08 R_P14_Centre_RearLedgeInner_x-60_s09 R_P14_Centre_RearLedgeInner_x-60_s10  degree 3
> delete R_P14_Centre_RearLedgeInner_x-60_s01 R_P14_Centre_RearLedgeInner_x-60_s02 R_P14_Centre_RearLedgeInner_x-60_s03 R_P14_Centre_RearLedgeInner_x-60_s04 R_P14_Centre_RearLedgeInner_x-60_s05 R_P14_Centre_RearLedgeInner_x-60_s06 R_P14_Centre_RearLedgeInner_x-60_s07 R_P14_Centre_RearLedgeInner_x-60_s08 R_P14_Centre_RearLedgeInner_x-60_s09 R_P14_Centre_RearLedgeInner_x-60_s10
  · deleted 10 figure(s)
> tint R_P14_Centre_RearLedgeInner_x-60 0.80 0.82 0.86
> spline (-0.5985,0.5624,0.9657) (-0.5985,0.5233,0.9807) (-0.5985,0.4842,0.9959) (-0.5985,0.4449,1.0104) (-0.5985,0.4049,1.0226) (-0.5985,0.3639,1.0311) (-0.5985,0.3223,1.0365) --name=R_P15_RearLedgeInner_RearLedgeOuter_x-60_s01
  · #98  R_P15_RearLedgeInner_RearLedgeOuter_x-60_s01 curve    deg 3  poles 7    integral  length 0.2514  bounds [-0.60 0.32 0.97]–[-0.60 0.56 1.04]
> spline (-0.5314,0.5771,0.9741) (-0.5314,0.5366,0.9898) (-0.5314,0.4961,1.0055) (-0.5314,0.4553,1.0203) (-0.5314,0.4137,1.0328) (-0.5314,0.3712,1.0415) (-0.5314,0.3281,1.0470) --name=R_P15_RearLedgeInner_RearLedgeOuter_x-60_s02
  · #99  R_P15_RearLedgeInner_RearLedgeOuter_x-60_s02 curve    deg 3  poles 7    integral  length 0.2606  bounds [-0.53 0.33 0.97]–[-0.53 0.58 1.05]
> spline (-0.4643,0.5919,0.9825) (-0.4643,0.5499,0.9988) (-0.4643,0.5080,1.0150) (-0.4643,0.4657,1.0303) (-0.4643,0.4225,1.0430) (-0.4643,0.3785,1.0519) (-0.4643,0.3338,1.0575) --name=R_P15_RearLedgeInner_RearLedgeOuter_x-60_s03
  · #100 R_P15_RearLedgeInner_RearLedgeOuter_x-60_s03 curve    deg 3  poles 7    integral  length 0.2700  bounds [-0.46 0.33 0.98]–[-0.46 0.59 1.06]
> spline (-0.3972,0.6066,0.9909) (-0.3972,0.5631,1.0075) (-0.3972,0.5198,1.0244) (-0.3972,0.4760,1.0403) (-0.3972,0.4314,1.0533) (-0.3972,0.3858,1.0623) (-0.3972,0.3396,1.0679) --name=R_P15_RearLedgeInner_RearLedgeOuter_x-60_s04
  · #101 R_P15_RearLedgeInner_RearLedgeOuter_x-60_s04 curve    deg 3  poles 7    integral  length 0.2792  bounds [-0.40 0.34 0.99]–[-0.40 0.61 1.07]
> spline (-0.3300,0.6213,0.9994) (-0.3300,0.5762,1.0160) (-0.3300,0.5315,1.0337) (-0.3300,0.4864,1.0502) (-0.3300,0.4402,1.0635) (-0.3300,0.3931,1.0727) (-0.3300,0.3454,1.0784) --name=R_P15_RearLedgeInner_RearLedgeOuter_x-60_s05
  · #102 R_P15_RearLedgeInner_RearLedgeOuter_x-60_s05 curve    deg 3  poles 7    integral  length 0.2883  bounds [-0.33 0.35 1.00]–[-0.33 0.62 1.08]
> spline (-0.2629,0.6360,1.0078) (-0.2629,0.5893,1.0245) (-0.2629,0.5433,1.0429) (-0.2629,0.4968,1.0602) (-0.2629,0.4491,1.0738) (-0.2629,0.4004,1.0832) (-0.2629,0.3511,1.0889) --name=R_P15_RearLedgeInner_RearLedgeOuter_x-60_s06
  · #103 R_P15_RearLedgeInner_RearLedgeOuter_x-60_s06 curve    deg 3  poles 7    integral  length 0.2976  bounds [-0.26 0.35 1.01]–[-0.26 0.64 1.09]
> spline (-0.1958,0.6501,1.0162) (-0.1958,0.6020,1.0332) (-0.1958,0.5546,1.0521) (-0.1958,0.5068,1.0700) (-0.1958,0.4577,1.0838) (-0.1958,0.4076,1.0933) (-0.1958,0.3569,1.0991) --name=R_P15_RearLedgeInner_RearLedgeOuter_x-60_s07
  · #104 R_P15_RearLedgeInner_RearLedgeOuter_x-60_s07 curve    deg 3  poles 7    integral  length 0.3062  bounds [-0.20 0.36 1.02]–[-0.20 0.65 1.10]
> spline (-0.1287,0.6618,1.0246) (-0.1287,0.6130,1.0425) (-0.1287,0.5646,1.0616) (-0.1287,0.5157,1.0792) (-0.1287,0.4655,1.0930) (-0.1287,0.4144,1.1025) (-0.1287,0.3627,1.1083) --name=R_P15_RearLedgeInner_RearLedgeOuter_x-60_s08
  · #105 R_P15_RearLedgeInner_RearLedgeOuter_x-60_s08 curve    deg 3  poles 7    integral  length 0.3121  bounds [-0.13 0.36 1.02]–[-0.13 0.66 1.11]
> spline (-0.0616,0.6717,1.0329) (-0.0616,0.6227,1.0524) (-0.0616,0.5735,1.0711) (-0.0616,0.5236,1.0880) (-0.0616,0.4727,1.1016) (-0.0616,0.4208,1.1110) (-0.0616,0.3684,1.1167) --name=R_P15_RearLedgeInner_RearLedgeOuter_x-60_s09
  · #106 R_P15_RearLedgeInner_RearLedgeOuter_x-60_s09 curve    deg 3  poles 7    integral  length 0.3162  bounds [-0.06 0.37 1.03]–[-0.06 0.67 1.12]
> spline (0.0056,0.6809,1.0413) (0.0056,0.6321,1.0625) (0.0056,0.5820,1.0807) (0.0056,0.5312,1.0966) (0.0056,0.4796,1.1099) (0.0056,0.4272,1.1191) (0.0056,0.3742,1.1248) --name=R_P15_RearLedgeInner_RearLedgeOuter_x-60_s10
  · #107 R_P15_RearLedgeInner_RearLedgeOuter_x-60_s10 curve    deg 3  poles 7    integral  length 0.3196  bounds [0.01 0.37 1.04]–[0.01 0.68 1.12]
> loft R_P15_RearLedgeInner_RearLedgeOuter_x-60_s01 R_P15_RearLedgeInner_RearLedgeOuter_x-60_s02 R_P15_RearLedgeInner_RearLedgeOuter_x-60_s03 R_P15_RearLedgeInner_RearLedgeOuter_x-60_s04 R_P15_RearLedgeInner_RearLedgeOuter_x-60_s05 R_P15_RearLedgeInner_RearLedgeOuter_x-60_s06 R_P15_RearLedgeInner_RearLedgeOuter_x-60_s07 R_P15_RearLedgeInner_RearLedgeOuter_x-60_s08 R_P15_RearLedgeInner_RearLedgeOuter_x-60_s09 R_P15_RearLedgeInner_RearLedgeOuter_x-60_s10 --sheet --name=R_P15_RearLedgeInner_RearLedgeOuter_x-60
  · loft R_P15_RearLedgeInner_RearLedgeOuter_x-60_s01 (open → sheet) R_P15_RearLedgeInner_RearLedgeOuter_x-60_s02 (open → sheet) R_P15_RearLedgeInner_RearLedgeOuter_x-60_s03 (open → sheet) R_P15_RearLedgeInner_RearLedgeOuter_x-60_s04 (open → sheet) R_P15_RearLedgeInner_RearLedgeOuter_x-60_s05 (open → sheet) R_P15_RearLedgeInner_RearLedgeOuter_x-60_s06 (open → sheet) R_P15_RearLedgeInner_RearLedgeOuter_x-60_s07 (open → sheet) R_P15_RearLedgeInner_RearLedgeOuter_x-60_s08 (open → sheet) R_P15_RearLedgeInner_RearLedgeOuter_x-60_s09 (open → sheet) R_P15_RearLedgeInner_RearLedgeOuter_x-60_s10 (open → sheet)
  · #108 R_P15_RearLedgeInner_RearLedgeOuter_x-60 surface  deg 3x3  poles 34x10  integral  bounds [-0.60 0.32 0.97]–[0.01 0.68 1.12]
  ·   ↳ loft of R_P15_RearLedgeInner_RearLedgeOuter_x-60_s01 R_P15_RearLedgeInner_RearLedgeOuter_x-60_s02 R_P15_RearLedgeInner_RearLedgeOuter_x-60_s03 R_P15_RearLedgeInner_RearLedgeOuter_x-60_s04 R_P15_RearLedgeInner_RearLedgeOuter_x-60_s05 R_P15_RearLedgeInner_RearLedgeOuter_x-60_s06 R_P15_RearLedgeInner_RearLedgeOuter_x-60_s07 R_P15_RearLedgeInner_RearLedgeOuter_x-60_s08 R_P15_RearLedgeInner_RearLedgeOuter_x-60_s09 R_P15_RearLedgeInner_RearLedgeOuter_x-60_s10  degree 3
> delete R_P15_RearLedgeInner_RearLedgeOuter_x-60_s01 R_P15_RearLedgeInner_RearLedgeOuter_x-60_s02 R_P15_RearLedgeInner_RearLedgeOuter_x-60_s03 R_P15_RearLedgeInner_RearLedgeOuter_x-60_s04 R_P15_RearLedgeInner_RearLedgeOuter_x-60_s05 R_P15_RearLedgeInner_RearLedgeOuter_x-60_s06 R_P15_RearLedgeInner_RearLedgeOuter_x-60_s07 R_P15_RearLedgeInner_RearLedgeOuter_x-60_s08 R_P15_RearLedgeInner_RearLedgeOuter_x-60_s09 R_P15_RearLedgeInner_RearLedgeOuter_x-60_s10
  · deleted 10 figure(s)
> tint R_P15_RearLedgeInner_RearLedgeOuter_x-60 0.80 0.82 0.86
> spline (-0.5985,0.7005,0.8508) (-0.5985,0.6663,0.8799) (-0.5985,0.6319,0.9088) (-0.5985,0.5973,0.9374) (-0.5985,0.5624,0.9657) --name=R_P16_RearLedgeOuter_RearDeckInner_x-60_s01
  · #109 R_P16_RearLedgeOuter_RearDeckInner_x-60_s01 curve    deg 3  poles 5    integral  length 0.1797  bounds [-0.60 0.56 0.85]–[-0.60 0.70 0.97]
> spline (-0.5314,0.7116,0.8520) (-0.5314,0.6790,0.8837) (-0.5314,0.6459,0.9148) (-0.5314,0.6121,0.9451) (-0.5314,0.5771,0.9741) --name=R_P16_RearLedgeOuter_RearDeckInner_x-60_s02
  · #110 R_P16_RearLedgeOuter_RearDeckInner_x-60_s02 curve    deg 3  poles 5    integral  length 0.1817  bounds [-0.53 0.58 0.85]–[-0.53 0.71 0.97]
> spline (-0.4643,0.7227,0.8533) (-0.4643,0.6916,0.8872) (-0.4643,0.6598,0.9205) (-0.4643,0.6268,0.9525) (-0.4643,0.5919,0.9825) --name=R_P16_RearLedgeOuter_RearDeckInner_x-60_s03
  · #111 R_P16_RearLedgeOuter_RearDeckInner_x-60_s03 curve    deg 3  poles 5    integral  length 0.1841  bounds [-0.46 0.59 0.85]–[-0.46 0.72 0.98]
> spline (-0.3972,0.7338,0.8546) (-0.3972,0.7040,0.8905) (-0.3972,0.6735,0.9258) (-0.3972,0.6412,0.9596) (-0.3972,0.6066,0.9909) --name=R_P16_RearLedgeOuter_RearDeckInner_x-60_s04
  · #112 R_P16_RearLedgeOuter_RearDeckInner_x-60_s04 curve    deg 3  poles 5    integral  length 0.1867  bounds [-0.40 0.61 0.85]–[-0.40 0.73 0.99]
> spline (-0.3300,0.7449,0.8563) (-0.3300,0.7162,0.8940) (-0.3300,0.6867,0.9311) (-0.3300,0.6554,0.9665) (-0.3300,0.6213,0.9994) --name=R_P16_RearLedgeOuter_RearDeckInner_x-60_s05
  · #113 R_P16_RearLedgeOuter_RearDeckInner_x-60_s05 curve    deg 3  poles 5    integral  length 0.1894  bounds [-0.33 0.62 0.86]–[-0.33 0.74 1.00]
> spline (-0.2629,0.7557,0.8592) (-0.2629,0.7279,0.8980) (-0.2629,0.6995,0.9365) (-0.2629,0.6691,0.9733) (-0.2629,0.6360,1.0078) --name=R_P16_RearLedgeOuter_RearDeckInner_x-60_s06
  · #114 R_P16_RearLedgeOuter_RearDeckInner_x-60_s06 curve    deg 3  poles 5    integral  length 0.1911  bounds [-0.26 0.64 0.86]–[-0.26 0.76 1.01]
> spline (-0.1958,0.7662,0.8638) (-0.1958,0.7391,0.9034) (-0.1958,0.7114,0.9425) (-0.1958,0.6820,0.9804) (-0.1958,0.6501,1.0162) --name=R_P16_RearLedgeOuter_RearDeckInner_x-60_s07
  · #115 R_P16_RearLedgeOuter_RearDeckInner_x-60_s07 curve    deg 3  poles 5    integral  length 0.1918  bounds [-0.20 0.65 0.86]–[-0.20 0.77 1.02]
> spline (-0.1287,0.7764,0.8689) (-0.1287,0.7495,0.9091) (-0.1287,0.7222,0.9490) (-0.1287,0.6932,0.9877) (-0.1287,0.6618,1.0246) --name=R_P16_RearLedgeOuter_RearDeckInner_x-60_s08
  · #116 R_P16_RearLedgeOuter_RearDeckInner_x-60_s08 curve    deg 3  poles 5    integral  length 0.1935  bounds [-0.13 0.66 0.87]–[-0.13 0.78 1.02]
> spline (-0.0616,0.7865,0.8730) (-0.0616,0.7596,0.9143) (-0.0616,0.7325,0.9554) (-0.0616,0.7035,0.9953) (-0.0616,0.6717,1.0329) --name=R_P16_RearLedgeOuter_RearDeckInner_x-60_s09
  · #117 R_P16_RearLedgeOuter_RearDeckInner_x-60_s09 curve    deg 3  poles 5    integral  length 0.1971  bounds [-0.06 0.67 0.87]–[-0.06 0.79 1.03]
> spline (0.0056,0.7966,0.8763) (0.0056,0.7699,0.9191) (0.0056,0.7429,0.9617) (0.0056,0.7135,1.0027) (0.0056,0.6809,1.0413) --name=R_P16_RearLedgeOuter_RearDeckInner_x-60_s10
  · #118 R_P16_RearLedgeOuter_RearDeckInner_x-60_s10 curve    deg 3  poles 5    integral  length 0.2019  bounds [0.01 0.68 0.88]–[0.01 0.80 1.04]
> loft R_P16_RearLedgeOuter_RearDeckInner_x-60_s01 R_P16_RearLedgeOuter_RearDeckInner_x-60_s02 R_P16_RearLedgeOuter_RearDeckInner_x-60_s03 R_P16_RearLedgeOuter_RearDeckInner_x-60_s04 R_P16_RearLedgeOuter_RearDeckInner_x-60_s05 R_P16_RearLedgeOuter_RearDeckInner_x-60_s06 R_P16_RearLedgeOuter_RearDeckInner_x-60_s07 R_P16_RearLedgeOuter_RearDeckInner_x-60_s08 R_P16_RearLedgeOuter_RearDeckInner_x-60_s09 R_P16_RearLedgeOuter_RearDeckInner_x-60_s10 --sheet --name=R_P16_RearLedgeOuter_RearDeckInner_x-60
  · loft R_P16_RearLedgeOuter_RearDeckInner_x-60_s01 (open → sheet) R_P16_RearLedgeOuter_RearDeckInner_x-60_s02 (open → sheet) R_P16_RearLedgeOuter_RearDeckInner_x-60_s03 (open → sheet) R_P16_RearLedgeOuter_RearDeckInner_x-60_s04 (open → sheet) R_P16_RearLedgeOuter_RearDeckInner_x-60_s05 (open → sheet) R_P16_RearLedgeOuter_RearDeckInner_x-60_s06 (open → sheet) R_P16_RearLedgeOuter_RearDeckInner_x-60_s07 (open → sheet) R_P16_RearLedgeOuter_RearDeckInner_x-60_s08 (open → sheet) R_P16_RearLedgeOuter_RearDeckInner_x-60_s09 (open → sheet) R_P16_RearLedgeOuter_RearDeckInner_x-60_s10 (open → sheet)
  · #119 R_P16_RearLedgeOuter_RearDeckInner_x-60 surface  deg 3x3  poles 14x10  integral  bounds [-0.60 0.56 0.85]–[0.01 0.80 1.04]
  ·   ↳ loft of R_P16_RearLedgeOuter_RearDeckInner_x-60_s01 R_P16_RearLedgeOuter_RearDeckInner_x-60_s02 R_P16_RearLedgeOuter_RearDeckInner_x-60_s03 R_P16_RearLedgeOuter_RearDeckInner_x-60_s04 R_P16_RearLedgeOuter_RearDeckInner_x-60_s05 R_P16_RearLedgeOuter_RearDeckInner_x-60_s06 R_P16_RearLedgeOuter_RearDeckInner_x-60_s07 R_P16_RearLedgeOuter_RearDeckInner_x-60_s08 R_P16_RearLedgeOuter_RearDeckInner_x-60_s09 R_P16_RearLedgeOuter_RearDeckInner_x-60_s10  degree 3
> delete R_P16_RearLedgeOuter_RearDeckInner_x-60_s01 R_P16_RearLedgeOuter_RearDeckInner_x-60_s02 R_P16_RearLedgeOuter_RearDeckInner_x-60_s03 R_P16_RearLedgeOuter_RearDeckInner_x-60_s04 R_P16_RearLedgeOuter_RearDeckInner_x-60_s05 R_P16_RearLedgeOuter_RearDeckInner_x-60_s06 R_P16_RearLedgeOuter_RearDeckInner_x-60_s07 R_P16_RearLedgeOuter_RearDeckInner_x-60_s08 R_P16_RearLedgeOuter_RearDeckInner_x-60_s09 R_P16_RearLedgeOuter_RearDeckInner_x-60_s10
  · deleted 10 figure(s)
> tint R_P16_RearLedgeOuter_RearDeckInner_x-60 0.80 0.82 0.86
> spline (-0.5985,0.8886,0.9226) (-0.5985,0.8261,0.8972) (-0.5985,0.7645,0.8696) (-0.5985,0.7005,0.8508) --name=R_P17_RearDeckInner_RearShoulder_x-60_s01
  · #120 R_P17_RearDeckInner_RearShoulder_x-60_s01 curve    deg 3  poles 4    integral  length 0.2019  bounds [-0.60 0.70 0.85]–[-0.60 0.89 0.92]
> spline (-0.5314,0.8887,0.9106) (-0.5314,0.8298,0.8903) (-0.5314,0.7714,0.8680) (-0.5314,0.7116,0.8520) --name=R_P17_RearDeckInner_RearShoulder_x-60_s02
  · #121 R_P17_RearDeckInner_RearShoulder_x-60_s02 curve    deg 3  poles 4    integral  length 0.1868  bounds [-0.53 0.71 0.85]–[-0.53 0.89 0.91]
> spline (-0.4643,0.8891,0.9011) (-0.4643,0.8334,0.8855) (-0.4643,0.7785,0.8674) (-0.4643,0.7227,0.8533) --name=R_P17_RearDeckInner_RearShoulder_x-60_s03
  · #122 R_P17_RearDeckInner_RearShoulder_x-60_s03 curve    deg 3  poles 4    integral  length 0.1733  bounds [-0.46 0.72 0.85]–[-0.46 0.89 0.90]
> spline (-0.3972,0.8896,0.8933) (-0.3972,0.8372,0.8822) (-0.3972,0.7857,0.8676) (-0.3972,0.7338,0.8546) --name=R_P17_RearDeckInner_RearShoulder_x-60_s04
  · #123 R_P17_RearDeckInner_RearShoulder_x-60_s04 curve    deg 3  poles 4    integral  length 0.1606  bounds [-0.40 0.73 0.85]–[-0.40 0.89 0.89]
> spline (-0.3300,0.8902,0.8868) (-0.3300,0.8412,0.8796) (-0.3300,0.7929,0.8683) (-0.3300,0.7449,0.8563) --name=R_P17_RearDeckInner_RearShoulder_x-60_s05
  · #124 R_P17_RearDeckInner_RearShoulder_x-60_s05 curve    deg 3  poles 4    integral  length 0.1486  bounds [-0.33 0.74 0.86]–[-0.33 0.89 0.89]
> spline (-0.2629,0.8910,0.8814) (-0.2629,0.8454,0.8775) (-0.2629,0.8003,0.8695) (-0.2629,0.7557,0.8592) --name=R_P17_RearDeckInner_RearShoulder_x-60_s06
  · #125 R_P17_RearDeckInner_RearShoulder_x-60_s06 curve    deg 3  poles 4    integral  length 0.1374  bounds [-0.26 0.76 0.86]–[-0.26 0.89 0.88]
> spline (-0.1958,0.8919,0.8779) (-0.1958,0.8498,0.8759) (-0.1958,0.8078,0.8711) (-0.1958,0.7662,0.8638) --name=R_P17_RearDeckInner_RearShoulder_x-60_s07
  · #126 R_P17_RearDeckInner_RearShoulder_x-60_s07 curve    deg 3  poles 4    integral  length 0.1267  bounds [-0.20 0.77 0.86]–[-0.20 0.89 0.88]
> spline (-0.1287,0.8930,0.8754) (-0.1287,0.8540,0.8750) (-0.1287,0.8151,0.8727) (-0.1287,0.7764,0.8689) --name=R_P17_RearDeckInner_RearShoulder_x-60_s08
  · #127 R_P17_RearDeckInner_RearShoulder_x-60_s08 curve    deg 3  poles 4    integral  length 0.1169  bounds [-0.13 0.78 0.87]–[-0.13 0.89 0.88]
> spline (-0.0616,0.8940,0.8732) (-0.0616,0.8582,0.8742) (-0.0616,0.8223,0.8741) (-0.0616,0.7865,0.8730) --name=R_P17_RearDeckInner_RearShoulder_x-60_s09
  · #128 R_P17_RearDeckInner_RearShoulder_x-60_s09 curve    deg 3  poles 4    integral  length 0.1075  bounds [-0.06 0.79 0.87]–[-0.06 0.89 0.87]
> spline (0.0056,0.8950,0.8708) (0.0056,0.8623,0.8733) (0.0056,0.8294,0.8751) (0.0056,0.7966,0.8763) --name=R_P17_RearDeckInner_RearShoulder_x-60_s10
  · #129 R_P17_RearDeckInner_RearShoulder_x-60_s10 curve    deg 3  poles 4    integral  length 0.0986  bounds [0.01 0.80 0.87]–[0.01 0.90 0.88]
> loft R_P17_RearDeckInner_RearShoulder_x-60_s01 R_P17_RearDeckInner_RearShoulder_x-60_s02 R_P17_RearDeckInner_RearShoulder_x-60_s03 R_P17_RearDeckInner_RearShoulder_x-60_s04 R_P17_RearDeckInner_RearShoulder_x-60_s05 R_P17_RearDeckInner_RearShoulder_x-60_s06 R_P17_RearDeckInner_RearShoulder_x-60_s07 R_P17_RearDeckInner_RearShoulder_x-60_s08 R_P17_RearDeckInner_RearShoulder_x-60_s09 R_P17_RearDeckInner_RearShoulder_x-60_s10 --sheet --name=R_P17_RearDeckInner_RearShoulder_x-60
  · loft R_P17_RearDeckInner_RearShoulder_x-60_s01 (open → sheet) R_P17_RearDeckInner_RearShoulder_x-60_s02 (open → sheet) R_P17_RearDeckInner_RearShoulder_x-60_s03 (open → sheet) R_P17_RearDeckInner_RearShoulder_x-60_s04 (open → sheet) R_P17_RearDeckInner_RearShoulder_x-60_s05 (open → sheet) R_P17_RearDeckInner_RearShoulder_x-60_s06 (open → sheet) R_P17_RearDeckInner_RearShoulder_x-60_s07 (open → sheet) R_P17_RearDeckInner_RearShoulder_x-60_s08 (open → sheet) R_P17_RearDeckInner_RearShoulder_x-60_s09 (open → sheet) R_P17_RearDeckInner_RearShoulder_x-60_s10 (open → sheet)
  · #130 R_P17_RearDeckInner_RearShoulder_x-60 surface  deg 3x3  poles 4x10  integral  bounds [-0.60 0.70 0.85]–[0.01 0.90 0.92]
  ·   ↳ loft of R_P17_RearDeckInner_RearShoulder_x-60_s01 R_P17_RearDeckInner_RearShoulder_x-60_s02 R_P17_RearDeckInner_RearShoulder_x-60_s03 R_P17_RearDeckInner_RearShoulder_x-60_s04 R_P17_RearDeckInner_RearShoulder_x-60_s05 R_P17_RearDeckInner_RearShoulder_x-60_s06 R_P17_RearDeckInner_RearShoulder_x-60_s07 R_P17_RearDeckInner_RearShoulder_x-60_s08 R_P17_RearDeckInner_RearShoulder_x-60_s09 R_P17_RearDeckInner_RearShoulder_x-60_s10  degree 3
> delete R_P17_RearDeckInner_RearShoulder_x-60_s01 R_P17_RearDeckInner_RearShoulder_x-60_s02 R_P17_RearDeckInner_RearShoulder_x-60_s03 R_P17_RearDeckInner_RearShoulder_x-60_s04 R_P17_RearDeckInner_RearShoulder_x-60_s05 R_P17_RearDeckInner_RearShoulder_x-60_s06 R_P17_RearDeckInner_RearShoulder_x-60_s07 R_P17_RearDeckInner_RearShoulder_x-60_s08 R_P17_RearDeckInner_RearShoulder_x-60_s09 R_P17_RearDeckInner_RearShoulder_x-60_s10
  · deleted 10 figure(s)
> tint R_P17_RearDeckInner_RearShoulder_x-60 0.80 0.82 0.86
> spline (-0.5985,1.1565,0.6029) (-0.5985,1.1519,0.6596) (-0.5985,1.1439,0.7159) (-0.5985,1.1310,0.7713) (-0.5985,1.1118,0.8248) (-0.5985,1.0887,0.8768) (-0.5985,1.0524,0.9193) (-0.5985,0.9997,0.9404) (-0.5985,0.9441,0.9351) (-0.5985,0.8886,0.9226) --name=R_P18_RearShoulder_SillCrease_x-60_s01
  · #131 R_P18_RearShoulder_SillCrease_x-60_s01 curve    deg 3  poles 10   integral  length 0.5112  bounds [-0.60 0.89 0.60]–[-0.60 1.16 0.95]
> spline (-0.5314,1.1449,0.6012) (-0.5314,1.1448,0.6563) (-0.5314,1.1389,0.7112) (-0.5314,1.1270,0.7651) (-0.5314,1.1083,0.8170) (-0.5314,1.0856,0.8674) (-0.5314,1.0492,0.9072) (-0.5314,0.9974,0.9263) (-0.5314,0.9429,0.9213) (-0.5314,0.8887,0.9106) --name=R_P18_RearShoulder_SillCrease_x-60_s02
  · #132 R_P18_RearShoulder_SillCrease_x-60_s02 curve    deg 3  poles 10   integral  length 0.4965  bounds [-0.53 0.89 0.60]–[-0.53 1.15 0.94]
> spline (-0.4643,1.1376,0.5994) (-0.4643,1.1406,0.6529) (-0.4643,1.1355,0.7065) (-0.4643,1.1244,0.7591) (-0.4643,1.1064,0.8097) (-0.4643,1.0839,0.8586) (-0.4643,1.0467,0.8956) (-0.4643,0.9958,0.9127) (-0.4643,0.9423,0.9088) (-0.4643,0.8891,0.9011) --name=R_P18_RearShoulder_SillCrease_x-60_s03
  · #133 R_P18_RearShoulder_SillCrease_x-60_s03 curve    deg 3  poles 10   integral  length 0.4837  bounds [-0.46 0.89 0.60]–[-0.46 1.14 0.92]
> spline (-0.3972,1.1318,0.5976) (-0.3972,1.1373,0.6497) (-0.3972,1.1329,0.7022) (-0.3972,1.1226,0.7539) (-0.3972,1.1052,0.8036) (-0.3972,1.0830,0.8514) (-0.3972,1.0449,0.8856) (-0.3972,0.9946,0.9012) (-0.3972,0.9420,0.8985) (-0.3972,0.8896,0.8933) --name=R_P18_RearShoulder_SillCrease_x-60_s04
  · #134 R_P18_RearShoulder_SillCrease_x-60_s04 curve    deg 3  poles 10   integral  length 0.4737  bounds [-0.40 0.89 0.60]–[-0.40 1.14 0.91]
> spline (-0.3300,1.1268,0.5957) (-0.3300,1.1344,0.6467) (-0.3300,1.1308,0.6985) (-0.3300,1.1212,0.7494) (-0.3300,1.1046,0.7986) (-0.3300,1.0827,0.8456) (-0.3300,1.0436,0.8776) (-0.3300,0.9939,0.8922) (-0.3300,0.9420,0.8905) (-0.3300,0.8902,0.8868) --name=R_P18_RearShoulder_SillCrease_x-60_s05
  · #135 R_P18_RearShoulder_SillCrease_x-60_s05 curve    deg 3  poles 10   integral  length 0.4666  bounds [-0.33 0.89 0.60]–[-0.33 1.14 0.90]
> spline (-0.2629,1.1225,0.5937) (-0.2629,1.1319,0.6437) (-0.2629,1.1291,0.6950) (-0.2629,1.1201,0.7456) (-0.2629,1.1043,0.7944) (-0.2629,1.0828,0.8410) (-0.2629,1.0429,0.8713) (-0.2629,0.9937,0.8853) (-0.2629,0.9423,0.8843) (-0.2629,0.8910,0.8814) --name=R_P18_RearShoulder_SillCrease_x-60_s06
  · #136 R_P18_RearShoulder_SillCrease_x-60_s06 curve    deg 3  poles 10   integral  length 0.4617  bounds [-0.26 0.89 0.59]–[-0.26 1.13 0.89]
> spline (-0.1958,1.1190,0.5912) (-0.1958,1.1297,0.6408) (-0.1958,1.1277,0.6918) (-0.1958,1.1193,0.7422) (-0.1958,1.1043,0.7910) (-0.1958,1.0832,0.8374) (-0.1958,1.0430,0.8670) (-0.1958,0.9941,0.8809) (-0.1958,0.9430,0.8801) (-0.1958,0.8919,0.8779) --name=R_P18_RearShoulder_SillCrease_x-60_s07
  · #137 R_P18_RearShoulder_SillCrease_x-60_s07 curve    deg 3  poles 10   integral  length 0.4593  bounds [-0.20 0.89 0.59]–[-0.20 1.13 0.89]
> spline (-0.1287,1.1162,0.5883) (-0.1287,1.1278,0.6377) (-0.1287,1.1266,0.6887) (-0.1287,1.1189,0.7391) (-0.1287,1.1047,0.7881) (-0.1287,1.0841,0.8347) (-0.1287,1.0439,0.8642) (-0.1287,0.9950,0.8780) (-0.1287,0.9440,0.8770) (-0.1287,0.8930,0.8754) --name=R_P18_RearShoulder_SillCrease_x-60_s08
  · #138 R_P18_RearShoulder_SillCrease_x-60_s08 curve    deg 3  poles 10   integral  length 0.4589  bounds [-0.13 0.89 0.59]–[-0.13 1.13 0.89]
> spline (-0.0616,1.1143,0.5849) (-0.0616,1.1265,0.6343) (-0.0616,1.1260,0.6854) (-0.0616,1.1189,0.7360) (-0.0616,1.1052,0.7853) (-0.0616,1.0852,0.8323) (-0.0616,1.0452,0.8623) (-0.0616,0.9963,0.8758) (-0.0616,0.9452,0.8743) (-0.0616,0.8940,0.8732) --name=R_P18_RearShoulder_SillCrease_x-60_s09
  · #139 R_P18_RearShoulder_SillCrease_x-60_s09 curve    deg 3  poles 10   integral  length 0.4599  bounds [-0.06 0.89 0.58]–[-0.06 1.13 0.88]
> spline (0.0056,1.1132,0.5810) (0.0056,1.1254,0.6306) (0.0056,1.1255,0.6820) (0.0056,1.1189,0.7329) (0.0056,1.1059,0.7825) (0.0056,1.0863,0.8299) (0.0056,1.0468,0.8608) (0.0056,0.9977,0.8736) (0.0056,0.9464,0.8714) (0.0056,0.8950,0.8708) --name=R_P18_RearShoulder_SillCrease_x-60_s10
  · #140 R_P18_RearShoulder_SillCrease_x-60_s10 curve    deg 3  poles 10   integral  length 0.4616  bounds [0.01 0.90 0.58]–[0.01 1.13 0.88]
> loft R_P18_RearShoulder_SillCrease_x-60_s01 R_P18_RearShoulder_SillCrease_x-60_s02 R_P18_RearShoulder_SillCrease_x-60_s03 R_P18_RearShoulder_SillCrease_x-60_s04 R_P18_RearShoulder_SillCrease_x-60_s05 R_P18_RearShoulder_SillCrease_x-60_s06 R_P18_RearShoulder_SillCrease_x-60_s07 R_P18_RearShoulder_SillCrease_x-60_s08 R_P18_RearShoulder_SillCrease_x-60_s09 R_P18_RearShoulder_SillCrease_x-60_s10 --sheet --name=R_P18_RearShoulder_SillCrease_x-60
  · loft R_P18_RearShoulder_SillCrease_x-60_s01 (open → sheet) R_P18_RearShoulder_SillCrease_x-60_s02 (open → sheet) R_P18_RearShoulder_SillCrease_x-60_s03 (open → sheet) R_P18_RearShoulder_SillCrease_x-60_s04 (open → sheet) R_P18_RearShoulder_SillCrease_x-60_s05 (open → sheet) R_P18_RearShoulder_SillCrease_x-60_s06 (open → sheet) R_P18_RearShoulder_SillCrease_x-60_s07 (open → sheet) R_P18_RearShoulder_SillCrease_x-60_s08 (open → sheet) R_P18_RearShoulder_SillCrease_x-60_s09 (open → sheet) R_P18_RearShoulder_SillCrease_x-60_s10 (open → sheet)
  · #141 R_P18_RearShoulder_SillCrease_x-60 surface  deg 3x3  poles 64x10  integral  bounds [-0.60 0.89 0.58]–[0.01 1.16 0.94]
  ·   ↳ loft of R_P18_RearShoulder_SillCrease_x-60_s01 R_P18_RearShoulder_SillCrease_x-60_s02 R_P18_RearShoulder_SillCrease_x-60_s03 R_P18_RearShoulder_SillCrease_x-60_s04 R_P18_RearShoulder_SillCrease_x-60_s05 R_P18_RearShoulder_SillCrease_x-60_s06 R_P18_RearShoulder_SillCrease_x-60_s07 R_P18_RearShoulder_SillCrease_x-60_s08 R_P18_RearShoulder_SillCrease_x-60_s09 R_P18_RearShoulder_SillCrease_x-60_s10  degree 3
> delete R_P18_RearShoulder_SillCrease_x-60_s01 R_P18_RearShoulder_SillCrease_x-60_s02 R_P18_RearShoulder_SillCrease_x-60_s03 R_P18_RearShoulder_SillCrease_x-60_s04 R_P18_RearShoulder_SillCrease_x-60_s05 R_P18_RearShoulder_SillCrease_x-60_s06 R_P18_RearShoulder_SillCrease_x-60_s07 R_P18_RearShoulder_SillCrease_x-60_s08 R_P18_RearShoulder_SillCrease_x-60_s09 R_P18_RearShoulder_SillCrease_x-60_s10
  · deleted 10 figure(s)
> tint R_P18_RearShoulder_SillCrease_x-60 0.80 0.82 0.86
> spline (-0.5985,1.1561,0.5378) (-0.5985,1.1560,0.5595) (-0.5985,1.1562,0.5812) (-0.5985,1.1565,0.6029) --name=R_P19_SillCrease_End_x-60_s01
  · #142 R_P19_SillCrease_End_x-60_s01 curve    deg 3  poles 4    integral  length 0.0651  bounds [-0.60 1.16 0.54]–[-0.60 1.16 0.60]
> spline (-0.5314,1.1415,0.5375) (-0.5314,1.1419,0.5587) (-0.5314,1.1430,0.5800) (-0.5314,1.1449,0.6012) --name=R_P19_SillCrease_End_x-60_s02
  · #143 R_P19_SillCrease_End_x-60_s02 curve    deg 3  poles 4    integral  length 0.0638  bounds [-0.53 1.14 0.54]–[-0.53 1.14 0.60]
> spline (-0.4643,1.1303,0.5372) (-0.4643,1.1316,0.5581) (-0.4643,1.1342,0.5788) (-0.4643,1.1376,0.5994) --name=R_P19_SillCrease_End_x-60_s03
  · #144 R_P19_SillCrease_End_x-60_s03 curve    deg 3  poles 4    integral  length 0.0627  bounds [-0.46 1.13 0.54]–[-0.46 1.14 0.60]
> spline (-0.3972,1.1212,0.5382) (-0.3972,1.1233,0.5583) (-0.3972,1.1272,0.5780) (-0.3972,1.1318,0.5976) --name=R_P19_SillCrease_End_x-60_s04
  · #145 R_P19_SillCrease_End_x-60_s04 curve    deg 3  poles 4    integral  length 0.0604  bounds [-0.40 1.12 0.54]–[-0.40 1.13 0.60]
> spline (-0.3300,1.1129,0.5376) (-0.3300,1.1159,0.5573) (-0.3300,1.1209,0.5767) (-0.3300,1.1268,0.5957) --name=R_P19_SillCrease_End_x-60_s05
  · #146 R_P19_SillCrease_End_x-60_s05 curve    deg 3  poles 4    integral  length 0.0599  bounds [-0.33 1.11 0.54]–[-0.33 1.13 0.60]
> spline (-0.2629,1.1053,0.5375) (-0.2629,1.1094,0.5567) (-0.2629,1.1156,0.5753) (-0.2629,1.1225,0.5937) --name=R_P19_SillCrease_End_x-60_s06
  · #147 R_P19_SillCrease_End_x-60_s06 curve    deg 3  poles 4    integral  length 0.0589  bounds [-0.26 1.11 0.54]–[-0.26 1.12 0.59]
> spline (-0.1958,1.0981,0.5369) (-0.1958,1.1037,0.5555) (-0.1958,1.1111,0.5734) (-0.1958,1.1190,0.5912) --name=R_P19_SillCrease_End_x-60_s07
  · #148 R_P19_SillCrease_End_x-60_s07 curve    deg 3  poles 4    integral  length 0.0583  bounds [-0.20 1.10 0.54]–[-0.20 1.12 0.59]
> spline (-0.1287,1.0915,0.5369) (-0.1287,1.0993,0.5542) (-0.1287,1.1077,0.5713) (-0.1287,1.1162,0.5883) --name=R_P19_SillCrease_End_x-60_s08
  · #149 R_P19_SillCrease_End_x-60_s08 curve    deg 3  poles 4    integral  length 0.0570  bounds [-0.13 1.09 0.54]–[-0.13 1.12 0.59]
> spline (-0.0616,1.0933,0.5465) (-0.0616,1.1006,0.5591) (-0.0616,1.1075,0.5720) (-0.0616,1.1143,0.5849) --name=R_P19_SillCrease_End_x-60_s09
  · #150 R_P19_SillCrease_End_x-60_s09 curve    deg 3  poles 4    integral  length 0.0438  bounds [-0.06 1.09 0.55]–[-0.06 1.11 0.58]
> spline (0.0056,1.0938,0.5467) (0.0056,1.1005,0.5580) (0.0056,1.1068,0.5695) (0.0056,1.1132,0.5810) --name=R_P19_SillCrease_End_x-60_s10
  · #151 R_P19_SillCrease_End_x-60_s10 curve    deg 3  poles 4    integral  length 0.0394  bounds [0.01 1.09 0.55]–[0.01 1.11 0.58]
> loft R_P19_SillCrease_End_x-60_s01 R_P19_SillCrease_End_x-60_s02 R_P19_SillCrease_End_x-60_s03 R_P19_SillCrease_End_x-60_s04 R_P19_SillCrease_End_x-60_s05 R_P19_SillCrease_End_x-60_s06 R_P19_SillCrease_End_x-60_s07 R_P19_SillCrease_End_x-60_s08 R_P19_SillCrease_End_x-60_s09 R_P19_SillCrease_End_x-60_s10 --sheet --name=R_P19_SillCrease_End_x-60
  · loft R_P19_SillCrease_End_x-60_s01 (open → sheet) R_P19_SillCrease_End_x-60_s02 (open → sheet) R_P19_SillCrease_End_x-60_s03 (open → sheet) R_P19_SillCrease_End_x-60_s04 (open → sheet) R_P19_SillCrease_End_x-60_s05 (open → sheet) R_P19_SillCrease_End_x-60_s06 (open → sheet) R_P19_SillCrease_End_x-60_s07 (open → sheet) R_P19_SillCrease_End_x-60_s08 (open → sheet) R_P19_SillCrease_End_x-60_s09 (open → sheet) R_P19_SillCrease_End_x-60_s10 (open → sheet)
  · #152 R_P19_SillCrease_End_x-60 surface  deg 3x3  poles 4x10  integral  bounds [-0.60 1.09 0.53]–[0.01 1.16 0.60]
  ·   ↳ loft of R_P19_SillCrease_End_x-60_s01 R_P19_SillCrease_End_x-60_s02 R_P19_SillCrease_End_x-60_s03 R_P19_SillCrease_End_x-60_s04 R_P19_SillCrease_End_x-60_s05 R_P19_SillCrease_End_x-60_s06 R_P19_SillCrease_End_x-60_s07 R_P19_SillCrease_End_x-60_s08 R_P19_SillCrease_End_x-60_s09 R_P19_SillCrease_End_x-60_s10  degree 3
> delete R_P19_SillCrease_End_x-60_s01 R_P19_SillCrease_End_x-60_s02 R_P19_SillCrease_End_x-60_s03 R_P19_SillCrease_End_x-60_s04 R_P19_SillCrease_End_x-60_s05 R_P19_SillCrease_End_x-60_s06 R_P19_SillCrease_End_x-60_s07 R_P19_SillCrease_End_x-60_s08 R_P19_SillCrease_End_x-60_s09 R_P19_SillCrease_End_x-60_s10
  · deleted 10 figure(s)
> tint R_P19_SillCrease_End_x-60 0.80 0.82 0.86
> spline (-0.5985,1.1129,0.1755) (-0.5985,1.1337,0.2459) (-0.5985,1.1477,0.3178) (-0.5985,1.1534,0.3910) (-0.5985,1.1556,0.4644) (-0.5985,1.1561,0.5378) --name=R_P20_Leg_x-59_s01
  · #153 R_P20_Leg_x-59_s01 curve    deg 3  poles 6    integral  length 0.3670  bounds [-0.60 1.11 0.18]–[-0.60 1.16 0.54]
> spline (-0.5314,1.0863,0.1841) (-0.5314,1.1076,0.2527) (-0.5314,1.1233,0.3229) (-0.5314,1.1330,0.3940) (-0.5314,1.1387,0.4657) (-0.5314,1.1415,0.5375) --name=R_P20_Leg_x-59_s02
  · #154 R_P20_Leg_x-59_s02 curve    deg 3  poles 6    integral  length 0.3594  bounds [-0.53 1.09 0.18]–[-0.53 1.14 0.54]
> spline (-0.4643,1.0605,0.1928) (-0.4643,1.0841,0.2593) (-0.4643,1.1023,0.3275) (-0.4643,1.1152,0.3969) (-0.4643,1.1243,0.4669) (-0.4643,1.1303,0.5372) --name=R_P20_Leg_x-59_s03
  · #155 R_P20_Leg_x-59_s03 curve    deg 3  poles 6    integral  length 0.3529  bounds [-0.46 1.06 0.19]–[-0.46 1.13 0.54]
> spline (-0.3972,1.0454,0.2211) (-0.3972,1.0689,0.2822) (-0.3972,1.0879,0.3449) (-0.3972,1.1023,0.4087) (-0.3972,1.1133,0.4733) (-0.3972,1.1212,0.5382) --name=R_P20_Leg_x-59_s04
  · #156 R_P20_Leg_x-59_s04 curve    deg 3  poles 6    integral  length 0.3273  bounds [-0.40 1.05 0.22]–[-0.40 1.12 0.54]
> spline (-0.3300,1.0578,0.3062) (-0.3300,1.0729,0.3514) (-0.3300,1.0860,0.3972) (-0.3300,1.0965,0.4437) (-0.3300,1.1055,0.4905) (-0.3300,1.1129,0.5376) --name=R_P20_Leg_x-59_s05
  · #157 R_P20_Leg_x-59_s05 curve    deg 3  poles 6    integral  length 0.2383  bounds [-0.33 1.06 0.31]–[-0.33 1.11 0.54]
> spline (-0.2629,1.0702,0.3912) (-0.2629,1.0787,0.4201) (-0.2629,1.0864,0.4492) (-0.2629,1.0932,0.4785) (-0.2629,1.0994,0.5080) (-0.2629,1.1053,0.5375) --name=R_P20_Leg_x-59_s06
  · #158 R_P20_Leg_x-59_s06 curve    deg 3  poles 6    integral  length 0.1505  bounds [-0.26 1.07 0.39]–[-0.26 1.11 0.54]
> spline (-0.1958,1.0825,0.4763) (-0.1958,1.0858,0.4884) (-0.1958,1.0886,0.5005) (-0.1958,1.0916,0.5127) (-0.1958,1.0948,0.5248) (-0.1958,1.0981,0.5369) --name=R_P20_Leg_x-59_s07
  · #159 R_P20_Leg_x-59_s07 curve    deg 3  poles 6    integral  length 0.0626  bounds [-0.20 1.08 0.48]–[-0.20 1.10 0.54]
> loft R_P20_Leg_x-59_s01 R_P20_Leg_x-59_s02 R_P20_Leg_x-59_s03 R_P20_Leg_x-59_s04 R_P20_Leg_x-59_s05 R_P20_Leg_x-59_s06 R_P20_Leg_x-59_s07 --sheet --name=R_P20_Leg_x-59
  · loft R_P20_Leg_x-59_s01 (open → sheet) R_P20_Leg_x-59_s02 (open → sheet) R_P20_Leg_x-59_s03 (open → sheet) R_P20_Leg_x-59_s04 (open → sheet) R_P20_Leg_x-59_s05 (open → sheet) R_P20_Leg_x-59_s06 (open → sheet) R_P20_Leg_x-59_s07 (open → sheet)
  · #160 R_P20_Leg_x-59     surface  deg 3x3  poles 18x7  integral  bounds [-0.60 1.04 0.18]–[-0.20 1.16 0.54]
  ·   ↳ loft of R_P20_Leg_x-59_s01 R_P20_Leg_x-59_s02 R_P20_Leg_x-59_s03 R_P20_Leg_x-59_s04 R_P20_Leg_x-59_s05 R_P20_Leg_x-59_s06 R_P20_Leg_x-59_s07  degree 3
> delete R_P20_Leg_x-59_s01 R_P20_Leg_x-59_s02 R_P20_Leg_x-59_s03 R_P20_Leg_x-59_s04 R_P20_Leg_x-59_s05 R_P20_Leg_x-59_s06 R_P20_Leg_x-59_s07
  · deleted 7 figure(s)
> tint R_P20_Leg_x-59 0.80 0.82 0.86
> spline (0.0116,0.8951,0.8705) (0.0116,0.8401,0.8748) (0.0116,0.7902,0.8882) (0.0116,0.7611,0.9351) (0.0116,0.7309,0.9813) (0.0116,0.6968,1.0247) (0.0116,0.6520,1.0551) (0.0116,0.6007,1.0753) (0.0116,0.5482,1.0924) (0.0116,0.4950,1.1071) (0.0116,0.4409,1.1177) (0.0116,0.3861,1.1243) (0.0116,0.3311,1.1278) (0.0116,0.2759,1.1297) (0.0116,0.2207,1.1310) (0.0116,0.1656,1.1320) (0.0116,0.1104,1.1327) (0.0116,0.0552,1.1329) (0.0116,0.0000,1.1328) --name=R_P21_Centre_RearShoulder_x0_s01
  · #161 R_P21_Centre_RearShoulder_x0_s01 curve    deg 3  poles 19   integral  length 0.9906  bounds [0.01 0.00 0.86]–[0.01 0.90 1.13]
> spline (0.0675,0.8960,0.8684) (0.0675,0.8411,0.8754) (0.0675,0.7948,0.8975) (0.0675,0.7664,0.9449) (0.0675,0.7349,0.9903) (0.0675,0.6995,1.0328) (0.0675,0.6537,1.0626) (0.0675,0.6023,1.0830) (0.0675,0.5496,1.0996) (0.0675,0.4962,1.1137) (0.0675,0.4418,1.1239) (0.0675,0.3869,1.1300) (0.0675,0.3317,1.1332) (0.0675,0.2764,1.1351) (0.0675,0.2212,1.1364) (0.0675,0.1659,1.1374) (0.0675,0.1106,1.1380) (0.0675,0.0553,1.1382) (0.0675,0.0000,1.1381) --name=R_P21_Centre_RearShoulder_x0_s02
  · #162 R_P21_Centre_RearShoulder_x0_s02 curve    deg 3  poles 19   integral  length 0.9919  bounds [0.07 0.00 0.87]–[0.07 0.90 1.14]
> spline (0.1233,0.8968,0.8662) (0.1233,0.8423,0.8763) (0.1233,0.7995,0.9035) (0.1233,0.7699,0.9505) (0.1233,0.7389,0.9964) (0.1233,0.7023,1.0380) (0.1233,0.6550,1.0659) (0.1233,0.6035,1.0865) (0.1233,0.5511,1.1047) (0.1233,0.4976,1.1193) (0.1233,0.4432,1.1296) (0.1233,0.3881,1.1360) (0.1233,0.3327,1.1393) (0.1233,0.2773,1.1411) (0.1233,0.2218,1.1424) (0.1233,0.1664,1.1433) (0.1233,0.1109,1.1439) (0.1233,0.0555,1.1441) (0.1233,0.0000,1.1439) --name=R_P21_Centre_RearShoulder_x0_s03
  · #163 R_P21_Centre_RearShoulder_x0_s03 curve    deg 3  poles 19   integral  length 0.9941  bounds [0.12 0.00 0.87]–[0.12 0.90 1.14]
> loft R_P21_Centre_RearShoulder_x0_s01 R_P21_Centre_RearShoulder_x0_s02 R_P21_Centre_RearShoulder_x0_s03 --sheet --name=R_P21_Centre_RearShoulder_x0
  · loft R_P21_Centre_RearShoulder_x0_s01 (open → sheet) R_P21_Centre_RearShoulder_x0_s02 (open → sheet) R_P21_Centre_RearShoulder_x0_s03 (open → sheet)
  · #164 R_P21_Centre_RearShoulder_x0 surface  deg 3x2  poles 49x3  integral  bounds [0.01 0.00 0.87]–[0.12 0.90 1.14]
  ·   ↳ loft of R_P21_Centre_RearShoulder_x0_s01 R_P21_Centre_RearShoulder_x0_s02 R_P21_Centre_RearShoulder_x0_s03  degree 3
> delete R_P21_Centre_RearShoulder_x0_s01 R_P21_Centre_RearShoulder_x0_s02 R_P21_Centre_RearShoulder_x0_s03
  · deleted 3 figure(s)
> tint R_P21_Centre_RearShoulder_x0 0.80 0.82 0.86
> spline (0.0116,1.1131,0.5806) (0.0116,1.1253,0.6303) (0.0116,1.1255,0.6817) (0.0116,1.1189,0.7326) (0.0116,1.1059,0.7823) (0.0116,1.0864,0.8297) (0.0116,1.0469,0.8607) (0.0116,0.9978,0.8734) (0.0116,0.9465,0.8711) (0.0116,0.8951,0.8705) --name=R_P22_RearShoulder_SillCrease_x0_s01
  · #165 R_P22_RearShoulder_SillCrease_x0_s01 curve    deg 3  poles 10   integral  length 0.4618  bounds [0.01 0.90 0.58]–[0.01 1.13 0.88]
> spline (0.0675,1.1125,0.5771) (0.0675,1.1245,0.6271) (0.0675,1.1252,0.6787) (0.0675,1.1190,0.7299) (0.0675,1.1064,0.7798) (0.0675,1.0872,0.8276) (0.0675,1.0484,0.8597) (0.0675,0.9990,0.8715) (0.0675,0.9476,0.8686) (0.0675,0.8960,0.8684) --name=R_P22_RearShoulder_SillCrease_x0_s02
  · #166 R_P22_RearShoulder_SillCrease_x0_s02 curve    deg 3  poles 10   integral  length 0.4634  bounds [0.07 0.90 0.58]–[0.07 1.13 0.88]
> spline (0.1233,1.1120,0.5735) (0.1233,1.1238,0.6238) (0.1233,1.1248,0.6756) (0.1233,1.1191,0.7271) (0.1233,1.1068,0.7774) (0.1233,1.0879,0.8256) (0.1233,1.0498,0.8587) (0.1233,1.0002,0.8695) (0.1233,0.9487,0.8660) (0.1233,0.8968,0.8662) --name=R_P22_RearShoulder_SillCrease_x0_s03
  · #167 R_P22_RearShoulder_SillCrease_x0_s03 curve    deg 3  poles 10   integral  length 0.4653  bounds [0.12 0.90 0.57]–[0.12 1.13 0.88]
> loft R_P22_RearShoulder_SillCrease_x0_s01 R_P22_RearShoulder_SillCrease_x0_s02 R_P22_RearShoulder_SillCrease_x0_s03 --sheet --name=R_P22_RearShoulder_SillCrease_x0
  · loft R_P22_RearShoulder_SillCrease_x0_s01 (open → sheet) R_P22_RearShoulder_SillCrease_x0_s02 (open → sheet) R_P22_RearShoulder_SillCrease_x0_s03 (open → sheet)
  · #168 R_P22_RearShoulder_SillCrease_x0 surface  deg 3x2  poles 22x3  integral  bounds [0.01 0.90 0.57]–[0.12 1.13 0.88]
  ·   ↳ loft of R_P22_RearShoulder_SillCrease_x0_s01 R_P22_RearShoulder_SillCrease_x0_s02 R_P22_RearShoulder_SillCrease_x0_s03  degree 3
> delete R_P22_RearShoulder_SillCrease_x0_s01 R_P22_RearShoulder_SillCrease_x0_s02 R_P22_RearShoulder_SillCrease_x0_s03
  · deleted 3 figure(s)
> tint R_P22_RearShoulder_SillCrease_x0 0.80 0.82 0.86
> spline (0.0116,1.0938,0.5464) (0.0116,1.1005,0.5577) (0.0116,1.1068,0.5692) (0.0116,1.1131,0.5806) --name=R_P23_SillCrease_End_x0_s01
  · #169 R_P23_SillCrease_End_x0_s01 curve    deg 3  poles 4    integral  length 0.0393  bounds [0.01 1.09 0.55]–[0.01 1.11 0.58]
> spline (0.0675,1.0938,0.5439) (0.0675,1.1002,0.5549) (0.0675,1.1064,0.5660) (0.0675,1.1125,0.5771) --name=R_P23_SillCrease_End_x0_s02
  · #170 R_P23_SillCrease_End_x0_s02 curve    deg 3  poles 4    integral  length 0.0381  bounds [0.07 1.09 0.54]–[0.07 1.11 0.58]
> spline (0.1233,1.0937,0.5405) (0.1233,1.0999,0.5514) (0.1233,1.1060,0.5625) (0.1233,1.1120,0.5735) --name=R_P23_SillCrease_End_x0_s03
  · #171 R_P23_SillCrease_End_x0_s03 curve    deg 3  poles 4    integral  length 0.0377  bounds [0.12 1.09 0.54]–[0.12 1.11 0.57]
> loft R_P23_SillCrease_End_x0_s01 R_P23_SillCrease_End_x0_s02 R_P23_SillCrease_End_x0_s03 --sheet --name=R_P23_SillCrease_End_x0
  · loft R_P23_SillCrease_End_x0_s01 (open → sheet) R_P23_SillCrease_End_x0_s02 (open → sheet) R_P23_SillCrease_End_x0_s03 (open → sheet)
  · #172 R_P23_SillCrease_End_x0 surface  deg 3x2  poles 4x3  integral  bounds [0.01 1.09 0.54]–[0.12 1.11 0.58]
  ·   ↳ loft of R_P23_SillCrease_End_x0_s01 R_P23_SillCrease_End_x0_s02 R_P23_SillCrease_End_x0_s03  degree 3
> delete R_P23_SillCrease_End_x0_s01 R_P23_SillCrease_End_x0_s02 R_P23_SillCrease_End_x0_s03
  · deleted 3 figure(s)
> tint R_P23_SillCrease_End_x0 0.80 0.82 0.86
> spline (0.1293,1.1119,0.5732) (0.1293,1.1244,0.6353) (0.1293,1.1230,0.6989) (0.1293,1.1112,0.7613) (0.1293,1.0897,0.8211) (0.1293,1.0429,0.8612) (0.1293,0.9812,0.8668) (0.1293,0.9176,0.8659) (0.1293,0.8546,0.8741) (0.1293,0.8016,0.9011) (0.1293,0.7678,0.9550) (0.1293,0.7311,1.0070) (0.1293,0.6861,1.0517) (0.1293,0.6280,1.0772) (0.1293,0.5684,1.0996) (0.1293,0.5074,1.1175) (0.1293,0.4450,1.1299) (0.1293,0.3817,1.1371) (0.1293,0.3182,1.1405) (0.1293,0.2546,1.1423) (0.1293,0.1909,1.1435) (0.1293,0.1273,1.1444) (0.1293,0.0636,1.1447) (0.1293,0.0000,1.1446) --name=R_P24_Centre_SillCrease_x12_s01
  · #173 R_P24_Centre_SillCrease_x12_s01 curve    deg 3  poles 24   integral  length 1.4585  bounds [0.13 0.00 0.57]–[0.13 1.13 1.14]
> spline (0.2003,1.1112,0.5685) (0.2003,1.1235,0.6312) (0.2003,1.1228,0.6951) (0.2003,1.1116,0.7580) (0.2003,1.0906,0.8183) (0.2003,1.0451,0.8605) (0.2003,0.9834,0.8666) (0.2003,0.9195,0.8654) (0.2003,0.8562,0.8733) (0.2003,0.8055,0.9049) (0.2003,0.7746,0.9609) (0.2003,0.7362,1.0118) (0.2003,0.6892,1.0551) (0.2003,0.6303,1.0798) (0.2003,0.5711,1.1040) (0.2003,0.5100,1.1230) (0.2003,0.4474,1.1359) (0.2003,0.3838,1.1433) (0.2003,0.3199,1.1470) (0.2003,0.2560,1.1488) (0.2003,0.1920,1.1500) (0.2003,0.1280,1.1507) (0.2003,0.0640,1.1509) (0.2003,0.0000,1.1508) --name=R_P24_Centre_SillCrease_x12_s02
  · #174 R_P24_Centre_SillCrease_x12_s02 curve    deg 3  poles 24   integral  length 1.4662  bounds [0.20 0.00 0.57]–[0.20 1.13 1.15]
> spline (0.2713,1.1104,0.5639) (0.2713,1.1226,0.6269) (0.2713,1.1225,0.6911) (0.2713,1.1120,0.7543) (0.2713,1.0917,0.8152) (0.2713,1.0478,0.8595) (0.2713,0.9861,0.8666) (0.2713,0.9220,0.8649) (0.2713,0.8584,0.8722) (0.2713,0.8091,0.9080) (0.2713,0.7807,0.9656) (0.2713,0.7398,1.0148) (0.2713,0.6911,1.0567) (0.2713,0.6322,1.0819) (0.2713,0.5731,1.1070) (0.2713,0.5120,1.1268) (0.2713,0.4491,1.1400) (0.2713,0.3853,1.1476) (0.2713,0.3212,1.1514) (0.2713,0.2570,1.1534) (0.2713,0.1927,1.1546) (0.2713,0.1285,1.1552) (0.2713,0.0643,1.1554) (0.2713,0.0000,1.1552) --name=R_P24_Centre_SillCrease_x12_s03
  · #175 R_P24_Centre_SillCrease_x12_s03 curve    deg 3  poles 24   integral  length 1.4731  bounds [0.27 0.00 0.56]–[0.27 1.13 1.16]
> spline (0.3422,1.1096,0.5593) (0.3422,1.1218,0.6226) (0.3422,1.1222,0.6870) (0.3422,1.1124,0.7507) (0.3422,1.0926,0.8120) (0.3422,1.0504,0.8585) (0.3422,0.9888,0.8665) (0.3422,0.9244,0.8645) (0.3422,0.8604,0.8710) (0.3422,0.8146,0.9100) (0.3422,0.7851,0.9673) (0.3422,0.7424,1.0153) (0.3422,0.6930,1.0567) (0.3422,0.6342,1.0830) (0.3422,0.5751,1.1087) (0.3422,0.5139,1.1291) (0.3422,0.4509,1.1427) (0.3422,0.3869,1.1504) (0.3422,0.3225,1.1545) (0.3422,0.2580,1.1566) (0.3422,0.1935,1.1577) (0.3422,0.1290,1.1583) (0.3422,0.0645,1.1584) (0.3422,0.0000,1.1581) --name=R_P24_Centre_SillCrease_x12_s04
  · #176 R_P24_Centre_SillCrease_x12_s04 curve    deg 3  poles 24   integral  length 1.4781  bounds [0.34 0.00 0.56]–[0.34 1.13 1.16]
> spline (0.4132,1.1089,0.5547) (0.4132,1.1208,0.6182) (0.4132,1.1219,0.6829) (0.4132,1.1128,0.7468) (0.4132,1.0937,0.8086) (0.4132,1.0531,0.8569) (0.4132,0.9915,0.8665) (0.4132,0.9269,0.8642) (0.4132,0.8625,0.8692) (0.4132,0.8188,0.9103) (0.4132,0.7879,0.9671) (0.4132,0.7443,1.0146) (0.4132,0.6946,1.0562) (0.4132,0.6360,1.0833) (0.4132,0.5768,1.1093) (0.4132,0.5156,1.1303) (0.4132,0.4524,1.1443) (0.4132,0.3882,1.1521) (0.4132,0.3236,1.1563) (0.4132,0.2589,1.1584) (0.4132,0.1942,1.1595) (0.4132,0.1295,1.1600) (0.4132,0.0647,1.1601) (0.4132,0.0000,1.1599) --name=R_P24_Centre_SillCrease_x12_s05
  · #177 R_P24_Centre_SillCrease_x12_s05 curve    deg 3  poles 24   integral  length 1.4829  bounds [0.41 0.00 0.55]–[0.41 1.13 1.16]
> spline (0.4841,1.1083,0.5493) (0.4841,1.1198,0.6132) (0.4841,1.1215,0.6781) (0.4841,1.1133,0.7424) (0.4841,1.0947,0.8046) (0.4841,1.0559,0.8548) (0.4841,0.9945,0.8666) (0.4841,0.9296,0.8640) (0.4841,0.8647,0.8667) (0.4841,0.8219,0.9085) (0.4841,0.7900,0.9650) (0.4841,0.7461,1.0127) (0.4841,0.6964,1.0545) (0.4841,0.6380,1.0826) (0.4841,0.5786,1.1090) (0.4841,0.5173,1.1304) (0.4841,0.4540,1.1448) (0.4841,0.3896,1.1529) (0.4841,0.3248,1.1571) (0.4841,0.2598,1.1593) (0.4841,0.1949,1.1603) (0.4841,0.1299,1.1608) (0.4841,0.0650,1.1609) (0.4841,0.0000,1.1606) --name=R_P24_Centre_SillCrease_x12_s06
  · #178 R_P24_Centre_SillCrease_x12_s06 curve    deg 3  poles 24   integral  length 1.4884  bounds [0.48 0.00 0.55]–[0.48 1.13 1.16]
> spline (0.5551,1.1077,0.5420) (0.5551,1.1186,0.6064) (0.5551,1.1212,0.6716) (0.5551,1.1140,0.7364) (0.5551,1.0963,0.7992) (0.5551,1.0597,0.8516) (0.5551,0.9985,0.8667) (0.5551,0.9333,0.8640) (0.5551,0.8680,0.8640) (0.5551,0.8245,0.9037) (0.5551,0.7925,0.9605) (0.5551,0.7487,1.0088) (0.5551,0.6992,1.0514) (0.5551,0.6410,1.0807) (0.5551,0.5813,1.1071) (0.5551,0.5199,1.1294) (0.5551,0.4564,1.1443) (0.5551,0.3916,1.1526) (0.5551,0.3265,1.1569) (0.5551,0.2612,1.1591) (0.5551,0.1959,1.1601) (0.5551,0.1306,1.1605) (0.5551,0.0653,1.1606) (0.5551,0.0000,1.1603) --name=R_P24_Centre_SillCrease_x12_s07
  · #179 R_P24_Centre_SillCrease_x12_s07 curve    deg 3  poles 24   integral  length 1.4954  bounds [0.56 0.00 0.54]–[0.56 1.13 1.16]
> spline (0.6260,1.1069,0.5325) (0.6260,1.1172,0.5974) (0.6260,1.1207,0.6631) (0.6260,1.1149,0.7285) (0.6260,1.0984,0.7921) (0.6260,1.0646,0.8472) (0.6260,1.0039,0.8669) (0.6260,0.9382,0.8642) (0.6260,0.8725,0.8618) (0.6260,0.8271,0.8957) (0.6260,0.7954,0.9532) (0.6260,0.7521,1.0025) (0.6260,0.7029,1.0463) (0.6260,0.6455,1.0775) (0.6260,0.5852,1.1039) (0.6260,0.5236,1.1269) (0.6260,0.4598,1.1426) (0.6260,0.3945,1.1511) (0.6260,0.3289,1.1555) (0.6260,0.2632,1.1577) (0.6260,0.1974,1.1587) (0.6260,0.1316,1.1591) (0.6260,0.0658,1.1592) (0.6260,0.0000,1.1590) --name=R_P24_Centre_SillCrease_x12_s08
  · #180 R_P24_Centre_SillCrease_x12_s08 curve    deg 3  poles 24   integral  length 1.5039  bounds [0.63 0.00 0.53]–[0.63 1.12 1.16]
> spline (0.6970,1.1061,0.5210) (0.6970,1.1155,0.5868) (0.6970,1.1202,0.6530) (0.6970,1.1160,0.7194) (0.6970,1.1006,0.7840) (0.6970,1.0700,0.8421) (0.6970,1.0104,0.8669) (0.6970,0.9439,0.8644) (0.6970,0.8777,0.8607) (0.6970,0.8305,0.8833) (0.6970,0.7995,0.9420) (0.6970,0.7567,0.9928) (0.6970,0.7081,1.0381) (0.6970,0.6523,1.0728) (0.6970,0.5911,1.0988) (0.6970,0.5290,1.1228) (0.6970,0.4648,1.1396) (0.6970,0.3989,1.1485) (0.6970,0.3325,1.1530) (0.6970,0.2660,1.1551) (0.6970,0.1995,1.1562) (0.6970,0.1330,1.1566) (0.6970,0.0665,1.1566) (0.6970,0.0000,1.1566) --name=R_P24_Centre_SillCrease_x12_s09
  · #181 R_P24_Centre_SillCrease_x12_s09 curve    deg 3  poles 24   integral  length 1.5154  bounds [0.70 0.00 0.52]–[0.70 1.12 1.16]
> spline (0.7679,1.1052,0.5080) (0.7679,1.1142,0.5743) (0.7679,1.1194,0.6410) (0.7679,1.1169,0.7078) (0.7679,1.1034,0.7733) (0.7679,1.0765,0.8341) (0.7679,1.0198,0.8658) (0.7679,0.9529,0.8648) (0.7679,0.8864,0.8615) (0.7679,0.8328,0.8717) (0.7679,0.8015,0.9307) (0.7679,0.7586,0.9820) (0.7679,0.7103,1.0283) (0.7679,0.6567,1.0675) (0.7679,0.5947,1.0927) (0.7679,0.5322,1.1167) (0.7679,0.4678,1.1347) (0.7679,0.4015,1.1439) (0.7679,0.3347,1.1482) (0.7679,0.2678,1.1503) (0.7679,0.2008,1.1512) (0.7679,0.1339,1.1516) (0.7679,0.0669,1.1517) (0.7679,0.0000,1.1517) --name=R_P24_Centre_SillCrease_x12_s10
  · #182 R_P24_Centre_SillCrease_x12_s10 curve    deg 3  poles 24   integral  length 1.5280  bounds [0.77 0.00 0.51]–[0.77 1.12 1.15]
> spline (0.8389,1.1047,0.4931) (0.8389,1.1130,0.5598) (0.8389,1.1185,0.6269) (0.8389,1.1177,0.6942) (0.8389,1.1064,0.7605) (0.8389,1.0831,0.8235) (0.8389,1.0304,0.8622) (0.8389,0.9635,0.8656) (0.8389,0.8965,0.8631) (0.8389,0.8357,0.8586) (0.8389,0.8032,0.9174) (0.8389,0.7599,0.9689) (0.8389,0.7116,1.0158) (0.8389,0.6604,1.0592) (0.8389,0.5981,1.0845) (0.8389,0.5349,1.1078) (0.8389,0.4705,1.1270) (0.8389,0.4039,1.1372) (0.8389,0.3367,1.1413) (0.8389,0.2694,1.1431) (0.8389,0.2021,1.1440) (0.8389,0.1347,1.1443) (0.8389,0.0674,1.1444) (0.8389,0.0000,1.1444) --name=R_P24_Centre_SillCrease_x12_s11
  · #183 R_P24_Centre_SillCrease_x12_s11 curve    deg 3  poles 24   integral  length 1.5440  bounds [0.84 0.00 0.49]–[0.84 1.12 1.14]
> spline (0.9098,1.1058,0.4746) (0.9098,1.1132,0.5422) (0.9098,1.1179,0.6101) (0.9098,1.1187,0.6781) (0.9098,1.1101,0.7455) (0.9098,1.0892,0.8102) (0.9098,1.0425,0.8570) (0.9098,0.9760,0.8668) (0.9098,0.9079,0.8665) (0.9098,0.8462,0.8418) (0.9098,0.8085,0.8983) (0.9098,0.7653,0.9508) (0.9098,0.7160,0.9977) (0.9098,0.6647,1.0425) (0.9098,0.6046,1.0730) (0.9098,0.5400,1.0943) (0.9098,0.4750,1.1147) (0.9098,0.4083,1.1279) (0.9098,0.3404,1.1320) (0.9098,0.2723,1.1336) (0.9098,0.2042,1.1344) (0.9098,0.1362,1.1347) (0.9098,0.0681,1.1348) (0.9098,0.0000,1.1348) --name=R_P24_Centre_SillCrease_x12_s12
  · #184 R_P24_Centre_SillCrease_x12_s12 curve    deg 3  poles 24   integral  length 1.5658  bounds [0.91 0.00 0.47]–[0.91 1.12 1.13]
> spline (0.9808,1.1096,0.4552) (0.9808,1.1153,0.5235) (0.9808,1.1185,0.5921) (0.9808,1.1204,0.6606) (0.9808,1.1148,0.7289) (0.9808,1.0952,0.7946) (0.9808,1.0563,0.8492) (0.9808,0.9912,0.8675) (0.9808,0.9226,0.8689) (0.9808,0.8593,0.8459) (0.9808,0.8149,0.8780) (0.9808,0.7718,0.9312) (0.9808,0.7207,0.9770) (0.9808,0.6671,1.0198) (0.9808,0.6101,1.0580) (0.9808,0.5444,1.0777) (0.9808,0.4781,1.0954) (0.9808,0.4112,1.1105) (0.9808,0.3431,1.1183) (0.9808,0.2745,1.1204) (0.9808,0.2059,1.1213) (0.9808,0.1372,1.1217) (0.9808,0.0686,1.1218) (0.9808,0.0000,1.1218) --name=R_P24_Centre_SillCrease_x12_s13
  · #185 R_P24_Centre_SillCrease_x12_s13 curve    deg 3  poles 24   integral  length 1.5649  bounds [0.98 0.00 0.46]–[0.98 1.12 1.12]
> loft R_P24_Centre_SillCrease_x12_s01 R_P24_Centre_SillCrease_x12_s02 R_P24_Centre_SillCrease_x12_s03 R_P24_Centre_SillCrease_x12_s04 R_P24_Centre_SillCrease_x12_s05 R_P24_Centre_SillCrease_x12_s06 R_P24_Centre_SillCrease_x12_s07 R_P24_Centre_SillCrease_x12_s08 R_P24_Centre_SillCrease_x12_s09 R_P24_Centre_SillCrease_x12_s10 R_P24_Centre_SillCrease_x12_s11 R_P24_Centre_SillCrease_x12_s12 R_P24_Centre_SillCrease_x12_s13 --sheet --name=R_P24_Centre_SillCrease_x12
  · loft R_P24_Centre_SillCrease_x12_s01 (open → sheet) R_P24_Centre_SillCrease_x12_s02 (open → sheet) R_P24_Centre_SillCrease_x12_s03 (open → sheet) R_P24_Centre_SillCrease_x12_s04 (open → sheet) R_P24_Centre_SillCrease_x12_s05 (open → sheet) R_P24_Centre_SillCrease_x12_s06 (open → sheet) R_P24_Centre_SillCrease_x12_s07 (open → sheet) R_P24_Centre_SillCrease_x12_s08 (open → sheet) R_P24_Centre_SillCrease_x12_s09 (open → sheet) R_P24_Centre_SillCrease_x12_s10 (open → sheet) R_P24_Centre_SillCrease_x12_s11 (open → sheet) R_P24_Centre_SillCrease_x12_s12 (open → sheet) R_P24_Centre_SillCrease_x12_s13 (open → sheet)
  · #186 R_P24_Centre_SillCrease_x12 surface  deg 3x3  poles 264x13  integral  bounds [0.13 0.00 0.46]–[0.98 1.13 1.16]
  ·   ↳ loft of R_P24_Centre_SillCrease_x12_s01 R_P24_Centre_SillCrease_x12_s02 R_P24_Centre_SillCrease_x12_s03 R_P24_Centre_SillCrease_x12_s04 R_P24_Centre_SillCrease_x12_s05 R_P24_Centre_SillCrease_x12_s06 R_P24_Centre_SillCrease_x12_s07 R_P24_Centre_SillCrease_x12_s08 R_P24_Centre_SillCrease_x12_s09 R_P24_Centre_SillCrease_x12_s10 R_P24_Centre_SillCrease_x12_s11 R_P24_Centre_SillCrease_x12_s12 R_P24_Centre_SillCrease_x12_s13  degree 3
> delete R_P24_Centre_SillCrease_x12_s01 R_P24_Centre_SillCrease_x12_s02 R_P24_Centre_SillCrease_x12_s03 R_P24_Centre_SillCrease_x12_s04 R_P24_Centre_SillCrease_x12_s05 R_P24_Centre_SillCrease_x12_s06 R_P24_Centre_SillCrease_x12_s07 R_P24_Centre_SillCrease_x12_s08 R_P24_Centre_SillCrease_x12_s09 R_P24_Centre_SillCrease_x12_s10 R_P24_Centre_SillCrease_x12_s11 R_P24_Centre_SillCrease_x12_s12 R_P24_Centre_SillCrease_x12_s13
  · deleted 13 figure(s)
> tint R_P24_Centre_SillCrease_x12 0.80 0.82 0.86
> spline (0.1293,1.0937,0.5402) (0.1293,1.0999,0.5511) (0.1293,1.1059,0.5621) (0.1293,1.1119,0.5732) --name=R_P25_SillCrease_End_x12_s01
  · #187 R_P25_SillCrease_End_x12_s01 curve    deg 3  poles 4    integral  length 0.0377  bounds [0.13 1.09 0.54]–[0.13 1.11 0.57]
> spline (0.2003,1.0935,0.5356) (0.2003,1.0996,0.5465) (0.2003,1.1054,0.5575) (0.2003,1.1112,0.5685) --name=R_P25_SillCrease_End_x12_s02
  · #188 R_P25_SillCrease_End_x12_s02 curve    deg 3  poles 4    integral  length 0.0374  bounds [0.20 1.09 0.54]–[0.20 1.11 0.57]
> spline (0.2713,1.0933,0.5308) (0.2713,1.0992,0.5417) (0.2713,1.1048,0.5528) (0.2713,1.1104,0.5639) --name=R_P25_SillCrease_End_x12_s03
  · #189 R_P25_SillCrease_End_x12_s03 curve    deg 3  poles 4    integral  length 0.0373  bounds [0.27 1.09 0.53]–[0.27 1.11 0.56]
> spline (0.3422,1.0956,0.5302) (0.3422,1.1003,0.5399) (0.3422,1.1049,0.5496) (0.3422,1.1096,0.5593) --name=R_P25_SillCrease_End_x12_s04
  · #190 R_P25_SillCrease_End_x12_s04 curve    deg 3  poles 4    integral  length 0.0323  bounds [0.34 1.10 0.53]–[0.34 1.11 0.56]
> spline (0.4132,1.0978,0.5302) (0.4132,1.1015,0.5384) (0.4132,1.1052,0.5465) (0.4132,1.1089,0.5547) --name=R_P25_SillCrease_End_x12_s05
  · #191 R_P25_SillCrease_End_x12_s05 curve    deg 3  poles 4    integral  length 0.0269  bounds [0.41 1.10 0.53]–[0.41 1.11 0.55]
> spline (0.4841,1.1001,0.5302) (0.4841,1.1029,0.5366) (0.4841,1.1056,0.5430) (0.4841,1.1083,0.5493) --name=R_P25_SillCrease_End_x12_s06
  · #192 R_P25_SillCrease_End_x12_s06 curve    deg 3  poles 4    integral  length 0.0208  bounds [0.48 1.10 0.53]–[0.48 1.11 0.55]
> spline (0.5551,1.1029,0.5303) (0.5551,1.1045,0.5342) (0.5551,1.1061,0.5381) (0.5551,1.1077,0.5420) --name=R_P25_SillCrease_End_x12_s07
  · #193 R_P25_SillCrease_End_x12_s07 curve    deg 3  poles 4    integral  length 0.0126  bounds [0.56 1.10 0.53]–[0.56 1.11 0.54]
> spline (0.6260,1.1061,0.5303) (0.6260,1.1064,0.5310) (0.6260,1.1066,0.5318) (0.6260,1.1069,0.5325) --name=R_P25_SillCrease_End_x12_s08
  · #194 R_P25_SillCrease_End_x12_s08 curve    deg 3  poles 4    integral  length 0.0024  bounds [0.63 1.11 0.53]–[0.63 1.11 0.53]
> spline (0.6970,1.0884,0.4740) (0.6970,1.0945,0.4896) (0.6970,1.1003,0.5053) (0.6970,1.1061,0.5210) --name=R_P25_SillCrease_End_x12_s09
  · #195 R_P25_SillCrease_End_x12_s09 curve    deg 3  poles 4    integral  length 0.0502  bounds [0.70 1.09 0.47]–[0.70 1.11 0.52]
> spline (0.7679,1.0860,0.4541) (0.7679,1.0925,0.4720) (0.7679,1.0989,0.4900) (0.7679,1.1052,0.5080) --name=R_P25_SillCrease_End_x12_s10
  · #196 R_P25_SillCrease_End_x12_s10 curve    deg 3  poles 4    integral  length 0.0572  bounds [0.77 1.09 0.45]–[0.77 1.11 0.51]
> spline (0.8389,1.0815,0.4250) (0.8389,1.0891,0.4478) (0.8389,1.0969,0.4704) (0.8389,1.1047,0.4931) --name=R_P25_SillCrease_End_x12_s11
  · #197 R_P25_SillCrease_End_x12_s11 curve    deg 3  poles 4    integral  length 0.0719  bounds [0.84 1.08 0.42]–[0.84 1.10 0.49]
> spline (0.9098,1.0734,0.3745) (0.9098,1.0835,0.4080) (0.9098,1.0944,0.4414) (0.9098,1.1058,0.4746) --name=R_P25_SillCrease_End_x12_s12
  · #198 R_P25_SillCrease_End_x12_s12 curve    deg 3  poles 4    integral  length 0.1052  bounds [0.91 1.07 0.37]–[0.91 1.11 0.47]
> spline (0.9808,1.0659,0.3131) (0.9808,1.0801,0.3606) (0.9808,1.0945,0.4080) (0.9808,1.1096,0.4552) --name=R_P25_SillCrease_End_x12_s13
  · #199 R_P25_SillCrease_End_x12_s13 curve    deg 3  poles 4    integral  length 0.1487  bounds [0.98 1.07 0.31]–[0.98 1.11 0.46]
> loft R_P25_SillCrease_End_x12_s01 R_P25_SillCrease_End_x12_s02 R_P25_SillCrease_End_x12_s03 R_P25_SillCrease_End_x12_s04 R_P25_SillCrease_End_x12_s05 R_P25_SillCrease_End_x12_s06 R_P25_SillCrease_End_x12_s07 R_P25_SillCrease_End_x12_s08 R_P25_SillCrease_End_x12_s09 R_P25_SillCrease_End_x12_s10 R_P25_SillCrease_End_x12_s11 R_P25_SillCrease_End_x12_s12 R_P25_SillCrease_End_x12_s13 --sheet --name=R_P25_SillCrease_End_x12
  · loft R_P25_SillCrease_End_x12_s01 (open → sheet) R_P25_SillCrease_End_x12_s02 (open → sheet) R_P25_SillCrease_End_x12_s03 (open → sheet) R_P25_SillCrease_End_x12_s04 (open → sheet) R_P25_SillCrease_End_x12_s05 (open → sheet) R_P25_SillCrease_End_x12_s06 (open → sheet) R_P25_SillCrease_End_x12_s07 (open → sheet) R_P25_SillCrease_End_x12_s08 (open → sheet) R_P25_SillCrease_End_x12_s09 (open → sheet) R_P25_SillCrease_End_x12_s10 (open → sheet) R_P25_SillCrease_End_x12_s11 (open → sheet) R_P25_SillCrease_End_x12_s12 (open → sheet) R_P25_SillCrease_End_x12_s13 (open → sheet)
  · #200 R_P25_SillCrease_End_x12 surface  deg 3x3  poles 4x13  integral  bounds [0.13 1.07 0.31]–[0.98 1.11 0.57]
  ·   ↳ loft of R_P25_SillCrease_End_x12_s01 R_P25_SillCrease_End_x12_s02 R_P25_SillCrease_End_x12_s03 R_P25_SillCrease_End_x12_s04 R_P25_SillCrease_End_x12_s05 R_P25_SillCrease_End_x12_s06 R_P25_SillCrease_End_x12_s07 R_P25_SillCrease_End_x12_s08 R_P25_SillCrease_End_x12_s09 R_P25_SillCrease_End_x12_s10 R_P25_SillCrease_End_x12_s11 R_P25_SillCrease_End_x12_s12 R_P25_SillCrease_End_x12_s13  degree 3
> delete R_P25_SillCrease_End_x12_s01 R_P25_SillCrease_End_x12_s02 R_P25_SillCrease_End_x12_s03 R_P25_SillCrease_End_x12_s04 R_P25_SillCrease_End_x12_s05 R_P25_SillCrease_End_x12_s06 R_P25_SillCrease_End_x12_s07 R_P25_SillCrease_End_x12_s08 R_P25_SillCrease_End_x12_s09 R_P25_SillCrease_End_x12_s10 R_P25_SillCrease_End_x12_s11 R_P25_SillCrease_End_x12_s12 R_P25_SillCrease_End_x12_s13
  · deleted 13 figure(s)
> tint R_P25_SillCrease_End_x12 0.80 0.82 0.86
> spline (0.9868,0.8971,0.8684) (0.9868,0.8461,0.8386) (0.9868,0.8124,0.8810) (0.9868,0.7751,0.9268) (0.9868,0.7315,0.9666) (0.9868,0.6855,1.0038) (0.9868,0.6377,1.0386) (0.9868,0.5851,1.0648) (0.9868,0.5282,1.0807) (0.9868,0.4709,1.0954) (0.9868,0.4132,1.1083) (0.9868,0.3546,1.1159) (0.9868,0.2956,1.1185) (0.9868,0.2365,1.1196) (0.9868,0.1774,1.1202) (0.9868,0.1182,1.1205) (0.9868,0.0591,1.1206) (0.9868,0.0000,1.1206) --name=R_P26_Centre_BonnetEdge_x98_s01
  · #201 R_P26_Centre_BonnetEdge_x98_s01 curve    deg 3  poles 18   integral  length 1.0073  bounds [0.99 0.00 0.80]–[0.99 0.90 1.12]
> spline (1.0605,0.8965,0.8703) (1.0605,0.8491,0.8360) (1.0605,0.8116,0.8685) (1.0605,0.7728,0.9123) (1.0605,0.7285,0.9507) (1.0605,0.6812,0.9851) (1.0605,0.6319,1.0168) (1.0605,0.5798,1.0435) (1.0605,0.5242,1.0618) (1.0605,0.4669,1.0736) (1.0605,0.4092,1.0842) (1.0605,0.3512,1.0920) (1.0605,0.2928,1.0971) (1.0605,0.2343,1.1004) (1.0605,0.1758,1.1024) (1.0605,0.1172,1.1036) (1.0605,0.0586,1.1041) (1.0605,0.0000,1.1041) --name=R_P26_Centre_BonnetEdge_x98_s02
  · #202 R_P26_Centre_BonnetEdge_x98_s02 curve    deg 3  poles 18   integral  length 0.9941  bounds [1.06 0.00 0.81]–[1.06 0.90 1.10]
> spline (1.1341,0.8950,0.8740) (1.1341,0.8498,0.8377) (1.1341,0.8108,0.8539) (1.1341,0.7705,0.8958) (1.1341,0.7256,0.9326) (1.1341,0.6780,0.9661) (1.1341,0.6282,0.9960) (1.1341,0.5749,1.0191) (1.1341,0.5194,1.0364) (1.1341,0.4631,1.0507) (1.1341,0.4060,1.0613) (1.1341,0.3483,1.0685) (1.1341,0.2904,1.0742) (1.1341,0.2324,1.0784) (1.1341,0.1744,1.0813) (1.1341,0.1163,1.0832) (1.1341,0.0581,1.0839) (1.1341,0.0000,1.0839) --name=R_P26_Centre_BonnetEdge_x98_s03
  · #203 R_P26_Centre_BonnetEdge_x98_s03 curve    deg 3  poles 18   integral  length 0.9780  bounds [1.13 0.00 0.82]–[1.13 0.90 1.08]
> spline (1.2077,0.8927,0.8783) (1.2077,0.8488,0.8418) (1.2077,0.8103,0.8357) (1.2077,0.7689,0.8761) (1.2077,0.7246,0.9132) (1.2077,0.6770,0.9461) (1.2077,0.6259,0.9731) (1.2077,0.5717,0.9935) (1.2077,0.5164,1.0103) (1.2077,0.4604,1.0248) (1.2077,0.4036,1.0359) (1.2077,0.3463,1.0442) (1.2077,0.2889,1.0511) (1.2077,0.2313,1.0565) (1.2077,0.1735,1.0602) (1.2077,0.1157,1.0623) (1.2077,0.0579,1.0633) (1.2077,0.0000,1.0635) --name=R_P26_Centre_BonnetEdge_x98_s04
  · #204 R_P26_Centre_BonnetEdge_x98_s04 curve    deg 3  poles 18   integral  length 0.9667  bounds [1.21 0.00 0.81]–[1.21 0.89 1.06]
> spline (1.2814,0.8899,0.8827) (1.2814,0.8466,0.8486) (1.2814,0.8110,0.8144) (1.2814,0.7696,0.8546) (1.2814,0.7254,0.8918) (1.2814,0.6769,0.9232) (1.2814,0.6247,0.9476) (1.2814,0.5703,0.9671) (1.2814,0.5152,0.9844) (1.2814,0.4594,0.9991) (1.2814,0.4027,1.0101) (1.2814,0.3456,1.0187) (1.2814,0.2883,1.0258) (1.2814,0.2308,1.0314) (1.2814,0.1732,1.0357) (1.2814,0.1155,1.0386) (1.2814,0.0578,1.0401) (1.2814,0.0000,1.0404) --name=R_P26_Centre_BonnetEdge_x98_s05
  · #205 R_P26_Centre_BonnetEdge_x98_s05 curve    deg 3  poles 18   integral  length 0.9767  bounds [1.28 0.00 0.77]–[1.28 0.89 1.04]
> spline (1.3550,0.8838,0.8877) (1.3550,0.8411,0.8545) (1.3550,0.8112,0.8059) (1.3550,0.7663,0.8361) (1.3550,0.7210,0.8710) (1.3550,0.6714,0.8995) (1.3550,0.6190,0.9225) (1.3550,0.5652,0.9421) (1.3550,0.5107,0.9596) (1.3550,0.4553,0.9737) (1.3550,0.3990,0.9845) (1.3550,0.3424,0.9931) (1.3550,0.2856,1.0003) (1.3550,0.2287,1.0061) (1.3550,0.1716,1.0105) (1.3550,0.1145,1.0138) (1.3550,0.0572,1.0156) (1.3550,0.0000,1.0160) --name=R_P26_Centre_BonnetEdge_x98_s06
  · #206 R_P26_Centre_BonnetEdge_x98_s06 curve    deg 3  poles 18   integral  length 0.9755  bounds [1.35 0.00 0.77]–[1.36 0.88 1.02]
> loft R_P26_Centre_BonnetEdge_x98_s01 R_P26_Centre_BonnetEdge_x98_s02 R_P26_Centre_BonnetEdge_x98_s03 R_P26_Centre_BonnetEdge_x98_s04 R_P26_Centre_BonnetEdge_x98_s05 R_P26_Centre_BonnetEdge_x98_s06 --sheet --name=R_P26_Centre_BonnetEdge_x98
  · loft R_P26_Centre_BonnetEdge_x98_s01 (open → sheet) R_P26_Centre_BonnetEdge_x98_s02 (open → sheet) R_P26_Centre_BonnetEdge_x98_s03 (open → sheet) R_P26_Centre_BonnetEdge_x98_s04 (open → sheet) R_P26_Centre_BonnetEdge_x98_s05 (open → sheet) R_P26_Centre_BonnetEdge_x98_s06 (open → sheet)
  · #207 R_P26_Centre_BonnetEdge_x98 surface  deg 3x3  poles 88x6  integral  bounds [0.99 0.00 0.80]–[1.36 0.90 1.12]
  ·   ↳ loft of R_P26_Centre_BonnetEdge_x98_s01 R_P26_Centre_BonnetEdge_x98_s02 R_P26_Centre_BonnetEdge_x98_s03 R_P26_Centre_BonnetEdge_x98_s04 R_P26_Centre_BonnetEdge_x98_s05 R_P26_Centre_BonnetEdge_x98_s06  degree 3
> delete R_P26_Centre_BonnetEdge_x98_s01 R_P26_Centre_BonnetEdge_x98_s02 R_P26_Centre_BonnetEdge_x98_s03 R_P26_Centre_BonnetEdge_x98_s04 R_P26_Centre_BonnetEdge_x98_s05 R_P26_Centre_BonnetEdge_x98_s06
  · deleted 6 figure(s)
> tint R_P26_Centre_BonnetEdge_x98 0.80 0.82 0.86
> spline (0.9868,1.1180,0.5828) (0.9868,1.1204,0.6324) (0.9868,1.1201,0.6820) (0.9868,1.1146,0.7313) (0.9868,1.1010,0.7790) (0.9868,1.0814,0.8246) (0.9868,1.0443,0.8564) (0.9868,0.9963,0.8673) (0.9868,0.9467,0.8692) (0.9868,0.8971,0.8684) --name=R_P27_BonnetEdge_End_x98_s01
  · #208 R_P27_BonnetEdge_End_x98_s01 curve    deg 3  poles 10   integral  length 0.4466  bounds [0.99 0.90 0.58]–[0.99 1.12 0.87]
> spline (1.0605,1.1207,0.5858) (1.0605,1.1223,0.6354) (1.0605,1.1217,0.6850) (1.0605,1.1156,0.7341) (1.0605,1.1009,0.7815) (1.0605,1.0805,0.8267) (1.0605,1.0437,0.8588) (1.0605,0.9957,0.8694) (1.0605,0.9462,0.8712) (1.0605,0.8965,0.8703) --name=R_P27_BonnetEdge_End_x98_s02
  · #209 R_P27_BonnetEdge_End_x98_s02 curve    deg 3  poles 10   integral  length 0.4463  bounds [1.06 0.90 0.59]–[1.06 1.12 0.87]
> spline (1.1341,1.1231,0.5862) (1.1341,1.1241,0.6364) (1.1341,1.1234,0.6867) (1.1341,1.1169,0.7364) (1.1341,1.1017,0.7842) (1.1341,1.0809,0.8299) (1.1341,1.0441,0.8629) (1.1341,0.9954,0.8728) (1.1341,0.9452,0.8746) (1.1341,0.8950,0.8740) --name=R_P27_BonnetEdge_End_x98_s03
  · #210 R_P27_BonnetEdge_End_x98_s03 curve    deg 3  poles 10   integral  length 0.4517  bounds [1.13 0.90 0.59]–[1.13 1.13 0.88]
> spline (1.2077,1.1255,0.5835) (1.2077,1.1259,0.6350) (1.2077,1.1253,0.6864) (1.2077,1.1188,0.7373) (1.2077,1.1036,0.7864) (1.2077,1.0829,0.8333) (1.2077,1.0456,0.8676) (1.2077,0.9955,0.8769) (1.2077,0.9441,0.8791) (1.2077,0.8927,0.8783) --name=R_P27_BonnetEdge_End_x98_s04
  · #211 R_P27_BonnetEdge_End_x98_s04 curve    deg 3  poles 10   integral  length 0.4626  bounds [1.21 0.89 0.58]–[1.21 1.13 0.88]
> spline (1.2814,1.1285,0.5850) (1.2814,1.1282,0.6373) (1.2814,1.1273,0.6895) (1.2814,1.1204,0.7412) (1.2814,1.1052,0.7912) (1.2814,1.0842,0.8389) (1.2814,1.0455,0.8729) (1.2814,0.9943,0.8812) (1.2814,0.9421,0.8836) (1.2814,0.8899,0.8827) --name=R_P27_BonnetEdge_End_x98_s05
  · #212 R_P27_BonnetEdge_End_x98_s05 curve    deg 3  poles 10   integral  length 0.4702  bounds [1.28 0.89 0.58]–[1.28 1.13 0.89]
> spline (1.3550,1.1380,0.5924) (1.3550,1.1309,0.6447) (1.3550,1.1297,0.6975) (1.3550,1.1221,0.7498) (1.3550,1.1062,0.8001) (1.3550,1.0834,0.8477) (1.3550,1.0418,0.8793) (1.3550,0.9894,0.8858) (1.3550,0.9367,0.8888) (1.3550,0.8838,0.8877) --name=R_P27_BonnetEdge_End_x98_s06
  · #213 R_P27_BonnetEdge_End_x98_s06 curve    deg 3  poles 10   integral  length 0.4762  bounds [1.35 0.88 0.59]–[1.36 1.14 0.89]
> loft R_P27_BonnetEdge_End_x98_s01 R_P27_BonnetEdge_End_x98_s02 R_P27_BonnetEdge_End_x98_s03 R_P27_BonnetEdge_End_x98_s04 R_P27_BonnetEdge_End_x98_s05 R_P27_BonnetEdge_End_x98_s06 --sheet --name=R_P27_BonnetEdge_End_x98
  · loft R_P27_BonnetEdge_End_x98_s01 (open → sheet) R_P27_BonnetEdge_End_x98_s02 (open → sheet) R_P27_BonnetEdge_End_x98_s03 (open → sheet) R_P27_BonnetEdge_End_x98_s04 (open → sheet) R_P27_BonnetEdge_End_x98_s05 (open → sheet) R_P27_BonnetEdge_End_x98_s06 (open → sheet)
  · #214 R_P27_BonnetEdge_End_x98 surface  deg 3x3  poles 40x6  integral  bounds [0.99 0.88 0.58]–[1.36 1.14 0.89]
  ·   ↳ loft of R_P27_BonnetEdge_End_x98_s01 R_P27_BonnetEdge_End_x98_s02 R_P27_BonnetEdge_End_x98_s03 R_P27_BonnetEdge_End_x98_s04 R_P27_BonnetEdge_End_x98_s05 R_P27_BonnetEdge_End_x98_s06  degree 3
> delete R_P27_BonnetEdge_End_x98_s01 R_P27_BonnetEdge_End_x98_s02 R_P27_BonnetEdge_End_x98_s03 R_P27_BonnetEdge_End_x98_s04 R_P27_BonnetEdge_End_x98_s05 R_P27_BonnetEdge_End_x98_s06
  · deleted 6 figure(s)
> tint R_P27_BonnetEdge_End_x98 0.80 0.82 0.86
> spline (0.9868,1.0653,0.3077) (0.9868,1.0769,0.3463) (0.9868,1.0885,0.3849) (0.9868,1.1004,0.4234) (0.9868,1.1119,0.4620) (0.9868,1.1147,0.5022) (0.9868,1.1161,0.5425) (0.9868,1.1180,0.5828) --name=R_P28_Leg_x98_s01
  · #215 R_P28_Leg_x98_s01  curve    deg 3  poles 8    integral  length 0.2822  bounds [0.99 1.07 0.31]–[0.99 1.12 0.58]
> spline (1.0605,1.0575,0.2401) (1.0605,1.0728,0.2883) (1.0605,1.0877,0.3366) (1.0605,1.1018,0.3852) (1.0605,1.1144,0.4342) (1.0605,1.1178,0.4847) (1.0605,1.1191,0.5352) (1.0605,1.1207,0.5858) --name=R_P28_Leg_x98_s02
  · #216 R_P28_Leg_x98_s02  curve    deg 3  poles 8    integral  length 0.3542  bounds [1.06 1.06 0.24]–[1.06 1.12 0.59]
> spline (1.1341,1.0509,0.1745) (1.1341,1.0696,0.2317) (1.1341,1.0879,0.2891) (1.1341,1.1046,0.3470) (1.1341,1.1174,0.4058) (1.1341,1.1211,0.4658) (1.1341,1.1220,0.5260) (1.1341,1.1231,0.5862) --name=R_P28_Leg_x98_s03
  · #217 R_P28_Leg_x98_s03  curve    deg 3  poles 8    integral  length 0.4215  bounds [1.13 1.05 0.17]–[1.13 1.12 0.59]
> spline (1.2077,1.0675,0.1591) (1.2077,1.0847,0.2183) (1.2077,1.1014,0.2776) (1.2077,1.1154,0.3376) (1.2077,1.1238,0.3987) (1.2077,1.1249,0.4603) (1.2077,1.1251,0.5219) (1.2077,1.1255,0.5835) --name=R_P28_Leg_x98_s04
  · #218 R_P28_Leg_x98_s04  curve    deg 3  poles 8    integral  length 0.4314  bounds [1.21 1.07 0.16]–[1.21 1.13 0.58]
> spline (1.2814,1.0915,0.1591) (1.2814,1.1064,0.2187) (1.2814,1.1191,0.2787) (1.2814,1.1269,0.3396) (1.2814,1.1293,0.4009) (1.2814,1.1294,0.4623) (1.2814,1.1290,0.5237) (1.2814,1.1285,0.5850) --name=R_P28_Leg_x98_s05
  · #219 R_P28_Leg_x98_s05  curve    deg 3  poles 8    integral  length 0.4297  bounds [1.28 1.09 0.16]–[1.28 1.13 0.58]
> loft R_P28_Leg_x98_s01 R_P28_Leg_x98_s02 R_P28_Leg_x98_s03 R_P28_Leg_x98_s04 R_P28_Leg_x98_s05 --sheet --name=R_P28_Leg_x98
  · loft R_P28_Leg_x98_s01 (open → sheet) R_P28_Leg_x98_s02 (open → sheet) R_P28_Leg_x98_s03 (open → sheet) R_P28_Leg_x98_s04 (open → sheet) R_P28_Leg_x98_s05 (open → sheet)
  · #220 R_P28_Leg_x98      surface  deg 3x3  poles 24x5  integral  bounds [0.99 1.03 0.13]–[1.28 1.13 0.59]
  ·   ↳ loft of R_P28_Leg_x98_s01 R_P28_Leg_x98_s02 R_P28_Leg_x98_s03 R_P28_Leg_x98_s04 R_P28_Leg_x98_s05  degree 3
> delete R_P28_Leg_x98_s01 R_P28_Leg_x98_s02 R_P28_Leg_x98_s03 R_P28_Leg_x98_s04 R_P28_Leg_x98_s05
  · deleted 5 figure(s)
> tint R_P28_Leg_x98 0.80 0.82 0.86
> spline (1.3610,0.8832,0.8881) (1.3610,0.8392,0.8516) (1.3610,0.8039,0.8049) (1.3610,0.7575,0.8417) (1.3610,0.7082,0.8770) (1.3610,0.6545,0.9054) (1.3610,0.5982,0.9282) (1.3610,0.5408,0.9481) (1.3610,0.4825,0.9651) (1.3610,0.4232,0.9780) (1.3610,0.3632,0.9879) (1.3610,0.3030,0.9962) (1.3610,0.2426,1.0027) (1.3610,0.1821,1.0077) (1.3610,0.1215,1.0114) (1.3610,0.0607,1.0135) (1.3610,0.0000,1.0140) --name=R_P29_Centre_BonnetEdge_x135_s01
  · #221 R_P29_Centre_BonnetEdge_x135_s01 curve    deg 3  poles 17   integral  length 0.9723  bounds [1.36 0.00 0.76]–[1.36 0.88 1.01]
> spline (1.4362,0.8729,0.8935) (1.4362,0.8294,0.8571) (1.4362,0.7969,0.8079) (1.4362,0.7479,0.8225) (1.4362,0.6973,0.8543) (1.4362,0.6439,0.8810) (1.4362,0.5885,0.9033) (1.4362,0.5322,0.9232) (1.4362,0.4746,0.9390) (1.4362,0.4161,0.9513) (1.4362,0.3571,0.9610) (1.4362,0.2980,0.9691) (1.4362,0.2386,0.9758) (1.4362,0.1791,0.9810) (1.4362,0.1194,0.9848) (1.4362,0.0597,0.9871) (1.4362,0.0000,0.9877) --name=R_P29_Centre_BonnetEdge_x135_s02
  · #222 R_P29_Centre_BonnetEdge_x135_s02 curve    deg 3  poles 17   integral  length 0.9510  bounds [1.44 0.00 0.78]–[1.44 0.87 0.99]
> spline (1.5113,0.8592,0.8986) (1.5113,0.8126,0.8650) (1.5113,0.7794,0.8192) (1.5113,0.7323,0.8034) (1.5113,0.6816,0.8322) (1.5113,0.6288,0.8567) (1.5113,0.5748,0.8786) (1.5113,0.5195,0.8972) (1.5113,0.4631,0.9118) (1.5113,0.4059,0.9231) (1.5113,0.3484,0.9327) (1.5113,0.2907,0.9406) (1.5113,0.2327,0.9471) (1.5113,0.1747,0.9525) (1.5113,0.1165,0.9564) (1.5113,0.0583,0.9588) (1.5113,0.0000,0.9595) --name=R_P29_Centre_BonnetEdge_x135_s03
  · #223 R_P29_Centre_BonnetEdge_x135_s03 curve    deg 3  poles 17   integral  length 0.9258  bounds [1.51 0.00 0.79]–[1.51 0.86 0.96]
> spline (1.5864,0.8360,0.9015) (1.5864,0.7879,0.8729) (1.5864,0.7524,0.8327) (1.5864,0.7063,0.8011) (1.5864,0.6562,0.8119) (1.5864,0.6048,0.8340) (1.5864,0.5525,0.8538) (1.5864,0.4989,0.8699) (1.5864,0.4445,0.8830) (1.5864,0.3896,0.8935) (1.5864,0.3344,0.9027) (1.5864,0.2790,0.9103) (1.5864,0.2234,0.9163) (1.5864,0.1676,0.9213) (1.5864,0.1118,0.9253) (1.5864,0.0559,0.9278) (1.5864,0.0000,0.9286) --name=R_P29_Centre_BonnetEdge_x135_s04
  · #224 R_P29_Centre_BonnetEdge_x135_s04 curve    deg 3  poles 17   integral  length 0.8905  bounds [1.59 0.00 0.79]–[1.59 0.84 0.93]
> spline (1.6615,0.7875,0.8923) (1.6615,0.7420,0.8676) (1.6615,0.6989,0.8415) (1.6615,0.6602,0.8101) (1.6615,0.6112,0.7968) (1.6615,0.5624,0.8141) (1.6615,0.5128,0.8290) (1.6615,0.4626,0.8420) (1.6615,0.4120,0.8532) (1.6615,0.3611,0.8631) (1.6615,0.3099,0.8712) (1.6615,0.2585,0.8779) (1.6615,0.2070,0.8834) (1.6615,0.1553,0.8879) (1.6615,0.1036,0.8913) (1.6615,0.0518,0.8936) (1.6615,0.0000,0.8944) --name=R_P29_Centre_BonnetEdge_x135_s05
  · #225 R_P29_Centre_BonnetEdge_x135_s05 curve    deg 3  poles 17   integral  length 0.8260  bounds [1.66 0.00 0.79]–[1.66 0.79 0.89]
> spline (1.7366,0.7193,0.8659) (1.7366,0.6769,0.8471) (1.7366,0.6325,0.8339) (1.7366,0.5965,0.8075) (1.7366,0.5510,0.7985) (1.7366,0.5049,0.7944) (1.7366,0.4595,0.8028) (1.7366,0.4144,0.8135) (1.7366,0.3690,0.8229) (1.7366,0.3233,0.8309) (1.7366,0.2774,0.8375) (1.7366,0.2313,0.8428) (1.7366,0.1852,0.8473) (1.7366,0.1390,0.8512) (1.7366,0.0927,0.8541) (1.7366,0.0464,0.8559) (1.7366,0.0000,0.8566) --name=R_P29_Centre_BonnetEdge_x135_s06
  · #226 R_P29_Centre_BonnetEdge_x135_s06 curve    deg 3  poles 17   integral  length 0.7413  bounds [1.74 0.00 0.79]–[1.74 0.72 0.87]
> loft R_P29_Centre_BonnetEdge_x135_s01 R_P29_Centre_BonnetEdge_x135_s02 R_P29_Centre_BonnetEdge_x135_s03 R_P29_Centre_BonnetEdge_x135_s04 R_P29_Centre_BonnetEdge_x135_s05 R_P29_Centre_BonnetEdge_x135_s06 --sheet --name=R_P29_Centre_BonnetEdge_x135
  · loft R_P29_Centre_BonnetEdge_x135_s01 (open → sheet) R_P29_Centre_BonnetEdge_x135_s02 (open → sheet) R_P29_Centre_BonnetEdge_x135_s03 (open → sheet) R_P29_Centre_BonnetEdge_x135_s04 (open → sheet) R_P29_Centre_BonnetEdge_x135_s05 (open → sheet) R_P29_Centre_BonnetEdge_x135_s06 (open → sheet)
  · #227 R_P29_Centre_BonnetEdge_x135 surface  deg 3x3  poles 82x6  integral  bounds [1.36 0.00 0.79]–[1.74 0.88 1.01]
  ·   ↳ loft of R_P29_Centre_BonnetEdge_x135_s01 R_P29_Centre_BonnetEdge_x135_s02 R_P29_Centre_BonnetEdge_x135_s03 R_P29_Centre_BonnetEdge_x135_s04 R_P29_Centre_BonnetEdge_x135_s05 R_P29_Centre_BonnetEdge_x135_s06  degree 3
> delete R_P29_Centre_BonnetEdge_x135_s01 R_P29_Centre_BonnetEdge_x135_s02 R_P29_Centre_BonnetEdge_x135_s03 R_P29_Centre_BonnetEdge_x135_s04 R_P29_Centre_BonnetEdge_x135_s05 R_P29_Centre_BonnetEdge_x135_s06
  · deleted 6 figure(s)
> tint R_P29_Centre_BonnetEdge_x135 0.80 0.82 0.86
> spline (1.3610,1.0818,0.8504) (1.3610,1.0553,0.8727) (1.3610,1.0225,0.8834) (1.3610,0.9878,0.8863) (1.3610,0.9529,0.8885) (1.3610,0.9180,0.8893) (1.3610,0.8832,0.8881) --name=R_P30_BonnetEdge_End_x135_s01
  · #228 R_P30_BonnetEdge_End_x135_s01 curve    deg 3  poles 7    integral  length 0.2091  bounds [1.36 0.88 0.85]–[1.36 1.08 0.89]
> spline (1.4362,1.0892,0.8498) (1.4362,1.0607,0.8747) (1.4362,1.0251,0.8875) (1.4362,0.9872,0.8919) (1.4362,0.9492,0.8949) (1.4362,0.9111,0.8950) (1.4362,0.8729,0.8935) --name=R_P30_BonnetEdge_End_x135_s02
  · #229 R_P30_BonnetEdge_End_x135_s02 curve    deg 3  poles 7    integral  length 0.2288  bounds [1.44 0.87 0.85]–[1.44 1.09 0.90]
> spline (1.5113,1.1018,0.8504) (1.5113,1.0691,0.8775) (1.5113,1.0294,0.8926) (1.5113,0.9871,0.8983) (1.5113,0.9445,0.9015) (1.5113,0.9018,0.9004) (1.5113,0.8592,0.8986) --name=R_P30_BonnetEdge_End_x135_s03
  · #230 R_P30_BonnetEdge_End_x135_s03 curve    deg 3  poles 7    integral  length 0.2561  bounds [1.51 0.86 0.85]–[1.51 1.10 0.90]
> spline (1.5864,1.1254,0.8507) (1.5864,1.0836,0.8787) (1.5864,1.0367,0.8965) (1.5864,0.9869,0.9043) (1.5864,0.9366,0.9071) (1.5864,0.8863,0.9048) (1.5864,0.8360,0.9015) --name=R_P30_BonnetEdge_End_x135_s04
  · #231 R_P30_BonnetEdge_End_x135_s04 curve    deg 3  poles 7    integral  length 0.3023  bounds [1.59 0.84 0.85]–[1.59 1.13 0.91]
> spline (1.6615,1.1380,0.8514) (1.6615,1.0912,0.8842) (1.6615,1.0320,0.9009) (1.6615,0.9710,0.9086) (1.6615,0.9095,0.9083) (1.6615,0.8484,0.9014) (1.6615,0.7875,0.8923) --name=R_P30_BonnetEdge_End_x135_s05
  · #232 R_P30_BonnetEdge_End_x135_s05 curve    deg 3  poles 7    integral  length 0.3654  bounds [1.66 0.79 0.85]–[1.66 1.14 0.91]
> spline (1.7366,1.1380,0.8597) (1.7366,1.0780,0.8912) (1.7366,1.0061,0.9027) (1.7366,0.9334,0.9060) (1.7366,0.8610,0.8990) (1.7366,0.7895,0.8850) (1.7366,0.7193,0.8659) --name=R_P30_BonnetEdge_End_x135_s06
  · #233 R_P30_BonnetEdge_End_x135_s06 curve    deg 3  poles 7    integral  length 0.4325  bounds [1.74 0.72 0.86]–[1.74 1.14 0.91]
> loft R_P30_BonnetEdge_End_x135_s01 R_P30_BonnetEdge_End_x135_s02 R_P30_BonnetEdge_End_x135_s03 R_P30_BonnetEdge_End_x135_s04 R_P30_BonnetEdge_End_x135_s05 R_P30_BonnetEdge_End_x135_s06 --sheet --name=R_P30_BonnetEdge_End_x135
  · loft R_P30_BonnetEdge_End_x135_s01 (open → sheet) R_P30_BonnetEdge_End_x135_s02 (open → sheet) R_P30_BonnetEdge_End_x135_s03 (open → sheet) R_P30_BonnetEdge_End_x135_s04 (open → sheet) R_P30_BonnetEdge_End_x135_s05 (open → sheet) R_P30_BonnetEdge_End_x135_s06 (open → sheet)
  · #234 R_P30_BonnetEdge_End_x135 surface  deg 3x3  poles 22x6  integral  bounds [1.36 0.72 0.85]–[1.74 1.14 0.91]
  ·   ↳ loft of R_P30_BonnetEdge_End_x135_s01 R_P30_BonnetEdge_End_x135_s02 R_P30_BonnetEdge_End_x135_s03 R_P30_BonnetEdge_End_x135_s04 R_P30_BonnetEdge_End_x135_s05 R_P30_BonnetEdge_End_x135_s06  degree 3
> delete R_P30_BonnetEdge_End_x135_s01 R_P30_BonnetEdge_End_x135_s02 R_P30_BonnetEdge_End_x135_s03 R_P30_BonnetEdge_End_x135_s04 R_P30_BonnetEdge_End_x135_s05 R_P30_BonnetEdge_End_x135_s06
  · deleted 6 figure(s)
> tint R_P30_BonnetEdge_End_x135 0.80 0.82 0.86
> spline (1.3610,1.1380,0.6064) (1.3610,1.1306,0.6692) (1.3610,1.1262,0.7324) (1.3610,1.1091,0.7933) (1.3610,1.0818,0.8504) --name=R_P31_Leg_x136_s01
  · #235 R_P31_Leg_x136_s01 curve    deg 3  poles 5    integral  length 0.2535  bounds [1.36 1.08 0.61]–[1.36 1.14 0.85]
> spline (1.4362,1.1380,0.7212) (1.4362,1.1300,0.7549) (1.4362,1.1201,0.7880) (1.4362,1.1062,0.8197) (1.4362,1.0892,0.8498) --name=R_P31_Leg_x136_s02
  · #236 R_P31_Leg_x136_s02 curve    deg 3  poles 5    integral  length 0.1384  bounds [1.44 1.09 0.72]–[1.44 1.14 0.85]
> spline (1.5113,1.1380,0.7857) (1.5113,1.1321,0.8034) (1.5113,1.1237,0.8200) (1.5113,1.1132,0.8356) (1.5113,1.1018,0.8504) --name=R_P31_Leg_x136_s03
  · #237 R_P31_Leg_x136_s03 curve    deg 3  poles 5    integral  length 0.0748  bounds [1.51 1.10 0.79]–[1.51 1.14 0.85]
> loft R_P31_Leg_x136_s01 R_P31_Leg_x136_s02 R_P31_Leg_x136_s03 --sheet --name=R_P31_Leg_x136
  · loft R_P31_Leg_x136_s01 (open → sheet) R_P31_Leg_x136_s02 (open → sheet) R_P31_Leg_x136_s03 (open → sheet)
  · #238 R_P31_Leg_x136     surface  deg 3x2  poles 7x3  integral  bounds [1.36 1.08 0.61]–[1.51 1.14 0.85]
  ·   ↳ loft of R_P31_Leg_x136_s01 R_P31_Leg_x136_s02 R_P31_Leg_x136_s03  degree 3
> delete R_P31_Leg_x136_s01 R_P31_Leg_x136_s02 R_P31_Leg_x136_s03
  · deleted 3 figure(s)
> tint R_P31_Leg_x136 0.80 0.82 0.86
> spline (1.7426,0.7158,0.8640) (1.7426,0.6589,0.8408) (1.7426,0.6038,0.8185) (1.7426,0.5481,0.7988) (1.7426,0.4869,0.7941) (1.7426,0.4270,0.8074) (1.7426,0.3669,0.8201) (1.7426,0.3063,0.8303) (1.7426,0.2453,0.8381) (1.7426,0.1841,0.8443) (1.7426,0.1228,0.8491) (1.7426,0.0615,0.8522) (1.7426,0.0000,0.8534) --name=R_P32_Centre_BonnetShoulder_x173_s01
  · #239 R_P32_Centre_BonnetShoulder_x173_s01 curve    deg 3  poles 13   integral  length 0.7334  bounds [1.74 0.00 0.79]–[1.74 0.72 0.86]
> spline (1.8140,0.7003,0.8473) (1.8140,0.6436,0.8295) (1.8140,0.5856,0.8172) (1.8140,0.5263,0.8142) (1.8140,0.4729,0.7995) (1.8140,0.4149,0.7933) (1.8140,0.3555,0.7928) (1.8140,0.2961,0.7939) (1.8140,0.2371,0.8003) (1.8140,0.1780,0.8061) (1.8140,0.1187,0.8105) (1.8140,0.0594,0.8131) (1.8140,0.0000,0.8140) --name=R_P32_Centre_BonnetShoulder_x173_s02
  · #240 R_P32_Centre_BonnetShoulder_x173_s02 curve    deg 3  poles 13   integral  length 0.7079  bounds [1.81 0.00 0.79]–[1.81 0.70 0.85]
> spline (1.8853,0.6848,0.8300) (1.8853,0.6301,0.8121) (1.8853,0.5734,0.8022) (1.8853,0.5158,0.8005) (1.8853,0.4581,0.8008) (1.8853,0.4005,0.8013) (1.8853,0.3429,0.8026) (1.8853,0.2856,0.8013) (1.8853,0.2305,0.7878) (1.8853,0.1729,0.7887) (1.8853,0.1153,0.7894) (1.8853,0.0576,0.7898) (1.8853,0.0000,0.7899) --name=R_P32_Centre_BonnetShoulder_x173_s03
  · #241 R_P32_Centre_BonnetShoulder_x173_s03 curve    deg 3  poles 13   integral  length 0.6906  bounds [1.89 0.00 0.78]–[1.89 0.68 0.83]
> spline (1.9567,0.6693,0.8106) (1.9567,0.6160,0.7933) (1.9567,0.5607,0.7845) (1.9567,0.5046,0.7824) (1.9567,0.4485,0.7821) (1.9567,0.3925,0.7838) (1.9567,0.3365,0.7869) (1.9567,0.2804,0.7893) (1.9567,0.2243,0.7911) (1.9567,0.1683,0.7928) (1.9567,0.1122,0.7941) (1.9567,0.0561,0.7950) (1.9567,0.0000,0.7953) --name=R_P32_Centre_BonnetShoulder_x173_s04
  · #242 R_P32_Centre_BonnetShoulder_x173_s04 curve    deg 3  poles 13   integral  length 0.6731  bounds [1.96 0.00 0.78]–[1.96 0.67 0.81]
> spline (2.0281,0.6539,0.7884) (2.0281,0.6019,0.7711) (2.0281,0.5477,0.7634) (2.0281,0.4929,0.7621) (2.0281,0.4381,0.7618) (2.0281,0.3833,0.7630) (2.0281,0.3286,0.7659) (2.0281,0.2739,0.7694) (2.0281,0.2192,0.7726) (2.0281,0.1644,0.7751) (2.0281,0.1096,0.7767) (2.0281,0.0548,0.7778) (2.0281,0.0000,0.7782) --name=R_P32_Centre_BonnetShoulder_x173_s05
  · #243 R_P32_Centre_BonnetShoulder_x173_s05 curve    deg 3  poles 13   integral  length 0.6578  bounds [2.03 0.00 0.76]–[2.03 0.65 0.79]
> spline (2.0994,0.6384,0.7640) (2.0994,0.5875,0.7475) (2.0994,0.5345,0.7411) (2.0994,0.4810,0.7402) (2.0994,0.4275,0.7403) (2.0994,0.3740,0.7424) (2.0994,0.3207,0.7463) (2.0994,0.2673,0.7503) (2.0994,0.2139,0.7536) (2.0994,0.1605,0.7562) (2.0994,0.1070,0.7576) (2.0994,0.0535,0.7584) (2.0994,0.0000,0.7587) --name=R_P32_Centre_BonnetShoulder_x173_s06
  · #244 R_P32_Centre_BonnetShoulder_x173_s06 curve    deg 3  poles 13   integral  length 0.6421  bounds [2.10 0.00 0.74]–[2.10 0.64 0.76]
> loft R_P32_Centre_BonnetShoulder_x173_s01 R_P32_Centre_BonnetShoulder_x173_s02 R_P32_Centre_BonnetShoulder_x173_s03 R_P32_Centre_BonnetShoulder_x173_s04 R_P32_Centre_BonnetShoulder_x173_s05 R_P32_Centre_BonnetShoulder_x173_s06 --sheet --name=R_P32_Centre_BonnetShoulder_x173
  · loft R_P32_Centre_BonnetShoulder_x173_s01 (open → sheet) R_P32_Centre_BonnetShoulder_x173_s02 (open → sheet) R_P32_Centre_BonnetShoulder_x173_s03 (open → sheet) R_P32_Centre_BonnetShoulder_x173_s04 (open → sheet) R_P32_Centre_BonnetShoulder_x173_s05 (open → sheet) R_P32_Centre_BonnetShoulder_x173_s06 (open → sheet)
  · #245 R_P32_Centre_BonnetShoulder_x173 surface  deg 3x3  poles 58x6  integral  bounds [1.74 0.00 0.74]–[2.10 0.72 0.86]
  ·   ↳ loft of R_P32_Centre_BonnetShoulder_x173_s01 R_P32_Centre_BonnetShoulder_x173_s02 R_P32_Centre_BonnetShoulder_x173_s03 R_P32_Centre_BonnetShoulder_x173_s04 R_P32_Centre_BonnetShoulder_x173_s05 R_P32_Centre_BonnetShoulder_x173_s06  degree 3
> delete R_P32_Centre_BonnetShoulder_x173_s01 R_P32_Centre_BonnetShoulder_x173_s02 R_P32_Centre_BonnetShoulder_x173_s03 R_P32_Centre_BonnetShoulder_x173_s04 R_P32_Centre_BonnetShoulder_x173_s05 R_P32_Centre_BonnetShoulder_x173_s06
  · deleted 6 figure(s)
> tint R_P32_Centre_BonnetShoulder_x173 0.80 0.82 0.86
> spline (1.7426,1.1380,0.8598) (1.7426,1.1014,0.8863) (1.7426,1.0533,0.8956) (1.7426,1.0048,0.9024) (1.7426,0.9560,0.9054) (1.7426,0.9071,0.9042) (1.7426,0.8585,0.8981) (1.7426,0.8103,0.8893) (1.7426,0.7630,0.8769) (1.7426,0.7158,0.8640) --name=R_P33_BonnetShoulder_End_x173_s01
  · #246 R_P33_BonnetShoulder_End_x173_s01 curve    deg 3  poles 10   integral  length 0.4377  bounds [1.74 0.72 0.86]–[1.74 1.14 0.91]
> spline (1.8140,1.1380,0.8550) (1.8140,1.1000,0.8826) (1.8140,1.0496,0.8894) (1.8140,0.9990,0.8943) (1.8140,0.9482,0.8963) (1.8140,0.8974,0.8944) (1.8140,0.8469,0.8879) (1.8140,0.7969,0.8787) (1.8140,0.7481,0.8646) (1.8140,0.7003,0.8473) --name=R_P33_BonnetShoulder_End_x173_s02
  · #247 R_P33_BonnetShoulder_End_x173_s02 curve    deg 3  poles 10   integral  length 0.4549  bounds [1.81 0.70 0.85]–[1.81 1.14 0.90]
> spline (1.8853,1.1327,0.8520) (1.8853,1.0859,0.8679) (1.8853,1.0350,0.8729) (1.8853,0.9842,0.8787) (1.8853,0.9332,0.8815) (1.8853,0.8821,0.8796) (1.8853,0.8313,0.8735) (1.8853,0.7811,0.8640) (1.8853,0.7323,0.8491) (1.8853,0.6848,0.8300) --name=R_P33_BonnetShoulder_End_x173_s03
  · #248 R_P33_BonnetShoulder_End_x173_s03 curve    deg 3  poles 10   integral  length 0.4588  bounds [1.89 0.68 0.83]–[1.89 1.13 0.88]
> spline (1.9567,1.0125,0.8501) (1.9567,0.9740,0.8572) (1.9567,0.9352,0.8621) (1.9567,0.8961,0.8634) (1.9567,0.8570,0.8615) (1.9567,0.8181,0.8572) (1.9567,0.7797,0.8502) (1.9567,0.7420,0.8397) (1.9567,0.7054,0.8258) (1.9567,0.6693,0.8106) --name=R_P33_BonnetShoulder_End_x173_s04
  · #249 R_P33_BonnetShoulder_End_x173_s04 curve    deg 3  poles 10   integral  length 0.3522  bounds [1.96 0.67 0.81]–[1.96 1.01 0.86]
> spline (2.0281,1.1380,0.7575) (2.0281,1.0995,0.7933) (2.0281,1.0442,0.8088) (2.0281,0.9884,0.8225) (2.0281,0.9322,0.8344) (2.0281,0.8751,0.8402) (2.0281,0.8177,0.8388) (2.0281,0.7611,0.8294) (2.0281,0.7066,0.8111) (2.0281,0.6539,0.7884) --name=R_P33_BonnetShoulder_End_x173_s05
  · #250 R_P33_BonnetShoulder_End_x173_s05 curve    deg 3  poles 10   integral  length 0.5133  bounds [2.03 0.65 0.76]–[2.03 1.14 0.84]
> spline (2.0994,1.1382,0.6767) (2.0994,1.1106,0.7292) (2.0994,1.0553,0.7571) (2.0994,0.9984,0.7813) (2.0994,0.9391,0.7991) (2.0994,0.8781,0.8098) (2.0994,0.8163,0.8123) (2.0994,0.7548,0.8054) (2.0994,0.6954,0.7880) (2.0994,0.6384,0.7640) --name=R_P33_BonnetShoulder_End_x173_s06
  · #251 R_P33_BonnetShoulder_End_x173_s06 curve    deg 3  poles 10   integral  length 0.5569  bounds [2.10 0.64 0.68]–[2.10 1.14 0.81]
> loft R_P33_BonnetShoulder_End_x173_s01 R_P33_BonnetShoulder_End_x173_s02 R_P33_BonnetShoulder_End_x173_s03 R_P33_BonnetShoulder_End_x173_s04 R_P33_BonnetShoulder_End_x173_s05 R_P33_BonnetShoulder_End_x173_s06 --sheet --name=R_P33_BonnetShoulder_End_x173
  · loft R_P33_BonnetShoulder_End_x173_s01 (open → sheet) R_P33_BonnetShoulder_End_x173_s02 (open → sheet) R_P33_BonnetShoulder_End_x173_s03 (open → sheet) R_P33_BonnetShoulder_End_x173_s04 (open → sheet) R_P33_BonnetShoulder_End_x173_s05 (open → sheet) R_P33_BonnetShoulder_End_x173_s06 (open → sheet)
  · #252 R_P33_BonnetShoulder_End_x173 surface  deg 3x3  poles 40x6  integral  bounds [1.74 0.64 0.68]–[2.10 1.27 0.91]
  ·   ↳ loft of R_P33_BonnetShoulder_End_x173_s01 R_P33_BonnetShoulder_End_x173_s02 R_P33_BonnetShoulder_End_x173_s03 R_P33_BonnetShoulder_End_x173_s04 R_P33_BonnetShoulder_End_x173_s05 R_P33_BonnetShoulder_End_x173_s06  degree 3
> delete R_P33_BonnetShoulder_End_x173_s01 R_P33_BonnetShoulder_End_x173_s02 R_P33_BonnetShoulder_End_x173_s03 R_P33_BonnetShoulder_End_x173_s04 R_P33_BonnetShoulder_End_x173_s05 R_P33_BonnetShoulder_End_x173_s06
  · deleted 6 figure(s)
> tint R_P33_BonnetShoulder_End_x173 0.80 0.82 0.86
> spline (2.1054,0.6371,0.7619) (2.1054,0.5863,0.7455) (2.1054,0.5334,0.7392) (2.1054,0.4800,0.7384) (2.1054,0.4266,0.7385) (2.1054,0.3733,0.7407) (2.1054,0.3200,0.7447) (2.1054,0.2668,0.7487) (2.1054,0.2135,0.7521) (2.1054,0.1602,0.7547) (2.1054,0.1068,0.7561) (2.1054,0.0534,0.7569) (2.1054,0.0000,0.7573) --name=R_P34_Centre_BonnetShoulder_x210_s01
  · #253 R_P34_Centre_BonnetShoulder_x210_s01 curve    deg 3  poles 13   integral  length 0.6408  bounds [2.11 0.00 0.74]–[2.11 0.64 0.76]
> spline (2.1870,0.6194,0.7323) (2.1870,0.5695,0.7182) (2.1870,0.5179,0.7135) (2.1870,0.4661,0.7135) (2.1870,0.4142,0.7143) (2.1870,0.3624,0.7170) (2.1870,0.3107,0.7215) (2.1870,0.2591,0.7261) (2.1870,0.2074,0.7300) (2.1870,0.1556,0.7331) (2.1870,0.1037,0.7348) (2.1870,0.0519,0.7358) (2.1870,0.0000,0.7362) --name=R_P34_Centre_BonnetShoulder_x210_s02
  · #254 R_P34_Centre_BonnetShoulder_x210_s02 curve    deg 3  poles 13   integral  length 0.6225  bounds [2.19 0.00 0.71]–[2.19 0.62 0.74]
> loft R_P34_Centre_BonnetShoulder_x210_s01 R_P34_Centre_BonnetShoulder_x210_s02 --sheet --name=R_P34_Centre_BonnetShoulder_x210
  · loft R_P34_Centre_BonnetShoulder_x210_s01 (open → sheet) R_P34_Centre_BonnetShoulder_x210_s02 (open → sheet)
  · #255 R_P34_Centre_BonnetShoulder_x210 surface  deg 3x1  poles 22x2  integral  bounds [2.11 0.00 0.71]–[2.19 0.64 0.76]
  ·   ↳ loft of R_P34_Centre_BonnetShoulder_x210_s01 R_P34_Centre_BonnetShoulder_x210_s02  degree 3
> delete R_P34_Centre_BonnetShoulder_x210_s01 R_P34_Centre_BonnetShoulder_x210_s02
  · deleted 2 figure(s)
> tint R_P34_Centre_BonnetShoulder_x210 0.80 0.82 0.86
> spline (2.1054,1.1382,0.6678) (2.1054,1.1145,0.7209) (2.1054,1.0624,0.7495) (2.1054,1.0183,0.7466) (2.1054,0.9617,0.7652) (2.1054,0.9849,0.7712) (2.1054,0.9842,0.7828) (2.1054,0.9268,0.7989) (2.1054,0.8679,0.8081) (2.1054,0.8083,0.8095) (2.1054,0.7492,0.8020) (2.1054,0.6920,0.7850) (2.1054,0.6371,0.7619) --name=R_P35_BonnetShoulder_End_x210_s01
  · #256 R_P35_BonnetShoulder_End_x210_s01 curve    deg 3  poles 13   integral  length 0.6439  bounds [2.11 0.64 0.67]–[2.11 1.14 0.81]
> spline (2.1870,1.0682,0.6619) (2.1870,1.0463,0.7033) (2.1870,1.0016,0.7176) (2.1870,0.9546,0.7222) (2.1870,0.9083,0.7343) (2.1870,0.8615,0.7445) (2.1870,0.8430,0.7566) (2.1870,0.8530,0.7699) (2.1870,0.8053,0.7725) (2.1870,0.7575,0.7698) (2.1870,0.7103,0.7620) (2.1870,0.6642,0.7492) (2.1870,0.6194,0.7323) --name=R_P35_BonnetShoulder_End_x210_s02
  · #257 R_P35_BonnetShoulder_End_x210_s02 curve    deg 3  poles 13   integral  length 0.5310  bounds [2.19 0.62 0.66]–[2.19 1.07 0.79]
> loft R_P35_BonnetShoulder_End_x210_s01 R_P35_BonnetShoulder_End_x210_s02 --sheet --name=R_P35_BonnetShoulder_End_x210
  · loft R_P35_BonnetShoulder_End_x210_s01 (open → sheet) R_P35_BonnetShoulder_End_x210_s02 (open → sheet)
  · #258 R_P35_BonnetShoulder_End_x210 surface  deg 3x1  poles 22x2  integral  bounds [2.11 0.62 0.66]–[2.19 1.14 0.81]
  ·   ↳ loft of R_P35_BonnetShoulder_End_x210_s01 R_P35_BonnetShoulder_End_x210_s02  degree 3
> delete R_P35_BonnetShoulder_End_x210_s01 R_P35_BonnetShoulder_End_x210_s02
  · deleted 2 figure(s)
> tint R_P35_BonnetShoulder_End_x210 0.80 0.82 0.86
> spline (2.1930,0.6181,0.7301) (2.1930,0.5636,0.7153) (2.1930,0.5074,0.7115) (2.1930,0.4509,0.7117) (2.1930,0.3945,0.7132) (2.1930,0.3382,0.7172) (2.1930,0.2819,0.7223) (2.1930,0.2257,0.7269) (2.1930,0.1693,0.7306) (2.1930,0.1129,0.7328) (2.1930,0.0565,0.7340) (2.1930,0.0000,0.7345) --name=R_P36_Centre_BonnetShoulder_x219_s01
  · #259 R_P36_Centre_BonnetShoulder_x219_s01 curve    deg 3  poles 12   integral  length 0.6212  bounds [2.19 0.00 0.71]–[2.19 0.62 0.73]
> spline (2.2590,0.6038,0.7048) (2.2590,0.5501,0.6927) (2.2590,0.4951,0.6899) (2.2590,0.4400,0.6902) (2.2590,0.3849,0.6922) (2.2590,0.3300,0.6966) (2.2590,0.2751,0.7018) (2.2590,0.2202,0.7065) (2.2590,0.1653,0.7102) (2.2590,0.1102,0.7124) (2.2590,0.0551,0.7136) (2.2590,0.0000,0.7141) --name=R_P36_Centre_BonnetShoulder_x219_s02
  · #260 R_P36_Centre_BonnetShoulder_x219_s02 curve    deg 3  poles 12   integral  length 0.6062  bounds [2.26 0.00 0.69]–[2.26 0.60 0.71]
> spline (2.3250,0.5895,0.6779) (2.3250,0.5367,0.6684) (2.3250,0.4830,0.6667) (2.3250,0.4292,0.6670) (2.3250,0.3755,0.6689) (2.3250,0.3219,0.6729) (2.3250,0.2684,0.6776) (2.3250,0.2148,0.6822) (2.3250,0.1612,0.6858) (2.3250,0.1075,0.6880) (2.3250,0.0537,0.6892) (2.3250,0.0000,0.6898) --name=R_P36_Centre_BonnetShoulder_x219_s03
  · #261 R_P36_Centre_BonnetShoulder_x219_s03 curve    deg 3  poles 12   integral  length 0.5913  bounds [2.32 0.00 0.67]–[2.33 0.59 0.69]
> spline (2.3910,0.5757,0.6476) (2.3910,0.5237,0.6410) (2.3910,0.4713,0.6406) (2.3910,0.4189,0.6416) (2.3910,0.3665,0.6434) (2.3910,0.3142,0.6468) (2.3910,0.2619,0.6509) (2.3910,0.2096,0.6548) (2.3910,0.1573,0.6581) (2.3910,0.1049,0.6600) (2.3910,0.0524,0.6610) (2.3910,0.0000,0.6615) --name=R_P36_Centre_BonnetShoulder_x219_s04
  · #262 R_P36_Centre_BonnetShoulder_x219_s04 curve    deg 3  poles 12   integral  length 0.5768  bounds [2.39 0.00 0.64]–[2.39 0.58 0.66]
> spline (2.4570,0.5613,0.6157) (2.4570,0.5104,0.6115) (2.4570,0.4593,0.6121) (2.4570,0.4083,0.6137) (2.4570,0.3572,0.6158) (2.4570,0.3062,0.6187) (2.4570,0.2552,0.6218) (2.4570,0.2042,0.6249) (2.4570,0.1532,0.6274) (2.4570,0.1022,0.6288) (2.4570,0.0511,0.6297) (2.4570,0.0000,0.6301) --name=R_P36_Centre_BonnetShoulder_x219_s05
  · #263 R_P36_Centre_BonnetShoulder_x219_s05 curve    deg 3  poles 12   integral  length 0.5620  bounds [2.46 0.00 0.61]–[2.46 0.56 0.63]
> loft R_P36_Centre_BonnetShoulder_x219_s01 R_P36_Centre_BonnetShoulder_x219_s02 R_P36_Centre_BonnetShoulder_x219_s03 R_P36_Centre_BonnetShoulder_x219_s04 R_P36_Centre_BonnetShoulder_x219_s05 --sheet --name=R_P36_Centre_BonnetShoulder_x219
  · loft R_P36_Centre_BonnetShoulder_x219_s01 (open → sheet) R_P36_Centre_BonnetShoulder_x219_s02 (open → sheet) R_P36_Centre_BonnetShoulder_x219_s03 (open → sheet) R_P36_Centre_BonnetShoulder_x219_s04 (open → sheet) R_P36_Centre_BonnetShoulder_x219_s05 (open → sheet)
  · #264 R_P36_Centre_BonnetShoulder_x219 surface  deg 3x3  poles 44x5  integral  bounds [2.19 0.00 0.61]–[2.46 0.62 0.73]
  ·   ↳ loft of R_P36_Centre_BonnetShoulder_x219_s01 R_P36_Centre_BonnetShoulder_x219_s02 R_P36_Centre_BonnetShoulder_x219_s03 R_P36_Centre_BonnetShoulder_x219_s04 R_P36_Centre_BonnetShoulder_x219_s05  degree 3
> delete R_P36_Centre_BonnetShoulder_x219_s01 R_P36_Centre_BonnetShoulder_x219_s02 R_P36_Centre_BonnetShoulder_x219_s03 R_P36_Centre_BonnetShoulder_x219_s04 R_P36_Centre_BonnetShoulder_x219_s05
  · deleted 5 figure(s)
> tint R_P36_Centre_BonnetShoulder_x219 0.80 0.82 0.86
> spline (2.1930,0.9441,0.5828) (2.1930,0.9436,0.4642) (2.1930,0.9436,0.3457) (2.1930,0.9520,0.2326) (2.1930,1.0360,0.3154) (2.1930,1.1028,0.4113) (2.1930,1.0990,0.5281) (2.1930,1.0679,0.6424) (2.1930,0.9937,0.7159) (2.1930,0.8778,0.7376) (2.1930,0.8496,0.7672) (2.1930,0.7315,0.7636) (2.1930,0.6181,0.7301) --name=R_P37_BonnetShoulder_End_x219_s01
  · #265 R_P37_BonnetShoulder_End_x219_s01 curve    deg 3  poles 13   integral  length 1.3460  bounds [2.19 0.62 0.18]–[2.19 1.12 0.85]
> spline (2.2590,0.9446,0.5799) (2.2590,0.9446,0.5085) (2.2590,0.9507,0.4451) (2.2590,0.9853,0.5074) (2.2590,1.0013,0.5768) (2.2590,1.0039,0.6481) (2.2590,0.9634,0.6964) (2.2590,0.8924,0.6957) (2.2590,0.8219,0.7069) (2.2590,0.7741,0.7234) (2.2590,0.7432,0.7337) (2.2590,0.6725,0.7240) (2.2590,0.6038,0.7048) --name=R_P37_BonnetShoulder_End_x219_s02
  · #266 R_P37_BonnetShoulder_End_x219_s02 curve    deg 3  poles 13   integral  length 0.7893  bounds [2.26 0.60 0.38]–[2.26 1.02 0.75]
> spline (2.3250,0.8992,0.5730) (2.3250,0.9218,0.6071) (2.3250,0.9409,0.6434) (2.3250,0.9194,0.6674) (2.3250,0.8797,0.6772) (2.3250,0.8389,0.6757) (2.3250,0.7982,0.6709) (2.3250,0.7574,0.6723) (2.3250,0.7519,0.6967) (2.3250,0.7110,0.6957) (2.3250,0.6702,0.6921) (2.3250,0.6296,0.6866) (2.3250,0.5895,0.6779) --name=R_P37_BonnetShoulder_End_x219_s03
  · #267 R_P37_BonnetShoulder_End_x219_s03 curve    deg 3  poles 13   integral  length 0.4770  bounds [2.32 0.59 0.57]–[2.33 0.96 0.71]
> spline (2.3910,0.7932,0.5736) (2.3910,0.8122,0.5951) (2.3910,0.8306,0.6171) (2.3910,0.8297,0.6363) (2.3910,0.8022,0.6445) (2.3910,0.7739,0.6490) (2.3910,0.7454,0.6507) (2.3910,0.7186,0.6553) (2.3910,0.6900,0.6564) (2.3910,0.6613,0.6562) (2.3910,0.6326,0.6547) (2.3910,0.6041,0.6517) (2.3910,0.5757,0.6476) --name=R_P37_BonnetShoulder_End_x219_s04
  · #268 R_P37_BonnetShoulder_End_x219_s04 curve    deg 3  poles 13   integral  length 0.3357  bounds [2.39 0.58 0.57]–[2.39 0.83 0.66]
> spline (2.4570,0.6883,0.5737) (2.4570,0.6997,0.5855) (2.4570,0.7109,0.5974) (2.4570,0.7071,0.6067) (2.4570,0.6915,0.6118) (2.4570,0.6756,0.6153) (2.4570,0.6593,0.6169) (2.4570,0.6430,0.6181) (2.4570,0.6266,0.6192) (2.4570,0.6103,0.6189) (2.4570,0.5939,0.6182) (2.4570,0.5776,0.6171) (2.4570,0.5613,0.6157) --name=R_P37_BonnetShoulder_End_x219_s05
  · #269 R_P37_BonnetShoulder_End_x219_s05 curve    deg 3  poles 13   integral  length 0.1922  bounds [2.46 0.56 0.57]–[2.46 0.72 0.62]
> loft R_P37_BonnetShoulder_End_x219_s01 R_P37_BonnetShoulder_End_x219_s02 R_P37_BonnetShoulder_End_x219_s03 R_P37_BonnetShoulder_End_x219_s04 R_P37_BonnetShoulder_End_x219_s05 --sheet --name=R_P37_BonnetShoulder_End_x219
  · loft R_P37_BonnetShoulder_End_x219_s01 (open → sheet) R_P37_BonnetShoulder_End_x219_s02 (open → sheet) R_P37_BonnetShoulder_End_x219_s03 (open → sheet) R_P37_BonnetShoulder_End_x219_s04 (open → sheet) R_P37_BonnetShoulder_End_x219_s05 (open → sheet)
  · #270 R_P37_BonnetShoulder_End_x219 surface  deg 3x3  poles 49x5  integral  bounds [2.19 0.56 0.17]–[2.46 1.16 0.87]
  ·   ↳ loft of R_P37_BonnetShoulder_End_x219_s01 R_P37_BonnetShoulder_End_x219_s02 R_P37_BonnetShoulder_End_x219_s03 R_P37_BonnetShoulder_End_x219_s04 R_P37_BonnetShoulder_End_x219_s05  degree 3
> delete R_P37_BonnetShoulder_End_x219_s01 R_P37_BonnetShoulder_End_x219_s02 R_P37_BonnetShoulder_End_x219_s03 R_P37_BonnetShoulder_End_x219_s04 R_P37_BonnetShoulder_End_x219_s05
  · deleted 5 figure(s)
> tint R_P37_BonnetShoulder_End_x219 0.80 0.82 0.86
> spline (2.3910,0.7513,0.5289) (2.3910,0.7654,0.5437) (2.3910,0.7793,0.5586) (2.3910,0.7932,0.5736) --name=R_P38_Leg_x239_s01
  · #271 R_P38_Leg_x239_s01 curve    deg 3  poles 4    integral  length 0.0613  bounds [2.39 0.75 0.53]–[2.39 0.79 0.57]
> spline (2.4570,0.6025,0.4913) (2.4570,0.6324,0.5173) (2.4570,0.6606,0.5453) (2.4570,0.6883,0.5737) --name=R_P38_Leg_x239_s02
  · #272 R_P38_Leg_x239_s02 curve    deg 3  poles 4    integral  length 0.1191  bounds [2.46 0.60 0.49]–[2.46 0.69 0.57]
> loft R_P38_Leg_x239_s01 R_P38_Leg_x239_s02 --sheet --name=R_P38_Leg_x239
  · loft R_P38_Leg_x239_s01 (open → sheet) R_P38_Leg_x239_s02 (open → sheet)
  · #273 R_P38_Leg_x239     surface  deg 3x1  poles 4x2  integral  bounds [2.39 0.60 0.49]–[2.46 0.79 0.57]
  ·   ↳ loft of R_P38_Leg_x239_s01 R_P38_Leg_x239_s02  degree 3
> delete R_P38_Leg_x239_s01 R_P38_Leg_x239_s02
  · deleted 2 figure(s)
> tint R_P38_Leg_x239 0.80 0.82 0.86
> spline (-1.5170,-0.0000,0.9702) (-1.5170,-0.0532,0.9702) (-1.5170,-0.1063,0.9703) (-1.5170,-0.1595,0.9703) (-1.5170,-0.2126,0.9704) (-1.5170,-0.2658,0.9705) (-1.5170,-0.3190,0.9707) (-1.5170,-0.3721,0.9709) (-1.5170,-0.4253,0.9711) (-1.5170,-0.4784,0.9713) (-1.5170,-0.5316,0.9716) (-1.5170,-0.5848,0.9721) (-1.5170,-0.6379,0.9733) (-1.5170,-0.6910,0.9751) (-1.5170,-0.7442,0.9758) (-1.5170,-0.7973,0.9757) (-1.5170,-0.8505,0.9771) (-1.5170,-0.9036,0.9797) (-1.5170,-0.9567,0.9790) (-1.5170,-1.0035,0.9666) --name=L_P01_Centre_End_x-152_s01
  · #274 L_P01_Centre_End_x-152_s01 curve    deg 3  poles 20   integral  length 1.0055  bounds [-1.52 -1.00 0.97]–[-1.52 0.00 0.98]
> spline (-1.4558,-0.0000,0.9074) (-1.4558,-0.0576,0.9074) (-1.4558,-0.1153,0.9074) (-1.4558,-0.1729,0.9074) (-1.4558,-0.2305,0.9058) (-1.4558,-0.2859,0.8905) (-1.4558,-0.3411,0.8737) (-1.4558,-0.3946,0.8524) (-1.4558,-0.4509,0.8433) (-1.4558,-0.5085,0.8456) (-1.4558,-0.5661,0.8483) (-1.4558,-0.6237,0.8485) (-1.4558,-0.6720,0.8769) (-1.4558,-0.7123,0.9181) (-1.4558,-0.7525,0.9594) (-1.4558,-0.8021,0.9797) (-1.4558,-0.8597,0.9798) (-1.4558,-0.9172,0.9837) (-1.4558,-0.9746,0.9820) (-1.4558,-1.0291,0.9674) --name=L_P01_Centre_End_x-152_s02
  · #275 L_P01_Centre_End_x-152_s02 curve    deg 3  poles 20   integral  length 1.0894  bounds [-1.46 -1.03 0.84]–[-1.46 0.00 0.99]
> spline (-1.3946,-0.0000,0.9166) (-1.3946,-0.0586,0.9166) (-1.3946,-0.1173,0.9166) (-1.3946,-0.1759,0.9166) (-1.3946,-0.2345,0.9156) (-1.3946,-0.2911,0.9006) (-1.3946,-0.3466,0.8817) (-1.3946,-0.4006,0.8592) (-1.3946,-0.4571,0.8464) (-1.3946,-0.5158,0.8464) (-1.3946,-0.5744,0.8476) (-1.3946,-0.6330,0.8478) (-1.3946,-0.6799,0.8797) (-1.3946,-0.7185,0.9238) (-1.3946,-0.7554,0.9693) (-1.3946,-0.8091,0.9842) (-1.3946,-0.8675,0.9830) (-1.3946,-0.9259,0.9867) (-1.3946,-0.9843,0.9851) (-1.3946,-1.0419,0.9739) --name=L_P01_Centre_End_x-152_s03
  · #276 L_P01_Centre_End_x-152_s03 curve    deg 3  poles 20   integral  length 1.1104  bounds [-1.39 -1.04 0.84]–[-1.39 0.00 0.99]
> loft L_P01_Centre_End_x-152_s01 L_P01_Centre_End_x-152_s02 L_P01_Centre_End_x-152_s03 --sheet --name=L_P01_Centre_End_x-152
  · loft L_P01_Centre_End_x-152_s01 (open → sheet) L_P01_Centre_End_x-152_s02 (open → sheet) L_P01_Centre_End_x-152_s03 (open → sheet)
  · #277 L_P01_Centre_End_x-152 surface  deg 3x2  poles 52x3  integral  bounds [-1.52 -1.04 0.80]–[-1.39 0.00 0.99]
  ·   ↳ loft of L_P01_Centre_End_x-152_s01 L_P01_Centre_End_x-152_s02 L_P01_Centre_End_x-152_s03  degree 3
> delete L_P01_Centre_End_x-152_s01 L_P01_Centre_End_x-152_s02 L_P01_Centre_End_x-152_s03
  · deleted 3 figure(s)
> tint L_P01_Centre_End_x-152 0.80 0.82 0.86
> spline (-1.5170,-1.0035,0.9666) (-1.5170,-1.0026,0.9027) (-1.5170,-1.0501,0.8556) (-1.5170,-1.0974,0.8084) (-1.5170,-1.1224,0.7468) (-1.5170,-1.1363,0.6813) (-1.5170,-1.1460,0.6151) (-1.5170,-1.1545,0.5487) (-1.5170,-1.1611,0.4820) --name=L_P02_Leg_x-151_s01
  · #278 L_P02_Leg_x-151_s01 curve    deg 3  poles 9    integral  length 0.5360  bounds [-1.52 -1.16 0.48]–[-1.52 -0.98 0.97]
> spline (-1.4558,-1.0291,0.9674) (-1.4558,-1.0344,0.9275) (-1.4558,-1.0616,0.8943) (-1.4558,-1.0938,0.8652) (-1.4558,-1.1227,0.8329) (-1.4558,-1.1375,0.7922) (-1.4558,-1.1460,0.7496) (-1.4558,-1.1536,0.7069) (-1.4558,-1.1611,0.6641) --name=L_P02_Leg_x-151_s02
  · #279 L_P02_Leg_x-151_s02 curve    deg 3  poles 9    integral  length 0.3449  bounds [-1.46 -1.16 0.66]–[-1.46 -1.02 0.97]
> loft L_P02_Leg_x-151_s01 L_P02_Leg_x-151_s02 --sheet --name=L_P02_Leg_x-151
  · loft L_P02_Leg_x-151_s01 (open → sheet) L_P02_Leg_x-151_s02 (open → sheet)
  · #280 L_P02_Leg_x-151    surface  deg 3x1  poles 14x2  integral  bounds [-1.52 -1.16 0.48]–[-1.46 -0.98 0.97]
  ·   ↳ loft of L_P02_Leg_x-151_s01 L_P02_Leg_x-151_s02  degree 3
> delete L_P02_Leg_x-151_s01 L_P02_Leg_x-151_s02
  · deleted 2 figure(s)
> tint L_P02_Leg_x-151 0.80 0.82 0.86
> spline (-1.3886,-0.0000,0.9175) (-1.3886,-0.0487,0.9175) (-1.3886,-0.0974,0.9175) (-1.3886,-0.1460,0.9175) (-1.3886,-0.1947,0.9175) (-1.3886,-0.2431,0.9158) --name=L_P03_Centre_RearLedgeInner_x-139_s01
  · #281 L_P03_Centre_RearLedgeInner_x-139_s01 curve    deg 3  poles 6    integral  length 0.2431  bounds [-1.39 -0.24 0.92]–[-1.39 0.00 0.92]
> spline (-1.3107,-0.0000,0.9296) (-1.3107,-0.0504,0.9296) (-1.3107,-0.1008,0.9296) (-1.3107,-0.1511,0.9296) (-1.3107,-0.2015,0.9296) (-1.3107,-0.2516,0.9280) --name=L_P03_Centre_RearLedgeInner_x-139_s02
  · #282 L_P03_Centre_RearLedgeInner_x-139_s02 curve    deg 3  poles 6    integral  length 0.2516  bounds [-1.31 -0.25 0.93]–[-1.31 0.00 0.93]
> spline (-1.2329,-0.0000,0.9418) (-1.2329,-0.0521,0.9418) (-1.2329,-0.1042,0.9418) (-1.2329,-0.1562,0.9418) (-1.2329,-0.2083,0.9418) (-1.2329,-0.2601,0.9401) --name=L_P03_Centre_RearLedgeInner_x-139_s03
  · #283 L_P03_Centre_RearLedgeInner_x-139_s03 curve    deg 3  poles 6    integral  length 0.2601  bounds [-1.23 -0.26 0.94]–[-1.23 0.00 0.94]
> loft L_P03_Centre_RearLedgeInner_x-139_s01 L_P03_Centre_RearLedgeInner_x-139_s02 L_P03_Centre_RearLedgeInner_x-139_s03 --sheet --name=L_P03_Centre_RearLedgeInner_x-139
  · loft L_P03_Centre_RearLedgeInner_x-139_s01 (open → sheet) L_P03_Centre_RearLedgeInner_x-139_s02 (open → sheet) L_P03_Centre_RearLedgeInner_x-139_s03 (open → sheet)
  · #284 L_P03_Centre_RearLedgeInner_x-139 surface  deg 3x2  poles 10x3  integral  bounds [-1.39 -0.26 0.92]–[-1.23 0.00 0.94]
  ·   ↳ loft of L_P03_Centre_RearLedgeInner_x-139_s01 L_P03_Centre_RearLedgeInner_x-139_s02 L_P03_Centre_RearLedgeInner_x-139_s03  degree 3
> delete L_P03_Centre_RearLedgeInner_x-139_s01 L_P03_Centre_RearLedgeInner_x-139_s02 L_P03_Centre_RearLedgeInner_x-139_s03
  · deleted 3 figure(s)
> tint L_P03_Centre_RearLedgeInner_x-139 0.80 0.82 0.86
> spline (-1.3886,-0.2431,0.9158) (-1.3886,-0.2804,0.9053) (-1.3886,-0.3171,0.8930) (-1.3886,-0.3537,0.8802) (-1.3886,-0.3902,0.8671) --name=L_P04_RearLedgeInner_RearLedgeOuter_x-139_s01
  · #285 L_P04_RearLedgeInner_RearLedgeOuter_x-139_s01 curve    deg 3  poles 5    integral  length 0.1550  bounds [-1.39 -0.39 0.87]–[-1.39 -0.24 0.92]
> spline (-1.3107,-0.2516,0.9280) (-1.3107,-0.2910,0.9175) (-1.3107,-0.3296,0.9046) (-1.3107,-0.3679,0.8904) (-1.3107,-0.4061,0.8762) --name=L_P04_RearLedgeInner_RearLedgeOuter_x-139_s02
  · #286 L_P04_RearLedgeInner_RearLedgeOuter_x-139_s02 curve    deg 3  poles 5    integral  length 0.1631  bounds [-1.31 -0.41 0.88]–[-1.31 -0.25 0.93]
> spline (-1.2329,-0.2601,0.9401) (-1.2329,-0.3018,0.9295) (-1.2329,-0.3426,0.9162) (-1.2329,-0.3829,0.9011) (-1.2329,-0.4232,0.8860) --name=L_P04_RearLedgeInner_RearLedgeOuter_x-139_s03
  · #287 L_P04_RearLedgeInner_RearLedgeOuter_x-139_s03 curve    deg 3  poles 5    integral  length 0.1720  bounds [-1.23 -0.42 0.89]–[-1.23 -0.26 0.94]
> loft L_P04_RearLedgeInner_RearLedgeOuter_x-139_s01 L_P04_RearLedgeInner_RearLedgeOuter_x-139_s02 L_P04_RearLedgeInner_RearLedgeOuter_x-139_s03 --sheet --name=L_P04_RearLedgeInner_RearLedgeOuter_x-139
  · loft L_P04_RearLedgeInner_RearLedgeOuter_x-139_s01 (open → sheet) L_P04_RearLedgeInner_RearLedgeOuter_x-139_s02 (open → sheet) L_P04_RearLedgeInner_RearLedgeOuter_x-139_s03 (open → sheet)
  · #288 L_P04_RearLedgeInner_RearLedgeOuter_x-139 surface  deg 3x2  poles 7x3  integral  bounds [-1.39 -0.42 0.87]–[-1.23 -0.24 0.94]
  ·   ↳ loft of L_P04_RearLedgeInner_RearLedgeOuter_x-139_s01 L_P04_RearLedgeInner_RearLedgeOuter_x-139_s02 L_P04_RearLedgeInner_RearLedgeOuter_x-139_s03  degree 3
> delete L_P04_RearLedgeInner_RearLedgeOuter_x-139_s01 L_P04_RearLedgeInner_RearLedgeOuter_x-139_s02 L_P04_RearLedgeInner_RearLedgeOuter_x-139_s03
  · deleted 3 figure(s)
> tint L_P04_RearLedgeInner_RearLedgeOuter_x-139 0.80 0.82 0.86
> spline (-1.3886,-0.3902,0.8671) (-1.3886,-0.4296,0.8497) (-1.3886,-0.4730,0.8462) (-1.3886,-0.5166,0.8464) (-1.3886,-0.5602,0.8473) --name=L_P05_RearLedgeOuter_RearDeckInner_x-139_s01
  · #289 L_P05_RearLedgeOuter_RearDeckInner_x-139_s01 curve    deg 3  poles 5    integral  length 0.1743  bounds [-1.39 -0.56 0.84]–[-1.39 -0.39 0.87]
> spline (-1.3107,-0.4061,0.8762) (-1.3107,-0.4465,0.8562) (-1.3107,-0.4914,0.8488) (-1.3107,-0.5368,0.8452) (-1.3107,-0.5823,0.8427) --name=L_P05_RearLedgeOuter_RearDeckInner_x-139_s02
  · #290 L_P05_RearLedgeOuter_RearDeckInner_x-139_s02 curve    deg 3  poles 5    integral  length 0.1821  bounds [-1.31 -0.58 0.84]–[-1.31 -0.41 0.88]
> spline (-1.2329,-0.4232,0.8860) (-1.2329,-0.4624,0.8642) (-1.2329,-0.5061,0.8533) (-1.2329,-0.5507,0.8459) (-1.2329,-0.5953,0.8394) --name=L_P05_RearLedgeOuter_RearDeckInner_x-139_s03
  · #291 L_P05_RearLedgeOuter_RearDeckInner_x-139_s03 curve    deg 3  poles 5    integral  length 0.1805  bounds [-1.23 -0.60 0.84]–[-1.23 -0.42 0.89]
> loft L_P05_RearLedgeOuter_RearDeckInner_x-139_s01 L_P05_RearLedgeOuter_RearDeckInner_x-139_s02 L_P05_RearLedgeOuter_RearDeckInner_x-139_s03 --sheet --name=L_P05_RearLedgeOuter_RearDeckInner_x-139
  · loft L_P05_RearLedgeOuter_RearDeckInner_x-139_s01 (open → sheet) L_P05_RearLedgeOuter_RearDeckInner_x-139_s02 (open → sheet) L_P05_RearLedgeOuter_RearDeckInner_x-139_s03 (open → sheet)
  · #292 L_P05_RearLedgeOuter_RearDeckInner_x-139 surface  deg 3x2  poles 7x3  integral  bounds [-1.39 -0.60 0.84]–[-1.23 -0.39 0.89]
  ·   ↳ loft of L_P05_RearLedgeOuter_RearDeckInner_x-139_s01 L_P05_RearLedgeOuter_RearDeckInner_x-139_s02 L_P05_RearLedgeOuter_RearDeckInner_x-139_s03  degree 3
> delete L_P05_RearLedgeOuter_RearDeckInner_x-139_s01 L_P05_RearLedgeOuter_RearDeckInner_x-139_s02 L_P05_RearLedgeOuter_RearDeckInner_x-139_s03
  · deleted 3 figure(s)
> tint L_P05_RearLedgeOuter_RearDeckInner_x-139 0.80 0.82 0.86
> spline (-1.3886,-0.5602,0.8473) (-1.3886,-0.6147,0.8475) (-1.3886,-0.6644,0.8624) (-1.3886,-0.7009,0.9029) (-1.3886,-0.7361,0.9444) (-1.3886,-0.7724,0.9820) (-1.3886,-0.8265,0.9860) (-1.3886,-0.8805,0.9832) (-1.3886,-0.9348,0.9876) (-1.3886,-0.9889,0.9847) (-1.3886,-1.0423,0.9742) --name=L_P06_RearDeckInner_End_x-139_s01
  · #293 L_P06_RearDeckInner_End_x-139_s01 curve    deg 3  poles 11   integral  length 0.5412  bounds [-1.39 -1.04 0.84]–[-1.39 -0.56 0.99]
> spline (-1.3107,-0.5823,0.8427) (-1.3107,-0.6362,0.8441) (-1.3107,-0.6808,0.8702) (-1.3107,-0.7163,0.9108) (-1.3107,-0.7519,0.9512) (-1.3107,-0.7959,0.9800) (-1.3107,-0.8488,0.9902) (-1.3107,-0.9025,0.9930) (-1.3107,-0.9565,0.9927) (-1.3107,-1.0099,0.9866) (-1.3107,-1.0580,0.9658) --name=L_P06_RearDeckInner_End_x-139_s02
  · #294 L_P06_RearDeckInner_End_x-139_s02 curve    deg 3  poles 11   integral  length 0.5360  bounds [-1.31 -1.06 0.83]–[-1.31 -0.58 0.99]
> spline (-1.2329,-0.5953,0.8394) (-1.2329,-0.6500,0.8399) (-1.2329,-0.6930,0.8705) (-1.2329,-0.7295,0.9112) (-1.2329,-0.7665,0.9513) (-1.2329,-0.8140,0.9771) (-1.2329,-0.8653,0.9956) (-1.2329,-0.9192,1.0023) (-1.2329,-0.9739,1.0027) (-1.2329,-1.0265,0.9900) (-1.2329,-1.0753,0.9656) --name=L_P06_RearDeckInner_End_x-139_s03
  · #295 L_P06_RearDeckInner_End_x-139_s03 curve    deg 3  poles 11   integral  length 0.5456  bounds [-1.23 -1.08 0.82]–[-1.23 -0.60 1.01]
> loft L_P06_RearDeckInner_End_x-139_s01 L_P06_RearDeckInner_End_x-139_s02 L_P06_RearDeckInner_End_x-139_s03 --sheet --name=L_P06_RearDeckInner_End_x-139
  · loft L_P06_RearDeckInner_End_x-139_s01 (open → sheet) L_P06_RearDeckInner_End_x-139_s02 (open → sheet) L_P06_RearDeckInner_End_x-139_s03 (open → sheet)
  · #296 L_P06_RearDeckInner_End_x-139 surface  deg 3x2  poles 25x3  integral  bounds [-1.39 -1.08 0.82]–[-1.23 -0.56 1.00]
  ·   ↳ loft of L_P06_RearDeckInner_End_x-139_s01 L_P06_RearDeckInner_End_x-139_s02 L_P06_RearDeckInner_End_x-139_s03  degree 3
> delete L_P06_RearDeckInner_End_x-139_s01 L_P06_RearDeckInner_End_x-139_s02 L_P06_RearDeckInner_End_x-139_s03
  · deleted 3 figure(s)
> tint L_P06_RearDeckInner_End_x-139 0.80 0.82 0.86
> spline (-1.3107,-1.0580,0.9658) (-1.3107,-1.0948,0.9354) (-1.3107,-1.1287,0.9022) (-1.3107,-1.1467,0.8582) (-1.3107,-1.1611,0.8127) --name=L_P07_Leg_x-131_s01
  · #297 L_P07_Leg_x-131_s01 curve    deg 3  poles 5    integral  length 0.1910  bounds [-1.31 -1.16 0.81]–[-1.31 -1.06 0.97]
> spline (-1.2329,-1.0753,0.9656) (-1.2329,-1.1064,0.9445) (-1.2329,-1.1324,0.9177) (-1.2329,-1.1473,0.8831) (-1.2329,-1.1611,0.8481) --name=L_P07_Leg_x-131_s02
  · #298 L_P07_Leg_x-131_s02 curve    deg 3  poles 5    integral  length 0.1506  bounds [-1.23 -1.16 0.85]–[-1.23 -1.08 0.97]
> loft L_P07_Leg_x-131_s01 L_P07_Leg_x-131_s02 --sheet --name=L_P07_Leg_x-131
  · loft L_P07_Leg_x-131_s01 (open → sheet) L_P07_Leg_x-131_s02 (open → sheet)
  · #299 L_P07_Leg_x-131    surface  deg 3x1  poles 6x2  integral  bounds [-1.31 -1.16 0.81]–[-1.23 -1.06 0.97]
  ·   ↳ loft of L_P07_Leg_x-131_s01 L_P07_Leg_x-131_s02  degree 3
> delete L_P07_Leg_x-131_s01 L_P07_Leg_x-131_s02
  · deleted 2 figure(s)
> tint L_P07_Leg_x-131 0.80 0.82 0.86
> spline (-1.2269,-0.0000,0.9427) (-1.2269,-0.0435,0.9427) (-1.2269,-0.0870,0.9427) (-1.2269,-0.1305,0.9427) (-1.2269,-0.1740,0.9427) (-1.2269,-0.2175,0.9427) (-1.2269,-0.2607,0.9411) --name=L_P08_Centre_RearLedgeInner_x-122_s01
  · #300 L_P08_Centre_RearLedgeInner_x-122_s01 curve    deg 3  poles 7    integral  length 0.2607  bounds [-1.23 -0.26 0.94]–[-1.23 0.00 0.94]
> spline (-1.1578,-0.0000,0.9535) (-1.1578,-0.0448,0.9535) (-1.1578,-0.0895,0.9535) (-1.1578,-0.1343,0.9535) (-1.1578,-0.1790,0.9535) (-1.1578,-0.2238,0.9535) (-1.1578,-0.2683,0.9519) --name=L_P08_Centre_RearLedgeInner_x-122_s02
  · #301 L_P08_Centre_RearLedgeInner_x-122_s02 curve    deg 3  poles 7    integral  length 0.2683  bounds [-1.16 -0.27 0.95]–[-1.16 0.00 0.95]
> spline (-1.0886,-0.0000,0.9645) (-1.0886,-0.0460,0.9645) (-1.0886,-0.0920,0.9645) (-1.0886,-0.1381,0.9645) (-1.0886,-0.1841,0.9644) (-1.0886,-0.2301,0.9643) (-1.0886,-0.2758,0.9625) --name=L_P08_Centre_RearLedgeInner_x-122_s03
  · #302 L_P08_Centre_RearLedgeInner_x-122_s03 curve    deg 3  poles 7    integral  length 0.2758  bounds [-1.09 -0.28 0.96]–[-1.09 0.00 0.96]
> spline (-1.0194,-0.0000,0.9761) (-1.0194,-0.0473,0.9761) (-1.0194,-0.0945,0.9761) (-1.0194,-0.1418,0.9758) (-1.0194,-0.1891,0.9754) (-1.0194,-0.2363,0.9748) (-1.0194,-0.2834,0.9726) --name=L_P08_Centre_RearLedgeInner_x-122_s04
  · #303 L_P08_Centre_RearLedgeInner_x-122_s04 curve    deg 3  poles 7    integral  length 0.2835  bounds [-1.02 -0.28 0.97]–[-1.02 0.00 0.98]
> spline (-0.9503,-0.0000,0.9878) (-0.9503,-0.0485,0.9878) (-0.9503,-0.0969,0.9878) (-0.9503,-0.1454,0.9873) (-0.9503,-0.1939,0.9865) (-0.9503,-0.2423,0.9853) (-0.9503,-0.2906,0.9827) --name=L_P08_Centre_RearLedgeInner_x-122_s05
  · #304 L_P08_Centre_RearLedgeInner_x-122_s05 curve    deg 3  poles 7    integral  length 0.2907  bounds [-0.95 -0.29 0.98]–[-0.95 0.00 0.99]
> spline (-0.8811,-0.0000,0.9992) (-0.8811,-0.0496,0.9993) (-0.8811,-0.0992,0.9992) (-0.8811,-0.1488,0.9985) (-0.8811,-0.1984,0.9975) (-0.8811,-0.2479,0.9959) (-0.8811,-0.2974,0.9929) --name=L_P08_Centre_RearLedgeInner_x-122_s06
  · #305 L_P08_Centre_RearLedgeInner_x-122_s06 curve    deg 3  poles 7    integral  length 0.2975  bounds [-0.88 -0.30 0.99]–[-0.88 0.00 1.00]
> spline (-0.8120,-0.0000,1.0103) (-0.8120,-0.0506,1.0104) (-0.8120,-0.1013,1.0102) (-0.8120,-0.1519,1.0095) (-0.8120,-0.2026,1.0083) (-0.8120,-0.2532,1.0066) (-0.8120,-0.3036,1.0034) --name=L_P08_Centre_RearLedgeInner_x-122_s07
  · #306 L_P08_Centre_RearLedgeInner_x-122_s07 curve    deg 3  poles 7    integral  length 0.3038  bounds [-0.81 -0.30 1.00]–[-0.81 0.00 1.01]
> spline (-0.7428,-0.0000,1.0212) (-0.7428,-0.0517,1.0213) (-0.7428,-0.1033,1.0212) (-0.7428,-0.1550,1.0204) (-0.7428,-0.2066,1.0191) (-0.7428,-0.2583,1.0173) (-0.7428,-0.3098,1.0141) --name=L_P08_Centre_RearLedgeInner_x-122_s08
  · #307 L_P08_Centre_RearLedgeInner_x-122_s08 curve    deg 3  poles 7    integral  length 0.3100  bounds [-0.74 -0.31 1.01]–[-0.74 0.00 1.02]
> spline (-0.6737,-0.0000,1.0321) (-0.6737,-0.0527,1.0322) (-0.6737,-0.1053,1.0321) (-0.6737,-0.1580,1.0312) (-0.6737,-0.2107,1.0299) (-0.6737,-0.2633,1.0281) (-0.6737,-0.3158,1.0248) --name=L_P08_Centre_RearLedgeInner_x-122_s09
  · #308 L_P08_Centre_RearLedgeInner_x-122_s09 curve    deg 3  poles 7    integral  length 0.3160  bounds [-0.67 -0.32 1.02]–[-0.67 0.00 1.03]
> spline (-0.6045,-0.0000,1.0429) (-0.6045,-0.0537,1.0431) (-0.6045,-0.1073,1.0429) (-0.6045,-0.1610,1.0420) (-0.6045,-0.2146,1.0407) (-0.6045,-0.2683,1.0388) (-0.6045,-0.3218,1.0356) --name=L_P08_Centre_RearLedgeInner_x-122_s10
  · #309 L_P08_Centre_RearLedgeInner_x-122_s10 curve    deg 3  poles 7    integral  length 0.3220  bounds [-0.60 -0.32 1.04]–[-0.60 0.00 1.04]
> loft L_P08_Centre_RearLedgeInner_x-122_s01 L_P08_Centre_RearLedgeInner_x-122_s02 L_P08_Centre_RearLedgeInner_x-122_s03 L_P08_Centre_RearLedgeInner_x-122_s04 L_P08_Centre_RearLedgeInner_x-122_s05 L_P08_Centre_RearLedgeInner_x-122_s06 L_P08_Centre_RearLedgeInner_x-122_s07 L_P08_Centre_RearLedgeInner_x-122_s08 L_P08_Centre_RearLedgeInner_x-122_s09 L_P08_Centre_RearLedgeInner_x-122_s10 --sheet --name=L_P08_Centre_RearLedgeInner_x-122
  · loft L_P08_Centre_RearLedgeInner_x-122_s01 (open → sheet) L_P08_Centre_RearLedgeInner_x-122_s02 (open → sheet) L_P08_Centre_RearLedgeInner_x-122_s03 (open → sheet) L_P08_Centre_RearLedgeInner_x-122_s04 (open → sheet) L_P08_Centre_RearLedgeInner_x-122_s05 (open → sheet) L_P08_Centre_RearLedgeInner_x-122_s06 (open → sheet) L_P08_Centre_RearLedgeInner_x-122_s07 (open → sheet) L_P08_Centre_RearLedgeInner_x-122_s08 (open → sheet) L_P08_Centre_RearLedgeInner_x-122_s09 (open → sheet) L_P08_Centre_RearLedgeInner_x-122_s10 (open → sheet)
  · #310 L_P08_Centre_RearLedgeInner_x-122 surface  deg 3x3  poles 34x10  integral  bounds [-1.23 -0.32 0.94]–[-0.60 0.00 1.04]
  ·   ↳ loft of L_P08_Centre_RearLedgeInner_x-122_s01 L_P08_Centre_RearLedgeInner_x-122_s02 L_P08_Centre_RearLedgeInner_x-122_s03 L_P08_Centre_RearLedgeInner_x-122_s04 L_P08_Centre_RearLedgeInner_x-122_s05 L_P08_Centre_RearLedgeInner_x-122_s06 L_P08_Centre_RearLedgeInner_x-122_s07 L_P08_Centre_RearLedgeInner_x-122_s08 L_P08_Centre_RearLedgeInner_x-122_s09 L_P08_Centre_RearLedgeInner_x-122_s10  degree 3
> delete L_P08_Centre_RearLedgeInner_x-122_s01 L_P08_Centre_RearLedgeInner_x-122_s02 L_P08_Centre_RearLedgeInner_x-122_s03 L_P08_Centre_RearLedgeInner_x-122_s04 L_P08_Centre_RearLedgeInner_x-122_s05 L_P08_Centre_RearLedgeInner_x-122_s06 L_P08_Centre_RearLedgeInner_x-122_s07 L_P08_Centre_RearLedgeInner_x-122_s08 L_P08_Centre_RearLedgeInner_x-122_s09 L_P08_Centre_RearLedgeInner_x-122_s10
  · deleted 10 figure(s)
> tint L_P08_Centre_RearLedgeInner_x-122 0.80 0.82 0.86
> spline (-1.2269,-0.2607,0.9411) (-1.2269,-0.2943,0.9328) (-1.2269,-0.3273,0.9228) (-1.2269,-0.3598,0.9111) (-1.2269,-0.3921,0.8988) (-1.2269,-0.4245,0.8868) --name=L_P09_RearLedgeInner_RearLedgeOuter_x-122_s01
  · #311 L_P09_RearLedgeInner_RearLedgeOuter_x-122_s01 curve    deg 3  poles 6    integral  length 0.1728  bounds [-1.23 -0.42 0.89]–[-1.23 -0.26 0.94]
> spline (-1.1578,-0.2683,0.9519) (-1.1578,-0.3035,0.9435) (-1.1578,-0.3381,0.9334) (-1.1578,-0.3721,0.9212) (-1.1578,-0.4058,0.9081) (-1.1578,-0.4397,0.8954) --name=L_P09_RearLedgeInner_RearLedgeOuter_x-122_s02
  · #312 L_P09_RearLedgeInner_RearLedgeOuter_x-122_s02 curve    deg 3  poles 6    integral  length 0.1807  bounds [-1.16 -0.44 0.90]–[-1.16 -0.27 0.95]
> spline (-1.0886,-0.2758,0.9625) (-1.0886,-0.3127,0.9543) (-1.0886,-0.3489,0.9440) (-1.0886,-0.3844,0.9312) (-1.0886,-0.4195,0.9175) (-1.0886,-0.4548,0.9041) --name=L_P09_RearLedgeInner_RearLedgeOuter_x-122_s03
  · #313 L_P09_RearLedgeInner_RearLedgeOuter_x-122_s03 curve    deg 3  poles 6    integral  length 0.1886  bounds [-1.09 -0.45 0.90]–[-1.09 -0.28 0.96]
> spline (-1.0194,-0.2834,0.9726) (-1.0194,-0.3219,0.9649) (-1.0194,-0.3598,0.9546) (-1.0194,-0.3967,0.9412) (-1.0194,-0.4333,0.9267) (-1.0194,-0.4700,0.9128) --name=L_P09_RearLedgeInner_RearLedgeOuter_x-122_s04
  · #314 L_P09_RearLedgeInner_RearLedgeOuter_x-122_s04 curve    deg 3  poles 6    integral  length 0.1964  bounds [-1.02 -0.47 0.91]–[-1.02 -0.28 0.97]
> spline (-0.9503,-0.2906,0.9827) (-0.9503,-0.3309,0.9755) (-0.9503,-0.3704,0.9651) (-0.9503,-0.4089,0.9511) (-0.9503,-0.4469,0.9360) (-0.9503,-0.4852,0.9215) --name=L_P09_RearLedgeInner_RearLedgeOuter_x-122_s05
  · #315 L_P09_RearLedgeInner_RearLedgeOuter_x-122_s05 curve    deg 3  poles 6    integral  length 0.2046  bounds [-0.95 -0.49 0.92]–[-0.95 -0.29 0.98]
> spline (-0.8811,-0.2974,0.9929) (-0.8811,-0.3395,0.9861) (-0.8811,-0.3808,0.9756) (-0.8811,-0.4208,0.9610) (-0.8811,-0.4605,0.9453) (-0.8811,-0.5004,0.9302) --name=L_P09_RearLedgeInner_RearLedgeOuter_x-122_s06
  · #316 L_P09_RearLedgeInner_RearLedgeOuter_x-122_s06 curve    deg 3  poles 6    integral  length 0.2132  bounds [-0.88 -0.50 0.93]–[-0.88 -0.30 0.99]
> spline (-0.8120,-0.3036,1.0034) (-0.8120,-0.3476,0.9968) (-0.8120,-0.3907,0.9860) (-0.8120,-0.4326,0.9710) (-0.8120,-0.4739,0.9546) (-0.8120,-0.5155,0.9389) --name=L_P09_RearLedgeInner_RearLedgeOuter_x-122_s07
  · #317 L_P09_RearLedgeInner_RearLedgeOuter_x-122_s07 curve    deg 3  poles 6    integral  length 0.2224  bounds [-0.81 -0.52 0.94]–[-0.81 -0.30 1.00]
> spline (-0.7428,-0.3098,1.0141) (-0.7428,-0.3556,1.0074) (-0.7428,-0.4006,0.9964) (-0.7428,-0.4443,0.9810) (-0.7428,-0.4874,0.9640) (-0.7428,-0.5307,0.9475) --name=L_P09_RearLedgeInner_RearLedgeOuter_x-122_s08
  · #318 L_P09_RearLedgeInner_RearLedgeOuter_x-122_s08 curve    deg 3  poles 6    integral  length 0.2317  bounds [-0.74 -0.53 0.95]–[-0.74 -0.31 1.01]
> spline (-0.6737,-0.3158,1.0248) (-0.6737,-0.3636,1.0181) (-0.6737,-0.4104,1.0068) (-0.6737,-0.4559,0.9909) (-0.6737,-0.5008,0.9734) (-0.6737,-0.5459,0.9562) --name=L_P09_RearLedgeInner_RearLedgeOuter_x-122_s09
  · #319 L_P09_RearLedgeInner_RearLedgeOuter_x-122_s09 curve    deg 3  poles 6    integral  length 0.2411  bounds [-0.67 -0.55 0.96]–[-0.67 -0.32 1.02]
> spline (-0.6045,-0.3218,1.0356) (-0.6045,-0.3714,1.0288) (-0.6045,-0.4202,1.0172) (-0.6045,-0.4676,1.0010) (-0.6045,-0.5143,0.9829) (-0.6045,-0.5611,0.9649) --name=L_P09_RearLedgeInner_RearLedgeOuter_x-122_s10
  · #320 L_P09_RearLedgeInner_RearLedgeOuter_x-122_s10 curve    deg 3  poles 6    integral  length 0.2506  bounds [-0.60 -0.56 0.96]–[-0.60 -0.32 1.04]
> loft L_P09_RearLedgeInner_RearLedgeOuter_x-122_s01 L_P09_RearLedgeInner_RearLedgeOuter_x-122_s02 L_P09_RearLedgeInner_RearLedgeOuter_x-122_s03 L_P09_RearLedgeInner_RearLedgeOuter_x-122_s04 L_P09_RearLedgeInner_RearLedgeOuter_x-122_s05 L_P09_RearLedgeInner_RearLedgeOuter_x-122_s06 L_P09_RearLedgeInner_RearLedgeOuter_x-122_s07 L_P09_RearLedgeInner_RearLedgeOuter_x-122_s08 L_P09_RearLedgeInner_RearLedgeOuter_x-122_s09 L_P09_RearLedgeInner_RearLedgeOuter_x-122_s10 --sheet --name=L_P09_RearLedgeInner_RearLedgeOuter_x-122
  · loft L_P09_RearLedgeInner_RearLedgeOuter_x-122_s01 (open → sheet) L_P09_RearLedgeInner_RearLedgeOuter_x-122_s02 (open → sheet) L_P09_RearLedgeInner_RearLedgeOuter_x-122_s03 (open → sheet) L_P09_RearLedgeInner_RearLedgeOuter_x-122_s04 (open → sheet) L_P09_RearLedgeInner_RearLedgeOuter_x-122_s05 (open → sheet) L_P09_RearLedgeInner_RearLedgeOuter_x-122_s06 (open → sheet) L_P09_RearLedgeInner_RearLedgeOuter_x-122_s07 (open → sheet) L_P09_RearLedgeInner_RearLedgeOuter_x-122_s08 (open → sheet) L_P09_RearLedgeInner_RearLedgeOuter_x-122_s09 (open → sheet) L_P09_RearLedgeInner_RearLedgeOuter_x-122_s10 (open → sheet)
  · #321 L_P09_RearLedgeInner_RearLedgeOuter_x-122 surface  deg 3x3  poles 24x10  integral  bounds [-1.23 -0.56 0.89]–[-0.60 -0.26 1.04]
  ·   ↳ loft of L_P09_RearLedgeInner_RearLedgeOuter_x-122_s01 L_P09_RearLedgeInner_RearLedgeOuter_x-122_s02 L_P09_RearLedgeInner_RearLedgeOuter_x-122_s03 L_P09_RearLedgeInner_RearLedgeOuter_x-122_s04 L_P09_RearLedgeInner_RearLedgeOuter_x-122_s05 L_P09_RearLedgeInner_RearLedgeOuter_x-122_s06 L_P09_RearLedgeInner_RearLedgeOuter_x-122_s07 L_P09_RearLedgeInner_RearLedgeOuter_x-122_s08 L_P09_RearLedgeInner_RearLedgeOuter_x-122_s09 L_P09_RearLedgeInner_RearLedgeOuter_x-122_s10  degree 3
> delete L_P09_RearLedgeInner_RearLedgeOuter_x-122_s01 L_P09_RearLedgeInner_RearLedgeOuter_x-122_s02 L_P09_RearLedgeInner_RearLedgeOuter_x-122_s03 L_P09_RearLedgeInner_RearLedgeOuter_x-122_s04 L_P09_RearLedgeInner_RearLedgeOuter_x-122_s05 L_P09_RearLedgeInner_RearLedgeOuter_x-122_s06 L_P09_RearLedgeInner_RearLedgeOuter_x-122_s07 L_P09_RearLedgeInner_RearLedgeOuter_x-122_s08 L_P09_RearLedgeInner_RearLedgeOuter_x-122_s09 L_P09_RearLedgeInner_RearLedgeOuter_x-122_s10
  · deleted 10 figure(s)
> tint L_P09_RearLedgeInner_RearLedgeOuter_x-122 0.80 0.82 0.86
> spline (-1.2269,-0.4245,0.8868) (-1.2269,-0.4636,0.8648) (-1.2269,-0.5073,0.8537) (-1.2269,-0.5517,0.8461) (-1.2269,-0.5963,0.8394) --name=L_P10_RearLedgeOuter_RearDeckInner_x-122_s01
  · #322 L_P10_RearLedgeOuter_RearDeckInner_x-122_s01 curve    deg 3  poles 5    integral  length 0.1804  bounds [-1.23 -0.60 0.84]–[-1.23 -0.42 0.89]
> spline (-1.1578,-0.4397,0.8954) (-1.1578,-0.4778,0.8725) (-1.1578,-0.5204,0.8592) (-1.1578,-0.5640,0.8494) (-1.1578,-0.6078,0.8404) --name=L_P10_RearLedgeOuter_RearDeckInner_x-122_s02
  · #323 L_P10_RearLedgeOuter_RearDeckInner_x-122_s02 curve    deg 3  poles 5    integral  length 0.1787  bounds [-1.16 -0.61 0.84]–[-1.16 -0.44 0.90]
> spline (-1.0886,-0.4548,0.9041) (-1.0886,-0.4921,0.8803) (-1.0886,-0.5337,0.8649) (-1.0886,-0.5764,0.8529) (-1.0886,-0.6193,0.8417) --name=L_P10_RearLedgeOuter_RearDeckInner_x-122_s03
  · #324 L_P10_RearLedgeOuter_RearDeckInner_x-122_s03 curve    deg 3  poles 5    integral  length 0.1775  bounds [-1.09 -0.62 0.84]–[-1.09 -0.45 0.90]
> spline (-1.0194,-0.4700,0.9128) (-1.0194,-0.5066,0.8883) (-1.0194,-0.5470,0.8708) (-1.0194,-0.5888,0.8566) (-1.0194,-0.6307,0.8430) --name=L_P10_RearLedgeOuter_RearDeckInner_x-122_s04
  · #325 L_P10_RearLedgeOuter_RearDeckInner_x-122_s04 curve    deg 3  poles 5    integral  length 0.1764  bounds [-1.02 -0.63 0.84]–[-1.02 -0.47 0.91]
> spline (-0.9503,-0.4852,0.9215) (-0.9503,-0.5212,0.8963) (-0.9503,-0.5606,0.8769) (-0.9503,-0.6012,0.8603) (-0.9503,-0.6422,0.8443) --name=L_P10_RearLedgeOuter_RearDeckInner_x-122_s05
  · #326 L_P10_RearLedgeOuter_RearDeckInner_x-122_s05 curve    deg 3  poles 5    integral  length 0.1758  bounds [-0.95 -0.64 0.84]–[-0.95 -0.49 0.92]
> spline (-0.8811,-0.5004,0.9302) (-0.8811,-0.5359,0.9044) (-0.8811,-0.5742,0.8830) (-0.8811,-0.6138,0.8640) (-0.8811,-0.6536,0.8455) --name=L_P10_RearLedgeOuter_RearDeckInner_x-122_s06
  · #327 L_P10_RearLedgeOuter_RearDeckInner_x-122_s06 curve    deg 3  poles 5    integral  length 0.1756  bounds [-0.88 -0.65 0.85]–[-0.88 -0.50 0.93]
> spline (-0.8120,-0.5155,0.9389) (-0.8120,-0.5507,0.9125) (-0.8120,-0.5881,0.8893) (-0.8120,-0.6265,0.8679) (-0.8120,-0.6651,0.8468) --name=L_P10_RearLedgeOuter_RearDeckInner_x-122_s07
  · #328 L_P10_RearLedgeOuter_RearDeckInner_x-122_s07 curve    deg 3  poles 5    integral  length 0.1760  bounds [-0.81 -0.67 0.85]–[-0.81 -0.52 0.94]
> spline (-0.7428,-0.5307,0.9475) (-0.7428,-0.5657,0.9206) (-0.7428,-0.6021,0.8956) (-0.7428,-0.6393,0.8718) (-0.7428,-0.6766,0.8481) --name=L_P10_RearLedgeOuter_RearDeckInner_x-122_s08
  · #329 L_P10_RearLedgeOuter_RearDeckInner_x-122_s08 curve    deg 3  poles 5    integral  length 0.1767  bounds [-0.74 -0.68 0.85]–[-0.74 -0.53 0.95]
> spline (-0.6737,-0.5459,0.9562) (-0.6737,-0.5808,0.9287) (-0.6737,-0.6163,0.9019) (-0.6737,-0.6522,0.8757) (-0.6737,-0.6880,0.8494) --name=L_P10_RearLedgeOuter_RearDeckInner_x-122_s09
  · #330 L_P10_RearLedgeOuter_RearDeckInner_x-122_s09 curve    deg 3  poles 5    integral  length 0.1778  bounds [-0.67 -0.69 0.85]–[-0.67 -0.55 0.96]
> spline (-0.6045,-0.5611,0.9649) (-0.6045,-0.5960,0.9367) (-0.6045,-0.6307,0.9083) (-0.6045,-0.6651,0.8795) (-0.6045,-0.6995,0.8507) --name=L_P10_RearLedgeOuter_RearDeckInner_x-122_s10
  · #331 L_P10_RearLedgeOuter_RearDeckInner_x-122_s10 curve    deg 3  poles 5    integral  length 0.1794  bounds [-0.60 -0.70 0.85]–[-0.60 -0.56 0.96]
> loft L_P10_RearLedgeOuter_RearDeckInner_x-122_s01 L_P10_RearLedgeOuter_RearDeckInner_x-122_s02 L_P10_RearLedgeOuter_RearDeckInner_x-122_s03 L_P10_RearLedgeOuter_RearDeckInner_x-122_s04 L_P10_RearLedgeOuter_RearDeckInner_x-122_s05 L_P10_RearLedgeOuter_RearDeckInner_x-122_s06 L_P10_RearLedgeOuter_RearDeckInner_x-122_s07 L_P10_RearLedgeOuter_RearDeckInner_x-122_s08 L_P10_RearLedgeOuter_RearDeckInner_x-122_s09 L_P10_RearLedgeOuter_RearDeckInner_x-122_s10 --sheet --name=L_P10_RearLedgeOuter_RearDeckInner_x-122
  · loft L_P10_RearLedgeOuter_RearDeckInner_x-122_s01 (open → sheet) L_P10_RearLedgeOuter_RearDeckInner_x-122_s02 (open → sheet) L_P10_RearLedgeOuter_RearDeckInner_x-122_s03 (open → sheet) L_P10_RearLedgeOuter_RearDeckInner_x-122_s04 (open → sheet) L_P10_RearLedgeOuter_RearDeckInner_x-122_s05 (open → sheet) L_P10_RearLedgeOuter_RearDeckInner_x-122_s06 (open → sheet) L_P10_RearLedgeOuter_RearDeckInner_x-122_s07 (open → sheet) L_P10_RearLedgeOuter_RearDeckInner_x-122_s08 (open → sheet) L_P10_RearLedgeOuter_RearDeckInner_x-122_s09 (open → sheet) L_P10_RearLedgeOuter_RearDeckInner_x-122_s10 (open → sheet)
  · #332 L_P10_RearLedgeOuter_RearDeckInner_x-122 surface  deg 3x3  poles 14x10  integral  bounds [-1.23 -0.70 0.84]–[-0.60 -0.42 0.96]
  ·   ↳ loft of L_P10_RearLedgeOuter_RearDeckInner_x-122_s01 L_P10_RearLedgeOuter_RearDeckInner_x-122_s02 L_P10_RearLedgeOuter_RearDeckInner_x-122_s03 L_P10_RearLedgeOuter_RearDeckInner_x-122_s04 L_P10_RearLedgeOuter_RearDeckInner_x-122_s05 L_P10_RearLedgeOuter_RearDeckInner_x-122_s06 L_P10_RearLedgeOuter_RearDeckInner_x-122_s07 L_P10_RearLedgeOuter_RearDeckInner_x-122_s08 L_P10_RearLedgeOuter_RearDeckInner_x-122_s09 L_P10_RearLedgeOuter_RearDeckInner_x-122_s10  degree 3
> delete L_P10_RearLedgeOuter_RearDeckInner_x-122_s01 L_P10_RearLedgeOuter_RearDeckInner_x-122_s02 L_P10_RearLedgeOuter_RearDeckInner_x-122_s03 L_P10_RearLedgeOuter_RearDeckInner_x-122_s04 L_P10_RearLedgeOuter_RearDeckInner_x-122_s05 L_P10_RearLedgeOuter_RearDeckInner_x-122_s06 L_P10_RearLedgeOuter_RearDeckInner_x-122_s07 L_P10_RearLedgeOuter_RearDeckInner_x-122_s08 L_P10_RearLedgeOuter_RearDeckInner_x-122_s09 L_P10_RearLedgeOuter_RearDeckInner_x-122_s10
  · deleted 10 figure(s)
> tint L_P10_RearLedgeOuter_RearDeckInner_x-122 0.80 0.82 0.86
> spline (-1.2269,-0.5963,0.8394) (-1.2269,-0.6547,0.8400) (-1.2269,-0.6987,0.8760) (-1.2269,-0.7378,0.9193) (-1.2269,-0.7787,0.9608) (-1.2269,-0.8323,0.9835) (-1.2269,-0.8877,1.0014) --name=L_P11_RearDeckInner_RearShoulder_x-122_s01
  · #333 L_P11_RearDeckInner_RearShoulder_x-122_s01 curve    deg 3  poles 7    integral  length 0.3512  bounds [-1.23 -0.89 0.82]–[-1.23 -0.60 1.00]
> spline (-1.1578,-0.6078,0.8404) (-1.1578,-0.6637,0.8413) (-1.1578,-0.7063,0.8761) (-1.1578,-0.7454,0.9162) (-1.1578,-0.7865,0.9540) (-1.1578,-0.8362,0.9794) (-1.1578,-0.8875,1.0013) --name=L_P11_RearDeckInner_RearShoulder_x-122_s02
  · #334 L_P11_RearDeckInner_RearShoulder_x-122_s02 curve    deg 3  poles 7    integral  length 0.3369  bounds [-1.16 -0.89 0.82]–[-1.16 -0.61 1.00]
> spline (-1.0886,-0.6193,0.8417) (-1.0886,-0.6726,0.8437) (-1.0886,-0.7139,0.8770) (-1.0886,-0.7528,0.9135) (-1.0886,-0.7937,0.9477) (-1.0886,-0.8401,0.9741) (-1.0886,-0.8876,0.9984) --name=L_P11_RearDeckInner_RearShoulder_x-122_s03
  · #335 L_P11_RearDeckInner_RearShoulder_x-122_s03 curve    deg 3  poles 7    integral  length 0.3220  bounds [-1.09 -0.89 0.82]–[-1.09 -0.62 1.00]
> spline (-1.0194,-0.6307,0.8430) (-1.0194,-0.6815,0.8466) (-1.0194,-0.7217,0.8779) (-1.0194,-0.7604,0.9112) (-1.0194,-0.8007,0.9426) (-1.0194,-0.8437,0.9702) (-1.0194,-0.8878,0.9959) --name=L_P11_RearDeckInner_RearShoulder_x-122_s04
  · #336 L_P11_RearDeckInner_RearShoulder_x-122_s04 curve    deg 3  poles 7    integral  length 0.3079  bounds [-1.02 -0.89 0.83]–[-1.02 -0.63 1.00]
> spline (-0.9503,-0.6422,0.8443) (-0.9503,-0.6904,0.8492) (-0.9503,-0.7294,0.8782) (-0.9503,-0.7677,0.9083) (-0.9503,-0.8067,0.9375) (-0.9503,-0.8466,0.9654) (-0.9503,-0.8879,0.9911) --name=L_P11_RearDeckInner_RearShoulder_x-122_s05
  · #337 L_P11_RearDeckInner_RearShoulder_x-122_s05 curve    deg 3  poles 7    integral  length 0.2932  bounds [-0.95 -0.89 0.83]–[-0.95 -0.64 0.99]
> spline (-0.8811,-0.6536,0.8455) (-0.8811,-0.6990,0.8511) (-0.8811,-0.7368,0.8774) (-0.8811,-0.7740,0.9043) (-0.8811,-0.8114,0.9311) (-0.8811,-0.8490,0.9576) (-0.8811,-0.8880,0.9818) --name=L_P11_RearDeckInner_RearShoulder_x-122_s06
  · #338 L_P11_RearDeckInner_RearShoulder_x-122_s06 curve    deg 3  poles 7    integral  length 0.2767  bounds [-0.88 -0.89 0.84]–[-0.88 -0.65 0.98]
> spline (-0.8120,-0.6651,0.8468) (-0.8120,-0.7073,0.8526) (-0.8120,-0.7435,0.8758) (-0.8120,-0.7793,0.8995) (-0.8120,-0.8151,0.9233) (-0.8120,-0.8510,0.9468) (-0.8120,-0.8882,0.9682) --name=L_P11_RearDeckInner_RearShoulder_x-122_s07
  · #339 L_P11_RearDeckInner_RearShoulder_x-122_s07 curve    deg 3  poles 7    integral  length 0.2582  bounds [-0.81 -0.89 0.84]–[-0.81 -0.67 0.97]
> spline (-0.7428,-0.6766,0.8481) (-0.7428,-0.7157,0.8538) (-0.7428,-0.7501,0.8739) (-0.7428,-0.7844,0.8943) (-0.7428,-0.8186,0.9148) (-0.7428,-0.8529,0.9352) (-0.7428,-0.8883,0.9534) --name=L_P11_RearDeckInner_RearShoulder_x-122_s08
  · #340 L_P11_RearDeckInner_RearShoulder_x-122_s08 curve    deg 3  poles 7    integral  length 0.2395  bounds [-0.74 -0.89 0.84]–[-0.74 -0.68 0.95]
> spline (-0.6737,-0.6880,0.8494) (-0.6737,-0.7242,0.8549) (-0.6737,-0.7570,0.8718) (-0.6737,-0.7895,0.8890) (-0.6737,-0.8221,0.9063) (-0.6737,-0.8548,0.9234) (-0.6737,-0.8884,0.9383) --name=L_P11_RearDeckInner_RearShoulder_x-122_s09
  · #341 L_P11_RearDeckInner_RearShoulder_x-122_s09 curve    deg 3  poles 7    integral  length 0.2213  bounds [-0.67 -0.89 0.85]–[-0.67 -0.69 0.94]
> spline (-0.6045,-0.6995,0.8507) (-0.6045,-0.7328,0.8559) (-0.6045,-0.7639,0.8698) (-0.6045,-0.7948,0.8838) (-0.6045,-0.8258,0.8979) (-0.6045,-0.8568,0.9118) (-0.6045,-0.8886,0.9237) --name=L_P11_RearDeckInner_RearShoulder_x-122_s10
  · #342 L_P11_RearDeckInner_RearShoulder_x-122_s10 curve    deg 3  poles 7    integral  length 0.2040  bounds [-0.60 -0.89 0.85]–[-0.60 -0.70 0.92]
> loft L_P11_RearDeckInner_RearShoulder_x-122_s01 L_P11_RearDeckInner_RearShoulder_x-122_s02 L_P11_RearDeckInner_RearShoulder_x-122_s03 L_P11_RearDeckInner_RearShoulder_x-122_s04 L_P11_RearDeckInner_RearShoulder_x-122_s05 L_P11_RearDeckInner_RearShoulder_x-122_s06 L_P11_RearDeckInner_RearShoulder_x-122_s07 L_P11_RearDeckInner_RearShoulder_x-122_s08 L_P11_RearDeckInner_RearShoulder_x-122_s09 L_P11_RearDeckInner_RearShoulder_x-122_s10 --sheet --name=L_P11_RearDeckInner_RearShoulder_x-122
  · loft L_P11_RearDeckInner_RearShoulder_x-122_s01 (open → sheet) L_P11_RearDeckInner_RearShoulder_x-122_s02 (open → sheet) L_P11_RearDeckInner_RearShoulder_x-122_s03 (open → sheet) L_P11_RearDeckInner_RearShoulder_x-122_s04 (open → sheet) L_P11_RearDeckInner_RearShoulder_x-122_s05 (open → sheet) L_P11_RearDeckInner_RearShoulder_x-122_s06 (open → sheet) L_P11_RearDeckInner_RearShoulder_x-122_s07 (open → sheet) L_P11_RearDeckInner_RearShoulder_x-122_s08 (open → sheet) L_P11_RearDeckInner_RearShoulder_x-122_s09 (open → sheet) L_P11_RearDeckInner_RearShoulder_x-122_s10 (open → sheet)
  · #343 L_P11_RearDeckInner_RearShoulder_x-122 surface  deg 3x3  poles 34x10  integral  bounds [-1.23 -0.89 0.82]–[-0.60 -0.60 1.00]
  ·   ↳ loft of L_P11_RearDeckInner_RearShoulder_x-122_s01 L_P11_RearDeckInner_RearShoulder_x-122_s02 L_P11_RearDeckInner_RearShoulder_x-122_s03 L_P11_RearDeckInner_RearShoulder_x-122_s04 L_P11_RearDeckInner_RearShoulder_x-122_s05 L_P11_RearDeckInner_RearShoulder_x-122_s06 L_P11_RearDeckInner_RearShoulder_x-122_s07 L_P11_RearDeckInner_RearShoulder_x-122_s08 L_P11_RearDeckInner_RearShoulder_x-122_s09 L_P11_RearDeckInner_RearShoulder_x-122_s10  degree 3
> delete L_P11_RearDeckInner_RearShoulder_x-122_s01 L_P11_RearDeckInner_RearShoulder_x-122_s02 L_P11_RearDeckInner_RearShoulder_x-122_s03 L_P11_RearDeckInner_RearShoulder_x-122_s04 L_P11_RearDeckInner_RearShoulder_x-122_s05 L_P11_RearDeckInner_RearShoulder_x-122_s06 L_P11_RearDeckInner_RearShoulder_x-122_s07 L_P11_RearDeckInner_RearShoulder_x-122_s08 L_P11_RearDeckInner_RearShoulder_x-122_s09 L_P11_RearDeckInner_RearShoulder_x-122_s10
  · deleted 10 figure(s)
> tint L_P11_RearDeckInner_RearShoulder_x-122 0.80 0.82 0.86
> spline (-1.2269,-0.8877,1.0014) (-1.2269,-0.9417,1.0029) (-1.2269,-0.9955,1.0011) (-1.2269,-1.0463,0.9828) (-1.2269,-1.0927,0.9553) (-1.2269,-1.1325,0.9194) (-1.2269,-1.1534,0.8697) --name=L_P12_RearShoulder_End_x-122_s01
  · #344 L_P12_RearShoulder_End_x-122_s01 curve    deg 3  poles 7    integral  length 0.3246  bounds [-1.23 -1.15 0.87]–[-1.23 -0.89 1.01]
> spline (-1.1578,-0.8875,1.0013) (-1.1578,-0.9430,1.0042) (-1.1578,-0.9982,1.0039) (-1.1578,-1.0511,0.9867) (-1.1578,-1.1010,0.9623) (-1.1578,-1.1385,0.9229) (-1.1578,-1.1611,0.8721) --name=L_P12_RearShoulder_End_x-122_s02
  · #345 L_P12_RearShoulder_End_x-122_s02 curve    deg 3  poles 7    integral  length 0.3330  bounds [-1.16 -1.16 0.87]–[-1.16 -0.89 1.02]
> spline (-1.0886,-0.8876,0.9984) (-1.0886,-0.9424,1.0041) (-1.0886,-0.9970,1.0057) (-1.0886,-1.0497,0.9894) (-1.0886,-1.0999,0.9670) (-1.0886,-1.1384,0.9296) (-1.0886,-1.1611,0.8794) --name=L_P12_RearShoulder_End_x-122_s03
  · #346 L_P12_RearShoulder_End_x-122_s03 curve    deg 3  poles 7    integral  length 0.3297  bounds [-1.09 -1.16 0.88]–[-1.09 -0.89 1.02]
> spline (-1.0194,-0.8878,0.9959) (-1.0194,-0.9428,1.0026) (-1.0194,-0.9976,1.0043) (-1.0194,-1.0505,0.9876) (-1.0194,-1.1010,0.9650) (-1.0194,-1.1385,0.9263) (-1.0194,-1.1611,0.8757) --name=L_P12_RearShoulder_End_x-122_s04
  · #347 L_P12_RearShoulder_End_x-122_s04 curve    deg 3  poles 7    integral  length 0.3314  bounds [-1.02 -1.16 0.88]–[-1.02 -0.89 1.02]
> spline (-0.9503,-0.8879,0.9911) (-0.9503,-0.9423,0.9978) (-0.9503,-0.9966,1.0000) (-0.9503,-1.0487,0.9829) (-0.9503,-1.0980,0.9591) (-0.9503,-1.1363,0.9216) (-0.9503,-1.1572,0.8709) --name=L_P12_RearShoulder_End_x-122_s05
  · #348 L_P12_RearShoulder_End_x-122_s05 curve    deg 3  poles 7    integral  length 0.3284  bounds [-0.95 -1.16 0.87]–[-0.95 -0.89 1.01]
> spline (-0.8811,-0.8880,0.9818) (-0.8811,-0.9399,0.9887) (-0.8811,-0.9918,0.9931) (-0.8811,-1.0415,0.9768) (-0.8811,-1.0872,0.9517) (-0.8811,-1.1273,0.9183) (-0.8811,-1.1489,0.8709) --name=L_P12_RearShoulder_End_x-122_s06
  · #349 L_P12_RearShoulder_End_x-122_s06 curve    deg 3  poles 7    integral  length 0.3147  bounds [-0.88 -1.15 0.87]–[-0.88 -0.89 1.00]
> spline (-0.8120,-0.8882,0.9682) (-0.8120,-0.9367,0.9762) (-0.8120,-0.9853,0.9834) (-0.8120,-1.0323,0.9693) (-0.8120,-1.0749,0.9453) (-0.8120,-1.1095,0.9104) (-0.8120,-1.1377,0.8703) --name=L_P12_RearShoulder_End_x-122_s07
  · #350 L_P12_RearShoulder_End_x-122_s07 curve    deg 3  poles 7    integral  length 0.2953  bounds [-0.81 -1.14 0.87]–[-0.81 -0.89 0.99]
> spline (-0.7428,-0.8883,0.9534) (-0.7428,-0.9331,0.9620) (-0.7428,-0.9779,0.9706) (-0.7428,-1.0220,0.9610) (-0.7428,-1.0629,0.9414) (-0.7428,-1.0940,0.9082) (-0.7428,-1.1180,0.8695) --name=L_P12_RearShoulder_End_x-122_s08
  · #351 L_P12_RearShoulder_End_x-122_s08 curve    deg 3  poles 7    integral  length 0.2737  bounds [-0.74 -1.12 0.87]–[-0.74 -0.89 0.98]
> spline (-0.6737,-0.8884,0.9383) (-0.6737,-0.9299,0.9474) (-0.6737,-0.9714,0.9564) (-0.6737,-1.0127,0.9513) (-0.6737,-1.0519,0.9351) (-0.6737,-1.0827,0.9065) (-0.6737,-1.1035,0.8695) --name=L_P12_RearShoulder_End_x-122_s09
  · #352 L_P12_RearShoulder_End_x-122_s09 curve    deg 3  poles 7    integral  length 0.2544  bounds [-0.67 -1.10 0.87]–[-0.67 -0.89 0.96]
> spline (-0.6045,-0.8886,0.9237) (-0.6045,-0.9264,0.9325) (-0.6045,-0.9643,0.9408) (-0.6045,-1.0023,0.9408) (-0.6045,-1.0387,0.9272) (-0.6045,-1.0708,0.9059) (-0.6045,-1.0912,0.8731) --name=L_P12_RearShoulder_End_x-122_s10
  · #353 L_P12_RearShoulder_End_x-122_s10 curve    deg 3  poles 7    integral  length 0.2326  bounds [-0.60 -1.09 0.87]–[-0.60 -0.89 0.94]
> loft L_P12_RearShoulder_End_x-122_s01 L_P12_RearShoulder_End_x-122_s02 L_P12_RearShoulder_End_x-122_s03 L_P12_RearShoulder_End_x-122_s04 L_P12_RearShoulder_End_x-122_s05 L_P12_RearShoulder_End_x-122_s06 L_P12_RearShoulder_End_x-122_s07 L_P12_RearShoulder_End_x-122_s08 L_P12_RearShoulder_End_x-122_s09 L_P12_RearShoulder_End_x-122_s10 --sheet --name=L_P12_RearShoulder_End_x-122
  · loft L_P12_RearShoulder_End_x-122_s01 (open → sheet) L_P12_RearShoulder_End_x-122_s02 (open → sheet) L_P12_RearShoulder_End_x-122_s03 (open → sheet) L_P12_RearShoulder_End_x-122_s04 (open → sheet) L_P12_RearShoulder_End_x-122_s05 (open → sheet) L_P12_RearShoulder_End_x-122_s06 (open → sheet) L_P12_RearShoulder_End_x-122_s07 (open → sheet) L_P12_RearShoulder_End_x-122_s08 (open → sheet) L_P12_RearShoulder_End_x-122_s09 (open → sheet) L_P12_RearShoulder_End_x-122_s10 (open → sheet)
  · #354 L_P12_RearShoulder_End_x-122 surface  deg 3x3  poles 34x10  integral  bounds [-1.23 -1.16 0.86]–[-0.60 -0.89 1.01]
  ·   ↳ loft of L_P12_RearShoulder_End_x-122_s01 L_P12_RearShoulder_End_x-122_s02 L_P12_RearShoulder_End_x-122_s03 L_P12_RearShoulder_End_x-122_s04 L_P12_RearShoulder_End_x-122_s05 L_P12_RearShoulder_End_x-122_s06 L_P12_RearShoulder_End_x-122_s07 L_P12_RearShoulder_End_x-122_s08 L_P12_RearShoulder_End_x-122_s09 L_P12_RearShoulder_End_x-122_s10  degree 3
> delete L_P12_RearShoulder_End_x-122_s01 L_P12_RearShoulder_End_x-122_s02 L_P12_RearShoulder_End_x-122_s03 L_P12_RearShoulder_End_x-122_s04 L_P12_RearShoulder_End_x-122_s05 L_P12_RearShoulder_End_x-122_s06 L_P12_RearShoulder_End_x-122_s07 L_P12_RearShoulder_End_x-122_s08 L_P12_RearShoulder_End_x-122_s09 L_P12_RearShoulder_End_x-122_s10
  · deleted 10 figure(s)
> tint L_P12_RearShoulder_End_x-122 0.80 0.82 0.86
> spline (-0.8120,-1.1377,0.8703) (-0.8120,-1.1431,0.8574) (-0.8120,-1.1471,0.8440) (-0.8120,-1.1509,0.8306) (-0.8120,-1.1545,0.8171) (-0.8120,-1.1579,0.8035) (-0.8120,-1.1611,0.7899) --name=L_P13_Leg_x-81_s01
  · #355 L_P13_Leg_x-81_s01 curve    deg 3  poles 7    integral  length 0.0839  bounds [-0.81 -1.16 0.79]–[-0.81 -1.14 0.87]
> spline (-0.7428,-1.1180,0.8695) (-0.7428,-1.1295,0.8475) (-0.7428,-1.1396,0.8250) (-0.7428,-1.1485,0.8019) (-0.7428,-1.1535,0.7776) (-0.7428,-1.1579,0.7533) (-0.7428,-1.1611,0.7287) --name=L_P13_Leg_x-81_s02
  · #356 L_P13_Leg_x-81_s02 curve    deg 3  poles 7    integral  length 0.1486  bounds [-0.74 -1.16 0.73]–[-0.74 -1.12 0.87]
> spline (-0.6737,-1.1035,0.8695) (-0.6737,-1.1200,0.8317) (-0.6737,-1.1348,0.7933) (-0.6737,-1.1476,0.7541) (-0.6737,-1.1580,0.7144) (-0.6737,-1.1605,0.6733) (-0.6737,-1.1611,0.6321) --name=L_P13_Leg_x-81_s03
  · #357 L_P13_Leg_x-81_s03 curve    deg 3  poles 7    integral  length 0.2472  bounds [-0.67 -1.16 0.63]–[-0.67 -1.10 0.87]
> spline (-0.6045,-1.0912,0.8731) (-0.6045,-1.1342,0.7624) (-0.6045,-1.1548,0.6455) (-0.6045,-1.1568,0.5268) (-0.6045,-1.1553,0.4079) (-0.6045,-1.1458,0.2895) (-0.6045,-1.1155,0.1747) --name=L_P13_Leg_x-81_s04
  · #358 L_P13_Leg_x-81_s04 curve    deg 3  poles 7    integral  length 0.7134  bounds [-0.60 -1.16 0.17]–[-0.60 -1.09 0.87]
> loft L_P13_Leg_x-81_s01 L_P13_Leg_x-81_s02 L_P13_Leg_x-81_s03 L_P13_Leg_x-81_s04 --sheet --name=L_P13_Leg_x-81
  · loft L_P13_Leg_x-81_s01 (open → sheet) L_P13_Leg_x-81_s02 (open → sheet) L_P13_Leg_x-81_s03 (open → sheet) L_P13_Leg_x-81_s04 (open → sheet)
  · #359 L_P13_Leg_x-81     surface  deg 3x3  poles 16x4  integral  bounds [-0.81 -1.19 0.17]–[-0.58 -1.09 0.87]
  ·   ↳ loft of L_P13_Leg_x-81_s01 L_P13_Leg_x-81_s02 L_P13_Leg_x-81_s03 L_P13_Leg_x-81_s04  degree 3
> delete L_P13_Leg_x-81_s01 L_P13_Leg_x-81_s02 L_P13_Leg_x-81_s03 L_P13_Leg_x-81_s04
  · deleted 4 figure(s)
> tint L_P13_Leg_x-81 0.80 0.82 0.86
> spline (-0.5985,-0.0000,1.0439) (-0.5985,-0.0461,1.0440) (-0.5985,-0.0921,1.0439) (-0.5985,-0.1382,1.0434) (-0.5985,-0.1843,1.0424) (-0.5985,-0.2303,1.0412) (-0.5985,-0.2764,1.0394) (-0.5985,-0.3223,1.0365) --name=L_P14_Centre_RearLedgeInner_x-60_s01
  · #360 L_P14_Centre_RearLedgeInner_x-60_s01 curve    deg 3  poles 8    integral  length 0.3225  bounds [-0.60 -0.32 1.04]–[-0.60 0.00 1.04]
> spline (-0.5314,-0.0000,1.0544) (-0.5314,-0.0469,1.0545) (-0.5314,-0.0938,1.0544) (-0.5314,-0.1407,1.0538) (-0.5314,-0.1876,1.0529) (-0.5314,-0.2344,1.0517) (-0.5314,-0.2813,1.0499) (-0.5314,-0.3281,1.0470) --name=L_P14_Centre_RearLedgeInner_x-60_s02
  · #361 L_P14_Centre_RearLedgeInner_x-60_s02 curve    deg 3  poles 8    integral  length 0.3283  bounds [-0.53 -0.33 1.05]–[-0.53 0.00 1.05]
> spline (-0.4643,-0.0000,1.0649) (-0.4643,-0.0477,1.0650) (-0.4643,-0.0954,1.0649) (-0.4643,-0.1431,1.0643) (-0.4643,-0.1908,1.0634) (-0.4643,-0.2385,1.0621) (-0.4643,-0.2862,1.0603) (-0.4643,-0.3338,1.0575) --name=L_P14_Centre_RearLedgeInner_x-60_s03
  · #362 L_P14_Centre_RearLedgeInner_x-60_s03 curve    deg 3  poles 8    integral  length 0.3339  bounds [-0.46 -0.33 1.06]–[-0.46 0.00 1.07]
> spline (-0.3972,-0.0000,1.0754) (-0.3972,-0.0485,1.0755) (-0.3972,-0.0971,1.0753) (-0.3972,-0.1456,1.0747) (-0.3972,-0.1941,1.0738) (-0.3972,-0.2427,1.0726) (-0.3972,-0.2912,1.0708) (-0.3972,-0.3396,1.0679) --name=L_P14_Centre_RearLedgeInner_x-60_s04
  · #363 L_P14_Centre_RearLedgeInner_x-60_s04 curve    deg 3  poles 8    integral  length 0.3398  bounds [-0.40 -0.34 1.07]–[-0.40 0.00 1.08]
> spline (-0.3300,-0.0000,1.0858) (-0.3300,-0.0494,1.0859) (-0.3300,-0.0987,1.0858) (-0.3300,-0.1481,1.0852) (-0.3300,-0.1974,1.0843) (-0.3300,-0.2468,1.0831) (-0.3300,-0.2961,1.0813) (-0.3300,-0.3454,1.0784) --name=L_P14_Centre_RearLedgeInner_x-60_s05
  · #364 L_P14_Centre_RearLedgeInner_x-60_s05 curve    deg 3  poles 8    integral  length 0.3455  bounds [-0.33 -0.35 1.08]–[-0.33 0.00 1.09]
> spline (-0.2629,-0.0000,1.0963) (-0.2629,-0.0502,1.0964) (-0.2629,-0.1004,1.0963) (-0.2629,-0.1505,1.0957) (-0.2629,-0.2007,1.0947) (-0.2629,-0.2509,1.0935) (-0.2629,-0.3010,1.0917) (-0.2629,-0.3511,1.0889) --name=L_P14_Centre_RearLedgeInner_x-60_s06
  · #365 L_P14_Centre_RearLedgeInner_x-60_s06 curve    deg 3  poles 8    integral  length 0.3512  bounds [-0.26 -0.35 1.09]–[-0.26 0.00 1.10]
> spline (-0.1958,-0.0000,1.1065) (-0.1958,-0.0510,1.1066) (-0.1958,-0.1020,1.1065) (-0.1958,-0.1530,1.1059) (-0.1958,-0.2040,1.1049) (-0.1958,-0.2550,1.1037) (-0.1958,-0.3060,1.1019) (-0.1958,-0.3569,1.0991) --name=L_P14_Centre_RearLedgeInner_x-60_s07
  · #366 L_P14_Centre_RearLedgeInner_x-60_s07 curve    deg 3  poles 8    integral  length 0.3570  bounds [-0.20 -0.36 1.10]–[-0.20 0.00 1.11]
> spline (-0.1287,-0.0000,1.1157) (-0.1287,-0.0518,1.1158) (-0.1287,-0.1037,1.1157) (-0.1287,-0.1555,1.1150) (-0.1287,-0.2073,1.1141) (-0.1287,-0.2591,1.1129) (-0.1287,-0.3109,1.1111) (-0.1287,-0.3627,1.1083) --name=L_P14_Centre_RearLedgeInner_x-60_s08
  · #367 L_P14_Centre_RearLedgeInner_x-60_s08 curve    deg 3  poles 8    integral  length 0.3628  bounds [-0.13 -0.36 1.11]–[-0.13 0.00 1.12]
> spline (-0.0616,-0.0000,1.1241) (-0.0616,-0.0527,1.1242) (-0.0616,-0.1053,1.1240) (-0.0616,-0.1580,1.1234) (-0.0616,-0.2106,1.1225) (-0.0616,-0.2632,1.1213) (-0.0616,-0.3159,1.1195) (-0.0616,-0.3684,1.1167) --name=L_P14_Centre_RearLedgeInner_x-60_s09
  · #368 L_P14_Centre_RearLedgeInner_x-60_s09 curve    deg 3  poles 8    integral  length 0.3685  bounds [-0.06 -0.37 1.12]–[-0.06 0.00 1.12]
> spline (0.0056,-0.0000,1.1322) (0.0056,-0.0535,1.1323) (0.0056,-0.1070,1.1321) (0.0056,-0.1604,1.1315) (0.0056,-0.2139,1.1305) (0.0056,-0.2674,1.1293) (0.0056,-0.3208,1.1276) (0.0056,-0.3742,1.1248) --name=L_P14_Centre_RearLedgeInner_x-60_s10
  · #369 L_P14_Centre_RearLedgeInner_x-60_s10 curve    deg 3  poles 8    integral  length 0.3743  bounds [0.01 -0.37 1.12]–[0.01 0.00 1.13]
> loft L_P14_Centre_RearLedgeInner_x-60_s01 L_P14_Centre_RearLedgeInner_x-60_s02 L_P14_Centre_RearLedgeInner_x-60_s03 L_P14_Centre_RearLedgeInner_x-60_s04 L_P14_Centre_RearLedgeInner_x-60_s05 L_P14_Centre_RearLedgeInner_x-60_s06 L_P14_Centre_RearLedgeInner_x-60_s07 L_P14_Centre_RearLedgeInner_x-60_s08 L_P14_Centre_RearLedgeInner_x-60_s09 L_P14_Centre_RearLedgeInner_x-60_s10 --sheet --name=L_P14_Centre_RearLedgeInner_x-60
  · loft L_P14_Centre_RearLedgeInner_x-60_s01 (open → sheet) L_P14_Centre_RearLedgeInner_x-60_s02 (open → sheet) L_P14_Centre_RearLedgeInner_x-60_s03 (open → sheet) L_P14_Centre_RearLedgeInner_x-60_s04 (open → sheet) L_P14_Centre_RearLedgeInner_x-60_s05 (open → sheet) L_P14_Centre_RearLedgeInner_x-60_s06 (open → sheet) L_P14_Centre_RearLedgeInner_x-60_s07 (open → sheet) L_P14_Centre_RearLedgeInner_x-60_s08 (open → sheet) L_P14_Centre_RearLedgeInner_x-60_s09 (open → sheet) L_P14_Centre_RearLedgeInner_x-60_s10 (open → sheet)
  · #370 L_P14_Centre_RearLedgeInner_x-60 surface  deg 3x3  poles 44x10  integral  bounds [-0.60 -0.37 1.04]–[0.01 0.00 1.13]
  ·   ↳ loft of L_P14_Centre_RearLedgeInner_x-60_s01 L_P14_Centre_RearLedgeInner_x-60_s02 L_P14_Centre_RearLedgeInner_x-60_s03 L_P14_Centre_RearLedgeInner_x-60_s04 L_P14_Centre_RearLedgeInner_x-60_s05 L_P14_Centre_RearLedgeInner_x-60_s06 L_P14_Centre_RearLedgeInner_x-60_s07 L_P14_Centre_RearLedgeInner_x-60_s08 L_P14_Centre_RearLedgeInner_x-60_s09 L_P14_Centre_RearLedgeInner_x-60_s10  degree 3
> delete L_P14_Centre_RearLedgeInner_x-60_s01 L_P14_Centre_RearLedgeInner_x-60_s02 L_P14_Centre_RearLedgeInner_x-60_s03 L_P14_Centre_RearLedgeInner_x-60_s04 L_P14_Centre_RearLedgeInner_x-60_s05 L_P14_Centre_RearLedgeInner_x-60_s06 L_P14_Centre_RearLedgeInner_x-60_s07 L_P14_Centre_RearLedgeInner_x-60_s08 L_P14_Centre_RearLedgeInner_x-60_s09 L_P14_Centre_RearLedgeInner_x-60_s10
  · deleted 10 figure(s)
> tint L_P14_Centre_RearLedgeInner_x-60 0.80 0.82 0.86
> spline (-0.5985,-0.3223,1.0365) (-0.5985,-0.3639,1.0311) (-0.5985,-0.4049,1.0226) (-0.5985,-0.4449,1.0104) (-0.5985,-0.4842,0.9959) (-0.5985,-0.5233,0.9807) (-0.5985,-0.5624,0.9657) --name=L_P15_RearLedgeInner_RearLedgeOuter_x-60_s01
  · #371 L_P15_RearLedgeInner_RearLedgeOuter_x-60_s01 curve    deg 3  poles 7    integral  length 0.2514  bounds [-0.60 -0.56 0.97]–[-0.60 -0.32 1.04]
> spline (-0.5314,-0.3281,1.0470) (-0.5314,-0.3712,1.0415) (-0.5314,-0.4137,1.0328) (-0.5314,-0.4553,1.0203) (-0.5314,-0.4961,1.0055) (-0.5314,-0.5366,0.9898) (-0.5314,-0.5771,0.9741) --name=L_P15_RearLedgeInner_RearLedgeOuter_x-60_s02
  · #372 L_P15_RearLedgeInner_RearLedgeOuter_x-60_s02 curve    deg 3  poles 7    integral  length 0.2606  bounds [-0.53 -0.58 0.97]–[-0.53 -0.33 1.05]
> spline (-0.4643,-0.3338,1.0575) (-0.4643,-0.3785,1.0519) (-0.4643,-0.4225,1.0430) (-0.4643,-0.4657,1.0303) (-0.4643,-0.5080,1.0150) (-0.4643,-0.5499,0.9988) (-0.4643,-0.5919,0.9825) --name=L_P15_RearLedgeInner_RearLedgeOuter_x-60_s03
  · #373 L_P15_RearLedgeInner_RearLedgeOuter_x-60_s03 curve    deg 3  poles 7    integral  length 0.2700  bounds [-0.46 -0.59 0.98]–[-0.46 -0.33 1.06]
> spline (-0.3972,-0.3396,1.0679) (-0.3972,-0.3858,1.0623) (-0.3972,-0.4314,1.0533) (-0.3972,-0.4760,1.0403) (-0.3972,-0.5198,1.0244) (-0.3972,-0.5631,1.0075) (-0.3972,-0.6066,0.9909) --name=L_P15_RearLedgeInner_RearLedgeOuter_x-60_s04
  · #374 L_P15_RearLedgeInner_RearLedgeOuter_x-60_s04 curve    deg 3  poles 7    integral  length 0.2792  bounds [-0.40 -0.61 0.99]–[-0.40 -0.34 1.07]
> spline (-0.3300,-0.3454,1.0784) (-0.3300,-0.3931,1.0727) (-0.3300,-0.4402,1.0635) (-0.3300,-0.4864,1.0502) (-0.3300,-0.5315,1.0337) (-0.3300,-0.5762,1.0160) (-0.3300,-0.6213,0.9994) --name=L_P15_RearLedgeInner_RearLedgeOuter_x-60_s05
  · #375 L_P15_RearLedgeInner_RearLedgeOuter_x-60_s05 curve    deg 3  poles 7    integral  length 0.2883  bounds [-0.33 -0.62 1.00]–[-0.33 -0.35 1.08]
> spline (-0.2629,-0.3511,1.0889) (-0.2629,-0.4004,1.0832) (-0.2629,-0.4491,1.0738) (-0.2629,-0.4968,1.0602) (-0.2629,-0.5433,1.0429) (-0.2629,-0.5893,1.0245) (-0.2629,-0.6360,1.0078) --name=L_P15_RearLedgeInner_RearLedgeOuter_x-60_s06
  · #376 L_P15_RearLedgeInner_RearLedgeOuter_x-60_s06 curve    deg 3  poles 7    integral  length 0.2976  bounds [-0.26 -0.64 1.01]–[-0.26 -0.35 1.09]
> spline (-0.1958,-0.3569,1.0991) (-0.1958,-0.4076,1.0933) (-0.1958,-0.4577,1.0838) (-0.1958,-0.5068,1.0700) (-0.1958,-0.5546,1.0521) (-0.1958,-0.6020,1.0332) (-0.1958,-0.6501,1.0162) --name=L_P15_RearLedgeInner_RearLedgeOuter_x-60_s07
  · #377 L_P15_RearLedgeInner_RearLedgeOuter_x-60_s07 curve    deg 3  poles 7    integral  length 0.3062  bounds [-0.20 -0.65 1.02]–[-0.20 -0.36 1.10]
> spline (-0.1287,-0.3627,1.1083) (-0.1287,-0.4144,1.1025) (-0.1287,-0.4655,1.0930) (-0.1287,-0.5157,1.0792) (-0.1287,-0.5646,1.0616) (-0.1287,-0.6130,1.0425) (-0.1287,-0.6618,1.0246) --name=L_P15_RearLedgeInner_RearLedgeOuter_x-60_s08
  · #378 L_P15_RearLedgeInner_RearLedgeOuter_x-60_s08 curve    deg 3  poles 7    integral  length 0.3121  bounds [-0.13 -0.66 1.02]–[-0.13 -0.36 1.11]
> spline (-0.0616,-0.3684,1.1167) (-0.0616,-0.4208,1.1110) (-0.0616,-0.4727,1.1016) (-0.0616,-0.5236,1.0880) (-0.0616,-0.5735,1.0711) (-0.0616,-0.6227,1.0524) (-0.0616,-0.6717,1.0329) --name=L_P15_RearLedgeInner_RearLedgeOuter_x-60_s09
  · #379 L_P15_RearLedgeInner_RearLedgeOuter_x-60_s09 curve    deg 3  poles 7    integral  length 0.3162  bounds [-0.06 -0.67 1.03]–[-0.06 -0.37 1.12]
> spline (0.0056,-0.3742,1.1248) (0.0056,-0.4272,1.1191) (0.0056,-0.4796,1.1099) (0.0056,-0.5312,1.0966) (0.0056,-0.5820,1.0807) (0.0056,-0.6321,1.0625) (0.0056,-0.6809,1.0413) --name=L_P15_RearLedgeInner_RearLedgeOuter_x-60_s10
  · #380 L_P15_RearLedgeInner_RearLedgeOuter_x-60_s10 curve    deg 3  poles 7    integral  length 0.3196  bounds [0.01 -0.68 1.04]–[0.01 -0.37 1.12]
> loft L_P15_RearLedgeInner_RearLedgeOuter_x-60_s01 L_P15_RearLedgeInner_RearLedgeOuter_x-60_s02 L_P15_RearLedgeInner_RearLedgeOuter_x-60_s03 L_P15_RearLedgeInner_RearLedgeOuter_x-60_s04 L_P15_RearLedgeInner_RearLedgeOuter_x-60_s05 L_P15_RearLedgeInner_RearLedgeOuter_x-60_s06 L_P15_RearLedgeInner_RearLedgeOuter_x-60_s07 L_P15_RearLedgeInner_RearLedgeOuter_x-60_s08 L_P15_RearLedgeInner_RearLedgeOuter_x-60_s09 L_P15_RearLedgeInner_RearLedgeOuter_x-60_s10 --sheet --name=L_P15_RearLedgeInner_RearLedgeOuter_x-60
  · loft L_P15_RearLedgeInner_RearLedgeOuter_x-60_s01 (open → sheet) L_P15_RearLedgeInner_RearLedgeOuter_x-60_s02 (open → sheet) L_P15_RearLedgeInner_RearLedgeOuter_x-60_s03 (open → sheet) L_P15_RearLedgeInner_RearLedgeOuter_x-60_s04 (open → sheet) L_P15_RearLedgeInner_RearLedgeOuter_x-60_s05 (open → sheet) L_P15_RearLedgeInner_RearLedgeOuter_x-60_s06 (open → sheet) L_P15_RearLedgeInner_RearLedgeOuter_x-60_s07 (open → sheet) L_P15_RearLedgeInner_RearLedgeOuter_x-60_s08 (open → sheet) L_P15_RearLedgeInner_RearLedgeOuter_x-60_s09 (open → sheet) L_P15_RearLedgeInner_RearLedgeOuter_x-60_s10 (open → sheet)
  · #381 L_P15_RearLedgeInner_RearLedgeOuter_x-60 surface  deg 3x3  poles 34x10  integral  bounds [-0.60 -0.68 0.97]–[0.01 -0.32 1.12]
  ·   ↳ loft of L_P15_RearLedgeInner_RearLedgeOuter_x-60_s01 L_P15_RearLedgeInner_RearLedgeOuter_x-60_s02 L_P15_RearLedgeInner_RearLedgeOuter_x-60_s03 L_P15_RearLedgeInner_RearLedgeOuter_x-60_s04 L_P15_RearLedgeInner_RearLedgeOuter_x-60_s05 L_P15_RearLedgeInner_RearLedgeOuter_x-60_s06 L_P15_RearLedgeInner_RearLedgeOuter_x-60_s07 L_P15_RearLedgeInner_RearLedgeOuter_x-60_s08 L_P15_RearLedgeInner_RearLedgeOuter_x-60_s09 L_P15_RearLedgeInner_RearLedgeOuter_x-60_s10  degree 3
> delete L_P15_RearLedgeInner_RearLedgeOuter_x-60_s01 L_P15_RearLedgeInner_RearLedgeOuter_x-60_s02 L_P15_RearLedgeInner_RearLedgeOuter_x-60_s03 L_P15_RearLedgeInner_RearLedgeOuter_x-60_s04 L_P15_RearLedgeInner_RearLedgeOuter_x-60_s05 L_P15_RearLedgeInner_RearLedgeOuter_x-60_s06 L_P15_RearLedgeInner_RearLedgeOuter_x-60_s07 L_P15_RearLedgeInner_RearLedgeOuter_x-60_s08 L_P15_RearLedgeInner_RearLedgeOuter_x-60_s09 L_P15_RearLedgeInner_RearLedgeOuter_x-60_s10
  · deleted 10 figure(s)
> tint L_P15_RearLedgeInner_RearLedgeOuter_x-60 0.80 0.82 0.86
> spline (-0.5985,-0.5624,0.9657) (-0.5985,-0.5973,0.9374) (-0.5985,-0.6319,0.9088) (-0.5985,-0.6663,0.8799) (-0.5985,-0.7005,0.8508) --name=L_P16_RearLedgeOuter_RearDeckInner_x-60_s01
  · #382 L_P16_RearLedgeOuter_RearDeckInner_x-60_s01 curve    deg 3  poles 5    integral  length 0.1797  bounds [-0.60 -0.70 0.85]–[-0.60 -0.56 0.97]
> spline (-0.5314,-0.5771,0.9741) (-0.5314,-0.6121,0.9451) (-0.5314,-0.6459,0.9148) (-0.5314,-0.6790,0.8837) (-0.5314,-0.7116,0.8520) --name=L_P16_RearLedgeOuter_RearDeckInner_x-60_s02
  · #383 L_P16_RearLedgeOuter_RearDeckInner_x-60_s02 curve    deg 3  poles 5    integral  length 0.1817  bounds [-0.53 -0.71 0.85]–[-0.53 -0.58 0.97]
> spline (-0.4643,-0.5919,0.9825) (-0.4643,-0.6268,0.9525) (-0.4643,-0.6598,0.9205) (-0.4643,-0.6916,0.8872) (-0.4643,-0.7227,0.8533) --name=L_P16_RearLedgeOuter_RearDeckInner_x-60_s03
  · #384 L_P16_RearLedgeOuter_RearDeckInner_x-60_s03 curve    deg 3  poles 5    integral  length 0.1841  bounds [-0.46 -0.72 0.85]–[-0.46 -0.59 0.98]
> spline (-0.3972,-0.6066,0.9909) (-0.3972,-0.6412,0.9596) (-0.3972,-0.6735,0.9258) (-0.3972,-0.7040,0.8905) (-0.3972,-0.7338,0.8546) --name=L_P16_RearLedgeOuter_RearDeckInner_x-60_s04
  · #385 L_P16_RearLedgeOuter_RearDeckInner_x-60_s04 curve    deg 3  poles 5    integral  length 0.1867  bounds [-0.40 -0.73 0.85]–[-0.40 -0.61 0.99]
> spline (-0.3300,-0.6213,0.9994) (-0.3300,-0.6554,0.9665) (-0.3300,-0.6867,0.9311) (-0.3300,-0.7162,0.8940) (-0.3300,-0.7449,0.8563) --name=L_P16_RearLedgeOuter_RearDeckInner_x-60_s05
  · #386 L_P16_RearLedgeOuter_RearDeckInner_x-60_s05 curve    deg 3  poles 5    integral  length 0.1894  bounds [-0.33 -0.74 0.86]–[-0.33 -0.62 1.00]
> spline (-0.2629,-0.6360,1.0078) (-0.2629,-0.6691,0.9733) (-0.2629,-0.6995,0.9365) (-0.2629,-0.7279,0.8980) (-0.2629,-0.7557,0.8592) --name=L_P16_RearLedgeOuter_RearDeckInner_x-60_s06
  · #387 L_P16_RearLedgeOuter_RearDeckInner_x-60_s06 curve    deg 3  poles 5    integral  length 0.1911  bounds [-0.26 -0.76 0.86]–[-0.26 -0.64 1.01]
> spline (-0.1958,-0.6501,1.0162) (-0.1958,-0.6820,0.9804) (-0.1958,-0.7114,0.9425) (-0.1958,-0.7391,0.9034) (-0.1958,-0.7662,0.8638) --name=L_P16_RearLedgeOuter_RearDeckInner_x-60_s07
  · #388 L_P16_RearLedgeOuter_RearDeckInner_x-60_s07 curve    deg 3  poles 5    integral  length 0.1918  bounds [-0.20 -0.77 0.86]–[-0.20 -0.65 1.02]
> spline (-0.1287,-0.6618,1.0246) (-0.1287,-0.6932,0.9877) (-0.1287,-0.7222,0.9490) (-0.1287,-0.7495,0.9091) (-0.1287,-0.7764,0.8689) --name=L_P16_RearLedgeOuter_RearDeckInner_x-60_s08
  · #389 L_P16_RearLedgeOuter_RearDeckInner_x-60_s08 curve    deg 3  poles 5    integral  length 0.1935  bounds [-0.13 -0.78 0.87]–[-0.13 -0.66 1.02]
> spline (-0.0616,-0.6717,1.0329) (-0.0616,-0.7035,0.9953) (-0.0616,-0.7325,0.9554) (-0.0616,-0.7596,0.9143) (-0.0616,-0.7865,0.8730) --name=L_P16_RearLedgeOuter_RearDeckInner_x-60_s09
  · #390 L_P16_RearLedgeOuter_RearDeckInner_x-60_s09 curve    deg 3  poles 5    integral  length 0.1971  bounds [-0.06 -0.79 0.87]–[-0.06 -0.67 1.03]
> spline (0.0056,-0.6809,1.0413) (0.0056,-0.7135,1.0027) (0.0056,-0.7429,0.9617) (0.0056,-0.7699,0.9191) (0.0056,-0.7966,0.8763) --name=L_P16_RearLedgeOuter_RearDeckInner_x-60_s10
  · #391 L_P16_RearLedgeOuter_RearDeckInner_x-60_s10 curve    deg 3  poles 5    integral  length 0.2019  bounds [0.01 -0.80 0.88]–[0.01 -0.68 1.04]
> loft L_P16_RearLedgeOuter_RearDeckInner_x-60_s01 L_P16_RearLedgeOuter_RearDeckInner_x-60_s02 L_P16_RearLedgeOuter_RearDeckInner_x-60_s03 L_P16_RearLedgeOuter_RearDeckInner_x-60_s04 L_P16_RearLedgeOuter_RearDeckInner_x-60_s05 L_P16_RearLedgeOuter_RearDeckInner_x-60_s06 L_P16_RearLedgeOuter_RearDeckInner_x-60_s07 L_P16_RearLedgeOuter_RearDeckInner_x-60_s08 L_P16_RearLedgeOuter_RearDeckInner_x-60_s09 L_P16_RearLedgeOuter_RearDeckInner_x-60_s10 --sheet --name=L_P16_RearLedgeOuter_RearDeckInner_x-60
  · loft L_P16_RearLedgeOuter_RearDeckInner_x-60_s01 (open → sheet) L_P16_RearLedgeOuter_RearDeckInner_x-60_s02 (open → sheet) L_P16_RearLedgeOuter_RearDeckInner_x-60_s03 (open → sheet) L_P16_RearLedgeOuter_RearDeckInner_x-60_s04 (open → sheet) L_P16_RearLedgeOuter_RearDeckInner_x-60_s05 (open → sheet) L_P16_RearLedgeOuter_RearDeckInner_x-60_s06 (open → sheet) L_P16_RearLedgeOuter_RearDeckInner_x-60_s07 (open → sheet) L_P16_RearLedgeOuter_RearDeckInner_x-60_s08 (open → sheet) L_P16_RearLedgeOuter_RearDeckInner_x-60_s09 (open → sheet) L_P16_RearLedgeOuter_RearDeckInner_x-60_s10 (open → sheet)
  · #392 L_P16_RearLedgeOuter_RearDeckInner_x-60 surface  deg 3x3  poles 14x10  integral  bounds [-0.60 -0.80 0.85]–[0.01 -0.56 1.04]
  ·   ↳ loft of L_P16_RearLedgeOuter_RearDeckInner_x-60_s01 L_P16_RearLedgeOuter_RearDeckInner_x-60_s02 L_P16_RearLedgeOuter_RearDeckInner_x-60_s03 L_P16_RearLedgeOuter_RearDeckInner_x-60_s04 L_P16_RearLedgeOuter_RearDeckInner_x-60_s05 L_P16_RearLedgeOuter_RearDeckInner_x-60_s06 L_P16_RearLedgeOuter_RearDeckInner_x-60_s07 L_P16_RearLedgeOuter_RearDeckInner_x-60_s08 L_P16_RearLedgeOuter_RearDeckInner_x-60_s09 L_P16_RearLedgeOuter_RearDeckInner_x-60_s10  degree 3
> delete L_P16_RearLedgeOuter_RearDeckInner_x-60_s01 L_P16_RearLedgeOuter_RearDeckInner_x-60_s02 L_P16_RearLedgeOuter_RearDeckInner_x-60_s03 L_P16_RearLedgeOuter_RearDeckInner_x-60_s04 L_P16_RearLedgeOuter_RearDeckInner_x-60_s05 L_P16_RearLedgeOuter_RearDeckInner_x-60_s06 L_P16_RearLedgeOuter_RearDeckInner_x-60_s07 L_P16_RearLedgeOuter_RearDeckInner_x-60_s08 L_P16_RearLedgeOuter_RearDeckInner_x-60_s09 L_P16_RearLedgeOuter_RearDeckInner_x-60_s10
  · deleted 10 figure(s)
> tint L_P16_RearLedgeOuter_RearDeckInner_x-60 0.80 0.82 0.86
> spline (-0.5985,-0.7005,0.8508) (-0.5985,-0.7645,0.8696) (-0.5985,-0.8261,0.8972) (-0.5985,-0.8886,0.9226) --name=L_P17_RearDeckInner_RearShoulder_x-60_s01
  · #393 L_P17_RearDeckInner_RearShoulder_x-60_s01 curve    deg 3  poles 4    integral  length 0.2019  bounds [-0.60 -0.89 0.85]–[-0.60 -0.70 0.92]
> spline (-0.5314,-0.7116,0.8520) (-0.5314,-0.7714,0.8680) (-0.5314,-0.8298,0.8903) (-0.5314,-0.8887,0.9106) --name=L_P17_RearDeckInner_RearShoulder_x-60_s02
  · #394 L_P17_RearDeckInner_RearShoulder_x-60_s02 curve    deg 3  poles 4    integral  length 0.1868  bounds [-0.53 -0.89 0.85]–[-0.53 -0.71 0.91]
> spline (-0.4643,-0.7227,0.8533) (-0.4643,-0.7785,0.8674) (-0.4643,-0.8334,0.8855) (-0.4643,-0.8891,0.9011) --name=L_P17_RearDeckInner_RearShoulder_x-60_s03
  · #395 L_P17_RearDeckInner_RearShoulder_x-60_s03 curve    deg 3  poles 4    integral  length 0.1733  bounds [-0.46 -0.89 0.85]–[-0.46 -0.72 0.90]
> spline (-0.3972,-0.7338,0.8546) (-0.3972,-0.7857,0.8676) (-0.3972,-0.8372,0.8822) (-0.3972,-0.8896,0.8933) --name=L_P17_RearDeckInner_RearShoulder_x-60_s04
  · #396 L_P17_RearDeckInner_RearShoulder_x-60_s04 curve    deg 3  poles 4    integral  length 0.1606  bounds [-0.40 -0.89 0.85]–[-0.40 -0.73 0.89]
> spline (-0.3300,-0.7449,0.8563) (-0.3300,-0.7929,0.8683) (-0.3300,-0.8412,0.8796) (-0.3300,-0.8902,0.8868) --name=L_P17_RearDeckInner_RearShoulder_x-60_s05
  · #397 L_P17_RearDeckInner_RearShoulder_x-60_s05 curve    deg 3  poles 4    integral  length 0.1486  bounds [-0.33 -0.89 0.86]–[-0.33 -0.74 0.89]
> spline (-0.2629,-0.7557,0.8592) (-0.2629,-0.8003,0.8695) (-0.2629,-0.8454,0.8775) (-0.2629,-0.8910,0.8814) --name=L_P17_RearDeckInner_RearShoulder_x-60_s06
  · #398 L_P17_RearDeckInner_RearShoulder_x-60_s06 curve    deg 3  poles 4    integral  length 0.1374  bounds [-0.26 -0.89 0.86]–[-0.26 -0.76 0.88]
> spline (-0.1958,-0.7662,0.8638) (-0.1958,-0.8078,0.8711) (-0.1958,-0.8498,0.8759) (-0.1958,-0.8919,0.8779) --name=L_P17_RearDeckInner_RearShoulder_x-60_s07
  · #399 L_P17_RearDeckInner_RearShoulder_x-60_s07 curve    deg 3  poles 4    integral  length 0.1267  bounds [-0.20 -0.89 0.86]–[-0.20 -0.77 0.88]
> spline (-0.1287,-0.7764,0.8689) (-0.1287,-0.8151,0.8727) (-0.1287,-0.8540,0.8750) (-0.1287,-0.8930,0.8754) --name=L_P17_RearDeckInner_RearShoulder_x-60_s08
  · #400 L_P17_RearDeckInner_RearShoulder_x-60_s08 curve    deg 3  poles 4    integral  length 0.1169  bounds [-0.13 -0.89 0.87]–[-0.13 -0.78 0.88]
> spline (-0.0616,-0.7865,0.8730) (-0.0616,-0.8223,0.8741) (-0.0616,-0.8582,0.8742) (-0.0616,-0.8940,0.8732) --name=L_P17_RearDeckInner_RearShoulder_x-60_s09
  · #401 L_P17_RearDeckInner_RearShoulder_x-60_s09 curve    deg 3  poles 4    integral  length 0.1075  bounds [-0.06 -0.89 0.87]–[-0.06 -0.79 0.87]
> spline (0.0056,-0.7966,0.8763) (0.0056,-0.8294,0.8751) (0.0056,-0.8623,0.8733) (0.0056,-0.8950,0.8708) --name=L_P17_RearDeckInner_RearShoulder_x-60_s10
  · #402 L_P17_RearDeckInner_RearShoulder_x-60_s10 curve    deg 3  poles 4    integral  length 0.0986  bounds [0.01 -0.90 0.87]–[0.01 -0.80 0.88]
> loft L_P17_RearDeckInner_RearShoulder_x-60_s01 L_P17_RearDeckInner_RearShoulder_x-60_s02 L_P17_RearDeckInner_RearShoulder_x-60_s03 L_P17_RearDeckInner_RearShoulder_x-60_s04 L_P17_RearDeckInner_RearShoulder_x-60_s05 L_P17_RearDeckInner_RearShoulder_x-60_s06 L_P17_RearDeckInner_RearShoulder_x-60_s07 L_P17_RearDeckInner_RearShoulder_x-60_s08 L_P17_RearDeckInner_RearShoulder_x-60_s09 L_P17_RearDeckInner_RearShoulder_x-60_s10 --sheet --name=L_P17_RearDeckInner_RearShoulder_x-60
  · loft L_P17_RearDeckInner_RearShoulder_x-60_s01 (open → sheet) L_P17_RearDeckInner_RearShoulder_x-60_s02 (open → sheet) L_P17_RearDeckInner_RearShoulder_x-60_s03 (open → sheet) L_P17_RearDeckInner_RearShoulder_x-60_s04 (open → sheet) L_P17_RearDeckInner_RearShoulder_x-60_s05 (open → sheet) L_P17_RearDeckInner_RearShoulder_x-60_s06 (open → sheet) L_P17_RearDeckInner_RearShoulder_x-60_s07 (open → sheet) L_P17_RearDeckInner_RearShoulder_x-60_s08 (open → sheet) L_P17_RearDeckInner_RearShoulder_x-60_s09 (open → sheet) L_P17_RearDeckInner_RearShoulder_x-60_s10 (open → sheet)
  · #403 L_P17_RearDeckInner_RearShoulder_x-60 surface  deg 3x3  poles 4x10  integral  bounds [-0.60 -0.90 0.85]–[0.01 -0.70 0.92]
  ·   ↳ loft of L_P17_RearDeckInner_RearShoulder_x-60_s01 L_P17_RearDeckInner_RearShoulder_x-60_s02 L_P17_RearDeckInner_RearShoulder_x-60_s03 L_P17_RearDeckInner_RearShoulder_x-60_s04 L_P17_RearDeckInner_RearShoulder_x-60_s05 L_P17_RearDeckInner_RearShoulder_x-60_s06 L_P17_RearDeckInner_RearShoulder_x-60_s07 L_P17_RearDeckInner_RearShoulder_x-60_s08 L_P17_RearDeckInner_RearShoulder_x-60_s09 L_P17_RearDeckInner_RearShoulder_x-60_s10  degree 3
> delete L_P17_RearDeckInner_RearShoulder_x-60_s01 L_P17_RearDeckInner_RearShoulder_x-60_s02 L_P17_RearDeckInner_RearShoulder_x-60_s03 L_P17_RearDeckInner_RearShoulder_x-60_s04 L_P17_RearDeckInner_RearShoulder_x-60_s05 L_P17_RearDeckInner_RearShoulder_x-60_s06 L_P17_RearDeckInner_RearShoulder_x-60_s07 L_P17_RearDeckInner_RearShoulder_x-60_s08 L_P17_RearDeckInner_RearShoulder_x-60_s09 L_P17_RearDeckInner_RearShoulder_x-60_s10
  · deleted 10 figure(s)
> tint L_P17_RearDeckInner_RearShoulder_x-60 0.80 0.82 0.86
> spline (-0.5985,-0.8886,0.9226) (-0.5985,-0.9441,0.9351) (-0.5985,-0.9997,0.9404) (-0.5985,-1.0524,0.9193) (-0.5985,-1.0887,0.8768) (-0.5985,-1.1118,0.8248) (-0.5985,-1.1310,0.7713) (-0.5985,-1.1439,0.7159) (-0.5985,-1.1519,0.6596) (-0.5985,-1.1565,0.6029) --name=L_P18_RearShoulder_SillCrease_x-60_s01
  · #404 L_P18_RearShoulder_SillCrease_x-60_s01 curve    deg 3  poles 10   integral  length 0.5112  bounds [-0.60 -1.16 0.60]–[-0.60 -0.89 0.95]
> spline (-0.5314,-0.8887,0.9106) (-0.5314,-0.9429,0.9213) (-0.5314,-0.9974,0.9263) (-0.5314,-1.0492,0.9072) (-0.5314,-1.0856,0.8674) (-0.5314,-1.1083,0.8170) (-0.5314,-1.1270,0.7651) (-0.5314,-1.1389,0.7112) (-0.5314,-1.1448,0.6563) (-0.5314,-1.1449,0.6012) --name=L_P18_RearShoulder_SillCrease_x-60_s02
  · #405 L_P18_RearShoulder_SillCrease_x-60_s02 curve    deg 3  poles 10   integral  length 0.4965  bounds [-0.53 -1.15 0.60]–[-0.53 -0.89 0.94]
> spline (-0.4643,-0.8891,0.9011) (-0.4643,-0.9423,0.9088) (-0.4643,-0.9958,0.9127) (-0.4643,-1.0467,0.8956) (-0.4643,-1.0839,0.8586) (-0.4643,-1.1064,0.8097) (-0.4643,-1.1244,0.7591) (-0.4643,-1.1355,0.7065) (-0.4643,-1.1406,0.6529) (-0.4643,-1.1376,0.5994) --name=L_P18_RearShoulder_SillCrease_x-60_s03
  · #406 L_P18_RearShoulder_SillCrease_x-60_s03 curve    deg 3  poles 10   integral  length 0.4837  bounds [-0.46 -1.14 0.60]–[-0.46 -0.89 0.92]
> spline (-0.3972,-0.8896,0.8933) (-0.3972,-0.9420,0.8985) (-0.3972,-0.9946,0.9012) (-0.3972,-1.0449,0.8856) (-0.3972,-1.0830,0.8514) (-0.3972,-1.1052,0.8036) (-0.3972,-1.1226,0.7539) (-0.3972,-1.1329,0.7022) (-0.3972,-1.1373,0.6497) (-0.3972,-1.1318,0.5976) --name=L_P18_RearShoulder_SillCrease_x-60_s04
  · #407 L_P18_RearShoulder_SillCrease_x-60_s04 curve    deg 3  poles 10   integral  length 0.4737  bounds [-0.40 -1.14 0.60]–[-0.40 -0.89 0.91]
> spline (-0.3300,-0.8902,0.8868) (-0.3300,-0.9420,0.8905) (-0.3300,-0.9939,0.8922) (-0.3300,-1.0436,0.8776) (-0.3300,-1.0827,0.8456) (-0.3300,-1.1046,0.7986) (-0.3300,-1.1212,0.7494) (-0.3300,-1.1308,0.6985) (-0.3300,-1.1344,0.6467) (-0.3300,-1.1268,0.5957) --name=L_P18_RearShoulder_SillCrease_x-60_s05
  · #408 L_P18_RearShoulder_SillCrease_x-60_s05 curve    deg 3  poles 10   integral  length 0.4666  bounds [-0.33 -1.14 0.60]–[-0.33 -0.89 0.90]
> spline (-0.2629,-0.8910,0.8814) (-0.2629,-0.9423,0.8843) (-0.2629,-0.9937,0.8853) (-0.2629,-1.0429,0.8713) (-0.2629,-1.0828,0.8410) (-0.2629,-1.1043,0.7944) (-0.2629,-1.1201,0.7456) (-0.2629,-1.1291,0.6950) (-0.2629,-1.1319,0.6437) (-0.2629,-1.1225,0.5937) --name=L_P18_RearShoulder_SillCrease_x-60_s06
  · #409 L_P18_RearShoulder_SillCrease_x-60_s06 curve    deg 3  poles 10   integral  length 0.4617  bounds [-0.26 -1.13 0.59]–[-0.26 -0.89 0.89]
> spline (-0.1958,-0.8919,0.8779) (-0.1958,-0.9430,0.8801) (-0.1958,-0.9941,0.8809) (-0.1958,-1.0430,0.8670) (-0.1958,-1.0832,0.8374) (-0.1958,-1.1043,0.7910) (-0.1958,-1.1193,0.7422) (-0.1958,-1.1277,0.6918) (-0.1958,-1.1297,0.6408) (-0.1958,-1.1190,0.5912) --name=L_P18_RearShoulder_SillCrease_x-60_s07
  · #410 L_P18_RearShoulder_SillCrease_x-60_s07 curve    deg 3  poles 10   integral  length 0.4593  bounds [-0.20 -1.13 0.59]–[-0.20 -0.89 0.89]
> spline (-0.1287,-0.8930,0.8754) (-0.1287,-0.9440,0.8770) (-0.1287,-0.9950,0.8780) (-0.1287,-1.0439,0.8642) (-0.1287,-1.0841,0.8347) (-0.1287,-1.1047,0.7881) (-0.1287,-1.1189,0.7391) (-0.1287,-1.1266,0.6887) (-0.1287,-1.1278,0.6377) (-0.1287,-1.1162,0.5883) --name=L_P18_RearShoulder_SillCrease_x-60_s08
  · #411 L_P18_RearShoulder_SillCrease_x-60_s08 curve    deg 3  poles 10   integral  length 0.4589  bounds [-0.13 -1.13 0.59]–[-0.13 -0.89 0.89]
> spline (-0.0616,-0.8940,0.8732) (-0.0616,-0.9452,0.8743) (-0.0616,-0.9963,0.8758) (-0.0616,-1.0452,0.8623) (-0.0616,-1.0852,0.8323) (-0.0616,-1.1052,0.7853) (-0.0616,-1.1189,0.7360) (-0.0616,-1.1260,0.6854) (-0.0616,-1.1265,0.6343) (-0.0616,-1.1143,0.5849) --name=L_P18_RearShoulder_SillCrease_x-60_s09
  · #412 L_P18_RearShoulder_SillCrease_x-60_s09 curve    deg 3  poles 10   integral  length 0.4599  bounds [-0.06 -1.13 0.58]–[-0.06 -0.89 0.88]
> spline (0.0056,-0.8950,0.8708) (0.0056,-0.9464,0.8714) (0.0056,-0.9977,0.8736) (0.0056,-1.0468,0.8608) (0.0056,-1.0863,0.8299) (0.0056,-1.1059,0.7825) (0.0056,-1.1189,0.7329) (0.0056,-1.1255,0.6820) (0.0056,-1.1254,0.6306) (0.0056,-1.1132,0.5810) --name=L_P18_RearShoulder_SillCrease_x-60_s10
  · #413 L_P18_RearShoulder_SillCrease_x-60_s10 curve    deg 3  poles 10   integral  length 0.4616  bounds [0.01 -1.13 0.58]–[0.01 -0.90 0.88]
> loft L_P18_RearShoulder_SillCrease_x-60_s01 L_P18_RearShoulder_SillCrease_x-60_s02 L_P18_RearShoulder_SillCrease_x-60_s03 L_P18_RearShoulder_SillCrease_x-60_s04 L_P18_RearShoulder_SillCrease_x-60_s05 L_P18_RearShoulder_SillCrease_x-60_s06 L_P18_RearShoulder_SillCrease_x-60_s07 L_P18_RearShoulder_SillCrease_x-60_s08 L_P18_RearShoulder_SillCrease_x-60_s09 L_P18_RearShoulder_SillCrease_x-60_s10 --sheet --name=L_P18_RearShoulder_SillCrease_x-60
  · loft L_P18_RearShoulder_SillCrease_x-60_s01 (open → sheet) L_P18_RearShoulder_SillCrease_x-60_s02 (open → sheet) L_P18_RearShoulder_SillCrease_x-60_s03 (open → sheet) L_P18_RearShoulder_SillCrease_x-60_s04 (open → sheet) L_P18_RearShoulder_SillCrease_x-60_s05 (open → sheet) L_P18_RearShoulder_SillCrease_x-60_s06 (open → sheet) L_P18_RearShoulder_SillCrease_x-60_s07 (open → sheet) L_P18_RearShoulder_SillCrease_x-60_s08 (open → sheet) L_P18_RearShoulder_SillCrease_x-60_s09 (open → sheet) L_P18_RearShoulder_SillCrease_x-60_s10 (open → sheet)
  · #414 L_P18_RearShoulder_SillCrease_x-60 surface  deg 3x3  poles 64x10  integral  bounds [-0.60 -1.16 0.58]–[0.01 -0.89 0.94]
  ·   ↳ loft of L_P18_RearShoulder_SillCrease_x-60_s01 L_P18_RearShoulder_SillCrease_x-60_s02 L_P18_RearShoulder_SillCrease_x-60_s03 L_P18_RearShoulder_SillCrease_x-60_s04 L_P18_RearShoulder_SillCrease_x-60_s05 L_P18_RearShoulder_SillCrease_x-60_s06 L_P18_RearShoulder_SillCrease_x-60_s07 L_P18_RearShoulder_SillCrease_x-60_s08 L_P18_RearShoulder_SillCrease_x-60_s09 L_P18_RearShoulder_SillCrease_x-60_s10  degree 3
> delete L_P18_RearShoulder_SillCrease_x-60_s01 L_P18_RearShoulder_SillCrease_x-60_s02 L_P18_RearShoulder_SillCrease_x-60_s03 L_P18_RearShoulder_SillCrease_x-60_s04 L_P18_RearShoulder_SillCrease_x-60_s05 L_P18_RearShoulder_SillCrease_x-60_s06 L_P18_RearShoulder_SillCrease_x-60_s07 L_P18_RearShoulder_SillCrease_x-60_s08 L_P18_RearShoulder_SillCrease_x-60_s09 L_P18_RearShoulder_SillCrease_x-60_s10
  · deleted 10 figure(s)
> tint L_P18_RearShoulder_SillCrease_x-60 0.80 0.82 0.86
> spline (-0.5985,-1.1565,0.6029) (-0.5985,-1.1562,0.5812) (-0.5985,-1.1560,0.5595) (-0.5985,-1.1561,0.5378) --name=L_P19_SillCrease_End_x-60_s01
  · #415 L_P19_SillCrease_End_x-60_s01 curve    deg 3  poles 4    integral  length 0.0651  bounds [-0.60 -1.16 0.54]–[-0.60 -1.16 0.60]
> spline (-0.5314,-1.1449,0.6012) (-0.5314,-1.1430,0.5800) (-0.5314,-1.1419,0.5587) (-0.5314,-1.1415,0.5375) --name=L_P19_SillCrease_End_x-60_s02
  · #416 L_P19_SillCrease_End_x-60_s02 curve    deg 3  poles 4    integral  length 0.0638  bounds [-0.53 -1.14 0.54]–[-0.53 -1.14 0.60]
> spline (-0.4643,-1.1376,0.5994) (-0.4643,-1.1342,0.5788) (-0.4643,-1.1316,0.5581) (-0.4643,-1.1303,0.5372) --name=L_P19_SillCrease_End_x-60_s03
  · #417 L_P19_SillCrease_End_x-60_s03 curve    deg 3  poles 4    integral  length 0.0627  bounds [-0.46 -1.14 0.54]–[-0.46 -1.13 0.60]
> spline (-0.3972,-1.1318,0.5976) (-0.3972,-1.1272,0.5780) (-0.3972,-1.1233,0.5583) (-0.3972,-1.1212,0.5382) --name=L_P19_SillCrease_End_x-60_s04
  · #418 L_P19_SillCrease_End_x-60_s04 curve    deg 3  poles 4    integral  length 0.0604  bounds [-0.40 -1.13 0.54]–[-0.40 -1.12 0.60]
> spline (-0.3300,-1.1268,0.5957) (-0.3300,-1.1209,0.5767) (-0.3300,-1.1159,0.5573) (-0.3300,-1.1129,0.5376) --name=L_P19_SillCrease_End_x-60_s05
  · #419 L_P19_SillCrease_End_x-60_s05 curve    deg 3  poles 4    integral  length 0.0599  bounds [-0.33 -1.13 0.54]–[-0.33 -1.11 0.60]
> spline (-0.2629,-1.1225,0.5937) (-0.2629,-1.1156,0.5753) (-0.2629,-1.1094,0.5567) (-0.2629,-1.1053,0.5375) --name=L_P19_SillCrease_End_x-60_s06
  · #420 L_P19_SillCrease_End_x-60_s06 curve    deg 3  poles 4    integral  length 0.0589  bounds [-0.26 -1.12 0.54]–[-0.26 -1.11 0.59]
> spline (-0.1958,-1.1190,0.5912) (-0.1958,-1.1111,0.5734) (-0.1958,-1.1037,0.5555) (-0.1958,-1.0981,0.5369) --name=L_P19_SillCrease_End_x-60_s07
  · #421 L_P19_SillCrease_End_x-60_s07 curve    deg 3  poles 4    integral  length 0.0583  bounds [-0.20 -1.12 0.54]–[-0.20 -1.10 0.59]
> spline (-0.1287,-1.1162,0.5883) (-0.1287,-1.1077,0.5713) (-0.1287,-1.0993,0.5542) (-0.1287,-1.0915,0.5369) --name=L_P19_SillCrease_End_x-60_s08
  · #422 L_P19_SillCrease_End_x-60_s08 curve    deg 3  poles 4    integral  length 0.0570  bounds [-0.13 -1.12 0.54]–[-0.13 -1.09 0.59]
> spline (-0.0616,-1.1143,0.5849) (-0.0616,-1.1075,0.5720) (-0.0616,-1.1006,0.5591) (-0.0616,-1.0933,0.5465) --name=L_P19_SillCrease_End_x-60_s09
  · #423 L_P19_SillCrease_End_x-60_s09 curve    deg 3  poles 4    integral  length 0.0438  bounds [-0.06 -1.11 0.55]–[-0.06 -1.09 0.58]
> spline (0.0056,-1.1132,0.5810) (0.0056,-1.1068,0.5695) (0.0056,-1.1005,0.5580) (0.0056,-1.0938,0.5467) --name=L_P19_SillCrease_End_x-60_s10
  · #424 L_P19_SillCrease_End_x-60_s10 curve    deg 3  poles 4    integral  length 0.0394  bounds [0.01 -1.11 0.55]–[0.01 -1.09 0.58]
> loft L_P19_SillCrease_End_x-60_s01 L_P19_SillCrease_End_x-60_s02 L_P19_SillCrease_End_x-60_s03 L_P19_SillCrease_End_x-60_s04 L_P19_SillCrease_End_x-60_s05 L_P19_SillCrease_End_x-60_s06 L_P19_SillCrease_End_x-60_s07 L_P19_SillCrease_End_x-60_s08 L_P19_SillCrease_End_x-60_s09 L_P19_SillCrease_End_x-60_s10 --sheet --name=L_P19_SillCrease_End_x-60
  · loft L_P19_SillCrease_End_x-60_s01 (open → sheet) L_P19_SillCrease_End_x-60_s02 (open → sheet) L_P19_SillCrease_End_x-60_s03 (open → sheet) L_P19_SillCrease_End_x-60_s04 (open → sheet) L_P19_SillCrease_End_x-60_s05 (open → sheet) L_P19_SillCrease_End_x-60_s06 (open → sheet) L_P19_SillCrease_End_x-60_s07 (open → sheet) L_P19_SillCrease_End_x-60_s08 (open → sheet) L_P19_SillCrease_End_x-60_s09 (open → sheet) L_P19_SillCrease_End_x-60_s10 (open → sheet)
  · #425 L_P19_SillCrease_End_x-60 surface  deg 3x3  poles 4x10  integral  bounds [-0.60 -1.16 0.53]–[0.01 -1.09 0.60]
  ·   ↳ loft of L_P19_SillCrease_End_x-60_s01 L_P19_SillCrease_End_x-60_s02 L_P19_SillCrease_End_x-60_s03 L_P19_SillCrease_End_x-60_s04 L_P19_SillCrease_End_x-60_s05 L_P19_SillCrease_End_x-60_s06 L_P19_SillCrease_End_x-60_s07 L_P19_SillCrease_End_x-60_s08 L_P19_SillCrease_End_x-60_s09 L_P19_SillCrease_End_x-60_s10  degree 3
> delete L_P19_SillCrease_End_x-60_s01 L_P19_SillCrease_End_x-60_s02 L_P19_SillCrease_End_x-60_s03 L_P19_SillCrease_End_x-60_s04 L_P19_SillCrease_End_x-60_s05 L_P19_SillCrease_End_x-60_s06 L_P19_SillCrease_End_x-60_s07 L_P19_SillCrease_End_x-60_s08 L_P19_SillCrease_End_x-60_s09 L_P19_SillCrease_End_x-60_s10
  · deleted 10 figure(s)
> tint L_P19_SillCrease_End_x-60 0.80 0.82 0.86
> spline (-0.5985,-1.1561,0.5378) (-0.5985,-1.1556,0.4644) (-0.5985,-1.1534,0.3910) (-0.5985,-1.1477,0.3178) (-0.5985,-1.1337,0.2459) (-0.5985,-1.1129,0.1755) --name=L_P20_Leg_x-59_s01
  · #426 L_P20_Leg_x-59_s01 curve    deg 3  poles 6    integral  length 0.3670  bounds [-0.60 -1.16 0.18]–[-0.60 -1.11 0.54]
> spline (-0.5314,-1.1415,0.5375) (-0.5314,-1.1387,0.4657) (-0.5314,-1.1330,0.3940) (-0.5314,-1.1233,0.3229) (-0.5314,-1.1076,0.2527) (-0.5314,-1.0863,0.1841) --name=L_P20_Leg_x-59_s02
  · #427 L_P20_Leg_x-59_s02 curve    deg 3  poles 6    integral  length 0.3594  bounds [-0.53 -1.14 0.18]–[-0.53 -1.09 0.54]
> spline (-0.4643,-1.1303,0.5372) (-0.4643,-1.1243,0.4669) (-0.4643,-1.1152,0.3969) (-0.4643,-1.1023,0.3275) (-0.4643,-1.0841,0.2593) (-0.4643,-1.0605,0.1928) --name=L_P20_Leg_x-59_s03
  · #428 L_P20_Leg_x-59_s03 curve    deg 3  poles 6    integral  length 0.3529  bounds [-0.46 -1.13 0.19]–[-0.46 -1.06 0.54]
> spline (-0.3972,-1.1212,0.5382) (-0.3972,-1.1133,0.4733) (-0.3972,-1.1023,0.4087) (-0.3972,-1.0879,0.3449) (-0.3972,-1.0689,0.2822) (-0.3972,-1.0454,0.2211) --name=L_P20_Leg_x-59_s04
  · #429 L_P20_Leg_x-59_s04 curve    deg 3  poles 6    integral  length 0.3273  bounds [-0.40 -1.12 0.22]–[-0.40 -1.05 0.54]
> spline (-0.3300,-1.1129,0.5376) (-0.3300,-1.1055,0.4905) (-0.3300,-1.0965,0.4437) (-0.3300,-1.0860,0.3972) (-0.3300,-1.0729,0.3514) (-0.3300,-1.0578,0.3062) --name=L_P20_Leg_x-59_s05
  · #430 L_P20_Leg_x-59_s05 curve    deg 3  poles 6    integral  length 0.2383  bounds [-0.33 -1.11 0.31]–[-0.33 -1.06 0.54]
> spline (-0.2629,-1.1053,0.5375) (-0.2629,-1.0994,0.5080) (-0.2629,-1.0932,0.4785) (-0.2629,-1.0864,0.4492) (-0.2629,-1.0787,0.4201) (-0.2629,-1.0702,0.3912) --name=L_P20_Leg_x-59_s06
  · #431 L_P20_Leg_x-59_s06 curve    deg 3  poles 6    integral  length 0.1505  bounds [-0.26 -1.11 0.39]–[-0.26 -1.07 0.54]
> spline (-0.1958,-1.0981,0.5369) (-0.1958,-1.0948,0.5248) (-0.1958,-1.0916,0.5127) (-0.1958,-1.0886,0.5005) (-0.1958,-1.0858,0.4884) (-0.1958,-1.0825,0.4763) --name=L_P20_Leg_x-59_s07
  · #432 L_P20_Leg_x-59_s07 curve    deg 3  poles 6    integral  length 0.0626  bounds [-0.20 -1.10 0.48]–[-0.20 -1.08 0.54]
> loft L_P20_Leg_x-59_s01 L_P20_Leg_x-59_s02 L_P20_Leg_x-59_s03 L_P20_Leg_x-59_s04 L_P20_Leg_x-59_s05 L_P20_Leg_x-59_s06 L_P20_Leg_x-59_s07 --sheet --name=L_P20_Leg_x-59
  · loft L_P20_Leg_x-59_s01 (open → sheet) L_P20_Leg_x-59_s02 (open → sheet) L_P20_Leg_x-59_s03 (open → sheet) L_P20_Leg_x-59_s04 (open → sheet) L_P20_Leg_x-59_s05 (open → sheet) L_P20_Leg_x-59_s06 (open → sheet) L_P20_Leg_x-59_s07 (open → sheet)
  · #433 L_P20_Leg_x-59     surface  deg 3x3  poles 18x7  integral  bounds [-0.60 -1.16 0.18]–[-0.20 -1.04 0.54]
  ·   ↳ loft of L_P20_Leg_x-59_s01 L_P20_Leg_x-59_s02 L_P20_Leg_x-59_s03 L_P20_Leg_x-59_s04 L_P20_Leg_x-59_s05 L_P20_Leg_x-59_s06 L_P20_Leg_x-59_s07  degree 3
> delete L_P20_Leg_x-59_s01 L_P20_Leg_x-59_s02 L_P20_Leg_x-59_s03 L_P20_Leg_x-59_s04 L_P20_Leg_x-59_s05 L_P20_Leg_x-59_s06 L_P20_Leg_x-59_s07
  · deleted 7 figure(s)
> tint L_P20_Leg_x-59 0.80 0.82 0.86
> spline (0.0116,-0.0000,1.1328) (0.0116,-0.0552,1.1329) (0.0116,-0.1104,1.1327) (0.0116,-0.1656,1.1320) (0.0116,-0.2207,1.1310) (0.0116,-0.2759,1.1297) (0.0116,-0.3311,1.1278) (0.0116,-0.3861,1.1243) (0.0116,-0.4409,1.1177) (0.0116,-0.4950,1.1071) (0.0116,-0.5482,1.0924) (0.0116,-0.6007,1.0753) (0.0116,-0.6520,1.0551) (0.0116,-0.6968,1.0247) (0.0116,-0.7309,0.9813) (0.0116,-0.7611,0.9351) (0.0116,-0.7902,0.8882) (0.0116,-0.8401,0.8748) (0.0116,-0.8951,0.8705) --name=L_P21_Centre_RearShoulder_x0_s01
  · #434 L_P21_Centre_RearShoulder_x0_s01 curve    deg 3  poles 19   integral  length 0.9906  bounds [0.01 -0.90 0.86]–[0.01 0.00 1.13]
> spline (0.0675,-0.0000,1.1381) (0.0675,-0.0553,1.1382) (0.0675,-0.1106,1.1380) (0.0675,-0.1659,1.1374) (0.0675,-0.2212,1.1364) (0.0675,-0.2764,1.1351) (0.0675,-0.3317,1.1332) (0.0675,-0.3869,1.1300) (0.0675,-0.4418,1.1239) (0.0675,-0.4962,1.1137) (0.0675,-0.5496,1.0996) (0.0675,-0.6023,1.0830) (0.0675,-0.6537,1.0626) (0.0675,-0.6995,1.0328) (0.0675,-0.7349,0.9903) (0.0675,-0.7664,0.9449) (0.0675,-0.7948,0.8975) (0.0675,-0.8411,0.8754) (0.0675,-0.8960,0.8684) --name=L_P21_Centre_RearShoulder_x0_s02
  · #435 L_P21_Centre_RearShoulder_x0_s02 curve    deg 3  poles 19   integral  length 0.9919  bounds [0.07 -0.90 0.87]–[0.07 0.00 1.14]
> spline (0.1233,-0.0000,1.1439) (0.1233,-0.0555,1.1441) (0.1233,-0.1109,1.1439) (0.1233,-0.1664,1.1433) (0.1233,-0.2218,1.1424) (0.1233,-0.2773,1.1411) (0.1233,-0.3327,1.1393) (0.1233,-0.3881,1.1360) (0.1233,-0.4432,1.1296) (0.1233,-0.4976,1.1193) (0.1233,-0.5511,1.1047) (0.1233,-0.6035,1.0865) (0.1233,-0.6550,1.0659) (0.1233,-0.7023,1.0380) (0.1233,-0.7389,0.9964) (0.1233,-0.7699,0.9505) (0.1233,-0.7995,0.9035) (0.1233,-0.8423,0.8763) (0.1233,-0.8968,0.8662) --name=L_P21_Centre_RearShoulder_x0_s03
  · #436 L_P21_Centre_RearShoulder_x0_s03 curve    deg 3  poles 19   integral  length 0.9941  bounds [0.12 -0.90 0.87]–[0.12 0.00 1.14]
> loft L_P21_Centre_RearShoulder_x0_s01 L_P21_Centre_RearShoulder_x0_s02 L_P21_Centre_RearShoulder_x0_s03 --sheet --name=L_P21_Centre_RearShoulder_x0
  · loft L_P21_Centre_RearShoulder_x0_s01 (open → sheet) L_P21_Centre_RearShoulder_x0_s02 (open → sheet) L_P21_Centre_RearShoulder_x0_s03 (open → sheet)
  · #437 L_P21_Centre_RearShoulder_x0 surface  deg 3x2  poles 49x3  integral  bounds [0.01 -0.90 0.87]–[0.12 0.00 1.14]
  ·   ↳ loft of L_P21_Centre_RearShoulder_x0_s01 L_P21_Centre_RearShoulder_x0_s02 L_P21_Centre_RearShoulder_x0_s03  degree 3
> delete L_P21_Centre_RearShoulder_x0_s01 L_P21_Centre_RearShoulder_x0_s02 L_P21_Centre_RearShoulder_x0_s03
  · deleted 3 figure(s)
> tint L_P21_Centre_RearShoulder_x0 0.80 0.82 0.86
> spline (0.0116,-0.8951,0.8705) (0.0116,-0.9465,0.8711) (0.0116,-0.9978,0.8734) (0.0116,-1.0469,0.8607) (0.0116,-1.0864,0.8297) (0.0116,-1.1059,0.7823) (0.0116,-1.1189,0.7326) (0.0116,-1.1255,0.6817) (0.0116,-1.1253,0.6303) (0.0116,-1.1131,0.5806) --name=L_P22_RearShoulder_SillCrease_x0_s01
  · #438 L_P22_RearShoulder_SillCrease_x0_s01 curve    deg 3  poles 10   integral  length 0.4618  bounds [0.01 -1.13 0.58]–[0.01 -0.90 0.88]
> spline (0.0675,-0.8960,0.8684) (0.0675,-0.9476,0.8686) (0.0675,-0.9990,0.8715) (0.0675,-1.0484,0.8597) (0.0675,-1.0872,0.8276) (0.0675,-1.1064,0.7798) (0.0675,-1.1190,0.7299) (0.0675,-1.1252,0.6787) (0.0675,-1.1245,0.6271) (0.0675,-1.1125,0.5771) --name=L_P22_RearShoulder_SillCrease_x0_s02
  · #439 L_P22_RearShoulder_SillCrease_x0_s02 curve    deg 3  poles 10   integral  length 0.4634  bounds [0.07 -1.13 0.58]–[0.07 -0.90 0.88]
> spline (0.1233,-0.8968,0.8662) (0.1233,-0.9487,0.8660) (0.1233,-1.0002,0.8695) (0.1233,-1.0498,0.8587) (0.1233,-1.0879,0.8256) (0.1233,-1.1068,0.7774) (0.1233,-1.1191,0.7271) (0.1233,-1.1248,0.6756) (0.1233,-1.1238,0.6238) (0.1233,-1.1120,0.5735) --name=L_P22_RearShoulder_SillCrease_x0_s03
  · #440 L_P22_RearShoulder_SillCrease_x0_s03 curve    deg 3  poles 10   integral  length 0.4653  bounds [0.12 -1.13 0.57]–[0.12 -0.90 0.88]
> loft L_P22_RearShoulder_SillCrease_x0_s01 L_P22_RearShoulder_SillCrease_x0_s02 L_P22_RearShoulder_SillCrease_x0_s03 --sheet --name=L_P22_RearShoulder_SillCrease_x0
  · loft L_P22_RearShoulder_SillCrease_x0_s01 (open → sheet) L_P22_RearShoulder_SillCrease_x0_s02 (open → sheet) L_P22_RearShoulder_SillCrease_x0_s03 (open → sheet)
  · #441 L_P22_RearShoulder_SillCrease_x0 surface  deg 3x2  poles 22x3  integral  bounds [0.01 -1.13 0.57]–[0.12 -0.90 0.88]
  ·   ↳ loft of L_P22_RearShoulder_SillCrease_x0_s01 L_P22_RearShoulder_SillCrease_x0_s02 L_P22_RearShoulder_SillCrease_x0_s03  degree 3
> delete L_P22_RearShoulder_SillCrease_x0_s01 L_P22_RearShoulder_SillCrease_x0_s02 L_P22_RearShoulder_SillCrease_x0_s03
  · deleted 3 figure(s)
> tint L_P22_RearShoulder_SillCrease_x0 0.80 0.82 0.86
> spline (0.0116,-1.1131,0.5806) (0.0116,-1.1068,0.5692) (0.0116,-1.1005,0.5577) (0.0116,-1.0938,0.5464) --name=L_P23_SillCrease_End_x0_s01
  · #442 L_P23_SillCrease_End_x0_s01 curve    deg 3  poles 4    integral  length 0.0393  bounds [0.01 -1.11 0.55]–[0.01 -1.09 0.58]
> spline (0.0675,-1.1125,0.5771) (0.0675,-1.1064,0.5660) (0.0675,-1.1002,0.5549) (0.0675,-1.0938,0.5439) --name=L_P23_SillCrease_End_x0_s02
  · #443 L_P23_SillCrease_End_x0_s02 curve    deg 3  poles 4    integral  length 0.0381  bounds [0.07 -1.11 0.54]–[0.07 -1.09 0.58]
> spline (0.1233,-1.1120,0.5735) (0.1233,-1.1060,0.5625) (0.1233,-1.0999,0.5514) (0.1233,-1.0937,0.5405) --name=L_P23_SillCrease_End_x0_s03
  · #444 L_P23_SillCrease_End_x0_s03 curve    deg 3  poles 4    integral  length 0.0377  bounds [0.12 -1.11 0.54]–[0.12 -1.09 0.57]
> loft L_P23_SillCrease_End_x0_s01 L_P23_SillCrease_End_x0_s02 L_P23_SillCrease_End_x0_s03 --sheet --name=L_P23_SillCrease_End_x0
  · loft L_P23_SillCrease_End_x0_s01 (open → sheet) L_P23_SillCrease_End_x0_s02 (open → sheet) L_P23_SillCrease_End_x0_s03 (open → sheet)
  · #445 L_P23_SillCrease_End_x0 surface  deg 3x2  poles 4x3  integral  bounds [0.01 -1.11 0.54]–[0.12 -1.09 0.58]
  ·   ↳ loft of L_P23_SillCrease_End_x0_s01 L_P23_SillCrease_End_x0_s02 L_P23_SillCrease_End_x0_s03  degree 3
> delete L_P23_SillCrease_End_x0_s01 L_P23_SillCrease_End_x0_s02 L_P23_SillCrease_End_x0_s03
  · deleted 3 figure(s)
> tint L_P23_SillCrease_End_x0 0.80 0.82 0.86
> spline (0.1293,-0.0000,1.1446) (0.1293,-0.0636,1.1447) (0.1293,-0.1273,1.1444) (0.1293,-0.1909,1.1435) (0.1293,-0.2546,1.1423) (0.1293,-0.3182,1.1405) (0.1293,-0.3817,1.1371) (0.1293,-0.4450,1.1299) (0.1293,-0.5074,1.1175) (0.1293,-0.5684,1.0996) (0.1293,-0.6280,1.0772) (0.1293,-0.6861,1.0517) (0.1293,-0.7311,1.0070) (0.1293,-0.7678,0.9550) (0.1293,-0.8016,0.9011) (0.1293,-0.8546,0.8741) (0.1293,-0.9176,0.8659) (0.1293,-0.9812,0.8668) (0.1293,-1.0429,0.8612) (0.1293,-1.0897,0.8211) (0.1293,-1.1112,0.7613) (0.1293,-1.1230,0.6989) (0.1293,-1.1244,0.6353) (0.1293,-1.1119,0.5732) --name=L_P24_Centre_SillCrease_x12_s01
  · #446 L_P24_Centre_SillCrease_x12_s01 curve    deg 3  poles 24   integral  length 1.4585  bounds [0.13 -1.13 0.57]–[0.13 0.00 1.14]
> spline (0.2003,-0.0000,1.1508) (0.2003,-0.0640,1.1509) (0.2003,-0.1280,1.1507) (0.2003,-0.1920,1.1500) (0.2003,-0.2560,1.1488) (0.2003,-0.3199,1.1470) (0.2003,-0.3838,1.1433) (0.2003,-0.4474,1.1359) (0.2003,-0.5100,1.1230) (0.2003,-0.5711,1.1040) (0.2003,-0.6303,1.0798) (0.2003,-0.6892,1.0551) (0.2003,-0.7362,1.0118) (0.2003,-0.7746,0.9609) (0.2003,-0.8055,0.9049) (0.2003,-0.8562,0.8733) (0.2003,-0.9195,0.8654) (0.2003,-0.9834,0.8666) (0.2003,-1.0451,0.8605) (0.2003,-1.0906,0.8183) (0.2003,-1.1116,0.7580) (0.2003,-1.1228,0.6951) (0.2003,-1.1235,0.6312) (0.2003,-1.1112,0.5685) --name=L_P24_Centre_SillCrease_x12_s02
  · #447 L_P24_Centre_SillCrease_x12_s02 curve    deg 3  poles 24   integral  length 1.4662  bounds [0.20 -1.13 0.57]–[0.20 0.00 1.15]
> spline (0.2713,-0.0000,1.1552) (0.2713,-0.0643,1.1554) (0.2713,-0.1285,1.1552) (0.2713,-0.1927,1.1546) (0.2713,-0.2570,1.1534) (0.2713,-0.3212,1.1514) (0.2713,-0.3853,1.1476) (0.2713,-0.4491,1.1400) (0.2713,-0.5120,1.1268) (0.2713,-0.5731,1.1070) (0.2713,-0.6322,1.0819) (0.2713,-0.6911,1.0567) (0.2713,-0.7398,1.0148) (0.2713,-0.7807,0.9656) (0.2713,-0.8091,0.9080) (0.2713,-0.8584,0.8722) (0.2713,-0.9220,0.8649) (0.2713,-0.9861,0.8666) (0.2713,-1.0478,0.8595) (0.2713,-1.0917,0.8152) (0.2713,-1.1120,0.7543) (0.2713,-1.1225,0.6911) (0.2713,-1.1226,0.6269) (0.2713,-1.1104,0.5639) --name=L_P24_Centre_SillCrease_x12_s03
  · #448 L_P24_Centre_SillCrease_x12_s03 curve    deg 3  poles 24   integral  length 1.4731  bounds [0.27 -1.13 0.56]–[0.27 0.00 1.16]
> spline (0.3422,-0.0000,1.1581) (0.3422,-0.0645,1.1584) (0.3422,-0.1290,1.1583) (0.3422,-0.1935,1.1577) (0.3422,-0.2580,1.1566) (0.3422,-0.3225,1.1545) (0.3422,-0.3869,1.1504) (0.3422,-0.4509,1.1427) (0.3422,-0.5139,1.1291) (0.3422,-0.5751,1.1087) (0.3422,-0.6342,1.0830) (0.3422,-0.6930,1.0567) (0.3422,-0.7424,1.0153) (0.3422,-0.7851,0.9673) (0.3422,-0.8146,0.9100) (0.3422,-0.8604,0.8710) (0.3422,-0.9244,0.8645) (0.3422,-0.9888,0.8665) (0.3422,-1.0504,0.8585) (0.3422,-1.0926,0.8120) (0.3422,-1.1124,0.7507) (0.3422,-1.1222,0.6870) (0.3422,-1.1218,0.6226) (0.3422,-1.1096,0.5593) --name=L_P24_Centre_SillCrease_x12_s04
  · #449 L_P24_Centre_SillCrease_x12_s04 curve    deg 3  poles 24   integral  length 1.4781  bounds [0.34 -1.13 0.56]–[0.34 0.00 1.16]
> spline (0.4132,-0.0000,1.1599) (0.4132,-0.0647,1.1601) (0.4132,-0.1295,1.1600) (0.4132,-0.1942,1.1595) (0.4132,-0.2589,1.1584) (0.4132,-0.3236,1.1563) (0.4132,-0.3882,1.1521) (0.4132,-0.4524,1.1443) (0.4132,-0.5156,1.1303) (0.4132,-0.5768,1.1093) (0.4132,-0.6360,1.0833) (0.4132,-0.6946,1.0562) (0.4132,-0.7443,1.0146) (0.4132,-0.7879,0.9671) (0.4132,-0.8188,0.9103) (0.4132,-0.8625,0.8692) (0.4132,-0.9269,0.8642) (0.4132,-0.9915,0.8665) (0.4132,-1.0531,0.8569) (0.4132,-1.0937,0.8086) (0.4132,-1.1128,0.7468) (0.4132,-1.1219,0.6829) (0.4132,-1.1208,0.6182) (0.4132,-1.1089,0.5547) --name=L_P24_Centre_SillCrease_x12_s05
  · #450 L_P24_Centre_SillCrease_x12_s05 curve    deg 3  poles 24   integral  length 1.4829  bounds [0.41 -1.13 0.55]–[0.41 0.00 1.16]
> spline (0.4841,-0.0000,1.1606) (0.4841,-0.0650,1.1609) (0.4841,-0.1299,1.1608) (0.4841,-0.1949,1.1603) (0.4841,-0.2598,1.1593) (0.4841,-0.3248,1.1571) (0.4841,-0.3896,1.1529) (0.4841,-0.4540,1.1448) (0.4841,-0.5173,1.1304) (0.4841,-0.5786,1.1090) (0.4841,-0.6380,1.0826) (0.4841,-0.6964,1.0545) (0.4841,-0.7461,1.0127) (0.4841,-0.7900,0.9650) (0.4841,-0.8219,0.9085) (0.4841,-0.8647,0.8667) (0.4841,-0.9296,0.8640) (0.4841,-0.9945,0.8666) (0.4841,-1.0559,0.8548) (0.4841,-1.0947,0.8046) (0.4841,-1.1133,0.7424) (0.4841,-1.1215,0.6781) (0.4841,-1.1198,0.6132) (0.4841,-1.1083,0.5493) --name=L_P24_Centre_SillCrease_x12_s06
  · #451 L_P24_Centre_SillCrease_x12_s06 curve    deg 3  poles 24   integral  length 1.4884  bounds [0.48 -1.13 0.55]–[0.48 0.00 1.16]
> spline (0.5551,-0.0000,1.1603) (0.5551,-0.0653,1.1606) (0.5551,-0.1306,1.1605) (0.5551,-0.1959,1.1601) (0.5551,-0.2612,1.1591) (0.5551,-0.3265,1.1569) (0.5551,-0.3916,1.1526) (0.5551,-0.4564,1.1443) (0.5551,-0.5199,1.1294) (0.5551,-0.5813,1.1071) (0.5551,-0.6410,1.0807) (0.5551,-0.6992,1.0514) (0.5551,-0.7487,1.0088) (0.5551,-0.7925,0.9605) (0.5551,-0.8245,0.9037) (0.5551,-0.8680,0.8640) (0.5551,-0.9333,0.8640) (0.5551,-0.9985,0.8667) (0.5551,-1.0597,0.8516) (0.5551,-1.0963,0.7992) (0.5551,-1.1140,0.7364) (0.5551,-1.1212,0.6716) (0.5551,-1.1186,0.6064) (0.5551,-1.1077,0.5420) --name=L_P24_Centre_SillCrease_x12_s07
  · #452 L_P24_Centre_SillCrease_x12_s07 curve    deg 3  poles 24   integral  length 1.4954  bounds [0.56 -1.13 0.54]–[0.56 0.00 1.16]
> spline (0.6260,-0.0000,1.1590) (0.6260,-0.0658,1.1592) (0.6260,-0.1316,1.1591) (0.6260,-0.1974,1.1587) (0.6260,-0.2632,1.1577) (0.6260,-0.3289,1.1555) (0.6260,-0.3945,1.1511) (0.6260,-0.4598,1.1426) (0.6260,-0.5236,1.1269) (0.6260,-0.5852,1.1039) (0.6260,-0.6455,1.0775) (0.6260,-0.7029,1.0463) (0.6260,-0.7521,1.0025) (0.6260,-0.7954,0.9532) (0.6260,-0.8271,0.8957) (0.6260,-0.8725,0.8618) (0.6260,-0.9382,0.8642) (0.6260,-1.0039,0.8669) (0.6260,-1.0646,0.8472) (0.6260,-1.0984,0.7921) (0.6260,-1.1149,0.7285) (0.6260,-1.1207,0.6631) (0.6260,-1.1172,0.5974) (0.6260,-1.1069,0.5325) --name=L_P24_Centre_SillCrease_x12_s08
  · #453 L_P24_Centre_SillCrease_x12_s08 curve    deg 3  poles 24   integral  length 1.5039  bounds [0.63 -1.12 0.53]–[0.63 0.00 1.16]
> spline (0.6970,-0.0000,1.1566) (0.6970,-0.0665,1.1566) (0.6970,-0.1330,1.1566) (0.6970,-0.1995,1.1562) (0.6970,-0.2660,1.1551) (0.6970,-0.3325,1.1530) (0.6970,-0.3989,1.1485) (0.6970,-0.4648,1.1396) (0.6970,-0.5290,1.1228) (0.6970,-0.5911,1.0988) (0.6970,-0.6523,1.0728) (0.6970,-0.7081,1.0381) (0.6970,-0.7567,0.9928) (0.6970,-0.7995,0.9420) (0.6970,-0.8305,0.8833) (0.6970,-0.8777,0.8607) (0.6970,-0.9439,0.8644) (0.6970,-1.0104,0.8669) (0.6970,-1.0700,0.8421) (0.6970,-1.1006,0.7840) (0.6970,-1.1160,0.7194) (0.6970,-1.1202,0.6530) (0.6970,-1.1155,0.5868) (0.6970,-1.1061,0.5210) --name=L_P24_Centre_SillCrease_x12_s09
  · #454 L_P24_Centre_SillCrease_x12_s09 curve    deg 3  poles 24   integral  length 1.5154  bounds [0.70 -1.12 0.52]–[0.70 0.00 1.16]
> spline (0.7679,-0.0000,1.1517) (0.7679,-0.0669,1.1517) (0.7679,-0.1339,1.1516) (0.7679,-0.2008,1.1512) (0.7679,-0.2678,1.1503) (0.7679,-0.3347,1.1482) (0.7679,-0.4015,1.1439) (0.7679,-0.4678,1.1347) (0.7679,-0.5322,1.1167) (0.7679,-0.5947,1.0927) (0.7679,-0.6567,1.0675) (0.7679,-0.7103,1.0283) (0.7679,-0.7586,0.9820) (0.7679,-0.8015,0.9307) (0.7679,-0.8328,0.8717) (0.7679,-0.8864,0.8615) (0.7679,-0.9529,0.8648) (0.7679,-1.0198,0.8658) (0.7679,-1.0765,0.8341) (0.7679,-1.1034,0.7733) (0.7679,-1.1169,0.7078) (0.7679,-1.1194,0.6410) (0.7679,-1.1142,0.5743) (0.7679,-1.1052,0.5080) --name=L_P24_Centre_SillCrease_x12_s10
  · #455 L_P24_Centre_SillCrease_x12_s10 curve    deg 3  poles 24   integral  length 1.5280  bounds [0.77 -1.12 0.51]–[0.77 0.00 1.15]
> spline (0.8389,-0.0000,1.1444) (0.8389,-0.0674,1.1444) (0.8389,-0.1347,1.1443) (0.8389,-0.2021,1.1440) (0.8389,-0.2694,1.1431) (0.8389,-0.3367,1.1413) (0.8389,-0.4039,1.1372) (0.8389,-0.4705,1.1270) (0.8389,-0.5349,1.1078) (0.8389,-0.5981,1.0845) (0.8389,-0.6604,1.0592) (0.8389,-0.7116,1.0158) (0.8389,-0.7599,0.9689) (0.8389,-0.8032,0.9174) (0.8389,-0.8357,0.8586) (0.8389,-0.8965,0.8631) (0.8389,-0.9635,0.8656) (0.8389,-1.0304,0.8622) (0.8389,-1.0831,0.8235) (0.8389,-1.1064,0.7605) (0.8389,-1.1177,0.6942) (0.8389,-1.1185,0.6269) (0.8389,-1.1130,0.5598) (0.8389,-1.1047,0.4931) --name=L_P24_Centre_SillCrease_x12_s11
  · #456 L_P24_Centre_SillCrease_x12_s11 curve    deg 3  poles 24   integral  length 1.5440  bounds [0.84 -1.12 0.49]–[0.84 0.00 1.14]
> spline (0.9098,-0.0000,1.1348) (0.9098,-0.0681,1.1348) (0.9098,-0.1362,1.1347) (0.9098,-0.2042,1.1344) (0.9098,-0.2723,1.1336) (0.9098,-0.3404,1.1320) (0.9098,-0.4083,1.1279) (0.9098,-0.4750,1.1147) (0.9098,-0.5400,1.0943) (0.9098,-0.6046,1.0730) (0.9098,-0.6647,1.0425) (0.9098,-0.7160,0.9977) (0.9098,-0.7653,0.9508) (0.9098,-0.8085,0.8983) (0.9098,-0.8462,0.8418) (0.9098,-0.9079,0.8665) (0.9098,-0.9760,0.8668) (0.9098,-1.0425,0.8570) (0.9098,-1.0892,0.8102) (0.9098,-1.1101,0.7455) (0.9098,-1.1187,0.6781) (0.9098,-1.1179,0.6101) (0.9098,-1.1132,0.5422) (0.9098,-1.1058,0.4746) --name=L_P24_Centre_SillCrease_x12_s12
  · #457 L_P24_Centre_SillCrease_x12_s12 curve    deg 3  poles 24   integral  length 1.5658  bounds [0.91 -1.12 0.47]–[0.91 0.00 1.13]
> spline (0.9808,-0.0000,1.1218) (0.9808,-0.0686,1.1218) (0.9808,-0.1372,1.1217) (0.9808,-0.2059,1.1213) (0.9808,-0.2745,1.1204) (0.9808,-0.3431,1.1183) (0.9808,-0.4112,1.1105) (0.9808,-0.4781,1.0954) (0.9808,-0.5444,1.0777) (0.9808,-0.6101,1.0580) (0.9808,-0.6671,1.0198) (0.9808,-0.7207,0.9770) (0.9808,-0.7718,0.9312) (0.9808,-0.8149,0.8780) (0.9808,-0.8593,0.8459) (0.9808,-0.9226,0.8689) (0.9808,-0.9912,0.8675) (0.9808,-1.0563,0.8492) (0.9808,-1.0952,0.7946) (0.9808,-1.1148,0.7289) (0.9808,-1.1204,0.6606) (0.9808,-1.1185,0.5921) (0.9808,-1.1153,0.5235) (0.9808,-1.1096,0.4552) --name=L_P24_Centre_SillCrease_x12_s13
  · #458 L_P24_Centre_SillCrease_x12_s13 curve    deg 3  poles 24   integral  length 1.5649  bounds [0.98 -1.12 0.46]–[0.98 0.00 1.12]
> loft L_P24_Centre_SillCrease_x12_s01 L_P24_Centre_SillCrease_x12_s02 L_P24_Centre_SillCrease_x12_s03 L_P24_Centre_SillCrease_x12_s04 L_P24_Centre_SillCrease_x12_s05 L_P24_Centre_SillCrease_x12_s06 L_P24_Centre_SillCrease_x12_s07 L_P24_Centre_SillCrease_x12_s08 L_P24_Centre_SillCrease_x12_s09 L_P24_Centre_SillCrease_x12_s10 L_P24_Centre_SillCrease_x12_s11 L_P24_Centre_SillCrease_x12_s12 L_P24_Centre_SillCrease_x12_s13 --sheet --name=L_P24_Centre_SillCrease_x12
  · loft L_P24_Centre_SillCrease_x12_s01 (open → sheet) L_P24_Centre_SillCrease_x12_s02 (open → sheet) L_P24_Centre_SillCrease_x12_s03 (open → sheet) L_P24_Centre_SillCrease_x12_s04 (open → sheet) L_P24_Centre_SillCrease_x12_s05 (open → sheet) L_P24_Centre_SillCrease_x12_s06 (open → sheet) L_P24_Centre_SillCrease_x12_s07 (open → sheet) L_P24_Centre_SillCrease_x12_s08 (open → sheet) L_P24_Centre_SillCrease_x12_s09 (open → sheet) L_P24_Centre_SillCrease_x12_s10 (open → sheet) L_P24_Centre_SillCrease_x12_s11 (open → sheet) L_P24_Centre_SillCrease_x12_s12 (open → sheet) L_P24_Centre_SillCrease_x12_s13 (open → sheet)
  · #459 L_P24_Centre_SillCrease_x12 surface  deg 3x3  poles 264x13  integral  bounds [0.13 -1.13 0.46]–[0.98 0.00 1.16]
  ·   ↳ loft of L_P24_Centre_SillCrease_x12_s01 L_P24_Centre_SillCrease_x12_s02 L_P24_Centre_SillCrease_x12_s03 L_P24_Centre_SillCrease_x12_s04 L_P24_Centre_SillCrease_x12_s05 L_P24_Centre_SillCrease_x12_s06 L_P24_Centre_SillCrease_x12_s07 L_P24_Centre_SillCrease_x12_s08 L_P24_Centre_SillCrease_x12_s09 L_P24_Centre_SillCrease_x12_s10 L_P24_Centre_SillCrease_x12_s11 L_P24_Centre_SillCrease_x12_s12 L_P24_Centre_SillCrease_x12_s13  degree 3
> delete L_P24_Centre_SillCrease_x12_s01 L_P24_Centre_SillCrease_x12_s02 L_P24_Centre_SillCrease_x12_s03 L_P24_Centre_SillCrease_x12_s04 L_P24_Centre_SillCrease_x12_s05 L_P24_Centre_SillCrease_x12_s06 L_P24_Centre_SillCrease_x12_s07 L_P24_Centre_SillCrease_x12_s08 L_P24_Centre_SillCrease_x12_s09 L_P24_Centre_SillCrease_x12_s10 L_P24_Centre_SillCrease_x12_s11 L_P24_Centre_SillCrease_x12_s12 L_P24_Centre_SillCrease_x12_s13
  · deleted 13 figure(s)
> tint L_P24_Centre_SillCrease_x12 0.80 0.82 0.86
> spline (0.1293,-1.1119,0.5732) (0.1293,-1.1059,0.5621) (0.1293,-1.0999,0.5511) (0.1293,-1.0937,0.5402) --name=L_P25_SillCrease_End_x12_s01
  · #460 L_P25_SillCrease_End_x12_s01 curve    deg 3  poles 4    integral  length 0.0377  bounds [0.13 -1.11 0.54]–[0.13 -1.09 0.57]
> spline (0.2003,-1.1112,0.5685) (0.2003,-1.1054,0.5575) (0.2003,-1.0996,0.5465) (0.2003,-1.0935,0.5356) --name=L_P25_SillCrease_End_x12_s02
  · #461 L_P25_SillCrease_End_x12_s02 curve    deg 3  poles 4    integral  length 0.0374  bounds [0.20 -1.11 0.54]–[0.20 -1.09 0.57]
> spline (0.2713,-1.1104,0.5639) (0.2713,-1.1048,0.5528) (0.2713,-1.0992,0.5417) (0.2713,-1.0933,0.5308) --name=L_P25_SillCrease_End_x12_s03
  · #462 L_P25_SillCrease_End_x12_s03 curve    deg 3  poles 4    integral  length 0.0373  bounds [0.27 -1.11 0.53]–[0.27 -1.09 0.56]
> spline (0.3422,-1.1096,0.5593) (0.3422,-1.1049,0.5496) (0.3422,-1.1003,0.5399) (0.3422,-1.0956,0.5302) --name=L_P25_SillCrease_End_x12_s04
  · #463 L_P25_SillCrease_End_x12_s04 curve    deg 3  poles 4    integral  length 0.0323  bounds [0.34 -1.11 0.53]–[0.34 -1.10 0.56]
> spline (0.4132,-1.1089,0.5547) (0.4132,-1.1052,0.5465) (0.4132,-1.1015,0.5384) (0.4132,-1.0978,0.5302) --name=L_P25_SillCrease_End_x12_s05
  · #464 L_P25_SillCrease_End_x12_s05 curve    deg 3  poles 4    integral  length 0.0269  bounds [0.41 -1.11 0.53]–[0.41 -1.10 0.55]
> spline (0.4841,-1.1083,0.5493) (0.4841,-1.1056,0.5430) (0.4841,-1.1029,0.5366) (0.4841,-1.1001,0.5302) --name=L_P25_SillCrease_End_x12_s06
  · #465 L_P25_SillCrease_End_x12_s06 curve    deg 3  poles 4    integral  length 0.0208  bounds [0.48 -1.11 0.53]–[0.48 -1.10 0.55]
> spline (0.5551,-1.1077,0.5420) (0.5551,-1.1061,0.5381) (0.5551,-1.1045,0.5342) (0.5551,-1.1029,0.5303) --name=L_P25_SillCrease_End_x12_s07
  · #466 L_P25_SillCrease_End_x12_s07 curve    deg 3  poles 4    integral  length 0.0126  bounds [0.56 -1.11 0.53]–[0.56 -1.10 0.54]
> spline (0.6260,-1.1069,0.5325) (0.6260,-1.1066,0.5318) (0.6260,-1.1064,0.5310) (0.6260,-1.1061,0.5303) --name=L_P25_SillCrease_End_x12_s08
  · #467 L_P25_SillCrease_End_x12_s08 curve    deg 3  poles 4    integral  length 0.0024  bounds [0.63 -1.11 0.53]–[0.63 -1.11 0.53]
> spline (0.6970,-1.1061,0.5210) (0.6970,-1.1003,0.5053) (0.6970,-1.0945,0.4896) (0.6970,-1.0884,0.4740) --name=L_P25_SillCrease_End_x12_s09
  · #468 L_P25_SillCrease_End_x12_s09 curve    deg 3  poles 4    integral  length 0.0502  bounds [0.70 -1.11 0.47]–[0.70 -1.09 0.52]
> spline (0.7679,-1.1052,0.5080) (0.7679,-1.0989,0.4900) (0.7679,-1.0925,0.4720) (0.7679,-1.0860,0.4541) --name=L_P25_SillCrease_End_x12_s10
  · #469 L_P25_SillCrease_End_x12_s10 curve    deg 3  poles 4    integral  length 0.0572  bounds [0.77 -1.11 0.45]–[0.77 -1.09 0.51]
> spline (0.8389,-1.1047,0.4931) (0.8389,-1.0969,0.4704) (0.8389,-1.0891,0.4478) (0.8389,-1.0815,0.4250) --name=L_P25_SillCrease_End_x12_s11
  · #470 L_P25_SillCrease_End_x12_s11 curve    deg 3  poles 4    integral  length 0.0719  bounds [0.84 -1.10 0.42]–[0.84 -1.08 0.49]
> spline (0.9098,-1.1058,0.4746) (0.9098,-1.0944,0.4414) (0.9098,-1.0835,0.4080) (0.9098,-1.0734,0.3745) --name=L_P25_SillCrease_End_x12_s12
  · #471 L_P25_SillCrease_End_x12_s12 curve    deg 3  poles 4    integral  length 0.1052  bounds [0.91 -1.11 0.37]–[0.91 -1.07 0.47]
> spline (0.9808,-1.1096,0.4552) (0.9808,-1.0945,0.4080) (0.9808,-1.0801,0.3606) (0.9808,-1.0659,0.3131) --name=L_P25_SillCrease_End_x12_s13
  · #472 L_P25_SillCrease_End_x12_s13 curve    deg 3  poles 4    integral  length 0.1487  bounds [0.98 -1.11 0.31]–[0.98 -1.07 0.46]
> loft L_P25_SillCrease_End_x12_s01 L_P25_SillCrease_End_x12_s02 L_P25_SillCrease_End_x12_s03 L_P25_SillCrease_End_x12_s04 L_P25_SillCrease_End_x12_s05 L_P25_SillCrease_End_x12_s06 L_P25_SillCrease_End_x12_s07 L_P25_SillCrease_End_x12_s08 L_P25_SillCrease_End_x12_s09 L_P25_SillCrease_End_x12_s10 L_P25_SillCrease_End_x12_s11 L_P25_SillCrease_End_x12_s12 L_P25_SillCrease_End_x12_s13 --sheet --name=L_P25_SillCrease_End_x12
  · loft L_P25_SillCrease_End_x12_s01 (open → sheet) L_P25_SillCrease_End_x12_s02 (open → sheet) L_P25_SillCrease_End_x12_s03 (open → sheet) L_P25_SillCrease_End_x12_s04 (open → sheet) L_P25_SillCrease_End_x12_s05 (open → sheet) L_P25_SillCrease_End_x12_s06 (open → sheet) L_P25_SillCrease_End_x12_s07 (open → sheet) L_P25_SillCrease_End_x12_s08 (open → sheet) L_P25_SillCrease_End_x12_s09 (open → sheet) L_P25_SillCrease_End_x12_s10 (open → sheet) L_P25_SillCrease_End_x12_s11 (open → sheet) L_P25_SillCrease_End_x12_s12 (open → sheet) L_P25_SillCrease_End_x12_s13 (open → sheet)
  · #473 L_P25_SillCrease_End_x12 surface  deg 3x3  poles 4x13  integral  bounds [0.13 -1.11 0.31]–[0.98 -1.07 0.57]
  ·   ↳ loft of L_P25_SillCrease_End_x12_s01 L_P25_SillCrease_End_x12_s02 L_P25_SillCrease_End_x12_s03 L_P25_SillCrease_End_x12_s04 L_P25_SillCrease_End_x12_s05 L_P25_SillCrease_End_x12_s06 L_P25_SillCrease_End_x12_s07 L_P25_SillCrease_End_x12_s08 L_P25_SillCrease_End_x12_s09 L_P25_SillCrease_End_x12_s10 L_P25_SillCrease_End_x12_s11 L_P25_SillCrease_End_x12_s12 L_P25_SillCrease_End_x12_s13  degree 3
> delete L_P25_SillCrease_End_x12_s01 L_P25_SillCrease_End_x12_s02 L_P25_SillCrease_End_x12_s03 L_P25_SillCrease_End_x12_s04 L_P25_SillCrease_End_x12_s05 L_P25_SillCrease_End_x12_s06 L_P25_SillCrease_End_x12_s07 L_P25_SillCrease_End_x12_s08 L_P25_SillCrease_End_x12_s09 L_P25_SillCrease_End_x12_s10 L_P25_SillCrease_End_x12_s11 L_P25_SillCrease_End_x12_s12 L_P25_SillCrease_End_x12_s13
  · deleted 13 figure(s)
> tint L_P25_SillCrease_End_x12 0.80 0.82 0.86
> spline (0.9868,-0.0000,1.1206) (0.9868,-0.0591,1.1206) (0.9868,-0.1182,1.1205) (0.9868,-0.1774,1.1202) (0.9868,-0.2365,1.1196) (0.9868,-0.2956,1.1185) (0.9868,-0.3546,1.1159) (0.9868,-0.4132,1.1083) (0.9868,-0.4709,1.0954) (0.9868,-0.5282,1.0807) (0.9868,-0.5851,1.0648) (0.9868,-0.6377,1.0386) (0.9868,-0.6855,1.0038) (0.9868,-0.7315,0.9666) (0.9868,-0.7751,0.9268) (0.9868,-0.8124,0.8810) (0.9868,-0.8461,0.8386) (0.9868,-0.8971,0.8684) --name=L_P26_Centre_BonnetEdge_x98_s01
  · #474 L_P26_Centre_BonnetEdge_x98_s01 curve    deg 3  poles 18   integral  length 1.0073  bounds [0.99 -0.90 0.80]–[0.99 0.00 1.12]
> spline (1.0605,-0.0000,1.1041) (1.0605,-0.0586,1.1041) (1.0605,-0.1172,1.1036) (1.0605,-0.1758,1.1024) (1.0605,-0.2343,1.1004) (1.0605,-0.2928,1.0971) (1.0605,-0.3512,1.0920) (1.0605,-0.4092,1.0842) (1.0605,-0.4669,1.0736) (1.0605,-0.5242,1.0618) (1.0605,-0.5798,1.0435) (1.0605,-0.6319,1.0168) (1.0605,-0.6812,0.9851) (1.0605,-0.7285,0.9507) (1.0605,-0.7728,0.9123) (1.0605,-0.8116,0.8685) (1.0605,-0.8491,0.8360) (1.0605,-0.8965,0.8703) --name=L_P26_Centre_BonnetEdge_x98_s02
  · #475 L_P26_Centre_BonnetEdge_x98_s02 curve    deg 3  poles 18   integral  length 0.9941  bounds [1.06 -0.90 0.81]–[1.06 0.00 1.10]
> spline (1.1341,-0.0000,1.0839) (1.1341,-0.0581,1.0839) (1.1341,-0.1163,1.0832) (1.1341,-0.1744,1.0813) (1.1341,-0.2324,1.0784) (1.1341,-0.2904,1.0742) (1.1341,-0.3483,1.0685) (1.1341,-0.4060,1.0613) (1.1341,-0.4631,1.0507) (1.1341,-0.5194,1.0364) (1.1341,-0.5749,1.0191) (1.1341,-0.6282,0.9960) (1.1341,-0.6780,0.9661) (1.1341,-0.7256,0.9326) (1.1341,-0.7705,0.8958) (1.1341,-0.8108,0.8539) (1.1341,-0.8498,0.8377) (1.1341,-0.8950,0.8740) --name=L_P26_Centre_BonnetEdge_x98_s03
  · #476 L_P26_Centre_BonnetEdge_x98_s03 curve    deg 3  poles 18   integral  length 0.9780  bounds [1.13 -0.90 0.82]–[1.13 0.00 1.08]
> spline (1.2077,-0.0000,1.0635) (1.2077,-0.0579,1.0633) (1.2077,-0.1157,1.0623) (1.2077,-0.1735,1.0602) (1.2077,-0.2313,1.0565) (1.2077,-0.2889,1.0511) (1.2077,-0.3463,1.0442) (1.2077,-0.4036,1.0359) (1.2077,-0.4604,1.0248) (1.2077,-0.5164,1.0103) (1.2077,-0.5717,0.9935) (1.2077,-0.6259,0.9731) (1.2077,-0.6770,0.9461) (1.2077,-0.7246,0.9132) (1.2077,-0.7689,0.8761) (1.2077,-0.8103,0.8357) (1.2077,-0.8488,0.8418) (1.2077,-0.8927,0.8783) --name=L_P26_Centre_BonnetEdge_x98_s04
  · #477 L_P26_Centre_BonnetEdge_x98_s04 curve    deg 3  poles 18   integral  length 0.9667  bounds [1.21 -0.89 0.81]–[1.21 0.00 1.06]
> spline (1.2814,-0.0000,1.0404) (1.2814,-0.0578,1.0401) (1.2814,-0.1155,1.0386) (1.2814,-0.1732,1.0357) (1.2814,-0.2308,1.0314) (1.2814,-0.2883,1.0258) (1.2814,-0.3456,1.0187) (1.2814,-0.4027,1.0101) (1.2814,-0.4594,0.9991) (1.2814,-0.5152,0.9844) (1.2814,-0.5703,0.9671) (1.2814,-0.6247,0.9476) (1.2814,-0.6769,0.9232) (1.2814,-0.7254,0.8918) (1.2814,-0.7696,0.8546) (1.2814,-0.8110,0.8144) (1.2814,-0.8466,0.8486) (1.2814,-0.8899,0.8827) --name=L_P26_Centre_BonnetEdge_x98_s05
  · #478 L_P26_Centre_BonnetEdge_x98_s05 curve    deg 3  poles 18   integral  length 0.9767  bounds [1.28 -0.89 0.77]–[1.28 0.00 1.04]
> spline (1.3550,-0.0000,1.0160) (1.3550,-0.0572,1.0156) (1.3550,-0.1145,1.0138) (1.3550,-0.1716,1.0105) (1.3550,-0.2287,1.0061) (1.3550,-0.2856,1.0003) (1.3550,-0.3424,0.9931) (1.3550,-0.3990,0.9845) (1.3550,-0.4553,0.9737) (1.3550,-0.5107,0.9596) (1.3550,-0.5652,0.9421) (1.3550,-0.6190,0.9225) (1.3550,-0.6714,0.8995) (1.3550,-0.7210,0.8710) (1.3550,-0.7663,0.8361) (1.3550,-0.8112,0.8059) (1.3550,-0.8411,0.8545) (1.3550,-0.8838,0.8877) --name=L_P26_Centre_BonnetEdge_x98_s06
  · #479 L_P26_Centre_BonnetEdge_x98_s06 curve    deg 3  poles 18   integral  length 0.9755  bounds [1.35 -0.88 0.77]–[1.36 0.00 1.02]
> loft L_P26_Centre_BonnetEdge_x98_s01 L_P26_Centre_BonnetEdge_x98_s02 L_P26_Centre_BonnetEdge_x98_s03 L_P26_Centre_BonnetEdge_x98_s04 L_P26_Centre_BonnetEdge_x98_s05 L_P26_Centre_BonnetEdge_x98_s06 --sheet --name=L_P26_Centre_BonnetEdge_x98
  · loft L_P26_Centre_BonnetEdge_x98_s01 (open → sheet) L_P26_Centre_BonnetEdge_x98_s02 (open → sheet) L_P26_Centre_BonnetEdge_x98_s03 (open → sheet) L_P26_Centre_BonnetEdge_x98_s04 (open → sheet) L_P26_Centre_BonnetEdge_x98_s05 (open → sheet) L_P26_Centre_BonnetEdge_x98_s06 (open → sheet)
  · #480 L_P26_Centre_BonnetEdge_x98 surface  deg 3x3  poles 88x6  integral  bounds [0.99 -0.90 0.80]–[1.36 0.00 1.12]
  ·   ↳ loft of L_P26_Centre_BonnetEdge_x98_s01 L_P26_Centre_BonnetEdge_x98_s02 L_P26_Centre_BonnetEdge_x98_s03 L_P26_Centre_BonnetEdge_x98_s04 L_P26_Centre_BonnetEdge_x98_s05 L_P26_Centre_BonnetEdge_x98_s06  degree 3
> delete L_P26_Centre_BonnetEdge_x98_s01 L_P26_Centre_BonnetEdge_x98_s02 L_P26_Centre_BonnetEdge_x98_s03 L_P26_Centre_BonnetEdge_x98_s04 L_P26_Centre_BonnetEdge_x98_s05 L_P26_Centre_BonnetEdge_x98_s06
  · deleted 6 figure(s)
> tint L_P26_Centre_BonnetEdge_x98 0.80 0.82 0.86
> spline (0.9868,-0.8971,0.8684) (0.9868,-0.9467,0.8692) (0.9868,-0.9963,0.8673) (0.9868,-1.0443,0.8564) (0.9868,-1.0814,0.8246) (0.9868,-1.1010,0.7790) (0.9868,-1.1146,0.7313) (0.9868,-1.1201,0.6820) (0.9868,-1.1204,0.6324) (0.9868,-1.1180,0.5828) --name=L_P27_BonnetEdge_End_x98_s01
  · #481 L_P27_BonnetEdge_End_x98_s01 curve    deg 3  poles 10   integral  length 0.4466  bounds [0.99 -1.12 0.58]–[0.99 -0.90 0.87]
> spline (1.0605,-0.8965,0.8703) (1.0605,-0.9462,0.8712) (1.0605,-0.9957,0.8694) (1.0605,-1.0437,0.8588) (1.0605,-1.0805,0.8267) (1.0605,-1.1009,0.7815) (1.0605,-1.1156,0.7341) (1.0605,-1.1217,0.6850) (1.0605,-1.1223,0.6354) (1.0605,-1.1207,0.5858) --name=L_P27_BonnetEdge_End_x98_s02
  · #482 L_P27_BonnetEdge_End_x98_s02 curve    deg 3  poles 10   integral  length 0.4463  bounds [1.06 -1.12 0.59]–[1.06 -0.90 0.87]
> spline (1.1341,-0.8950,0.8740) (1.1341,-0.9452,0.8746) (1.1341,-0.9954,0.8728) (1.1341,-1.0441,0.8629) (1.1341,-1.0809,0.8299) (1.1341,-1.1017,0.7842) (1.1341,-1.1169,0.7364) (1.1341,-1.1234,0.6867) (1.1341,-1.1241,0.6364) (1.1341,-1.1231,0.5862) --name=L_P27_BonnetEdge_End_x98_s03
  · #483 L_P27_BonnetEdge_End_x98_s03 curve    deg 3  poles 10   integral  length 0.4517  bounds [1.13 -1.13 0.59]–[1.13 -0.90 0.88]
> spline (1.2077,-0.8927,0.8783) (1.2077,-0.9441,0.8791) (1.2077,-0.9955,0.8769) (1.2077,-1.0456,0.8676) (1.2077,-1.0829,0.8333) (1.2077,-1.1036,0.7864) (1.2077,-1.1188,0.7373) (1.2077,-1.1253,0.6864) (1.2077,-1.1259,0.6350) (1.2077,-1.1255,0.5835) --name=L_P27_BonnetEdge_End_x98_s04
  · #484 L_P27_BonnetEdge_End_x98_s04 curve    deg 3  poles 10   integral  length 0.4626  bounds [1.21 -1.13 0.58]–[1.21 -0.89 0.88]
> spline (1.2814,-0.8899,0.8827) (1.2814,-0.9421,0.8836) (1.2814,-0.9943,0.8812) (1.2814,-1.0455,0.8729) (1.2814,-1.0842,0.8389) (1.2814,-1.1052,0.7912) (1.2814,-1.1204,0.7412) (1.2814,-1.1273,0.6895) (1.2814,-1.1282,0.6373) (1.2814,-1.1285,0.5850) --name=L_P27_BonnetEdge_End_x98_s05
  · #485 L_P27_BonnetEdge_End_x98_s05 curve    deg 3  poles 10   integral  length 0.4702  bounds [1.28 -1.13 0.58]–[1.28 -0.89 0.89]
> spline (1.3550,-0.8838,0.8877) (1.3550,-0.9367,0.8888) (1.3550,-0.9894,0.8858) (1.3550,-1.0418,0.8793) (1.3550,-1.0834,0.8477) (1.3550,-1.1062,0.8001) (1.3550,-1.1221,0.7498) (1.3550,-1.1297,0.6975) (1.3550,-1.1309,0.6447) (1.3550,-1.1380,0.5924) --name=L_P27_BonnetEdge_End_x98_s06
  · #486 L_P27_BonnetEdge_End_x98_s06 curve    deg 3  poles 10   integral  length 0.4762  bounds [1.35 -1.14 0.59]–[1.36 -0.88 0.89]
> loft L_P27_BonnetEdge_End_x98_s01 L_P27_BonnetEdge_End_x98_s02 L_P27_BonnetEdge_End_x98_s03 L_P27_BonnetEdge_End_x98_s04 L_P27_BonnetEdge_End_x98_s05 L_P27_BonnetEdge_End_x98_s06 --sheet --name=L_P27_BonnetEdge_End_x98
  · loft L_P27_BonnetEdge_End_x98_s01 (open → sheet) L_P27_BonnetEdge_End_x98_s02 (open → sheet) L_P27_BonnetEdge_End_x98_s03 (open → sheet) L_P27_BonnetEdge_End_x98_s04 (open → sheet) L_P27_BonnetEdge_End_x98_s05 (open → sheet) L_P27_BonnetEdge_End_x98_s06 (open → sheet)
  · #487 L_P27_BonnetEdge_End_x98 surface  deg 3x3  poles 40x6  integral  bounds [0.99 -1.14 0.58]–[1.36 -0.88 0.89]
  ·   ↳ loft of L_P27_BonnetEdge_End_x98_s01 L_P27_BonnetEdge_End_x98_s02 L_P27_BonnetEdge_End_x98_s03 L_P27_BonnetEdge_End_x98_s04 L_P27_BonnetEdge_End_x98_s05 L_P27_BonnetEdge_End_x98_s06  degree 3
> delete L_P27_BonnetEdge_End_x98_s01 L_P27_BonnetEdge_End_x98_s02 L_P27_BonnetEdge_End_x98_s03 L_P27_BonnetEdge_End_x98_s04 L_P27_BonnetEdge_End_x98_s05 L_P27_BonnetEdge_End_x98_s06
  · deleted 6 figure(s)
> tint L_P27_BonnetEdge_End_x98 0.80 0.82 0.86
> spline (0.9868,-1.1180,0.5828) (0.9868,-1.1161,0.5425) (0.9868,-1.1147,0.5022) (0.9868,-1.1119,0.4620) (0.9868,-1.1004,0.4234) (0.9868,-1.0885,0.3849) (0.9868,-1.0769,0.3463) (0.9868,-1.0653,0.3077) --name=L_P28_Leg_x98_s01
  · #488 L_P28_Leg_x98_s01  curve    deg 3  poles 8    integral  length 0.2822  bounds [0.99 -1.12 0.31]–[0.99 -1.07 0.58]
> spline (1.0605,-1.1207,0.5858) (1.0605,-1.1191,0.5352) (1.0605,-1.1178,0.4847) (1.0605,-1.1144,0.4342) (1.0605,-1.1018,0.3852) (1.0605,-1.0877,0.3366) (1.0605,-1.0728,0.2883) (1.0605,-1.0575,0.2401) --name=L_P28_Leg_x98_s02
  · #489 L_P28_Leg_x98_s02  curve    deg 3  poles 8    integral  length 0.3542  bounds [1.06 -1.12 0.24]–[1.06 -1.06 0.59]
> spline (1.1341,-1.1231,0.5862) (1.1341,-1.1220,0.5260) (1.1341,-1.1211,0.4658) (1.1341,-1.1174,0.4058) (1.1341,-1.1046,0.3470) (1.1341,-1.0879,0.2891) (1.1341,-1.0696,0.2317) (1.1341,-1.0509,0.1745) --name=L_P28_Leg_x98_s03
  · #490 L_P28_Leg_x98_s03  curve    deg 3  poles 8    integral  length 0.4215  bounds [1.13 -1.12 0.17]–[1.13 -1.05 0.59]
> spline (1.2077,-1.1255,0.5835) (1.2077,-1.1251,0.5219) (1.2077,-1.1249,0.4603) (1.2077,-1.1238,0.3987) (1.2077,-1.1154,0.3376) (1.2077,-1.1014,0.2776) (1.2077,-1.0847,0.2183) (1.2077,-1.0675,0.1591) --name=L_P28_Leg_x98_s04
  · #491 L_P28_Leg_x98_s04  curve    deg 3  poles 8    integral  length 0.4314  bounds [1.21 -1.13 0.16]–[1.21 -1.07 0.58]
> spline (1.2814,-1.1285,0.5850) (1.2814,-1.1290,0.5237) (1.2814,-1.1294,0.4623) (1.2814,-1.1293,0.4009) (1.2814,-1.1269,0.3396) (1.2814,-1.1191,0.2787) (1.2814,-1.1064,0.2187) (1.2814,-1.0915,0.1591) --name=L_P28_Leg_x98_s05
  · #492 L_P28_Leg_x98_s05  curve    deg 3  poles 8    integral  length 0.4297  bounds [1.28 -1.13 0.16]–[1.28 -1.09 0.58]
> loft L_P28_Leg_x98_s01 L_P28_Leg_x98_s02 L_P28_Leg_x98_s03 L_P28_Leg_x98_s04 L_P28_Leg_x98_s05 --sheet --name=L_P28_Leg_x98
  · loft L_P28_Leg_x98_s01 (open → sheet) L_P28_Leg_x98_s02 (open → sheet) L_P28_Leg_x98_s03 (open → sheet) L_P28_Leg_x98_s04 (open → sheet) L_P28_Leg_x98_s05 (open → sheet)
  · #493 L_P28_Leg_x98      surface  deg 3x3  poles 24x5  integral  bounds [0.99 -1.13 0.13]–[1.28 -1.03 0.59]
  ·   ↳ loft of L_P28_Leg_x98_s01 L_P28_Leg_x98_s02 L_P28_Leg_x98_s03 L_P28_Leg_x98_s04 L_P28_Leg_x98_s05  degree 3
> delete L_P28_Leg_x98_s01 L_P28_Leg_x98_s02 L_P28_Leg_x98_s03 L_P28_Leg_x98_s04 L_P28_Leg_x98_s05
  · deleted 5 figure(s)
> tint L_P28_Leg_x98 0.80 0.82 0.86
> spline (1.3610,-0.0000,1.0140) (1.3610,-0.0607,1.0135) (1.3610,-0.1215,1.0114) (1.3610,-0.1821,1.0077) (1.3610,-0.2426,1.0027) (1.3610,-0.3030,0.9962) (1.3610,-0.3632,0.9879) (1.3610,-0.4232,0.9780) (1.3610,-0.4825,0.9651) (1.3610,-0.5408,0.9481) (1.3610,-0.5982,0.9282) (1.3610,-0.6545,0.9054) (1.3610,-0.7082,0.8770) (1.3610,-0.7575,0.8417) (1.3610,-0.8039,0.8049) (1.3610,-0.8392,0.8516) (1.3610,-0.8832,0.8881) --name=L_P29_Centre_BonnetEdge_x135_s01
  · #494 L_P29_Centre_BonnetEdge_x135_s01 curve    deg 3  poles 17   integral  length 0.9723  bounds [1.36 -0.88 0.76]–[1.36 0.00 1.01]
> spline (1.4362,-0.0000,0.9877) (1.4362,-0.0597,0.9871) (1.4362,-0.1194,0.9848) (1.4362,-0.1791,0.9810) (1.4362,-0.2386,0.9758) (1.4362,-0.2980,0.9691) (1.4362,-0.3571,0.9610) (1.4362,-0.4161,0.9513) (1.4362,-0.4746,0.9390) (1.4362,-0.5322,0.9232) (1.4362,-0.5885,0.9033) (1.4362,-0.6439,0.8810) (1.4362,-0.6973,0.8543) (1.4362,-0.7479,0.8225) (1.4362,-0.7969,0.8079) (1.4362,-0.8294,0.8571) (1.4362,-0.8729,0.8935) --name=L_P29_Centre_BonnetEdge_x135_s02
  · #495 L_P29_Centre_BonnetEdge_x135_s02 curve    deg 3  poles 17   integral  length 0.9510  bounds [1.44 -0.87 0.78]–[1.44 0.00 0.99]
> spline (1.5113,-0.0000,0.9595) (1.5113,-0.0583,0.9588) (1.5113,-0.1165,0.9564) (1.5113,-0.1747,0.9525) (1.5113,-0.2327,0.9471) (1.5113,-0.2907,0.9406) (1.5113,-0.3484,0.9327) (1.5113,-0.4059,0.9231) (1.5113,-0.4631,0.9118) (1.5113,-0.5195,0.8972) (1.5113,-0.5748,0.8786) (1.5113,-0.6288,0.8567) (1.5113,-0.6816,0.8322) (1.5113,-0.7323,0.8034) (1.5113,-0.7794,0.8192) (1.5113,-0.8126,0.8650) (1.5113,-0.8592,0.8986) --name=L_P29_Centre_BonnetEdge_x135_s03
  · #496 L_P29_Centre_BonnetEdge_x135_s03 curve    deg 3  poles 17   integral  length 0.9258  bounds [1.51 -0.86 0.79]–[1.51 0.00 0.96]
> spline (1.5864,-0.0000,0.9286) (1.5864,-0.0559,0.9278) (1.5864,-0.1118,0.9253) (1.5864,-0.1676,0.9213) (1.5864,-0.2234,0.9163) (1.5864,-0.2790,0.9103) (1.5864,-0.3344,0.9027) (1.5864,-0.3896,0.8935) (1.5864,-0.4445,0.8830) (1.5864,-0.4989,0.8699) (1.5864,-0.5525,0.8538) (1.5864,-0.6048,0.8340) (1.5864,-0.6562,0.8119) (1.5864,-0.7063,0.8011) (1.5864,-0.7524,0.8327) (1.5864,-0.7879,0.8729) (1.5864,-0.8360,0.9015) --name=L_P29_Centre_BonnetEdge_x135_s04
  · #497 L_P29_Centre_BonnetEdge_x135_s04 curve    deg 3  poles 17   integral  length 0.8905  bounds [1.59 -0.84 0.79]–[1.59 0.00 0.93]
> spline (1.6615,-0.0000,0.8944) (1.6615,-0.0518,0.8936) (1.6615,-0.1036,0.8913) (1.6615,-0.1553,0.8879) (1.6615,-0.2070,0.8834) (1.6615,-0.2585,0.8779) (1.6615,-0.3099,0.8712) (1.6615,-0.3611,0.8631) (1.6615,-0.4120,0.8532) (1.6615,-0.4626,0.8420) (1.6615,-0.5128,0.8290) (1.6615,-0.5624,0.8141) (1.6615,-0.6112,0.7968) (1.6615,-0.6602,0.8101) (1.6615,-0.6989,0.8415) (1.6615,-0.7420,0.8676) (1.6615,-0.7875,0.8923) --name=L_P29_Centre_BonnetEdge_x135_s05
  · #498 L_P29_Centre_BonnetEdge_x135_s05 curve    deg 3  poles 17   integral  length 0.8260  bounds [1.66 -0.79 0.79]–[1.66 0.00 0.89]
> spline (1.7366,-0.0000,0.8566) (1.7366,-0.0464,0.8559) (1.7366,-0.0927,0.8541) (1.7366,-0.1390,0.8512) (1.7366,-0.1852,0.8473) (1.7366,-0.2313,0.8428) (1.7366,-0.2774,0.8375) (1.7366,-0.3233,0.8309) (1.7366,-0.3690,0.8229) (1.7366,-0.4144,0.8135) (1.7366,-0.4595,0.8028) (1.7366,-0.5049,0.7944) (1.7366,-0.5510,0.7985) (1.7366,-0.5965,0.8075) (1.7366,-0.6325,0.8339) (1.7366,-0.6769,0.8471) (1.7366,-0.7193,0.8659) --name=L_P29_Centre_BonnetEdge_x135_s06
  · #499 L_P29_Centre_BonnetEdge_x135_s06 curve    deg 3  poles 17   integral  length 0.7413  bounds [1.74 -0.72 0.79]–[1.74 0.00 0.87]
> loft L_P29_Centre_BonnetEdge_x135_s01 L_P29_Centre_BonnetEdge_x135_s02 L_P29_Centre_BonnetEdge_x135_s03 L_P29_Centre_BonnetEdge_x135_s04 L_P29_Centre_BonnetEdge_x135_s05 L_P29_Centre_BonnetEdge_x135_s06 --sheet --name=L_P29_Centre_BonnetEdge_x135
  · loft L_P29_Centre_BonnetEdge_x135_s01 (open → sheet) L_P29_Centre_BonnetEdge_x135_s02 (open → sheet) L_P29_Centre_BonnetEdge_x135_s03 (open → sheet) L_P29_Centre_BonnetEdge_x135_s04 (open → sheet) L_P29_Centre_BonnetEdge_x135_s05 (open → sheet) L_P29_Centre_BonnetEdge_x135_s06 (open → sheet)
  · #500 L_P29_Centre_BonnetEdge_x135 surface  deg 3x3  poles 82x6  integral  bounds [1.36 -0.88 0.79]–[1.74 0.00 1.01]
  ·   ↳ loft of L_P29_Centre_BonnetEdge_x135_s01 L_P29_Centre_BonnetEdge_x135_s02 L_P29_Centre_BonnetEdge_x135_s03 L_P29_Centre_BonnetEdge_x135_s04 L_P29_Centre_BonnetEdge_x135_s05 L_P29_Centre_BonnetEdge_x135_s06  degree 3
> delete L_P29_Centre_BonnetEdge_x135_s01 L_P29_Centre_BonnetEdge_x135_s02 L_P29_Centre_BonnetEdge_x135_s03 L_P29_Centre_BonnetEdge_x135_s04 L_P29_Centre_BonnetEdge_x135_s05 L_P29_Centre_BonnetEdge_x135_s06
  · deleted 6 figure(s)
> tint L_P29_Centre_BonnetEdge_x135 0.80 0.82 0.86
> spline (1.3610,-0.8832,0.8881) (1.3610,-0.9180,0.8893) (1.3610,-0.9529,0.8885) (1.3610,-0.9878,0.8863) (1.3610,-1.0225,0.8834) (1.3610,-1.0553,0.8727) (1.3610,-1.0818,0.8504) --name=L_P30_BonnetEdge_End_x135_s01
  · #501 L_P30_BonnetEdge_End_x135_s01 curve    deg 3  poles 7    integral  length 0.2091  bounds [1.36 -1.08 0.85]–[1.36 -0.88 0.89]
> spline (1.4362,-0.8729,0.8935) (1.4362,-0.9111,0.8950) (1.4362,-0.9492,0.8949) (1.4362,-0.9872,0.8919) (1.4362,-1.0251,0.8875) (1.4362,-1.0607,0.8747) (1.4362,-1.0892,0.8498) --name=L_P30_BonnetEdge_End_x135_s02
  · #502 L_P30_BonnetEdge_End_x135_s02 curve    deg 3  poles 7    integral  length 0.2288  bounds [1.44 -1.09 0.85]–[1.44 -0.87 0.90]
> spline (1.5113,-0.8592,0.8986) (1.5113,-0.9018,0.9004) (1.5113,-0.9445,0.9015) (1.5113,-0.9871,0.8983) (1.5113,-1.0294,0.8926) (1.5113,-1.0691,0.8775) (1.5113,-1.1018,0.8504) --name=L_P30_BonnetEdge_End_x135_s03
  · #503 L_P30_BonnetEdge_End_x135_s03 curve    deg 3  poles 7    integral  length 0.2561  bounds [1.51 -1.10 0.85]–[1.51 -0.86 0.90]
> spline (1.5864,-0.8360,0.9015) (1.5864,-0.8863,0.9048) (1.5864,-0.9366,0.9071) (1.5864,-0.9869,0.9043) (1.5864,-1.0367,0.8965) (1.5864,-1.0836,0.8787) (1.5864,-1.1254,0.8507) --name=L_P30_BonnetEdge_End_x135_s04
  · #504 L_P30_BonnetEdge_End_x135_s04 curve    deg 3  poles 7    integral  length 0.3023  bounds [1.59 -1.13 0.85]–[1.59 -0.84 0.91]
> spline (1.6615,-0.7875,0.8923) (1.6615,-0.8484,0.9014) (1.6615,-0.9095,0.9083) (1.6615,-0.9710,0.9086) (1.6615,-1.0320,0.9009) (1.6615,-1.0912,0.8842) (1.6615,-1.1380,0.8514) --name=L_P30_BonnetEdge_End_x135_s05
  · #505 L_P30_BonnetEdge_End_x135_s05 curve    deg 3  poles 7    integral  length 0.3654  bounds [1.66 -1.14 0.85]–[1.66 -0.79 0.91]
> spline (1.7366,-0.7193,0.8659) (1.7366,-0.7895,0.8850) (1.7366,-0.8610,0.8990) (1.7366,-0.9334,0.9060) (1.7366,-1.0061,0.9027) (1.7366,-1.0780,0.8912) (1.7366,-1.1380,0.8597) --name=L_P30_BonnetEdge_End_x135_s06
  · #506 L_P30_BonnetEdge_End_x135_s06 curve    deg 3  poles 7    integral  length 0.4325  bounds [1.74 -1.14 0.86]–[1.74 -0.72 0.91]
> loft L_P30_BonnetEdge_End_x135_s01 L_P30_BonnetEdge_End_x135_s02 L_P30_BonnetEdge_End_x135_s03 L_P30_BonnetEdge_End_x135_s04 L_P30_BonnetEdge_End_x135_s05 L_P30_BonnetEdge_End_x135_s06 --sheet --name=L_P30_BonnetEdge_End_x135
  · loft L_P30_BonnetEdge_End_x135_s01 (open → sheet) L_P30_BonnetEdge_End_x135_s02 (open → sheet) L_P30_BonnetEdge_End_x135_s03 (open → sheet) L_P30_BonnetEdge_End_x135_s04 (open → sheet) L_P30_BonnetEdge_End_x135_s05 (open → sheet) L_P30_BonnetEdge_End_x135_s06 (open → sheet)
  · #507 L_P30_BonnetEdge_End_x135 surface  deg 3x3  poles 22x6  integral  bounds [1.36 -1.14 0.85]–[1.74 -0.72 0.91]
  ·   ↳ loft of L_P30_BonnetEdge_End_x135_s01 L_P30_BonnetEdge_End_x135_s02 L_P30_BonnetEdge_End_x135_s03 L_P30_BonnetEdge_End_x135_s04 L_P30_BonnetEdge_End_x135_s05 L_P30_BonnetEdge_End_x135_s06  degree 3
> delete L_P30_BonnetEdge_End_x135_s01 L_P30_BonnetEdge_End_x135_s02 L_P30_BonnetEdge_End_x135_s03 L_P30_BonnetEdge_End_x135_s04 L_P30_BonnetEdge_End_x135_s05 L_P30_BonnetEdge_End_x135_s06
  · deleted 6 figure(s)
> tint L_P30_BonnetEdge_End_x135 0.80 0.82 0.86
> spline (1.3610,-1.0818,0.8504) (1.3610,-1.1091,0.7933) (1.3610,-1.1262,0.7324) (1.3610,-1.1306,0.6692) (1.3610,-1.1380,0.6064) --name=L_P31_Leg_x136_s01
  · #508 L_P31_Leg_x136_s01 curve    deg 3  poles 5    integral  length 0.2535  bounds [1.36 -1.14 0.61]–[1.36 -1.08 0.85]
> spline (1.4362,-1.0892,0.8498) (1.4362,-1.1062,0.8197) (1.4362,-1.1201,0.7880) (1.4362,-1.1300,0.7549) (1.4362,-1.1380,0.7212) --name=L_P31_Leg_x136_s02
  · #509 L_P31_Leg_x136_s02 curve    deg 3  poles 5    integral  length 0.1384  bounds [1.44 -1.14 0.72]–[1.44 -1.09 0.85]
> spline (1.5113,-1.1018,0.8504) (1.5113,-1.1132,0.8356) (1.5113,-1.1237,0.8200) (1.5113,-1.1321,0.8034) (1.5113,-1.1380,0.7857) --name=L_P31_Leg_x136_s03
  · #510 L_P31_Leg_x136_s03 curve    deg 3  poles 5    integral  length 0.0748  bounds [1.51 -1.14 0.79]–[1.51 -1.10 0.85]
> loft L_P31_Leg_x136_s01 L_P31_Leg_x136_s02 L_P31_Leg_x136_s03 --sheet --name=L_P31_Leg_x136
  · loft L_P31_Leg_x136_s01 (open → sheet) L_P31_Leg_x136_s02 (open → sheet) L_P31_Leg_x136_s03 (open → sheet)
  · #511 L_P31_Leg_x136     surface  deg 3x2  poles 7x3  integral  bounds [1.36 -1.14 0.61]–[1.51 -1.08 0.85]
  ·   ↳ loft of L_P31_Leg_x136_s01 L_P31_Leg_x136_s02 L_P31_Leg_x136_s03  degree 3
> delete L_P31_Leg_x136_s01 L_P31_Leg_x136_s02 L_P31_Leg_x136_s03
  · deleted 3 figure(s)
> tint L_P31_Leg_x136 0.80 0.82 0.86
> spline (1.7426,-0.0000,0.8534) (1.7426,-0.0615,0.8522) (1.7426,-0.1228,0.8491) (1.7426,-0.1841,0.8443) (1.7426,-0.2453,0.8381) (1.7426,-0.3063,0.8303) (1.7426,-0.3669,0.8201) (1.7426,-0.4270,0.8074) (1.7426,-0.4869,0.7941) (1.7426,-0.5481,0.7988) (1.7426,-0.6038,0.8185) (1.7426,-0.6589,0.8408) (1.7426,-0.7158,0.8640) --name=L_P32_Centre_BonnetShoulder_x173_s01
  · #512 L_P32_Centre_BonnetShoulder_x173_s01 curve    deg 3  poles 13   integral  length 0.7334  bounds [1.74 -0.72 0.79]–[1.74 0.00 0.86]
> spline (1.8140,-0.0000,0.8140) (1.8140,-0.0594,0.8131) (1.8140,-0.1187,0.8105) (1.8140,-0.1780,0.8061) (1.8140,-0.2371,0.8003) (1.8140,-0.2961,0.7939) (1.8140,-0.3555,0.7928) (1.8140,-0.4149,0.7933) (1.8140,-0.4729,0.7995) (1.8140,-0.5263,0.8142) (1.8140,-0.5856,0.8172) (1.8140,-0.6436,0.8295) (1.8140,-0.7003,0.8473) --name=L_P32_Centre_BonnetShoulder_x173_s02
  · #513 L_P32_Centre_BonnetShoulder_x173_s02 curve    deg 3  poles 13   integral  length 0.7079  bounds [1.81 -0.70 0.79]–[1.81 0.00 0.85]
> spline (1.8853,-0.0000,0.7899) (1.8853,-0.0576,0.7898) (1.8853,-0.1153,0.7894) (1.8853,-0.1729,0.7887) (1.8853,-0.2305,0.7878) (1.8853,-0.2856,0.8013) (1.8853,-0.3429,0.8026) (1.8853,-0.4005,0.8013) (1.8853,-0.4581,0.8008) (1.8853,-0.5158,0.8005) (1.8853,-0.5734,0.8022) (1.8853,-0.6301,0.8121) (1.8853,-0.6848,0.8300) --name=L_P32_Centre_BonnetShoulder_x173_s03
  · #514 L_P32_Centre_BonnetShoulder_x173_s03 curve    deg 3  poles 13   integral  length 0.6906  bounds [1.89 -0.68 0.78]–[1.89 0.00 0.83]
> spline (1.9567,-0.0000,0.7953) (1.9567,-0.0561,0.7950) (1.9567,-0.1122,0.7941) (1.9567,-0.1683,0.7928) (1.9567,-0.2243,0.7911) (1.9567,-0.2804,0.7893) (1.9567,-0.3365,0.7869) (1.9567,-0.3925,0.7838) (1.9567,-0.4485,0.7821) (1.9567,-0.5046,0.7824) (1.9567,-0.5607,0.7845) (1.9567,-0.6160,0.7933) (1.9567,-0.6693,0.8106) --name=L_P32_Centre_BonnetShoulder_x173_s04
  · #515 L_P32_Centre_BonnetShoulder_x173_s04 curve    deg 3  poles 13   integral  length 0.6731  bounds [1.96 -0.67 0.78]–[1.96 0.00 0.81]
> spline (2.0281,-0.0000,0.7782) (2.0281,-0.0548,0.7778) (2.0281,-0.1096,0.7767) (2.0281,-0.1644,0.7751) (2.0281,-0.2192,0.7726) (2.0281,-0.2739,0.7694) (2.0281,-0.3286,0.7659) (2.0281,-0.3833,0.7630) (2.0281,-0.4381,0.7618) (2.0281,-0.4929,0.7621) (2.0281,-0.5477,0.7634) (2.0281,-0.6019,0.7711) (2.0281,-0.6539,0.7884) --name=L_P32_Centre_BonnetShoulder_x173_s05
  · #516 L_P32_Centre_BonnetShoulder_x173_s05 curve    deg 3  poles 13   integral  length 0.6578  bounds [2.03 -0.65 0.76]–[2.03 0.00 0.79]
> spline (2.0994,-0.0000,0.7587) (2.0994,-0.0535,0.7584) (2.0994,-0.1070,0.7576) (2.0994,-0.1605,0.7562) (2.0994,-0.2139,0.7536) (2.0994,-0.2673,0.7503) (2.0994,-0.3207,0.7463) (2.0994,-0.3740,0.7424) (2.0994,-0.4275,0.7403) (2.0994,-0.4810,0.7402) (2.0994,-0.5345,0.7411) (2.0994,-0.5875,0.7475) (2.0994,-0.6384,0.7640) --name=L_P32_Centre_BonnetShoulder_x173_s06
  · #517 L_P32_Centre_BonnetShoulder_x173_s06 curve    deg 3  poles 13   integral  length 0.6421  bounds [2.10 -0.64 0.74]–[2.10 0.00 0.76]
> loft L_P32_Centre_BonnetShoulder_x173_s01 L_P32_Centre_BonnetShoulder_x173_s02 L_P32_Centre_BonnetShoulder_x173_s03 L_P32_Centre_BonnetShoulder_x173_s04 L_P32_Centre_BonnetShoulder_x173_s05 L_P32_Centre_BonnetShoulder_x173_s06 --sheet --name=L_P32_Centre_BonnetShoulder_x173
  · loft L_P32_Centre_BonnetShoulder_x173_s01 (open → sheet) L_P32_Centre_BonnetShoulder_x173_s02 (open → sheet) L_P32_Centre_BonnetShoulder_x173_s03 (open → sheet) L_P32_Centre_BonnetShoulder_x173_s04 (open → sheet) L_P32_Centre_BonnetShoulder_x173_s05 (open → sheet) L_P32_Centre_BonnetShoulder_x173_s06 (open → sheet)
  · #518 L_P32_Centre_BonnetShoulder_x173 surface  deg 3x3  poles 58x6  integral  bounds [1.74 -0.72 0.74]–[2.10 0.00 0.86]
  ·   ↳ loft of L_P32_Centre_BonnetShoulder_x173_s01 L_P32_Centre_BonnetShoulder_x173_s02 L_P32_Centre_BonnetShoulder_x173_s03 L_P32_Centre_BonnetShoulder_x173_s04 L_P32_Centre_BonnetShoulder_x173_s05 L_P32_Centre_BonnetShoulder_x173_s06  degree 3
> delete L_P32_Centre_BonnetShoulder_x173_s01 L_P32_Centre_BonnetShoulder_x173_s02 L_P32_Centre_BonnetShoulder_x173_s03 L_P32_Centre_BonnetShoulder_x173_s04 L_P32_Centre_BonnetShoulder_x173_s05 L_P32_Centre_BonnetShoulder_x173_s06
  · deleted 6 figure(s)
> tint L_P32_Centre_BonnetShoulder_x173 0.80 0.82 0.86
> spline (1.7426,-0.7158,0.8640) (1.7426,-0.7630,0.8769) (1.7426,-0.8103,0.8893) (1.7426,-0.8585,0.8981) (1.7426,-0.9071,0.9042) (1.7426,-0.9560,0.9054) (1.7426,-1.0048,0.9024) (1.7426,-1.0533,0.8956) (1.7426,-1.1014,0.8863) (1.7426,-1.1380,0.8598) --name=L_P33_BonnetShoulder_End_x173_s01
  · #519 L_P33_BonnetShoulder_End_x173_s01 curve    deg 3  poles 10   integral  length 0.4377  bounds [1.74 -1.14 0.86]–[1.74 -0.72 0.91]
> spline (1.8140,-0.7003,0.8473) (1.8140,-0.7481,0.8646) (1.8140,-0.7969,0.8787) (1.8140,-0.8469,0.8879) (1.8140,-0.8974,0.8944) (1.8140,-0.9482,0.8963) (1.8140,-0.9990,0.8943) (1.8140,-1.0496,0.8894) (1.8140,-1.1000,0.8826) (1.8140,-1.1380,0.8550) --name=L_P33_BonnetShoulder_End_x173_s02
  · #520 L_P33_BonnetShoulder_End_x173_s02 curve    deg 3  poles 10   integral  length 0.4549  bounds [1.81 -1.14 0.85]–[1.81 -0.70 0.90]
> spline (1.8853,-0.6848,0.8300) (1.8853,-0.7323,0.8491) (1.8853,-0.7811,0.8640) (1.8853,-0.8313,0.8735) (1.8853,-0.8821,0.8796) (1.8853,-0.9332,0.8815) (1.8853,-0.9842,0.8787) (1.8853,-1.0350,0.8729) (1.8853,-1.0859,0.8679) (1.8853,-1.1327,0.8520) --name=L_P33_BonnetShoulder_End_x173_s03
  · #521 L_P33_BonnetShoulder_End_x173_s03 curve    deg 3  poles 10   integral  length 0.4588  bounds [1.89 -1.13 0.83]–[1.89 -0.68 0.88]
> spline (1.9567,-0.6693,0.8106) (1.9567,-0.7054,0.8258) (1.9567,-0.7420,0.8397) (1.9567,-0.7797,0.8502) (1.9567,-0.8181,0.8572) (1.9567,-0.8570,0.8615) (1.9567,-0.8961,0.8634) (1.9567,-0.9352,0.8621) (1.9567,-0.9740,0.8572) (1.9567,-1.0125,0.8501) --name=L_P33_BonnetShoulder_End_x173_s04
  · #522 L_P33_BonnetShoulder_End_x173_s04 curve    deg 3  poles 10   integral  length 0.3522  bounds [1.96 -1.01 0.81]–[1.96 -0.67 0.86]
> spline (2.0281,-0.6539,0.7884) (2.0281,-0.7066,0.8111) (2.0281,-0.7611,0.8294) (2.0281,-0.8177,0.8388) (2.0281,-0.8751,0.8402) (2.0281,-0.9322,0.8344) (2.0281,-0.9884,0.8225) (2.0281,-1.0442,0.8088) (2.0281,-1.0995,0.7933) (2.0281,-1.1380,0.7575) --name=L_P33_BonnetShoulder_End_x173_s05
  · #523 L_P33_BonnetShoulder_End_x173_s05 curve    deg 3  poles 10   integral  length 0.5133  bounds [2.03 -1.14 0.76]–[2.03 -0.65 0.84]
> spline (2.0994,-0.6384,0.7640) (2.0994,-0.6954,0.7880) (2.0994,-0.7548,0.8054) (2.0994,-0.8163,0.8123) (2.0994,-0.8781,0.8098) (2.0994,-0.9391,0.7991) (2.0994,-0.9984,0.7813) (2.0994,-1.0553,0.7571) (2.0994,-1.1106,0.7292) (2.0994,-1.1382,0.6767) --name=L_P33_BonnetShoulder_End_x173_s06
  · #524 L_P33_BonnetShoulder_End_x173_s06 curve    deg 3  poles 10   integral  length 0.5569  bounds [2.10 -1.14 0.68]–[2.10 -0.64 0.81]
> loft L_P33_BonnetShoulder_End_x173_s01 L_P33_BonnetShoulder_End_x173_s02 L_P33_BonnetShoulder_End_x173_s03 L_P33_BonnetShoulder_End_x173_s04 L_P33_BonnetShoulder_End_x173_s05 L_P33_BonnetShoulder_End_x173_s06 --sheet --name=L_P33_BonnetShoulder_End_x173
  · loft L_P33_BonnetShoulder_End_x173_s01 (open → sheet) L_P33_BonnetShoulder_End_x173_s02 (open → sheet) L_P33_BonnetShoulder_End_x173_s03 (open → sheet) L_P33_BonnetShoulder_End_x173_s04 (open → sheet) L_P33_BonnetShoulder_End_x173_s05 (open → sheet) L_P33_BonnetShoulder_End_x173_s06 (open → sheet)
  · #525 L_P33_BonnetShoulder_End_x173 surface  deg 3x3  poles 40x6  integral  bounds [1.74 -1.27 0.68]–[2.10 -0.64 0.91]
  ·   ↳ loft of L_P33_BonnetShoulder_End_x173_s01 L_P33_BonnetShoulder_End_x173_s02 L_P33_BonnetShoulder_End_x173_s03 L_P33_BonnetShoulder_End_x173_s04 L_P33_BonnetShoulder_End_x173_s05 L_P33_BonnetShoulder_End_x173_s06  degree 3
> delete L_P33_BonnetShoulder_End_x173_s01 L_P33_BonnetShoulder_End_x173_s02 L_P33_BonnetShoulder_End_x173_s03 L_P33_BonnetShoulder_End_x173_s04 L_P33_BonnetShoulder_End_x173_s05 L_P33_BonnetShoulder_End_x173_s06
  · deleted 6 figure(s)
> tint L_P33_BonnetShoulder_End_x173 0.80 0.82 0.86
> spline (2.1054,-0.0000,0.7573) (2.1054,-0.0534,0.7569) (2.1054,-0.1068,0.7561) (2.1054,-0.1602,0.7547) (2.1054,-0.2135,0.7521) (2.1054,-0.2668,0.7487) (2.1054,-0.3200,0.7447) (2.1054,-0.3733,0.7407) (2.1054,-0.4266,0.7385) (2.1054,-0.4800,0.7384) (2.1054,-0.5334,0.7392) (2.1054,-0.5863,0.7455) (2.1054,-0.6371,0.7619) --name=L_P34_Centre_BonnetShoulder_x210_s01
  · #526 L_P34_Centre_BonnetShoulder_x210_s01 curve    deg 3  poles 13   integral  length 0.6408  bounds [2.11 -0.64 0.74]–[2.11 0.00 0.76]
> spline (2.1870,-0.0000,0.7362) (2.1870,-0.0519,0.7358) (2.1870,-0.1037,0.7348) (2.1870,-0.1556,0.7331) (2.1870,-0.2074,0.7300) (2.1870,-0.2591,0.7261) (2.1870,-0.3107,0.7215) (2.1870,-0.3624,0.7170) (2.1870,-0.4142,0.7143) (2.1870,-0.4661,0.7135) (2.1870,-0.5179,0.7135) (2.1870,-0.5695,0.7182) (2.1870,-0.6194,0.7323) --name=L_P34_Centre_BonnetShoulder_x210_s02
  · #527 L_P34_Centre_BonnetShoulder_x210_s02 curve    deg 3  poles 13   integral  length 0.6225  bounds [2.19 -0.62 0.71]–[2.19 0.00 0.74]
> loft L_P34_Centre_BonnetShoulder_x210_s01 L_P34_Centre_BonnetShoulder_x210_s02 --sheet --name=L_P34_Centre_BonnetShoulder_x210
  · loft L_P34_Centre_BonnetShoulder_x210_s01 (open → sheet) L_P34_Centre_BonnetShoulder_x210_s02 (open → sheet)
  · #528 L_P34_Centre_BonnetShoulder_x210 surface  deg 3x1  poles 22x2  integral  bounds [2.11 -0.64 0.71]–[2.19 0.00 0.76]
  ·   ↳ loft of L_P34_Centre_BonnetShoulder_x210_s01 L_P34_Centre_BonnetShoulder_x210_s02  degree 3
> delete L_P34_Centre_BonnetShoulder_x210_s01 L_P34_Centre_BonnetShoulder_x210_s02
  · deleted 2 figure(s)
> tint L_P34_Centre_BonnetShoulder_x210 0.80 0.82 0.86
> spline (2.1054,-0.6371,0.7619) (2.1054,-0.6920,0.7850) (2.1054,-0.7492,0.8020) (2.1054,-0.8083,0.8095) (2.1054,-0.8679,0.8081) (2.1054,-0.9268,0.7989) (2.1054,-0.9842,0.7828) (2.1054,-0.9849,0.7712) (2.1054,-0.9617,0.7652) (2.1054,-1.0183,0.7466) (2.1054,-1.0624,0.7495) (2.1054,-1.1145,0.7209) (2.1054,-1.1382,0.6678) --name=L_P35_BonnetShoulder_End_x210_s01
  · #529 L_P35_BonnetShoulder_End_x210_s01 curve    deg 3  poles 13   integral  length 0.6439  bounds [2.11 -1.14 0.67]–[2.11 -0.64 0.81]
> spline (2.1870,-0.6194,0.7323) (2.1870,-0.6642,0.7492) (2.1870,-0.7103,0.7620) (2.1870,-0.7575,0.7698) (2.1870,-0.8053,0.7725) (2.1870,-0.8530,0.7699) (2.1870,-0.8430,0.7566) (2.1870,-0.8615,0.7445) (2.1870,-0.9083,0.7343) (2.1870,-0.9546,0.7222) (2.1870,-1.0016,0.7176) (2.1870,-1.0463,0.7033) (2.1870,-1.0682,0.6619) --name=L_P35_BonnetShoulder_End_x210_s02
  · #530 L_P35_BonnetShoulder_End_x210_s02 curve    deg 3  poles 13   integral  length 0.5310  bounds [2.19 -1.07 0.66]–[2.19 -0.62 0.79]
> loft L_P35_BonnetShoulder_End_x210_s01 L_P35_BonnetShoulder_End_x210_s02 --sheet --name=L_P35_BonnetShoulder_End_x210
  · loft L_P35_BonnetShoulder_End_x210_s01 (open → sheet) L_P35_BonnetShoulder_End_x210_s02 (open → sheet)
  · #531 L_P35_BonnetShoulder_End_x210 surface  deg 3x1  poles 22x2  integral  bounds [2.11 -1.14 0.66]–[2.19 -0.62 0.81]
  ·   ↳ loft of L_P35_BonnetShoulder_End_x210_s01 L_P35_BonnetShoulder_End_x210_s02  degree 3
> delete L_P35_BonnetShoulder_End_x210_s01 L_P35_BonnetShoulder_End_x210_s02
  · deleted 2 figure(s)
> tint L_P35_BonnetShoulder_End_x210 0.80 0.82 0.86
> spline (2.1930,-0.0000,0.7345) (2.1930,-0.0565,0.7340) (2.1930,-0.1129,0.7328) (2.1930,-0.1693,0.7306) (2.1930,-0.2257,0.7269) (2.1930,-0.2819,0.7223) (2.1930,-0.3382,0.7172) (2.1930,-0.3945,0.7132) (2.1930,-0.4509,0.7117) (2.1930,-0.5074,0.7115) (2.1930,-0.5636,0.7153) (2.1930,-0.6181,0.7301) --name=L_P36_Centre_BonnetShoulder_x219_s01
  · #532 L_P36_Centre_BonnetShoulder_x219_s01 curve    deg 3  poles 12   integral  length 0.6212  bounds [2.19 -0.62 0.71]–[2.19 0.00 0.73]
> spline (2.2590,-0.0000,0.7141) (2.2590,-0.0551,0.7136) (2.2590,-0.1102,0.7124) (2.2590,-0.1653,0.7102) (2.2590,-0.2202,0.7065) (2.2590,-0.2751,0.7018) (2.2590,-0.3300,0.6966) (2.2590,-0.3849,0.6922) (2.2590,-0.4400,0.6902) (2.2590,-0.4951,0.6899) (2.2590,-0.5501,0.6927) (2.2590,-0.6038,0.7048) --name=L_P36_Centre_BonnetShoulder_x219_s02
  · #533 L_P36_Centre_BonnetShoulder_x219_s02 curve    deg 3  poles 12   integral  length 0.6062  bounds [2.26 -0.60 0.69]–[2.26 0.00 0.71]
> spline (2.3250,-0.0000,0.6898) (2.3250,-0.0537,0.6892) (2.3250,-0.1075,0.6880) (2.3250,-0.1612,0.6858) (2.3250,-0.2148,0.6822) (2.3250,-0.2684,0.6776) (2.3250,-0.3219,0.6729) (2.3250,-0.3755,0.6689) (2.3250,-0.4292,0.6670) (2.3250,-0.4830,0.6667) (2.3250,-0.5367,0.6684) (2.3250,-0.5895,0.6779) --name=L_P36_Centre_BonnetShoulder_x219_s03
  · #534 L_P36_Centre_BonnetShoulder_x219_s03 curve    deg 3  poles 12   integral  length 0.5913  bounds [2.32 -0.59 0.67]–[2.33 0.00 0.69]
> spline (2.3910,-0.0000,0.6615) (2.3910,-0.0524,0.6610) (2.3910,-0.1049,0.6600) (2.3910,-0.1573,0.6581) (2.3910,-0.2096,0.6548) (2.3910,-0.2619,0.6509) (2.3910,-0.3142,0.6468) (2.3910,-0.3665,0.6434) (2.3910,-0.4189,0.6416) (2.3910,-0.4713,0.6406) (2.3910,-0.5237,0.6410) (2.3910,-0.5757,0.6476) --name=L_P36_Centre_BonnetShoulder_x219_s04
  · #535 L_P36_Centre_BonnetShoulder_x219_s04 curve    deg 3  poles 12   integral  length 0.5768  bounds [2.39 -0.58 0.64]–[2.39 0.00 0.66]
> spline (2.4570,-0.0000,0.6301) (2.4570,-0.0511,0.6297) (2.4570,-0.1022,0.6288) (2.4570,-0.1532,0.6274) (2.4570,-0.2042,0.6249) (2.4570,-0.2552,0.6218) (2.4570,-0.3062,0.6187) (2.4570,-0.3572,0.6158) (2.4570,-0.4083,0.6137) (2.4570,-0.4593,0.6121) (2.4570,-0.5104,0.6115) (2.4570,-0.5613,0.6157) --name=L_P36_Centre_BonnetShoulder_x219_s05
  · #536 L_P36_Centre_BonnetShoulder_x219_s05 curve    deg 3  poles 12   integral  length 0.5620  bounds [2.46 -0.56 0.61]–[2.46 0.00 0.63]
> loft L_P36_Centre_BonnetShoulder_x219_s01 L_P36_Centre_BonnetShoulder_x219_s02 L_P36_Centre_BonnetShoulder_x219_s03 L_P36_Centre_BonnetShoulder_x219_s04 L_P36_Centre_BonnetShoulder_x219_s05 --sheet --name=L_P36_Centre_BonnetShoulder_x219
  · loft L_P36_Centre_BonnetShoulder_x219_s01 (open → sheet) L_P36_Centre_BonnetShoulder_x219_s02 (open → sheet) L_P36_Centre_BonnetShoulder_x219_s03 (open → sheet) L_P36_Centre_BonnetShoulder_x219_s04 (open → sheet) L_P36_Centre_BonnetShoulder_x219_s05 (open → sheet)
  · #537 L_P36_Centre_BonnetShoulder_x219 surface  deg 3x3  poles 44x5  integral  bounds [2.19 -0.62 0.61]–[2.46 0.00 0.73]
  ·   ↳ loft of L_P36_Centre_BonnetShoulder_x219_s01 L_P36_Centre_BonnetShoulder_x219_s02 L_P36_Centre_BonnetShoulder_x219_s03 L_P36_Centre_BonnetShoulder_x219_s04 L_P36_Centre_BonnetShoulder_x219_s05  degree 3
> delete L_P36_Centre_BonnetShoulder_x219_s01 L_P36_Centre_BonnetShoulder_x219_s02 L_P36_Centre_BonnetShoulder_x219_s03 L_P36_Centre_BonnetShoulder_x219_s04 L_P36_Centre_BonnetShoulder_x219_s05
  · deleted 5 figure(s)
> tint L_P36_Centre_BonnetShoulder_x219 0.80 0.82 0.86
> spline (2.1930,-0.6181,0.7301) (2.1930,-0.7315,0.7636) (2.1930,-0.8496,0.7672) (2.1930,-0.8778,0.7376) (2.1930,-0.9937,0.7159) (2.1930,-1.0679,0.6424) (2.1930,-1.0990,0.5281) (2.1930,-1.1028,0.4113) (2.1930,-1.0360,0.3154) (2.1930,-0.9520,0.2326) (2.1930,-0.9436,0.3457) (2.1930,-0.9436,0.4642) (2.1930,-0.9441,0.5828) --name=L_P37_BonnetShoulder_End_x219_s01
  · #538 L_P37_BonnetShoulder_End_x219_s01 curve    deg 3  poles 13   integral  length 1.3460  bounds [2.19 -1.12 0.18]–[2.19 -0.62 0.85]
> spline (2.2590,-0.6038,0.7048) (2.2590,-0.6725,0.7240) (2.2590,-0.7432,0.7337) (2.2590,-0.7741,0.7234) (2.2590,-0.8219,0.7069) (2.2590,-0.8924,0.6957) (2.2590,-0.9634,0.6964) (2.2590,-1.0039,0.6481) (2.2590,-1.0013,0.5768) (2.2590,-0.9853,0.5074) (2.2590,-0.9507,0.4451) (2.2590,-0.9446,0.5085) (2.2590,-0.9446,0.5799) --name=L_P37_BonnetShoulder_End_x219_s02
  · #539 L_P37_BonnetShoulder_End_x219_s02 curve    deg 3  poles 13   integral  length 0.7893  bounds [2.26 -1.02 0.38]–[2.26 -0.60 0.75]
> spline (2.3250,-0.5895,0.6779) (2.3250,-0.6296,0.6866) (2.3250,-0.6702,0.6921) (2.3250,-0.7110,0.6957) (2.3250,-0.7519,0.6967) (2.3250,-0.7574,0.6723) (2.3250,-0.7982,0.6709) (2.3250,-0.8389,0.6757) (2.3250,-0.8797,0.6772) (2.3250,-0.9194,0.6674) (2.3250,-0.9409,0.6434) (2.3250,-0.9218,0.6071) (2.3250,-0.8992,0.5730) --name=L_P37_BonnetShoulder_End_x219_s03
  · #540 L_P37_BonnetShoulder_End_x219_s03 curve    deg 3  poles 13   integral  length 0.4770  bounds [2.32 -0.96 0.57]–[2.33 -0.59 0.71]
> spline (2.3910,-0.5757,0.6476) (2.3910,-0.6041,0.6517) (2.3910,-0.6326,0.6547) (2.3910,-0.6613,0.6562) (2.3910,-0.6900,0.6564) (2.3910,-0.7186,0.6553) (2.3910,-0.7454,0.6507) (2.3910,-0.7739,0.6490) (2.3910,-0.8022,0.6445) (2.3910,-0.8297,0.6363) (2.3910,-0.8306,0.6171) (2.3910,-0.8122,0.5951) (2.3910,-0.7932,0.5736) --name=L_P37_BonnetShoulder_End_x219_s04
  · #541 L_P37_BonnetShoulder_End_x219_s04 curve    deg 3  poles 13   integral  length 0.3357  bounds [2.39 -0.83 0.57]–[2.39 -0.58 0.66]
> spline (2.4570,-0.5613,0.6157) (2.4570,-0.5776,0.6171) (2.4570,-0.5939,0.6182) (2.4570,-0.6103,0.6189) (2.4570,-0.6266,0.6192) (2.4570,-0.6430,0.6181) (2.4570,-0.6593,0.6169) (2.4570,-0.6756,0.6153) (2.4570,-0.6915,0.6118) (2.4570,-0.7071,0.6067) (2.4570,-0.7109,0.5974) (2.4570,-0.6997,0.5855) (2.4570,-0.6883,0.5737) --name=L_P37_BonnetShoulder_End_x219_s05
  · #542 L_P37_BonnetShoulder_End_x219_s05 curve    deg 3  poles 13   integral  length 0.1922  bounds [2.46 -0.72 0.57]–[2.46 -0.56 0.62]
> loft L_P37_BonnetShoulder_End_x219_s01 L_P37_BonnetShoulder_End_x219_s02 L_P37_BonnetShoulder_End_x219_s03 L_P37_BonnetShoulder_End_x219_s04 L_P37_BonnetShoulder_End_x219_s05 --sheet --name=L_P37_BonnetShoulder_End_x219
  · loft L_P37_BonnetShoulder_End_x219_s01 (open → sheet) L_P37_BonnetShoulder_End_x219_s02 (open → sheet) L_P37_BonnetShoulder_End_x219_s03 (open → sheet) L_P37_BonnetShoulder_End_x219_s04 (open → sheet) L_P37_BonnetShoulder_End_x219_s05 (open → sheet)
  · #543 L_P37_BonnetShoulder_End_x219 surface  deg 3x3  poles 49x5  integral  bounds [2.19 -1.16 0.17]–[2.46 -0.56 0.87]
  ·   ↳ loft of L_P37_BonnetShoulder_End_x219_s01 L_P37_BonnetShoulder_End_x219_s02 L_P37_BonnetShoulder_End_x219_s03 L_P37_BonnetShoulder_End_x219_s04 L_P37_BonnetShoulder_End_x219_s05  degree 3
> delete L_P37_BonnetShoulder_End_x219_s01 L_P37_BonnetShoulder_End_x219_s02 L_P37_BonnetShoulder_End_x219_s03 L_P37_BonnetShoulder_End_x219_s04 L_P37_BonnetShoulder_End_x219_s05
  · deleted 5 figure(s)
> tint L_P37_BonnetShoulder_End_x219 0.80 0.82 0.86
> spline (2.3910,-0.7932,0.5736) (2.3910,-0.7793,0.5586) (2.3910,-0.7654,0.5437) (2.3910,-0.7513,0.5289) --name=L_P38_Leg_x239_s01
  · #544 L_P38_Leg_x239_s01 curve    deg 3  poles 4    integral  length 0.0613  bounds [2.39 -0.79 0.53]–[2.39 -0.75 0.57]
> spline (2.4570,-0.6883,0.5737) (2.4570,-0.6606,0.5453) (2.4570,-0.6324,0.5173) (2.4570,-0.6025,0.4913) --name=L_P38_Leg_x239_s02
  · #545 L_P38_Leg_x239_s02 curve    deg 3  poles 4    integral  length 0.1191  bounds [2.46 -0.69 0.49]–[2.46 -0.60 0.57]
> loft L_P38_Leg_x239_s01 L_P38_Leg_x239_s02 --sheet --name=L_P38_Leg_x239
  · loft L_P38_Leg_x239_s01 (open → sheet) L_P38_Leg_x239_s02 (open → sheet)
  · #546 L_P38_Leg_x239     surface  deg 3x1  poles 4x2  integral  bounds [2.39 -0.79 0.49]–[2.46 -0.60 0.57]
  ·   ↳ loft of L_P38_Leg_x239_s01 L_P38_Leg_x239_s02  degree 3
> delete L_P38_Leg_x239_s01 L_P38_Leg_x239_s02
  · deleted 2 figure(s)
> tint L_P38_Leg_x239 0.80 0.82 0.86
── /home/user/Slate/Frontier/Projects/Project-Drive/Content/Vehicles/Liger/Liger_Body_Panels.arc: 778 line(s), 0 refusal(s)
  · opened /home/user/Slate/Frontier/Projects/Project-Drive/Content/Vehicles/Liger/Liger_Body_Panels.arc  ·  76 figure(s)  ·  699 command(s)

Exit: 0

$ /home/user/Slate/_AgentScratch/build/SolidArcIntegration/SolidArc --proofs /home/user/Slate/_AgentScratch/build/SolidArcIntegration/renders -c open "/home/user/Slate/Frontier/Projects/Project-Drive/Content/Vehicles/Liger/Liger_Body_SideR.arc"
> open /home/user/Slate/Frontier/Projects/Project-Drive/Content/Vehicles/Liger/Liger_Body_SideR.arc
── script /home/user/Slate/Frontier/Projects/Project-Drive/Content/Vehicles/Liger/Liger_Body_SideR.arc
> show shading plastic
  · shading plastic
> spline (-1.5095,0.2225,0.9033) (-1.4084,0.2299,0.9147) (-1.3073,0.2399,0.9303) (-1.2062,0.2501,0.9459) (-1.1051,0.2603,0.9615) (-1.0040,0.2704,0.9764) (-0.9029,0.2799,0.9912) (-0.8019,0.2885,1.0065) (-0.7008,0.2967,1.0221) (-0.5997,0.3048,1.0378) (-0.4986,0.3129,1.0536) (-0.3975,0.3209,1.0694) (-0.2964,0.3289,1.0851) (-0.1953,0.3370,1.0997) (-0.0942,0.3450,1.1131) (0.0069,0.3530,1.1264) --name=R_Deck_Step_c1
  · #1   R_Deck_Step_c1     curve    deg 3  poles 16   integral  length 1.5385  bounds [-1.51 0.22 0.90]–[0.01 0.35 1.13]
> spline (-1.5095,0.2332,0.9017) (-1.4084,0.2411,0.9130) (-1.3073,0.2520,0.9286) (-1.2062,0.2630,0.9443) (-1.1051,0.2740,0.9599) (-1.0040,0.2850,0.9748) (-0.9029,0.2953,0.9896) (-0.8019,0.3045,1.0050) (-0.7008,0.3134,1.0206) (-0.5997,0.3222,1.0363) (-0.4986,0.3309,1.0521) (-0.3975,0.3396,1.0679) (-0.2964,0.3483,1.0837) (-0.1953,0.3569,1.0985) (-0.0942,0.3656,1.1124) (0.0069,0.3743,1.1249) --name=R_Deck_Step_c2
  · #2   R_Deck_Step_c2     curve    deg 3  poles 16   integral  length 1.5395  bounds [-1.51 0.23 0.90]–[0.01 0.37 1.12]
> loft R_Deck_Step_c1 R_Deck_Step_c2 --sheet --name=R_Deck_Step
  · loft R_Deck_Step_c1 (open → sheet) R_Deck_Step_c2 (open → sheet)
  · #3   R_Deck_Step        surface  deg 3x1  poles 28x2  integral  bounds [-1.51 0.22 0.90]–[0.01 0.37 1.13]
  ·   ↳ loft of R_Deck_Step_c1 R_Deck_Step_c2  degree 3
> delete R_Deck_Step_c1 R_Deck_Step_c2
  · deleted 2 figure(s)
> tint R_Deck_Step 0.80 0.82 0.86
> spline (-1.5095,0.2332,0.9017) (-1.4084,0.2411,0.9130) (-1.3073,0.2520,0.9286) (-1.2062,0.2630,0.9443) (-1.1051,0.2740,0.9599) (-1.0040,0.2850,0.9748) (-0.9029,0.2953,0.9896) (-0.8019,0.3045,1.0050) (-0.7008,0.3134,1.0206) (-0.5997,0.3222,1.0363) (-0.4986,0.3309,1.0521) (-0.3975,0.3396,1.0679) (-0.2964,0.3483,1.0837) (-0.1953,0.3569,1.0985) (-0.0942,0.3656,1.1124) (0.0069,0.3743,1.1249) --name=R_Deck_Ledge_c1
  · #4   R_Deck_Ledge_c1    curve    deg 3  poles 16   integral  length 1.5395  bounds [-1.51 0.23 0.90]–[0.01 0.37 1.12]
> spline (-1.5095,0.3713,0.8563) (-1.4084,0.3869,0.8652) (-1.3073,0.4075,0.8770) (-1.2062,0.4290,0.8894) (-1.1051,0.4512,0.9021) (-1.0040,0.4734,0.9147) (-0.9029,0.4956,0.9274) (-0.8019,0.5178,0.9401) (-0.7008,0.5399,0.9528) (-0.5997,0.5621,0.9655) (-0.4986,0.5843,0.9782) (-0.3975,0.6065,0.9909) (-0.2964,0.6287,1.0036) (-0.1953,0.6499,1.0163) (-0.0942,0.6666,1.0289) (0.0069,0.6811,1.0414) --name=R_Deck_Ledge_c2
  · #5   R_Deck_Ledge_c2    curve    deg 3  poles 16   integral  length 1.5593  bounds [-1.51 0.37 0.86]–[0.01 0.68 1.04]
> loft R_Deck_Ledge_c1 R_Deck_Ledge_c2 --sheet --name=R_Deck_Ledge
  · loft R_Deck_Ledge_c1 (open → sheet) R_Deck_Ledge_c2 (open → sheet)
  · #6   R_Deck_Ledge       surface  deg 3x1  poles 28x2  integral  bounds [-1.51 0.23 0.86]–[0.01 0.68 1.12]
  ·   ↳ loft of R_Deck_Ledge_c1 R_Deck_Ledge_c2  degree 3
> delete R_Deck_Ledge_c1 R_Deck_Ledge_c2
  · deleted 2 figure(s)
> tint R_Deck_Ledge 0.80 0.82 0.86
> spline (-1.3916,0.3897,0.8669) (-1.2981,0.4094,0.8781) (-1.2047,0.4294,0.8896) (-1.1112,0.4499,0.9013) (-1.0177,0.4704,0.9130) (-0.9243,0.4909,0.9248) (-0.8308,0.5114,0.9365) (-0.7374,0.5319,0.9482) (-0.6439,0.5524,0.9600) (-0.5505,0.5729,0.9717) (-0.4570,0.5934,0.9834) (-0.3636,0.6140,0.9952) (-0.2701,0.6344,1.0069) (-0.1766,0.6534,1.0186) (-0.0832,0.6682,1.0302) (0.0103,0.6815,1.0418) --name=R_Deck_Outer_c1
  · #7   R_Deck_Outer_c1    curve    deg 3  poles 16   integral  length 1.4430  bounds [-1.39 0.39 0.87]–[0.01 0.68 1.04]
> spline (-1.3916,0.5591,0.8474) (-1.2981,0.5834,0.8418) (-1.2047,0.6000,0.8401) (-1.1112,0.6155,0.8414) (-1.0177,0.6310,0.8430) (-0.9243,0.6465,0.8447) (-0.8308,0.6620,0.8465) (-0.7374,0.6775,0.8482) (-0.6439,0.6929,0.8499) (-0.5505,0.7084,0.8517) (-0.4570,0.7239,0.8534) (-0.3636,0.7394,0.8554) (-0.2701,0.7542,0.8605) (-0.1766,0.7690,0.8657) (-0.0832,0.7832,0.8707) (0.0103,0.7973,0.8757) --name=R_Deck_Outer_c2
  · #8   R_Deck_Outer_c2    curve    deg 3  poles 16   integral  length 1.4233  bounds [-1.39 0.56 0.84]–[0.01 0.80 0.88]
> loft R_Deck_Outer_c1 R_Deck_Outer_c2 --sheet --name=R_Deck_Outer
  · loft R_Deck_Outer_c1 (open → sheet) R_Deck_Outer_c2 (open → sheet)
  · #9   R_Deck_Outer       surface  deg 3x1  poles 28x2  integral  bounds [-1.39 0.39 0.84]–[0.01 0.80 1.04]
  ·   ↳ loft of R_Deck_Outer_c1 R_Deck_Outer_c2  degree 3
> delete R_Deck_Outer_c1 R_Deck_Outer_c2
  · deleted 2 figure(s)
> tint R_Deck_Outer 0.80 0.82 0.86
> spline (-1.2299,0.5958,0.8397) (-1.1404,0.6107,0.8410) (-1.0508,0.6255,0.8424) (-0.9613,0.6404,0.8440) (-0.8717,0.6552,0.8457) (-0.7822,0.6700,0.8474) (-0.6926,0.6849,0.8490) (-0.6031,0.6997,0.8507) (-0.5135,0.7146,0.8524) (-0.4240,0.7294,0.8541) (-0.3344,0.7440,0.8570) (-0.2449,0.7582,0.8619) (-0.1553,0.7723,0.8669) (-0.0658,0.7858,0.8717) (0.0238,0.7993,0.8764) (0.1133,0.8128,0.8811) --name=R_Rear_Shoulder_c1
  · #10  R_Rear_Shoulder_c1 curve    deg 3  poles 16   integral  length 1.3615  bounds [-1.23 0.60 0.84]–[0.11 0.81 0.88]
> spline (-1.2299,0.8877,1.0013) (-1.1404,0.8878,0.9967) (-1.0508,0.8879,0.9921) (-0.9613,0.8879,0.9875) (-0.8717,0.8880,0.9791) (-0.7822,0.8882,0.9607) (-0.6926,0.8884,0.9422) (-0.6031,0.8886,0.9238) (-0.5135,0.8890,0.9102) (-0.4240,0.8896,0.8982) (-0.3344,0.8903,0.8883) (-0.2449,0.8916,0.8840) (-0.1553,0.8929,0.8797) (-0.0658,0.8941,0.8754) (0.0238,0.8954,0.8711) (0.1133,0.8967,0.8668) --name=R_Rear_Shoulder_c2
  · #11  R_Rear_Shoulder_c2 curve    deg 3  poles 16   integral  length 1.3526  bounds [-1.23 0.89 0.87]–[0.11 0.90 1.00]
> loft R_Rear_Shoulder_c1 R_Rear_Shoulder_c2 --sheet --name=R_Rear_Shoulder
  · loft R_Rear_Shoulder_c1 (open → sheet) R_Rear_Shoulder_c2 (open → sheet)
  · #12  R_Rear_Shoulder    surface  deg 3x1  poles 28x2  integral  bounds [-1.23 0.60 0.84]–[0.11 0.90 1.00]
  ·   ↳ loft of R_Rear_Shoulder_c1 R_Rear_Shoulder_c2  degree 3
> delete R_Rear_Shoulder_c1 R_Rear_Shoulder_c2
  · deleted 2 figure(s)
> tint R_Rear_Shoulder 0.80 0.82 0.86
> spline (-1.2203,0.8877,1.0009) (-1.1303,0.8878,0.9962) (-1.0403,0.8879,0.9916) (-0.9503,0.8880,0.9870) (-0.8603,0.8881,0.9768) (-0.7703,0.8882,0.9582) (-0.6804,0.8884,0.9397) (-0.5904,0.8886,0.9212) (-0.5004,0.8891,0.9085) (-0.4104,0.8896,0.8964) (-0.3204,0.8905,0.8877) (-0.2305,0.8918,0.8833) (-0.1405,0.8931,0.8790) (-0.0505,0.8944,0.8747) (0.0395,0.8956,0.8703) (0.1295,0.8969,0.8660) --name=R_Quarter_Top_c1
  · #13  R_Quarter_Top_c1   curve    deg 3  poles 16   integral  length 1.3592  bounds [-1.22 0.89 0.87]–[0.13 0.90 1.00]
> spline (-1.2203,1.0021,0.9997) (-1.1303,0.9920,1.0063) (-1.0403,0.9924,1.0045) (-0.9503,0.9926,1.0007) (-0.8603,0.9926,0.9881) (-0.7703,0.9926,0.9747) (-0.6804,0.9927,0.9590) (-0.5904,0.9940,0.9415) (-0.5004,0.9955,0.9238) (-0.4104,0.9970,0.9062) (-0.3204,0.9987,0.8931) (-0.2305,1.0011,0.8881) (-0.1405,1.0034,0.8832) (-0.0505,1.0058,0.8783) (0.0395,1.0084,0.8738) (0.1295,1.0130,0.8717) --name=R_Quarter_Top_c2
  · #14  R_Quarter_Top_c2   curve    deg 3  poles 16   integral  length 1.3612  bounds [-1.22 0.99 0.87]–[0.13 1.01 1.01]
> loft R_Quarter_Top_c1 R_Quarter_Top_c2 --sheet --name=R_Quarter_Top
  · loft R_Quarter_Top_c1 (open → sheet) R_Quarter_Top_c2 (open → sheet)
  · #15  R_Quarter_Top      surface  deg 3x1  poles 28x2  integral  bounds [-1.22 0.89 0.87]–[0.13 1.01 1.01]
  ·   ↳ loft of R_Quarter_Top_c1 R_Quarter_Top_c2  degree 3
> delete R_Quarter_Top_c1 R_Quarter_Top_c2
  · deleted 2 figure(s)
> tint R_Quarter_Top 0.80 0.82 0.86
> spline (-1.4238,0.9516,0.9869) (-1.4848,0.9266,0.9829) (-1.5127,0.9113,0.9806) (-1.5085,0.9136,0.9809) (-1.4572,0.9403,0.9850) (-1.3805,0.9655,0.9891) (-1.2680,0.9828,0.9982) (-1.1468,0.9906,1.0064) (-1.0166,0.9915,1.0048) (-0.8895,0.9916,0.9925) (-0.7836,0.9916,0.9778) (-0.6973,0.9917,0.9623) (-0.6451,0.9918,0.9522) (-0.6375,0.9918,0.9506) (-0.6614,0.9917,0.9557) (-0.7137,0.9917,0.9653) --name=R_Quarter_Panel_c1
  · #16  R_Quarter_Panel_c1 curve    deg 3  poles 16   integral  length 1.1755  bounds [-1.57 0.88 0.94]–[-0.58 1.01 1.01]
> spline (-1.4238,1.1611,0.6046) (-1.4848,1.1309,0.6491) (-1.5127,1.1042,0.6989) (-1.5085,1.0883,0.7877) (-1.4572,1.0775,0.8625) (-1.3805,1.0902,0.9073) (-1.2680,1.0972,0.9412) (-1.1468,1.0917,0.9690) (-1.0166,1.0928,0.9687) (-0.8895,1.0956,0.9442) (-0.7836,1.1092,0.8968) (-0.6973,1.1223,0.8343) (-0.6451,1.1344,0.7772) (-0.6375,1.1499,0.6941) (-0.6614,1.1604,0.6224) (-0.7137,1.1611,0.5888) --name=R_Quarter_Panel_c2
  · #17  R_Quarter_Panel_c2 curve    deg 3  poles 16   integral  length 1.4532  bounds [-1.52 1.07 0.59]–[-0.63 1.16 0.98]
> spline (-1.4238,1.1611,0.1568) (-1.4848,1.1611,0.2730) (-1.5127,1.1611,0.4006) (-1.5085,1.1611,0.5311) (-1.4572,1.1611,0.6512) (-1.3805,1.1611,0.7569) (-1.2680,1.1611,0.8229) (-1.1468,1.1611,0.8699) (-1.0166,1.1611,0.8701) (-0.8895,1.1611,0.8393) (-0.7836,1.1611,0.7625) (-0.6973,1.1611,0.6648) (-0.6451,1.1611,0.5459) (-0.6375,1.1611,0.4155) (-0.6614,1.1611,0.2873) (-0.7137,1.1596,0.1669) --name=R_Quarter_Panel_c3
  · #18  R_Quarter_Panel_c3 curve    deg 3  poles 16   integral  length 1.9654  bounds [-1.52 1.16 0.16]–[-0.63 1.16 0.88]
> loft R_Quarter_Panel_c1 R_Quarter_Panel_c2 R_Quarter_Panel_c3 --sheet --name=R_Quarter_Panel
  · loft R_Quarter_Panel_c1 (open → sheet) R_Quarter_Panel_c2 (open → sheet) R_Quarter_Panel_c3 (open → sheet)
  · #19  R_Quarter_Panel    surface  deg 3x2  poles 40x3  integral  bounds [-1.56 0.89 0.16]–[-0.58 1.29 1.01]
  ·   ↳ loft of R_Quarter_Panel_c1 R_Quarter_Panel_c2 R_Quarter_Panel_c3  degree 3
> delete R_Quarter_Panel_c1 R_Quarter_Panel_c2 R_Quarter_Panel_c3
  · deleted 3 figure(s)
> tint R_Quarter_Panel 0.80 0.82 0.86
> spline (-0.6015,0.9938,0.9437) (-0.5527,0.9946,0.9341) (-0.5038,0.9954,0.9245) (-0.4550,0.9962,0.9149) (-0.4061,0.9970,0.9053) (-0.3572,0.9978,0.8958) (-0.3084,0.9991,0.8924) (-0.2595,1.0003,0.8897) (-0.2107,1.0016,0.8870) (-0.1618,1.0029,0.8844) (-0.1130,1.0041,0.8817) (-0.0641,1.0054,0.8790) (-0.0153,1.0067,0.8763) (0.0336,1.0081,0.8739) (0.0824,1.0106,0.8728) (0.1313,1.0131,0.8717) --name=R_Quarter_Sill_c1
  · #20  R_Quarter_Sill_c1  curve    deg 3  poles 16   integral  length 0.7384  bounds [-0.60 0.99 0.87]–[0.13 1.01 0.94]
> spline (-0.6015,1.1207,0.7991) (-0.5527,1.1180,0.7951) (-0.5038,1.1238,0.7686) (-0.4550,1.1212,0.7669) (-0.4061,1.1191,0.7652) (-0.3572,1.1173,0.7635) (-0.3084,1.1173,0.7635) (-0.2595,1.1160,0.7618) (-0.2107,1.1150,0.7602) (-0.1618,1.1144,0.7589) (-0.1130,1.1141,0.7577) (-0.0641,1.1139,0.7566) (-0.0153,1.1139,0.7556) (0.0336,1.1209,0.7215) (0.0824,1.1206,0.7209) (0.1313,1.1175,0.7364) --name=R_Quarter_Sill_c2
  · #21  R_Quarter_Sill_c2  curve    deg 3  poles 16   integral  length 0.7583  bounds [-0.60 1.11 0.70]–[0.13 1.13 0.82]
> spline (-0.6015,1.1570,0.6030) (-0.5527,1.1480,0.6017) (-0.5038,1.1427,0.6004) (-0.4550,1.1375,0.5991) (-0.4061,1.1326,0.5978) (-0.3572,1.1288,0.5965) (-0.3084,1.1255,0.5951) (-0.2595,1.1225,0.5934) (-0.2107,1.1199,0.5917) (-0.1618,1.1176,0.5897) (-0.1130,1.1166,0.5869) (-0.0641,1.1158,0.5840) (-0.0153,1.1150,0.5811) (0.0336,1.1142,0.5782) (0.0824,1.1134,0.5753) (0.1313,1.1126,0.5724) --name=R_Quarter_Sill_c3
  · #22  R_Quarter_Sill_c3  curve    deg 3  poles 16   integral  length 0.7357  bounds [-0.60 1.11 0.57]–[0.13 1.16 0.60]
> loft R_Quarter_Sill_c1 R_Quarter_Sill_c2 R_Quarter_Sill_c3 --sheet --name=R_Quarter_Sill
  · loft R_Quarter_Sill_c1 (open → sheet) R_Quarter_Sill_c2 (open → sheet) R_Quarter_Sill_c3 (open → sheet)
  · #23  R_Quarter_Sill     surface  deg 3x2  poles 40x3  integral  bounds [-0.60 0.99 0.57]–[0.13 1.18 0.94]
  ·   ↳ loft of R_Quarter_Sill_c1 R_Quarter_Sill_c2 R_Quarter_Sill_c3  degree 3
> delete R_Quarter_Sill_c1 R_Quarter_Sill_c2 R_Quarter_Sill_c3
  · deleted 3 figure(s)
> tint R_Quarter_Sill 0.80 0.82 0.86
> spline (0.1295,0.7529,0.9749) (0.2368,0.8039,0.9108) (0.3442,0.8180,0.8938) (0.4515,0.8320,0.8767) (0.5588,0.8413,0.8630) (0.6662,0.8420,0.8552) (0.7735,0.8426,0.8475) (0.8809,0.8417,0.8399) (0.9882,0.8404,0.8324) (1.0956,0.8384,0.8245) (1.2029,0.8308,0.8136) (1.3103,0.8141,0.8029) (1.4176,0.7893,0.7957) (1.5249,0.7381,0.7940) (1.6323,0.6434,0.7939) (1.7396,0.4880,0.7939) --name=R_Cant_Rail_c1
  · #24  R_Cant_Rail_c1     curve    deg 3  poles 16   integral  length 1.7845  bounds [0.13 0.49 0.79]–[1.74 0.84 0.97]
> spline (0.1295,0.8969,0.8660) (0.2368,0.8970,0.8652) (0.3442,0.8971,0.8645) (0.4515,0.8971,0.8641) (0.5588,0.8971,0.8641) (0.6662,0.8972,0.8644) (0.7735,0.8972,0.8649) (0.8809,0.8971,0.8665) (0.9882,0.8969,0.8686) (1.0956,0.8954,0.8726) (1.2029,0.8928,0.8781) (1.3103,0.8871,0.8847) (1.4176,0.8746,0.8921) (1.5249,0.8555,0.8993) (1.6323,0.8081,0.8970) (1.7396,0.7164,0.8647) --name=R_Cant_Rail_c2
  · #25  R_Cant_Rail_c2     curve    deg 3  poles 16   integral  length 1.6628  bounds [0.13 0.72 0.86]–[1.74 0.90 0.91]
> loft R_Cant_Rail_c1 R_Cant_Rail_c2 --sheet --name=R_Cant_Rail
  · loft R_Cant_Rail_c1 (open → sheet) R_Cant_Rail_c2 (open → sheet)
  · #26  R_Cant_Rail        surface  deg 3x1  poles 28x2  integral  bounds [0.13 0.49 0.79]–[1.74 0.90 0.97]
  ·   ↳ loft of R_Cant_Rail_c1 R_Cant_Rail_c2  degree 3
> delete R_Cant_Rail_c1 R_Cant_Rail_c2
  · deleted 2 figure(s)
> tint R_Cant_Rail 0.80 0.82 0.86
> spline (0.1313,0.8969,0.8660) (0.2108,0.8970,0.8654) (0.2903,0.8970,0.8648) (0.3698,0.8971,0.8644) (0.4493,0.8971,0.8641) (0.5288,0.8971,0.8641) (0.6083,0.8971,0.8641) (0.6878,0.8972,0.8645) (0.7673,0.8972,0.8649) (0.8468,0.8971,0.8659) (0.9263,0.8971,0.8674) (1.0058,0.8969,0.8690) (1.0853,0.8956,0.8721) (1.1648,0.8937,0.8761) (1.2443,0.8908,0.8806) (1.3238,0.8864,0.8856) --name=R_Door_Upper_c1
  · #27  R_Door_Upper_c1    curve    deg 3  poles 16   integral  length 1.1932  bounds [0.13 0.89 0.86]–[1.32 0.90 0.89]
> spline (0.1313,0.9525,0.8657) (0.2108,0.9917,0.8672) (0.2903,1.1025,0.7873) (0.3698,1.1128,0.7497) (0.4493,1.1125,0.7482) (0.5288,1.1122,0.7467) (0.6083,1.1119,0.7450) (0.6878,1.1117,0.7442) (0.7673,1.1113,0.7426) (0.8468,1.1112,0.7414) (0.9263,1.1117,0.7405) (1.0058,1.1127,0.7404) (1.0853,1.1147,0.7404) (1.1648,1.1109,0.7593) (1.2443,1.1193,0.7413) (1.3238,1.1173,0.7610) --name=R_Door_Upper_c2
  · #28  R_Door_Upper_c2    curve    deg 3  poles 16   integral  length 1.3114  bounds [0.13 0.95 0.71]–[1.32 1.13 0.89]
> spline (0.1313,1.0131,0.8717) (0.2108,1.1060,0.7667) (0.2903,1.1214,0.6634) (0.3698,1.1171,0.5938) (0.4493,1.1129,0.5742) (0.5288,1.1124,0.5707) (0.6083,1.1126,0.5698) (0.6878,1.1128,0.5688) (0.7673,1.1138,0.5678) (0.8468,1.1162,0.5668) (0.9263,1.1187,0.5658) (1.0058,1.1212,0.5648) (1.0853,1.1236,0.5638) (1.1648,1.1261,0.5628) (1.2443,1.1285,0.5618) (1.3238,1.1310,0.5608) --name=R_Door_Upper_c3
  · #29  R_Door_Upper_c3    curve    deg 3  poles 16   integral  length 1.3601  bounds [0.13 1.01 0.56]–[1.32 1.13 0.87]
> loft R_Door_Upper_c1 R_Door_Upper_c2 R_Door_Upper_c3 --sheet --name=R_Door_Upper
  · loft R_Door_Upper_c1 (open → sheet) R_Door_Upper_c2 (open → sheet) R_Door_Upper_c3 (open → sheet)
  · #30  R_Door_Upper       surface  deg 3x2  poles 40x3  integral  bounds [0.13 0.89 0.56]–[1.32 1.21 0.92]
  ·   ↳ loft of R_Door_Upper_c1 R_Door_Upper_c2 R_Door_Upper_c3  degree 3
> delete R_Door_Upper_c1 R_Door_Upper_c2 R_Door_Upper_c3
  · deleted 3 figure(s)
> tint R_Door_Upper 0.80 0.82 0.86
> spline (0.1313,1.0131,0.8717) (0.2101,1.1058,0.7677) (0.2888,1.1214,0.6652) (0.3676,1.1173,0.5950) (0.4463,1.1129,0.5743) (0.5251,1.1125,0.5709) (0.6038,1.1126,0.5698) (0.6826,1.1128,0.5689) (0.7614,1.1136,0.5679) (0.8401,1.1160,0.5669) (0.9189,1.1185,0.5659) (0.9976,1.1209,0.5649) (1.0764,1.1233,0.5640) (1.1552,1.1258,0.5630) (1.2339,1.1282,0.5620) (1.3127,1.1307,0.5610) --name=R_Door_Lower_c1
  · #31  R_Door_Lower_c1    curve    deg 3  poles 16   integral  length 1.3492  bounds [0.13 1.01 0.56]–[1.31 1.13 0.87]
> spline (0.1313,1.1175,0.7364) (0.2101,1.1239,0.6786) (0.2888,1.1207,0.6080) (0.3676,1.1123,0.5692) (0.4463,1.1128,0.5739) (0.5251,1.1108,0.5568) (0.6038,1.1106,0.5524) (0.6826,1.1109,0.5450) (0.7614,1.1109,0.5395) (0.8401,1.1111,0.5270) (0.9189,1.1124,0.5190) (0.9976,1.1157,0.5098) (1.0764,1.1187,0.5018) (1.1552,1.1228,0.4910) (1.2339,1.1271,0.4812) (1.3127,1.1311,0.4730) --name=R_Door_Lower_c2
  · #32  R_Door_Lower_c2    curve    deg 3  poles 16   integral  length 1.2463  bounds [0.13 1.11 0.47]–[1.31 1.13 0.74]
> spline (0.1313,1.1126,0.5724) (0.2101,1.1113,0.5677) (0.2888,1.1102,0.5628) (0.3676,1.1094,0.5576) (0.4463,1.1086,0.5518) (0.5251,1.1079,0.5441) (0.6038,1.1071,0.5351) (0.6826,1.1062,0.5232) (0.7614,1.1053,0.5089) (0.8401,1.1050,0.4920) (0.9189,1.1065,0.4721) (0.9976,1.1106,0.4506) (1.0764,1.1153,0.4291) (1.1552,1.1201,0.4076) (1.2339,1.1254,0.3862) (1.3127,1.1312,0.3649) --name=R_Door_Lower_c3
  · #33  R_Door_Lower_c3    curve    deg 3  poles 16   integral  length 1.2046  bounds [0.13 1.10 0.36]–[1.31 1.13 0.57]
> loft R_Door_Lower_c1 R_Door_Lower_c2 R_Door_Lower_c3 --sheet --name=R_Door_Lower
  · loft R_Door_Lower_c1 (open → sheet) R_Door_Lower_c2 (open → sheet) R_Door_Lower_c3 (open → sheet)
  · #34  R_Door_Lower       surface  deg 3x2  poles 40x3  integral  bounds [0.13 1.01 0.36]–[1.31 1.16 0.87]
  ·   ↳ loft of R_Door_Lower_c1 R_Door_Lower_c2 R_Door_Lower_c3  degree 3
> delete R_Door_Lower_c1 R_Door_Lower_c2 R_Door_Lower_c3
  · deleted 3 figure(s)
> tint R_Door_Lower 0.80 0.82 0.86
> spline (-0.6015,1.1570,0.6030) (-0.4739,1.1395,0.5996) (-0.3463,1.1281,0.5962) (-0.2187,1.1202,0.5920) (-0.0911,1.1163,0.5856) (0.0365,1.1141,0.5780) (0.1642,1.1120,0.5704) (0.2918,1.1102,0.5626) (0.4194,1.1088,0.5541) (0.5470,1.1077,0.5420) (0.6746,1.1063,0.5244) (0.8022,1.1050,0.5007) (0.9298,1.1069,0.4691) (1.0574,1.1142,0.4343) (1.1851,1.1220,0.3995) (1.3127,1.1312,0.3649) --name=R_Sill_c1
  · #35  R_Sill_c1          curve    deg 3  poles 16   integral  length 1.9402  bounds [-0.60 1.10 0.36]–[1.31 1.16 0.60]
> spline (-0.6015,1.1144,0.1751) (-0.4739,1.0642,0.1916) (-0.3463,1.0548,0.2856) (-0.2187,1.0783,0.4473) (-0.0911,1.0927,0.5433) (0.0365,1.0937,0.5447) (0.1642,1.0936,0.5377) (0.2918,1.0932,0.5288) (0.4194,1.0925,0.5176) (0.5470,1.0912,0.5022) (0.6746,1.0889,0.4785) (0.8022,1.0836,0.4389) (0.9298,1.0712,0.3571) (1.0574,1.0579,0.2429) (1.1851,1.0604,0.1598) (1.3127,1.1018,0.1591) --name=R_Sill_c2
  · #36  R_Sill_c2          curve    deg 3  poles 16   integral  length 2.1914  bounds [-0.60 1.04 0.12]–[1.31 1.11 0.56]
> loft R_Sill_c1 R_Sill_c2 --sheet --name=R_Sill
  · loft R_Sill_c1 (open → sheet) R_Sill_c2 (open → sheet)
  · #37  R_Sill             surface  deg 3x1  poles 28x2  integral  bounds [-0.60 1.05 0.12]–[1.31 1.16 0.60]
  ·   ↳ loft of R_Sill_c1 R_Sill_c2  degree 3
> delete R_Sill_c1 R_Sill_c2
  · deleted 2 figure(s)
> tint R_Sill 0.80 0.82 0.86
> spline (1.4132,0.8753,0.8918) (1.3610,0.8830,0.8881) (1.3287,0.8861,0.8859) (1.3381,0.8855,0.8865) (1.3767,0.8809,0.8893) (1.4525,0.8693,0.8946) (1.5542,0.8466,0.9004) (1.6717,0.7774,0.8879) (1.7951,0.7044,0.8507) (1.9174,0.6779,0.8200) (2.0272,0.6541,0.7874) (2.1064,0.6369,0.7609) (2.1598,0.6253,0.7418) (2.1660,0.6240,0.7394) (2.1484,0.6278,0.7462) (2.0985,0.6386,0.7635) --name=R_Fender_Panel_c1
  · #38  R_Fender_Panel_c1  curve    deg 3  poles 16   integral  length 1.1551  bounds [1.28 0.61 0.72]–[2.22 0.89 0.90]
> spline (1.4132,1.1380,0.5390) (1.3610,1.1311,0.5908) (1.3287,1.1301,0.6436) (1.3381,1.1282,0.7104) (1.3767,1.1036,0.8081) (1.4525,1.0055,0.8906) (1.5542,0.9948,0.9010) (1.6717,0.9559,0.9095) (1.7951,0.9167,0.8954) (1.9174,0.9134,0.8715) (2.0272,0.8979,0.8302) (2.1064,0.8973,0.7649) (2.1598,0.9438,0.5847) (2.1660,0.9438,0.5749) (2.1484,0.9436,0.5279) (2.0985,0.9434,0.4830) --name=R_Fender_Panel_c2
  · #39  R_Fender_Panel_c2  curve    deg 3  poles 16   integral  length 1.5171  bounds [1.31 0.89 0.48]–[2.22 1.14 0.92]
> spline (1.4132,1.1359,0.1591) (1.3610,1.1380,0.2732) (1.3287,1.1380,0.3936) (1.3381,1.1380,0.5184) (1.3767,1.1380,0.6368) (1.4525,1.1380,0.7365) (1.5542,1.1380,0.8088) (1.6717,1.1380,0.8532) (1.7951,1.1380,0.8419) (1.9174,1.1380,0.8130) (2.0272,1.1380,0.7574) (2.1064,1.1374,0.6612) (2.1598,1.1329,0.5485) (2.1660,1.1263,0.4238) (2.1484,1.1193,0.3014) (2.0985,1.1106,0.1868) --name=R_Fender_Panel_c3
  · #40  R_Fender_Panel_c3  curve    deg 3  poles 16   integral  length 1.8785  bounds [1.31 1.11 0.16]–[2.17 1.14 0.87]
> loft R_Fender_Panel_c1 R_Fender_Panel_c2 R_Fender_Panel_c3 --sheet --name=R_Fender_Panel
  · loft R_Fender_Panel_c1 (open → sheet) R_Fender_Panel_c2 (open → sheet) R_Fender_Panel_c3 (open → sheet)
  · #41  R_Fender_Panel     surface  deg 3x2  poles 40x3  integral  bounds [1.29 0.62 0.16]–[2.18 1.27 0.98]
  ·   ↳ loft of R_Fender_Panel_c1 R_Fender_Panel_c2 R_Fender_Panel_c3  degree 3
> delete R_Fender_Panel_c1 R_Fender_Panel_c2 R_Fender_Panel_c3
  · deleted 3 figure(s)
> tint R_Fender_Panel 0.80 0.82 0.86
── /home/user/Slate/Frontier/Projects/Project-Drive/Content/Vehicles/Liger/Liger_Body_SideR.arc: 94 line(s), 0 refusal(s)
  · opened /home/user/Slate/Frontier/Projects/Project-Drive/Content/Vehicles/Liger/Liger_Body_SideR.arc  ·  12 figure(s)  ·  66 command(s)

Exit: 0

$ /home/user/Slate/_AgentScratch/build/SolidArcIntegration/SolidArc --proofs /home/user/Slate/_AgentScratch/build/SolidArcIntegration/renders -c open "/home/user/Slate/Frontier/Projects/Project-Drive/Content/Vehicles/Liger/Liger_Body_Sketch.arc"
> open /home/user/Slate/Frontier/Projects/Project-Drive/Content/Vehicles/Liger/Liger_Body_Sketch.arc
── script /home/user/Slate/Frontier/Projects/Project-Drive/Content/Vehicles/Liger/Liger_Body_Sketch.arc
> reset
  · scene reset (empty, workplane xy)
> polyline (-0.7082,1.1611,0.6886) (-0.6626,1.1611,0.6090) (-0.6029,1.1573,0.6074) --name=Shell_Crease_001
  · #1   Shell_Crease_001   curve    deg 1  poles 3    integral  length 0.1516  bounds [-0.71 1.16 0.61]–[-0.60 1.16 0.69]
> tint Shell_Crease_001 0.85 0.10 0.10
> polyline (-0.7222,1.1611,0.1595) (-0.6641,1.1611,0.2694) (-0.6397,1.1611,0.3524) (-0.6326,1.1611,0.4635) (-0.6504,1.1611,0.5762) --name=Shell_Crease_002
  · #2   Shell_Crease_002   curve    deg 1  poles 5    integral  length 0.4362  bounds [-0.72 1.16 0.16]–[-0.63 1.16 0.58]
> tint Shell_Crease_002 0.85 0.10 0.10
> polyline (2.5497,0.5222,0.5657) (2.5851,0.3077,0.5605) (2.6020,-0.0000,0.5599) (2.5851,-0.3077,0.5605) (2.5497,-0.5222,0.5657) --name=Shell_Crease_003
  · #3   Shell_Crease_003   curve    deg 1  poles 5    integral  length 1.0513  bounds [2.55 -0.52 0.56]–[2.60 0.52 0.57]
> tint Shell_Crease_003 0.85 0.10 0.10
> polyline (2.5497,0.5222,0.5657) (2.4234,0.7822,0.6183) (2.3267,0.9448,0.6580) --name=Shell_Crease_004
  · #4   Shell_Crease_004   curve    deg 1  poles 3    integral  length 0.4871  bounds [2.33 0.52 0.57]–[2.55 0.94 0.66]
> tint Shell_Crease_004 0.85 0.10 0.10
> polyline (2.2550,1.0081,0.6738) (2.3267,0.9448,0.6580) --name=Shell_Crease_005
  · #5   Shell_Crease_005   curve    deg 1  poles 2    integral  length 0.0969  bounds [2.25 0.94 0.66]–[2.33 1.01 0.67]
> tint Shell_Crease_005 0.85 0.10 0.10
> polyline (2.2550,1.0081,0.6738) (2.2025,1.0089,0.7143) --name=Shell_Crease_006
  · #6   Shell_Crease_006   curve    deg 1  poles 2    integral  length 0.0663  bounds [2.20 1.01 0.67]–[2.25 1.01 0.71]
> tint Shell_Crease_006 0.85 0.10 0.10
> polyline (2.2260,1.0307,0.6799) (2.1709,1.0307,0.7222) --name=Shell_Crease_007
  · #7   Shell_Crease_007   curve    deg 1  poles 2    integral  length 0.0695  bounds [2.17 1.03 0.68]–[2.23 1.03 0.72]
> tint Shell_Crease_007 0.85 0.10 0.10
> polyline (2.2260,1.0307,0.6799) (2.1024,1.1309,0.7057) --name=Shell_Crease_008
  · #8   Shell_Crease_008   curve    deg 1  poles 2    integral  length 0.1612  bounds [2.10 1.03 0.68]–[2.23 1.13 0.71]
> tint Shell_Crease_008 0.85 0.10 0.10
> polyline (2.3250,0.9448,0.6525) (2.4468,0.7306,0.6010) (2.5515,0.5026,0.5570) (2.5834,0.2837,0.5534) (2.5980,-0.0000,0.5529) (2.5834,-0.2837,0.5534) (2.5515,-0.5026,0.5570) (2.4453,-0.7334,0.6017) (2.3250,-0.9448,0.6525) --name=Shell_Crease_009
  · #9   Shell_Crease_009   curve    deg 1  poles 9    integral  length 2.0235  bounds [2.33 -0.94 0.55]–[2.60 0.94 0.65]
> tint Shell_Crease_009 0.85 0.10 0.10
> polyline (2.3250,0.9448,0.6525) (2.2600,1.0034,0.6676) --name=Shell_Crease_010
  · #10  Shell_Crease_010   curve    deg 1  poles 2    integral  length 0.0888  bounds [2.26 0.94 0.65]–[2.33 1.00 0.67]
> tint Shell_Crease_010 0.85 0.10 0.10
> polyline (2.1790,0.9448,0.1752) (2.3009,0.9448,0.5781) --name=Shell_Crease_011
  · #11  Shell_Crease_011   curve    deg 1  poles 2    integral  length 0.4209  bounds [2.18 0.94 0.18]–[2.30 0.94 0.58]
> tint Shell_Crease_011 0.85 0.10 0.10
> polyline (2.3009,0.9448,0.5781) (2.3274,0.8880,0.5636) --name=Shell_Crease_012
  · #12  Shell_Crease_012   curve    deg 1  poles 2    integral  length 0.0643  bounds [2.30 0.89 0.56]–[2.33 0.94 0.58]
> tint Shell_Crease_012 0.85 0.10 0.10
> polyline (2.3009,0.9448,0.5781) (2.3234,0.9448,0.6471) --name=Shell_Crease_013
  · #13  Shell_Crease_013   curve    deg 1  poles 2    integral  length 0.0726  bounds [2.30 0.94 0.58]–[2.32 0.94 0.65]
> tint Shell_Crease_013 0.85 0.10 0.10
> polyline (2.3274,0.8880,0.5636) (2.3579,0.8223,0.5469) --name=Shell_Crease_014
  · #14  Shell_Crease_014   curve    deg 1  poles 2    integral  length 0.0743  bounds [2.33 0.82 0.55]–[2.36 0.89 0.56]
> tint Shell_Crease_014 0.85 0.10 0.10
> polyline (2.3274,0.8880,0.5636) (2.3050,0.8621,0.5618) (2.3157,0.8267,0.5546) (2.3579,0.8223,0.5469) --name=Shell_Crease_015
  · #15  Shell_Crease_015   curve    deg 1  poles 4    integral  length 0.1151  bounds [2.31 0.82 0.55]–[2.36 0.89 0.56]
> tint Shell_Crease_015 0.85 0.10 0.10
> polyline (2.3579,0.8223,0.5469) (2.4494,0.6234,0.4964) (2.4986,0.4691,0.4578) (2.4818,0.3527,0.3878) (2.4812,0.3167,0.3761) (2.5006,-0.0000,0.3744) (2.4812,-0.3167,0.3761) (2.4818,-0.3527,0.3878) (2.4986,-0.4691,0.4578) (2.4494,-0.6234,0.4964) (2.3579,-0.8223,0.5469) --name=Shell_Crease_016
  · #16  Shell_Crease_016   curve    deg 1  poles 11   integral  length 1.7664  bounds [2.36 -0.82 0.37]–[2.50 0.82 0.55]
> tint Shell_Crease_016 0.85 0.10 0.10
> polyline (-1.4225,1.1611,0.1546) (-1.4758,1.1611,0.2475) (-1.5052,1.1611,0.3277) (-1.5191,1.1611,0.4073) (-1.5171,1.1611,0.4815) (-1.4992,1.1611,0.5690) (-1.4705,1.1611,0.6383) (-1.4269,1.1611,0.7061) (-1.3643,1.1611,0.7741) (-1.2863,1.1611,0.8261) (-1.1871,1.1611,0.8643) (-1.1211,1.1611,0.8776) (-1.0347,1.1611,0.8775) (-0.9428,1.1611,0.8594) (-0.8753,1.1611,0.8331) (-0.7434,1.1611,0.7293) --name=Shell_Crease_017
  · #17  Shell_Crease_017   curve    deg 1  poles 16   integral  length 1.3726  bounds [-1.52 1.16 0.15]–[-0.74 1.16 0.88]
> tint Shell_Crease_017 0.85 0.10 0.10
> polyline (0.9838,1.0656,0.3104) (1.1538,1.0517,0.1627) (1.3979,1.1297,0.1591) (1.3416,1.1309,0.2718) (1.3127,1.1312,0.3649) --name=Shell_Crease_018
  · #18  Shell_Crease_018   curve    deg 1  poles 5    integral  length 0.7054  bounds [0.98 1.05 0.16]–[1.40 1.13 0.36]
> tint Shell_Crease_018 0.85 0.10 0.10
> polyline (1.7396,0.7164,0.8647) (1.6664,0.7836,0.8911) (1.5992,0.8301,0.9013) (1.5233,0.8566,0.8993) (1.3671,0.8825,0.8886) (1.0076,0.8970,0.8688) (0.1295,0.8969,0.8660) --name=Shell_Crease_019
  · #19  Shell_Crease_019   curve    deg 1  poles 7    integral  length 1.6627  bounds [0.13 0.72 0.86]–[1.74 0.90 0.90]
> tint Shell_Crease_019 0.85 0.10 0.10
> polyline (1.7396,0.7164,0.8647) (1.8324,0.5913,0.8153) (1.9395,0.3647,0.7905) (1.9842,0.1968,0.7861) (2.0002,-0.0000,0.7864) (1.9842,-0.1968,0.7861) (1.9395,-0.3647,0.7905) (1.8324,-0.5913,0.8153) (1.7396,-0.7164,0.8647) --name=Shell_Crease_020
  · #20  Shell_Crease_020   curve    deg 1  poles 9    integral  length 1.5730  bounds [1.74 -0.72 0.79]–[2.00 0.72 0.86]
> tint Shell_Crease_020 0.85 0.10 0.10
> polyline (1.7396,0.7164,0.8647) (1.9461,0.6716,0.8137) (2.1357,0.6305,0.7511) (2.3294,0.5886,0.6760) (2.5035,0.5453,0.5922) --name=Shell_Crease_021
  · #21  Shell_Crease_021   curve    deg 1  poles 5    integral  length 0.8312  bounds [1.74 0.55 0.59]–[2.50 0.72 0.86]
> tint Shell_Crease_021 0.85 0.10 0.10
> polyline (2.0756,1.1380,0.7101) (1.9866,1.1380,0.7894) (1.8846,1.1380,0.8390) (1.7594,1.1380,0.8597) (1.6547,1.1380,0.8501) (1.5443,1.1380,0.8052) (1.4623,1.1380,0.7482) (1.3929,1.1380,0.6655) (1.3434,1.1380,0.5615) --name=Shell_Crease_022
  · #22  Shell_Crease_022   curve    deg 1  poles 9    integral  length 0.9068  bounds [1.34 1.14 0.56]–[2.08 1.14 0.86]
> tint Shell_Crease_022 0.85 0.10 0.10
> polyline (0.1295,0.8969,0.8660) (0.1313,1.0131,0.8717) --name=Shell_Crease_023
  · #23  Shell_Crease_023   curve    deg 1  poles 2    integral  length 0.1164  bounds [0.13 0.90 0.87]–[0.13 1.01 0.87]
> tint Shell_Crease_023 0.85 0.10 0.10
> polyline (0.1295,0.8969,0.8660) (-0.3588,0.8899,0.8894) (-0.5509,0.8887,0.9138) (-0.9190,0.8880,0.9876) (-1.2299,0.8877,1.0014) --name=Shell_Crease_024
  · #24  Shell_Crease_024   curve    deg 1  poles 5    integral  length 1.3692  bounds [-1.23 0.89 0.87]–[0.13 0.90 1.00]
> tint Shell_Crease_024 0.85 0.10 0.10
> polyline (0.1295,0.8969,0.8660) (0.1285,0.8481,0.8755) (0.1133,0.8128,0.8811) --name=Shell_Crease_025
  · #25  Shell_Crease_025   curve    deg 1  poles 3    integral  length 0.0886  bounds [0.11 0.81 0.87]–[0.13 0.90 0.88]
> tint Shell_Crease_025 0.85 0.10 0.10
> polyline (1.3127,1.1312,0.3649) (0.8532,1.1046,0.4898) (0.5783,1.1074,0.5393) (-0.1548,1.1171,0.5896) (-0.4238,1.1339,0.5983) (-0.6015,1.1570,0.6030) --name=Shell_Crease_026
  · #26  Shell_Crease_026   curve    deg 1  poles 6    integral  length 1.9401  bounds [-0.60 1.10 0.36]–[1.31 1.16 0.60]
> tint Shell_Crease_026 0.85 0.10 0.10
> polyline (2.3234,0.9448,0.6471) (2.4437,0.7305,0.5956) (2.5473,0.5024,0.5508) (2.5795,0.2836,0.5466) (2.5942,-0.0000,0.5461) (2.5795,-0.2836,0.5466) (2.5473,-0.5024,0.5508) (2.4437,-0.7305,0.5956) (2.3234,-0.9448,0.6471) --name=Shell_Crease_027
  · #27  Shell_Crease_027   curve    deg 1  poles 9    integral  length 2.0215  bounds [2.32 -0.94 0.55]–[2.59 0.94 0.65]
> tint Shell_Crease_027 0.85 0.10 0.10
> polyline (2.3234,0.9448,0.6471) (2.1069,1.1304,0.6997) --name=Shell_Crease_028
  · #28  Shell_Crease_028   curve    deg 1  poles 2    integral  length 0.2900  bounds [2.11 0.94 0.65]–[2.32 1.13 0.70]
> tint Shell_Crease_028 0.85 0.10 0.10
> polyline (2.2600,1.0034,0.6676) (2.1056,1.1306,0.7014) --name=Shell_Crease_029
  · #29  Shell_Crease_029   curve    deg 1  poles 2    integral  length 0.2029  bounds [2.11 1.00 0.67]–[2.26 1.13 0.70]
> tint Shell_Crease_029 0.85 0.10 0.10
> polyline (2.1069,1.1304,0.6997) (2.1700,1.1175,0.5778) (2.1926,1.1105,0.4506) (2.1888,1.1024,0.3767) (2.1738,1.0979,0.3075) (2.1418,1.0972,0.2289) (2.1142,1.0815,0.1822) --name=Shell_Crease_030
  · #30  Shell_Crease_030   curve    deg 1  poles 7    integral  length 0.5540  bounds [2.11 1.08 0.18]–[2.19 1.13 0.70]
> tint Shell_Crease_030 0.85 0.10 0.10
> polyline (0.0103,0.6815,1.0418) (-0.2100,0.6474,1.0144) (-1.3406,0.3997,0.8726) (-1.5095,0.3713,0.8563) --name=Shell_Crease_031
  · #31  Shell_Crease_031   curve    deg 1  poles 4    integral  length 1.5627  bounds [-1.51 0.37 0.86]–[0.01 0.68 1.04]
> tint Shell_Crease_031 0.85 0.10 0.10
> polyline (0.0103,0.6815,1.0418) (0.0778,0.6883,1.0473) --name=Shell_Crease_032
  · #32  Shell_Crease_032   curve    deg 1  poles 2    integral  length 0.0681  bounds [0.01 0.68 1.04]–[0.08 0.69 1.05]
> tint Shell_Crease_032 0.85 0.10 0.10
> polyline (0.0103,0.6815,1.0418) (0.0453,0.7412,0.9775) (0.1133,0.8128,0.8811) --name=Shell_Crease_033
  · #33  Shell_Crease_033   curve    deg 1  poles 3    integral  length 0.2325  bounds [0.01 0.68 0.88]–[0.11 0.81 1.04]
> tint Shell_Crease_033 0.85 0.10 0.10
> polyline (0.0103,0.6815,1.0418) (0.0069,0.5093,1.1030) (0.0069,0.3743,1.1249) --name=Shell_Crease_034
  · #34  Shell_Crease_034   curve    deg 1  poles 3    integral  length 0.3195  bounds [0.01 0.37 1.04]–[0.01 0.68 1.12]
> tint Shell_Crease_034 0.85 0.10 0.10
> polyline (2.5035,0.5453,0.5922) (2.4032,0.7322,0.6462) --name=Shell_Crease_035
  · #35  Shell_Crease_035   curve    deg 1  poles 2    integral  length 0.2189  bounds [2.40 0.55 0.59]–[2.50 0.73 0.65]
> tint Shell_Crease_035 0.85 0.10 0.10
> polyline (0.0692,0.3797,1.1309) (0.0692,0.5338,1.1045) (0.0778,0.6883,1.0473) --name=Shell_Crease_036
  · #36  Shell_Crease_036   curve    deg 1  poles 3    integral  length 0.3213  bounds [0.07 0.38 1.05]–[0.08 0.69 1.13]
> tint Shell_Crease_036 0.85 0.10 0.10
> polyline (0.0692,0.3797,1.1309) (0.0069,0.3743,1.1249) --name=Shell_Crease_037
  · #37  Shell_Crease_037   curve    deg 1  poles 2    integral  length 0.0628  bounds [0.01 0.37 1.12]–[0.07 0.38 1.13]
> tint Shell_Crease_037 0.85 0.10 0.10
> polyline (0.0692,0.3797,1.1309) (0.0926,0.3765,1.1337) (0.0982,0.3650,1.1352) (0.0692,0.3580,1.1323) --name=Shell_Crease_038
  · #38  Shell_Crease_038   curve    deg 1  poles 4    integral  length 0.0666  bounds [0.07 0.36 1.13]–[0.10 0.38 1.14]
> tint Shell_Crease_038 0.85 0.10 0.10
> polyline (0.0692,0.3580,1.1323) (0.0692,0.0528,1.1384) (0.0692,-0.3580,1.1323) --name=Shell_Crease_039
  · #39  Shell_Crease_039   curve    deg 1  poles 3    integral  length 0.7161  bounds [0.07 -0.36 1.13]–[0.07 0.36 1.14]
> tint Shell_Crease_039 0.85 0.10 0.10
> polyline (0.0692,0.3580,1.1323) (0.0069,0.3530,1.1264) --name=Shell_Crease_040
  · #40  Shell_Crease_040   curve    deg 1  poles 2    integral  length 0.0628  bounds [0.01 0.35 1.13]–[0.07 0.36 1.13]
> tint Shell_Crease_040 0.85 0.10 0.10
> polyline (2.0960,1.1123,0.1845) (2.1584,1.1203,0.3175) (2.1744,1.1281,0.4517) (2.1481,1.1355,0.5860) (2.0802,1.1380,0.7047) --name=Shell_Crease_041
  · #41  Shell_Crease_041   curve    deg 1  poles 5    integral  length 0.5563  bounds [2.08 1.11 0.18]–[2.17 1.14 0.70]
> tint Shell_Crease_041 0.85 0.10 0.10
> polyline (1.4183,1.1380,0.1591) (1.3627,1.1380,0.2670) (1.3310,1.1380,0.3595) --name=Shell_Crease_042
  · #42  Shell_Crease_042   curve    deg 1  poles 3    integral  length 0.2192  bounds [1.33 1.14 0.16]–[1.42 1.14 0.36]
> tint Shell_Crease_042 0.85 0.10 0.10
> polyline (2.4614,0.6716,0.6125) (2.5220,0.5344,0.5798) --name=Shell_Crease_043
  · #43  Shell_Crease_043   curve    deg 1  poles 2    integral  length 0.1535  bounds [2.46 0.53 0.58]–[2.52 0.67 0.61]
> tint Shell_Crease_043 0.85 0.10 0.10
> polyline (2.2025,1.0089,0.7143) (2.3073,0.8979,0.6846) (2.4032,0.7322,0.6462) --name=Shell_Crease_044
  · #44  Shell_Crease_044   curve    deg 1  poles 3    integral  length 0.3508  bounds [2.20 0.73 0.65]–[2.40 1.01 0.71]
> tint Shell_Crease_044 0.85 0.10 0.10
> polyline (2.1982,1.0088,0.7160) (2.3034,0.8979,0.6861) (2.3986,0.7341,0.6478) --name=Shell_Crease_045
  · #45  Shell_Crease_045   curve    deg 1  poles 3    integral  length 0.3490  bounds [2.20 0.73 0.65]–[2.40 1.01 0.72]
> tint Shell_Crease_045 0.85 0.10 0.10
> polyline (2.0518,1.0327,0.7670) (2.1312,0.8973,0.7687) (2.2051,0.8015,0.7417) (2.2514,0.7642,0.7164) (2.3529,0.7344,0.6574) --name=Shell_Crease_046
  · #46  Shell_Crease_046   curve    deg 1  poles 5    integral  length 0.4667  bounds [2.05 0.73 0.66]–[2.35 1.03 0.77]
> tint Shell_Crease_046 0.85 0.10 0.10
> polyline (2.0518,1.0327,0.7670) (2.1240,1.0290,0.7326) --name=Shell_Crease_047
  · #47  Shell_Crease_047   curve    deg 1  poles 2    integral  length 0.0801  bounds [2.05 1.03 0.73]–[2.12 1.03 0.77]
> tint Shell_Crease_047 0.85 0.10 0.10
> polyline (2.4032,0.7322,0.6462) (2.2982,0.7639,0.7139) (2.2477,0.8054,0.7426) (2.2086,0.8522,0.7594) (2.1481,0.9439,0.7713) (2.1003,1.0296,0.7662) (2.1709,1.0307,0.7222) --name=Shell_Crease_048
  · #48  Shell_Crease_048   curve    deg 1  poles 7    integral  length 0.5555  bounds [2.10 0.73 0.65]–[2.40 1.03 0.77]
> tint Shell_Crease_048 0.85 0.10 0.10
> polyline (2.3986,0.7341,0.6478) (2.2961,0.7652,0.7140) (2.2468,0.8058,0.7421) (2.2083,0.8522,0.7588) (2.1572,0.9283,0.7699) (2.1001,1.0281,0.7658) (2.1687,1.0291,0.7232) --name=Shell_Crease_049
  · #49  Shell_Crease_049   curve    deg 1  poles 7    integral  length 0.5464  bounds [2.10 0.73 0.65]–[2.40 1.03 0.77]
> tint Shell_Crease_049 0.85 0.10 0.10
> polyline (2.3986,0.7341,0.6478) (2.3529,0.7344,0.6574) --name=Shell_Crease_050
  · #50  Shell_Crease_050   curve    deg 1  poles 2    integral  length 0.0467  bounds [2.35 0.73 0.65]–[2.40 0.73 0.66]
> tint Shell_Crease_050 0.85 0.10 0.10
> polyline (2.1687,1.0291,0.7232) (2.1240,1.0290,0.7326) --name=Shell_Crease_051
  · #51  Shell_Crease_051   curve    deg 1  poles 2    integral  length 0.0457  bounds [2.12 1.03 0.72]–[2.17 1.03 0.73]
> tint Shell_Crease_051 0.85 0.10 0.10
> polyline (2.3529,0.7344,0.6574) (2.2466,0.9134,0.6989) (2.1240,1.0290,0.7326) --name=Shell_Crease_052
  · #52  Shell_Crease_052   curve    deg 1  poles 3    integral  length 0.3841  bounds [2.12 0.73 0.66]–[2.35 1.03 0.73]
> tint Shell_Crease_052 0.85 0.10 0.10
> polyline (0.1133,0.8128,0.8811) (0.4278,0.8456,0.8712) (1.0167,0.8579,0.8437) (1.3495,0.8369,0.8420) (1.4586,0.8204,0.8405) (1.5310,0.7958,0.8410) (1.6126,0.7395,0.8357) (1.6919,0.6615,0.8216) (1.7550,0.5790,0.8059) (1.8123,0.4739,0.7966) (1.8511,0.3823,0.7908) (1.8817,0.2716,0.7876) (1.9034,0.1210,0.7874) (1.9070,-0.0000,0.7876) (1.9034,-0.1210,0.7874) (1.8817,-0.2716,0.7876) (1.8511,-0.3823,0.7908) (1.8123,-0.4739,0.7966) (1.7550,-0.5790,0.8059) (1.6919,-0.6615,0.8216) (1.6126,-0.7395,0.8357) (1.5310,-0.7958,0.8410) (1.4586,-0.8204,0.8405) (1.3495,-0.8369,0.8420) (1.0167,-0.8579,0.8437) (0.4278,-0.8456,0.8712) (0.1133,-0.8128,0.8811) --name=Shell_Crease_053
  · #53  Shell_Crease_053   curve    deg 1  poles 27   integral  length 4.7012  bounds [0.11 -0.86 0.79]–[1.91 0.86 0.88]
> tint Shell_Crease_053 0.85 0.10 0.10
> polyline (0.1133,0.8128,0.8811) (-0.4065,0.7323,0.8544) (-1.2303,0.5958,0.8394) (-1.3916,0.5591,0.8474) --name=Shell_Crease_054
  · #54  Shell_Crease_054   curve    deg 1  poles 4    integral  length 1.5275  bounds [-1.39 0.56 0.84]–[0.11 0.81 0.88]
> tint Shell_Crease_054 0.85 0.10 0.10
> polyline (0.0778,0.6883,1.0473) (0.3010,0.6921,1.0581) (0.7022,0.6835,1.0596) (0.8566,0.6604,1.0597) (0.9573,0.6224,1.0597) (1.0628,0.5342,1.0591) (1.1426,0.4027,1.0592) (1.2041,0.2126,1.0591) (1.2251,-0.0000,1.0587) (1.2041,-0.2126,1.0591) (1.1426,-0.4027,1.0592) (1.0628,-0.5342,1.0591) (0.9573,-0.6224,1.0597) (0.8566,-0.6605,1.0597) (0.7022,-0.6835,1.0596) (0.3010,-0.6921,1.0581) (0.0778,-0.6883,1.0473) --name=Shell_Crease_055
  · #55  Shell_Crease_055   curve    deg 1  poles 17   integral  length 3.1866  bounds [0.08 -0.69 1.05]–[1.23 0.69 1.06]
> tint Shell_Crease_055 0.85 0.10 0.10
> polyline (0.0778,0.6883,1.0473) (0.1283,0.7576,0.9709) (0.1651,0.7816,0.9386) (0.2345,0.8040,0.9105) (0.3831,0.8307,0.8809) (0.5638,0.8423,0.8623) (1.1371,0.8369,0.8205) (1.2866,0.8192,0.8045) (1.4378,0.7841,0.7947) (1.5128,0.7464,0.7939) (1.5906,0.6907,0.7939) (1.6740,0.6019,0.7939) (1.7198,0.5285,0.7939) (1.7786,0.4007,0.7939) (1.8141,0.2906,0.7939) (1.8413,0.1398,0.7939) (1.8491,-0.0000,0.7939) (1.8413,-0.1398,0.7939) (1.8141,-0.2906,0.7939) (1.7786,-0.4007,0.7939) (1.7198,-0.5285,0.7939) (1.6740,-0.6019,0.7939) (1.5906,-0.6907,0.7939) (1.5128,-0.7464,0.7939) (1.4378,-0.7841,0.7947) (1.2866,-0.8192,0.8045) (1.1371,-0.8369,0.8205) (0.5638,-0.8423,0.8623) (0.3831,-0.8307,0.8809) (0.2345,-0.8040,0.9105) (0.1651,-0.7816,0.9386) (0.1283,-0.7576,0.9709) (0.0778,-0.6883,1.0473) --name=Shell_Crease_056
  · #56  Shell_Crease_056   curve    deg 1  poles 33   integral  length 4.8055  bounds [0.08 -0.84 0.79]–[1.85 0.84 1.05]
> tint Shell_Crease_056 0.85 0.10 0.10
> polyline (1.3238,1.1310,0.5608) (0.8759,1.1134,0.5667) (0.4826,1.1125,0.5718) (0.3860,1.1151,0.5834) (0.3391,1.1203,0.6079) (0.3020,1.1236,0.6451) (0.2455,1.1196,0.7191) (0.1945,1.1027,0.7888) (0.1572,1.0766,0.8418) (0.1313,1.0131,0.8717) --name=Shell_Crease_057
  · #57  Shell_Crease_057   curve    deg 1  poles 10   integral  length 1.3706  bounds [0.13 1.01 0.56]–[1.32 1.13 0.87]
> tint Shell_Crease_057 0.85 0.10 0.10
> polyline (1.3238,1.1310,0.5608) (1.3782,1.1311,0.6764) (1.4566,1.1312,0.7674) (1.5564,1.1312,0.8320) (1.6646,1.1312,0.8697) (1.7796,1.1312,0.8764) (1.9042,1.1312,0.8510) (2.0058,1.1312,0.7975) (2.1024,1.1309,0.7057) --name=Shell_Crease_058
  · #58  Shell_Crease_058   curve    deg 1  poles 9    integral  length 0.9718  bounds [1.32 1.13 0.56]–[2.10 1.13 0.88]
> tint Shell_Crease_058 0.85 0.10 0.10
> polyline (1.3238,1.1310,0.5608) (1.3101,1.1311,0.4732) (1.3096,1.1312,0.3781) --name=Shell_Crease_059
  · #59  Shell_Crease_059   curve    deg 1  poles 3    integral  length 0.1838  bounds [1.31 1.13 0.38]–[1.32 1.13 0.56]
> tint Shell_Crease_059 0.85 0.10 0.10
> polyline (1.3254,1.1310,0.5609) (1.3800,1.1311,0.6764) (1.4577,1.1312,0.7665) (1.5571,1.1312,0.8307) (1.6651,1.1312,0.8684) (1.7795,1.1312,0.8749) (1.9036,1.1312,0.8498) (2.0050,1.1312,0.7964) (2.1003,1.1309,0.7061) --name=Shell_Crease_060
  · #60  Shell_Crease_060   curve    deg 1  poles 9    integral  length 0.9665  bounds [1.33 1.13 0.56]–[2.10 1.13 0.87]
> tint Shell_Crease_060 0.85 0.10 0.10
> polyline (1.3254,1.1310,0.5609) (1.3116,1.1311,0.4730) (1.3111,1.1312,0.3777) --name=Shell_Crease_061
  · #61  Shell_Crease_061   curve    deg 1  poles 3    integral  length 0.1843  bounds [1.31 1.13 0.38]–[1.33 1.13 0.56]
> tint Shell_Crease_061 0.85 0.10 0.10
> polyline (1.3434,1.1380,0.5615) (1.3283,1.1380,0.4713) (1.3279,1.1380,0.3736) --name=Shell_Crease_062
  · #62  Shell_Crease_062   curve    deg 1  poles 3    integral  length 0.1892  bounds [1.33 1.14 0.37]–[1.34 1.14 0.56]
> tint Shell_Crease_062 0.85 0.10 0.10
> polyline (0.1313,1.0131,0.8717) (0.3777,1.0324,0.8675) --name=Shell_Crease_063
  · #63  Shell_Crease_063   curve    deg 1  poles 2    integral  length 0.2472  bounds [0.13 1.01 0.87]–[0.38 1.03 0.87]
> tint Shell_Crease_063 0.85 0.10 0.10
> polyline (0.1313,1.0131,0.8717) (-0.1709,1.0022,0.8793) (-0.3528,0.9979,0.8946) (-0.7216,0.9926,0.9667) (-0.9423,0.9926,1.0005) (-1.1788,0.9912,1.0054) (-1.2203,1.0021,0.9997) --name=Shell_Crease_064
  · #64  Shell_Crease_064   curve    deg 1  poles 7    integral  length 1.3640  bounds [-1.22 0.99 0.87]–[0.13 1.01 1.01]
> tint Shell_Crease_064 0.85 0.10 0.10
> polyline (-0.6609,1.1611,0.6046) (-0.6015,1.1570,0.6030) --name=Shell_Crease_065
  · #65  Shell_Crease_065   curve    deg 1  poles 2    integral  length 0.0596  bounds [-0.66 1.16 0.60]–[-0.60 1.16 0.60]
> tint Shell_Crease_065 0.85 0.10 0.10
> polyline (2.1048,1.1305,0.7001) (2.1683,1.1184,0.5785) (2.1912,1.1114,0.4507) (2.1873,1.1036,0.3765) (2.1723,1.0991,0.3072) (2.1400,1.0981,0.2285) (2.1127,1.0834,0.1824) --name=Shell_Crease_066
  · #66  Shell_Crease_066   curve    deg 1  poles 7    integral  length 0.5541  bounds [2.10 1.08 0.18]–[2.19 1.13 0.70]
> tint Shell_Crease_066 0.85 0.10 0.10
> polyline (0.0069,0.3743,1.1249) (-1.5095,0.2332,0.9017) --name=Shell_Crease_067
  · #67  Shell_Crease_067   curve    deg 1  poles 2    integral  length 1.5392  bounds [-1.51 0.23 0.90]–[0.01 0.37 1.12]
> tint Shell_Crease_067 0.85 0.10 0.10
> polyline (0.0069,0.3530,1.1264) (0.0069,0.0533,1.1324) (0.0069,-0.3530,1.1264) --name=Shell_Crease_068
  · #68  Shell_Crease_068   curve    deg 1  poles 3    integral  length 0.7061  bounds [0.01 -0.35 1.13]–[0.01 0.35 1.13]
> tint Shell_Crease_068 0.85 0.10 0.10
> polyline (0.0069,0.3530,1.1264) (-1.5095,0.2225,0.9033) --name=Shell_Crease_069
  · #69  Shell_Crease_069   curve    deg 1  poles 2    integral  length 1.5383  bounds [-1.51 0.22 0.90]–[0.01 0.35 1.13]
> tint Shell_Crease_069 0.85 0.10 0.10
> polyline (-0.4381,0.9925,0.9084) (-0.8961,0.9916,0.9954) (-1.1605,0.9904,1.0061) (-1.3873,0.9650,0.9890) (-1.4707,0.9345,0.9841) (-1.5496,0.8866,0.9774) (-1.5971,0.8408,0.9756) (-1.6352,0.7781,0.9756) (-1.6819,0.6375,0.9756) (-1.7109,0.3271,0.9756) (-1.7196,-0.0000,0.9756) (-1.7109,-0.3271,0.9756) (-1.6819,-0.6375,0.9756) (-1.6352,-0.7781,0.9756) (-1.5971,-0.8408,0.9756) (-1.5496,-0.8866,0.9774) (-1.4707,-0.9345,0.9841) (-1.3873,-0.9650,0.9890) (-1.1605,-0.9904,1.0061) (-0.8961,-0.9916,0.9954) (-0.4381,-0.9925,0.9084) --name=Shell_Crease_070
  · #70  Shell_Crease_070   curve    deg 1  poles 21   integral  length 4.1353  bounds [-1.72 -0.99 0.91]–[-0.44 0.99 1.01]
> tint Shell_Crease_070 0.85 0.10 0.10
> polyline (1.3096,1.1312,0.3781) (0.8529,1.1069,0.4965) (0.5782,1.1094,0.5442) (-0.1558,1.1191,0.5938) (-0.4244,1.1349,0.6026) (-0.6029,1.1573,0.6074) --name=Shell_Crease_071
  · #71  Shell_Crease_071   curve    deg 1  poles 6    integral  length 1.9362  bounds [-0.60 1.11 0.38]–[1.31 1.16 0.61]
> tint Shell_Crease_071 0.85 0.10 0.10
> polyline (-0.4387,0.9675,0.9074) (-0.5455,0.9787,0.9309) (-0.8494,0.9788,0.9892) (-1.0797,0.9786,1.0081) (-1.2149,0.9737,1.0043) (-1.3666,0.9565,0.9897) (-1.4450,0.9314,0.9854) (-1.5255,0.8863,0.9785) (-1.5737,0.8449,0.9757) (-1.6086,0.7948,0.9756) (-1.6447,0.7170,0.9756) (-1.6673,0.6323,0.9756) (-1.6959,0.3263,0.9756) (-1.7046,-0.0000,0.9756) (-1.6959,-0.3263,0.9756) (-1.6673,-0.6323,0.9756) (-1.6447,-0.7170,0.9756) (-1.6086,-0.7948,0.9756) (-1.5737,-0.8449,0.9757) (-1.5255,-0.8863,0.9785) (-1.4450,-0.9314,0.9854) (-1.3666,-0.9565,0.9897) (-1.2149,-0.9737,1.0043) (-1.0797,-0.9786,1.0081) (-0.8494,-0.9788,0.9892) (-0.5455,-0.9787,0.9309) (-0.4387,-0.9675,0.9074) --name=Shell_Crease_072
  · #72  Shell_Crease_072   curve    deg 1  poles 27   integral  length 4.0919  bounds [-1.70 -0.98 0.91]–[-0.44 0.98 1.01]
> tint Shell_Crease_072 0.85 0.10 0.10
> polyline (-0.4383,0.9847,0.9088) (-0.8729,0.9840,0.9935) (-1.0118,0.9840,1.0070) (-1.1414,0.9831,1.0078) (-1.3847,0.9590,0.9891) (-1.4664,0.9291,0.9841) (-1.5442,0.8814,0.9774) (-1.5909,0.8363,0.9756) (-1.6283,0.7745,0.9756) (-1.6746,0.6349,0.9756) (-1.7034,0.3267,0.9756) (-1.7121,-0.0000,0.9756) (-1.7034,-0.3267,0.9756) (-1.6746,-0.6349,0.9756) (-1.6283,-0.7745,0.9756) (-1.5909,-0.8363,0.9756) (-1.5442,-0.8814,0.9774) (-1.4664,-0.9291,0.9841) (-1.3847,-0.9590,0.9891) (-1.1414,-0.9831,1.0078) (-1.0118,-0.9840,1.0070) (-0.8729,-0.9840,0.9935) (-0.4383,-0.9847,0.9088) --name=Shell_Crease_073
  · #73  Shell_Crease_073   curve    deg 1  poles 23   integral  length 4.1128  bounds [-1.71 -0.98 0.91]–[-0.44 0.98 1.01]
> tint Shell_Crease_073 0.85 0.10 0.10
> polyline (-1.4486,1.0376,0.9247) (-1.5621,0.9852,0.8727) (-1.6042,0.9535,0.8599) (-1.6707,0.8330,0.8569) (-1.7070,0.7425,0.8569) (-1.7287,0.6392,0.8569) (-1.7445,0.4674,0.8569) (-1.7608,-0.0000,0.8569) (-1.7445,-0.4674,0.8569) (-1.7287,-0.6392,0.8569) (-1.7070,-0.7425,0.8569) (-1.6707,-0.8330,0.8569) (-1.6042,-0.9535,0.8599) (-1.5621,-0.9852,0.8727) (-1.4486,-1.0376,0.9247) --name=Shell_Crease_074
  · #74  Shell_Crease_074   curve    deg 1  poles 15   integral  length 2.3411  bounds [-1.76 -1.04 0.86]–[-1.45 1.04 0.92]
> tint Shell_Crease_074 0.85 0.10 0.10
> polyline (-1.4486,1.0376,0.9247) (-1.3952,1.0534,0.9555) --name=Shell_Crease_075
  · #75  Shell_Crease_075   curve    deg 1  poles 2    integral  length 0.0636  bounds [-1.45 1.04 0.92]–[-1.40 1.05 0.96]
> tint Shell_Crease_075 0.85 0.10 0.10
> polyline (-1.4498,1.0336,0.9269) (-1.3959,1.0538,0.9588) --name=Shell_Crease_076
  · #76  Shell_Crease_076   curve    deg 1  poles 2    integral  length 0.0658  bounds [-1.45 1.03 0.93]–[-1.40 1.05 0.96]
> tint Shell_Crease_076 0.85 0.10 0.10
> polyline (-1.4498,1.0336,0.9269) (-1.5617,0.9809,0.8753) (-1.6014,0.9507,0.8625) (-1.6669,0.8326,0.8596) (-1.7028,0.7424,0.8596) (-1.7243,0.6392,0.8596) (-1.7374,0.5000,0.8596) (-1.7556,-0.0000,0.8596) (-1.7374,-0.5000,0.8596) (-1.7243,-0.6392,0.8596) (-1.7028,-0.7424,0.8596) (-1.6669,-0.8326,0.8596) (-1.6014,-0.9507,0.8625) (-1.5617,-0.9809,0.8753) (-1.4498,-1.0336,0.9269) --name=Shell_Crease_077
  · #77  Shell_Crease_077   curve    deg 1  poles 15   integral  length 2.3265  bounds [-1.76 -1.03 0.86]–[-1.45 1.03 0.93]
> tint Shell_Crease_077 0.85 0.10 0.10
> polyline (-1.4049,1.0410,0.9735) (-1.5196,1.0013,0.9757) (-1.6267,0.9396,0.9757) (-1.6881,0.8740,0.9757) (-1.7448,0.7624,0.9757) (-1.7698,0.6691,0.9757) (-1.7859,0.5338,0.9757) (-1.8026,0.3072,0.9757) (-1.8108,-0.0000,0.9757) (-1.8026,-0.3072,0.9757) (-1.7859,-0.5338,0.9757) (-1.7698,-0.6691,0.9757) (-1.7448,-0.7624,0.9757) (-1.6881,-0.8740,0.9757) (-1.6267,-0.9396,0.9757) (-1.5196,-1.0013,0.9757) (-1.4049,-1.0410,0.9735) --name=Shell_Crease_078
  · #78  Shell_Crease_078   curve    deg 1  poles 17   integral  length 2.4548  bounds [-1.81 -1.04 0.97]–[-1.40 1.04 0.98]
> tint Shell_Crease_078 0.85 0.10 0.10
> polyline (-1.3959,1.0538,0.9588) (-1.5166,1.0087,0.9589) (-1.6232,0.9440,0.9589) (-1.6776,0.8834,0.9589) (-1.7355,0.7749,0.9589) (-1.7630,0.6744,0.9588) (-1.7762,0.5696,0.9581) (-1.8014,-0.0000,0.9584) (-1.7762,-0.5696,0.9581) (-1.7630,-0.6744,0.9588) (-1.7355,-0.7749,0.9589) (-1.6776,-0.8834,0.9589) (-1.6232,-0.9440,0.9589) (-1.5166,-1.0087,0.9589) (-1.3959,-1.0538,0.9588) --name=Shell_Crease_079
  · #79  Shell_Crease_079   curve    deg 1  poles 15   integral  length 2.4759  bounds [-1.80 -1.05 0.96]–[-1.40 1.05 0.96]
> tint Shell_Crease_079 0.85 0.10 0.10
> polyline (-1.3884,1.0555,0.9519) (-1.5203,1.0172,0.8857) (-1.6291,0.9655,0.8422) (-1.6783,0.9125,0.8331) (-1.7349,0.8072,0.8310) (-1.7653,0.7092,0.8310) (-1.7855,0.5685,0.8310) (-1.8021,0.3073,0.8310) (-1.8076,-0.0000,0.8310) (-1.8021,-0.3073,0.8310) (-1.7855,-0.5685,0.8310) (-1.7653,-0.7092,0.8310) (-1.7349,-0.8072,0.8310) (-1.6783,-0.9125,0.8331) (-1.6291,-0.9655,0.8422) (-1.5203,-1.0172,0.8857) (-1.3884,-1.0555,0.9519) --name=Shell_Crease_080
  · #80  Shell_Crease_080   curve    deg 1  poles 17   integral  length 2.5736  bounds [-1.81 -1.06 0.83]–[-1.39 1.06 0.95]
> tint Shell_Crease_080 0.85 0.10 0.10
> polyline (-1.2472,1.0501,0.9793) (-1.3570,1.0627,0.9531) --name=Shell_Crease_081
  · #81  Shell_Crease_081   curve    deg 1  poles 2    integral  length 0.1136  bounds [-1.36 1.05 0.95]–[-1.25 1.06 0.98]
> tint Shell_Crease_081 0.85 0.10 0.10
> polyline (-1.3570,1.0627,0.9531) (-1.4717,1.0419,0.9009) (-1.6105,0.9854,0.8380) (-1.6668,0.9369,0.8221) (-1.7287,0.8390,0.8166) (-1.7654,0.7448,0.8161) (-1.7908,0.6054,0.8160) (-1.8099,0.3333,0.8160) (-1.8162,-0.0000,0.8160) (-1.8099,-0.3333,0.8160) (-1.7908,-0.6054,0.8160) (-1.7654,-0.7448,0.8161) (-1.7287,-0.8390,0.8166) (-1.6668,-0.9369,0.8221) (-1.6105,-0.9854,0.8380) (-1.4717,-1.0419,0.9009) (-1.3570,-1.0627,0.9531) --name=Shell_Crease_082
  · #82  Shell_Crease_082   curve    deg 1  poles 17   integral  length 2.6622  bounds [-1.82 -1.06 0.82]–[-1.36 1.06 0.95]
> tint Shell_Crease_082 0.85 0.10 0.10
> polyline (-1.3770,1.0539,0.9641) (-1.4957,1.0198,0.9638) (-1.6285,0.9475,0.9639) (-1.6867,0.8854,0.9639) (-1.7462,0.7753,0.9639) (-1.7740,0.6744,0.9640) (-1.7877,0.5696,0.9649) (-1.8060,0.3073,0.9660) (-1.8114,-0.0000,0.9661) (-1.8060,-0.3073,0.9660) (-1.7877,-0.5696,0.9649) (-1.7740,-0.6744,0.9640) (-1.7462,-0.7753,0.9639) (-1.6867,-0.8854,0.9639) (-1.6285,-0.9475,0.9639) (-1.4957,-1.0198,0.9638) (-1.3770,-1.0539,0.9641) --name=Shell_Crease_083
  · #83  Shell_Crease_083   curve    deg 1  poles 17   integral  length 2.5312  bounds [-1.81 -1.05 0.96]–[-1.38 1.05 0.97]
> tint Shell_Crease_083 0.85 0.10 0.10
> polyline (-1.3781,1.0548,0.9556) (-1.4736,1.0370,0.9041) (-1.6107,0.9816,0.8438) (-1.6489,0.9526,0.8325) (-1.6816,0.9138,0.8270) (-1.7410,0.8074,0.8243) (-1.7723,0.7092,0.8243) (-1.7924,0.5685,0.8243) (-1.8090,0.3073,0.8243) (-1.8142,-0.0000,0.8243) (-1.8090,-0.3073,0.8243) (-1.7924,-0.5685,0.8243) (-1.7723,-0.7092,0.8243) (-1.7410,-0.8074,0.8243) (-1.6816,-0.9138,0.8270) (-1.6489,-0.9526,0.8325) (-1.6107,-0.9816,0.8438) (-1.4736,-1.0370,0.9041) (-1.3781,-1.0548,0.9556) --name=Shell_Crease_084
  · #84  Shell_Crease_084   curve    deg 1  poles 19   integral  length 2.6122  bounds [-1.81 -1.05 0.82]–[-1.38 1.05 0.96]
> tint Shell_Crease_084 0.85 0.10 0.10
> polyline (-0.6029,1.1573,0.6074) (-0.6447,1.1592,0.6928) (-0.7089,1.1514,0.7709) (-0.7972,1.1445,0.8459) (-0.9002,1.1394,0.9031) (-1.0115,1.1359,0.9312) (-1.1010,1.1354,0.9361) (-1.1928,1.1367,0.9196) (-1.3169,1.1409,0.8738) (-1.3955,1.1435,0.8213) (-1.4773,1.1432,0.7342) (-1.5303,1.1364,0.6447) (-1.5602,1.1299,0.5620) (-1.5747,1.1241,0.4685) (-1.5679,1.1172,0.3617) (-1.5366,1.1103,0.2592) (-1.4868,1.1056,0.1886) --name=Shell_Crease_085
  · #85  Shell_Crease_085   curve    deg 1  poles 17   integral  length 1.6630  bounds [-1.57 1.11 0.19]–[-0.60 1.16 0.94]
> tint Shell_Crease_085 0.85 0.10 0.10
> polyline (-0.6015,1.1570,0.6030) (-0.5797,1.1535,0.5096) (-0.5786,1.1486,0.3818) (-0.6029,1.1428,0.2730) (-0.6488,1.1357,0.1690) --name=Shell_Crease_086
  · #86  Shell_Crease_086   curve    deg 1  poles 5    integral  length 0.4494  bounds [-0.65 1.14 0.17]–[-0.58 1.16 0.60]
> tint Shell_Crease_086 0.85 0.10 0.10
> polyline (-1.5555,0.6768,0.9755) (-1.5800,0.5725,0.9755) (-1.5954,0.4078,0.9755) (-1.6094,-0.0000,0.9755) (-1.5954,-0.4078,0.9755) (-1.5800,-0.5725,0.9755) (-1.5555,-0.6768,0.9755) --name=Shell_Crease_087
  · #87  Shell_Crease_087   curve    deg 1  poles 7    integral  length 1.3612  bounds [-1.61 -0.68 0.98]–[-1.56 0.68 0.98]
> tint Shell_Crease_087 0.85 0.10 0.10
> polyline (-1.5083,0.7767,0.9755) (-1.4256,0.8462,0.9800) (-1.3377,0.8811,0.9889) --name=Shell_Crease_088
  · #88  Shell_Crease_088   curve    deg 1  poles 3    integral  length 0.2031  bounds [-1.51 0.78 0.98]–[-1.34 0.88 0.99]
> tint Shell_Crease_088 0.85 0.10 0.10
> polyline (-1.4397,0.6357,0.9711) (-1.4586,0.5570,0.9685) (-1.4696,0.4536,0.9685) (-1.4865,-0.0000,0.9685) (-1.4696,-0.4536,0.9685) (-1.4586,-0.5570,0.9685) (-1.4397,-0.6357,0.9711) --name=Shell_Crease_089
  · #89  Shell_Crease_089   curve    deg 1  poles 7    integral  length 1.2778  bounds [-1.49 -0.64 0.97]–[-1.44 0.64 0.97]
> tint Shell_Crease_089 0.85 0.10 0.10
> polyline (-0.7082,-1.1611,0.6886) (-0.6626,-1.1611,0.6090) (-0.6029,-1.1573,0.6074) --name=Shell_Crease_090
  · #90  Shell_Crease_090   curve    deg 1  poles 3    integral  length 0.1516  bounds [-0.71 -1.16 0.61]–[-0.60 -1.16 0.69]
> tint Shell_Crease_090 0.85 0.10 0.10
> polyline (-0.7222,-1.1611,0.1595) (-0.6641,-1.1611,0.2694) (-0.6397,-1.1611,0.3524) (-0.6326,-1.1611,0.4635) (-0.6504,-1.1611,0.5762) --name=Shell_Crease_091
  · #91  Shell_Crease_091   curve    deg 1  poles 5    integral  length 0.4362  bounds [-0.72 -1.16 0.16]–[-0.63 -1.16 0.58]
> tint Shell_Crease_091 0.85 0.10 0.10
> polyline (2.5497,-0.5222,0.5657) (2.4234,-0.7822,0.6183) (2.3267,-0.9448,0.6580) --name=Shell_Crease_092
  · #92  Shell_Crease_092   curve    deg 1  poles 3    integral  length 0.4871  bounds [2.33 -0.94 0.57]–[2.55 -0.52 0.66]
> tint Shell_Crease_092 0.85 0.10 0.10
> polyline (2.2550,-1.0081,0.6738) (2.3267,-0.9448,0.6580) --name=Shell_Crease_093
  · #93  Shell_Crease_093   curve    deg 1  poles 2    integral  length 0.0969  bounds [2.25 -1.01 0.66]–[2.33 -0.94 0.67]
> tint Shell_Crease_093 0.85 0.10 0.10
> polyline (2.2550,-1.0081,0.6738) (2.2025,-1.0089,0.7143) --name=Shell_Crease_094
  · #94  Shell_Crease_094   curve    deg 1  poles 2    integral  length 0.0663  bounds [2.20 -1.01 0.67]–[2.25 -1.01 0.71]
> tint Shell_Crease_094 0.85 0.10 0.10
> polyline (2.2260,-1.0307,0.6799) (2.1709,-1.0307,0.7222) --name=Shell_Crease_095
  · #95  Shell_Crease_095   curve    deg 1  poles 2    integral  length 0.0695  bounds [2.17 -1.03 0.68]–[2.23 -1.03 0.72]
> tint Shell_Crease_095 0.85 0.10 0.10
> polyline (2.2260,-1.0307,0.6799) (2.1024,-1.1309,0.7057) --name=Shell_Crease_096
  · #96  Shell_Crease_096   curve    deg 1  poles 2    integral  length 0.1612  bounds [2.10 -1.13 0.68]–[2.23 -1.03 0.71]
> tint Shell_Crease_096 0.85 0.10 0.10
> polyline (2.3250,-0.9448,0.6525) (2.2600,-1.0034,0.6676) --name=Shell_Crease_097
  · #97  Shell_Crease_097   curve    deg 1  poles 2    integral  length 0.0888  bounds [2.26 -1.00 0.65]–[2.33 -0.94 0.67]
> tint Shell_Crease_097 0.85 0.10 0.10
> polyline (2.1790,-0.9448,0.1752) (2.3009,-0.9448,0.5781) --name=Shell_Crease_098
  · #98  Shell_Crease_098   curve    deg 1  poles 2    integral  length 0.4209  bounds [2.18 -0.94 0.18]–[2.30 -0.94 0.58]
> tint Shell_Crease_098 0.85 0.10 0.10
> polyline (2.3009,-0.9448,0.5781) (2.3274,-0.8880,0.5636) --name=Shell_Crease_099
  · #99  Shell_Crease_099   curve    deg 1  poles 2    integral  length 0.0643  bounds [2.30 -0.94 0.56]–[2.33 -0.89 0.58]
> tint Shell_Crease_099 0.85 0.10 0.10
> polyline (2.3009,-0.9448,0.5781) (2.3234,-0.9448,0.6471) --name=Shell_Crease_100
  · #100 Shell_Crease_100   curve    deg 1  poles 2    integral  length 0.0726  bounds [2.30 -0.94 0.58]–[2.32 -0.94 0.65]
> tint Shell_Crease_100 0.85 0.10 0.10
> polyline (2.3274,-0.8880,0.5636) (2.3579,-0.8223,0.5469) --name=Shell_Crease_101
  · #101 Shell_Crease_101   curve    deg 1  poles 2    integral  length 0.0743  bounds [2.33 -0.89 0.55]–[2.36 -0.82 0.56]
> tint Shell_Crease_101 0.85 0.10 0.10
> polyline (2.3274,-0.8880,0.5636) (2.3050,-0.8621,0.5618) (2.3157,-0.8267,0.5546) (2.3579,-0.8223,0.5469) --name=Shell_Crease_102
  · #102 Shell_Crease_102   curve    deg 1  poles 4    integral  length 0.1151  bounds [2.31 -0.89 0.55]–[2.36 -0.82 0.56]
> tint Shell_Crease_102 0.85 0.10 0.10
> polyline (-1.4225,-1.1611,0.1546) (-1.4758,-1.1611,0.2475) (-1.5052,-1.1611,0.3277) (-1.5191,-1.1611,0.4073) (-1.5171,-1.1611,0.4815) (-1.4992,-1.1611,0.5690) (-1.4705,-1.1611,0.6383) (-1.4269,-1.1611,0.7061) (-1.3643,-1.1611,0.7741) (-1.2863,-1.1611,0.8261) (-1.1871,-1.1611,0.8643) (-1.1211,-1.1611,0.8776) (-1.0347,-1.1611,0.8775) (-0.9428,-1.1611,0.8594) (-0.8753,-1.1611,0.8331) (-0.7434,-1.1611,0.7293) --name=Shell_Crease_103
  · #103 Shell_Crease_103   curve    deg 1  poles 16   integral  length 1.3726  bounds [-1.52 -1.16 0.15]–[-0.74 -1.16 0.88]
> tint Shell_Crease_103 0.85 0.10 0.10
> polyline (0.9838,-1.0656,0.3104) (1.1538,-1.0517,0.1627) (1.3979,-1.1297,0.1591) (1.3416,-1.1309,0.2718) (1.3127,-1.1312,0.3649) --name=Shell_Crease_104
  · #104 Shell_Crease_104   curve    deg 1  poles 5    integral  length 0.7054  bounds [0.98 -1.13 0.16]–[1.40 -1.05 0.36]
> tint Shell_Crease_104 0.85 0.10 0.10
> polyline (1.7396,-0.7164,0.8647) (1.6664,-0.7836,0.8911) (1.5992,-0.8301,0.9013) (1.5233,-0.8566,0.8993) (1.3671,-0.8825,0.8886) (1.0076,-0.8970,0.8688) (0.1295,-0.8969,0.8660) --name=Shell_Crease_105
  · #105 Shell_Crease_105   curve    deg 1  poles 7    integral  length 1.6627  bounds [0.13 -0.90 0.86]–[1.74 -0.72 0.90]
> tint Shell_Crease_105 0.85 0.10 0.10
> polyline (1.7396,-0.7164,0.8647) (1.9461,-0.6716,0.8137) (2.1357,-0.6305,0.7511) (2.3294,-0.5886,0.6760) (2.5035,-0.5453,0.5922) --name=Shell_Crease_106
  · #106 Shell_Crease_106   curve    deg 1  poles 5    integral  length 0.8312  bounds [1.74 -0.72 0.59]–[2.50 -0.55 0.86]
> tint Shell_Crease_106 0.85 0.10 0.10
> polyline (2.0756,-1.1380,0.7101) (1.9866,-1.1380,0.7894) (1.8846,-1.1380,0.8390) (1.7594,-1.1380,0.8597) (1.6547,-1.1380,0.8501) (1.5443,-1.1380,0.8052) (1.4623,-1.1380,0.7482) (1.3929,-1.1380,0.6655) (1.3434,-1.1380,0.5615) --name=Shell_Crease_107
  · #107 Shell_Crease_107   curve    deg 1  poles 9    integral  length 0.9068  bounds [1.34 -1.14 0.56]–[2.08 -1.14 0.86]
> tint Shell_Crease_107 0.85 0.10 0.10
> polyline (0.1295,-0.8969,0.8660) (0.1313,-1.0131,0.8717) --name=Shell_Crease_108
  · #108 Shell_Crease_108   curve    deg 1  poles 2    integral  length 0.1164  bounds [0.13 -1.01 0.87]–[0.13 -0.90 0.87]
> tint Shell_Crease_108 0.85 0.10 0.10
> polyline (0.1295,-0.8969,0.8660) (-0.3588,-0.8899,0.8894) (-0.5509,-0.8887,0.9138) (-0.9190,-0.8880,0.9876) (-1.2299,-0.8877,1.0014) --name=Shell_Crease_109
  · #109 Shell_Crease_109   curve    deg 1  poles 5    integral  length 1.3692  bounds [-1.23 -0.90 0.87]–[0.13 -0.89 1.00]
> tint Shell_Crease_109 0.85 0.10 0.10
> polyline (0.1295,-0.8969,0.8660) (0.1285,-0.8481,0.8755) (0.1133,-0.8128,0.8811) --name=Shell_Crease_110
  · #110 Shell_Crease_110   curve    deg 1  poles 3    integral  length 0.0886  bounds [0.11 -0.90 0.87]–[0.13 -0.81 0.88]
> tint Shell_Crease_110 0.85 0.10 0.10
> polyline (1.3127,-1.1312,0.3649) (0.8532,-1.1046,0.4898) (0.5783,-1.1074,0.5393) (-0.1548,-1.1171,0.5896) (-0.4238,-1.1339,0.5983) (-0.6015,-1.1570,0.6030) --name=Shell_Crease_111
  · #111 Shell_Crease_111   curve    deg 1  poles 6    integral  length 1.9401  bounds [-0.60 -1.16 0.36]–[1.31 -1.10 0.60]
> tint Shell_Crease_111 0.85 0.10 0.10
> polyline (2.3234,-0.9448,0.6471) (2.1069,-1.1304,0.6997) --name=Shell_Crease_112
  · #112 Shell_Crease_112   curve    deg 1  poles 2    integral  length 0.2900  bounds [2.11 -1.13 0.65]–[2.32 -0.94 0.70]
> tint Shell_Crease_112 0.85 0.10 0.10
> polyline (2.2600,-1.0034,0.6676) (2.1056,-1.1306,0.7014) --name=Shell_Crease_113
  · #113 Shell_Crease_113   curve    deg 1  poles 2    integral  length 0.2029  bounds [2.11 -1.13 0.67]–[2.26 -1.00 0.70]
> tint Shell_Crease_113 0.85 0.10 0.10
> polyline (2.1069,-1.1304,0.6997) (2.1700,-1.1175,0.5778) (2.1926,-1.1105,0.4506) (2.1888,-1.1024,0.3767) (2.1738,-1.0979,0.3075) (2.1418,-1.0972,0.2289) (2.1142,-1.0815,0.1822) --name=Shell_Crease_114
  · #114 Shell_Crease_114   curve    deg 1  poles 7    integral  length 0.5540  bounds [2.11 -1.13 0.18]–[2.19 -1.08 0.70]
> tint Shell_Crease_114 0.85 0.10 0.10
> polyline (0.0103,-0.6815,1.0418) (-0.2100,-0.6474,1.0144) (-1.3406,-0.3997,0.8726) (-1.5095,-0.3713,0.8563) --name=Shell_Crease_115
  · #115 Shell_Crease_115   curve    deg 1  poles 4    integral  length 1.5627  bounds [-1.51 -0.68 0.86]–[0.01 -0.37 1.04]
> tint Shell_Crease_115 0.85 0.10 0.10
> polyline (0.0103,-0.6815,1.0418) (0.0778,-0.6883,1.0473) --name=Shell_Crease_116
  · #116 Shell_Crease_116   curve    deg 1  poles 2    integral  length 0.0681  bounds [0.01 -0.69 1.04]–[0.08 -0.68 1.05]
> tint Shell_Crease_116 0.85 0.10 0.10
> polyline (0.0103,-0.6815,1.0418) (0.0453,-0.7412,0.9775) (0.1133,-0.8128,0.8811) --name=Shell_Crease_117
  · #117 Shell_Crease_117   curve    deg 1  poles 3    integral  length 0.2325  bounds [0.01 -0.81 0.88]–[0.11 -0.68 1.04]
> tint Shell_Crease_117 0.85 0.10 0.10
> polyline (0.0103,-0.6815,1.0418) (0.0069,-0.5093,1.1030) (0.0069,-0.3743,1.1249) --name=Shell_Crease_118
  · #118 Shell_Crease_118   curve    deg 1  poles 3    integral  length 0.3195  bounds [0.01 -0.68 1.04]–[0.01 -0.37 1.12]
> tint Shell_Crease_118 0.85 0.10 0.10
> polyline (2.5035,-0.5453,0.5922) (2.4032,-0.7322,0.6462) --name=Shell_Crease_119
  · #119 Shell_Crease_119   curve    deg 1  poles 2    integral  length 0.2189  bounds [2.40 -0.73 0.59]–[2.50 -0.55 0.65]
> tint Shell_Crease_119 0.85 0.10 0.10
> polyline (0.0692,-0.3797,1.1309) (0.0692,-0.5338,1.1045) (0.0778,-0.6883,1.0473) --name=Shell_Crease_120
  · #120 Shell_Crease_120   curve    deg 1  poles 3    integral  length 0.3213  bounds [0.07 -0.69 1.05]–[0.08 -0.38 1.13]
> tint Shell_Crease_120 0.85 0.10 0.10
> polyline (0.0692,-0.3797,1.1309) (0.0069,-0.3743,1.1249) --name=Shell_Crease_121
  · #121 Shell_Crease_121   curve    deg 1  poles 2    integral  length 0.0628  bounds [0.01 -0.38 1.12]–[0.07 -0.37 1.13]
> tint Shell_Crease_121 0.85 0.10 0.10
> polyline (0.0692,-0.3797,1.1309) (0.0926,-0.3765,1.1337) (0.0982,-0.3650,1.1352) (0.0692,-0.3580,1.1323) --name=Shell_Crease_122
  · #122 Shell_Crease_122   curve    deg 1  poles 4    integral  length 0.0666  bounds [0.07 -0.38 1.13]–[0.10 -0.36 1.14]
> tint Shell_Crease_122 0.85 0.10 0.10
> polyline (0.0692,-0.3580,1.1323) (0.0069,-0.3530,1.1264) --name=Shell_Crease_123
  · #123 Shell_Crease_123   curve    deg 1  poles 2    integral  length 0.0628  bounds [0.01 -0.36 1.13]–[0.07 -0.35 1.13]
> tint Shell_Crease_123 0.85 0.10 0.10
> polyline (2.0960,-1.1123,0.1845) (2.1584,-1.1203,0.3175) (2.1744,-1.1281,0.4517) (2.1481,-1.1355,0.5860) (2.0802,-1.1380,0.7047) --name=Shell_Crease_124
  · #124 Shell_Crease_124   curve    deg 1  poles 5    integral  length 0.5563  bounds [2.08 -1.14 0.18]–[2.17 -1.11 0.70]
> tint Shell_Crease_124 0.85 0.10 0.10
> polyline (1.4183,-1.1380,0.1591) (1.3627,-1.1380,0.2670) (1.3310,-1.1380,0.3595) --name=Shell_Crease_125
  · #125 Shell_Crease_125   curve    deg 1  poles 3    integral  length 0.2192  bounds [1.33 -1.14 0.16]–[1.42 -1.14 0.36]
> tint Shell_Crease_125 0.85 0.10 0.10
> polyline (2.4614,-0.6716,0.6125) (2.5220,-0.5344,0.5798) --name=Shell_Crease_126
  · #126 Shell_Crease_126   curve    deg 1  poles 2    integral  length 0.1535  bounds [2.46 -0.67 0.58]–[2.52 -0.53 0.61]
> tint Shell_Crease_126 0.85 0.10 0.10
> polyline (2.2025,-1.0089,0.7143) (2.3073,-0.8979,0.6846) (2.4032,-0.7322,0.6462) --name=Shell_Crease_127
  · #127 Shell_Crease_127   curve    deg 1  poles 3    integral  length 0.3508  bounds [2.20 -1.01 0.65]–[2.40 -0.73 0.71]
> tint Shell_Crease_127 0.85 0.10 0.10
> polyline (2.1982,-1.0088,0.7160) (2.3034,-0.8979,0.6861) (2.3986,-0.7341,0.6478) --name=Shell_Crease_128
  · #128 Shell_Crease_128   curve    deg 1  poles 3    integral  length 0.3490  bounds [2.20 -1.01 0.65]–[2.40 -0.73 0.72]
> tint Shell_Crease_128 0.85 0.10 0.10
> polyline (2.0518,-1.0327,0.7670) (2.1312,-0.8973,0.7687) (2.2051,-0.8015,0.7417) (2.2514,-0.7642,0.7164) (2.3529,-0.7344,0.6574) --name=Shell_Crease_129
  · #129 Shell_Crease_129   curve    deg 1  poles 5    integral  length 0.4667  bounds [2.05 -1.03 0.66]–[2.35 -0.73 0.77]
> tint Shell_Crease_129 0.85 0.10 0.10
> polyline (2.0518,-1.0327,0.7670) (2.1240,-1.0290,0.7326) --name=Shell_Crease_130
  · #130 Shell_Crease_130   curve    deg 1  poles 2    integral  length 0.0801  bounds [2.05 -1.03 0.73]–[2.12 -1.03 0.77]
> tint Shell_Crease_130 0.85 0.10 0.10
> polyline (2.4032,-0.7322,0.6462) (2.2982,-0.7639,0.7139) (2.2477,-0.8054,0.7426) (2.2086,-0.8522,0.7594) (2.1481,-0.9439,0.7713) (2.1003,-1.0296,0.7662) (2.1709,-1.0307,0.7222) --name=Shell_Crease_131
  · #131 Shell_Crease_131   curve    deg 1  poles 7    integral  length 0.5555  bounds [2.10 -1.03 0.65]–[2.40 -0.73 0.77]
> tint Shell_Crease_131 0.85 0.10 0.10
> polyline (2.3986,-0.7341,0.6478) (2.2961,-0.7652,0.7140) (2.2468,-0.8058,0.7421) (2.2083,-0.8522,0.7588) (2.1572,-0.9283,0.7699) (2.1001,-1.0281,0.7658) (2.1687,-1.0291,0.7232) --name=Shell_Crease_132
  · #132 Shell_Crease_132   curve    deg 1  poles 7    integral  length 0.5464  bounds [2.10 -1.03 0.65]–[2.40 -0.73 0.77]
> tint Shell_Crease_132 0.85 0.10 0.10
> polyline (2.3986,-0.7341,0.6478) (2.3529,-0.7344,0.6574) --name=Shell_Crease_133
  · #133 Shell_Crease_133   curve    deg 1  poles 2    integral  length 0.0467  bounds [2.35 -0.73 0.65]–[2.40 -0.73 0.66]
> tint Shell_Crease_133 0.85 0.10 0.10
> polyline (2.1687,-1.0291,0.7232) (2.1240,-1.0290,0.7326) --name=Shell_Crease_134
  · #134 Shell_Crease_134   curve    deg 1  poles 2    integral  length 0.0457  bounds [2.12 -1.03 0.72]–[2.17 -1.03 0.73]
> tint Shell_Crease_134 0.85 0.10 0.10
> polyline (2.3529,-0.7344,0.6574) (2.2466,-0.9134,0.6989) (2.1240,-1.0290,0.7326) --name=Shell_Crease_135
  · #135 Shell_Crease_135   curve    deg 1  poles 3    integral  length 0.3841  bounds [2.12 -1.03 0.66]–[2.35 -0.73 0.73]
> tint Shell_Crease_135 0.85 0.10 0.10
> polyline (0.1133,-0.8128,0.8811) (-0.4065,-0.7323,0.8544) (-1.2303,-0.5958,0.8394) (-1.3916,-0.5591,0.8474) --name=Shell_Crease_136
  · #136 Shell_Crease_136   curve    deg 1  poles 4    integral  length 1.5275  bounds [-1.39 -0.81 0.84]–[0.11 -0.56 0.88]
> tint Shell_Crease_136 0.85 0.10 0.10
> polyline (1.3238,-1.1310,0.5608) (0.8759,-1.1134,0.5667) (0.4826,-1.1125,0.5718) (0.3860,-1.1151,0.5834) (0.3391,-1.1203,0.6079) (0.3020,-1.1236,0.6451) (0.2455,-1.1196,0.7191) (0.1945,-1.1027,0.7888) (0.1572,-1.0766,0.8418) (0.1313,-1.0131,0.8717) --name=Shell_Crease_137
  · #137 Shell_Crease_137   curve    deg 1  poles 10   integral  length 1.3706  bounds [0.13 -1.13 0.56]–[1.32 -1.01 0.87]
> tint Shell_Crease_137 0.85 0.10 0.10
> polyline (1.3238,-1.1310,0.5608) (1.3782,-1.1311,0.6764) (1.4566,-1.1312,0.7674) (1.5564,-1.1312,0.8320) (1.6646,-1.1312,0.8697) (1.7796,-1.1312,0.8764) (1.9042,-1.1312,0.8510) (2.0058,-1.1312,0.7975) (2.1024,-1.1309,0.7057) --name=Shell_Crease_138
  · #138 Shell_Crease_138   curve    deg 1  poles 9    integral  length 0.9718  bounds [1.32 -1.13 0.56]–[2.10 -1.13 0.88]
> tint Shell_Crease_138 0.85 0.10 0.10
> polyline (1.3238,-1.1310,0.5608) (1.3101,-1.1311,0.4732) (1.3096,-1.1312,0.3781) --name=Shell_Crease_139
  · #139 Shell_Crease_139   curve    deg 1  poles 3    integral  length 0.1838  bounds [1.31 -1.13 0.38]–[1.32 -1.13 0.56]
> tint Shell_Crease_139 0.85 0.10 0.10
> polyline (1.3254,-1.1310,0.5609) (1.3800,-1.1311,0.6764) (1.4577,-1.1312,0.7665) (1.5571,-1.1312,0.8307) (1.6651,-1.1312,0.8684) (1.7795,-1.1312,0.8749) (1.9036,-1.1312,0.8498) (2.0050,-1.1312,0.7964) (2.1003,-1.1309,0.7061) --name=Shell_Crease_140
  · #140 Shell_Crease_140   curve    deg 1  poles 9    integral  length 0.9665  bounds [1.33 -1.13 0.56]–[2.10 -1.13 0.87]
> tint Shell_Crease_140 0.85 0.10 0.10
> polyline (1.3254,-1.1310,0.5609) (1.3116,-1.1311,0.4730) (1.3111,-1.1312,0.3777) --name=Shell_Crease_141
  · #141 Shell_Crease_141   curve    deg 1  poles 3    integral  length 0.1843  bounds [1.31 -1.13 0.38]–[1.33 -1.13 0.56]
> tint Shell_Crease_141 0.85 0.10 0.10
> polyline (1.3434,-1.1380,0.5615) (1.3283,-1.1380,0.4713) (1.3279,-1.1380,0.3736) --name=Shell_Crease_142
  · #142 Shell_Crease_142   curve    deg 1  poles 3    integral  length 0.1892  bounds [1.33 -1.14 0.37]–[1.34 -1.14 0.56]
> tint Shell_Crease_142 0.85 0.10 0.10
> polyline (0.1313,-1.0131,0.8717) (0.3777,-1.0324,0.8675) --name=Shell_Crease_143
  · #143 Shell_Crease_143   curve    deg 1  poles 2    integral  length 0.2472  bounds [0.13 -1.03 0.87]–[0.38 -1.01 0.87]
> tint Shell_Crease_143 0.85 0.10 0.10
> polyline (0.1313,-1.0131,0.8717) (-0.1709,-1.0022,0.8793) (-0.3528,-0.9979,0.8946) (-0.7216,-0.9926,0.9667) (-0.9423,-0.9926,1.0005) (-1.1788,-0.9912,1.0054) (-1.2203,-1.0021,0.9997) --name=Shell_Crease_144
  · #144 Shell_Crease_144   curve    deg 1  poles 7    integral  length 1.3640  bounds [-1.22 -1.01 0.87]–[0.13 -0.99 1.01]
> tint Shell_Crease_144 0.85 0.10 0.10
> polyline (-0.6609,-1.1611,0.6046) (-0.6015,-1.1570,0.6030) --name=Shell_Crease_145
  · #145 Shell_Crease_145   curve    deg 1  poles 2    integral  length 0.0596  bounds [-0.66 -1.16 0.60]–[-0.60 -1.16 0.60]
> tint Shell_Crease_145 0.85 0.10 0.10
> polyline (2.1048,-1.1305,0.7001) (2.1683,-1.1184,0.5785) (2.1912,-1.1114,0.4507) (2.1873,-1.1036,0.3765) (2.1723,-1.0991,0.3072) (2.1400,-1.0981,0.2285) (2.1127,-1.0834,0.1824) --name=Shell_Crease_146
  · #146 Shell_Crease_146   curve    deg 1  poles 7    integral  length 0.5541  bounds [2.10 -1.13 0.18]–[2.19 -1.08 0.70]
> tint Shell_Crease_146 0.85 0.10 0.10
> polyline (0.0069,-0.3743,1.1249) (-1.5095,-0.2332,0.9017) --name=Shell_Crease_147
  · #147 Shell_Crease_147   curve    deg 1  poles 2    integral  length 1.5392  bounds [-1.51 -0.37 0.90]–[0.01 -0.23 1.12]
> tint Shell_Crease_147 0.85 0.10 0.10
> polyline (0.0069,-0.3530,1.1264) (-1.5095,-0.2225,0.9033) --name=Shell_Crease_148
  · #148 Shell_Crease_148   curve    deg 1  poles 2    integral  length 1.5383  bounds [-1.51 -0.35 0.90]–[0.01 -0.22 1.13]
> tint Shell_Crease_148 0.85 0.10 0.10
> polyline (1.3096,-1.1312,0.3781) (0.8529,-1.1069,0.4965) (0.5782,-1.1094,0.5442) (-0.1558,-1.1191,0.5938) (-0.4244,-1.1349,0.6026) (-0.6029,-1.1573,0.6074) --name=Shell_Crease_149
  · #149 Shell_Crease_149   curve    deg 1  poles 6    integral  length 1.9362  bounds [-0.60 -1.16 0.38]–[1.31 -1.11 0.61]
> tint Shell_Crease_149 0.85 0.10 0.10
> polyline (-1.4486,-1.0376,0.9247) (-1.3952,-1.0534,0.9555) --name=Shell_Crease_150
  · #150 Shell_Crease_150   curve    deg 1  poles 2    integral  length 0.0636  bounds [-1.45 -1.05 0.92]–[-1.40 -1.04 0.96]
> tint Shell_Crease_150 0.85 0.10 0.10
> polyline (-1.4498,-1.0336,0.9269) (-1.3959,-1.0538,0.9588) --name=Shell_Crease_151
  · #151 Shell_Crease_151   curve    deg 1  poles 2    integral  length 0.0658  bounds [-1.45 -1.05 0.93]–[-1.40 -1.03 0.96]
> tint Shell_Crease_151 0.85 0.10 0.10
> polyline (-1.2472,-1.0501,0.9793) (-1.3570,-1.0627,0.9531) --name=Shell_Crease_152
  · #152 Shell_Crease_152   curve    deg 1  poles 2    integral  length 0.1136  bounds [-1.36 -1.06 0.95]–[-1.25 -1.05 0.98]
> tint Shell_Crease_152 0.85 0.10 0.10
> polyline (-0.6029,-1.1573,0.6074) (-0.6447,-1.1592,0.6928) (-0.7089,-1.1514,0.7709) (-0.7972,-1.1445,0.8459) (-0.9002,-1.1394,0.9031) (-1.0115,-1.1359,0.9312) (-1.1010,-1.1354,0.9361) (-1.1928,-1.1367,0.9196) (-1.3169,-1.1409,0.8738) (-1.3955,-1.1435,0.8213) (-1.4773,-1.1432,0.7342) (-1.5303,-1.1364,0.6447) (-1.5602,-1.1299,0.5620) (-1.5747,-1.1241,0.4685) (-1.5679,-1.1172,0.3617) (-1.5366,-1.1103,0.2592) (-1.4868,-1.1056,0.1886) --name=Shell_Crease_153
  · #153 Shell_Crease_153   curve    deg 1  poles 17   integral  length 1.6630  bounds [-1.57 -1.16 0.19]–[-0.60 -1.11 0.94]
> tint Shell_Crease_153 0.85 0.10 0.10
> polyline (-0.6015,-1.1570,0.6030) (-0.5797,-1.1535,0.5096) (-0.5786,-1.1486,0.3818) (-0.6029,-1.1428,0.2730) (-0.6488,-1.1357,0.1690) --name=Shell_Crease_154
  · #154 Shell_Crease_154   curve    deg 1  poles 5    integral  length 0.4494  bounds [-0.65 -1.16 0.17]–[-0.58 -1.14 0.60]
> tint Shell_Crease_154 0.85 0.10 0.10
> polyline (-1.5083,-0.7767,0.9755) (-1.4256,-0.8462,0.9800) (-1.3377,-0.8811,0.9889) --name=Shell_Crease_155
  · #155 Shell_Crease_155   curve    deg 1  poles 3    integral  length 0.2031  bounds [-1.51 -0.88 0.98]–[-1.34 -0.78 0.99]
> tint Shell_Crease_155 0.85 0.10 0.10
> polyline (-1.6021,0.9266,0.9147) (-1.4886,1.0137,0.9182) (-1.5449,0.9884,0.8852) (-1.6012,0.9487,0.8664) (-1.6785,0.8043,0.8637) (-1.7178,0.6744,0.8637) (-1.7343,0.5338,0.8637) (-1.7514,0.2186,0.8637) (-1.7549,-0.0374,0.8637) (-1.7451,-0.3804,0.8637) (-1.7235,-0.6392,0.8637) (-1.7018,-0.7423,0.8637) (-1.6785,-0.8043,0.8637) (-1.6012,-0.9487,0.8664) (-1.5449,-0.9884,0.8852) (-1.4886,-1.0137,0.9182) (-1.6021,-0.9266,0.9147) (-1.6503,-0.8541,0.9146) (-1.6890,-0.7735,0.9146) (-1.7215,-0.6391,0.9146) (-1.7454,-0.3556,0.9146) (-1.7589,0.0374,0.9146) (-1.7261,0.6038,0.9146) (-1.6890,0.7735,0.9146) (-1.6503,0.8541,0.9146) --closed --name=Shell_Crease_156
  · #156 Shell_Crease_156   curve    deg 1  poles 26   integral closed  length 4.4301  bounds [-1.76 -1.01 0.86]–[-1.49 1.01 0.92]
> tint Shell_Crease_156 0.85 0.10 0.10
> polyline (-1.5083,0.7767,0.9755) (-1.5218,0.6350,0.8515) (-1.5116,0.4216,0.8403) (-1.5095,0.2261,0.9037) (-1.5095,-0.2261,0.9037) (-1.5104,-0.4025,0.8421) (-1.5220,-0.6268,0.8488) (-1.5083,-0.7767,0.9755) --name=Shell_Edge_001
  · #157 Shell_Edge_001     curve    deg 1  poles 8    integral  length 1.6687  bounds [-1.52 -0.78 0.84]–[-1.51 0.78 0.98]
> tint Shell_Edge_001 0.15 0.35 1.00
> polyline (-1.3913,0.7670,0.9843) (-1.4397,0.6357,0.9711) (-1.4622,0.5319,0.9685) (-1.4809,0.2808,0.9685) (-1.4865,-0.0000,0.9685) (-1.4809,-0.2808,0.9685) (-1.4622,-0.5319,0.9685) (-1.4397,-0.6357,0.9711) (-1.3913,-0.7670,0.9843) --name=Shell_Edge_002
  · #158 Shell_Edge_002     curve    deg 1  poles 9    integral  length 1.5589  bounds [-1.49 -0.77 0.97]–[-1.39 0.77 0.98]
> tint Shell_Edge_002 0.15 0.35 1.00
> polyline (1.3306,1.1380,0.3609) (1.3627,1.1380,0.2670) (1.4183,1.1380,0.1591) (1.1538,1.0517,0.1627) (0.8772,1.0774,0.4008) (0.8270,1.0826,0.4315) (0.7441,1.0870,0.4617) (0.5789,1.0909,0.4987) (0.4295,1.0926,0.5184) (0.0672,1.0938,0.5439) (-0.0955,1.0928,0.5443) (-0.1281,1.0916,0.5372) (-0.1682,1.0875,0.5103) (-0.4144,1.0422,0.1992) (-0.7222,1.1611,0.1595) (-0.6641,1.1611,0.2694) (-0.6355,1.1611,0.3805) (-0.6364,1.1611,0.5095) (-0.6663,1.1611,0.6173) (-0.7334,1.1611,0.7189) (-0.8506,1.1611,0.8180) (-0.9428,1.1611,0.8594) (-1.0575,1.1611,0.8791) (-1.1399,1.1611,0.8753) (-1.2170,1.1611,0.8539) (-1.3019,1.1611,0.8180) (-1.3757,1.1611,0.7638) (-1.4394,1.1611,0.6892) (-1.4789,1.1611,0.6214) (-1.5047,1.1611,0.5494) (-1.5192,1.1611,0.4571) (-1.5164,1.1611,0.3816) (-1.4967,1.1611,0.3000) (-1.4225,1.1611,0.1546) (-1.5419,1.0551,0.2180) (-1.6028,0.9730,0.2628) (-1.6735,0.9224,0.3961) (-1.7155,0.8693,0.4960) (-1.7315,0.8306,0.5141) (-1.7650,0.6871,0.5167) (-1.7881,0.3462,0.5167) (-1.7948,-0.1249,0.5167) (-1.7737,-0.6178,0.5167) (-1.7386,-0.8072,0.5164) (-1.7239,-0.8512,0.5080) (-1.7061,-0.8850,0.4770) (-1.6503,-0.9427,0.3431) (-1.6028,-0.9730,0.2628) (-1.5419,-1.0551,0.2180) (-1.4225,-1.1611,0.1546) (-1.4967,-1.1611,0.3000) (-1.5199,-1.1611,0.4324) (-1.5096,-1.1611,0.5281) (-1.4864,-1.1611,0.6046) (-1.4508,-1.1611,0.6722) (-1.3877,-1.1611,0.7519) (-1.3292,-1.1611,0.8009) (-1.2693,-1.1611,0.8338) (-1.1726,-1.1611,0.8686) (-1.0797,-1.1611,0.8796) (-0.9651,-1.1611,0.8655) (-0.8630,-1.1611,0.8260) (-0.7434,-1.1611,0.7293) (-0.6710,-1.1611,0.6269) (-0.6364,-1.1611,0.5095) (-0.6355,-1.1611,0.3805) (-0.6641,-1.1611,0.2694) (-0.7222,-1.1611,0.1595) (-0.4144,-1.0422,0.1992) (-0.1682,-1.0875,0.5103) (-0.1281,-1.0916,0.5372) (-0.0504,-1.0935,0.5472) (0.4785,-1.0922,0.5133) (0.7441,-1.0870,0.4617) (0.8270,-1.0826,0.4315) (0.8772,-1.0774,0.4008) (1.1538,-1.0517,0.1627) (1.4183,-1.1380,0.1591) (1.3627,-1.1380,0.2670) (1.3279,-1.1380,0.3736) (1.3283,-1.1380,0.4713) (1.3506,-1.1380,0.5810) (1.4002,-1.1380,0.6764) (1.4809,-1.1380,0.7640) (1.5856,-1.1380,0.8257) (1.6870,-1.1380,0.8558) (1.7781,-1.1380,0.8587) (1.8592,-1.1380,0.8462) (1.9285,-1.1380,0.8220) (1.9956,-1.1380,0.7831) (2.0607,-1.1380,0.7273) (2.1214,-1.1380,0.6432) (2.1513,-1.1348,0.5770) (2.1698,-1.1308,0.5024) (2.1742,-1.1265,0.4223) (2.1621,-1.1212,0.3314) (2.1348,-1.1165,0.2542) (2.0960,-1.1123,0.1845) (2.1790,-0.9448,0.1752) (2.1071,-0.9421,0.1856) (2.1506,-0.9425,0.2828) (2.1729,-0.9429,0.3774) (2.1734,-0.9433,0.4734) (2.1482,-0.9438,0.5847) (2.3009,-0.9448,0.5781) (2.3274,-0.8880,0.5636) (2.3050,-0.8621,0.5618) (2.3157,-0.8267,0.5546) (2.3579,-0.8223,0.5469) (2.4494,-0.6234,0.4964) (2.4966,-0.4791,0.4613) (2.4983,-0.4401,0.4429) (2.4818,-0.3527,0.3878) (2.4831,-0.2991,0.3746) (2.5006,-0.0000,0.3744) (2.4812,0.3167,0.3761) (2.4818,0.3527,0.3878) (2.4986,0.4691,0.4578) (2.4494,0.6234,0.4964) (2.3579,0.8223,0.5469) (2.3157,0.8267,0.5546) (2.3050,0.8621,0.5618) (2.3274,0.8880,0.5636) (2.3009,0.9448,0.5781) (2.1482,0.9438,0.5847) (2.1734,0.9433,0.4734) (2.1729,0.9429,0.3774) (2.1506,0.9425,0.2828) (2.1071,0.9421,0.1856) (2.1790,0.9448,0.1752) (2.0960,1.1123,0.1845) (2.1497,1.1187,0.2905) (2.1733,1.1256,0.4066) (2.1686,1.1312,0.5094) (2.1336,1.1373,0.6208) (2.0717,1.1380,0.7148) (1.9866,1.1380,0.7894) (1.8846,1.1380,0.8390) (1.7781,1.1380,0.8587) (1.6870,1.1380,0.8558) (1.6053,1.1380,0.8342) (1.5080,1.1380,0.7836) (1.4416,1.1380,0.7273) (1.3861,1.1380,0.6545) (1.3434,1.1380,0.5615) (1.3283,1.1380,0.4713) --closed --name=Shell_Edge_003
  · #159 Shell_Edge_003     curve    deg 1  poles 147  integral closed  length 19.3326  bounds [-1.79 -1.16 0.15]–[2.50 1.16 0.88]
> tint Shell_Edge_003 0.15 0.35 1.00
> polyline (-1.3506,1.0452,0.9757) (-1.4049,1.0410,0.9735) --closed --name=Shell_Edge_004
  · #160 Shell_Edge_004     curve    deg 1  poles 2    integral  length 0.0545  bounds [-1.40 1.04 0.97]–[-1.35 1.05 0.98]
> tint Shell_Edge_004 0.15 0.35 1.00
> polyline (-1.4049,-1.0410,0.9735) (-1.3495,-1.0452,0.9756) --closed --name=Shell_Edge_005
  · #161 Shell_Edge_005     curve    deg 1  poles 2    integral  length 0.0556  bounds [-1.40 -1.05 0.97]–[-1.35 -1.04 0.98]
> tint Shell_Edge_005 0.15 0.35 1.00
> polyline (1.0217,0.8873,0.7247) (1.1778,0.7442,0.7247) (1.1791,0.3748,0.7247) (1.1786,-0.7395,0.7247) (1.0217,-0.8873,0.7247) --name=Front_Cowl_Crease_001
  · #162 Front_Cowl_Crease_001 curve    deg 1  poles 5    integral  length 1.9110  bounds [1.02 -0.89 0.72]–[1.18 0.89 0.72]
> tint Front_Cowl_Crease_001 0.85 0.10 0.10
> polyline (1.0775,0.8873,0.7801) (1.2336,0.7442,0.7801) (1.2349,0.3748,0.7801) (1.2343,-0.7395,0.7801) (1.0775,-0.8873,0.7801) --name=Front_Cowl_Crease_002
  · #163 Front_Cowl_Crease_002 curve    deg 1  poles 5    integral  length 1.9109  bounds [1.08 -0.89 0.78]–[1.23 0.89 0.78]
> tint Front_Cowl_Crease_002 0.85 0.10 0.10
> polyline (1.0283,0.8873,0.7028) (1.1844,0.7442,0.7028) (1.1857,0.1411,0.7028) (1.1851,-0.7395,0.7028) (1.0283,-0.8873,0.7028) --name=Front_Cowl_Crease_003
  · #164 Front_Cowl_Crease_003 curve    deg 1  poles 5    integral  length 1.9109  bounds [1.03 -0.89 0.70]–[1.19 0.89 0.70]
> tint Front_Cowl_Crease_003 0.85 0.10 0.10
> polyline (1.3428,0.7742,0.5709) (1.2168,0.8873,0.5709) (1.0262,0.8873,0.7043) (1.0209,0.8873,0.7235) (1.0775,0.8873,0.7801) (1.3545,0.8873,0.7972) (1.3439,0.7601,0.7972) (1.3439,-0.7601,0.7972) (1.3545,-0.8873,0.7972) (1.0775,-0.8873,0.7801) (1.0209,-0.8873,0.7235) (1.0262,-0.8873,0.7043) (1.2168,-0.8873,0.5709) (1.3729,-0.7442,0.5709) (1.3742,-0.2039,0.5709) (1.2796,-0.1634,0.6370) (1.2718,-0.1084,0.6425) (1.2746,0.1580,0.6406) (1.3742,0.2039,0.5709) (1.3736,0.7395,0.5709) --closed --name=Front_Cowl_Edge_001
  · #165 Front_Cowl_Edge_001 curve    deg 1  poles 21   integral closed  length 5.0736  bounds [1.02 -0.89 0.57]–[1.37 0.89 0.80]
> tint Front_Cowl_Edge_001 0.15 0.35 1.00
> polyline (1.0411,0.5492,1.0616) (1.1114,0.4554,1.0605) (1.1876,0.2634,1.0604) (1.2142,0.1264,1.0602) (1.2211,-0.0000,1.0598) (1.2142,-0.1264,1.0602) (1.1876,-0.2634,1.0604) (1.1114,-0.4554,1.0605) (1.0411,-0.5492,1.0616) --name=Roof_Glass_Frame_Crease_001
  · #166 Roof_Glass_Frame_Crease_001 curve    deg 1  poles 9    integral  length 1.1799  bounds [1.04 -0.55 1.06]–[1.22 0.55 1.06]
> tint Roof_Glass_Frame_Crease_001 0.85 0.10 0.10
> polyline (0.1186,0.6933,1.0468) (0.3919,0.7031,1.0494) (0.7627,0.6873,1.0501) (0.8966,0.6605,1.0498) (0.9665,0.6328,1.0493) (1.0370,0.5831,1.0507) --name=Roof_Glass_Frame_Crease_002
  · #167 Roof_Glass_Frame_Crease_002 curve    deg 1  poles 6    integral  length 0.9426  bounds [0.12 0.58 1.05]–[1.04 0.70 1.05]
> tint Roof_Glass_Frame_Crease_002 0.85 0.10 0.10
> polyline (0.0969,0.6520,1.0656) (0.3920,0.6614,1.0718) (0.7508,0.6486,1.0719) (0.8736,0.6257,1.0705) (0.9348,0.6016,1.0700) (0.9980,0.5557,1.0706) --name=Roof_Glass_Frame_Crease_003
  · #168 Roof_Glass_Frame_Crease_003 curve    deg 1  poles 6    integral  length 0.9232  bounds [0.10 0.56 1.07]–[1.00 0.66 1.07]
> tint Roof_Glass_Frame_Crease_003 0.85 0.10 0.10
> polyline (1.0440,0.5091,1.0698) (1.1050,0.4112,1.0697) (1.1623,0.2584,1.0683) (1.1882,0.1251,1.0676) (1.1950,-0.0000,1.0670) (1.1882,-0.1251,1.0676) (1.1623,-0.2584,1.0683) (1.1050,-0.4112,1.0697) (1.0440,-0.5091,1.0698) --name=Roof_Glass_Frame_Crease_004
  · #169 Roof_Glass_Frame_Crease_004 curve    deg 1  poles 9    integral  length 1.0793  bounds [1.04 -0.51 1.07]–[1.20 0.51 1.07]
> tint Roof_Glass_Frame_Crease_004 0.85 0.10 0.10
> polyline (1.3343,0.7973,0.8136) (1.4099,0.7762,0.8103) (1.3021,0.7118,0.8952) (1.1086,0.5993,1.0183) (1.0958,0.5378,1.0454) (1.1673,0.4345,1.0447) (1.2336,0.2712,1.0441) (1.2631,0.1288,1.0441) (1.2705,-0.0000,1.0439) (1.2631,-0.1288,1.0441) (1.2336,-0.2712,1.0441) (1.1673,-0.4345,1.0447) (1.0958,-0.5378,1.0454) (1.1086,-0.5993,1.0183) (1.3021,-0.7118,0.8952) (1.4099,-0.7762,0.8103) (1.3343,-0.7973,0.8136) --name=Roof_Glass_Frame_Crease_005
  · #170 Roof_Glass_Frame_Crease_005 curve    deg 1  poles 17   integral  length 2.2606  bounds [1.10 -0.80 0.81]–[1.41 0.80 1.05]
> tint Roof_Glass_Frame_Crease_005 0.85 0.10 0.10
> polyline (1.3596,0.8104,0.8058) (1.4429,0.7944,0.8073) --name=Roof_Glass_Frame_Crease_006
  · #171 Roof_Glass_Frame_Crease_006 curve    deg 1  poles 2    integral  length 0.0848  bounds [1.36 0.79 0.81]–[1.44 0.81 0.81]
> tint Roof_Glass_Frame_Crease_006 0.85 0.10 0.10
> polyline (1.0411,0.5492,1.0616) (1.1114,0.4554,1.0605) (1.1876,0.2634,1.0604) (1.2142,0.1264,1.0602) (1.2211,-0.0000,1.0598) (1.2142,-0.1264,1.0602) (1.1876,-0.2634,1.0604) (1.1114,-0.4554,1.0605) (1.0411,-0.5492,1.0616) --name=Roof_Glass_Frame_Crease_007
  · #172 Roof_Glass_Frame_Crease_007 curve    deg 1  poles 9    integral  length 1.1799  bounds [1.04 -0.55 1.06]–[1.22 0.55 1.06]
> tint Roof_Glass_Frame_Crease_007 0.85 0.10 0.10
> polyline (0.1186,-0.6933,1.0468) (0.3919,-0.7031,1.0494) (0.7627,-0.6873,1.0501) (0.8966,-0.6605,1.0498) (0.9665,-0.6328,1.0493) (1.0370,-0.5831,1.0507) --name=Roof_Glass_Frame_Crease_008
  · #173 Roof_Glass_Frame_Crease_008 curve    deg 1  poles 6    integral  length 0.9426  bounds [0.12 -0.70 1.05]–[1.04 -0.58 1.05]
> tint Roof_Glass_Frame_Crease_008 0.85 0.10 0.10
> polyline (0.0969,-0.6521,1.0656) (0.3920,-0.6614,1.0718) (0.7508,-0.6486,1.0719) (0.8736,-0.6257,1.0705) (0.9348,-0.6016,1.0700) (0.9980,-0.5557,1.0706) --name=Roof_Glass_Frame_Crease_009
  · #174 Roof_Glass_Frame_Crease_009 curve    deg 1  poles 6    integral  length 0.9232  bounds [0.10 -0.66 1.07]–[1.00 -0.56 1.07]
> tint Roof_Glass_Frame_Crease_009 0.85 0.10 0.10
> polyline (1.3596,-0.8104,0.8058) (1.4429,-0.7944,0.8073) --name=Roof_Glass_Frame_Crease_010
  · #175 Roof_Glass_Frame_Crease_010 curve    deg 1  poles 2    integral  length 0.0848  bounds [1.36 -0.81 0.81]–[1.44 -0.79 0.81]
> tint Roof_Glass_Frame_Crease_010 0.85 0.10 0.10
> polyline (0.1186,0.6933,1.0468) (-0.1227,0.6671,1.0203) (-0.1278,0.6337,1.0349) (0.0459,0.6484,1.0618) (0.2092,0.6577,1.0691) (0.6746,0.6560,1.0719) (0.8736,0.6257,1.0705) (0.9348,0.6016,1.0700) (0.9980,0.5557,1.0706) (1.0440,0.5091,1.0698) (1.0877,0.4451,1.0695) (1.1623,0.2584,1.0683) (1.1933,0.0622,1.0673) (1.1933,-0.0622,1.0673) (1.1779,-0.1913,1.0679) (1.1221,-0.3719,1.0696) (1.0877,-0.4451,1.0695) (1.0440,-0.5091,1.0698) (0.9695,-0.5779,1.0705) (0.8736,-0.6257,1.0705) (0.6746,-0.6560,1.0719) (0.3920,-0.6614,1.0718) (0.0969,-0.6521,1.0656) (-0.1278,-0.6337,1.0349) (-0.1227,-0.6671,1.0203) (0.1186,-0.6933,1.0468) (0.5626,-0.7014,1.0494) (0.6886,-0.6956,1.0497) (0.8350,-0.6756,1.0500) (0.9665,-0.6328,1.0493) (1.0119,-0.6026,1.0501) (1.0533,-0.6278,1.0215) (1.0370,-0.5831,1.0507) (1.0411,-0.5492,1.0616) (1.1114,-0.4554,1.0605) (1.1876,-0.2634,1.0604) (1.2142,-0.1264,1.0602) (1.2211,-0.0000,1.0598) (1.2142,0.1264,1.0602) (1.1876,0.2634,1.0604) (1.1114,0.4554,1.0605) (1.0411,0.5492,1.0616) (1.0370,0.5831,1.0507) (1.0533,0.6278,1.0215) (1.0119,0.6026,1.0501) (0.9665,0.6328,1.0493) (0.8966,0.6605,1.0498) (0.6886,0.6956,1.0497) (0.3919,0.7031,1.0494) --closed --name=Roof_Glass_Frame_Edge_001
  · #176 Roof_Glass_Frame_Edge_001 curve    deg 1  poles 50   integral closed  length 7.3700  bounds [-0.13 -0.70 1.02]–[1.22 0.70 1.07]
> tint Roof_Glass_Frame_Edge_001 0.15 0.35 1.00
> polyline (1.3596,0.8104,0.8058) (1.3343,0.7973,0.8136) (1.2254,0.7314,0.9031) (1.0533,0.6278,1.0215) (1.0370,0.5831,1.0507) (1.0411,0.5492,1.0616) (1.1114,0.4554,1.0605) (1.1876,0.2634,1.0604) (1.2142,0.1264,1.0602) (1.2211,-0.0000,1.0598) (1.2142,-0.1264,1.0602) (1.1876,-0.2634,1.0604) (1.1289,-0.4206,1.0608) (1.0411,-0.5492,1.0616) (1.0370,-0.5831,1.0507) (1.0533,-0.6278,1.0215) (1.2254,-0.7314,0.9031) (1.3343,-0.7973,0.8136) (1.3596,-0.8104,0.8058) (1.4429,-0.7944,0.8073) (1.4099,-0.7762,0.8103) (1.3021,-0.7118,0.8952) (1.1086,-0.5993,1.0183) (1.0958,-0.5378,1.0454) (1.1673,-0.4345,1.0447) (1.2336,-0.2712,1.0441) (1.2631,-0.1288,1.0441) (1.2705,-0.0000,1.0439) (1.2631,0.1288,1.0441) (1.2336,0.2712,1.0441) (1.1673,0.4345,1.0447) (1.0958,0.5378,1.0454) (1.1086,0.5993,1.0183) (1.3021,0.7118,0.8952) (1.4099,0.7762,0.8103) (1.4429,0.7944,0.8073) --closed --name=Roof_Glass_Frame_Edge_002
  · #177 Roof_Glass_Frame_Edge_002 curve    deg 1  poles 37   integral closed  length 4.5484  bounds [1.04 -0.81 0.81]–[1.44 0.81 1.06]
> tint Roof_Glass_Frame_Edge_002 0.15 0.35 1.00
> polyline (-1.4389,-1.4111,0.1571) (-1.4314,-1.4111,0.1646) (-1.4864,-1.4111,0.2596) (-1.5214,-1.4111,0.3796) (-1.5214,-1.4111,0.4796) (-1.5014,-1.4111,0.5746) (-1.4614,-1.4111,0.6596) (-1.4014,-1.4111,0.7396) (-1.3439,-1.4111,0.7921) (-1.2589,-1.4111,0.8371) (-0.8989,-1.4111,0.8421) (-0.7989,-1.4111,0.7771) (-0.7114,-1.4111,0.6896) (-0.6464,-1.4111,0.5596) (-0.6364,-1.4111,0.3746) (-0.6614,-1.4111,0.2746) (-0.7189,-1.4111,0.1571) (-0.4189,-1.4111,0.1971) (-0.1489,-1.4111,0.5271) (-0.0489,-1.4111,0.5471) (0.4361,-1.4111,0.5171) (0.7011,-1.4111,0.4721) (0.8111,-1.4111,0.4371) (0.8711,-1.4111,0.4021) (1.1561,-1.4111,0.1571) (1.4111,-1.4111,0.1571) (1.3536,-1.4111,0.2746) (1.3236,-1.4111,0.3696) (1.3336,-1.4111,0.5346) (1.3386,-1.4111,0.5596) (1.3686,-1.4111,0.5696) (1.3486,-1.4111,0.5846) (1.4036,-1.4111,0.6846) (1.5211,-1.4111,0.7921) (1.9111,-1.4111,0.7921) (2.0161,-1.4111,0.7621) (2.0736,-1.4111,0.7096) (2.1436,-1.4111,0.5946) (2.1736,-1.4111,0.4596) (2.1536,-1.4111,0.2996) (2.0936,-1.4111,0.1846) (2.1161,-1.4111,0.1771) (2.1786,-1.4111,0.1746) (2.3011,-1.4111,0.5721) (2.3186,-1.4111,0.5646) (2.3111,-1.4111,0.5521) (2.3911,-1.4111,0.5271) (2.4986,-1.4111,0.4546) (2.4811,-1.4111,0.3721) (2.5036,-1.4111,0.3796) (2.5986,-1.4111,0.5546) (2.1311,-1.4111,0.7971) (1.9911,-1.4111,0.8521) (1.8061,-1.4111,0.8971) (1.6211,-1.4111,0.9071) (1.4761,-1.4111,0.9721) (1.2261,-1.4111,1.0571) (0.9761,-1.4111,1.1221) (0.8111,-1.4111,1.1471) (0.6811,-1.4111,1.1571) (0.2161,-1.4111,1.1521) (-0.1939,-1.4111,1.1071) (-0.8989,-1.4111,0.9921) (-1.0189,-1.4111,1.0071) (-1.1639,-1.4111,1.0071) (-1.5689,-1.4111,0.9721) (-1.8089,-1.4111,0.9721) (-1.7614,-1.4111,0.9146) (-1.7564,-1.4111,0.8596) (-1.8164,-1.4111,0.8246) (-1.8364,-1.4111,0.7496) (-1.8414,-1.4111,0.6346) (-1.8264,-1.4111,0.5646) (-1.7939,-1.4111,0.5121) (-1.7339,-1.4111,0.5121) (-1.7164,-1.4111,0.4946) (-1.6614,-1.4111,0.3546) (-1.6064,-1.4111,0.2596) --closed --name=View_Side_01
  · #178 View_Side_01       curve    deg 1  poles 79   integral closed  length 12.9303  bounds [-1.84 -1.41 0.16]–[2.60 -1.41 1.16]
> tint View_Side_01 0.05 0.05 0.05
> polyline (-1.5239,-1.1636,1.4109) (-0.6189,-1.1636,1.4109) (-0.5539,-1.1486,1.4109) (-0.3089,-1.1336,1.4109) (0.3111,-1.1236,1.4109) (1.1061,-1.1236,1.4109) (1.3161,-1.1386,1.4109) (2.1711,-1.1336,1.4109) (2.2286,-1.0361,1.4109) (2.3336,-0.9361,1.4109) (2.3686,-0.8811,1.4109) (2.5586,-0.4911,1.4109) (2.5936,-0.2061,1.4109) (2.5986,0.1139,1.4109) (2.5786,0.3589,1.4109) (2.5486,0.5189,1.4109) (2.4236,0.7789,1.4109) (2.3286,0.9389,1.4109) (2.2436,1.0139,1.4109) (2.1936,1.1039,1.4109) (2.1711,1.1264,1.4109) (2.1361,1.1364,1.4109) (1.3211,1.1364,1.4109) (1.2211,1.1214,1.4109) (0.5661,1.1164,1.4109) (-0.2489,1.1264,1.4109) (-0.5339,1.1414,1.4109) (-0.6039,1.1564,1.4109) (-1.5289,1.1564,1.4109) (-1.6014,1.0989,1.4109) (-1.6614,1.0189,1.4109) (-1.7564,0.8339,1.4109) (-1.8014,0.6889,1.4109) (-1.8364,0.3339,1.4109) (-1.8414,-0.2111,1.4109) (-1.8164,-0.6061,1.4109) (-1.7764,-0.7861,1.4109) (-1.6964,-0.9611,1.4109) (-1.6364,-1.0611,1.4109) (-1.5689,-1.1336,1.4109) --closed --name=View_Top_01
  · #179 View_Top_01        curve    deg 1  poles 41   integral closed  length 12.3945  bounds [-1.84 -1.16 1.41]–[2.60 1.16 1.41]
> tint View_Top_01 0.05 0.05 0.05
> polyline (-1.5239,1.1636,-0.0954) (-0.6189,1.1636,-0.0954) (-0.5539,1.1486,-0.0954) (-0.3089,1.1336,-0.0954) (0.3111,1.1236,-0.0954) (1.1061,1.1236,-0.0954) (1.3161,1.1386,-0.0954) (2.1711,1.1336,-0.0954) (2.2286,1.0361,-0.0954) (2.3336,0.9361,-0.0954) (2.3686,0.8811,-0.0954) (2.5586,0.4911,-0.0954) (2.5936,0.2061,-0.0954) (2.5986,-0.1139,-0.0954) (2.5786,-0.3589,-0.0954) (2.5486,-0.5189,-0.0954) (2.4236,-0.7789,-0.0954) (2.3286,-0.9389,-0.0954) (2.2436,-1.0139,-0.0954) (2.1936,-1.1039,-0.0954) (2.1711,-1.1264,-0.0954) (2.1361,-1.1364,-0.0954) (1.3211,-1.1364,-0.0954) (1.2211,-1.1214,-0.0954) (0.5661,-1.1164,-0.0954) (-0.2489,-1.1264,-0.0954) (-0.5339,-1.1414,-0.0954) (-0.6039,-1.1564,-0.0954) (-1.5289,-1.1564,-0.0954) (-1.6014,-1.0989,-0.0954) (-1.6614,-1.0189,-0.0954) (-1.7564,-0.8339,-0.0954) (-1.8014,-0.6889,-0.0954) (-1.8364,-0.3339,-0.0954) (-1.8414,0.2111,-0.0954) (-1.8164,0.6061,-0.0954) (-1.7764,0.7861,-0.0954) (-1.6964,0.9611,-0.0954) (-1.6364,1.0611,-0.0954) (-1.5689,1.1336,-0.0954) --closed --name=View_Bottom_01
  · #180 View_Bottom_01     curve    deg 1  poles 41   integral closed  length 12.3945  bounds [-1.84 -1.16 -0.10]–[2.60 1.16 -0.10]
> tint View_Bottom_01 0.05 0.05 0.05
> polyline (2.8520,0.6825,0.1521) (2.8520,0.6625,0.1671) (2.8520,0.6575,0.1571) (2.8520,0.5775,0.1571) (2.8520,0.5725,0.1771) (2.8520,0.4650,0.1796) (2.8520,0.4650,0.3496) (2.8520,0.4100,0.4746) (2.8520,0.3575,0.5121) (2.8520,0.2125,0.5121) (2.8520,0.0075,0.4621) (2.8520,-0.1575,0.3721) (2.8520,-0.7925,0.3721) (2.8520,-0.9625,0.4621) (2.8520,-1.1625,0.5121) (2.8520,-1.3125,0.5121) (2.8520,-1.3650,0.4696) (2.8520,-1.4200,0.3396) (2.8520,-1.4200,0.1746) (2.8520,-1.5225,0.1771) (2.8520,-1.5325,0.1571) (2.8520,-1.6325,0.1571) (2.8520,-1.6350,0.8846) (2.8520,-1.5925,0.9571) (2.8520,-1.5175,0.9921) (2.8520,-1.4475,1.0071) (2.8520,-1.2575,0.9771) (2.8520,-1.1675,1.0571) (2.8520,-1.0325,1.1171) (2.8520,-0.9425,1.1421) (2.8520,-0.7975,1.1571) (2.8520,-0.0775,1.1521) (2.8520,0.0525,1.1271) (2.8520,0.2075,1.0621) (2.8520,0.3025,0.9771) (2.8520,0.4225,1.0021) (2.8520,0.5325,1.0021) (2.8520,0.6325,0.9621) (2.8520,0.6600,0.9346) (2.8520,0.6850,0.8796) --closed --name=View_Front_01
  · #181 View_Front_01      curve    deg 1  poles 41   integral closed  length 6.9221  bounds [2.85 -1.64 0.15]–[2.85 0.69 1.16]
> tint View_Front_01 0.05 0.05 0.05
> polyline (-2.0889,-1.6397,0.1521) (-2.0889,-1.6197,0.1671) (-2.0889,-1.6147,0.1571) (-2.0889,-1.5347,0.1571) (-2.0889,-1.5297,0.1771) (-2.0889,-1.4222,0.1796) (-2.0889,-1.4222,0.3496) (-2.0889,-1.3672,0.4746) (-2.0889,-1.3147,0.5121) (-2.0889,-1.1697,0.5121) (-2.0889,-0.9647,0.4621) (-2.0889,-0.7997,0.3721) (-2.0889,-0.1647,0.3721) (-2.0889,0.0053,0.4621) (-2.0889,0.2053,0.5121) (-2.0889,0.3553,0.5121) (-2.0889,0.4078,0.4696) (-2.0889,0.4628,0.3396) (-2.0889,0.4628,0.1746) (-2.0889,0.5653,0.1771) (-2.0889,0.5753,0.1571) (-2.0889,0.6753,0.1571) (-2.0889,0.6778,0.8846) (-2.0889,0.6353,0.9571) (-2.0889,0.5603,0.9921) (-2.0889,0.4903,1.0071) (-2.0889,0.3003,0.9771) (-2.0889,0.2103,1.0571) (-2.0889,0.0753,1.1171) (-2.0889,-0.0147,1.1421) (-2.0889,-0.1597,1.1571) (-2.0889,-0.8797,1.1521) (-2.0889,-1.0097,1.1271) (-2.0889,-1.1647,1.0621) (-2.0889,-1.2597,0.9771) (-2.0889,-1.3797,1.0021) (-2.0889,-1.4897,1.0021) (-2.0889,-1.5897,0.9621) (-2.0889,-1.6172,0.9346) (-2.0889,-1.6422,0.8796) --closed --name=View_Rear_01
  · #182 View_Rear_01       curve    deg 1  poles 41   integral closed  length 6.9221  bounds [-2.09 -1.64 0.15]–[-2.09 0.68 1.16]
> tint View_Rear_01 0.05 0.05 0.05
> polyline (-1.8389,-1.4111,-0.0954) (2.8520,-1.4111,-0.0954) (2.8520,1.1611,-0.0954) (-1.8389,1.1611,-0.0954) --closed --name=Frame_Ground
  · #183 Frame_Ground       curve    deg 1  poles 5    integral closed  length 14.5262  bounds [-1.84 -1.41 -0.10]–[2.85 1.16 -0.10]
> tint Frame_Ground 0.45 0.45 0.50
── /home/user/Slate/Frontier/Projects/Project-Drive/Content/Vehicles/Liger/Liger_Body_Sketch.arc: 380 line(s), 0 refusal(s)
  · opened /home/user/Slate/Frontier/Projects/Project-Drive/Content/Vehicles/Liger/Liger_Body_Sketch.arc  ·  183 figure(s)  ·  367 command(s)

Exit: 0

$ /home/user/Slate/_AgentScratch/build/SolidArcIntegration/SolidArc --proofs /home/user/Slate/_AgentScratch/build/SolidArcIntegration/renders -c open "/home/user/Slate/Frontier/Projects/Project-Drive/Content/Vehicles/Liger/Liger_Body_Surface.arc"
> open /home/user/Slate/Frontier/Projects/Project-Drive/Content/Vehicles/Liger/Liger_Body_Surface.arc
── script /home/user/Slate/Frontier/Projects/Project-Drive/Content/Vehicles/Liger/Liger_Body_Surface.arc
> reset
  · scene reset (empty, workplane xy)
> spline (-1.6000,0.9758,0.2599) (-1.6000,1.0399,0.3044) (-1.6000,1.0760,0.3753) (-1.6000,1.0944,0.4528) (-1.6000,1.0967,0.5325) (-1.6000,1.0407,0.7697) (-1.6000,0.9616,0.9581) (-1.6000,0.7366,0.9756) (-1.6000,0.4910,0.9755) (-1.6000,0.2455,0.9752) (-1.6000,0.0000,0.9750) (-1.6000,-0.2455,0.9752) (-1.6000,-0.4910,0.9755) (-1.6000,-0.7366,0.9756) (-1.6000,-0.9616,0.9581) (-1.6000,-1.0407,0.7697) (-1.6000,-1.0967,0.5325) (-1.6000,-1.0944,0.4528) (-1.6000,-1.0760,0.3753) (-1.6000,-1.0399,0.3044) (-1.6000,-0.9758,0.2599) --name=Sec_Tail_01
  · #1   Sec_Tail_01        curve    deg 3  poles 21   integral  length 3.4771  bounds [-1.60 -1.10 0.26]–[-1.60 1.10 1.02]
> spline (-1.5067,1.1611,0.5407) (-1.5067,1.1514,0.6096) (-1.5067,1.1417,0.6785) (-1.5067,1.1282,0.7467) (-1.5067,1.1046,0.8115) (-1.5067,1.0070,0.9745) (-1.5067,0.7945,0.9757) (-1.5067,0.6288,0.8490) (-1.5067,0.4158,0.8412) (-1.5067,0.2134,0.9033) (-1.5067,0.0000,0.9033) (-1.5067,-0.2134,0.9033) (-1.5067,-0.4158,0.8412) (-1.5067,-0.6288,0.8490) (-1.5067,-0.7945,0.9757) (-1.5067,-1.0070,0.9745) (-1.5067,-1.1046,0.8115) (-1.5067,-1.1282,0.7467) (-1.5067,-1.1417,0.6785) (-1.5067,-1.1514,0.6096) (-1.5067,-1.1611,0.5407) --name=Sec_Tail_02
  · #2   Sec_Tail_02        curve    deg 3  poles 21   integral  length 3.0903  bounds [-1.51 -1.16 0.54]–[-1.51 1.16 1.02]
> spline (-1.4133,0.9356,0.8505) (-1.4133,0.9471,0.8831) (-1.4133,0.9460,0.9095) (-1.4133,0.9142,0.9201) (-1.4133,0.8815,0.9300) (-1.4133,0.7509,0.9153) (-1.4133,0.6056,0.8861) (-1.4133,0.4661,0.8590) (-1.4133,0.3131,0.8888) (-1.4133,0.1585,0.9136) (-1.4133,0.0000,0.9136) (-1.4133,-0.1585,0.9136) (-1.4133,-0.3131,0.8888) (-1.4133,-0.4661,0.8590) (-1.4133,-0.6056,0.8861) (-1.4133,-0.7509,0.9153) (-1.4133,-0.8815,0.9300) (-1.4133,-0.9142,0.9201) (-1.4133,-0.9460,0.9095) (-1.4133,-0.9471,0.8831) (-1.4133,-0.9356,0.8505) --name=Sec_Tail_03
  · #3   Sec_Tail_03        curve    deg 3  poles 21   integral  length 2.0558  bounds [-1.41 -0.97 0.84]–[-1.41 0.97 0.95]
> spline (-1.3200,1.1611,0.8070) (-1.3200,1.1436,0.8638) (-1.3200,1.1150,0.9149) (-1.3200,1.0699,0.9536) (-1.3200,1.0210,0.9835) (-1.3200,0.8397,0.9887) (-1.3200,0.6966,0.8895) (-1.3200,0.5325,0.8456) (-1.3200,0.3588,0.8918) (-1.3200,0.1823,0.9282) (-1.3200,0.0000,0.9282) (-1.3200,-0.1823,0.9282) (-1.3200,-0.3588,0.8918) (-1.3200,-0.5325,0.8456) (-1.3200,-0.6966,0.8895) (-1.3200,-0.8397,0.9887) (-1.3200,-1.0210,0.9835) (-1.3200,-1.0699,0.9536) (-1.3200,-1.1150,0.9149) (-1.3200,-1.1436,0.8638) (-1.3200,-1.1611,0.8070) --name=Sec_Tail_04
  · #4   Sec_Tail_04        curve    deg 3  poles 21   integral  length 2.6254  bounds [-1.32 -1.16 0.81]–[-1.32 1.16 1.01]
> loft Sec_Tail_01 Sec_Tail_02 Sec_Tail_03 Sec_Tail_04 --sheet --name=Shell_Tail
  · loft Sec_Tail_01 (open → sheet) Sec_Tail_02 (open → sheet) Sec_Tail_03 (open → sheet) Sec_Tail_04 (open → sheet)
  · #5   Shell_Tail         surface  deg 3x3  poles 69x4  integral  bounds [-1.60 -1.64 0.26]–[-1.32 1.64 1.30]
  ·   ↳ loft of Sec_Tail_01 Sec_Tail_02 Sec_Tail_03 Sec_Tail_04  degree 3
> delete Sec_Tail_01 Sec_Tail_02 Sec_Tail_03 Sec_Tail_04
  · deleted 4 figure(s)
> tint Shell_Tail 0.80 0.82 0.86
> spline (-1.3200,1.1611,0.8070) (-1.3200,1.1436,0.8638) (-1.3200,1.1150,0.9149) (-1.3200,1.0699,0.9536) (-1.3200,1.0210,0.9835) (-1.3200,0.8397,0.9887) (-1.3200,0.6966,0.8895) (-1.3200,0.5325,0.8456) (-1.3200,0.3588,0.8918) (-1.3200,0.1823,0.9282) (-1.3200,0.0000,0.9282) (-1.3200,-0.1823,0.9282) (-1.3200,-0.3588,0.8918) (-1.3200,-0.5325,0.8456) (-1.3200,-0.6966,0.8895) (-1.3200,-0.8397,0.9887) (-1.3200,-1.0210,0.9835) (-1.3200,-1.0699,0.9536) (-1.3200,-1.1150,0.9149) (-1.3200,-1.1436,0.8638) (-1.3200,-1.1611,0.8070) --name=Sec_RearArch_01
  · #6   Sec_RearArch_01    curve    deg 3  poles 21   integral  length 2.6254  bounds [-1.32 -1.16 0.81]–[-1.32 1.16 1.01]
> spline (-1.2400,1.1611,0.8454) (-1.2400,1.1396,0.9005) (-1.2400,1.1030,0.9455) (-1.2400,1.0537,0.9779) (-1.2400,0.9984,0.9987) (-1.2400,0.8228,0.9808) (-1.2400,0.6890,0.8672) (-1.2400,0.5209,0.8500) (-1.2400,0.3538,0.9106) (-1.2400,0.1792,0.9407) (-1.2400,0.0000,0.9407) (-1.2400,-0.1792,0.9407) (-1.2400,-0.3538,0.9106) (-1.2400,-0.5209,0.8500) (-1.2400,-0.6890,0.8672) (-1.2400,-0.8228,0.9808) (-1.2400,-0.9984,0.9987) (-1.2400,-1.0537,0.9779) (-1.2400,-1.1030,0.9455) (-1.2400,-1.1396,0.9005) (-1.2400,-1.1611,0.8454) --name=Sec_RearArch_02
  · #7   Sec_RearArch_02    curve    deg 3  poles 21   integral  length 2.6009  bounds [-1.24 -1.16 0.84]–[-1.24 1.16 1.02]
> spline (-1.1600,1.1611,0.8716) (-1.1600,1.1374,0.9250) (-1.1600,1.0962,0.9647) (-1.1600,1.0433,0.9894) (-1.1600,0.9875,1.0066) (-1.1600,0.8172,0.9703) (-1.1600,0.6847,0.8545) (-1.1600,0.5140,0.8605) (-1.1600,0.3512,0.9285) (-1.1600,0.1773,0.9532) (-1.1600,0.0000,0.9532) (-1.1600,-0.1773,0.9532) (-1.1600,-0.3512,0.9285) (-1.1600,-0.5140,0.8605) (-1.1600,-0.6847,0.8545) (-1.1600,-0.8172,0.9703) (-1.1600,-0.9875,1.0066) (-1.1600,-1.0433,0.9894) (-1.1600,-1.0962,0.9647) (-1.1600,-1.1374,0.9250) (-1.1600,-1.1611,0.8716) --name=Sec_RearArch_03
  · #8   Sec_RearArch_03    curve    deg 3  poles 21   integral  length 2.5887  bounds [-1.16 -1.16 0.82]–[-1.16 1.16 1.02]
> spline (-1.0800,1.1611,0.8796) (-1.0800,1.1371,0.9327) (-1.0800,1.0943,0.9699) (-1.0800,1.0407,0.9925) (-1.0800,0.9848,1.0085) (-1.0800,0.8181,0.9607) (-1.0800,0.6825,0.8484) (-1.0800,0.5116,0.8738) (-1.0800,0.3508,0.9452) (-1.0800,0.1767,0.9658) (-1.0800,0.0000,0.9659) (-1.0800,-0.1767,0.9658) (-1.0800,-0.3508,0.9452) (-1.0800,-0.5116,0.8738) (-1.0800,-0.6825,0.8484) (-1.0800,-0.8181,0.9607) (-1.0800,-0.9848,1.0085) (-1.0800,-1.0407,0.9925) (-1.0800,-1.0943,0.9699) (-1.0800,-1.1371,0.9327) (-1.0800,-1.1611,0.8796) --name=Sec_RearArch_04
  · #9   Sec_RearArch_04    curve    deg 3  poles 21   integral  length 2.5882  bounds [-1.08 -1.16 0.81]–[-1.08 1.16 1.03]
> spline (-1.0000,1.1611,0.8727) (-1.0000,1.1375,0.9262) (-1.0000,1.0968,0.9657) (-1.0000,1.0432,0.9890) (-1.0000,0.9873,1.0059) (-1.0000,0.8224,0.9545) (-1.0000,0.6822,0.8466) (-1.0000,0.5136,0.8890) (-1.0000,0.3526,0.9606) (-1.0000,0.1773,0.9787) (-1.0000,0.0000,0.9794) (-1.0000,-0.1773,0.9787) (-1.0000,-0.3526,0.9606) (-1.0000,-0.5136,0.8890) (-1.0000,-0.6822,0.8466) (-1.0000,-0.8224,0.9545) (-1.0000,-0.9873,1.0059) (-1.0000,-1.0432,0.9890) (-1.0000,-1.0968,0.9657) (-1.0000,-1.1375,0.9262) (-1.0000,-1.1611,0.8727) --name=Sec_RearArch_05
  · #10  Sec_RearArch_05    curve    deg 3  poles 21   integral  length 2.5967  bounds [-1.00 -1.16 0.81]–[-1.00 1.16 1.03]
> spline (-0.9200,1.1611,0.8520) (-0.9200,1.1404,0.9055) (-0.9200,1.1050,0.9490) (-0.9200,1.0548,0.9768) (-0.9200,1.0006,0.9956) (-0.9200,0.8330,0.9520) (-0.9200,0.6873,0.8481) (-0.9200,0.5213,0.9039) (-0.9200,0.3576,0.9747) (-0.9200,0.1795,0.9916) (-0.9200,0.0000,0.9928) (-0.9200,-0.1795,0.9916) (-0.9200,-0.3576,0.9747) (-0.9200,-0.5213,0.9039) (-0.9200,-0.6873,0.8481) (-0.9200,-0.8330,0.9520) (-0.9200,-1.0006,0.9956) (-0.9200,-1.0548,0.9768) (-0.9200,-1.1050,0.9490) (-0.9200,-1.1404,0.9055) (-0.9200,-1.1611,0.8520) --name=Sec_RearArch_06
  · #11  Sec_RearArch_06    curve    deg 3  poles 21   integral  length 2.6097  bounds [-0.92 -1.16 0.80]–[-0.92 1.16 1.02]
> spline (-0.8400,1.1611,0.8107) (-0.8400,1.1440,0.8679) (-0.8400,1.1127,0.9179) (-0.8400,1.0674,0.9568) (-0.8400,1.0129,0.9805) (-0.8400,0.8418,0.9457) (-0.8400,0.6900,0.8482) (-0.8400,0.5284,0.9207) (-0.8400,0.3615,0.9887) (-0.8400,0.1813,1.0044) (-0.8400,0.0000,1.0058) (-0.8400,-0.1813,1.0044) (-0.8400,-0.3615,0.9887) (-0.8400,-0.5284,0.9207) (-0.8400,-0.6900,0.8482) (-0.8400,-0.8418,0.9457) (-0.8400,-1.0129,0.9805) (-0.8400,-1.0674,0.9568) (-0.8400,-1.1127,0.9179) (-0.8400,-1.1440,0.8679) (-0.8400,-1.1611,0.8107) --name=Sec_RearArch_07
  · #12  Sec_RearArch_07    curve    deg 3  poles 21   integral  length 2.6495  bounds [-0.84 -1.16 0.80]–[-0.84 1.16 1.01]
> spline (-0.7600,1.1611,0.7454) (-0.7600,1.1497,0.8062) (-0.7600,1.1264,0.8631) (-0.7600,1.0925,0.9147) (-0.7600,1.0461,0.9545) (-0.7600,0.8668,0.9466) (-0.7600,0.7066,0.8508) (-0.7600,0.5448,0.9314) (-0.7600,0.3725,1.0007) (-0.7600,0.1868,1.0169) (-0.7600,0.0000,1.0185) (-0.7600,-0.1868,1.0169) (-0.7600,-0.3725,1.0007) (-0.7600,-0.5448,0.9314) (-0.7600,-0.7066,0.8508) (-0.7600,-0.8668,0.9466) (-0.7600,-1.0461,0.9545) (-0.7600,-1.0925,0.9147) (-0.7600,-1.1264,0.8631) (-0.7600,-1.1497,0.8062) (-0.7600,-1.1611,0.7454) --name=Sec_RearArch_08
  · #13  Sec_RearArch_08    curve    deg 3  poles 21   integral  length 2.7350  bounds [-0.76 -1.16 0.75]–[-0.76 1.16 1.02]
> spline (-0.6800,1.1611,0.6438) (-0.6800,1.1589,0.7089) (-0.6800,1.1434,0.7718) (-0.6800,1.1208,0.8329) (-0.6800,1.0928,0.8918) (-0.6800,0.9212,0.9468) (-0.6800,0.7423,0.8646) (-0.6800,0.5745,0.9318) (-0.6800,0.3945,1.0101) (-0.6800,0.1980,1.0293) (-0.6800,0.0000,1.0311) (-0.6800,-0.1980,1.0293) (-0.6800,-0.3945,1.0101) (-0.6800,-0.5745,0.9318) (-0.6800,-0.7423,0.8646) (-0.6800,-0.9212,0.9468) (-0.6800,-1.0928,0.8918) (-0.6800,-1.1208,0.8329) (-0.6800,-1.1434,0.7718) (-0.6800,-1.1589,0.7089) (-0.6800,-1.1611,0.6438) --name=Sec_RearArch_09
  · #14  Sec_RearArch_09    curve    deg 3  poles 21   integral  length 2.8548  bounds [-0.68 -1.17 0.64]–[-0.68 1.17 1.03]
> loft Sec_RearArch_01 Sec_RearArch_02 Sec_RearArch_03 Sec_RearArch_04 Sec_RearArch_05 Sec_RearArch_06 Sec_RearArch_07 Sec_RearArch_08 Sec_RearArch_09 --sheet --name=Shell_RearArch
  · loft Sec_RearArch_01 (open → sheet) Sec_RearArch_02 (open → sheet) Sec_RearArch_03 (open → sheet) Sec_RearArch_04 (open → sheet) Sec_RearArch_05 (open → sheet) Sec_RearArch_06 (open → sheet) Sec_RearArch_07 (open → sheet) Sec_RearArch_08 (open → sheet) Sec_RearArch_09 (open → sheet)
  · #15  Shell_RearArch     surface  deg 3x3  poles 149x9  integral  bounds [-1.32 -1.17 0.64]–[-0.68 1.17 1.03]
  ·   ↳ loft of Sec_RearArch_01 Sec_RearArch_02 Sec_RearArch_03 Sec_RearArch_04 Sec_RearArch_05 Sec_RearArch_06 Sec_RearArch_07 Sec_RearArch_08 Sec_RearArch_09  degree 3
> delete Sec_RearArch_01 Sec_RearArch_02 Sec_RearArch_03 Sec_RearArch_04 Sec_RearArch_05 Sec_RearArch_06 Sec_RearArch_07 Sec_RearArch_08 Sec_RearArch_09
  · deleted 9 figure(s)
> tint Shell_RearArch 0.80 0.82 0.86
> spline (-0.6800,1.1611,0.6438) (-0.6800,1.1589,0.7089) (-0.6800,1.1434,0.7718) (-0.6800,1.1208,0.8329) (-0.6800,1.0928,0.8918) (-0.6800,0.9212,0.9468) (-0.6800,0.7423,0.8646) (-0.6800,0.5745,0.9318) (-0.6800,0.3945,1.0101) (-0.6800,0.1980,1.0293) (-0.6800,0.0000,1.0311) (-0.6800,-0.1980,1.0293) (-0.6800,-0.3945,1.0101) (-0.6800,-0.5745,0.9318) (-0.6800,-0.7423,0.8646) (-0.6800,-0.9212,0.9468) (-0.6800,-1.0928,0.8918) (-0.6800,-1.1208,0.8329) (-0.6800,-1.1434,0.7718) (-0.6800,-1.1589,0.7089) (-0.6800,-1.1611,0.6438) --name=Sec_Cabin_01
  · #16  Sec_Cabin_01       curve    deg 3  poles 21   integral  length 2.8548  bounds [-0.68 -1.17 0.64]–[-0.68 1.17 1.03]
> spline (-0.5800,1.1055,0.1778) (-0.5800,1.1290,0.2603) (-0.5800,1.1451,0.3445) (-0.5800,1.1514,0.4299) (-0.5800,1.1536,0.5157) (-0.5800,1.1291,0.7721) (-0.5800,0.9645,0.9357) (-0.5800,0.7209,0.8522) (-0.5800,0.5096,0.9900) (-0.5800,0.2585,1.0432) (-0.5800,0.0000,1.0468) (-0.5800,-0.2585,1.0432) (-0.5800,-0.5096,0.9900) (-0.5800,-0.7209,0.8522) (-0.5800,-0.9645,0.9357) (-0.5800,-1.1291,0.7721) (-0.5800,-1.1536,0.5157) (-0.5800,-1.1514,0.4299) (-0.5800,-1.1451,0.3445) (-0.5800,-1.1290,0.2603) (-0.5800,-1.1055,0.1778) --name=Sec_Cabin_02
  · #17  Sec_Cabin_02       curve    deg 3  poles 21   integral  length 3.7620  bounds [-0.58 -1.16 0.18]–[-0.58 1.16 1.05]
> spline (-0.4800,1.0665,0.1908) (-0.4800,1.1003,0.2976) (-0.4800,1.1207,0.4077) (-0.4800,1.1317,0.5192) (-0.4800,1.1423,0.6307) (-0.4800,1.0858,0.8576) (-0.4800,0.8732,0.8997) (-0.4800,0.6680,0.9077) (-0.4800,0.4687,1.0261) (-0.4800,0.2361,1.0597) (-0.4800,0.0000,1.0624) (-0.4800,-0.2361,1.0597) (-0.4800,-0.4687,1.0261) (-0.4800,-0.6680,0.9077) (-0.4800,-0.8732,0.8997) (-0.4800,-1.0858,0.8576) (-0.4800,-1.1423,0.6307) (-0.4800,-1.1317,0.5192) (-0.4800,-1.1207,0.4077) (-0.4800,-1.1003,0.2976) (-0.4800,-1.0665,0.1908) --name=Sec_Cabin_03
  · #18  Sec_Cabin_03       curve    deg 3  poles 21   integral  length 3.6463  bounds [-0.48 -1.15 0.19]–[-0.48 1.15 1.06]
> spline (-0.3800,1.0486,0.2429) (-0.3800,1.0818,0.3389) (-0.3800,1.1043,0.4379) (-0.3800,1.1191,0.5384) (-0.3800,1.1367,0.6380) (-0.3800,1.0765,0.8603) (-0.3800,0.8550,0.8854) (-0.3800,0.6656,0.9399) (-0.3800,0.4638,1.0476) (-0.3800,0.2331,1.0756) (-0.3800,0.0000,1.0780) (-0.3800,-0.2331,1.0756) (-0.3800,-0.4638,1.0476) (-0.3800,-0.6656,0.9399) (-0.3800,-0.8550,0.8854) (-0.3800,-1.0765,0.8603) (-0.3800,-1.1367,0.6380) (-0.3800,-1.1191,0.5384) (-0.3800,-1.1043,0.4379) (-0.3800,-1.0818,0.3389) (-0.3800,-1.0486,0.2429) --name=Sec_Cabin_04
  · #19  Sec_Cabin_04       curve    deg 3  poles 21   integral  length 3.5324  bounds [-0.38 -1.16 0.24]–[-0.38 1.16 1.08]
> spline (-0.2800,1.0670,0.3696) (-0.2800,1.0873,0.4413) (-0.2800,1.1028,0.5142) (-0.2800,1.1207,0.5864) (-0.2800,1.1323,0.6592) (-0.2800,1.0558,0.8674) (-0.2800,0.8307,0.8760) (-0.2800,0.6617,0.9760) (-0.2800,0.4562,1.0689) (-0.2800,0.2289,1.0914) (-0.2800,0.0000,1.0936) (-0.2800,-0.2289,1.0914) (-0.2800,-0.4562,1.0689) (-0.2800,-0.6617,0.9760) (-0.2800,-0.8307,0.8760) (-0.2800,-1.0558,0.8674) (-0.2800,-1.1323,0.6592) (-0.2800,-1.1207,0.5864) (-0.2800,-1.1028,0.5142) (-0.2800,-1.0873,0.4413) (-0.2800,-1.0670,0.3696) --name=Sec_Cabin_05
  · #20  Sec_Cabin_05       curve    deg 3  poles 21   integral  length 3.2797  bounds [-0.28 -1.14 0.37]–[-0.28 1.14 1.09]
> spline (-0.1800,1.0854,0.4960) (-0.1800,1.1053,0.5619) (-0.1800,1.1284,0.6263) (-0.1800,1.1270,0.6950) (-0.1800,1.1136,0.7625) (-0.1800,0.9656,0.8798) (-0.1800,0.7611,0.8761) (-0.1800,0.6223,1.0289) (-0.1800,0.4218,1.0937) (-0.1800,0.2112,1.1071) (-0.1800,0.0000,1.1088) (-0.1800,-0.2112,1.1071) (-0.1800,-0.4218,1.0937) (-0.1800,-0.6223,1.0289) (-0.1800,-0.7611,0.8761) (-0.1800,-0.9656,0.8798) (-0.1800,-1.1136,0.7625) (-0.1800,-1.1270,0.6950) (-0.1800,-1.1284,0.6263) (-0.1800,-1.1053,0.5619) (-0.1800,-1.0854,0.4960) --name=Sec_Cabin_06
  · #21  Sec_Cabin_06       curve    deg 3  poles 21   integral  length 3.0517  bounds [-0.18 -1.14 0.50]–[-0.18 1.14 1.11]
> spline (-0.0800,1.0930,0.5453) (-0.0800,1.1220,0.6054) (-0.0800,1.1270,0.6719) (-0.0800,1.1185,0.7382) (-0.0800,1.0992,0.8023) (-0.0800,0.9277,0.8747) (-0.0800,0.7507,0.9225) (-0.0800,0.6050,1.0555) (-0.0800,0.4086,1.1101) (-0.0800,0.2044,1.1203) (-0.0800,0.0000,1.1218) (-0.0800,-0.2044,1.1203) (-0.0800,-0.4086,1.1101) (-0.0800,-0.6050,1.0555) (-0.0800,-0.7507,0.9225) (-0.0800,-0.9277,0.8747) (-0.0800,-1.0992,0.8023) (-0.0800,-1.1185,0.7382) (-0.0800,-1.1270,0.6719) (-0.0800,-1.1220,0.6054) (-0.0800,-1.0930,0.5453) --name=Sec_Cabin_07
  · #22  Sec_Cabin_07       curve    deg 3  poles 21   integral  length 2.9232  bounds [-0.08 -1.13 0.55]–[-0.08 1.13 1.12]
> spline (0.0200,1.0938,0.5460) (0.0200,1.1214,0.6056) (0.0200,1.1259,0.6713) (0.0200,1.1180,0.7368) (0.0200,1.0997,0.8002) (0.0200,0.9277,0.8705) (0.0200,0.7586,0.9419) (0.0200,0.6097,1.0733) (0.0200,0.4107,1.1227) (0.0200,0.2055,1.1321) (0.0200,0.0000,1.1336) (0.0200,-0.2055,1.1321) (0.0200,-0.4107,1.1227) (0.0200,-0.6097,1.0733) (0.0200,-0.7586,0.9419) (0.0200,-0.9277,0.8705) (0.0200,-1.0997,0.8002) (0.0200,-1.1180,0.7368) (0.0200,-1.1259,0.6713) (0.0200,-1.1214,0.6056) (0.0200,-1.0938,0.5460) --name=Sec_Cabin_08
  · #23  Sec_Cabin_08       curve    deg 3  poles 21   integral  length 2.9234  bounds [0.02 -1.13 0.55]–[0.02 1.13 1.13]
> spline (0.1200,1.0937,0.5407) (0.1200,1.1201,0.6011) (0.1200,1.1251,0.6672) (0.1200,1.1180,0.7331) (0.1200,1.1002,0.7971) (0.1200,0.9293,0.8663) (0.1200,0.7658,0.9563) (0.1200,0.6116,1.0832) (0.1200,0.4122,1.1332) (0.1200,0.2062,1.1423) (0.1200,0.0000,1.1436) (0.1200,-0.2062,1.1423) (0.1200,-0.4122,1.1332) (0.1200,-0.6116,1.0832) (0.1200,-0.7658,0.9563) (0.1200,-0.9293,0.8663) (0.1200,-1.1002,0.7971) (0.1200,-1.1180,0.7331) (0.1200,-1.1251,0.6672) (0.1200,-1.1201,0.6011) (0.1200,-1.0937,0.5407) --name=Sec_Cabin_09
  · #24  Sec_Cabin_09       curve    deg 3  poles 21   integral  length 2.9345  bounds [0.12 -1.13 0.54]–[0.12 1.13 1.14]
> spline (0.2200,1.0935,0.5342) (0.2200,1.1186,0.5959) (0.2200,1.1243,0.6625) (0.2200,1.1180,0.7293) (0.2200,1.1006,0.7940) (0.2200,0.9307,0.8652) (0.2200,0.7749,0.9655) (0.2200,0.6140,1.0876) (0.2200,0.4146,1.1418) (0.2200,0.2075,1.1512) (0.2200,0.0000,1.1522) (0.2200,-0.2075,1.1512) (0.2200,-0.4146,1.1418) (0.2200,-0.6140,1.0876) (0.2200,-0.7749,0.9655) (0.2200,-0.9307,0.8652) (0.2200,-1.1006,0.7940) (0.2200,-1.1180,0.7293) (0.2200,-1.1243,0.6625) (0.2200,-1.1186,0.5959) (0.2200,-1.0935,0.5342) --name=Sec_Cabin_10
  · #25  Sec_Cabin_10       curve    deg 3  poles 21   integral  length 2.9463  bounds [0.22 -1.13 0.53]–[0.22 1.13 1.15]
> spline (0.3200,1.0931,0.5273) (0.3200,1.1170,0.5906) (0.3200,1.1235,0.6584) (0.3200,1.1178,0.7263) (0.3200,1.1006,0.7922) (0.3200,0.9316,0.8646) (0.3200,0.7813,0.9719) (0.3200,0.6152,1.0908) (0.3200,0.4158,1.1467) (0.3200,0.2081,1.1566) (0.3200,0.0000,1.1573) (0.3200,-0.2081,1.1566) (0.3200,-0.4158,1.1467) (0.3200,-0.6152,1.0908) (0.3200,-0.7813,0.9719) (0.3200,-0.9316,0.8646) (0.3200,-1.1006,0.7922) (0.3200,-1.1178,0.7263) (0.3200,-1.1235,0.6584) (0.3200,-1.1170,0.5906) (0.3200,-1.0931,0.5273) --name=Sec_Cabin_11
  · #26  Sec_Cabin_11       curve    deg 3  poles 21   integral  length 2.9602  bounds [0.32 -1.13 0.53]–[0.32 1.13 1.16]
> spline (0.4200,1.0926,0.5192) (0.4200,1.1154,0.5848) (0.4200,1.1226,0.6541) (0.4200,1.1175,0.7237) (0.4200,1.1002,0.7914) (0.4200,0.9314,0.8641) (0.4200,0.7836,0.9735) (0.4200,0.6160,1.0923) (0.4200,0.4166,1.1495) (0.4200,0.2085,1.1595) (0.4200,0.0000,1.1600) (0.4200,-0.2085,1.1595) (0.4200,-0.4166,1.1495) (0.4200,-0.6160,1.0923) (0.4200,-0.7836,0.9735) (0.4200,-0.9314,0.8641) (0.4200,-1.1002,0.7914) (0.4200,-1.1175,0.7237) (0.4200,-1.1226,0.6541) (0.4200,-1.1154,0.5848) (0.4200,-1.0926,0.5192) --name=Sec_Cabin_12
  · #27  Sec_Cabin_12       curve    deg 3  poles 21   integral  length 2.9761  bounds [0.42 -1.13 0.52]–[0.42 1.13 1.16]
> spline (0.5200,1.0917,0.5079) (0.5200,1.1127,0.5718) (0.5200,1.1215,0.6389) (0.5200,1.1191,0.7066) (0.5200,1.1053,0.7728) (0.5200,0.9459,0.8640) (0.5200,0.7926,0.9613) (0.5200,0.6262,1.0877) (0.5200,0.4241,1.1493) (0.5200,0.2123,1.1602) (0.5200,0.0000,1.1606) (0.5200,-0.2123,1.1602) (0.5200,-0.4241,1.1493) (0.5200,-0.6262,1.0877) (0.5200,-0.7926,0.9613) (0.5200,-0.9459,0.8640) (0.5200,-1.1053,0.7728) (0.5200,-1.1191,0.7066) (0.5200,-1.1215,0.6389) (0.5200,-1.1127,0.5718) (0.5200,-1.0917,0.5079) --name=Sec_Cabin_13
  · #28  Sec_Cabin_13       curve    deg 3  poles 21   integral  length 2.9813  bounds [0.52 -1.12 0.51]–[0.52 1.12 1.16]
> spline (0.6200,1.0902,0.4909) (0.6200,1.1117,0.5586) (0.6200,1.1203,0.6296) (0.6200,1.1189,0.7010) (0.6200,1.1052,0.7710) (0.6200,0.9456,0.8641) (0.6200,0.7937,0.9561) (0.6200,0.6284,1.0851) (0.6200,0.4258,1.1480) (0.6200,0.2131,1.1587) (0.6200,0.0000,1.1591) (0.6200,-0.2131,1.1587) (0.6200,-0.4258,1.1480) (0.6200,-0.6284,1.0851) (0.6200,-0.7937,0.9561) (0.6200,-0.9456,0.8641) (0.6200,-1.1052,0.7710) (0.6200,-1.1189,0.7010) (0.6200,-1.1203,0.6296) (0.6200,-1.1117,0.5586) (0.6200,-1.0902,0.4909) --name=Sec_Cabin_14
  · #29  Sec_Cabin_14       curve    deg 3  poles 21   integral  length 3.0117  bounds [0.62 -1.12 0.49]–[0.62 1.12 1.16]
> spline (0.7200,1.0877,0.4680) (0.7200,1.1102,0.5361) (0.7200,1.1181,0.6075) (0.7200,1.1195,0.6793) (0.7200,1.1099,0.7503) (0.7200,0.9617,0.8645) (0.7200,0.8011,0.9378) (0.7200,0.6393,1.0774) (0.7200,0.4336,1.1436) (0.7200,0.2170,1.1547) (0.7200,0.0000,1.1553) (0.7200,-0.2170,1.1547) (0.7200,-0.4336,1.1436) (0.7200,-0.6393,1.0774) (0.7200,-0.8011,0.9378) (0.7200,-0.9617,0.8645) (0.7200,-1.1099,0.7503) (0.7200,-1.1195,0.6793) (0.7200,-1.1181,0.6075) (0.7200,-1.1102,0.5361) (0.7200,-1.0877,0.4680) --name=Sec_Cabin_15
  · #30  Sec_Cabin_15       curve    deg 3  poles 21   integral  length 3.0502  bounds [0.72 -1.12 0.47]–[0.72 1.12 1.16]
> spline (0.8200,1.0831,0.4345) (0.8200,1.1067,0.5032) (0.8200,1.1141,0.5753) (0.8200,1.1191,0.6478) (0.8200,1.1151,0.7202) (0.8200,0.9860,0.8655) (0.8200,0.8095,0.9108) (0.8200,0.6533,1.0654) (0.8200,0.4431,1.1345) (0.8200,0.2218,1.1459) (0.8200,0.0000,1.1466) (0.8200,-0.2218,1.1459) (0.8200,-0.4431,1.1345) (0.8200,-0.6533,1.0654) (0.8200,-0.8095,0.9108) (0.8200,-0.9860,0.8655) (0.8200,-1.1151,0.7202) (0.8200,-1.1191,0.6478) (0.8200,-1.1141,0.5753) (0.8200,-1.1067,0.5032) (0.8200,-1.0831,0.4345) --name=Sec_Cabin_16
  · #31  Sec_Cabin_16       curve    deg 3  poles 21   integral  length 3.1310  bounds [0.82 -1.12 0.43]–[0.82 1.12 1.15]
> spline (0.9200,1.0722,0.3660) (0.9200,1.0946,0.4380) (0.9200,1.1118,0.5109) (0.9200,1.1163,0.5861) (0.9200,1.1193,0.6613) (0.9200,1.0343,0.8611) (0.9200,0.8279,0.8654) (0.9200,0.6723,1.0334) (0.9200,0.4599,1.1165) (0.9200,0.2305,1.1325) (0.9200,0.0000,1.1331) (0.9200,-0.2305,1.1325) (0.9200,-0.4599,1.1165) (0.9200,-0.6723,1.0334) (0.9200,-0.8279,0.8654) (0.9200,-1.0343,0.8611) (0.9200,-1.1193,0.6613) (0.9200,-1.1163,0.5861) (0.9200,-1.1118,0.5109) (0.9200,-1.0946,0.4380) (0.9200,-1.0722,0.3660) --name=Sec_Cabin_17
  · #32  Sec_Cabin_17       curve    deg 3  poles 21   integral  length 3.3256  bounds [0.92 -1.13 0.37]–[0.92 1.13 1.13]
> spline (1.0200,1.0618,0.2773) (1.0200,1.0899,0.3694) (1.0200,1.1143,0.4623) (1.0200,1.1178,0.5585) (1.0200,1.1214,0.6546) (1.0200,1.0415,0.8584) (1.0200,0.8325,0.8451) (1.0200,0.6701,1.0053) (1.0200,0.4583,1.0879) (1.0200,0.2300,1.1118) (1.0200,0.0000,1.1136) (1.0200,-0.2300,1.1118) (1.0200,-0.4583,1.0879) (1.0200,-0.6701,1.0053) (1.0200,-0.8325,0.8451) (1.0200,-1.0415,0.8584) (1.0200,-1.1214,0.6546) (1.0200,-1.1178,0.5585) (1.0200,-1.1143,0.4623) (1.0200,-1.0899,0.3694) (1.0200,-1.0618,0.2773) --name=Sec_Cabin_18
  · #33  Sec_Cabin_18       curve    deg 3  poles 21   integral  length 3.4989  bounds [1.02 -1.13 0.28]–[1.02 1.13 1.12]
> spline (1.1200,1.0517,0.1861) (1.1200,1.0875,0.2973) (1.1200,1.1167,0.4104) (1.1200,1.1214,0.5270) (1.1200,1.1238,0.6437) (1.1200,1.0543,0.8563) (1.1200,0.8427,0.8288) (1.1200,0.6748,0.9722) (1.1200,0.4609,1.0564) (1.1200,0.2313,1.0827) (1.1200,0.0000,1.0879) (1.1200,-0.2313,1.0827) (1.1200,-0.4609,1.0564) (1.1200,-0.6748,0.9722) (1.1200,-0.8427,0.8288) (1.1200,-1.0543,0.8563) (1.1200,-1.1238,0.6437) (1.1200,-1.1214,0.5270) (1.1200,-1.1167,0.4104) (1.1200,-1.0875,0.2973) (1.1200,-1.0517,0.1861) --name=Sec_Cabin_19
  · #34  Sec_Cabin_19       curve    deg 3  poles 21   integral  length 3.6755  bounds [1.12 -1.13 0.19]–[1.12 1.13 1.09]
> loft Sec_Cabin_01 Sec_Cabin_02 Sec_Cabin_03 Sec_Cabin_04 Sec_Cabin_05 Sec_Cabin_06 Sec_Cabin_07 Sec_Cabin_08 Sec_Cabin_09 Sec_Cabin_10 Sec_Cabin_11 Sec_Cabin_12 Sec_Cabin_13 Sec_Cabin_14 Sec_Cabin_15 Sec_Cabin_16 Sec_Cabin_17 Sec_Cabin_18 Sec_Cabin_19 --sheet --name=Shell_Cabin
  · loft Sec_Cabin_01 (open → sheet) Sec_Cabin_02 (open → sheet) Sec_Cabin_03 (open → sheet) Sec_Cabin_04 (open → sheet) Sec_Cabin_05 (open → sheet) Sec_Cabin_06 (open → sheet) Sec_Cabin_07 (open → sheet) Sec_Cabin_08 (open → sheet) Sec_Cabin_09 (open → sheet) Sec_Cabin_10 (open → sheet) Sec_Cabin_11 (open → sheet) Sec_Cabin_12 (open → sheet) Sec_Cabin_13 (open → sheet) Sec_Cabin_14 (open → sheet) Sec_Cabin_15 (open → sheet) Sec_Cabin_16 (open → sheet) Sec_Cabin_17 (open → sheet) Sec_Cabin_18 (open → sheet) Sec_Cabin_19 (open → sheet)
  · #35  Shell_Cabin        surface  deg 3x3  poles 309x19  integral  bounds [-0.73 -1.23 0.15]–[1.12 1.23 1.16]
  ·   ↳ loft of Sec_Cabin_01 Sec_Cabin_02 Sec_Cabin_03 Sec_Cabin_04 Sec_Cabin_05 Sec_Cabin_06 Sec_Cabin_07 Sec_Cabin_08 Sec_Cabin_09 Sec_Cabin_10 Sec_Cabin_11 Sec_Cabin_12 Sec_Cabin_13 Sec_Cabin_14 Sec_Cabin_15 Sec_Cabin_16 Sec_Cabin_17 Sec_Cabin_18 Sec_Cabin_19  degree 3
> delete Sec_Cabin_01 Sec_Cabin_02 Sec_Cabin_03 Sec_Cabin_04 Sec_Cabin_05 Sec_Cabin_06 Sec_Cabin_07 Sec_Cabin_08 Sec_Cabin_09 Sec_Cabin_10 Sec_Cabin_11 Sec_Cabin_12 Sec_Cabin_13 Sec_Cabin_14 Sec_Cabin_15 Sec_Cabin_16 Sec_Cabin_17 Sec_Cabin_18 Sec_Cabin_19
  · deleted 19 figure(s)
> tint Shell_Cabin 0.80 0.82 0.86
> spline (1.1200,1.0517,0.1861) (1.1200,1.0875,0.2973) (1.1200,1.1167,0.4104) (1.1200,1.1214,0.5270) (1.1200,1.1238,0.6437) (1.1200,1.0543,0.8563) (1.1200,0.8427,0.8288) (1.1200,0.6748,0.9722) (1.1200,0.4609,1.0564) (1.1200,0.2313,1.0827) (1.1200,0.0000,1.0879) (1.1200,-0.2313,1.0827) (1.1200,-0.4609,1.0564) (1.1200,-0.6748,0.9722) (1.1200,-0.8427,0.8288) (1.1200,-1.0543,0.8563) (1.1200,-1.1238,0.6437) (1.1200,-1.1214,0.5270) (1.1200,-1.1167,0.4104) (1.1200,-1.0875,0.2973) (1.1200,-1.0517,0.1861) --name=Sec_FrontArch_01
  · #36  Sec_FrontArch_01   curve    deg 3  poles 21   integral  length 3.6755  bounds [1.12 -1.13 0.19]–[1.12 1.13 1.09]
> spline (1.2130,1.0692,0.1591) (1.2130,1.1019,0.2747) (1.2130,1.1239,0.3927) (1.2130,1.1254,0.5128) (1.2130,1.1261,0.6329) (1.2130,1.0670,0.8540) (1.2130,0.8506,0.8458) (1.2130,0.6841,0.9403) (1.2130,0.4657,1.0218) (1.2130,0.2340,1.0545) (1.2130,0.0000,1.0621) (1.2130,-0.2340,1.0545) (1.2130,-0.4657,1.0218) (1.2130,-0.6841,0.9403) (1.2130,-0.8506,0.8458) (1.2130,-1.0670,0.8540) (1.2130,-1.1261,0.6329) (1.2130,-1.1254,0.5128) (1.2130,-1.1239,0.3927) (1.2130,-1.1019,0.2747) (1.2130,-1.0692,0.1591) --name=Sec_FrontArch_02
  · #37  Sec_FrontArch_02   curve    deg 3  poles 21   integral  length 3.6670  bounds [1.21 -1.13 0.16]–[1.21 1.13 1.06]
> spline (1.3060,1.0996,0.1591) (1.3060,1.1184,0.2429) (1.3060,1.1292,0.3280) (1.3060,1.1310,0.4138) (1.3060,1.1307,0.4997) (1.3060,1.1178,0.7563) (1.3060,0.9326,0.8854) (1.3060,0.7433,0.8705) (1.3060,0.5108,0.9771) (1.3060,0.2572,1.0206) (1.3060,0.0000,1.0323) (1.3060,-0.2572,1.0206) (1.3060,-0.5108,0.9771) (1.3060,-0.7433,0.8705) (1.3060,-0.9326,0.8854) (1.3060,-1.1178,0.7563) (1.3060,-1.1307,0.4997) (1.3060,-1.1310,0.4138) (1.3060,-1.1292,0.3280) (1.3060,-1.1184,0.2429) (1.3060,-1.0996,0.1591) --name=Sec_FrontArch_03
  · #38  Sec_FrontArch_03   curve    deg 3  poles 21   integral  length 3.6066  bounds [1.31 -1.16 0.16]–[1.31 1.16 1.04]
> spline (1.3990,1.1380,0.6746) (1.3990,1.1286,0.7352) (1.3990,1.1124,0.7943) (1.3990,1.0855,0.8495) (1.3990,1.0356,0.8833) (1.3990,0.8507,0.8787) (1.3990,0.7277,0.8504) (1.3990,0.5573,0.9287) (1.3990,0.3747,0.9723) (1.3990,0.1879,0.9939) (1.3990,0.0000,1.0010) (1.3990,-0.1879,0.9939) (1.3990,-0.3747,0.9723) (1.3990,-0.5573,0.9287) (1.3990,-0.7277,0.8504) (1.3990,-0.8507,0.8787) (1.3990,-1.0356,0.8833) (1.3990,-1.0855,0.8495) (1.3990,-1.1124,0.7943) (1.3990,-1.1286,0.7352) (1.3990,-1.1380,0.6746) --name=Sec_FrontArch_04
  · #39  Sec_FrontArch_04   curve    deg 3  poles 21   integral  length 2.6307  bounds [1.40 -1.14 0.67]–[1.40 1.14 1.00]
> spline (1.4920,1.1380,0.7724) (1.4920,1.1153,0.8243) (1.4920,1.0794,0.8680) (1.4920,1.0280,0.8913) (1.4920,0.9714,0.8981) (1.4920,0.8156,0.8557) (1.4920,0.6825,0.8398) (1.4920,0.5202,0.9051) (1.4920,0.3489,0.9403) (1.4920,0.1749,0.9600) (1.4920,0.0000,0.9670) (1.4920,-0.1749,0.9600) (1.4920,-0.3489,0.9403) (1.4920,-0.5202,0.9051) (1.4920,-0.6825,0.8398) (1.4920,-0.8156,0.8557) (1.4920,-0.9714,0.8981) (1.4920,-1.0280,0.8913) (1.4920,-1.0794,0.8680) (1.4920,-1.1153,0.8243) (1.4920,-1.1380,0.7724) --name=Sec_FrontArch_05
  · #40  Sec_FrontArch_05   curve    deg 3  poles 21   integral  length 2.4527  bounds [1.49 -1.14 0.77]–[1.49 1.14 0.97]
> spline (1.5850,1.1380,0.8254) (1.5850,1.1043,0.8662) (1.5850,1.0553,0.8912) (1.5850,1.0014,0.9025) (1.5850,0.9464,0.9069) (1.5850,0.7869,0.8719) (1.5850,0.6561,0.8125) (1.5850,0.4989,0.8706) (1.5850,0.3344,0.9033) (1.5850,0.1676,0.9220) (1.5850,0.0000,0.9292) (1.5850,-0.1676,0.9220) (1.5850,-0.3344,0.9033) (1.5850,-0.4989,0.8706) (1.5850,-0.6561,0.8125) (1.5850,-0.7869,0.8719) (1.5850,-0.9464,0.9069) (1.5850,-1.0014,0.9025) (1.5850,-1.0553,0.8912) (1.5850,-1.1043,0.8662) (1.5850,-1.1380,0.8254) --name=Sec_FrontArch_06
  · #41  Sec_FrontArch_06   curve    deg 3  poles 21   integral  length 2.4047  bounds [1.58 -1.14 0.77]–[1.59 1.14 0.93]
> spline (1.6780,1.1380,0.8544) (1.6780,1.0982,0.8834) (1.6780,1.0465,0.8980) (1.6780,0.9935,0.9066) (1.6780,0.9399,0.9094) (1.6780,0.7779,0.8885) (1.6780,0.6420,0.8081) (1.6780,0.4858,0.8276) (1.6780,0.3258,0.8609) (1.6780,0.1633,0.8792) (1.6780,0.0000,0.8865) (1.6780,-0.1633,0.8792) (1.6780,-0.3258,0.8609) (1.6780,-0.4858,0.8276) (1.6780,-0.6420,0.8081) (1.6780,-0.7779,0.8885) (1.6780,-0.9399,0.9094) (1.6780,-0.9935,0.9066) (1.6780,-1.0465,0.8980) (1.6780,-1.0982,0.8834) (1.6780,-1.1380,0.8544) --name=Sec_FrontArch_07
  · #42  Sec_FrontArch_07   curve    deg 3  poles 21   integral  length 2.3681  bounds [1.68 -1.14 0.78]–[1.68 1.14 0.91]
> spline (1.7710,1.1380,0.8591) (1.7710,1.0983,0.8866) (1.7710,1.0455,0.8951) (1.7710,0.9924,0.9009) (1.7710,0.9391,0.9025) (1.7710,0.7807,0.8796) (1.7710,0.6282,0.8305) (1.7710,0.4779,0.7953) (1.7710,0.3194,0.8132) (1.7710,0.1601,0.8312) (1.7710,0.0000,0.8381) (1.7710,-0.1601,0.8312) (1.7710,-0.3194,0.8132) (1.7710,-0.4779,0.7953) (1.7710,-0.6282,0.8305) (1.7710,-0.7807,0.8796) (1.7710,-0.9391,0.9025) (1.7710,-0.9924,0.9009) (1.7710,-1.0455,0.8951) (1.7710,-1.0983,0.8866) (1.7710,-1.1380,0.8591) --name=Sec_FrontArch_08
  · #43  Sec_FrontArch_08   curve    deg 3  poles 21   integral  length 2.3310  bounds [1.77 -1.14 0.78]–[1.77 1.14 0.90]
> spline (1.8640,1.1380,0.8449) (1.8640,1.0993,0.8726) (1.8640,1.0467,0.8781) (1.8640,0.9941,0.8836) (1.8640,0.9412,0.8863) (1.8640,0.7830,0.8681) (1.8640,0.6320,0.8168) (1.8640,0.4734,0.8050) (1.8640,0.3192,0.7890) (1.8640,0.1596,0.7912) (1.8640,0.0000,0.7923) (1.8640,-0.1596,0.7912) (1.8640,-0.3192,0.7890) (1.8640,-0.4734,0.8050) (1.8640,-0.6320,0.8168) (1.8640,-0.7830,0.8681) (1.8640,-0.9412,0.8863) (1.8640,-0.9941,0.8836) (1.8640,-1.0467,0.8781) (1.8640,-1.0993,0.8726) (1.8640,-1.1380,0.8449) --name=Sec_FrontArch_09
  · #44  Sec_FrontArch_09   curve    deg 3  poles 21   integral  length 2.3212  bounds [1.86 -1.14 0.78]–[1.86 1.14 0.89]
> spline (1.9570,1.1380,0.8076) (1.9570,1.1019,0.8371) (1.9570,1.0503,0.8435) (1.9570,0.9990,0.8526) (1.9570,0.9476,0.8608) (1.9570,0.7885,0.8520) (1.9570,0.6377,0.7996) (1.9570,0.4796,0.7819) (1.9570,0.3198,0.7878) (1.9570,0.1599,0.7930) (1.9570,0.0000,0.7952) (1.9570,-0.1599,0.7930) (1.9570,-0.3198,0.7878) (1.9570,-0.4796,0.7819) (1.9570,-0.6377,0.7996) (1.9570,-0.7885,0.8520) (1.9570,-0.9476,0.8608) (1.9570,-0.9990,0.8526) (1.9570,-1.0503,0.8435) (1.9570,-1.1019,0.8371) (1.9570,-1.1380,0.8076) --name=Sec_FrontArch_10
  · #45  Sec_FrontArch_10   curve    deg 3  poles 21   integral  length 2.3274  bounds [1.96 -1.14 0.78]–[1.96 1.14 0.87]
> spline (2.0500,1.1380,0.7378) (2.0500,1.1052,0.7735) (2.0500,1.0548,0.7922) (2.0500,1.0033,0.8076) (2.0500,0.9511,0.8206) (2.0500,0.7914,0.8290) (2.0500,0.6397,0.7776) (2.0500,0.4818,0.7553) (2.0500,0.3212,0.7601) (2.0500,0.1607,0.7691) (2.0500,0.0000,0.7719) (2.0500,-0.1607,0.7691) (2.0500,-0.3212,0.7601) (2.0500,-0.4818,0.7553) (2.0500,-0.6397,0.7776) (2.0500,-0.7914,0.8290) (2.0500,-0.9511,0.8206) (2.0500,-1.0033,0.8076) (2.0500,-1.0548,0.7922) (2.0500,-1.1052,0.7735) (2.0500,-1.1380,0.7378) --name=Sec_FrontArch_11
  · #46  Sec_FrontArch_11   curve    deg 3  poles 21   integral  length 2.3486  bounds [2.05 -1.14 0.74]–[2.05 1.14 0.84]
> loft Sec_FrontArch_01 Sec_FrontArch_02 Sec_FrontArch_03 Sec_FrontArch_04 Sec_FrontArch_05 Sec_FrontArch_06 Sec_FrontArch_07 Sec_FrontArch_08 Sec_FrontArch_09 Sec_FrontArch_10 Sec_FrontArch_11 --sheet --name=Shell_FrontArch
  · loft Sec_FrontArch_01 (open → sheet) Sec_FrontArch_02 (open → sheet) Sec_FrontArch_03 (open → sheet) Sec_FrontArch_04 (open → sheet) Sec_FrontArch_05 (open → sheet) Sec_FrontArch_06 (open → sheet) Sec_FrontArch_07 (open → sheet) Sec_FrontArch_08 (open → sheet) Sec_FrontArch_09 (open → sheet) Sec_FrontArch_10 (open → sheet) Sec_FrontArch_11 (open → sheet)
  · #47  Shell_FrontArch    surface  deg 3x3  poles 181x11  integral  bounds [1.12 -1.21 0.04]–[2.05 1.21 1.09]
  ·   ↳ loft of Sec_FrontArch_01 Sec_FrontArch_02 Sec_FrontArch_03 Sec_FrontArch_04 Sec_FrontArch_05 Sec_FrontArch_06 Sec_FrontArch_07 Sec_FrontArch_08 Sec_FrontArch_09 Sec_FrontArch_10 Sec_FrontArch_11  degree 3
> delete Sec_FrontArch_01 Sec_FrontArch_02 Sec_FrontArch_03 Sec_FrontArch_04 Sec_FrontArch_05 Sec_FrontArch_06 Sec_FrontArch_07 Sec_FrontArch_08 Sec_FrontArch_09 Sec_FrontArch_10 Sec_FrontArch_11
  · deleted 11 figure(s)
> tint Shell_FrontArch 0.80 0.82 0.86
> spline (2.0500,1.1380,0.7378) (2.0500,1.1052,0.7735) (2.0500,1.0548,0.7922) (2.0500,1.0033,0.8076) (2.0500,0.9511,0.8206) (2.0500,0.7914,0.8290) (2.0500,0.6397,0.7776) (2.0500,0.4818,0.7553) (2.0500,0.3212,0.7601) (2.0500,0.1607,0.7691) (2.0500,0.0000,0.7719) (2.0500,-0.1607,0.7691) (2.0500,-0.3212,0.7601) (2.0500,-0.4818,0.7553) (2.0500,-0.6397,0.7776) (2.0500,-0.7914,0.8290) (2.0500,-0.9511,0.8206) (2.0500,-1.0033,0.8076) (2.0500,-1.0548,0.7922) (2.0500,-1.1052,0.7735) (2.0500,-1.1380,0.7378) --name=Sec_Nose_01
  · #48  Sec_Nose_01        curve    deg 3  poles 21   integral  length 2.3486  bounds [2.05 -1.14 0.74]–[2.05 1.14 0.84]
> spline (2.1525,1.1346,0.5734) (2.1525,1.1153,0.6330) (2.1525,1.0910,0.6909) (2.1525,1.0424,0.7278) (2.1525,0.9870,0.7319) (2.1525,0.9324,0.7702) (2.1525,0.7527,0.7843) (2.1525,0.5709,0.7286) (2.1525,0.3806,0.7262) (2.1525,0.1905,0.7410) (2.1525,0.0000,0.7455) (2.1525,-0.1905,0.7410) (2.1525,-0.3806,0.7262) (2.1525,-0.5709,0.7286) (2.1525,-0.7527,0.7843) (2.1525,-0.9324,0.7702) (2.1525,-0.9870,0.7319) (2.1525,-1.0424,0.7278) (2.1525,-1.0910,0.6909) (2.1525,-1.1153,0.6330) (2.1525,-1.1346,0.5734) --name=Sec_Nose_02
  · #49  Sec_Nose_02        curve    deg 3  poles 21   integral  length 2.5346  bounds [2.15 -1.13 0.57]–[2.15 1.13 0.83]
> spline (2.2550,0.9445,0.5801) (2.2550,0.9446,0.4907) (2.2550,0.9578,0.4417) (2.2550,0.9977,0.5213) (2.2550,1.0087,0.6098) (2.2550,0.8857,0.6990) (2.2550,0.7714,0.7376) (2.2550,0.5814,0.7003) (2.2550,0.3879,0.6934) (2.2550,0.1942,0.7098) (2.2550,0.0000,0.7154) (2.2550,-0.1942,0.7098) (2.2550,-0.3879,0.6934) (2.2550,-0.5814,0.7003) (2.2550,-0.7714,0.7376) (2.2550,-0.8857,0.6990) (2.2550,-1.0087,0.6098) (2.2550,-0.9977,0.5213) (2.2550,-0.9578,0.4417) (2.2550,-0.9446,0.4907) (2.2550,-0.9445,0.5801) --name=Sec_Nose_03
  · #50  Sec_Nose_03        curve    deg 3  poles 21   integral  length 2.7632  bounds [2.25 -1.02 0.36]–[2.26 1.02 0.76]
> spline (2.3575,0.8224,0.5470) (2.3575,0.8538,0.5824) (2.3575,0.8822,0.6206) (2.3575,0.8803,0.6522) (2.3575,0.8342,0.6633) (2.3575,0.7204,0.6765) (2.3575,0.5768,0.6624) (2.3575,0.4329,0.6547) (2.3575,0.2886,0.6628) (2.3575,0.1445,0.6733) (2.3575,0.0000,0.6762) (2.3575,-0.1445,0.6733) (2.3575,-0.2886,0.6628) (2.3575,-0.4329,0.6547) (2.3575,-0.5768,0.6624) (2.3575,-0.7204,0.6765) (2.3575,-0.8342,0.6633) (2.3575,-0.8803,0.6522) (2.3575,-0.8822,0.6206) (2.3575,-0.8538,0.5824) (2.3575,-0.8224,0.5470) --name=Sec_Nose_04
  · #51  Sec_Nose_04        curve    deg 3  poles 21   integral  length 2.0344  bounds [2.36 -0.89 0.55]–[2.36 0.89 0.69]
> spline (2.4600,0.5935,0.4891) (2.4600,0.6248,0.5152) (2.4600,0.6540,0.5436) (2.4600,0.6825,0.5727) (2.4600,0.7106,0.6021) (2.4600,0.5936,0.6167) (2.4600,0.4750,0.6104) (2.4600,0.3563,0.6145) (2.4600,0.2376,0.6215) (2.4600,0.1189,0.6270) (2.4600,0.0000,0.6286) (2.4600,-0.1189,0.6270) (2.4600,-0.2376,0.6215) (2.4600,-0.3563,0.6145) (2.4600,-0.4750,0.6104) (2.4600,-0.5936,0.6167) (2.4600,-0.7106,0.6021) (2.4600,-0.6825,0.5727) (2.4600,-0.6540,0.5436) (2.4600,-0.6248,0.5152) (2.4600,-0.5935,0.4891) --name=Sec_Nose_05
  · #52  Sec_Nose_05        curve    deg 3  poles 21   integral  length 1.7858  bounds [2.46 -0.75 0.49]–[2.46 0.75 0.63]
> loft Sec_Nose_01 Sec_Nose_02 Sec_Nose_03 Sec_Nose_04 Sec_Nose_05 --sheet --name=Shell_Nose
  · loft Sec_Nose_01 (open → sheet) Sec_Nose_02 (open → sheet) Sec_Nose_03 (open → sheet) Sec_Nose_04 (open → sheet) Sec_Nose_05 (open → sheet)
  · #53  Shell_Nose         surface  deg 3x3  poles 85x5  integral  bounds [2.05 -1.27 -0.04]–[2.46 1.27 0.93]
  ·   ↳ loft of Sec_Nose_01 Sec_Nose_02 Sec_Nose_03 Sec_Nose_04 Sec_Nose_05  degree 3
> delete Sec_Nose_01 Sec_Nose_02 Sec_Nose_03 Sec_Nose_04 Sec_Nose_05
  · deleted 5 figure(s)
> tint Shell_Nose 0.80 0.82 0.86
> line (-0.7082,1.1611,0.6886) (-0.6626,1.1611,0.6091) --name=Shell_Crease_001
  · #54  Shell_Crease_001   curve    deg 1  poles 2    integral  length 0.0916  bounds [-0.71 1.16 0.61]–[-0.66 1.16 0.69]
> tint Shell_Crease_001 0.85 0.10 0.10
> line (-0.6626,1.1611,0.6091) (-0.6029,1.1573,0.6074) --name=Shell_Crease_002
  · #55  Shell_Crease_002   curve    deg 1  poles 2    integral  length 0.0598  bounds [-0.66 1.16 0.61]–[-0.60 1.16 0.61]
> tint Shell_Crease_002 0.85 0.10 0.10
> spline (-0.7222,1.1611,0.1595) (-0.6402,1.1611,0.3524) (-0.6365,1.1611,0.5087) (-0.6504,1.1611,0.5762) --name=Shell_Crease_003
  · #56  Shell_Crease_003   curve    deg 3  poles 4    integral  length 0.4374  bounds [-0.72 1.16 0.16]–[-0.61 1.16 0.58]
> tint Shell_Crease_003 0.85 0.10 0.10
> spline (2.5497,0.5222,0.5657) (2.5611,0.4793,0.5621) (2.5751,0.3897,0.5611) (2.6019,-0.0000,0.5599) (2.5895,-0.2576,0.5603) (2.5697,-0.4261,0.5614) (2.5497,-0.5222,0.5657) --name=Shell_Crease_004
  · #57  Shell_Crease_004   curve    deg 3  poles 7    integral  length 1.0521  bounds [2.55 -0.52 0.56]–[2.61 0.52 0.57]
> tint Shell_Crease_004 0.85 0.10 0.10
> spline (2.5497,0.5222,0.5657) (2.4232,0.7826,0.6184) (2.3267,0.9448,0.6580) --degree=2 --name=Shell_Crease_005
  · #58  Shell_Crease_005   curve    deg 2  poles 3    integral  length 0.4873  bounds [2.33 0.52 0.57]–[2.55 0.94 0.66]
> tint Shell_Crease_005 0.85 0.10 0.10
> line (2.2550,1.0081,0.6738) (2.3267,0.9448,0.6580) --name=Shell_Crease_006
  · #59  Shell_Crease_006   curve    deg 1  poles 2    integral  length 0.0969  bounds [2.25 0.94 0.66]–[2.33 1.01 0.67]
> tint Shell_Crease_006 0.85 0.10 0.10
> line (2.2550,1.0081,0.6738) (2.2025,1.0089,0.7143) --name=Shell_Crease_007
  · #60  Shell_Crease_007   curve    deg 1  poles 2    integral  length 0.0663  bounds [2.20 1.01 0.67]–[2.25 1.01 0.71]
> tint Shell_Crease_007 0.85 0.10 0.10
> spline (2.2260,1.0307,0.6799) (2.2071,1.0307,0.6994) (2.1709,1.0307,0.7222) --degree=2 --name=Shell_Crease_008
  · #61  Shell_Crease_008   curve    deg 2  poles 3    integral  length 0.0701  bounds [2.17 1.03 0.68]–[2.23 1.03 0.72]
> tint Shell_Crease_008 0.85 0.10 0.10
> line (2.2260,1.0307,0.6799) (2.1024,1.1309,0.7057) --name=Shell_Crease_009
  · #62  Shell_Crease_009   curve    deg 1  poles 2    integral  length 0.1612  bounds [2.10 1.03 0.68]–[2.23 1.13 0.71]
> tint Shell_Crease_009 0.85 0.10 0.10
> spline (2.3250,0.9448,0.6525) (2.3642,0.8827,0.6365) (2.4649,0.6941,0.5928) (2.4826,0.6574,0.5847) (2.5037,0.6127,0.5753) (2.5317,0.5520,0.5642) (2.5369,0.5405,0.5624) (2.5410,0.5311,0.5609) (2.5500,0.5075,0.5576) (2.5657,0.4259,0.5544) (2.5811,0.3070,0.5535) (2.5896,0.2034,0.5531) (2.5979,-0.0000,0.5529) (2.5896,-0.2034,0.5531) (2.5788,-0.3289,0.5536) (2.5657,-0.4259,0.5544) (2.5608,-0.4564,0.5548) (2.5587,-0.4687,0.5551) (2.5486,-0.5118,0.5581) (2.5440,-0.5241,0.5598) (2.5317,-0.5520,0.5642) (2.4649,-0.6941,0.5928) (2.4594,-0.7050,0.5953) (2.3546,-0.8983,0.6404) (2.3250,-0.9448,0.6525) --name=Shell_Crease_010
  · #63  Shell_Crease_010   curve    deg 3  poles 25   integral  length 2.0249  bounds [2.33 -0.94 0.55]–[2.60 0.94 0.65]
> tint Shell_Crease_010 0.85 0.10 0.10
> line (2.3250,0.9448,0.6525) (2.2600,1.0034,0.6676) --name=Shell_Crease_011
  · #64  Shell_Crease_011   curve    deg 1  poles 2    integral  length 0.0888  bounds [2.26 0.94 0.65]–[2.33 1.00 0.67]
> tint Shell_Crease_011 0.85 0.10 0.10
> line (2.1790,0.9448,0.1752) (2.3009,0.9448,0.5781) --name=Shell_Crease_012
  · #65  Shell_Crease_012   curve    deg 1  poles 2    integral  length 0.4209  bounds [2.18 0.94 0.18]–[2.30 0.94 0.58]
> tint Shell_Crease_012 0.85 0.10 0.10
> line (2.3009,0.9448,0.5781) (2.3274,0.8880,0.5636) --name=Shell_Crease_013
  · #66  Shell_Crease_013   curve    deg 1  poles 2    integral  length 0.0643  bounds [2.30 0.89 0.56]–[2.33 0.94 0.58]
> tint Shell_Crease_013 0.85 0.10 0.10
> line (2.3009,0.9448,0.5781) (2.3234,0.9448,0.6471) --name=Shell_Crease_014
  · #67  Shell_Crease_014   curve    deg 1  poles 2    integral  length 0.0726  bounds [2.30 0.94 0.58]–[2.32 0.94 0.65]
> tint Shell_Crease_014 0.85 0.10 0.10
> line (2.3274,0.8880,0.5636) (2.3579,0.8223,0.5469) --name=Shell_Crease_015
  · #68  Shell_Crease_015   curve    deg 1  poles 2    integral  length 0.0743  bounds [2.33 0.82 0.55]–[2.36 0.89 0.56]
> tint Shell_Crease_015 0.85 0.10 0.10
> line (2.3274,0.8880,0.5636) (2.3071,0.8615,0.5615) --name=Shell_Crease_016
  · #69  Shell_Crease_016   curve    deg 1  poles 2    integral  length 0.0334  bounds [2.31 0.86 0.56]–[2.33 0.89 0.56]
> tint Shell_Crease_016 0.85 0.10 0.10
> line (2.3071,0.8615,0.5615) (2.3131,0.8355,0.5564) --name=Shell_Crease_017
  · #70  Shell_Crease_017   curve    deg 1  poles 2    integral  length 0.0272  bounds [2.31 0.84 0.56]–[2.31 0.86 0.56]
> tint Shell_Crease_017 0.85 0.10 0.10
> spline (2.3131,0.8355,0.5564) (2.3263,0.8256,0.5526) (2.3579,0.8223,0.5469) --degree=2 --name=Shell_Crease_018
  · #71  Shell_Crease_018   curve    deg 2  poles 3    integral  length 0.0499  bounds [2.31 0.82 0.55]–[2.36 0.84 0.56]
> tint Shell_Crease_018 0.85 0.10 0.10
> spline (2.3579,0.8223,0.5469) (2.4292,0.6692,0.5080) (2.4576,0.6005,0.4908) (2.4779,0.5379,0.4756) (2.4872,0.5090,0.4686) (2.4965,0.4786,0.4609) (2.4857,0.3746,0.4006) (2.4815,0.3166,0.3767) (2.4856,0.2785,0.3745) (2.4922,0.2032,0.3744) (2.4940,0.1770,0.3744) (2.5005,-0.0000,0.3744) (2.4922,-0.2032,0.3744) (2.4856,-0.2785,0.3745) (2.4810,-0.3343,0.3810) (2.4857,-0.3746,0.4006) (2.4965,-0.4786,0.4609) (2.4901,-0.4999,0.4664) (2.4779,-0.5379,0.4756) (2.4494,-0.6233,0.4964) (2.4292,-0.6692,0.5080) (2.3579,-0.8223,0.5469) --name=Shell_Crease_019
  · #72  Shell_Crease_019   curve    deg 3  poles 22   integral  length 1.7697  bounds [2.36 -0.82 0.37]–[2.51 0.82 0.55]
> tint Shell_Crease_019 0.85 0.10 0.10
> spline (-1.4225,1.1611,0.1547) (-1.4756,1.1611,0.2480) (-1.5186,1.1611,0.4071) (-1.3643,1.1611,0.7739) (-1.2515,1.1611,0.8410) (-1.1208,1.1611,0.8774) (-0.9883,1.1611,0.8704) (-0.8630,1.1611,0.8258) (-0.7434,1.1611,0.7293) --name=Shell_Crease_020
  · #73  Shell_Crease_020   curve    deg 3  poles 9    integral  length 1.3760  bounds [-1.56 1.16 0.15]–[-0.74 1.16 0.89]
> tint Shell_Crease_020 0.85 0.10 0.10
> spline (0.9838,1.0656,0.3104) (1.0879,1.0548,0.2150) (1.1542,1.0524,0.1640) (1.2370,1.0771,0.1591) (1.3395,1.1106,0.1591) (1.3791,1.1249,0.1665) --name=Shell_Crease_021
  · #74  Shell_Crease_021   curve    deg 3  poles 6    integral  length 0.4665  bounds [0.98 1.03 0.14]–[1.38 1.12 0.31]
> tint Shell_Crease_021 0.85 0.10 0.10
> spline (1.3791,1.1249,0.1665) (1.3824,1.1301,0.1883) (1.3675,1.1304,0.2171) (1.3422,1.1309,0.2714) (1.3127,1.1312,0.3649) --name=Shell_Crease_022
  · #75  Shell_Crease_022   curve    deg 3  poles 5    integral  length 0.2144  bounds [1.31 1.12 0.17]–[1.39 1.14 0.36]
> tint Shell_Crease_022 0.85 0.10 0.10
> spline (1.7396,0.7164,0.8647) (1.7253,0.7300,0.8705) (1.6506,0.7962,0.8947) (1.5986,0.8299,0.9011) (1.5775,0.8394,0.9013) (1.5218,0.8565,0.8991) (1.4856,0.8642,0.8969) (1.3685,0.8822,0.8887) (1.3358,0.8857,0.8864) (1.2116,0.8926,0.8785) (1.0362,0.8968,0.8696) (0.9187,0.8971,0.8672) (0.8357,0.8972,0.8657) (0.8105,0.8972,0.8653) (0.7854,0.8972,0.8650) (0.6099,0.8972,0.8641) (0.4762,0.8971,0.8640) (0.3758,0.8971,0.8643) (0.3190,0.8971,0.8646) (0.1295,0.8969,0.8660) --name=Shell_Crease_023
  · #76  Shell_Crease_023   curve    deg 3  poles 20   integral  length 1.6633  bounds [0.13 0.72 0.86]–[1.74 0.90 0.90]
> tint Shell_Crease_023 0.85 0.10 0.10
> spline (1.7396,0.7164,0.8647) (1.8115,0.6249,0.8254) (1.8632,0.5332,0.8058) (1.9014,0.4538,0.7976) (1.9277,0.3940,0.7925) (1.9392,0.3649,0.7906) (1.9660,0.2809,0.7873) (1.9840,0.1972,0.7861) (2.0001,-0.0000,0.7863) (1.9958,-0.1034,0.7860) (1.9914,-0.1472,0.7860) (1.9840,-0.1972,0.7861) (1.9660,-0.2809,0.7873) (1.9392,-0.3649,0.7906) (1.9014,-0.4538,0.7976) (1.8750,-0.5094,0.8032) (1.8525,-0.5543,0.8086) (1.8115,-0.6249,0.8254) (1.7396,-0.7164,0.8647) --name=Shell_Crease_024
  · #77  Shell_Crease_024   curve    deg 3  poles 19   integral  length 1.5755  bounds [1.74 -0.72 0.79]–[2.00 0.72 0.86]
> tint Shell_Crease_024 0.85 0.10 0.10
> spline (1.7396,0.7164,0.8647) (1.9678,0.6669,0.8073) (2.1362,0.6304,0.7510) (2.3289,0.5887,0.6761) (2.4548,0.5618,0.6168) (2.5035,0.5453,0.5922) --name=Shell_Crease_025
  · #78  Shell_Crease_025   curve    deg 3  poles 6    integral  length 0.8317  bounds [1.74 0.55 0.59]–[2.50 0.72 0.86]
> tint Shell_Crease_025 0.85 0.10 0.10
> spline (2.0756,1.1380,0.7101) (2.0282,1.1380,0.7574) (1.9388,1.1380,0.8170) (1.6548,1.1380,0.8499) (1.4252,1.1380,0.7086) (1.3685,1.1380,0.6221) (1.3434,1.1380,0.5615) --name=Shell_Crease_026
  · #79  Shell_Crease_026   curve    deg 3  poles 7    integral  length 0.9099  bounds [1.34 1.14 0.56]–[2.08 1.14 0.87]
> tint Shell_Crease_026 0.85 0.10 0.10
> spline (0.1295,0.8969,0.8660) (0.1305,0.9762,0.8660) (0.1313,1.0131,0.8717) --degree=2 --name=Shell_Crease_027
  · #80  Shell_Crease_027   curve    deg 2  poles 3    integral  length 0.1168  bounds [0.13 0.90 0.86]–[0.13 1.01 0.87]
> tint Shell_Crease_027 0.85 0.10 0.10
> spline (0.1295,0.8969,0.8660) (-0.3585,0.8900,0.8895) (-0.5803,0.8886,0.9191) (-0.8965,0.8880,0.9842) (-1.2299,0.8877,1.0013) --name=Shell_Crease_028
  · #81  Shell_Crease_028   curve    deg 3  poles 5    integral  length 1.3707  bounds [-1.23 0.89 0.87]–[0.13 0.90 1.03]
> tint Shell_Crease_028 0.85 0.10 0.10
> spline (0.1295,0.8969,0.8660) (0.1284,0.8481,0.8755) (0.1133,0.8128,0.8811) --degree=2 --name=Shell_Crease_029
  · #82  Shell_Crease_029   curve    deg 2  poles 3    integral  length 0.0891  bounds [0.11 0.81 0.87]–[0.14 0.90 0.88]
> tint Shell_Crease_029 0.85 0.10 0.10
> spline (1.3127,1.1312,0.3649) (1.2595,1.1272,0.3792) (1.2130,1.1238,0.3919) (1.1530,1.1199,0.4082) (1.1279,1.1184,0.4151) (1.0637,1.1146,0.4326) (0.9960,1.1105,0.4510) (0.9415,1.1074,0.4659) (0.8759,1.1049,0.4838) (0.7856,1.1051,0.5045) (0.6883,1.1062,0.5223) (0.5792,1.1074,0.5388) (0.4271,1.1088,0.5536) (0.2498,1.1106,0.5653) (-0.1553,1.1173,0.5895) (-0.2265,1.1206,0.5923) (-0.2968,1.1247,0.5947) (-0.3629,1.1292,0.5967) (-0.4211,1.1338,0.5983) (-0.5586,1.1486,0.6019) (-0.5958,1.1557,0.6028) (-0.5984,1.1564,0.6029) (-0.6015,1.1570,0.6030) --name=Shell_Crease_030
  · #83  Shell_Crease_030   curve    deg 3  poles 23   integral  length 1.9412  bounds [-0.60 1.10 0.36]–[1.31 1.16 0.60]
> tint Shell_Crease_030 0.85 0.10 0.10
> spline (2.3234,0.9448,0.6471) (2.3523,0.8986,0.6351) (2.4618,0.6938,0.5873) (2.4952,0.6237,0.5720) (2.5399,0.5239,0.5538) (2.5457,0.5073,0.5514) (2.5547,0.4687,0.5485) (2.5618,0.4257,0.5476) (2.5773,0.3066,0.5467) (2.5838,0.2305,0.5464) (2.5921,0.0848,0.5461) (2.5941,-0.0000,0.5461) (2.5935,-0.0423,0.5461) (2.5902,-0.1288,0.5462) (2.5858,-0.2034,0.5463) (2.5750,-0.3284,0.5468) (2.5618,-0.4257,0.5476) (2.5569,-0.4564,0.5482) (2.5444,-0.5116,0.5520) (2.5278,-0.5519,0.5583) (2.4794,-0.6574,0.5792) (2.4618,-0.6938,0.5873) (2.4487,-0.7203,0.5932) (2.3523,-0.8986,0.6351) (2.3234,-0.9448,0.6471) --name=Shell_Crease_031
  · #84  Shell_Crease_031   curve    deg 3  poles 25   integral  length 2.0228  bounds [2.32 -0.94 0.55]–[2.59 0.94 0.65]
> tint Shell_Crease_031 0.85 0.10 0.10
> line (2.3234,0.9448,0.6471) (2.1069,1.1304,0.6997) --name=Shell_Crease_032
  · #85  Shell_Crease_032   curve    deg 1  poles 2    integral  length 0.2900  bounds [2.11 0.94 0.65]–[2.32 1.13 0.70]
> tint Shell_Crease_032 0.85 0.10 0.10
> line (2.2600,1.0034,0.6676) (2.1056,1.1306,0.7014) --name=Shell_Crease_033
  · #86  Shell_Crease_033   curve    deg 1  poles 2    integral  length 0.2029  bounds [2.11 1.00 0.67]–[2.26 1.13 0.70]
> tint Shell_Crease_033 0.85 0.10 0.10
> spline (2.1069,1.1304,0.6997) (2.1620,1.1193,0.5989) (2.1925,1.1105,0.4503) (2.1738,1.0979,0.3076) (2.1472,1.0978,0.2392) (2.1142,1.0815,0.1822) --name=Shell_Crease_034
  · #87  Shell_Crease_034   curve    deg 3  poles 6    integral  length 0.5556  bounds [2.11 1.08 0.18]–[2.20 1.13 0.70]
> tint Shell_Crease_034 0.85 0.10 0.10
> spline (0.0103,0.6815,1.0418) (-0.0323,0.6757,1.0366) (-0.1480,0.6586,1.0222) (-0.2102,0.6472,1.0144) (-0.2768,0.6330,1.0060) (-0.3171,0.6241,1.0010) (-0.3610,0.6145,0.9955) (-0.5514,0.5727,0.9716) (-0.6667,0.5474,0.9571) (-0.9191,0.4920,0.9254) (-1.1008,0.4522,0.9026) (-1.1603,0.4391,0.8951) (-1.2139,0.4273,0.8884) (-1.2301,0.4238,0.8864) (-1.3900,0.3900,0.8670) (-1.4370,0.3820,0.8625) (-1.4739,0.3765,0.8593) (-1.5095,0.3713,0.8563) --name=Shell_Crease_035
  · #88  Shell_Crease_035   curve    deg 3  poles 18   integral  length 1.5628  bounds [-1.51 0.37 0.86]–[0.01 0.68 1.04]
> tint Shell_Crease_035 0.85 0.10 0.10
> line (0.0103,0.6815,1.0418) (0.0778,0.6883,1.0474) --name=Shell_Crease_036
  · #89  Shell_Crease_036   curve    deg 1  poles 2    integral  length 0.0681  bounds [0.01 0.68 1.04]–[0.08 0.69 1.05]
> tint Shell_Crease_036 0.85 0.10 0.10
> spline (0.0103,0.6815,1.0418) (0.0460,0.7414,0.9768) (0.1133,0.8128,0.8811) --degree=2 --name=Shell_Crease_037
  · #90  Shell_Crease_037   curve    deg 2  poles 3    integral  length 0.2327  bounds [0.01 0.68 0.88]–[0.11 0.81 1.04]
> tint Shell_Crease_037 0.85 0.10 0.10
> spline (0.0103,0.6815,1.0418) (0.0069,0.5093,1.1029) (0.0069,0.3743,1.1249) --degree=2 --name=Shell_Crease_038
  · #91  Shell_Crease_038   curve    deg 2  poles 3    integral  length 0.3200  bounds [0.01 0.37 1.04]–[0.01 0.68 1.12]
> tint Shell_Crease_038 0.85 0.10 0.10
> spline (2.5035,0.5453,0.5922) (2.4514,0.6380,0.6222) (2.4032,0.7322,0.6462) --degree=2 --name=Shell_Crease_039
  · #92  Shell_Crease_039   curve    deg 2  poles 3    integral  length 0.2190  bounds [2.40 0.55 0.59]–[2.50 0.73 0.65]
> tint Shell_Crease_039 0.85 0.10 0.10
> spline (0.0692,0.3797,1.1309) (0.0692,0.5338,1.1044) (0.0704,0.6282,1.0739) (0.0778,0.6883,1.0474) --name=Shell_Crease_040
  · #93  Shell_Crease_040   curve    deg 3  poles 4    integral  length 0.3220  bounds [0.06 0.38 1.05]–[0.08 0.69 1.13]
> tint Shell_Crease_040 0.85 0.10 0.10
> line (0.0692,0.3797,1.1309) (0.0069,0.3743,1.1249) --name=Shell_Crease_041
  · #94  Shell_Crease_041   curve    deg 1  poles 2    integral  length 0.0628  bounds [0.01 0.37 1.12]–[0.07 0.38 1.13]
> tint Shell_Crease_041 0.85 0.10 0.10
> line (0.0692,0.3797,1.1309) (0.0923,0.3764,1.1337) --name=Shell_Crease_042
  · #95  Shell_Crease_042   curve    deg 1  poles 2    integral  length 0.0235  bounds [0.07 0.38 1.13]–[0.09 0.38 1.13]
> tint Shell_Crease_042 0.85 0.10 0.10
> spline (0.0981,0.3650,1.1352) (0.0934,0.3589,1.1350) (0.0692,0.3580,1.1323) --degree=2 --name=Shell_Crease_043
  · #96  Shell_Crease_043   curve    deg 2  poles 3    integral  length 0.0335  bounds [0.07 0.35 1.13]–[0.10 0.36 1.14]
> tint Shell_Crease_043 0.85 0.10 0.10
> spline (0.0692,0.3580,1.1323) (0.0692,-0.0395,1.1384) (0.0692,-0.3580,1.1323) --degree=2 --name=Shell_Crease_044
  · #97  Shell_Crease_044   curve    deg 2  poles 3    integral  length 0.7161  bounds [0.07 -0.36 1.13]–[0.07 0.36 1.14]
> tint Shell_Crease_044 0.85 0.10 0.10
> line (0.0692,0.3580,1.1323) (0.0069,0.3530,1.1264) --name=Shell_Crease_045
  · #98  Shell_Crease_045   curve    deg 1  poles 2    integral  length 0.0628  bounds [0.01 0.35 1.13]–[0.07 0.36 1.13]
> tint Shell_Crease_045 0.85 0.10 0.10
> spline (2.0960,1.1123,0.1845) (2.1496,1.1187,0.2906) (2.1743,1.1281,0.4514) (2.1336,1.1373,0.6206) (2.0802,1.1380,0.7047) --name=Shell_Crease_046
  · #99  Shell_Crease_046   curve    deg 3  poles 5    integral  length 0.5587  bounds [2.08 1.11 0.18]–[2.20 1.14 0.70]
> tint Shell_Crease_046 0.85 0.10 0.10
> spline (1.4183,1.1380,0.1591) (1.3632,1.1380,0.2666) (1.3310,1.1380,0.3595) --degree=2 --name=Shell_Crease_047
  · #100 Shell_Crease_047   curve    deg 2  poles 3    integral  length 0.2193  bounds [1.33 1.14 0.16]–[1.42 1.14 0.36]
> tint Shell_Crease_047 0.85 0.10 0.10
> line (2.4614,0.6716,0.6125) (2.5220,0.5344,0.5798) --name=Shell_Crease_048
  · #101 Shell_Crease_048   curve    deg 1  poles 2    integral  length 0.1535  bounds [2.46 0.53 0.58]–[2.52 0.67 0.61]
> tint Shell_Crease_048 0.85 0.10 0.10
> spline (2.2025,1.0089,0.7143) (2.3072,0.8979,0.6846) (2.4032,0.7322,0.6462) --degree=2 --name=Shell_Crease_049
  · #102 Shell_Crease_049   curve    deg 2  poles 3    integral  length 0.3515  bounds [2.20 0.73 0.65]–[2.40 1.01 0.71]
> tint Shell_Crease_049 0.85 0.10 0.10
> spline (2.1982,1.0088,0.7160) (2.3032,0.8978,0.6861) (2.3985,0.7341,0.6478) --degree=2 --name=Shell_Crease_050
  · #103 Shell_Crease_050   curve    deg 2  poles 3    integral  length 0.3497  bounds [2.20 0.73 0.65]–[2.40 1.01 0.72]
> tint Shell_Crease_050 0.85 0.10 0.10
> spline (2.0518,1.0327,0.7670) (2.1019,0.9439,0.7722) (2.2053,0.8018,0.7414) (2.2703,0.7562,0.7055) (2.3529,0.7344,0.6574) --name=Shell_Crease_051
  · #104 Shell_Crease_051   curve    deg 3  poles 5    integral  length 0.4682  bounds [2.05 0.73 0.66]–[2.35 1.03 0.78]
> tint Shell_Crease_051 0.85 0.10 0.10
> line (2.0518,1.0327,0.7670) (2.1240,1.0290,0.7326) --name=Shell_Crease_052
  · #105 Shell_Crease_052   curve    deg 1  poles 2    integral  length 0.0801  bounds [2.05 1.03 0.73]–[2.12 1.03 0.77]
> tint Shell_Crease_052 0.85 0.10 0.10
> spline (2.4032,0.7322,0.6462) (2.3181,0.7551,0.7014) (2.2480,0.8055,0.7422) (2.1219,0.9872,0.7712) (2.1004,1.0294,0.7662) --name=Shell_Crease_053
  · #106 Shell_Crease_053   curve    deg 3  poles 5    integral  length 0.4739  bounds [2.10 0.73 0.65]–[2.40 1.03 0.78]
> tint Shell_Crease_053 0.85 0.10 0.10
> spline (2.1004,1.0294,0.7662) (2.1048,1.0343,0.7613) (2.1303,1.0333,0.7462) (2.1709,1.0307,0.7222) --name=Shell_Crease_054
  · #107 Shell_Crease_054   curve    deg 3  poles 4    integral  length 0.0882  bounds [2.10 1.01 0.72]–[2.17 1.05 0.77]
> tint Shell_Crease_054 0.85 0.10 0.10
> spline (2.3985,0.7341,0.6478) (2.3155,0.7566,0.7017) (2.2471,0.8060,0.7418) (2.1294,0.9740,0.7707) (2.1002,1.0279,0.7658) --name=Shell_Crease_055
  · #108 Shell_Crease_055   curve    deg 3  poles 5    integral  length 0.4668  bounds [2.10 0.73 0.65]–[2.40 1.03 0.77]
> tint Shell_Crease_055 0.85 0.10 0.10
> spline (2.1002,1.0279,0.7658) (2.1034,1.0325,0.7616) (2.1286,1.0315,0.7465) (2.1687,1.0291,0.7233) --name=Shell_Crease_056
  · #109 Shell_Crease_056   curve    deg 3  poles 4    integral  length 0.0869  bounds [2.10 1.01 0.72]–[2.17 1.05 0.77]
> tint Shell_Crease_056 0.85 0.10 0.10
> line (2.3985,0.7341,0.6478) (2.3529,0.7344,0.6574) --name=Shell_Crease_057
  · #110 Shell_Crease_057   curve    deg 1  poles 2    integral  length 0.0466  bounds [2.35 0.73 0.65]–[2.40 0.73 0.66]
> tint Shell_Crease_057 0.85 0.10 0.10
> line (2.1687,1.0291,0.7233) (2.1240,1.0290,0.7326) --name=Shell_Crease_058
  · #111 Shell_Crease_058   curve    deg 1  poles 2    integral  length 0.0457  bounds [2.12 1.03 0.72]–[2.17 1.03 0.73]
> tint Shell_Crease_058 0.85 0.10 0.10
> spline (2.3529,0.7344,0.6574) (2.2463,0.9134,0.6989) (2.1240,1.0290,0.7326) --degree=2 --name=Shell_Crease_059
  · #112 Shell_Crease_059   curve    deg 2  poles 3    integral  length 0.3852  bounds [2.12 0.73 0.66]–[2.35 1.03 0.73]
> tint Shell_Crease_059 0.85 0.10 0.10
> spline (0.1133,0.8128,0.8811) (0.3728,0.8413,0.8735) (0.6064,0.8509,0.8613) (0.8222,0.8551,0.8493) (0.9294,0.8573,0.8462) (1.0163,0.8578,0.8438) (1.0430,0.8575,0.8432) (1.1929,0.8496,0.8429) (1.2588,0.8453,0.8430) (1.3155,0.8403,0.8426) (1.3871,0.8320,0.8414) (1.4237,0.8266,0.8409) (1.5100,0.8047,0.8408) (1.6402,0.7148,0.8317) (1.7151,0.6340,0.8159) (1.7870,0.5242,0.8005) (1.8259,0.4436,0.7945) (1.8606,0.3536,0.7896) (1.8756,0.2986,0.7881) (1.8815,0.2715,0.7877) (1.8913,0.2174,0.7873) (1.9032,0.1213,0.7874) (1.9070,-0.0000,0.7875) (1.9068,-0.0402,0.7875) (1.8952,-0.1911,0.7873) (1.8688,-0.3257,0.7887) (1.8259,-0.4436,0.7945) (1.7993,-0.5004,0.7986) (1.7756,-0.5448,0.8022) (1.7038,-0.6477,0.8187) (1.6535,-0.7020,0.8294) (1.5487,-0.7856,0.8407) (1.5100,-0.8047,0.8408) (1.3871,-0.8320,0.8414) (1.2588,-0.8453,0.8430) (1.2138,-0.8483,0.8430) (1.0163,-0.8578,0.8438) (0.9294,-0.8573,0.8462) (0.9009,-0.8568,0.8470) (0.7184,-0.8531,0.8547) (0.3728,-0.8413,0.8735) (0.1133,-0.8128,0.8811) --name=Shell_Crease_060
  · #113 Shell_Crease_060   curve    deg 3  poles 42   integral  length 4.7034  bounds [0.11 -0.86 0.79]–[1.91 0.86 0.88]
> tint Shell_Crease_060 0.85 0.10 0.10
> spline (0.1133,0.8128,0.8811) (-0.1557,0.7723,0.8669) (-0.3607,0.7398,0.8555) (-0.4058,0.7324,0.8544) (-0.5514,0.7083,0.8517) (-0.6096,0.6986,0.8506) (-0.7235,0.6798,0.8485) (-0.8519,0.6585,0.8461) (-0.8743,0.6548,0.8457) (-0.9882,0.6359,0.8436) (-1.0115,0.6320,0.8431) (-1.0346,0.6282,0.8427) (-1.0574,0.6244,0.8423) (-1.0795,0.6208,0.8419) (-1.2458,0.5932,0.8395) (-1.2615,0.5906,0.8398) (-1.2782,0.5878,0.8405) (-1.3660,0.5681,0.8464) (-1.3916,0.5591,0.8474) --name=Shell_Crease_061
  · #114 Shell_Crease_061   curve    deg 3  poles 19   integral  length 1.5279  bounds [-1.39 0.56 0.84]–[0.11 0.81 0.88]
> tint Shell_Crease_061 0.85 0.10 0.10
> spline (0.0778,0.6883,1.0474) (0.2585,0.6920,1.0573) (0.3897,0.6918,1.0586) (0.5921,0.6888,1.0592) (0.6802,0.6849,1.0595) (0.7878,0.6733,1.0597) (0.8063,0.6703,1.0597) (0.8700,0.6570,1.0597) (0.9030,0.6466,1.0597) (0.9474,0.6277,1.0597) (1.0307,0.5677,1.0596) (1.0828,0.5079,1.0588) (1.1107,0.4660,1.0587) (1.1156,0.4577,1.0588) (1.1657,0.3435,1.0593) (1.1707,0.3292,1.0592) (1.2159,0.1443,1.0591) (1.2180,0.1276,1.0591) (1.2251,-0.0000,1.0587) (1.2250,-0.0157,1.0587) (1.2212,-0.0950,1.0590) (1.2159,-0.1443,1.0591) (1.1864,-0.2814,1.0592) (1.1657,-0.3435,1.0593) (1.1426,-0.4026,1.0592) (1.1382,-0.4126,1.0591) (1.1156,-0.4577,1.0588) (1.0627,-0.5342,1.0591) (1.0307,-0.5677,1.0596) (1.0022,-0.5916,1.0597) (0.9474,-0.6277,1.0597) (0.9206,-0.6397,1.0597) (0.8700,-0.6570,1.0597) (0.7878,-0.6733,1.0597) (0.6549,-0.6863,1.0594) (0.5921,-0.6888,1.0592) (0.3897,-0.6918,1.0586) (0.2180,-0.6917,1.0561) (0.0778,-0.6883,1.0474) --name=Shell_Crease_062
  · #115 Shell_Crease_062   curve    deg 3  poles 39   integral  length 3.1915  bounds [0.08 -0.69 1.05]–[1.23 0.69 1.06]
> tint Shell_Crease_062 0.85 0.10 0.10
> spline (0.0778,0.6883,1.0474) (0.0961,0.7172,1.0179) (0.1452,0.7697,0.9546) (0.1973,0.7929,0.9241) (0.2363,0.8039,0.9109) (0.5208,0.8411,0.8658) (0.7452,0.8425,0.8495) (0.7947,0.8427,0.8459) (1.0789,0.8392,0.8261) (1.1754,0.8346,0.8165) (1.2875,0.8190,0.8045) (1.4114,0.7923,0.7958) (1.5297,0.7359,0.7939) (1.5904,0.6906,0.7939) (1.6926,0.5755,0.7939) (1.7200,0.5279,0.7939) (1.7413,0.4847,0.7939) (1.8071,0.3169,0.7939) (1.8199,0.2645,0.7939) (1.8491,-0.0000,0.7939) (1.8199,-0.2645,0.7939) (1.8139,-0.2906,0.7939) (1.7895,-0.3718,0.7939) (1.7660,-0.4302,0.7939) (1.6834,-0.5890,0.7939) (1.6166,-0.6659,0.7939) (1.6037,-0.6784,0.7939) (1.4114,-0.7923,0.7958) (1.3179,-0.8135,0.8020) (1.1754,-0.8346,0.8165) (1.0989,-0.8385,0.8242) (1.0789,-0.8392,0.8261) (0.8945,-0.8428,0.8397) (0.7947,-0.8427,0.8459) (0.7161,-0.8425,0.8516) (0.4767,-0.8390,0.8698) (0.3322,-0.8230,0.8894) (0.2363,-0.8039,0.9109) (0.1452,-0.7697,0.9546) (0.1292,-0.7575,0.9709) (0.1167,-0.7447,0.9870) (0.0778,-0.6883,1.0474) --name=Shell_Crease_063
  · #116 Shell_Crease_063   curve    deg 3  poles 42   integral  length 4.8079  bounds [0.08 -0.84 0.79]–[1.86 0.84 1.05]
> tint Shell_Crease_063 0.85 0.10 0.10
> spline (1.3238,1.1310,0.5608) (0.7377,1.1129,0.5682) (0.5288,1.1124,0.5708) (0.4453,1.1130,0.5743) (0.3874,1.1152,0.5838) (0.3289,1.1215,0.6169) (0.2560,1.1213,0.7048) (0.1823,1.0964,0.8057) (0.1528,1.0687,0.8481) (0.1313,1.0131,0.8717) --name=Shell_Crease_064
  · #117 Shell_Crease_064   curve    deg 3  poles 10   integral  length 1.3728  bounds [0.13 1.01 0.56]–[1.32 1.13 0.87]
> tint Shell_Crease_064 0.85 0.10 0.10
> spline (1.3238,1.1310,0.5608) (1.3482,1.1311,0.6220) (1.4104,1.1312,0.7194) (1.6649,1.1312,0.8695) (1.9564,1.1312,0.8279) (2.0579,1.1312,0.7551) (2.1024,1.1309,0.7057) --name=Shell_Crease_065
  · #118 Shell_Crease_065   curve    deg 3  poles 7    integral  length 0.9750  bounds [1.32 1.13 0.56]–[2.10 1.13 0.89]
> tint Shell_Crease_065 0.85 0.10 0.10
> spline (1.3238,1.1310,0.5608) (1.3104,1.1311,0.4732) (1.3096,1.1312,0.3781) --degree=2 --name=Shell_Crease_066
  · #119 Shell_Crease_066   curve    deg 2  poles 3    integral  length 0.1839  bounds [1.30 1.13 0.38]–[1.32 1.13 0.56]
> tint Shell_Crease_066 0.85 0.10 0.10
> spline (1.3254,1.1310,0.5609) (1.3606,1.1311,0.6436) (1.4208,1.1312,0.7292) (1.6654,1.1312,0.8682) (1.9558,1.1312,0.8266) (2.0565,1.1312,0.7545) (2.1003,1.1309,0.7061) --name=Shell_Crease_067
  · #120 Shell_Crease_067   curve    deg 3  poles 7    integral  length 0.9697  bounds [1.33 1.13 0.56]–[2.10 1.13 0.89]
> tint Shell_Crease_067 0.85 0.10 0.10
> spline (1.3254,1.1310,0.5609) (1.3118,1.1311,0.4731) (1.3111,1.1312,0.3777) --degree=2 --name=Shell_Crease_068
  · #121 Shell_Crease_068   curve    deg 2  poles 3    integral  length 0.1844  bounds [1.30 1.13 0.38]–[1.33 1.13 0.56]
> tint Shell_Crease_068 0.85 0.10 0.10
> spline (1.3434,1.1380,0.5615) (1.3286,1.1380,0.4713) (1.3279,1.1380,0.3736) --degree=2 --name=Shell_Crease_069
  · #122 Shell_Crease_069   curve    deg 2  poles 3    integral  length 0.1893  bounds [1.32 1.14 0.37]–[1.34 1.14 0.56]
> tint Shell_Crease_069 0.85 0.10 0.10
> line (0.1313,1.0131,0.8717) (0.3777,1.0324,0.8675) --name=Shell_Crease_070
  · #123 Shell_Crease_070   curve    deg 1  poles 2    integral  length 0.2472  bounds [0.13 1.01 0.87]–[0.38 1.03 0.87]
> tint Shell_Crease_070 0.85 0.10 0.10
> spline (0.1313,1.0131,0.8717) (0.0256,1.0077,0.8741) (-0.3524,0.9979,0.8948) (-0.6661,0.9927,0.9564) (-0.7483,0.9926,0.9715) (-0.9424,0.9926,1.0004) (-1.1008,0.9922,1.0070) (-1.1784,0.9916,1.0053) (-1.2203,1.0021,0.9997) --name=Shell_Crease_071
  · #124 Shell_Crease_071   curve    deg 3  poles 9    integral  length 1.3647  bounds [-1.22 0.98 0.87]–[0.13 1.01 1.01]
> tint Shell_Crease_071 0.85 0.10 0.10
> line (-0.6609,1.1611,0.6046) (-0.6015,1.1570,0.6030) --name=Shell_Crease_072
  · #125 Shell_Crease_072   curve    deg 1  poles 2    integral  length 0.0596  bounds [-0.66 1.16 0.60]–[-0.60 1.16 0.60]
> tint Shell_Crease_072 0.85 0.10 0.10
> spline (2.1048,1.1305,0.7001) (2.1603,1.1201,0.5993) (2.1911,1.1113,0.4504) (2.1722,1.0991,0.3073) (2.1454,1.0987,0.2387) (2.1127,1.0834,0.1824) --name=Shell_Crease_073
  · #126 Shell_Crease_073   curve    deg 3  poles 6    integral  length 0.5557  bounds [2.10 1.08 0.18]–[2.20 1.13 0.70]
> tint Shell_Crease_073 0.85 0.10 0.10
> spline (0.0069,0.3743,1.1249) (-0.0344,0.3708,1.1200) (-0.0746,0.3673,1.1151) (-0.2416,0.3530,1.0922) (-0.3176,0.3464,1.0804) (-0.6382,0.3189,1.0303) (-0.7515,0.3090,1.0127) (-0.8743,0.2980,0.9939) (-0.8966,0.2959,0.9906) (-0.9191,0.2937,0.9872) (-0.9419,0.2914,0.9839) (-0.9650,0.2891,0.9805) (-0.9882,0.2867,0.9772) (-1.0795,0.2768,0.9639) (-1.1789,0.2660,0.9486) (-1.2615,0.2570,0.9357) (-1.4525,0.2364,0.9062) (-1.4821,0.2340,0.9028) (-1.5095,0.2332,0.9017) --name=Shell_Crease_074
  · #127 Shell_Crease_074   curve    deg 3  poles 19   integral  length 1.5396  bounds [-1.51 0.23 0.90]–[0.01 0.37 1.12]
> tint Shell_Crease_074 0.85 0.10 0.10
> spline (0.0069,0.3530,1.1264) (0.0069,-0.0533,1.1324) (0.0069,-0.3530,1.1264) --degree=2 --name=Shell_Crease_075
  · #128 Shell_Crease_075   curve    deg 2  poles 3    integral  length 0.7061  bounds [0.01 -0.35 1.13]–[0.01 0.35 1.14]
> tint Shell_Crease_075 0.85 0.10 0.10
> spline (0.0069,0.3530,1.1264) (-0.2416,0.3333,1.0937) (-0.3176,0.3273,1.0818) (-0.5203,0.3111,1.0502) (-0.6382,0.3018,1.0318) (-0.7235,0.2949,1.0185) (-0.7515,0.2926,1.0142) (-0.8044,0.2883,1.0061) (-0.8743,0.2824,0.9954) (-0.8966,0.2805,0.9921) (-0.9191,0.2785,0.9888) (-0.9419,0.2764,0.9854) (-0.9650,0.2742,0.9821) (-0.9882,0.2720,0.9787) (-1.0795,0.2629,0.9655) (-1.2615,0.2445,0.9373) (-1.4525,0.2255,0.9079) (-1.4821,0.2232,0.9044) (-1.5095,0.2225,0.9033) --name=Shell_Crease_076
  · #129 Shell_Crease_076   curve    deg 3  poles 19   integral  length 1.5387  bounds [-1.51 0.22 0.90]–[0.01 0.35 1.13]
> tint Shell_Crease_076 0.85 0.10 0.10
> spline (-0.4381,0.9925,0.9084) (-0.6660,0.9917,0.9567) (-0.7745,0.9916,0.9763) (-0.8248,0.9916,0.9847) (-0.9886,0.9916,1.0044) (-1.1412,0.9908,1.0066) (-1.2151,0.9881,1.0039) (-1.2328,0.9869,1.0024) (-1.3207,0.9767,0.9920) (-1.3714,0.9685,0.9896) (-1.4528,0.9423,0.9853) (-1.4706,0.9343,0.9840) (-1.5212,0.9067,0.9798) (-1.5739,0.8657,0.9761) (-1.6350,0.7775,0.9756) (-1.6474,0.7511,0.9756) (-1.6816,0.6373,0.9756) (-1.6967,0.5132,0.9756) (-1.7039,0.4239,0.9756) (-1.7132,0.2793,0.9756) (-1.7174,0.1534,0.9756) (-1.7196,-0.0000,0.9756) (-1.7108,-0.3270,0.9756) (-1.6992,-0.4822,0.9756) (-1.6967,-0.5132,0.9756) (-1.6905,-0.5762,0.9756) (-1.6678,-0.6951,0.9756) (-1.6584,-0.7234,0.9756) (-1.6094,-0.8227,0.9756) (-1.5739,-0.8657,0.9761) (-1.5358,-0.8967,0.9786) (-1.4706,-0.9343,0.9840) (-1.3873,-0.9648,0.9890) (-1.3714,-0.9685,0.9896) (-1.3032,-0.9790,0.9935) (-1.2328,-0.9869,1.0024) (-1.1604,-0.9903,1.0061) (-1.0117,-0.9916,1.0057) (-0.9886,-0.9916,1.0044) (-0.8248,-0.9916,0.9847) (-0.6940,-0.9917,0.9619) (-0.4381,-0.9925,0.9084) --name=Shell_Crease_077
  · #130 Shell_Crease_077   curve    deg 3  poles 42   integral  length 4.1390  bounds [-1.72 -0.99 0.91]–[-0.44 0.99 1.01]
> tint Shell_Crease_077 0.85 0.10 0.10
> spline (1.3096,1.1312,0.3781) (1.2839,1.1294,0.3848) (1.2589,1.1277,0.3912) (1.2354,1.1260,0.3973) (1.1944,1.1234,0.4080) (1.1540,1.1211,0.4185) (1.0985,1.1180,0.4329) (0.9676,1.1109,0.4669) (0.9190,1.1085,0.4795) (0.7854,1.1072,0.5107) (0.6333,1.1088,0.5364) (0.5791,1.1094,0.5438) (0.5276,1.1098,0.5496) (0.4777,1.1102,0.5542) (0.3724,1.1112,0.5615) (0.3127,1.1119,0.5653) (0.2486,1.1127,0.5694) (0.0474,1.1149,0.5824) (-0.2273,1.1225,0.5965) (-0.2975,1.1263,0.5989) (-0.5597,1.1491,0.6062) (-0.5971,1.1560,0.6072) (-0.6029,1.1573,0.6074) --name=Shell_Crease_078
  · #131 Shell_Crease_078   curve    deg 3  poles 23   integral  length 1.9365  bounds [-0.60 1.11 0.38]–[1.31 1.16 0.61]
> tint Shell_Crease_078 0.85 0.10 0.10
> spline (-0.4387,0.9675,0.9074) (-0.4761,0.9730,0.9153) (-0.6075,0.9789,0.9446) (-0.7485,0.9788,0.9719) (-0.9886,0.9788,1.0052) (-1.1412,0.9776,1.0072) (-1.2148,0.9737,1.0042) (-1.2495,0.9706,1.0005) (-1.3005,0.9654,0.9936) (-1.3341,0.9615,0.9910) (-1.4285,0.9379,0.9865) (-1.5108,0.8963,0.9798) (-1.5626,0.8557,0.9761) (-1.5848,0.8310,0.9756) (-1.6334,0.7442,0.9756) (-1.6443,0.7169,0.9756) (-1.6791,0.5408,0.9756) (-1.6911,0.3955,0.9756) (-1.7043,0.0398,0.9756) (-1.7045,-0.0000,0.9756) (-1.7004,-0.2220,0.9756) (-1.6993,-0.2521,0.9756) (-1.6982,-0.2792,0.9756) (-1.6844,-0.4792,0.9756) (-1.6791,-0.5408,0.9756) (-1.6535,-0.6891,0.9756) (-1.6334,-0.7442,0.9756) (-1.5737,-0.8444,0.9758) (-1.5108,-0.8963,0.9798) (-1.4126,-0.9438,0.9875) (-1.3174,-0.9635,0.9920) (-1.3005,-0.9654,0.9936) (-1.2495,-0.9706,1.0005) (-1.1603,-0.9770,1.0067) (-1.0575,-0.9787,1.0078) (-1.0118,-0.9788,1.0064) (-0.8493,-0.9788,0.9891) (-0.6940,-0.9788,0.9618) (-0.6075,-0.9789,0.9446) (-0.5117,-0.9768,0.9232) (-0.4761,-0.9730,0.9153) (-0.4387,-0.9675,0.9074) --name=Shell_Crease_079
  · #132 Shell_Crease_079   curve    deg 3  poles 42   integral  length 4.0944  bounds [-1.71 -0.98 0.91]–[-0.44 0.98 1.01]
> tint Shell_Crease_079 0.85 0.10 0.10
> spline (-0.4383,0.9847,0.9088) (-0.6658,0.9840,0.9575) (-0.8728,0.9840,0.9934) (-1.0118,0.9840,1.0070) (-1.1605,0.9826,1.0072) (-1.2506,0.9776,1.0005) (-1.3023,0.9720,0.9936) (-1.3194,0.9700,0.9920) (-1.3846,0.9589,0.9890) (-1.4157,0.9496,0.9875) (-1.5305,0.8915,0.9786) (-1.5682,0.8607,0.9761) (-1.6154,0.7979,0.9756) (-1.6282,0.7739,0.9756) (-1.6682,0.6637,0.9756) (-1.6918,0.4807,0.9756) (-1.6942,0.4511,0.9756) (-1.7046,0.3038,0.9756) (-1.7079,0.2217,0.9756) (-1.7120,-0.0000,0.9756) (-1.7098,-0.1539,0.9756) (-1.7068,-0.2519,0.9756) (-1.6965,-0.4228,0.9756) (-1.6918,-0.4807,0.9756) (-1.6606,-0.6921,0.9756) (-1.6513,-0.7201,0.9756) (-1.6404,-0.7476,0.9756) (-1.6282,-0.7739,0.9756) (-1.5796,-0.8492,0.9758) (-1.5440,-0.8814,0.9775) (-1.5160,-0.9015,0.9798) (-1.4489,-0.9367,0.9853) (-1.4320,-0.9436,0.9865) (-1.3690,-0.9624,0.9897) (-1.2851,-0.9740,0.9956) (-1.2679,-0.9758,0.9980) (-1.2331,-0.9791,1.0027) (-1.1605,-0.9826,1.0072) (-0.9886,-0.9840,1.0057) (-0.8728,-0.9840,0.9934) (-0.7215,-0.9840,0.9679) (-0.4383,-0.9847,0.9088) --name=Shell_Crease_080
  · #133 Shell_Crease_080   curve    deg 3  poles 42   integral  length 4.1160  bounds [-1.71 -0.98 0.91]–[-0.44 0.98 1.01]
> tint Shell_Crease_080 0.85 0.10 0.10
> spline (-1.4486,1.0376,0.9247) (-1.5428,0.9948,0.8807) (-1.5917,0.9650,0.8631) (-1.6343,0.9035,0.8571) (-1.6453,0.8822,0.8570) (-1.6575,0.8585,0.8569) (-1.6707,0.8324,0.8569) (-1.6838,0.8042,0.8569) (-1.7226,0.6742,0.8569) (-1.7284,0.6392,0.8569) (-1.7466,0.4370,0.8569) (-1.7487,0.4079,0.8569) (-1.7554,0.2800,0.8569) (-1.7564,0.2504,0.8569) (-1.7596,0.1114,0.8569) (-1.7607,-0.0000,0.8569) (-1.7487,-0.4079,0.8569) (-1.7444,-0.4678,0.8569) (-1.7395,-0.5340,0.8569) (-1.7226,-0.6742,0.8569) (-1.6960,-0.7741,0.8569) (-1.6838,-0.8043,0.8569) (-1.6453,-0.8822,0.8570) (-1.6343,-0.9035,0.8571) (-1.5917,-0.9650,0.8631) (-1.5615,-0.9852,0.8731) (-1.5428,-0.9948,0.8807) (-1.5217,-1.0049,0.8900) (-1.4486,-1.0376,0.9247) --name=Shell_Crease_081
  · #134 Shell_Crease_081   curve    deg 3  poles 29   integral  length 2.3425  bounds [-1.76 -1.04 0.86]–[-1.45 1.04 0.92]
> tint Shell_Crease_081 0.85 0.10 0.10
> line (-1.4486,1.0376,0.9247) (-1.3952,1.0534,0.9555) --name=Shell_Crease_082
  · #135 Shell_Crease_082   curve    deg 1  poles 2    integral  length 0.0636  bounds [-1.45 1.04 0.92]–[-1.40 1.05 0.96]
> tint Shell_Crease_082 0.85 0.10 0.10
> line (-1.4498,1.0336,0.9269) (-1.3959,1.0538,0.9588) --name=Shell_Crease_083
  · #136 Shell_Crease_083   curve    deg 1  poles 2    integral  length 0.0658  bounds [-1.45 1.03 0.93]–[-1.40 1.05 0.96]
> tint Shell_Crease_083 0.85 0.10 0.10
> spline (-1.4498,1.0336,0.9269) (-1.5431,0.9904,0.8832) (-1.5897,0.9616,0.8657) (-1.6309,0.9022,0.8597) (-1.6539,0.8578,0.8596) (-1.6919,0.7739,0.8596) (-1.7111,0.7087,0.8596) (-1.7397,0.4678,0.8596) (-1.7438,0.4079,0.8596) (-1.7456,0.3810,0.8596) (-1.7502,0.2800,0.8596) (-1.7554,0.0373,0.8596) (-1.7555,-0.0000,0.8596) (-1.7536,-0.1479,0.8596) (-1.7502,-0.2800,0.8596) (-1.7456,-0.3810,0.8596) (-1.7438,-0.4079,0.8596) (-1.7397,-0.4678,0.8596) (-1.7285,-0.6038,0.8596) (-1.7240,-0.6391,0.8596) (-1.7111,-0.7087,0.8596) (-1.6799,-0.8040,0.8596) (-1.6669,-0.8320,0.8596) (-1.6539,-0.8578,0.8596) (-1.6309,-0.9022,0.8597) (-1.5897,-0.9616,0.8657) (-1.5431,-0.9904,0.8832) (-1.4498,-1.0336,0.9269) --name=Shell_Crease_084
  · #137 Shell_Crease_084   curve    deg 3  poles 28   integral  length 2.3282  bounds [-1.76 -1.03 0.86]–[-1.45 1.03 0.93]
> tint Shell_Crease_084 0.85 0.10 0.10
> spline (-1.4049,1.0410,0.9735) (-1.4562,1.0264,0.9750) (-1.4759,1.0193,0.9753) (-1.5968,0.9608,0.9757) (-1.6268,0.9393,0.9757) (-1.6417,0.9265,0.9757) (-1.6570,0.9116,0.9757) (-1.7035,0.8488,0.9757) (-1.7322,0.7926,0.9757) (-1.7628,0.7006,0.9757) (-1.7886,0.5003,0.9757) (-1.8038,0.2798,0.9757) (-1.8062,0.2175,0.9757) (-1.8107,-0.0000,0.9757) (-1.8093,-0.1108,0.9757) (-1.8073,-0.1830,0.9757) (-1.8026,-0.3067,0.9757) (-1.8013,-0.3316,0.9757) (-1.7886,-0.5003,0.9757) (-1.7628,-0.7006,0.9757) (-1.7184,-0.8217,0.9757) (-1.7035,-0.8488,0.9757) (-1.6570,-0.9116,0.9757) (-1.6417,-0.9265,0.9757) (-1.6268,-0.9393,0.9757) (-1.5804,-0.9707,0.9757) (-1.5416,-0.9909,0.9757) (-1.4759,-1.0193,0.9753) (-1.4382,-1.0320,0.9745) (-1.4049,-1.0410,0.9735) --name=Shell_Crease_085
  · #138 Shell_Crease_085   curve    deg 3  poles 30   integral  length 2.4569  bounds [-1.81 -1.04 0.97]–[-1.40 1.04 0.98]
> tint Shell_Crease_085 0.85 0.10 0.10
> spline (-1.3959,1.0538,0.9588) (-1.4960,1.0178,0.9589) (-1.5926,0.9665,0.9589) (-1.6368,0.9315,0.9589) (-1.6926,0.8598,0.9589) (-1.7075,0.8339,0.9589) (-1.7626,0.6743,0.9588) (-1.7760,0.5697,0.9581) (-1.7811,0.5017,0.9577) (-1.7833,0.4691,0.9575) (-1.7909,0.3560,0.9574) (-1.7983,0.1479,0.9577) (-1.7994,0.1114,0.9579) (-1.8013,-0.0000,0.9583) (-1.8003,-0.0745,0.9581) (-1.7983,-0.1479,0.9577) (-1.7922,-0.3316,0.9574) (-1.7875,-0.4086,0.9574) (-1.7811,-0.5017,0.9577) (-1.7787,-0.5354,0.9579) (-1.7552,-0.7087,0.9589) (-1.7219,-0.8053,0.9589) (-1.7075,-0.8339,0.9589) (-1.6926,-0.8598,0.9589) (-1.6502,-0.9177,0.9589) (-1.6368,-0.9315,0.9589) (-1.5926,-0.9665,0.9589) (-1.4960,-1.0178,0.9589) (-1.4426,-1.0388,0.9589) (-1.3959,-1.0538,0.9588) --name=Shell_Crease_086
  · #139 Shell_Crease_086   curve    deg 3  poles 30   integral  length 2.4777  bounds [-1.80 -1.05 0.96]–[-1.40 1.05 0.96]
> tint Shell_Crease_086 0.85 0.10 0.10
> spline (-1.3884,1.0555,0.9519) (-1.3925,1.0551,0.9501) (-1.4376,1.0450,0.9260) (-1.4551,1.0398,0.9171) (-1.5203,1.0171,0.8858) (-1.6094,0.9779,0.8488) (-1.6287,0.9650,0.8427) (-1.6464,0.9497,0.8382) (-1.6930,0.8891,0.8321) (-1.7075,0.8638,0.8315) (-1.7346,0.8067,0.8310) (-1.7649,0.7090,0.8310) (-1.7719,0.6743,0.8310) (-1.7881,0.5340,0.8310) (-1.7948,0.4370,0.8310) (-1.7984,0.3810,0.8310) (-1.7998,0.3559,0.8310) (-1.8070,0.1114,0.8310) (-1.8076,-0.0000,0.8310) (-1.8073,-0.0745,0.8310) (-1.7998,-0.3559,0.8310) (-1.7948,-0.4370,0.8310) (-1.7819,-0.6038,0.8310) (-1.7649,-0.7090,0.8310) (-1.7346,-0.8067,0.8310) (-1.6930,-0.8891,0.8321) (-1.6627,-0.9321,0.8352) (-1.6094,-0.9779,0.8488) (-1.5203,-1.0171,0.8858) (-1.4229,-1.0488,0.9337) (-1.3884,-1.0555,0.9519) --name=Shell_Crease_087
  · #140 Shell_Crease_087   curve    deg 3  poles 31   integral  length 2.5758  bounds [-1.81 -1.06 0.83]–[-1.39 1.06 0.95]
> tint Shell_Crease_087 0.85 0.10 0.10
> line (-1.2472,1.0501,0.9793) (-1.3570,1.0627,0.9531) --name=Shell_Crease_088
  · #141 Shell_Crease_088   curve    deg 1  poles 2    integral  length 0.1136  bounds [-1.36 1.05 0.95]–[-1.25 1.06 0.98]
> tint Shell_Crease_088 0.85 0.10 0.10
> spline (-1.3570,1.0627,0.9531) (-1.3901,1.0602,0.9412) (-1.4200,1.0551,0.9267) (-1.4942,1.0345,0.8899) (-1.5175,1.0264,0.8787) (-1.6102,0.9850,0.8384) (-1.6828,0.9154,0.8199) (-1.6985,0.8921,0.8183) (-1.7422,0.8087,0.8164) (-1.7649,0.7445,0.8161) (-1.7941,0.5703,0.8160) (-1.8036,0.4385,0.8160) (-1.8098,0.3332,0.8160) (-1.8145,0.1851,0.8160) (-1.8157,0.1125,0.8160) (-1.8162,-0.0000,0.8160) (-1.8118,-0.2816,0.8160) (-1.8098,-0.3332,0.8160) (-1.8087,-0.3574,0.8160) (-1.8015,-0.4694,0.8160) (-1.7906,-0.6055,0.8160) (-1.7862,-0.6408,0.8160) (-1.7545,-0.7773,0.8162) (-1.7138,-0.8664,0.8173) (-1.6493,-0.9548,0.8261) (-1.6102,-0.9850,0.8384) (-1.5651,-1.0078,0.8568) (-1.5413,-1.0174,0.8675) (-1.5175,-1.0264,0.8787) (-1.4523,-1.0474,0.9106) (-1.3901,-1.0602,0.9412) (-1.3570,-1.0627,0.9531) --name=Shell_Crease_089
  · #142 Shell_Crease_089   curve    deg 3  poles 32   integral  length 2.6650  bounds [-1.82 -1.06 0.82]–[-1.36 1.06 0.95]
> tint Shell_Crease_089 0.85 0.10 0.10
> spline (-1.3770,1.0539,0.9642) (-1.3928,1.0524,0.9637) (-1.3951,1.0521,0.9637) (-1.4089,1.0486,0.9637) (-1.4194,1.0457,0.9637) (-1.5174,1.0104,0.9639) (-1.5389,1.0006,0.9639) (-1.5597,0.9904,0.9639) (-1.5790,0.9801,0.9639) (-1.5966,0.9696,0.9639) (-1.6719,0.9041,0.9639) (-1.7324,0.8060,0.9639) (-1.7736,0.6743,0.9640) (-1.7954,0.4691,0.9658) (-1.8048,0.3316,0.9660) (-1.8110,0.1114,0.9660) (-1.8114,-0.0000,0.9661) (-1.8099,-0.1836,0.9660) (-1.8034,-0.3560,0.9659) (-1.7904,-0.5353,0.9653) (-1.7662,-0.7087,0.9639) (-1.7177,-0.8350,0.9639) (-1.7022,-0.8614,0.9639) (-1.6719,-0.9041,0.9639) (-1.6284,-0.9473,0.9639) (-1.5966,-0.9696,0.9639) (-1.5389,-1.0006,0.9639) (-1.4419,-1.0391,0.9638) (-1.4089,-1.0486,0.9637) (-1.3973,-1.0516,0.9637) (-1.3770,-1.0539,0.9642) --name=Shell_Crease_090
  · #143 Shell_Crease_090   curve    deg 3  poles 31   integral  length 2.5341  bounds [-1.81 -1.05 0.96]–[-1.38 1.05 0.97]
> tint Shell_Crease_090 0.85 0.10 0.10
> spline (-1.3781,1.0548,0.9556) (-1.3809,1.0557,0.9528) (-1.3940,1.0559,0.9441) (-1.4219,1.0510,0.9298) (-1.4541,1.0428,0.9138) (-1.4961,1.0294,0.8933) (-1.5429,1.0123,0.8715) (-1.6103,0.9812,0.8442) (-1.6303,0.9677,0.8377) (-1.6815,0.9132,0.8272) (-1.7123,0.8645,0.8250) (-1.7633,0.7429,0.8243) (-1.7950,0.5340,0.8243) (-1.8068,0.3559,0.8243) (-1.8141,0.0373,0.8243) (-1.8142,-0.0000,0.8243) (-1.8141,-0.0373,0.8243) (-1.8109,-0.2504,0.8243) (-1.7997,-0.4678,0.8243) (-1.7888,-0.6039,0.8243) (-1.7845,-0.6392,0.8243) (-1.7406,-0.8070,0.8243) (-1.6970,-0.8900,0.8258) (-1.6303,-0.9677,0.8377) (-1.5889,-0.9927,0.8521) (-1.5193,-1.0212,0.8823) (-1.4961,-1.0294,0.8933) (-1.4099,-1.0534,0.9359) (-1.3940,-1.0559,0.9441) (-1.3809,-1.0557,0.9528) (-1.3781,-1.0548,0.9556) --name=Shell_Crease_091
  · #144 Shell_Crease_091   curve    deg 3  poles 31   integral  length 2.6153  bounds [-1.81 -1.06 0.82]–[-1.38 1.06 0.96]
> tint Shell_Crease_091 0.85 0.10 0.10
> spline (-0.6029,1.1573,0.6074) (-0.6042,1.1574,0.6114) (-0.6242,1.1593,0.6571) (-0.6548,1.1581,0.7071) (-0.6932,1.1532,0.7542) (-0.7619,1.1469,0.8191) (-0.8141,1.1436,0.8571) (-0.8642,1.1411,0.8867) (-0.9882,1.1364,0.9270) (-1.1007,1.1354,0.9358) (-1.1211,1.1355,0.9342) (-1.2271,1.1378,0.9083) (-1.3165,1.1408,0.8738) (-1.3958,1.1435,0.8208) (-1.4769,1.1431,0.7340) (-1.5473,1.1329,0.6033) (-1.5744,1.1241,0.4683) (-1.5750,1.1225,0.4426) (-1.5460,1.1119,0.2825) (-1.5161,1.1080,0.2251) (-1.4868,1.1056,0.1885) --name=Shell_Crease_092
  · #145 Shell_Crease_092   curve    deg 3  poles 21   integral  length 1.6658  bounds [-1.58 1.11 0.19]–[-0.60 1.16 0.94]
> tint Shell_Crease_092 0.85 0.10 0.10
> spline (-0.6015,1.1570,0.6030) (-0.5846,1.1544,0.5414) (-0.5790,1.1486,0.3819) (-0.6033,1.1427,0.2731) (-0.6488,1.1357,0.1689) --name=Shell_Crease_093
  · #146 Shell_Crease_093   curve    deg 3  poles 5    integral  length 0.4503  bounds [-0.65 1.14 0.17]–[-0.56 1.16 0.60]
> tint Shell_Crease_093 0.85 0.10 0.10
> spline (-1.5555,0.6768,0.9755) (-1.5834,0.5445,0.9755) (-1.5972,0.3843,0.9755) (-1.6027,0.3009,0.9755) (-1.6094,-0.0000,0.9755) (-1.6016,-0.3214,0.9755) (-1.5863,-0.5163,0.9755) (-1.5754,-0.5992,0.9755) (-1.5555,-0.6768,0.9755) --name=Shell_Crease_094
  · #147 Shell_Crease_094   curve    deg 3  poles 9    integral  length 1.3617  bounds [-1.61 -0.68 0.98]–[-1.56 0.68 0.98]
> tint Shell_Crease_094 0.85 0.10 0.10
> spline (-1.5083,0.7767,0.9755) (-1.4256,0.8459,0.9800) (-1.3377,0.8811,0.9889) --degree=2 --name=Shell_Crease_095
  · #148 Shell_Crease_095   curve    deg 2  poles 3    integral  length 0.2039  bounds [-1.51 0.78 0.98]–[-1.34 0.88 0.99]
> tint Shell_Crease_095 0.85 0.10 0.10
> spline (-1.4397,0.6357,0.9711) (-1.4650,0.5060,0.9685) (-1.4749,0.3798,0.9685) (-1.4864,-0.0000,0.9685) (-1.4749,-0.3798,0.9685) (-1.4650,-0.5060,0.9685) (-1.4397,-0.6357,0.9711) --name=Shell_Crease_096
  · #149 Shell_Crease_096   curve    deg 3  poles 7    integral  length 1.2778  bounds [-1.49 -0.64 0.97]–[-1.44 0.64 0.97]
> tint Shell_Crease_096 0.85 0.10 0.10
> line (-0.7082,-1.1611,0.6886) (-0.6626,-1.1611,0.6091) --name=Shell_Crease_097
  · #150 Shell_Crease_097   curve    deg 1  poles 2    integral  length 0.0916  bounds [-0.71 -1.16 0.61]–[-0.66 -1.16 0.69]
> tint Shell_Crease_097 0.85 0.10 0.10
> line (-0.6626,-1.1611,0.6091) (-0.6029,-1.1573,0.6074) --name=Shell_Crease_098
  · #151 Shell_Crease_098   curve    deg 1  poles 2    integral  length 0.0598  bounds [-0.66 -1.16 0.61]–[-0.60 -1.16 0.61]
> tint Shell_Crease_098 0.85 0.10 0.10
> spline (-0.7222,-1.1611,0.1595) (-0.6402,-1.1611,0.3524) (-0.6365,-1.1611,0.5087) (-0.6504,-1.1611,0.5762) --name=Shell_Crease_099
  · #152 Shell_Crease_099   curve    deg 3  poles 4    integral  length 0.4374  bounds [-0.72 -1.16 0.16]–[-0.61 -1.16 0.58]
> tint Shell_Crease_099 0.85 0.10 0.10
> spline (2.5497,-0.5222,0.5657) (2.4232,-0.7826,0.6184) (2.3267,-0.9448,0.6580) --degree=2 --name=Shell_Crease_100
  · #153 Shell_Crease_100   curve    deg 2  poles 3    integral  length 0.4873  bounds [2.33 -0.94 0.57]–[2.55 -0.52 0.66]
> tint Shell_Crease_100 0.85 0.10 0.10
> line (2.2550,-1.0081,0.6738) (2.3267,-0.9448,0.6580) --name=Shell_Crease_101
  · #154 Shell_Crease_101   curve    deg 1  poles 2    integral  length 0.0969  bounds [2.25 -1.01 0.66]–[2.33 -0.94 0.67]
> tint Shell_Crease_101 0.85 0.10 0.10
> line (2.2550,-1.0081,0.6738) (2.2025,-1.0089,0.7143) --name=Shell_Crease_102
  · #155 Shell_Crease_102   curve    deg 1  poles 2    integral  length 0.0663  bounds [2.20 -1.01 0.67]–[2.25 -1.01 0.71]
> tint Shell_Crease_102 0.85 0.10 0.10
> spline (2.2260,-1.0307,0.6799) (2.2071,-1.0307,0.6994) (2.1709,-1.0307,0.7222) --degree=2 --name=Shell_Crease_103
  · #156 Shell_Crease_103   curve    deg 2  poles 3    integral  length 0.0701  bounds [2.17 -1.03 0.68]–[2.23 -1.03 0.72]
> tint Shell_Crease_103 0.85 0.10 0.10
> line (2.2260,-1.0307,0.6799) (2.1024,-1.1309,0.7057) --name=Shell_Crease_104
  · #157 Shell_Crease_104   curve    deg 1  poles 2    integral  length 0.1612  bounds [2.10 -1.13 0.68]–[2.23 -1.03 0.71]
> tint Shell_Crease_104 0.85 0.10 0.10
> line (2.3250,-0.9448,0.6525) (2.2600,-1.0034,0.6676) --name=Shell_Crease_105
  · #158 Shell_Crease_105   curve    deg 1  poles 2    integral  length 0.0888  bounds [2.26 -1.00 0.65]–[2.33 -0.94 0.67]
> tint Shell_Crease_105 0.85 0.10 0.10
> line (2.1790,-0.9448,0.1752) (2.3009,-0.9448,0.5781) --name=Shell_Crease_106
  · #159 Shell_Crease_106   curve    deg 1  poles 2    integral  length 0.4209  bounds [2.18 -0.94 0.18]–[2.30 -0.94 0.58]
> tint Shell_Crease_106 0.85 0.10 0.10
> line (2.3009,-0.9448,0.5781) (2.3274,-0.8880,0.5636) --name=Shell_Crease_107
  · #160 Shell_Crease_107   curve    deg 1  poles 2    integral  length 0.0643  bounds [2.30 -0.94 0.56]–[2.33 -0.89 0.58]
> tint Shell_Crease_107 0.85 0.10 0.10
> line (2.3009,-0.9448,0.5781) (2.3234,-0.9448,0.6471) --name=Shell_Crease_108
  · #161 Shell_Crease_108   curve    deg 1  poles 2    integral  length 0.0726  bounds [2.30 -0.94 0.58]–[2.32 -0.94 0.65]
> tint Shell_Crease_108 0.85 0.10 0.10
> line (2.3274,-0.8880,0.5636) (2.3579,-0.8223,0.5469) --name=Shell_Crease_109
  · #162 Shell_Crease_109   curve    deg 1  poles 2    integral  length 0.0743  bounds [2.33 -0.89 0.55]–[2.36 -0.82 0.56]
> tint Shell_Crease_109 0.85 0.10 0.10
> line (2.3274,-0.8880,0.5636) (2.3071,-0.8615,0.5615) --name=Shell_Crease_110
  · #163 Shell_Crease_110   curve    deg 1  poles 2    integral  length 0.0334  bounds [2.31 -0.89 0.56]–[2.33 -0.86 0.56]
> tint Shell_Crease_110 0.85 0.10 0.10
> line (2.3071,-0.8615,0.5615) (2.3131,-0.8355,0.5564) --name=Shell_Crease_111
  · #164 Shell_Crease_111   curve    deg 1  poles 2    integral  length 0.0272  bounds [2.31 -0.86 0.56]–[2.31 -0.84 0.56]
> tint Shell_Crease_111 0.85 0.10 0.10
> spline (2.3131,-0.8355,0.5564) (2.3263,-0.8256,0.5526) (2.3579,-0.8223,0.5469) --degree=2 --name=Shell_Crease_112
  · #165 Shell_Crease_112   curve    deg 2  poles 3    integral  length 0.0499  bounds [2.31 -0.84 0.55]–[2.36 -0.82 0.56]
> tint Shell_Crease_112 0.85 0.10 0.10
> spline (-1.4225,-1.1611,0.1547) (-1.4756,-1.1611,0.2480) (-1.5186,-1.1611,0.4071) (-1.3643,-1.1611,0.7739) (-1.2515,-1.1611,0.8410) (-1.1208,-1.1611,0.8774) (-0.9883,-1.1611,0.8704) (-0.8630,-1.1611,0.8258) (-0.7434,-1.1611,0.7293) --name=Shell_Crease_113
  · #166 Shell_Crease_113   curve    deg 3  poles 9    integral  length 1.3760  bounds [-1.56 -1.16 0.15]–[-0.74 -1.16 0.89]
> tint Shell_Crease_113 0.85 0.10 0.10
> spline (0.9838,-1.0656,0.3104) (1.0879,-1.0548,0.2150) (1.1542,-1.0524,0.1640) (1.2370,-1.0771,0.1591) (1.3395,-1.1106,0.1591) (1.3791,-1.1249,0.1665) --name=Shell_Crease_114
  · #167 Shell_Crease_114   curve    deg 3  poles 6    integral  length 0.4665  bounds [0.98 -1.12 0.14]–[1.38 -1.03 0.31]
> tint Shell_Crease_114 0.85 0.10 0.10
> spline (1.3791,-1.1249,0.1665) (1.3824,-1.1301,0.1883) (1.3675,-1.1304,0.2171) (1.3422,-1.1309,0.2714) (1.3127,-1.1312,0.3649) --name=Shell_Crease_115
  · #168 Shell_Crease_115   curve    deg 3  poles 5    integral  length 0.2144  bounds [1.31 -1.14 0.17]–[1.39 -1.12 0.36]
> tint Shell_Crease_115 0.85 0.10 0.10
> spline (1.7396,-0.7164,0.8647) (1.7253,-0.7300,0.8705) (1.6506,-0.7962,0.8947) (1.5986,-0.8299,0.9011) (1.5775,-0.8394,0.9013) (1.5218,-0.8565,0.8991) (1.4856,-0.8642,0.8969) (1.3685,-0.8822,0.8887) (1.3358,-0.8857,0.8864) (1.2116,-0.8926,0.8785) (1.0362,-0.8968,0.8696) (0.9187,-0.8971,0.8672) (0.8357,-0.8972,0.8657) (0.8105,-0.8972,0.8653) (0.7854,-0.8972,0.8650) (0.6099,-0.8972,0.8641) (0.4762,-0.8971,0.8640) (0.3758,-0.8971,0.8643) (0.3190,-0.8971,0.8646) (0.1295,-0.8969,0.8660) --name=Shell_Crease_116
  · #169 Shell_Crease_116   curve    deg 3  poles 20   integral  length 1.6633  bounds [0.13 -0.90 0.86]–[1.74 -0.72 0.90]
> tint Shell_Crease_116 0.85 0.10 0.10
> spline (1.7396,-0.7164,0.8647) (1.9678,-0.6669,0.8073) (2.1362,-0.6304,0.7510) (2.3289,-0.5887,0.6761) (2.4548,-0.5618,0.6168) (2.5035,-0.5453,0.5922) --name=Shell_Crease_117
  · #170 Shell_Crease_117   curve    deg 3  poles 6    integral  length 0.8317  bounds [1.74 -0.72 0.59]–[2.50 -0.55 0.86]
> tint Shell_Crease_117 0.85 0.10 0.10
> spline (2.0756,-1.1380,0.7101) (2.0282,-1.1380,0.7574) (1.9388,-1.1380,0.8170) (1.6548,-1.1380,0.8499) (1.4252,-1.1380,0.7086) (1.3685,-1.1380,0.6221) (1.3434,-1.1380,0.5615) --name=Shell_Crease_118
  · #171 Shell_Crease_118   curve    deg 3  poles 7    integral  length 0.9099  bounds [1.34 -1.14 0.56]–[2.08 -1.14 0.87]
> tint Shell_Crease_118 0.85 0.10 0.10
> spline (0.1295,-0.8969,0.8660) (0.1305,-0.9762,0.8660) (0.1313,-1.0131,0.8717) --degree=2 --name=Shell_Crease_119
  · #172 Shell_Crease_119   curve    deg 2  poles 3    integral  length 0.1168  bounds [0.13 -1.01 0.86]–[0.13 -0.90 0.87]
> tint Shell_Crease_119 0.85 0.10 0.10
> spline (0.1295,-0.8969,0.8660) (-0.3585,-0.8900,0.8895) (-0.5803,-0.8886,0.9191) (-0.8965,-0.8880,0.9842) (-1.2299,-0.8877,1.0013) --name=Shell_Crease_120
  · #173 Shell_Crease_120   curve    deg 3  poles 5    integral  length 1.3707  bounds [-1.23 -0.90 0.87]–[0.13 -0.89 1.03]
> tint Shell_Crease_120 0.85 0.10 0.10
> spline (0.1295,-0.8969,0.8660) (0.1284,-0.8481,0.8755) (0.1133,-0.8128,0.8811) --degree=2 --name=Shell_Crease_121
  · #174 Shell_Crease_121   curve    deg 2  poles 3    integral  length 0.0891  bounds [0.11 -0.90 0.87]–[0.14 -0.81 0.88]
> tint Shell_Crease_121 0.85 0.10 0.10
> spline (1.3127,-1.1312,0.3649) (1.2595,-1.1272,0.3792) (1.2130,-1.1238,0.3919) (1.1530,-1.1199,0.4082) (1.1279,-1.1184,0.4151) (1.0637,-1.1146,0.4326) (0.9960,-1.1105,0.4510) (0.9415,-1.1074,0.4659) (0.8759,-1.1049,0.4838) (0.7856,-1.1051,0.5045) (0.6883,-1.1062,0.5223) (0.5792,-1.1074,0.5388) (0.4271,-1.1088,0.5536) (0.2498,-1.1106,0.5653) (-0.1553,-1.1173,0.5895) (-0.2265,-1.1206,0.5923) (-0.2968,-1.1247,0.5947) (-0.3629,-1.1292,0.5967) (-0.4211,-1.1338,0.5983) (-0.5586,-1.1486,0.6019) (-0.5958,-1.1557,0.6028) (-0.5984,-1.1564,0.6029) (-0.6015,-1.1570,0.6030) --name=Shell_Crease_122
  · #175 Shell_Crease_122   curve    deg 3  poles 23   integral  length 1.9412  bounds [-0.60 -1.16 0.36]–[1.31 -1.10 0.60]
> tint Shell_Crease_122 0.85 0.10 0.10
> line (2.3234,-0.9448,0.6471) (2.1069,-1.1304,0.6997) --name=Shell_Crease_123
  · #176 Shell_Crease_123   curve    deg 1  poles 2    integral  length 0.2900  bounds [2.11 -1.13 0.65]–[2.32 -0.94 0.70]
> tint Shell_Crease_123 0.85 0.10 0.10
> line (2.2600,-1.0034,0.6676) (2.1056,-1.1306,0.7014) --name=Shell_Crease_124
  · #177 Shell_Crease_124   curve    deg 1  poles 2    integral  length 0.2029  bounds [2.11 -1.13 0.67]–[2.26 -1.00 0.70]
> tint Shell_Crease_124 0.85 0.10 0.10
> spline (2.1069,-1.1304,0.6997) (2.1620,-1.1193,0.5989) (2.1925,-1.1105,0.4503) (2.1738,-1.0979,0.3076) (2.1472,-1.0978,0.2392) (2.1142,-1.0815,0.1822) --name=Shell_Crease_125
  · #178 Shell_Crease_125   curve    deg 3  poles 6    integral  length 0.5556  bounds [2.11 -1.13 0.18]–[2.20 -1.08 0.70]
> tint Shell_Crease_125 0.85 0.10 0.10
> spline (0.0103,-0.6815,1.0418) (-0.0323,-0.6757,1.0366) (-0.1480,-0.6586,1.0222) (-0.2102,-0.6472,1.0144) (-0.2768,-0.6330,1.0060) (-0.3171,-0.6241,1.0010) (-0.3610,-0.6145,0.9955) (-0.5514,-0.5727,0.9716) (-0.6667,-0.5474,0.9571) (-0.9191,-0.4920,0.9254) (-1.1008,-0.4522,0.9026) (-1.1603,-0.4391,0.8951) (-1.2139,-0.4273,0.8884) (-1.2301,-0.4238,0.8864) (-1.3900,-0.3900,0.8670) (-1.4370,-0.3820,0.8625) (-1.4739,-0.3765,0.8593) (-1.5095,-0.3713,0.8563) --name=Shell_Crease_126
  · #179 Shell_Crease_126   curve    deg 3  poles 18   integral  length 1.5628  bounds [-1.51 -0.68 0.86]–[0.01 -0.37 1.04]
> tint Shell_Crease_126 0.85 0.10 0.10
> line (0.0103,-0.6815,1.0418) (0.0778,-0.6883,1.0474) --name=Shell_Crease_127
  · #180 Shell_Crease_127   curve    deg 1  poles 2    integral  length 0.0681  bounds [0.01 -0.69 1.04]–[0.08 -0.68 1.05]
> tint Shell_Crease_127 0.85 0.10 0.10
> spline (0.0103,-0.6815,1.0418) (0.0460,-0.7414,0.9768) (0.1133,-0.8128,0.8811) --degree=2 --name=Shell_Crease_128
  · #181 Shell_Crease_128   curve    deg 2  poles 3    integral  length 0.2327  bounds [0.01 -0.81 0.88]–[0.11 -0.68 1.04]
> tint Shell_Crease_128 0.85 0.10 0.10
> spline (0.0103,-0.6815,1.0418) (0.0069,-0.5093,1.1029) (0.0069,-0.3743,1.1249) --degree=2 --name=Shell_Crease_129
  · #182 Shell_Crease_129   curve    deg 2  poles 3    integral  length 0.3200  bounds [0.01 -0.68 1.04]–[0.01 -0.37 1.12]
> tint Shell_Crease_129 0.85 0.10 0.10
> spline (2.5035,-0.5453,0.5922) (2.4514,-0.6380,0.6222) (2.4032,-0.7322,0.6462) --degree=2 --name=Shell_Crease_130
  · #183 Shell_Crease_130   curve    deg 2  poles 3    integral  length 0.2190  bounds [2.40 -0.73 0.59]–[2.50 -0.55 0.65]
> tint Shell_Crease_130 0.85 0.10 0.10
> spline (0.0692,-0.3797,1.1309) (0.0692,-0.5338,1.1044) (0.0704,-0.6282,1.0739) (0.0778,-0.6883,1.0474) --name=Shell_Crease_131
  · #184 Shell_Crease_131   curve    deg 3  poles 4    integral  length 0.3220  bounds [0.06 -0.69 1.05]–[0.08 -0.38 1.13]
> tint Shell_Crease_131 0.85 0.10 0.10
> line (0.0692,-0.3797,1.1309) (0.0069,-0.3743,1.1249) --name=Shell_Crease_132
  · #185 Shell_Crease_132   curve    deg 1  poles 2    integral  length 0.0628  bounds [0.01 -0.38 1.12]–[0.07 -0.37 1.13]
> tint Shell_Crease_132 0.85 0.10 0.10
> line (0.0692,-0.3797,1.1309) (0.0923,-0.3764,1.1337) --name=Shell_Crease_133
  · #186 Shell_Crease_133   curve    deg 1  poles 2    integral  length 0.0235  bounds [0.07 -0.38 1.13]–[0.09 -0.38 1.13]
> tint Shell_Crease_133 0.85 0.10 0.10
> spline (0.0981,-0.3650,1.1352) (0.0934,-0.3589,1.1350) (0.0692,-0.3580,1.1323) --degree=2 --name=Shell_Crease_134
  · #187 Shell_Crease_134   curve    deg 2  poles 3    integral  length 0.0335  bounds [0.07 -0.36 1.13]–[0.10 -0.35 1.14]
> tint Shell_Crease_134 0.85 0.10 0.10
> line (0.0692,-0.3580,1.1323) (0.0069,-0.3530,1.1264) --name=Shell_Crease_135
  · #188 Shell_Crease_135   curve    deg 1  poles 2    integral  length 0.0628  bounds [0.01 -0.36 1.13]–[0.07 -0.35 1.13]
> tint Shell_Crease_135 0.85 0.10 0.10
> spline (2.0960,-1.1123,0.1845) (2.1496,-1.1187,0.2906) (2.1743,-1.1281,0.4514) (2.1336,-1.1373,0.6206) (2.0802,-1.1380,0.7047) --name=Shell_Crease_136
  · #189 Shell_Crease_136   curve    deg 3  poles 5    integral  length 0.5587  bounds [2.08 -1.14 0.18]–[2.20 -1.11 0.70]
> tint Shell_Crease_136 0.85 0.10 0.10
> spline (1.4183,-1.1380,0.1591) (1.3632,-1.1380,0.2666) (1.3310,-1.1380,0.3595) --degree=2 --name=Shell_Crease_137
  · #190 Shell_Crease_137   curve    deg 2  poles 3    integral  length 0.2193  bounds [1.33 -1.14 0.16]–[1.42 -1.14 0.36]
> tint Shell_Crease_137 0.85 0.10 0.10
> line (2.4614,-0.6716,0.6125) (2.5220,-0.5344,0.5798) --name=Shell_Crease_138
  · #191 Shell_Crease_138   curve    deg 1  poles 2    integral  length 0.1535  bounds [2.46 -0.67 0.58]–[2.52 -0.53 0.61]
> tint Shell_Crease_138 0.85 0.10 0.10
> spline (2.2025,-1.0089,0.7143) (2.3072,-0.8979,0.6846) (2.4032,-0.7322,0.6462) --degree=2 --name=Shell_Crease_139
  · #192 Shell_Crease_139   curve    deg 2  poles 3    integral  length 0.3515  bounds [2.20 -1.01 0.65]–[2.40 -0.73 0.71]
> tint Shell_Crease_139 0.85 0.10 0.10
> spline (2.1982,-1.0088,0.7160) (2.3032,-0.8978,0.6861) (2.3985,-0.7341,0.6478) --degree=2 --name=Shell_Crease_140
  · #193 Shell_Crease_140   curve    deg 2  poles 3    integral  length 0.3497  bounds [2.20 -1.01 0.65]–[2.40 -0.73 0.72]
> tint Shell_Crease_140 0.85 0.10 0.10
> spline (2.0518,-1.0327,0.7670) (2.1019,-0.9439,0.7722) (2.2053,-0.8018,0.7414) (2.2703,-0.7562,0.7055) (2.3529,-0.7344,0.6574) --name=Shell_Crease_141
  · #194 Shell_Crease_141   curve    deg 3  poles 5    integral  length 0.4682  bounds [2.05 -1.03 0.66]–[2.35 -0.73 0.78]
> tint Shell_Crease_141 0.85 0.10 0.10
> line (2.0518,-1.0327,0.7670) (2.1240,-1.0290,0.7326) --name=Shell_Crease_142
  · #195 Shell_Crease_142   curve    deg 1  poles 2    integral  length 0.0801  bounds [2.05 -1.03 0.73]–[2.12 -1.03 0.77]
> tint Shell_Crease_142 0.85 0.10 0.10
> spline (2.4032,-0.7322,0.6462) (2.3181,-0.7551,0.7014) (2.2480,-0.8055,0.7422) (2.1219,-0.9872,0.7712) (2.1004,-1.0294,0.7662) --name=Shell_Crease_143
  · #196 Shell_Crease_143   curve    deg 3  poles 5    integral  length 0.4739  bounds [2.10 -1.03 0.65]–[2.40 -0.73 0.78]
> tint Shell_Crease_143 0.85 0.10 0.10
> spline (2.1004,-1.0294,0.7662) (2.1048,-1.0343,0.7613) (2.1303,-1.0333,0.7462) (2.1709,-1.0307,0.7222) --name=Shell_Crease_144
  · #197 Shell_Crease_144   curve    deg 3  poles 4    integral  length 0.0882  bounds [2.10 -1.05 0.72]–[2.17 -1.01 0.77]
> tint Shell_Crease_144 0.85 0.10 0.10
> spline (2.3985,-0.7341,0.6478) (2.3155,-0.7566,0.7017) (2.2471,-0.8060,0.7418) (2.1294,-0.9740,0.7707) (2.1002,-1.0279,0.7658) --name=Shell_Crease_145
  · #198 Shell_Crease_145   curve    deg 3  poles 5    integral  length 0.4668  bounds [2.10 -1.03 0.65]–[2.40 -0.73 0.77]
> tint Shell_Crease_145 0.85 0.10 0.10
> spline (2.1002,-1.0279,0.7658) (2.1034,-1.0325,0.7616) (2.1286,-1.0315,0.7465) (2.1687,-1.0291,0.7233) --name=Shell_Crease_146
  · #199 Shell_Crease_146   curve    deg 3  poles 4    integral  length 0.0869  bounds [2.10 -1.05 0.72]–[2.17 -1.01 0.77]
> tint Shell_Crease_146 0.85 0.10 0.10
> line (2.3985,-0.7341,0.6478) (2.3529,-0.7344,0.6574) --name=Shell_Crease_147
  · #200 Shell_Crease_147   curve    deg 1  poles 2    integral  length 0.0466  bounds [2.35 -0.73 0.65]–[2.40 -0.73 0.66]
> tint Shell_Crease_147 0.85 0.10 0.10
> line (2.1687,-1.0291,0.7233) (2.1240,-1.0290,0.7326) --name=Shell_Crease_148
  · #201 Shell_Crease_148   curve    deg 1  poles 2    integral  length 0.0457  bounds [2.12 -1.03 0.72]–[2.17 -1.03 0.73]
> tint Shell_Crease_148 0.85 0.10 0.10
> spline (2.3529,-0.7344,0.6574) (2.2463,-0.9134,0.6989) (2.1240,-1.0290,0.7326) --degree=2 --name=Shell_Crease_149
  · #202 Shell_Crease_149   curve    deg 2  poles 3    integral  length 0.3852  bounds [2.12 -1.03 0.66]–[2.35 -0.73 0.73]
> tint Shell_Crease_149 0.85 0.10 0.10
> spline (0.1133,-0.8128,0.8811) (-0.1557,-0.7723,0.8669) (-0.3607,-0.7398,0.8555) (-0.4058,-0.7324,0.8544) (-0.5514,-0.7083,0.8517) (-0.6096,-0.6986,0.8506) (-0.7235,-0.6798,0.8485) (-0.8519,-0.6585,0.8461) (-0.8743,-0.6548,0.8457) (-0.9882,-0.6359,0.8436) (-1.0115,-0.6320,0.8431) (-1.0346,-0.6282,0.8427) (-1.0574,-0.6244,0.8423) (-1.0795,-0.6208,0.8419) (-1.2458,-0.5932,0.8395) (-1.2615,-0.5906,0.8398) (-1.2782,-0.5878,0.8405) (-1.3660,-0.5681,0.8464) (-1.3916,-0.5591,0.8474) --name=Shell_Crease_150
  · #203 Shell_Crease_150   curve    deg 3  poles 19   integral  length 1.5279  bounds [-1.39 -0.81 0.84]–[0.11 -0.56 0.88]
> tint Shell_Crease_150 0.85 0.10 0.10
> spline (1.3238,-1.1310,0.5608) (0.7377,-1.1129,0.5682) (0.5288,-1.1124,0.5708) (0.4453,-1.1130,0.5743) (0.3874,-1.1152,0.5838) (0.3289,-1.1215,0.6169) (0.2560,-1.1213,0.7048) (0.1823,-1.0964,0.8057) (0.1528,-1.0687,0.8481) (0.1313,-1.0131,0.8717) --name=Shell_Crease_151
  · #204 Shell_Crease_151   curve    deg 3  poles 10   integral  length 1.3728  bounds [0.13 -1.13 0.56]–[1.32 -1.01 0.87]
> tint Shell_Crease_151 0.85 0.10 0.10
> spline (1.3238,-1.1310,0.5608) (1.3482,-1.1311,0.6220) (1.4104,-1.1312,0.7194) (1.6649,-1.1312,0.8695) (1.9564,-1.1312,0.8279) (2.0579,-1.1312,0.7551) (2.1024,-1.1309,0.7057) --name=Shell_Crease_152
  · #205 Shell_Crease_152   curve    deg 3  poles 7    integral  length 0.9750  bounds [1.32 -1.13 0.56]–[2.10 -1.13 0.89]
> tint Shell_Crease_152 0.85 0.10 0.10
> spline (1.3238,-1.1310,0.5608) (1.3104,-1.1311,0.4732) (1.3096,-1.1312,0.3781) --degree=2 --name=Shell_Crease_153
  · #206 Shell_Crease_153   curve    deg 2  poles 3    integral  length 0.1839  bounds [1.30 -1.13 0.38]–[1.32 -1.13 0.56]
> tint Shell_Crease_153 0.85 0.10 0.10
> spline (1.3254,-1.1310,0.5609) (1.3606,-1.1311,0.6436) (1.4208,-1.1312,0.7292) (1.6654,-1.1312,0.8682) (1.9558,-1.1312,0.8266) (2.0565,-1.1312,0.7545) (2.1003,-1.1309,0.7061) --name=Shell_Crease_154
  · #207 Shell_Crease_154   curve    deg 3  poles 7    integral  length 0.9697  bounds [1.33 -1.13 0.56]–[2.10 -1.13 0.89]
> tint Shell_Crease_154 0.85 0.10 0.10
> spline (1.3254,-1.1310,0.5609) (1.3118,-1.1311,0.4731) (1.3111,-1.1312,0.3777) --degree=2 --name=Shell_Crease_155
  · #208 Shell_Crease_155   curve    deg 2  poles 3    integral  length 0.1844  bounds [1.30 -1.13 0.38]–[1.33 -1.13 0.56]
> tint Shell_Crease_155 0.85 0.10 0.10
> spline (1.3434,-1.1380,0.5615) (1.3286,-1.1380,0.4713) (1.3279,-1.1380,0.3736) --degree=2 --name=Shell_Crease_156
  · #209 Shell_Crease_156   curve    deg 2  poles 3    integral  length 0.1893  bounds [1.32 -1.14 0.37]–[1.34 -1.14 0.56]
> tint Shell_Crease_156 0.85 0.10 0.10
> line (0.1313,-1.0131,0.8717) (0.3777,-1.0324,0.8675) --name=Shell_Crease_157
  · #210 Shell_Crease_157   curve    deg 1  poles 2    integral  length 0.2472  bounds [0.13 -1.03 0.87]–[0.38 -1.01 0.87]
> tint Shell_Crease_157 0.85 0.10 0.10
> spline (0.1313,-1.0131,0.8717) (0.0256,-1.0077,0.8741) (-0.3524,-0.9979,0.8948) (-0.6661,-0.9927,0.9564) (-0.7483,-0.9926,0.9715) (-0.9424,-0.9926,1.0004) (-1.1008,-0.9922,1.0070) (-1.1784,-0.9916,1.0053) (-1.2203,-1.0021,0.9997) --name=Shell_Crease_158
  · #211 Shell_Crease_158   curve    deg 3  poles 9    integral  length 1.3647  bounds [-1.22 -1.01 0.87]–[0.13 -0.98 1.01]
> tint Shell_Crease_158 0.85 0.10 0.10
> line (-0.6609,-1.1611,0.6046) (-0.6015,-1.1570,0.6030) --name=Shell_Crease_159
  · #212 Shell_Crease_159   curve    deg 1  poles 2    integral  length 0.0596  bounds [-0.66 -1.16 0.60]–[-0.60 -1.16 0.60]
> tint Shell_Crease_159 0.85 0.10 0.10
> spline (2.1048,-1.1305,0.7001) (2.1603,-1.1201,0.5993) (2.1911,-1.1113,0.4504) (2.1722,-1.0991,0.3073) (2.1454,-1.0987,0.2387) (2.1127,-1.0834,0.1824) --name=Shell_Crease_160
  · #213 Shell_Crease_160   curve    deg 3  poles 6    integral  length 0.5557  bounds [2.10 -1.13 0.18]–[2.20 -1.08 0.70]
> tint Shell_Crease_160 0.85 0.10 0.10
> spline (0.0069,-0.3743,1.1249) (-0.0344,-0.3708,1.1200) (-0.0746,-0.3673,1.1151) (-0.2416,-0.3530,1.0922) (-0.3176,-0.3464,1.0804) (-0.6382,-0.3189,1.0303) (-0.7515,-0.3090,1.0127) (-0.8743,-0.2980,0.9939) (-0.8966,-0.2959,0.9906) (-0.9191,-0.2937,0.9872) (-0.9419,-0.2914,0.9839) (-0.9650,-0.2891,0.9805) (-0.9882,-0.2867,0.9772) (-1.0795,-0.2768,0.9639) (-1.1789,-0.2660,0.9486) (-1.2615,-0.2570,0.9357) (-1.4525,-0.2364,0.9062) (-1.4821,-0.2340,0.9028) (-1.5095,-0.2332,0.9017) --name=Shell_Crease_161
  · #214 Shell_Crease_161   curve    deg 3  poles 19   integral  length 1.5396  bounds [-1.51 -0.37 0.90]–[0.01 -0.23 1.12]
> tint Shell_Crease_161 0.85 0.10 0.10
> spline (0.0069,-0.3530,1.1264) (-0.2416,-0.3333,1.0937) (-0.3176,-0.3273,1.0818) (-0.5203,-0.3111,1.0502) (-0.6382,-0.3018,1.0318) (-0.7235,-0.2949,1.0185) (-0.7515,-0.2926,1.0142) (-0.8044,-0.2883,1.0061) (-0.8743,-0.2824,0.9954) (-0.8966,-0.2805,0.9921) (-0.9191,-0.2785,0.9888) (-0.9419,-0.2764,0.9854) (-0.9650,-0.2742,0.9821) (-0.9882,-0.2720,0.9787) (-1.0795,-0.2629,0.9655) (-1.2615,-0.2445,0.9373) (-1.4525,-0.2255,0.9079) (-1.4821,-0.2232,0.9044) (-1.5095,-0.2225,0.9033) --name=Shell_Crease_162
  · #215 Shell_Crease_162   curve    deg 3  poles 19   integral  length 1.5387  bounds [-1.51 -0.35 0.90]–[0.01 -0.22 1.13]
> tint Shell_Crease_162 0.85 0.10 0.10
> spline (1.3096,-1.1312,0.3781) (1.2839,-1.1294,0.3848) (1.2589,-1.1277,0.3912) (1.2354,-1.1260,0.3973) (1.1944,-1.1234,0.4080) (1.1540,-1.1211,0.4185) (1.0985,-1.1180,0.4329) (0.9676,-1.1109,0.4669) (0.9190,-1.1085,0.4795) (0.7854,-1.1072,0.5107) (0.6333,-1.1088,0.5364) (0.5791,-1.1094,0.5438) (0.5276,-1.1098,0.5496) (0.4777,-1.1102,0.5542) (0.3724,-1.1112,0.5615) (0.3127,-1.1119,0.5653) (0.2486,-1.1127,0.5694) (0.0474,-1.1149,0.5824) (-0.2273,-1.1225,0.5965) (-0.2975,-1.1263,0.5989) (-0.5597,-1.1491,0.6062) (-0.5971,-1.1560,0.6072) (-0.6029,-1.1573,0.6074) --name=Shell_Crease_163
  · #216 Shell_Crease_163   curve    deg 3  poles 23   integral  length 1.9365  bounds [-0.60 -1.16 0.38]–[1.31 -1.11 0.61]
> tint Shell_Crease_163 0.85 0.10 0.10
> line (-1.4486,-1.0376,0.9247) (-1.3952,-1.0534,0.9555) --name=Shell_Crease_164
  · #217 Shell_Crease_164   curve    deg 1  poles 2    integral  length 0.0636  bounds [-1.45 -1.05 0.92]–[-1.40 -1.04 0.96]
> tint Shell_Crease_164 0.85 0.10 0.10
> line (-1.4498,-1.0336,0.9269) (-1.3959,-1.0538,0.9588) --name=Shell_Crease_165
  · #218 Shell_Crease_165   curve    deg 1  poles 2    integral  length 0.0658  bounds [-1.45 -1.05 0.93]–[-1.40 -1.03 0.96]
> tint Shell_Crease_165 0.85 0.10 0.10
> line (-1.2472,-1.0501,0.9793) (-1.3570,-1.0627,0.9531) --name=Shell_Crease_166
  · #219 Shell_Crease_166   curve    deg 1  poles 2    integral  length 0.1136  bounds [-1.36 -1.06 0.95]–[-1.25 -1.05 0.98]
> tint Shell_Crease_166 0.85 0.10 0.10
> spline (-0.6029,-1.1573,0.6074) (-0.6042,-1.1574,0.6114) (-0.6242,-1.1593,0.6571) (-0.6548,-1.1581,0.7071) (-0.6932,-1.1532,0.7542) (-0.7619,-1.1469,0.8191) (-0.8141,-1.1436,0.8571) (-0.8642,-1.1411,0.8867) (-0.9882,-1.1364,0.9270) (-1.1007,-1.1354,0.9358) (-1.1211,-1.1355,0.9342) (-1.2271,-1.1378,0.9083) (-1.3165,-1.1408,0.8738) (-1.3958,-1.1435,0.8208) (-1.4769,-1.1431,0.7340) (-1.5473,-1.1329,0.6033) (-1.5744,-1.1241,0.4683) (-1.5750,-1.1225,0.4426) (-1.5460,-1.1119,0.2825) (-1.5161,-1.1080,0.2251) (-1.4868,-1.1056,0.1885) --name=Shell_Crease_167
  · #220 Shell_Crease_167   curve    deg 3  poles 21   integral  length 1.6658  bounds [-1.58 -1.16 0.19]–[-0.60 -1.11 0.94]
> tint Shell_Crease_167 0.85 0.10 0.10
> spline (-0.6015,-1.1570,0.6030) (-0.5846,-1.1544,0.5414) (-0.5790,-1.1486,0.3819) (-0.6033,-1.1427,0.2731) (-0.6488,-1.1357,0.1689) --name=Shell_Crease_168
  · #221 Shell_Crease_168   curve    deg 3  poles 5    integral  length 0.4503  bounds [-0.65 -1.16 0.17]–[-0.56 -1.14 0.60]
> tint Shell_Crease_168 0.85 0.10 0.10
> spline (-1.5083,-0.7767,0.9755) (-1.4256,-0.8459,0.9800) (-1.3377,-0.8811,0.9889) --degree=2 --name=Shell_Crease_169
  · #222 Shell_Crease_169   curve    deg 2  poles 3    integral  length 0.2039  bounds [-1.51 -0.88 0.98]–[-1.34 -0.78 0.99]
> tint Shell_Crease_169 0.85 0.10 0.10
> spline (-1.4916,1.0121,0.9174) (-1.4951,1.0117,0.9115) (-1.5076,1.0064,0.9033) (-1.5253,0.9981,0.8942) (-1.5444,0.9885,0.8857) (-1.5899,0.9596,0.8693) (-1.6009,0.9482,0.8667) (-1.6396,0.8804,0.8637) (-1.6906,0.7738,0.8637) (-1.7174,0.6742,0.8637) (-1.7232,0.6391,0.8637) (-1.7277,0.6038,0.8637) (-1.7433,0.4079,0.8637) (-1.7465,0.3559,0.8637) (-1.7550,-0.0000,0.8637) (-1.7450,-0.3810,0.8637) (-1.7433,-0.4079,0.8637) (-1.7391,-0.4678,0.8637) (-1.7013,-0.7420,0.8637) (-1.6783,-0.8038,0.8637) (-1.6396,-0.8804,0.8637) (-1.6196,-0.9192,0.8642) (-1.6009,-0.9482,0.8667) (-1.5444,-0.9885,0.8857) (-1.5076,-1.0064,0.9033) (-1.4951,-1.0117,0.9115) (-1.4916,-1.0121,0.9174) --name=Shell_Crease_170
  · #223 Shell_Crease_170   curve    deg 3  poles 27   integral  length 2.2321  bounds [-1.76 -1.01 0.86]–[-1.49 1.01 0.92]
> tint Shell_Crease_170 0.85 0.10 0.10
> spline (-1.4916,-1.0121,0.9174) (-1.5140,-0.9966,0.9206) (-1.5698,-0.9582,0.9162) (-1.5932,-0.9367,0.9149) (-1.6385,-0.8736,0.9146) (-1.6765,-0.8024,0.9146) (-1.6886,-0.7730,0.9146) (-1.7258,-0.6038,0.9146) (-1.7295,-0.5687,0.9146) (-1.7376,-0.4678,0.9146) (-1.7399,-0.4370,0.9146) (-1.7477,-0.3068,0.9146) (-1.7507,-0.2180,0.9146) (-1.7554,-0.1114,0.9146) (-1.7592,-0.0000,0.9146) (-1.7554,0.1114,0.9146) (-1.7477,0.3068,0.9146) (-1.7399,0.4370,0.9146) (-1.7325,0.5340,0.9146) (-1.7258,0.6038,0.9146) (-1.6992,0.7415,0.9146) (-1.6385,0.8736,0.9146) (-1.5932,0.9367,0.9149) (-1.5828,0.9470,0.9154) (-1.5532,0.9705,0.9176) (-1.5140,0.9966,0.9206) (-1.4916,1.0121,0.9174) --name=Shell_Crease_171
  · #224 Shell_Crease_171   curve    deg 3  poles 27   integral  length 2.1923  bounds [-1.76 -1.01 0.91]–[-1.49 1.01 0.92]
> tint Shell_Crease_171 0.85 0.10 0.10
> spline (-1.5083,0.7767,0.9755) (-1.5175,0.6837,0.8916) (-1.5217,0.6354,0.8525) (-1.5217,0.5861,0.8486) (-1.5198,0.5384,0.8469) (-1.5136,0.4485,0.8410) (-1.5105,0.4039,0.8426) (-1.5095,0.3700,0.8568) (-1.5095,0.2848,0.8853) (-1.5095,0.2275,0.9036) (-1.5095,0.2004,0.9033) (-1.5095,0.1293,0.9033) (-1.5095,-0.1142,0.9033) (-1.5095,-0.1769,0.9033) (-1.5095,-0.2261,0.9037) (-1.5095,-0.2688,0.8909) (-1.5095,-0.3378,0.8673) (-1.5095,-0.3686,0.8572) (-1.5098,-0.3899,0.8461) (-1.5118,-0.4232,0.8408) (-1.5198,-0.5384,0.8469) (-1.5217,-0.5861,0.8486) (-1.5217,-0.6354,0.8525) (-1.5175,-0.6837,0.8916) (-1.5083,-0.7767,0.9755) --name=Shell_Edge_001
  · #225 Shell_Edge_001     curve    deg 3  poles 25   integral  length 1.6829  bounds [-1.52 -0.78 0.84]–[-1.51 0.78 0.98]
> tint Shell_Edge_001 0.15 0.35 1.00
> spline (-1.3913,0.7670,0.9844) (-1.4473,0.6084,0.9698) (-1.4583,0.5570,0.9686) (-1.4620,0.5317,0.9685) (-1.4695,0.4537,0.9685) (-1.4749,0.3798,0.9685) (-1.4778,0.3370,0.9685) (-1.4833,0.2110,0.9685) (-1.4859,0.0784,0.9685) (-1.4863,0.0396,0.9685) (-1.4864,-0.0000,0.9685) (-1.4859,-0.0784,0.9685) (-1.4800,-0.2994,0.9685) (-1.4778,-0.3370,0.9685) (-1.4695,-0.4537,0.9685) (-1.4620,-0.5317,0.9685) (-1.4583,-0.5570,0.9686) (-1.4473,-0.6084,0.9698) (-1.3913,-0.7670,0.9844) --name=Shell_Edge_002
  · #226 Shell_Edge_002     curve    deg 3  poles 19   integral  length 1.5594  bounds [-1.49 -0.77 0.97]–[-1.39 0.77 0.98]
> tint Shell_Edge_002 0.15 0.35 1.00
> spline (1.4132,1.1359,0.1591) (1.4030,1.1318,0.1591) (1.3395,1.1106,0.1591) (1.2847,1.0926,0.1591) (1.1996,1.0649,0.1593) (1.1731,1.0568,0.1602) (1.1542,1.0524,0.1640) (1.1371,1.0512,0.1731) (1.0879,1.0548,0.2150) (1.0184,1.0620,0.2787) (0.9853,1.0655,0.3089) (0.9342,1.0708,0.3540) (0.8249,1.0825,0.4315) (0.6899,1.0885,0.4753) (0.5798,1.0908,0.4982) (0.3766,1.0929,0.5228) (0.1324,1.0937,0.5399) (0.0068,1.0937,0.5461) (-0.0924,1.0926,0.5433) (-0.1495,1.0897,0.5248) (-0.2028,1.0813,0.4674) (-0.2651,1.0698,0.3884) (-0.3263,1.0585,0.3109) (-0.3977,1.0453,0.2205) (-0.4124,1.0437,0.2043) --name=Shell_Edge_003
  · #227 Shell_Edge_003     curve    deg 3  poles 25   integral  length 2.1077  bounds [-0.41 1.04 0.16]–[1.41 1.14 0.55]
> tint Shell_Edge_003 0.15 0.35 1.00
> spline (-0.4124,1.0437,0.2043) (-0.4234,1.0454,0.1981) (-0.4501,1.0552,0.1946) (-0.5009,1.0745,0.1881) (-0.5943,1.1113,0.1760) (-0.6633,1.1407,0.1671) (-0.7048,1.1551,0.1617) (-0.7137,1.1596,0.1669) --name=Shell_Edge_004
  · #228 Shell_Edge_004     curve    deg 3  poles 8    integral  length 0.3300  bounds [-0.71 1.04 0.15]–[-0.41 1.16 0.20]
> tint Shell_Edge_004 0.15 0.35 1.00
> spline (-0.7137,1.1596,0.1669) (-0.7063,1.1611,0.1870) (-0.6911,1.1611,0.2145) (-0.6462,1.1611,0.3246) (-0.6329,1.1611,0.4629) (-0.6489,1.1611,0.5717) (-0.6602,1.1611,0.6027) (-0.6622,1.1611,0.6079) (-0.7245,1.1611,0.7089) (-0.8229,1.1611,0.7982) (-0.8756,1.1611,0.8330) (-0.9046,1.1611,0.8461) (-0.9432,1.1611,0.8592) (-1.0794,1.1611,0.8793) (-1.1871,1.1611,0.8642) (-1.3643,1.1611,0.7739) (-1.4137,1.1611,0.7223) (-1.4267,1.1611,0.7060) (-1.4930,1.1611,0.5870) (-1.5094,1.1611,0.5277) (-1.5189,1.1611,0.4570) (-1.5047,1.1611,0.3276) (-1.4756,1.1611,0.2480) (-1.4238,1.1611,0.1568) --name=Shell_Edge_005
  · #229 Shell_Edge_005     curve    deg 3  poles 24   integral  length 1.9799  bounds [-1.52 1.16 0.16]–[-0.63 1.16 0.89]
> tint Shell_Edge_005 0.15 0.35 1.00
> spline (-1.4238,1.1611,0.1568) (-1.4645,1.1249,0.1768) (-1.4878,1.1048,0.1891) (-1.4899,1.1030,0.1902) (-1.5417,1.0548,0.2180) (-1.5678,1.0223,0.2335) (-1.6028,0.9736,0.2633) (-1.6196,0.9629,0.2860) (-1.6393,0.9508,0.3211) (-1.6734,0.9222,0.3964) (-1.7237,0.8506,0.5065) (-1.7523,0.7513,0.5167) (-1.7696,0.6526,0.5167) (-1.7763,0.5828,0.5167) (-1.7848,0.4222,0.5167) (-1.7958,-0.0000,0.5167) (-1.7890,-0.3216,0.5167) (-1.7819,-0.4821,0.5167) (-1.7734,-0.6178,0.5167) (-1.7647,-0.6869,0.5167) (-1.7588,-0.7200,0.5167) (-1.7523,-0.7513,0.5167) (-1.7237,-0.8506,0.5065) (-1.7059,-0.8845,0.4756) (-1.6848,-0.9108,0.4245) (-1.6734,-0.9222,0.3964) (-1.6393,-0.9508,0.3211) (-1.6290,-0.9576,0.3018) (-1.6028,-0.9736,0.2633) (-1.5678,-1.0223,0.2335) (-1.5417,-1.0548,0.2180) (-1.4899,-1.1030,0.1902) (-1.4377,-1.1479,0.1627) (-1.4266,-1.1578,0.1572) (-1.4238,-1.1611,0.1568) --name=Shell_Edge_006
  · #230 Shell_Edge_006     curve    deg 3  poles 35   integral  length 2.8892  bounds [-1.80 -1.16 0.16]–[-1.42 1.16 0.52]
> tint Shell_Edge_006 0.15 0.35 1.00
> spline (-1.4238,-1.1611,0.1568) (-1.4756,-1.1611,0.2480) (-1.5047,-1.1611,0.3276) (-1.5189,-1.1611,0.4570) (-1.5094,-1.1611,0.5277) (-1.4930,-1.1611,0.5870) (-1.4267,-1.1611,0.7060) (-1.4137,-1.1611,0.7223) (-1.3643,-1.1611,0.7739) (-1.1871,-1.1611,0.8642) (-1.0794,-1.1611,0.8793) (-0.9432,-1.1611,0.8592) (-0.9046,-1.1611,0.8461) (-0.8756,-1.1611,0.8330) (-0.8229,-1.1611,0.7982) (-0.7245,-1.1611,0.7089) (-0.6622,-1.1611,0.6079) (-0.6602,-1.1611,0.6027) (-0.6489,-1.1611,0.5717) (-0.6329,-1.1611,0.4629) (-0.6462,-1.1611,0.3246) (-0.6911,-1.1611,0.2145) (-0.7063,-1.1611,0.1870) (-0.7137,-1.1596,0.1669) --name=Shell_Edge_007
  · #231 Shell_Edge_007     curve    deg 3  poles 24   integral  length 1.9799  bounds [-1.52 -1.16 0.16]–[-0.63 -1.16 0.89]
> tint Shell_Edge_007 0.15 0.35 1.00
> spline (-0.7137,-1.1596,0.1669) (-0.7048,-1.1551,0.1617) (-0.6633,-1.1407,0.1671) (-0.5943,-1.1113,0.1760) (-0.5009,-1.0745,0.1881) (-0.4501,-1.0552,0.1946) (-0.4234,-1.0454,0.1981) (-0.4124,-1.0437,0.2043) --name=Shell_Edge_008
  · #232 Shell_Edge_008     curve    deg 3  poles 8    integral  length 0.3300  bounds [-0.71 -1.16 0.15]–[-0.41 -1.04 0.20]
> tint Shell_Edge_008 0.15 0.35 1.00
> spline (-0.4124,-1.0437,0.2043) (-0.3977,-1.0453,0.2205) (-0.3263,-1.0585,0.3109) (-0.2651,-1.0698,0.3884) (-0.2028,-1.0813,0.4674) (-0.1495,-1.0897,0.5248) (-0.0924,-1.0926,0.5433) (0.0068,-1.0937,0.5461) (0.1324,-1.0937,0.5399) (0.3766,-1.0929,0.5228) (0.5798,-1.0908,0.4982) (0.6899,-1.0885,0.4753) (0.8249,-1.0825,0.4315) (0.9342,-1.0708,0.3540) (0.9853,-1.0655,0.3089) (1.0184,-1.0620,0.2787) (1.0879,-1.0548,0.2150) (1.1371,-1.0512,0.1731) (1.1542,-1.0524,0.1640) (1.1731,-1.0568,0.1602) (1.1996,-1.0649,0.1593) (1.2847,-1.0926,0.1591) (1.3395,-1.1106,0.1591) (1.4030,-1.1318,0.1591) (1.4132,-1.1359,0.1591) --name=Shell_Edge_009
  · #233 Shell_Edge_009     curve    deg 3  poles 25   integral  length 2.1077  bounds [-0.41 -1.14 0.16]–[1.41 -1.04 0.55]
> tint Shell_Edge_009 0.15 0.35 1.00
> spline (1.4132,-1.1359,0.1591) (1.4031,-1.1380,0.1869) (1.3750,-1.1380,0.2410) (1.3532,-1.1380,0.2911) (1.3304,-1.1380,0.3621) (1.3267,-1.1380,0.4281) (1.3431,-1.1380,0.5583) (1.3740,-1.1380,0.6328) (1.4336,-1.1380,0.7183) (1.4814,-1.1380,0.7642) (1.5446,-1.1380,0.8052) (1.6707,-1.1380,0.8531) (1.7224,-1.1380,0.8590) (1.9683,-1.1380,0.8010) (2.0345,-1.1380,0.7519) (2.0619,-1.1380,0.7259) (2.0747,-1.1380,0.7112) (2.1372,-1.1369,0.6126) (2.1594,-1.1330,0.5503) (2.1672,-1.1315,0.5167) (2.1651,-1.1220,0.3456) (2.1191,-1.1147,0.2236) (2.1078,-1.1135,0.2041) (2.0985,-1.1106,0.1868) --name=Shell_Edge_010
  · #234 Shell_Edge_010     curve    deg 3  poles 24   integral  length 1.8929  bounds [1.32 -1.14 0.16]–[2.18 -1.11 0.86]
> tint Shell_Edge_010 0.15 0.35 1.00
> spline (2.0985,-1.1106,0.1868) (2.1433,-1.0192,0.1790) (2.1715,-0.9603,0.1760) (2.1726,-0.9486,0.1760) --name=Shell_Edge_011
  · #235 Shell_Edge_011     curve    deg 3  poles 4    integral  length 0.1814  bounds [2.10 -1.11 0.18]–[2.17 -0.95 0.19]
> tint Shell_Edge_011 0.15 0.35 1.00
> spline (2.1726,-0.9486,0.1760) (2.1251,-0.9428,0.1830) (2.1131,-0.9423,0.1876) (2.1130,-0.9422,0.1963) --name=Shell_Edge_012
  · #236 Shell_Edge_012     curve    deg 3  poles 4    integral  length 0.0808  bounds [2.10 -0.95 0.17]–[2.19 -0.94 0.20]
> tint Shell_Edge_012 0.15 0.35 1.00
> spline (2.1130,-0.9422,0.1963) (2.1743,-0.9430,0.3923) (2.1507,-0.9438,0.5749) --degree=2 --name=Shell_Edge_013
  · #237 Shell_Edge_013     curve    deg 2  poles 3    integral  length 0.3923  bounds [2.11 -0.94 0.20]–[2.21 -0.94 0.57]
> tint Shell_Edge_013 0.15 0.35 1.00
> spline (2.1507,-0.9438,0.5749) (2.1584,-0.9439,0.5818) (2.1864,-0.9441,0.5830) (2.2930,-0.9412,0.5776) --name=Shell_Edge_014
  · #238 Shell_Edge_014     curve    deg 3  poles 4    integral  length 0.1637  bounds [2.15 -0.94 0.51]–[2.29 -0.94 0.62]
> tint Shell_Edge_014 0.15 0.35 1.00
> spline (2.2930,-0.9412,0.5776) (2.3075,-0.9306,0.5745) (2.3243,-0.8900,0.5644) --degree=2 --name=Shell_Edge_015
  · #239 Shell_Edge_015     curve    deg 2  poles 3    integral  length 0.0644  bounds [2.29 -0.94 0.56]–[2.32 -0.89 0.58]
> tint Shell_Edge_015 0.15 0.35 1.00
> spline (2.3243,-0.8900,0.5644) (2.3218,-0.8816,0.5632) (2.3071,-0.8615,0.5615) (2.3131,-0.8355,0.5564) --name=Shell_Edge_016
  · #240 Shell_Edge_016     curve    deg 3  poles 4    integral  length 0.0637  bounds [2.29 -0.89 0.56]–[2.32 -0.84 0.56]
> tint Shell_Edge_016 0.15 0.35 1.00
> spline (2.3131,-0.8355,0.5564) (2.3263,-0.8256,0.5526) (2.3576,-0.8177,0.5461) (2.3670,-0.8029,0.5420) (2.3893,-0.7549,0.5298) (2.4178,-0.6937,0.5142) (2.4536,-0.6121,0.4937) (2.4779,-0.5379,0.4756) (2.4965,-0.4786,0.4609) (2.4810,-0.3343,0.3810) (2.4902,-0.2298,0.3744) (2.4967,-0.1288,0.3744) (2.5005,-0.0000,0.3744) (2.4922,0.2032,0.3744) (2.4880,0.2554,0.3744) (2.4815,0.3166,0.3767) (2.4946,0.4193,0.4294) (2.4942,0.4869,0.4633) (2.4741,0.5497,0.4785) (2.4400,0.6457,0.5020) (2.4178,0.6937,0.5142) (2.3831,0.7682,0.5332) (2.3670,0.8029,0.5420) (2.3576,0.8177,0.5461) (2.3263,0.8256,0.5526) (2.3131,0.8355,0.5564) --name=Shell_Edge_017
  · #241 Shell_Edge_017     curve    deg 3  poles 26   integral  length 1.8622  bounds [2.31 -0.84 0.37]–[2.51 0.84 0.56]
> tint Shell_Edge_017 0.15 0.35 1.00
> spline (2.3131,0.8355,0.5564) (2.3071,0.8615,0.5615) (2.3218,0.8816,0.5632) (2.3243,0.8900,0.5644) --name=Shell_Edge_018
  · #242 Shell_Edge_018     curve    deg 3  poles 4    integral  length 0.0637  bounds [2.29 0.84 0.56]–[2.32 0.89 0.56]
> tint Shell_Edge_018 0.15 0.35 1.00
> line (2.3243,0.8900,0.5644) (2.3075,0.9306,0.5745) --name=Shell_Edge_019
  · #243 Shell_Edge_019     curve    deg 1  poles 2    integral  length 0.0451  bounds [2.31 0.89 0.56]–[2.32 0.93 0.57]
> tint Shell_Edge_019 0.15 0.35 1.00
> spline (2.3075,0.9306,0.5745) (2.2930,0.9412,0.5776) (2.2627,0.9446,0.5797) (2.1864,0.9441,0.5830) (2.1584,0.9439,0.5818) (2.1507,0.9438,0.5749) --name=Shell_Edge_020
  · #244 Shell_Edge_020     curve    deg 3  poles 6    integral  length 0.1650  bounds [2.15 0.93 0.57]–[2.31 0.95 0.59]
> tint Shell_Edge_020 0.15 0.35 1.00
> spline (2.1507,0.9438,0.5749) (2.1743,0.9430,0.3923) (2.1131,0.9423,0.1876) --degree=2 --name=Shell_Edge_021
  · #245 Shell_Edge_021     curve    deg 2  poles 3    integral  length 0.4005  bounds [2.11 0.94 0.19]–[2.21 0.94 0.57]
> tint Shell_Edge_021 0.15 0.35 1.00
> line (2.1131,0.9423,0.1876) (2.1726,0.9486,0.1760) --name=Shell_Edge_022
  · #246 Shell_Edge_022     curve    deg 1  poles 2    integral  length 0.0609  bounds [2.11 0.94 0.18]–[2.17 0.95 0.19]
> tint Shell_Edge_022 0.15 0.35 1.00
> spline (2.1726,0.9486,0.1760) (2.1715,0.9603,0.1760) (2.1433,1.0192,0.1790) (2.0985,1.1106,0.1868) --name=Shell_Edge_023
  · #247 Shell_Edge_023     curve    deg 3  poles 4    integral  length 0.1814  bounds [2.10 0.95 0.18]–[2.17 1.11 0.19]
> tint Shell_Edge_023 0.15 0.35 1.00
> spline (2.0985,1.1106,0.1868) (2.1078,1.1135,0.2041) (2.1191,1.1147,0.2236) (2.1651,1.1220,0.3456) (2.1672,1.1315,0.5167) (2.1594,1.1330,0.5503) (2.1372,1.1369,0.6126) (2.0747,1.1380,0.7112) (2.0619,1.1380,0.7259) (2.0345,1.1380,0.7519) (1.9683,1.1380,0.8010) (1.7224,1.1380,0.8590) (1.6707,1.1380,0.8531) (1.5446,1.1380,0.8052) (1.4814,1.1380,0.7642) (1.4336,1.1380,0.7183) (1.3740,1.1380,0.6328) (1.3431,1.1380,0.5583) (1.3267,1.1380,0.4281) (1.3304,1.1380,0.3621) (1.3532,1.1380,0.2911) (1.3750,1.1380,0.2410) (1.4031,1.1380,0.1869) (1.4132,1.1359,0.1591) --name=Shell_Edge_024
  · #248 Shell_Edge_024     curve    deg 3  poles 24   integral  length 1.8929  bounds [1.32 1.11 0.16]–[2.18 1.14 0.86]
> tint Shell_Edge_024 0.15 0.35 1.00
── /home/user/Slate/Frontier/Projects/Project-Drive/Content/Vehicles/Liger/Liger_Body_Surface.arc: 468 line(s), 0 refusal(s)
  · opened /home/user/Slate/Frontier/Projects/Project-Drive/Content/Vehicles/Liger/Liger_Body_Surface.arc  ·  200 figure(s)  ·  454 command(s)

Exit: 0

$ /home/user/Slate/_AgentScratch/build/SolidArcIntegration/SolidArc --proofs /home/user/Slate/_AgentScratch/build/SolidArcIntegration/renders /home/user/Slate/Frontier/Projects/Project-Drive/Content/Vehicles/Liger/SolidArc/render_sideR.arc
── script /home/user/Slate/Frontier/Projects/Project-Drive/Content/Vehicles/Liger/SolidArc/render_sideR.arc
> open Projects/Project-Drive/Content/Vehicles/Liger/Liger_Body_SideR.arc
── script Projects/Project-Drive/Content/Vehicles/Liger/Liger_Body_SideR.arc
> show shading plastic
  · shading plastic
> spline (-1.5095,0.2225,0.9033) (-1.4084,0.2299,0.9147) (-1.3073,0.2399,0.9303) (-1.2062,0.2501,0.9459) (-1.1051,0.2603,0.9615) (-1.0040,0.2704,0.9764) (-0.9029,0.2799,0.9912) (-0.8019,0.2885,1.0065) (-0.7008,0.2967,1.0221) (-0.5997,0.3048,1.0378) (-0.4986,0.3129,1.0536) (-0.3975,0.3209,1.0694) (-0.2964,0.3289,1.0851) (-0.1953,0.3370,1.0997) (-0.0942,0.3450,1.1131) (0.0069,0.3530,1.1264) --name=R_Deck_Step_c1
  · #1   R_Deck_Step_c1     curve    deg 3  poles 16   integral  length 1.5385  bounds [-1.51 0.22 0.90]–[0.01 0.35 1.13]
> spline (-1.5095,0.2332,0.9017) (-1.4084,0.2411,0.9130) (-1.3073,0.2520,0.9286) (-1.2062,0.2630,0.9443) (-1.1051,0.2740,0.9599) (-1.0040,0.2850,0.9748) (-0.9029,0.2953,0.9896) (-0.8019,0.3045,1.0050) (-0.7008,0.3134,1.0206) (-0.5997,0.3222,1.0363) (-0.4986,0.3309,1.0521) (-0.3975,0.3396,1.0679) (-0.2964,0.3483,1.0837) (-0.1953,0.3569,1.0985) (-0.0942,0.3656,1.1124) (0.0069,0.3743,1.1249) --name=R_Deck_Step_c2
  · #2   R_Deck_Step_c2     curve    deg 3  poles 16   integral  length 1.5395  bounds [-1.51 0.23 0.90]–[0.01 0.37 1.12]
> loft R_Deck_Step_c1 R_Deck_Step_c2 --sheet --name=R_Deck_Step
  · loft R_Deck_Step_c1 (open → sheet) R_Deck_Step_c2 (open → sheet)
  · #3   R_Deck_Step        surface  deg 3x1  poles 28x2  integral  bounds [-1.51 0.22 0.90]–[0.01 0.37 1.13]
  ·   ↳ loft of R_Deck_Step_c1 R_Deck_Step_c2  degree 3
> delete R_Deck_Step_c1 R_Deck_Step_c2
  · deleted 2 figure(s)
> tint R_Deck_Step 0.80 0.82 0.86
> spline (-1.5095,0.2332,0.9017) (-1.4084,0.2411,0.9130) (-1.3073,0.2520,0.9286) (-1.2062,0.2630,0.9443) (-1.1051,0.2740,0.9599) (-1.0040,0.2850,0.9748) (-0.9029,0.2953,0.9896) (-0.8019,0.3045,1.0050) (-0.7008,0.3134,1.0206) (-0.5997,0.3222,1.0363) (-0.4986,0.3309,1.0521) (-0.3975,0.3396,1.0679) (-0.2964,0.3483,1.0837) (-0.1953,0.3569,1.0985) (-0.0942,0.3656,1.1124) (0.0069,0.3743,1.1249) --name=R_Deck_Ledge_c1
  · #4   R_Deck_Ledge_c1    curve    deg 3  poles 16   integral  length 1.5395  bounds [-1.51 0.23 0.90]–[0.01 0.37 1.12]
> spline (-1.5095,0.3713,0.8563) (-1.4084,0.3869,0.8652) (-1.3073,0.4075,0.8770) (-1.2062,0.4290,0.8894) (-1.1051,0.4512,0.9021) (-1.0040,0.4734,0.9147) (-0.9029,0.4956,0.9274) (-0.8019,0.5178,0.9401) (-0.7008,0.5399,0.9528) (-0.5997,0.5621,0.9655) (-0.4986,0.5843,0.9782) (-0.3975,0.6065,0.9909) (-0.2964,0.6287,1.0036) (-0.1953,0.6499,1.0163) (-0.0942,0.6666,1.0289) (0.0069,0.6811,1.0414) --name=R_Deck_Ledge_c2
  · #5   R_Deck_Ledge_c2    curve    deg 3  poles 16   integral  length 1.5593  bounds [-1.51 0.37 0.86]–[0.01 0.68 1.04]
> loft R_Deck_Ledge_c1 R_Deck_Ledge_c2 --sheet --name=R_Deck_Ledge
  · loft R_Deck_Ledge_c1 (open → sheet) R_Deck_Ledge_c2 (open → sheet)
  · #6   R_Deck_Ledge       surface  deg 3x1  poles 28x2  integral  bounds [-1.51 0.23 0.86]–[0.01 0.68 1.12]
  ·   ↳ loft of R_Deck_Ledge_c1 R_Deck_Ledge_c2  degree 3
> delete R_Deck_Ledge_c1 R_Deck_Ledge_c2
  · deleted 2 figure(s)
> tint R_Deck_Ledge 0.80 0.82 0.86
> spline (-1.3916,0.3897,0.8669) (-1.2981,0.4094,0.8781) (-1.2047,0.4294,0.8896) (-1.1112,0.4499,0.9013) (-1.0177,0.4704,0.9130) (-0.9243,0.4909,0.9248) (-0.8308,0.5114,0.9365) (-0.7374,0.5319,0.9482) (-0.6439,0.5524,0.9600) (-0.5505,0.5729,0.9717) (-0.4570,0.5934,0.9834) (-0.3636,0.6140,0.9952) (-0.2701,0.6344,1.0069) (-0.1766,0.6534,1.0186) (-0.0832,0.6682,1.0302) (0.0103,0.6815,1.0418) --name=R_Deck_Outer_c1
  · #7   R_Deck_Outer_c1    curve    deg 3  poles 16   integral  length 1.4430  bounds [-1.39 0.39 0.87]–[0.01 0.68 1.04]
> spline (-1.3916,0.5591,0.8474) (-1.2981,0.5834,0.8418) (-1.2047,0.6000,0.8401) (-1.1112,0.6155,0.8414) (-1.0177,0.6310,0.8430) (-0.9243,0.6465,0.8447) (-0.8308,0.6620,0.8465) (-0.7374,0.6775,0.8482) (-0.6439,0.6929,0.8499) (-0.5505,0.7084,0.8517) (-0.4570,0.7239,0.8534) (-0.3636,0.7394,0.8554) (-0.2701,0.7542,0.8605) (-0.1766,0.7690,0.8657) (-0.0832,0.7832,0.8707) (0.0103,0.7973,0.8757) --name=R_Deck_Outer_c2
  · #8   R_Deck_Outer_c2    curve    deg 3  poles 16   integral  length 1.4233  bounds [-1.39 0.56 0.84]–[0.01 0.80 0.88]
> loft R_Deck_Outer_c1 R_Deck_Outer_c2 --sheet --name=R_Deck_Outer
  · loft R_Deck_Outer_c1 (open → sheet) R_Deck_Outer_c2 (open → sheet)
  · #9   R_Deck_Outer       surface  deg 3x1  poles 28x2  integral  bounds [-1.39 0.39 0.84]–[0.01 0.80 1.04]
  ·   ↳ loft of R_Deck_Outer_c1 R_Deck_Outer_c2  degree 3
> delete R_Deck_Outer_c1 R_Deck_Outer_c2
  · deleted 2 figure(s)
> tint R_Deck_Outer 0.80 0.82 0.86
> spline (-1.2299,0.5958,0.8397) (-1.1404,0.6107,0.8410) (-1.0508,0.6255,0.8424) (-0.9613,0.6404,0.8440) (-0.8717,0.6552,0.8457) (-0.7822,0.6700,0.8474) (-0.6926,0.6849,0.8490) (-0.6031,0.6997,0.8507) (-0.5135,0.7146,0.8524) (-0.4240,0.7294,0.8541) (-0.3344,0.7440,0.8570) (-0.2449,0.7582,0.8619) (-0.1553,0.7723,0.8669) (-0.0658,0.7858,0.8717) (0.0238,0.7993,0.8764) (0.1133,0.8128,0.8811) --name=R_Rear_Shoulder_c1
  · #10  R_Rear_Shoulder_c1 curve    deg 3  poles 16   integral  length 1.3615  bounds [-1.23 0.60 0.84]–[0.11 0.81 0.88]
> spline (-1.2299,0.8877,1.0013) (-1.1404,0.8878,0.9967) (-1.0508,0.8879,0.9921) (-0.9613,0.8879,0.9875) (-0.8717,0.8880,0.9791) (-0.7822,0.8882,0.9607) (-0.6926,0.8884,0.9422) (-0.6031,0.8886,0.9238) (-0.5135,0.8890,0.9102) (-0.4240,0.8896,0.8982) (-0.3344,0.8903,0.8883) (-0.2449,0.8916,0.8840) (-0.1553,0.8929,0.8797) (-0.0658,0.8941,0.8754) (0.0238,0.8954,0.8711) (0.1133,0.8967,0.8668) --name=R_Rear_Shoulder_c2
  · #11  R_Rear_Shoulder_c2 curve    deg 3  poles 16   integral  length 1.3526  bounds [-1.23 0.89 0.87]–[0.11 0.90 1.00]
> loft R_Rear_Shoulder_c1 R_Rear_Shoulder_c2 --sheet --name=R_Rear_Shoulder
  · loft R_Rear_Shoulder_c1 (open → sheet) R_Rear_Shoulder_c2 (open → sheet)
  · #12  R_Rear_Shoulder    surface  deg 3x1  poles 28x2  integral  bounds [-1.23 0.60 0.84]–[0.11 0.90 1.00]
  ·   ↳ loft of R_Rear_Shoulder_c1 R_Rear_Shoulder_c2  degree 3
> delete R_Rear_Shoulder_c1 R_Rear_Shoulder_c2
  · deleted 2 figure(s)
> tint R_Rear_Shoulder 0.80 0.82 0.86
> spline (-1.2203,0.8877,1.0009) (-1.1303,0.8878,0.9962) (-1.0403,0.8879,0.9916) (-0.9503,0.8880,0.9870) (-0.8603,0.8881,0.9768) (-0.7703,0.8882,0.9582) (-0.6804,0.8884,0.9397) (-0.5904,0.8886,0.9212) (-0.5004,0.8891,0.9085) (-0.4104,0.8896,0.8964) (-0.3204,0.8905,0.8877) (-0.2305,0.8918,0.8833) (-0.1405,0.8931,0.8790) (-0.0505,0.8944,0.8747) (0.0395,0.8956,0.8703) (0.1295,0.8969,0.8660) --name=R_Quarter_Top_c1
  · #13  R_Quarter_Top_c1   curve    deg 3  poles 16   integral  length 1.3592  bounds [-1.22 0.89 0.87]–[0.13 0.90 1.00]
> spline (-1.2203,1.0021,0.9997) (-1.1303,0.9920,1.0063) (-1.0403,0.9924,1.0045) (-0.9503,0.9926,1.0007) (-0.8603,0.9926,0.9881) (-0.7703,0.9926,0.9747) (-0.6804,0.9927,0.9590) (-0.5904,0.9940,0.9415) (-0.5004,0.9955,0.9238) (-0.4104,0.9970,0.9062) (-0.3204,0.9987,0.8931) (-0.2305,1.0011,0.8881) (-0.1405,1.0034,0.8832) (-0.0505,1.0058,0.8783) (0.0395,1.0084,0.8738) (0.1295,1.0130,0.8717) --name=R_Quarter_Top_c2
  · #14  R_Quarter_Top_c2   curve    deg 3  poles 16   integral  length 1.3612  bounds [-1.22 0.99 0.87]–[0.13 1.01 1.01]
> loft R_Quarter_Top_c1 R_Quarter_Top_c2 --sheet --name=R_Quarter_Top
  · loft R_Quarter_Top_c1 (open → sheet) R_Quarter_Top_c2 (open → sheet)
  · #15  R_Quarter_Top      surface  deg 3x1  poles 28x2  integral  bounds [-1.22 0.89 0.87]–[0.13 1.01 1.01]
  ·   ↳ loft of R_Quarter_Top_c1 R_Quarter_Top_c2  degree 3
> delete R_Quarter_Top_c1 R_Quarter_Top_c2
  · deleted 2 figure(s)
> tint R_Quarter_Top 0.80 0.82 0.86
> spline (-1.4238,0.9516,0.9869) (-1.4848,0.9266,0.9829) (-1.5127,0.9113,0.9806) (-1.5085,0.9136,0.9809) (-1.4572,0.9403,0.9850) (-1.3805,0.9655,0.9891) (-1.2680,0.9828,0.9982) (-1.1468,0.9906,1.0064) (-1.0166,0.9915,1.0048) (-0.8895,0.9916,0.9925) (-0.7836,0.9916,0.9778) (-0.6973,0.9917,0.9623) (-0.6451,0.9918,0.9522) (-0.6375,0.9918,0.9506) (-0.6614,0.9917,0.9557) (-0.7137,0.9917,0.9653) --name=R_Quarter_Panel_c1
  · #16  R_Quarter_Panel_c1 curve    deg 3  poles 16   integral  length 1.1755  bounds [-1.57 0.88 0.94]–[-0.58 1.01 1.01]
> spline (-1.4238,1.1611,0.6046) (-1.4848,1.1309,0.6491) (-1.5127,1.1042,0.6989) (-1.5085,1.0883,0.7877) (-1.4572,1.0775,0.8625) (-1.3805,1.0902,0.9073) (-1.2680,1.0972,0.9412) (-1.1468,1.0917,0.9690) (-1.0166,1.0928,0.9687) (-0.8895,1.0956,0.9442) (-0.7836,1.1092,0.8968) (-0.6973,1.1223,0.8343) (-0.6451,1.1344,0.7772) (-0.6375,1.1499,0.6941) (-0.6614,1.1604,0.6224) (-0.7137,1.1611,0.5888) --name=R_Quarter_Panel_c2
  · #17  R_Quarter_Panel_c2 curve    deg 3  poles 16   integral  length 1.4532  bounds [-1.52 1.07 0.59]–[-0.63 1.16 0.98]
> spline (-1.4238,1.1611,0.1568) (-1.4848,1.1611,0.2730) (-1.5127,1.1611,0.4006) (-1.5085,1.1611,0.5311) (-1.4572,1.1611,0.6512) (-1.3805,1.1611,0.7569) (-1.2680,1.1611,0.8229) (-1.1468,1.1611,0.8699) (-1.0166,1.1611,0.8701) (-0.8895,1.1611,0.8393) (-0.7836,1.1611,0.7625) (-0.6973,1.1611,0.6648) (-0.6451,1.1611,0.5459) (-0.6375,1.1611,0.4155) (-0.6614,1.1611,0.2873) (-0.7137,1.1596,0.1669) --name=R_Quarter_Panel_c3
  · #18  R_Quarter_Panel_c3 curve    deg 3  poles 16   integral  length 1.9654  bounds [-1.52 1.16 0.16]–[-0.63 1.16 0.88]
> loft R_Quarter_Panel_c1 R_Quarter_Panel_c2 R_Quarter_Panel_c3 --sheet --name=R_Quarter_Panel
  · loft R_Quarter_Panel_c1 (open → sheet) R_Quarter_Panel_c2 (open → sheet) R_Quarter_Panel_c3 (open → sheet)
  · #19  R_Quarter_Panel    surface  deg 3x2  poles 40x3  integral  bounds [-1.56 0.89 0.16]–[-0.58 1.29 1.01]
  ·   ↳ loft of R_Quarter_Panel_c1 R_Quarter_Panel_c2 R_Quarter_Panel_c3  degree 3
> delete R_Quarter_Panel_c1 R_Quarter_Panel_c2 R_Quarter_Panel_c3
  · deleted 3 figure(s)
> tint R_Quarter_Panel 0.80 0.82 0.86
> spline (-0.6015,0.9938,0.9437) (-0.5527,0.9946,0.9341) (-0.5038,0.9954,0.9245) (-0.4550,0.9962,0.9149) (-0.4061,0.9970,0.9053) (-0.3572,0.9978,0.8958) (-0.3084,0.9991,0.8924) (-0.2595,1.0003,0.8897) (-0.2107,1.0016,0.8870) (-0.1618,1.0029,0.8844) (-0.1130,1.0041,0.8817) (-0.0641,1.0054,0.8790) (-0.0153,1.0067,0.8763) (0.0336,1.0081,0.8739) (0.0824,1.0106,0.8728) (0.1313,1.0131,0.8717) --name=R_Quarter_Sill_c1
  · #20  R_Quarter_Sill_c1  curve    deg 3  poles 16   integral  length 0.7384  bounds [-0.60 0.99 0.87]–[0.13 1.01 0.94]
> spline (-0.6015,1.1207,0.7991) (-0.5527,1.1180,0.7951) (-0.5038,1.1238,0.7686) (-0.4550,1.1212,0.7669) (-0.4061,1.1191,0.7652) (-0.3572,1.1173,0.7635) (-0.3084,1.1173,0.7635) (-0.2595,1.1160,0.7618) (-0.2107,1.1150,0.7602) (-0.1618,1.1144,0.7589) (-0.1130,1.1141,0.7577) (-0.0641,1.1139,0.7566) (-0.0153,1.1139,0.7556) (0.0336,1.1209,0.7215) (0.0824,1.1206,0.7209) (0.1313,1.1175,0.7364) --name=R_Quarter_Sill_c2
  · #21  R_Quarter_Sill_c2  curve    deg 3  poles 16   integral  length 0.7583  bounds [-0.60 1.11 0.70]–[0.13 1.13 0.82]
> spline (-0.6015,1.1570,0.6030) (-0.5527,1.1480,0.6017) (-0.5038,1.1427,0.6004) (-0.4550,1.1375,0.5991) (-0.4061,1.1326,0.5978) (-0.3572,1.1288,0.5965) (-0.3084,1.1255,0.5951) (-0.2595,1.1225,0.5934) (-0.2107,1.1199,0.5917) (-0.1618,1.1176,0.5897) (-0.1130,1.1166,0.5869) (-0.0641,1.1158,0.5840) (-0.0153,1.1150,0.5811) (0.0336,1.1142,0.5782) (0.0824,1.1134,0.5753) (0.1313,1.1126,0.5724) --name=R_Quarter_Sill_c3
  · #22  R_Quarter_Sill_c3  curve    deg 3  poles 16   integral  length 0.7357  bounds [-0.60 1.11 0.57]–[0.13 1.16 0.60]
> loft R_Quarter_Sill_c1 R_Quarter_Sill_c2 R_Quarter_Sill_c3 --sheet --name=R_Quarter_Sill
  · loft R_Quarter_Sill_c1 (open → sheet) R_Quarter_Sill_c2 (open → sheet) R_Quarter_Sill_c3 (open → sheet)
  · #23  R_Quarter_Sill     surface  deg 3x2  poles 40x3  integral  bounds [-0.60 0.99 0.57]–[0.13 1.18 0.94]
  ·   ↳ loft of R_Quarter_Sill_c1 R_Quarter_Sill_c2 R_Quarter_Sill_c3  degree 3
> delete R_Quarter_Sill_c1 R_Quarter_Sill_c2 R_Quarter_Sill_c3
  · deleted 3 figure(s)
> tint R_Quarter_Sill 0.80 0.82 0.86
> spline (0.1295,0.7529,0.9749) (0.2368,0.8039,0.9108) (0.3442,0.8180,0.8938) (0.4515,0.8320,0.8767) (0.5588,0.8413,0.8630) (0.6662,0.8420,0.8552) (0.7735,0.8426,0.8475) (0.8809,0.8417,0.8399) (0.9882,0.8404,0.8324) (1.0956,0.8384,0.8245) (1.2029,0.8308,0.8136) (1.3103,0.8141,0.8029) (1.4176,0.7893,0.7957) (1.5249,0.7381,0.7940) (1.6323,0.6434,0.7939) (1.7396,0.4880,0.7939) --name=R_Cant_Rail_c1
  · #24  R_Cant_Rail_c1     curve    deg 3  poles 16   integral  length 1.7845  bounds [0.13 0.49 0.79]–[1.74 0.84 0.97]
> spline (0.1295,0.8969,0.8660) (0.2368,0.8970,0.8652) (0.3442,0.8971,0.8645) (0.4515,0.8971,0.8641) (0.5588,0.8971,0.8641) (0.6662,0.8972,0.8644) (0.7735,0.8972,0.8649) (0.8809,0.8971,0.8665) (0.9882,0.8969,0.8686) (1.0956,0.8954,0.8726) (1.2029,0.8928,0.8781) (1.3103,0.8871,0.8847) (1.4176,0.8746,0.8921) (1.5249,0.8555,0.8993) (1.6323,0.8081,0.8970) (1.7396,0.7164,0.8647) --name=R_Cant_Rail_c2
  · #25  R_Cant_Rail_c2     curve    deg 3  poles 16   integral  length 1.6628  bounds [0.13 0.72 0.86]–[1.74 0.90 0.91]
> loft R_Cant_Rail_c1 R_Cant_Rail_c2 --sheet --name=R_Cant_Rail
  · loft R_Cant_Rail_c1 (open → sheet) R_Cant_Rail_c2 (open → sheet)
  · #26  R_Cant_Rail        surface  deg 3x1  poles 28x2  integral  bounds [0.13 0.49 0.79]–[1.74 0.90 0.97]
  ·   ↳ loft of R_Cant_Rail_c1 R_Cant_Rail_c2  degree 3
> delete R_Cant_Rail_c1 R_Cant_Rail_c2
  · deleted 2 figure(s)
> tint R_Cant_Rail 0.80 0.82 0.86
> spline (0.1313,0.8969,0.8660) (0.2108,0.8970,0.8654) (0.2903,0.8970,0.8648) (0.3698,0.8971,0.8644) (0.4493,0.8971,0.8641) (0.5288,0.8971,0.8641) (0.6083,0.8971,0.8641) (0.6878,0.8972,0.8645) (0.7673,0.8972,0.8649) (0.8468,0.8971,0.8659) (0.9263,0.8971,0.8674) (1.0058,0.8969,0.8690) (1.0853,0.8956,0.8721) (1.1648,0.8937,0.8761) (1.2443,0.8908,0.8806) (1.3238,0.8864,0.8856) --name=R_Door_Upper_c1
  · #27  R_Door_Upper_c1    curve    deg 3  poles 16   integral  length 1.1932  bounds [0.13 0.89 0.86]–[1.32 0.90 0.89]
> spline (0.1313,0.9525,0.8657) (0.2108,0.9917,0.8672) (0.2903,1.1025,0.7873) (0.3698,1.1128,0.7497) (0.4493,1.1125,0.7482) (0.5288,1.1122,0.7467) (0.6083,1.1119,0.7450) (0.6878,1.1117,0.7442) (0.7673,1.1113,0.7426) (0.8468,1.1112,0.7414) (0.9263,1.1117,0.7405) (1.0058,1.1127,0.7404) (1.0853,1.1147,0.7404) (1.1648,1.1109,0.7593) (1.2443,1.1193,0.7413) (1.3238,1.1173,0.7610) --name=R_Door_Upper_c2
  · #28  R_Door_Upper_c2    curve    deg 3  poles 16   integral  length 1.3114  bounds [0.13 0.95 0.71]–[1.32 1.13 0.89]
> spline (0.1313,1.0131,0.8717) (0.2108,1.1060,0.7667) (0.2903,1.1214,0.6634) (0.3698,1.1171,0.5938) (0.4493,1.1129,0.5742) (0.5288,1.1124,0.5707) (0.6083,1.1126,0.5698) (0.6878,1.1128,0.5688) (0.7673,1.1138,0.5678) (0.8468,1.1162,0.5668) (0.9263,1.1187,0.5658) (1.0058,1.1212,0.5648) (1.0853,1.1236,0.5638) (1.1648,1.1261,0.5628) (1.2443,1.1285,0.5618) (1.3238,1.1310,0.5608) --name=R_Door_Upper_c3
  · #29  R_Door_Upper_c3    curve    deg 3  poles 16   integral  length 1.3601  bounds [0.13 1.01 0.56]–[1.32 1.13 0.87]
> loft R_Door_Upper_c1 R_Door_Upper_c2 R_Door_Upper_c3 --sheet --name=R_Door_Upper
  · loft R_Door_Upper_c1 (open → sheet) R_Door_Upper_c2 (open → sheet) R_Door_Upper_c3 (open → sheet)
  · #30  R_Door_Upper       surface  deg 3x2  poles 40x3  integral  bounds [0.13 0.89 0.56]–[1.32 1.21 0.92]
  ·   ↳ loft of R_Door_Upper_c1 R_Door_Upper_c2 R_Door_Upper_c3  degree 3
> delete R_Door_Upper_c1 R_Door_Upper_c2 R_Door_Upper_c3
  · deleted 3 figure(s)
> tint R_Door_Upper 0.80 0.82 0.86
> spline (0.1313,1.0131,0.8717) (0.2101,1.1058,0.7677) (0.2888,1.1214,0.6652) (0.3676,1.1173,0.5950) (0.4463,1.1129,0.5743) (0.5251,1.1125,0.5709) (0.6038,1.1126,0.5698) (0.6826,1.1128,0.5689) (0.7614,1.1136,0.5679) (0.8401,1.1160,0.5669) (0.9189,1.1185,0.5659) (0.9976,1.1209,0.5649) (1.0764,1.1233,0.5640) (1.1552,1.1258,0.5630) (1.2339,1.1282,0.5620) (1.3127,1.1307,0.5610) --name=R_Door_Lower_c1
  · #31  R_Door_Lower_c1    curve    deg 3  poles 16   integral  length 1.3492  bounds [0.13 1.01 0.56]–[1.31 1.13 0.87]
> spline (0.1313,1.1175,0.7364) (0.2101,1.1239,0.6786) (0.2888,1.1207,0.6080) (0.3676,1.1123,0.5692) (0.4463,1.1128,0.5739) (0.5251,1.1108,0.5568) (0.6038,1.1106,0.5524) (0.6826,1.1109,0.5450) (0.7614,1.1109,0.5395) (0.8401,1.1111,0.5270) (0.9189,1.1124,0.5190) (0.9976,1.1157,0.5098) (1.0764,1.1187,0.5018) (1.1552,1.1228,0.4910) (1.2339,1.1271,0.4812) (1.3127,1.1311,0.4730) --name=R_Door_Lower_c2
  · #32  R_Door_Lower_c2    curve    deg 3  poles 16   integral  length 1.2463  bounds [0.13 1.11 0.47]–[1.31 1.13 0.74]
> spline (0.1313,1.1126,0.5724) (0.2101,1.1113,0.5677) (0.2888,1.1102,0.5628) (0.3676,1.1094,0.5576) (0.4463,1.1086,0.5518) (0.5251,1.1079,0.5441) (0.6038,1.1071,0.5351) (0.6826,1.1062,0.5232) (0.7614,1.1053,0.5089) (0.8401,1.1050,0.4920) (0.9189,1.1065,0.4721) (0.9976,1.1106,0.4506) (1.0764,1.1153,0.4291) (1.1552,1.1201,0.4076) (1.2339,1.1254,0.3862) (1.3127,1.1312,0.3649) --name=R_Door_Lower_c3
  · #33  R_Door_Lower_c3    curve    deg 3  poles 16   integral  length 1.2046  bounds [0.13 1.10 0.36]–[1.31 1.13 0.57]
> loft R_Door_Lower_c1 R_Door_Lower_c2 R_Door_Lower_c3 --sheet --name=R_Door_Lower
  · loft R_Door_Lower_c1 (open → sheet) R_Door_Lower_c2 (open → sheet) R_Door_Lower_c3 (open → sheet)
  · #34  R_Door_Lower       surface  deg 3x2  poles 40x3  integral  bounds [0.13 1.01 0.36]–[1.31 1.16 0.87]
  ·   ↳ loft of R_Door_Lower_c1 R_Door_Lower_c2 R_Door_Lower_c3  degree 3
> delete R_Door_Lower_c1 R_Door_Lower_c2 R_Door_Lower_c3
  · deleted 3 figure(s)
> tint R_Door_Lower 0.80 0.82 0.86
> spline (-0.6015,1.1570,0.6030) (-0.4739,1.1395,0.5996) (-0.3463,1.1281,0.5962) (-0.2187,1.1202,0.5920) (-0.0911,1.1163,0.5856) (0.0365,1.1141,0.5780) (0.1642,1.1120,0.5704) (0.2918,1.1102,0.5626) (0.4194,1.1088,0.5541) (0.5470,1.1077,0.5420) (0.6746,1.1063,0.5244) (0.8022,1.1050,0.5007) (0.9298,1.1069,0.4691) (1.0574,1.1142,0.4343) (1.1851,1.1220,0.3995) (1.3127,1.1312,0.3649) --name=R_Sill_c1
  · #35  R_Sill_c1          curve    deg 3  poles 16   integral  length 1.9402  bounds [-0.60 1.10 0.36]–[1.31 1.16 0.60]
> spline (-0.6015,1.1144,0.1751) (-0.4739,1.0642,0.1916) (-0.3463,1.0548,0.2856) (-0.2187,1.0783,0.4473) (-0.0911,1.0927,0.5433) (0.0365,1.0937,0.5447) (0.1642,1.0936,0.5377) (0.2918,1.0932,0.5288) (0.4194,1.0925,0.5176) (0.5470,1.0912,0.5022) (0.6746,1.0889,0.4785) (0.8022,1.0836,0.4389) (0.9298,1.0712,0.3571) (1.0574,1.0579,0.2429) (1.1851,1.0604,0.1598) (1.3127,1.1018,0.1591) --name=R_Sill_c2
  · #36  R_Sill_c2          curve    deg 3  poles 16   integral  length 2.1914  bounds [-0.60 1.04 0.12]–[1.31 1.11 0.56]
> loft R_Sill_c1 R_Sill_c2 --sheet --name=R_Sill
  · loft R_Sill_c1 (open → sheet) R_Sill_c2 (open → sheet)
  · #37  R_Sill             surface  deg 3x1  poles 28x2  integral  bounds [-0.60 1.05 0.12]–[1.31 1.16 0.60]
  ·   ↳ loft of R_Sill_c1 R_Sill_c2  degree 3
> delete R_Sill_c1 R_Sill_c2
  · deleted 2 figure(s)
> tint R_Sill 0.80 0.82 0.86
> spline (1.4132,0.8753,0.8918) (1.3610,0.8830,0.8881) (1.3287,0.8861,0.8859) (1.3381,0.8855,0.8865) (1.3767,0.8809,0.8893) (1.4525,0.8693,0.8946) (1.5542,0.8466,0.9004) (1.6717,0.7774,0.8879) (1.7951,0.7044,0.8507) (1.9174,0.6779,0.8200) (2.0272,0.6541,0.7874) (2.1064,0.6369,0.7609) (2.1598,0.6253,0.7418) (2.1660,0.6240,0.7394) (2.1484,0.6278,0.7462) (2.0985,0.6386,0.7635) --name=R_Fender_Panel_c1
  · #38  R_Fender_Panel_c1  curve    deg 3  poles 16   integral  length 1.1551  bounds [1.28 0.61 0.72]–[2.22 0.89 0.90]
> spline (1.4132,1.1380,0.5390) (1.3610,1.1311,0.5908) (1.3287,1.1301,0.6436) (1.3381,1.1282,0.7104) (1.3767,1.1036,0.8081) (1.4525,1.0055,0.8906) (1.5542,0.9948,0.9010) (1.6717,0.9559,0.9095) (1.7951,0.9167,0.8954) (1.9174,0.9134,0.8715) (2.0272,0.8979,0.8302) (2.1064,0.8973,0.7649) (2.1598,0.9438,0.5847) (2.1660,0.9438,0.5749) (2.1484,0.9436,0.5279) (2.0985,0.9434,0.4830) --name=R_Fender_Panel_c2
  · #39  R_Fender_Panel_c2  curve    deg 3  poles 16   integral  length 1.5171  bounds [1.31 0.89 0.48]–[2.22 1.14 0.92]
> spline (1.4132,1.1359,0.1591) (1.3610,1.1380,0.2732) (1.3287,1.1380,0.3936) (1.3381,1.1380,0.5184) (1.3767,1.1380,0.6368) (1.4525,1.1380,0.7365) (1.5542,1.1380,0.8088) (1.6717,1.1380,0.8532) (1.7951,1.1380,0.8419) (1.9174,1.1380,0.8130) (2.0272,1.1380,0.7574) (2.1064,1.1374,0.6612) (2.1598,1.1329,0.5485) (2.1660,1.1263,0.4238) (2.1484,1.1193,0.3014) (2.0985,1.1106,0.1868) --name=R_Fender_Panel_c3
  · #40  R_Fender_Panel_c3  curve    deg 3  poles 16   integral  length 1.8785  bounds [1.31 1.11 0.16]–[2.17 1.14 0.87]
> loft R_Fender_Panel_c1 R_Fender_Panel_c2 R_Fender_Panel_c3 --sheet --name=R_Fender_Panel
  · loft R_Fender_Panel_c1 (open → sheet) R_Fender_Panel_c2 (open → sheet) R_Fender_Panel_c3 (open → sheet)
  · #41  R_Fender_Panel     surface  deg 3x2  poles 40x3  integral  bounds [1.29 0.62 0.16]–[2.18 1.27 0.98]
  ·   ↳ loft of R_Fender_Panel_c1 R_Fender_Panel_c2 R_Fender_Panel_c3  degree 3
> delete R_Fender_Panel_c1 R_Fender_Panel_c2 R_Fender_Panel_c3
  · deleted 3 figure(s)
> tint R_Fender_Panel 0.80 0.82 0.86
── Projects/Project-Drive/Content/Vehicles/Liger/Liger_Body_SideR.arc: 94 line(s), 0 refusal(s)
  · opened Projects/Project-Drive/Content/Vehicles/Liger/Liger_Body_SideR.arc  ·  12 figure(s)  ·  66 command(s)
> show shading plastic
  · shading plastic
> show cages off
> show iso off
> view orbit 40 25
  · view orbit  eye (0.60 -6.86 9.83)  pivot (0.00 0.00 0.00)  distance 12.00  yaw 5.0° pitch 55.0°  persp
> view fit
  · view fit  eye (0.55 -1.93 4.48)  pivot (0.31 0.76 0.62)  distance 4.70  yaw 5.0° pitch 55.0°  persp
> view dolly 3
  · view dolly  eye (0.46 -0.89 2.99)  pivot (0.31 0.76 0.62)  distance 2.89  yaw 5.0° pitch 55.0°  persp
> render Liger_SideR_01_RearQuarter --size=1920x1200
  · render /home/user/Slate/_AgentScratch/build/SolidArcIntegration/renders/Liger_SideR_01_RearQuarter.png  1920x1200  1297.9 ms  48736 tri  0 seg  0 pts  2191449 frag
> view back
  · view back  eye (0.31 3.65 0.62)  pivot (0.31 0.76 0.62)  distance 2.89  yaw 180.0° pitch 0.0°  ortho
> view fit
  · view fit  eye (0.31 5.19 0.62)  pivot (0.31 0.76 0.62)  distance 4.43  yaw 180.0° pitch 0.0°  ortho
> view dolly 3
  · view dolly  eye (0.31 3.48 0.62)  pivot (0.31 0.76 0.62)  distance 2.72  yaw 180.0° pitch 0.0°  ortho
> render Liger_SideR_02_Side --size=1920x1200
  · render /home/user/Slate/_AgentScratch/build/SolidArcIntegration/renders/Liger_SideR_02_Side.png  1920x1200  662.3 ms  48736 tri  0 seg  0 pts  2248490 frag
> view orbit 130 25
  · view orbit  eye (-1.58 -0.83 1.77)  pivot (0.31 0.76 0.62)  distance 2.72  yaw 310.0° pitch 25.0°  ortho
> view fit
  · view fit  eye (-3.81 -2.70 3.13)  pivot (0.31 0.76 0.62)  distance 5.94  yaw 310.0° pitch 25.0°  ortho
> view dolly 3
  · view dolly  eye (-2.22 -1.37 2.16)  pivot (0.31 0.76 0.62)  distance 3.65  yaw 310.0° pitch 25.0°  ortho
> render Liger_SideR_03_FrontQuarter --size=1920x1200
  · render /home/user/Slate/_AgentScratch/build/SolidArcIntegration/renders/Liger_SideR_03_FrontQuarter.png  1920x1200  1170.5 ms  48736 tri  0 seg  0 pts  1056577 frag
> view top
  · view top  eye (0.31 0.76 4.27)  pivot (0.31 0.76 0.62)  distance 3.65  yaw 0.0° pitch 90.0°  ortho
> view fit
  · view fit  eye (0.31 0.76 5.02)  pivot (0.31 0.76 0.62)  distance 4.40  yaw 0.0° pitch 90.0°  ortho
> view dolly 3
  · view dolly  eye (0.31 0.76 3.33)  pivot (0.31 0.76 0.62)  distance 2.70  yaw 0.0° pitch 90.0°  ortho
> render Liger_SideR_04_Top --size=1920x1200
  · render /home/user/Slate/_AgentScratch/build/SolidArcIntegration/renders/Liger_SideR_04_Top.png  1920x1200  1325.4 ms  48736 tri  0 seg  0 pts  2619629 frag
── /home/user/Slate/Frontier/Projects/Project-Drive/Content/Vehicles/Liger/SolidArc/render_sideR.arc: 19 line(s), 0 refusal(s)

Exit: 0
