t,x,y,z,speed_mps,fwd_mps,rpm,gear,boost_bar,throttle,brake,steer,airborne,w0_load_N,w0_slip,w0_slipang,w0_steer,w0_omega,w0_contact,w0_braketemp_K,w0_abs,w1_load_N,w1_slip,w1_slipang,w1_steer,w1_omega,w1_contact,w1_braketemp_K,w1_abs,w2_load_N,w2_slip,w2_slipang,w2_steer,w2_omega,w2_contact,w2_braketemp_K,w2_abs,w3_load_N,w3_slip,w3_slipang,w3_steer,w3_omega,w3_contact,w3_braketemp_K,w3_abs
0.0000,0.0000,0.0000,0.4198,0.000,0.000,700.0,2,0.000,0.000,0.000,0.000,1,0.0,0.0000,0.0000,0.0000,0.000,0,293.15,0,0.0,0.0000,0.0000,0.0000,0.000,0,293.15,0,0.0,0.0000,0.0000,0.0000,0.000,0,293.15,0,0.0,0.0000,0.0000,0.0000,0.000,0,293.15,0
0.0167,0.0000,0.0000,0.4174,0.164,0.000,700.0,2,0.000,0.000,0.000,0.000,1,0.0,0.0000,0.0000,0.0000,0.000,0,293.15,0,0.0,0.0000,0.0000,0.0000,0.000,0,293.15,0,0.0,0.0000,0.0000,0.0000,0.000,0,293.15,0,0.0,0.0000,0.0000,0.0000,0.000,0,293.15,0
0.0333,0.0000,0.0000,0.4123,0.327,0.000,700.0,2,0.000,0.000,0.000,0.000,1,0.0,0.0000,0.0000,0.0000,0.000,0,293.15,0,0.0,0.0000,0.0000,0.0000,0.000,0,293.15,0,0.0,0.0000,0.0000,0.0000,0.000,0,293.15,0,0.0,0.0000,0.0000,0.0000,0.000,0,293.15,0
0.0500,0.0000,0.0000,0.4045,0.491,0.000,700.0,2,0.000,0.000,0.000,0.000,1,0.0,0.0000,0.0000,0.0000,0.000,0,293.15,0,0.0,0.0000,0.0000,0.0000,0.000,0,293.15,0,0.0,0.0000,0.0000,0.0000,0.000,0,293.15,0,0.0,0.0000,0.0000,0.0000,0.000,0,293.15,0
0.0667,0.0000,0.0000,0.3939,0.654,0.000,700.0,2,0.000,0.000,0.000,0.000,1,0.0,0.0000,0.0000,0.0000,0.000,0,293.15,0,0.0,0.0000,0.0000,0.0000,0.000,0,293.15,0,0.0,0.0000,0.0000,0.0000,0.000,0,293.15,0,0.0,0.0000,0.0000,0.0000,0.000,0,293.15,0
0.0833,0.0000,0.0000,0.3807,0.817,0.000,700.0,2,0.000,0.000,0.000,0.000,1,0.0,0.0000,0.0000,0.0000,0.000,0,293.15,0,0.0,0.0000,0.0000,0.0000,0.000,0,293.15,0,0.0,0.0000,0.0000,0.0000,0.000,0,293.15,0,0.0,0.0000,0.0000,0.0000,0.000,0,293.15,0
0.1000,-0.0000,0.0000,0.3648,0.961,0.000,700.0,2,0.000,0.000,0.000,0.000,1,0.0,0.0000,0.0000,0.0000,0.000,0,293.15,0,25.2,0.0000,0.0000,0.0000,0.000,0,293.15,0,90.7,0.0000,0.0000,0.0000,-0.068,0,293.15,0,0.0,0.0000,0.0000,0.0000,0.069,0,293.15,0
0.1167,0.0000,0.0000,0.3485,0.982,0.000,700.0,2,0.000,0.000,0.000,0.000,0,1245.2,-0.0000,0.0004,0.0000,0.000,1,293.15,0,287.5,0.0000,0.0004,0.0000,0.000,1,293.15,0,1478.9,-0.0002,0.0004,0.0000,0.000,1,293.15,0,245.2,-0.0052,0.0003,0.0000,-0.000,1,293.15,0
0.1333,-0.0000,0.0000,0.3360,0.704,-0.000,700.0,2,0.000,0.000,0.000,0.000,0,6650.5,0.0000,-0.0000,0.0000,0.000,1,293.15,0,6037.6,0.0001,-0.0000,0.0000,0.000,1,293.15,0,7423.5,-0.0001,-0.0000,0.0000,0.000,1,293.15,0,6129.0,-0.0014,-0.0001,0.0000,-0.000,1,293.15,0
0.1500,-0.0000,-0.0000,0.3305,0.274,-0.000,700.0,2,0.000,0.000,0.000,0.000,0,9127.4,0.0001,0.0000,0.0000,-0.000,1,293.15,0,11474.2,0.0002,0.0000,0.0000,0.000,1,293.15,0,11373.9,0.0000,-0.0000,0.0000,0.000,1,293.15,0,10642.1,-0.0010,-0.0001,0.0000,0.000,1,293.15,0
0.1667,-0.0000,-0.0000,0.3322,0.152,0.000,700.0,2,0.000,0.000,0.000,0.000,0,8554.4,0.0002,0.0002,0.0000,0.000,1,293.15,0,11184.7,0.0002,0.0001,0.0000,0.000,1,293.15,0,11386.8,0.0001,0.0002,0.0000,0.000,1,293.15,0,10589.1,-0.0010,0.0001,0.0000,0.000,1,293.15,0
0.1833,-0.0000,0.0000,0.3384,0.402,-0.000,700.0,2,0.000,0.000,0.000,0.000,0,6624.4,0.0002,-0.0001,0.0000,0.000,1,293.15,0,7816.9,0.0002,-0.0002,0.0000,0.000,1,293.15,0,8209.4,0.0001,-0.0002,0.0000,0.000,1,293.15,0,7061.7,-0.0011,-0.0003,0.0000,0.000,1,293.15,0
0.2000,-0.0000,0.0000,0.3454,0.417,-0.000,700.0,2,0.000,0.000,0.000,0.000,0,3606.4,0.0003,-0.0002,0.0000,0.000,1,293.15,0,4092.5,0.0003,-0.0002,0.0000,0.000,1,293.15,0,4290.5,0.0001,-0.0002,0.0000,0.000,1,293.15,0,3461.9,-0.0015,-0.0004,0.0000,0.000,1,293.15,0
0.2167,-0.0000,-0.0000,0.3506,0.294,-0.000,700.0,2,0.000,0.000,0.000,0.000,0,2950.1,0.0003,0.0002,0.0000,0.000,1,293.15,0,1901.6,0.0004,0.0002,0.0000,0.000,1,293.15,0,1763.4,0.0002,0.0002,0.0000,0.000,1,293.15,0,1699.1,-0.0020,0.0000,0.0000,0.000,1,293.15,0
0.2333,-0.0000,-0.0000,0.3534,0.154,-0.000,700.0,2,0.000,0.000,0.000,0.000,0,3169.8,0.0003,0.0003,0.0000,0.000,1,293.15,0,2747.4,0.0003,0.0003,0.0000,0.000,1,293.15,0,1038.0,0.0002,0.0006,0.0000,0.000,1,293.15,0,875.4,-0.0026,0.0005,0.0000,0.000,1,293.15,0
0.2500,-0.0000,-0.0000,0.3542,0.030,-0.000,700.0,2,0.000,0.000,0.000,0.000,0,981.6,0.0005,0.0006,0.0000,0.000,1,293.15,0,1145.3,0.0004,0.0005,0.0000,0.000,1,293.15,0,881.9,0.0002,0.0009,0.0000,0.000,1,293.15,0,792.6,-0.0028,0.0007,0.0000,0.000,1,293.15,0
0.2667,-0.0000,-0.0000,0.3531,0.081,-0.000,700.0,2,0.000,0.000,0.000,0.000,0,686.5,0.0006,0.0006,0.0000,0.000,1,293.15,0,338.7,0.0007,0.0007,0.0000,0.000,1,293.15,0,1247.6,0.0002,0.0007,0.0000,0.000,1,293.15,0,1163.6,-0.0024,0.0005,0.0000,0.000,1,293.15,0
0.2833,-0.0000,-0.0000,0.3508,0.139,-0.000,700.0,2,0.000,0.000,0.000,0.000,0,3323.0,0.0003,0.0001,0.0000,0.000,1,293.15,0,2867.8,0.0003,0.0001,0.0000,0.000,1,293.15,0,2244.3,0.0002,0.0003,0.0000,0.000,1,293.15,0,1932.4,-0.0019,0.0001,0.0000,-0.000,1,293.15,0
0.3000,-0.0000,0.0000,0.3487,0.128,-0.000,700.0,2,0.000,0.000,0.000,0.000,0,3996.5,0.0003,-0.0002,0.0000,0.000,1,293.15,0,1695.2,0.0004,-0.0004,0.0000,0.000,1,293.15,0,3294.2,0.0001,-0.0001,0.0000,-0.000,1,293.15,0,3060.5,-0.0016,-0.0003,0.0000,0.000,1,293.15,0
0.3167,-0.0000,0.0000,0.3470,0.097,-0.000,700.0,2,0.000,0.000,0.000,0.000,0,1880.2,0.0004,-0.0005,0.0000,-0.000,1,293.15,0,1862.1,0.0004,-0.0005,0.0000,0.000,1,293.15,0,3861.1,0.0001,-0.0003,0.0000,0.000,1,293.15,0,4364.6,-0.0014,-0.0004,0.0000,0.000,1,293.15,0
0.3333,-0.0000,-0.0000,0.3459,0.064,0.000,700.0,2,0.000,0.000,0.000,0.000,0,3456.6,0.0004,0.0000,0.0000,0.000,1,293.15,0,3850.5,0.0003,-0.0000,0.0000,0.000,1,293.15,0,4137.8,0.0002,0.0002,0.0000,0.000,1,293.15,0,4918.8,-0.0013,-0.0000,0.0000,0.000,1,293.15,0
0.3500,-0.0000,-0.0000,0.3458,0.004,0.000,700.0,2,0.000,0.000,0.000,0.000,0,3796.0,0.0003,0.0005,0.0000,-0.000,1,293.15,0,5352.0,0.0003,0.0004,0.0000,0.000,1,293.15,0,4242.4,0.0002,0.0005,0.0000,0.000,1,293.15,0,4529.2,-0.0013,0.0004,0.0000,0.000,1,293.15,0
0.3667,-0.0000,0.0000,0.3466,0.053,0.000,700.0,2,0.000,0.000,0.000,0.000,0,3941.3,0.0003,0.0002,0.0000,0.000,1,293.15,0,4188.8,0.0003,0.0001,0.0000,0.000,1,293.15,0,4504.7,0.0001,0.0002,0.0000,0.000,1,293.15,0,3565.3,-0.0015,0.0001,0.0000,0.000,1,293.15,0
0.3833,-0.0000,0.0000,0.3477,0.072,0.000,700.0,2,0.000,0.000,0.000,0.000,0,3793.2,0.0003,-0.0004,0.0000,0.000,1,293.15,0,3970.4,0.0003,-0.0006,0.0000,0.000,1,293.15,0,3870.9,0.0001,-0.0004,0.0000,0.000,1,293.15,0,2885.4,-0.0016,-0.0007,0.0000,0.000,1,293.15,0
0.4000,-0.0000,0.0000,0.3488,0.060,-0.000,700.0,2,0.000,0.000,0.000,0.000,0,2932.2,0.0003,-0.0005,0.0000,0.000,1,293.15,0,3482.7,0.0004,-0.0006,0.0000,-0.000,1,293.15,0,3261.7,0.0001,-0.0005,0.0000,0.000,1,293.15,0,2446.1,-0.0017,-0.0008,0.0000,0.000,1,293.15,0
0.4167,-0.0000,-0.0000,0.3494,0.034,-0.000,700.0,2,0.000,0.000,0.000,0.000,0,2166.3,0.0003,0.0003,0.0000,0.000,1,293.15,0,3196.6,0.0004,0.0000,0.0000,0.000,1,293.15,0,2967.9,0.0001,0.0001,0.0000,0.000,1,293.15,0,2453.9,-0.0017,-0.0001,0.0000,0.000,1,293.15,0
0.4333,-0.0000,-0.0000,0.3495,0.004,-0.000,700.0,2,0.000,0.000,0.000,0.000,0,2590.1,0.0003,0.0009,0.0000,0.000,1,293.15,0,3262.0,0.0004,0.0006,0.0000,0.000,1,293.15,0,3011.1,0.0001,0.0008,0.0000,0.000,1,293.15,0,2500.1,-0.0017,0.0006,0.0000,0.000,1,293.15,0
0.4500,-0.0000,-0.0000,0.3494,0.003,-0.000,700.0,2,0.000,0.000,0.000,0.000,0,4052.8,0.0003,0.0005,0.0000,0.000,1,293.15,0,2901.4,0.0003,0.0003,0.0000,-0.000,1,293.15,0,3113.2,0.0001,0.0006,0.0000,0.000,1,293.15,0,2718.0,-0.0017,0.0004,0.0000,0.000,1,293.15,0
0.4667,-0.0000,0.0000,0.3493,0.010,-0.000,700.0,2,0.000,0.000,0.000,0.000,0,2447.2,0.0004,-0.0003,0.0000,0.000,1,293.15,0,3053.1,0.0003,-0.0004,0.0000,0.000,1,293.15,0,3161.9,0.0001,-0.0002,0.0000,0.000,1,293.15,0,3209.3,-0.0016,-0.0004,0.0000,0.000,1,293.15,0
0.4833,-0.0000,0.0000,0.3491,0.010,-0.000,700.0,2,0.000,0.000,0.000,0.000,0,3067.5,0.0003,-0.0005,0.0000,0.000,1,293.15,0,3052.7,0.0004,-0.0007,0.0000,-0.000,1,293.15,0,3361.9,0.0001,-0.0005,0.0000,0.000,1,293.15,0,3437.2,-0.0015,-0.0006,0.0000,0.000,1,293.15,0
0.5000,-0.0000,-0.0000,0.3490,0.010,0.000,700.0,2,0.000,0.000,0.000,0.000,0,2889.2,0.0004,-0.0001,0.0000,0.000,1,293.15,0,3018.5,0.0004,-0.0003,0.0000,0.000,1,293.15,0,3502.9,0.0001,-0.0000,0.0000,0.000,1,293.15,0,3409.1,-0.0015,-0.0002,0.0000,0.000,1,293.15,0
0.5167,-0.0000,-0.0000,0.3489,0.003,0.000,700.0,2,0.000,0.000,0.000,0.000,0,2744.8,0.0004,0.0005,0.0000,0.000,1,293.15,0,3103.0,0.0004,0.0003,0.0000,0.000,1,293.15,0,3493.5,0.0001,0.0004,0.0000,-0.000,1,293.15,0,3366.2,-0.0015,0.0003,0.0000,0.000,1,293.15,0
0.5333,-0.0000,-0.0000,0.3489,0.001,0.000,700.0,2,0.000,0.000,0.000,0.000,0,3311.4,0.0003,0.0005,0.0000,0.000,1,293.15,0,3205.1,0.0004,0.0004,0.0000,0.000,1,293.15,0,3402.0,0.0002,0.0004,0.0000,0.000,1,293.15,0,3263.4,-0.0015,0.0004,0.0000,0.000,1,293.15,0
0.5500,-0.0000,-0.0000,0.3489,0.002,0.000,700.0,2,0.000,0.000,0.000,0.000,0,3053.8,0.0003,0.0000,0.0000,-0.000,1,293.15,0,3270.5,0.0003,-0.0001,0.0000,0.000,1,293.15,0,3282.2,0.0002,-0.0000,0.0000,0.000,1,293.15,0,3188.7,-0.0015,-0.0000,0.0000,0.000,1,293.15,0
0.5667,-0.0000,0.0000,0.3489,0.002,0.000,700.0,2,0.000,0.000,0.000,0.000,0,3129.6,0.0003,-0.0004,0.0000,0.000,1,293.15,0,3280.5,0.0003,-0.0005,0.0000,0.000,1,293.15,0,3220.8,0.0002,-0.0004,0.0000,0.000,1,293.15,0,3120.4,-0.0016,-0.0004,0.0000,0.000,1,293.15,0
0.5833,-0.0000,0.0000,0.3489,0.002,-0.000,700.0,2,0.000,0.000,0.000,0.000,0,3154.7,0.0003,-0.0002,0.0000,0.000,1,293.15,0,3281.1,0.0003,-0.0003,0.0000,0.000,1,293.15,0,3220.3,0.0002,-0.0003,0.0000,0.000,1,293.15,0,3093.5,-0.0016,-0.0003,0.0000,0.000,1,293.15,0
0.6000,-0.0000,-0.0000,0.3489,0.001,-0.000,700.0,2,0.000,0.000,0.000,0.000,0,3176.0,0.0003,0.0001,0.0000,0.000,1,293.15,0,3244.2,0.0003,0.0001,0.0000,0.000,1,293.15,0,3248.3,0.0001,0.0001,0.0000,0.000,1,293.15,0,3112.1,-0.0016,0.0002,0.0000,0.000,1,293.15,0
0.6167,-0.0000,-0.0000,0.3489,0.000,-0.000,700.0,2,0.000,0.000,0.000,0.000,0,3050.8,0.0003,0.0004,0.0000,0.000,1,293.15,0,3207.1,0.0003,0.0004,0.0000,0.000,1,293.15,0,3283.4,0.0001,0.0004,0.0000,0.000,1,293.15,0,3160.5,-0.0016,0.0004,0.0000,0.000,1,293.15,0
0.6333,-0.0000,-0.0000,0.3490,0.001,-0.000,700.0,2,0.000,0.000,0.000,0.000,0,3040.1,0.0003,0.0002,0.0000,0.000,1,293.15,0,3194.2,0.0004,0.0002,0.0000,0.000,1,293.15,0,3309.5,0.0001,0.0002,0.0000,0.000,1,293.15,0,3202.6,-0.0015,0.0002,0.0000,0.000,1,293.15,0
0.6500,-0.0000,0.0000,0.3490,0.001,-0.000,700.0,2,0.000,0.000,0.000,0.000,0,3069.8,0.0003,-0.0002,0.0000,-0.000,1,293.15,0,3176.9,0.0004,-0.0002,0.0000,0.000,1,293.15,0,3329.7,0.0001,-0.0002,0.0000,0.000,1,293.15,0,3221.1,-0.0015,-0.0002,0.0000,-0.000,1,293.15,0
0.6667,-0.0000,0.0000,0.3490,0.000,0.000,700.0,2,0.000,0.000,0.000,0.000,0,3017.9,0.0003,-0.0003,0.0000,0.000,1,293.15,0,3166.7,0.0004,-0.0003,0.0000,0.000,1,293.15,0,3335.7,0.0001,-0.0003,0.0000,0.000,1,293.15,0,3213.7,-0.0015,-0.0003,0.0000,0.000,1,293.15,0
0.6833,-0.0000,-0.0000,0.3490,0.001,0.000,700.0,2,0.000,0.000,0.000,0.000,0,3054.0,0.0003,-0.0001,0.0000,-0.000,1,293.15,0,3175.3,0.0004,-0.0001,0.0000,0.000,1,293.15,0,3328.2,0.0001,-0.0001,0.0000,-0.000,1,293.15,0,3192.3,-0.0015,-0.0001,0.0000,0.000,1,293.15,0
0.7000,-0.0000,-0.0000,0.3490,0.001,0.000,700.0,2,0.000,0.000,0.000,0.000,0,3064.9,0.0003,0.0002,0.0000,0.000,1,293.15,0,3186.5,0.0004,0.0002,0.0000,0.000,1,293.15,0,3307.7,0.0001,0.0002,0.0000,-0.000,1,293.15,0,3180.0,-0.0015,0.0001,0.0000,-0.000,1,293.15,0
0.7167,-0.0000,-0.0000,0.3490,0.000,0.000,700.0,2,0.000,0.000,0.000,0.000,0,3069.1,0.0003,0.0003,0.0000,0.000,1,293.15,0,3199.4,0.0003,0.0002,0.0000,-0.000,1,293.15,0,3287.5,0.0001,0.0002,0.0000,0.000,1,293.15,0,3173.3,-0.0015,0.0002,0.0000,0.000,1,293.15,0
0.7333,-0.0000,-0.0000,0.3490,0.001,0.000,700.0,2,0.000,0.000,0.000,0.000,0,3065.6,0.0003,0.0000,0.0000,0.000,1,293.15,0,3211.4,0.0003,-0.0000,0.0000,0.000,1,293.15,0,3278.6,0.0002,0.0000,0.0000,0.000,1,293.15,0,3172.8,-0.0016,-0.0000,0.0000,0.000,1,293.15,0
0.7500,-0.0000,0.0000,0.3489,0.001,-0.000,700.0,2,0.000,0.000,0.000,0.000,0,3078.3,0.0003,-0.0002,0.0000,0.000,1,293.15,0,3210.8,0.0003,-0.0002,0.0000,-0.000,1,293.15,0,3286.2,0.0002,-0.0002,0.0000,-0.000,1,293.15,0,3174.2,-0.0016,-0.0003,0.0000,0.000,1,293.15,0
0.7667,-0.0000,-0.0000,0.3489,0.001,-0.000,700.0,2,0.000,0.000,0.000,0.000,0,3084.1,0.0003,-0.0001,0.0000,0.000,1,293.15,0,3205.9,0.0003,-0.0002,0.0000,0.000,1,293.15,0,3300.4,0.0001,-0.0001,0.0000,0.000,1,293.15,0,3173.2,-0.0016,-0.0002,0.0000,0.000,1,293.15,0
0.7833,-0.0000,-0.0000,0.3489,0.001,-0.000,700.0,2,0.000,0.000,0.000,0.000,0,3074.2,0.0003,0.0001,0.0000,0.000,1,293.15,0,3203.3,0.0003,0.0000,0.0000,0.000,1,293.15,0,3309.8,0.0001,0.0001,0.0000,0.000,1,293.15,0,3180.0,-0.0016,0.0000,0.0000,0.000,1,293.15,0
0.8000,-0.0000,-0.0000,0.3489,0.000,-0.000,700.0,2,0.000,0.000,0.000,0.000,0,3075.5,0.0003,0.0002,0.0000,0.000,1,293.15,0,3201.2,0.0003,0.0002,0.0000,0.000,1,293.15,0,3309.7,0.0002,0.0002,0.0000,0.000,1,293.15,0,3187.9,-0.0015,0.0002,0.0000,0.000,1,293.15,0
0.8167,-0.0000,-0.0000,0.3489,0.001,-0.000,700.0,2,0.000,0.000,0.000,0.000,0,3064.3,0.0003,0.0001,0.0000,0.000,1,293.15,0,3202.2,0.0003,0.0001,0.0000,0.000,1,293.15,0,3304.5,0.0002,0.0001,0.0000,0.000,1,293.15,0,3192.9,-0.0015,0.0001,0.0000,-0.000,1,293.15,0
0.8333,-0.0000,-0.0000,0.3489,0.001,0.000,700.0,2,0.000,0.000,0.000,0.000,0,3063.7,0.0003,-0.0001,0.0000,0.000,1,293.15,0,3199.9,0.0003,-0.0001,0.0000,0.000,1,293.15,0,3301.9,0.0002,-0.0001,0.0000,0.000,1,293.15,0,3191.5,-0.0016,-0.0001,0.0000,0.000,1,293.15,0
0.8500,-0.0000,0.0000,0.3490,0.000,0.000,700.0,2,0.000,0.000,0.000,0.000,0,3066.7,0.0003,-0.0002,0.0000,0.000,1,293.15,0,3197.0,0.0003,-0.0002,0.0000,0.000,1,293.15,0,3303.0,0.0002,-0.0002,0.0000,0.000,1,293.15,0,3182.7,-0.0016,-0.0002,0.0000,0.000,1,293.15,0
0.8667,-0.0000,-0.0000,0.3490,0.000,0.000,700.0,2,0.000,0.000,0.000,0.000,0,3070.0,0.0003,-0.0001,0.0000,0.000,1,293.15,0,3195.0,0.0003,-0.0001,0.0000,0.000,1,293.15,0,3304.1,0.0002,-0.0001,0.0000,0.000,1,293.15,0,3176.1,-0.0016,-0.0001,0.0000,0.000,1,293.15,0
0.8833,-0.0000,-0.0000,0.3490,0.000,0.000,700.0,2,0.000,0.000,0.000,0.000,0,3071.0,0.0003,0.0001,0.0000,0.000,1,293.15,0,3196.0,0.0003,0.0001,0.0000,0.000,1,293.15,0,3301.6,0.0002,0.0001,0.0000,-0.000,1,293.15,0,3176.0,-0.0016,0.0001,0.0000,0.000,1,293.15,0
0.9000,-0.0000,-0.0000,0.3490,0.000,0.000,700.0,2,0.000,0.000,0.000,0.000,0,3066.3,0.0003,0.0002,0.0000,0.000,1,293.15,0,3200.0,0.0003,0.0002,0.0000,0.000,1,293.15,0,3296.9,0.0002,0.0001,0.0000,0.000,1,293.15,0,3180.1,-0.0016,0.0002,0.0000,0.000,1,293.15,0
0.9167,-0.0000,-0.0000,0.3489,0.000,-0.000,700.0,2,0.000,0.000,0.000,0.000,0,3067.3,0.0003,0.0000,0.0000,0.000,1,293.15,0,3202.0,0.0003,0.0000,0.0000,-0.000,1,293.15,0,3295.8,0.0002,0.0000,0.0000,0.000,1,293.15,0,3184.6,-0.0016,0.0000,0.0000,0.000,1,293.15,0
0.9333,-0.0000,-0.0000,0.3489,0.000,-0.000,700.0,2,0.000,0.000,0.000,0.000,0,3067.5,0.0003,-0.0001,0.0000,0.000,1,293.15,0,3201.7,0.0003,-0.0001,0.0000,0.000,1,293.15,0,3299.5,0.0002,-0.0001,0.0000,0.000,1,293.15,0,3184.1,-0.0016,-0.0001,0.0000,0.000,1,293.15,0
0.9500,-0.0000,-0.0000,0.3489,0.000,-0.000,700.0,2,0.000,0.000,0.000,0.000,0,3072.0,0.0003,-0.0001,0.0000,0.000,1,293.15,0,3199.2,0.0003,-0.0001,0.0000,0.000,1,293.15,0,3305.2,0.0002,-0.0001,0.0000,-0.000,1,293.15,0,3181.3,-0.0016,-0.0001,0.0000,0.000,1,293.15,0
0.9667,-0.0000,-0.0000,0.3489,0.000,-0.000,700.0,2,0.000,0.000,0.000,0.000,0,3072.6,0.0003,0.0001,0.0000,0.000,1,293.15,0,3198.7,0.0003,0.0000,0.0000,0.000,1,293.15,0,3306.9,0.0002,0.0000,0.0000,0.000,1,293.15,0,3180.9,-0.0016,0.0000,0.0000,0.000,1,293.15,0
0.9833,-0.0000,-0.0000,0.3489,0.000,0.000,700.0,2,0.000,0.000,0.000,0.000,0,3070.4,0.0003,0.0002,0.0000,0.000,1,293.15,0,3200.0,0.0003,0.0001,0.0000,-0.000,1,293.15,0,3304.0,0.0002,0.0001,0.0000,0.000,1,293.15,0,3182.7,-0.0016,0.0001,0.0000,0.000,1,293.15,0
1.0000,-0.0000,-0.0000,0.3489,0.000,0.000,700.0,3,0.000,1.000,0.000,0.000,0,3067.8,0.0004,0.0001,0.0000,0.000,1,293.15,0,3201.8,0.0003,0.0001,0.0000,0.000,1,293.15,0,3299.7,0.0002,0.0001,0.0000,0.696,1,293.15,0,3185.4,-0.0016,0.0001,0.0000,0.695,1,293.15,0
1.0167,0.0007,-0.0000,0.3489,0.051,0.051,700.0,3,0.000,1.000,0.000,0.000,0,3038.1,-0.0069,0.0004,0.0000,0.129,1,293.15,0,3172.9,-0.0066,0.0004,0.0000,0.122,1,293.15,0,3333.5,0.1828,-0.0005,0.0000,2.428,1,293.15,0,3217.8,0.1805,-0.0005,0.0000,2.448,1,293.15,0
1.0333,0.0032,-0.0000,0.3490,0.168,0.168,700.0,3,0.000,1.000,0.000,0.000,0,2914.1,-0.0162,0.0007,0.0000,0.546,1,293.15,0,3044.4,-0.0156,0.0007,0.0000,0.549,1,293.15,0,3523.9,0.4711,-0.0009,0.0000,3.275,1,293.15,0,3389.8,0.4764,-0.0009,0.0000,3.292,1,293.15,0
1.0500,0.0077,-0.0000,0.3490,0.285,0.285,700.0,3,0.000,1.000,0.000,0.000,0,2747.6,-0.0189,0.0003,0.0000,0.897,1,293.15,0,2870.7,-0.0179,0.0003,0.0000,0.906,1,293.15,0,3760.7,0.7295,-0.0003,0.0000,3.476,1,293.15,0,3604.2,0.7404,-0.0003,0.0000,3.489,1,293.15,0
1.0667,0.0140,-0.0000,0.3491,0.389,0.389,700.0,3,0.000,1.000,0.000,0.000,0,2610.9,-0.0191,-0.0004,0.0000,1.194,1,293.15,0,2747.3,-0.0178,-0.0004,0.0000,1.202,1,293.15,0,3920.5,0.9147,0.0005,0.0000,3.605,1,293.15,0,3758.7,0.9271,0.0005,0.0000,3.614,1,293.15,0
1.0833,0.0219,-0.0000,0.3492,0.484,0.484,700.0,3,0.000,1.000,0.000,0.000,0,2533.8,-0.0188,-0.0004,0.0000,1.469,1,293.15,0,2688.2,-0.0171,-0.0004,0.0000,1.469,1,293.15,0,3929.8,1.0370,0.0004,0.0000,3.707,1,293.15,0,3788.1,1.0481,0.0004,0.0000,3.709,1,293.15,0
1.1000,0.0312,-0.0000,0.3492,0.574,0.574,700.0,3,0.000,1.000,0.000,0.000,0,2526.5,-0.0179,0.0000,0.0000,1.730,1,293.15,0,2685.0,-0.0163,0.0000,0.0000,1.727,1,293.15,0,3829.6,1.1008,-0.0002,0.0000,3.792,1,293.15,0,3702.4,1.1108,-0.0002,0.0000,3.793,1,293.15,0
1.1167,0.0421,-0.0000,0.3493,0.661,0.661,700.0,3,0.000,1.000,0.000,0.000,0,2574.4,-0.0167,0.0002,0.0000,1.980,1,293.15,0,2720.5,-0.0155,0.0002,0.0000,1.981,1,293.15,0,3697.4,1.1067,-0.0004,0.0000,3.867,1,293.15,0,3562.6,1.1166,-0.0004,0.0000,3.869,1,293.15,0
1.1333,0.0543,-0.0000,0.3493,0.747,0.747,700.0,3,0.000,1.000,0.000,0.000,0,2643.2,-0.0156,0.0001,0.0000,2.230,1,293.15,0,2775.5,-0.0146,0.0000,0.0000,2.235,1,293.15,0,3584.1,1.0593,0.0000,0.0000,3.934,1,293.15,0,3442.1,1.0670,0.0000,0.0000,3.938,1,293.15,0
1.1500,0.0681,-0.0000,0.3492,0.836,0.836,700.0,3,0.000,1.000,0.000,0.000,0,2702.8,-0.0149,-0.0002,0.0000,2.491,1,293.15,0,2833.4,-0.0139,-0.0002,0.0000,2.494,1,293.15,0,3527.7,0.9664,0.0003,0.0000,3.993,1,293.15,0,3391.1,0.9700,0.0003,0.0000,3.999,1,293.15,0
1.1667,0.0834,-0.0000,0.3492,0.931,0.931,700.0,3,0.000,1.000,0.000,0.000,0,2738.8,-0.0146,-0.0002,0.0000,2.771,1,293.15,0,2874.8,-0.0137,-0.0002,0.0000,2.773,1,293.15,0,3544.1,0.8403,0.0002,0.0000,4.051,1,293.15,0,3414.9,0.8407,0.0002,0.0000,4.050,1,293.15,0
1.1833,0.1004,-0.0000,0.3491,1.036,1.036,700.0,3,0.000,1.000,0.000,0.000,0,2743.1,-0.0148,-0.0002,0.0000,3.081,1,293.15,0,2882.6,-0.0140,-0.0002,0.0000,3.083,1,293.15,0,3624.2,0.6958,0.0000,0.0000,4.100,1,293.15,0,3493.7,0.6945,0.0000,0.0000,4.099,1,293.15,0
1.2000,0.1195,-0.0000,0.3490,1.156,1.156,700.0,3,0.000,1.000,0.000,0.000,0,2714.6,-0.0156,-0.0001,0.0000,3.435,1,293.15,0,2853.3,-0.0147,-0.0001,0.0000,3.439,1,293.15,0,3740.9,0.5445,-0.0000,0.0000,4.147,1,293.15,0,3600.0,0.5425,-0.0000,0.0000,4.152,1,293.15,0
1.2167,0.1406,-0.0000,0.3490,1.287,1.287,700.0,3,0.000,1.000,0.000,0.000,0,2658.1,-0.0161,0.0001,0.0000,3.820,1,293.15,0,2797.0,-0.0152,0.0001,0.0000,3.821,1,293.15,0,3857.4,0.3967,-0.0001,0.0000,4.224,1,293.15,0,3705.6,0.3949,-0.0001,0.0000,4.236,1,293.15,0
1.2333,0.1640,-0.0000,0.3490,1.421,1.421,700.0,3,0.000,1.000,0.000,0.000,0,2591.1,-0.0163,0.0004,0.0000,4.213,1,293.15,0,2733.0,-0.0154,0.0004,0.0000,4.214,1,293.15,0,3936.5,0.2624,-0.0003,0.0000,4.313,1,293.15,0,3777.6,0.2615,-0.0003,0.0000,4.331,1,293.15,0
1.2500,0.1897,-0.0000,0.3491,1.559,1.559,700.0,3,0.000,1.000,0.000,0.000,0,2531.5,-0.0163,0.0004,0.0000,4.613,1,293.15,0,2677.8,-0.0154,0.0004,0.0000,4.615,1,293.15,0,3961.5,0.1449,-0.0003,0.0000,4.409,1,293.15,0,3800.6,0.1450,-0.0003,0.0000,4.430,1,293.15,0
1.2667,0.2175,-0.0000,0.3492,1.680,1.680,702.5,3,0.000,1.000,0.000,0.000,0,2496.6,-0.0145,0.0005,0.0000,4.966,1,293.15,0,2645.7,-0.0136,0.0005,0.0000,4.966,1,293.15,0,3933.1,0.0485,-0.0003,0.0000,4.620,1,293.15,0,3770.8,0.0499,-0.0003,0.0000,4.647,1,293.15,0
1.2833,0.2460,-0.0000,0.3493,1.715,1.715,731.0,3,0.001,1.000,0.000,0.000,0,2554.9,-0.0079,0.0003,0.0000,5.040,1,293.15,0,2693.3,-0.0075,0.0003,0.0000,5.041,1,293.15,0,3770.6,0.0031,-0.0001,0.0000,4.958,1,293.15,0,3612.2,0.0050,-0.0001,0.0000,4.960,1,293.15,0
1.3000,0.2746,-0.0000,0.3493,1.713,1.713,761.0,3,0.001,1.000,0.000,0.000,0,2716.0,-0.0048,-0.0001,0.0000,5.014,1,293.15,0,2850.5,-0.0047,-0.0001,0.0000,5.017,1,293.15,0,3471.6,0.0035,0.0002,0.0000,5.164,1,293.15,0,3339.5,0.0042,0.0002,0.0000,5.162,1,293.15,0
1.3167,0.3032,-0.0000,0.3492,1.719,1.719,791.0,3,0.001,1.000,0.000,0.000,0,2919.4,-0.0050,-0.0002,0.0000,5.034,1,293.15,0,3060.6,-0.0049,-0.0002,0.0000,5.035,1,293.15,0,3194.8,0.0188,0.0002,0.0000,5.297,1,293.15,0,3093.6,0.0192,0.0002,0.0000,5.298,1,293.15,0
1.3333,0.3321,-0.0000,0.3491,1.738,1.738,817.9,3,0.001,1.000,0.000,0.000,0,3089.6,-0.0057,-0.0000,0.0000,5.099,1,293.15,0,3231.3,-0.0055,-0.0000,0.0000,5.098,1,293.15,0,3071.0,0.0350,-0.0000,0.0000,5.430,1,293.15,0,2978.3,0.0357,-0.0000,0.0000,5.430,1,293.15,0
1.3500,0.3615,-0.0000,0.3489,1.769,1.769,837.4,3,0.001,1.000,0.000,0.000,0,3169.7,-0.0062,0.0002,0.0000,5.196,1,293.15,0,3303.6,-0.0060,0.0002,0.0000,5.195,1,293.15,0,3124.3,0.0466,-0.0002,0.0000,5.540,1,293.15,0,3018.0,0.0476,-0.0002,0.0000,5.541,1,293.15,0
1.3667,0.3916,-0.0000,0.3488,1.811,1.811,852.9,3,0.001,1.000,0.000,0.000,0,3151.3,-0.0067,0.0002,0.0000,5.322,1,293.15,0,3281.0,-0.0065,0.0002,0.0000,5.322,1,293.15,0,3296.5,0.0504,-0.0002,0.0000,5.634,1,293.15,0,3169.8,0.0515,-0.0002,0.0000,5.639,1,293.15,0
1.3833,0.4225,-0.0000,0.3487,1.859,1.859,867.3,3,0.001,1.000,0.000,0.000,0,3064.5,-0.0071,0.0002,0.0000,5.466,1,293.15,0,3196.1,-0.0069,0.0002,0.0000,5.466,1,293.15,0,3499.3,0.0477,-0.0002,0.0000,5.732,1,293.15,0,3356.9,0.0489,-0.0002,0.0000,5.738,1,293.15,0
1.4000,0.4542,-0.0000,0.3487,1.910,1.910,882.8,3,0.001,1.000,0.000,0.000,0,2956.7,-0.0073,0.0002,0.0000,5.613,1,293.15,0,3091.7,-0.0070,0.0002,0.0000,5.614,1,293.15,0,3648.8,0.0422,-0.0002,0.0000,5.847,1,293.15,0,3500.9,0.0433,-0.0002,0.0000,5.852,1,293.15,0
1.4167,0.4868,-0.0000,0.3488,1.958,1.958,901.0,3,0.001,1.000,0.000,0.000,0,2865.3,-0.0072,0.0002,0.0000,5.752,1,293.15,0,3006.6,-0.0070,0.0002,0.0000,5.752,1,293.15,0,3698.1,0.0374,-0.0002,0.0000,5.981,1,293.15,0,3552.6,0.0384,-0.0002,0.0000,5.985,1,293.15,0
1.4333,0.5200,-0.0000,0.3489,2.002,2.002,921.4,3,0.001,1.000,0.000,0.000,0,2816.4,-0.0070,0.0002,0.0000,5.879,1,293.15,0,2958.2,-0.0068,0.0002,0.0000,5.879,1,293.15,0,3649.8,0.0355,-0.0001,0.0000,6.127,1,293.15,0,3510.4,0.0364,-0.0001,0.0000,6.129,1,293.15,0
1.4500,0.5540,-0.0000,0.3490,2.043,2.043,943.1,3,0.001,1.000,0.000,0.000,0,2808.1,-0.0068,0.0002,0.0000,5.998,1,293.15,0,2950.9,-0.0066,0.0002,0.0000,5.998,1,293.15,0,3544.6,0.0366,-0.0001,0.0000,6.276,1,293.15,0,3414.7,0.0372,-0.0001,0.0000,6.276,1,293.15,0
1.4667,0.5886,-0.0000,0.3491,2.083,2.083,964.9,3,0.002,1.000,0.000,0.000,0,2828.2,-0.0067,0.0002,0.0000,6.117,1,293.15,0,2971.9,-0.0065,0.0002,0.0000,6.116,1,293.15,0,3438.3,0.0392,-0.0002,0.0000,6.419,1,293.15,0,3317.6,0.0397,-0.0002,0.0000,6.426,1,293.15,0
1.4833,0.6240,-0.0000,0.3491,2.124,2.124,986.3,3,0.002,1.000,0.000,0.000,0,2861.4,-0.0066,0.0002,0.0000,6.237,1,293.15,0,3005.3,-0.0064,0.0002,0.0000,6.237,1,293.15,0,3374.0,0.0420,-0.0002,0.0000,6.563,1,293.15,0,3257.5,0.0427,-0.0002,0.0000,6.566,1,293.15,0
1.5000,0.6600,-0.0000,0.3491,2.166,2.166,1007.2,3,0.002,1.000,0.000,0.000,0,2894.4,-0.0066,0.0002,0.0000,6.362,1,293.15,0,3036.4,-0.0064,0.0002,0.0000,6.362,1,293.15,0,3367.8,0.0442,-0.0002,0.0000,6.702,1,293.15,0,3248.6,0.0449,-0.0002,0.0000,6.703,1,293.15,0
1.5167,0.6967,-0.0000,0.3490,2.211,2.211,1027.5,3,0.002,1.000,0.000,0.000,0,2916.3,-0.0066,0.0002,0.0000,6.494,1,293.15,0,3055.8,-0.0064,0.0002,0.0000,6.493,1,293.15,0,3408.0,0.0452,-0.0002,0.0000,6.837,1,293.15,0,3282.4,0.0458,-0.0002,0.0000,6.839,1,293.15,0
1.5333,0.7343,-0.0000,0.3489,2.257,2.257,1047.6,3,0.002,1.000,0.000,0.000,0,2922.8,-0.0066,0.0002,0.0000,6.631,1,293.15,0,3062.3,-0.0064,0.0002,0.0000,6.630,1,293.15,0,3469.5,0.0451,-0.0002,0.0000,6.972,1,293.15,0,3338.1,0.0457,-0.0002,0.0000,6.975,1,293.15,0
1.5500,0.7726,-0.0000,0.3489,2.305,2.305,1067.8,3,0.002,1.000,0.000,0.000,0,2916.3,-0.0066,0.0003,0.0000,6.772,1,293.15,0,3057.7,-0.0064,0.0003,0.0000,6.771,1,293.15,0,3525.6,0.0442,-0.0002,0.0000,7.110,1,293.15,0,3391.1,0.0449,-0.0002,0.0000,7.114,1,293.15,0
1.5667,0.8117,-0.0000,0.3489,2.354,2.354,1088.6,3,0.002,1.000,0.000,0.000,0,2903.6,-0.0066,0.0003,0.0000,6.914,1,293.15,0,3046.8,-0.0064,0.0003,0.0000,6.914,1,293.15,0,3558.0,0.0432,-0.0002,0.0000,7.253,1,293.15,0,3422.9,0.0440,-0.0002,0.0000,7.257,1,293.15,0
1.5833,0.8516,-0.0000,0.3489,2.402,2.402,1110.2,3,0.002,1.000,0.000,0.000,0,2890.4,-0.0066,0.0002,0.0000,7.055,1,293.15,0,3034.0,-0.0063,0.0002,0.0000,7.055,1,293.15,0,3560.9,0.0426,-0.0002,0.0000,7.402,1,293.15,0,3426.2,0.0434,-0.0002,0.0000,7.406,1,293.15,0
1.6000,0.8924,-0.0000,0.3489,2.450,2.450,1132.4,3,0.002,1.000,0.000,0.000,0,2880.1,-0.0065,0.0002,0.0000,7.195,1,293.15,0,3024.2,-0.0063,0.0002,0.0000,7.195,1,293.15,0,3540.6,0.0427,-0.0002,0.0000,7.554,1,293.15,0,3409.3,0.0435,-0.0002,0.0000,7.558,1,293.15,0
1.6167,0.9339,-0.0001,0.3489,2.497,2.497,1155.1,3,0.003,1.000,0.000,0.000,0,2874.1,-0.0064,0.0002,0.0000,7.334,1,293.15,0,3018.5,-0.0062,0.0002,0.0000,7.334,1,293.15,0,3510.9,0.0434,-0.0002,0.0000,7.709,1,293.15,0,3383.0,0.0442,-0.0002,0.0000,7.712,1,293.15,0
1.6333,0.9762,-0.0001,0.3490,2.545,2.545,1178.1,3,0.003,1.000,0.000,0.000,0,2872.5,-0.0064,0.0002,0.0000,7.474,1,293.15,0,3016.1,-0.0062,0.0002,0.0000,7.474,1,293.15,0,3487.7,0.0444,-0.0002,0.0000,7.865,1,293.15,0,3360.2,0.0451,-0.0002,0.0000,7.867,1,293.15,0
1.6500,1.0193,-0.0001,0.3490,2.593,2.593,1201.1,3,0.003,1.000,0.000,0.000,0,2873.4,-0.0063,0.0002,0.0000,7.616,1,293.15,0,3016.1,-0.0061,0.0002,0.0000,7.615,1,293.15,0,3480.0,0.0454,-0.0002,0.0000,8.020,1,293.15,0,3349.2,0.0461,-0.0002,0.0000,8.023,1,293.15,0
1.6667,1.0633,-0.0001,0.3490,2.642,2.642,1224.1,3,0.003,1.000,0.000,0.000,0,2874.8,-0.0063,0.0002,0.0000,7.760,1,293.15,0,3017.3,-0.0061,0.0002,0.0000,7.760,1,293.15,0,3483.2,0.0462,-0.0002,0.0000,8.175,1,293.15,0,3351.4,0.0469,-0.0002,0.0000,8.179,1,293.15,0
1.6833,1.1080,-0.0001,0.3489,2.693,2.693,1247.0,3,0.003,1.000,0.000,0.000,0,2875.0,-0.0063,0.0003,0.0000,7.908,1,293.15,0,3018.0,-0.0061,0.0003,0.0000,7.907,1,293.15,0,3496.7,0.0466,-0.0002,0.0000,8.331,1,293.15,0,3363.8,0.0474,-0.0002,0.0000,8.335,1,293.15,0
1.7000,1.1537,-0.0001,0.3489,2.744,2.744,1269.9,3,0.003,1.000,0.000,0.000,0,2874.4,-0.0063,0.0003,0.0000,8.058,1,293.15,0,3018.0,-0.0061,0.0003,0.0000,8.057,1,293.15,0,3514.6,0.0467,-0.0002,0.0000,8.487,1,293.15,0,3380.2,0.0475,-0.0002,0.0000,8.492,1,293.15,0
1.7167,1.2001,-0.0001,0.3489,2.795,2.795,1293.0,3,0.003,1.000,0.000,0.000,0,2872.6,-0.0062,0.0003,0.0000,8.209,1,293.15,0,3017.0,-0.0060,0.0003,0.0000,8.209,1,293.15,0,3529.8,0.0466,-0.0002,0.0000,8.645,1,293.15,0,3394.3,0.0475,-0.0002,0.0000,8.650,1,293.15,0
1.7333,1.2475,-0.0001,0.3489,2.847,2.847,1316.3,3,0.004,1.000,0.000,0.000,0,2870.7,-0.0062,0.0003,0.0000,8.362,1,293.15,0,3015.5,-0.0060,0.0003,0.0000,8.361,1,293.15,0,3538.7,0.0466,-0.0002,0.0000,8.806,1,293.15,0,3402.4,0.0475,-0.0002,0.0000,8.811,1,293.15,0
1.7500,1.2957,-0.0001,0.3489,2.900,2.900,1340.1,3,0.004,1.000,0.000,0.000,0,2868.9,-0.0061,0.0003,0.0000,8.516,1,293.15,0,3014.1,-0.0059,0.0003,0.0000,8.515,1,293.15,0,3541.1,0.0466,-0.0002,0.0000,8.969,1,293.15,0,3403.9,0.0476,-0.0002,0.0000,8.974,1,293.15,0
1.7667,1.3448,-0.0001,0.3489,2.952,2.952,1364.1,3,0.004,1.000,0.000,0.000,0,2867.2,-0.0061,0.0003,0.0000,8.670,1,293.15,0,3012.9,-0.0059,0.0003,0.0000,8.669,1,293.15,0,3537.2,0.0468,-0.0002,0.0000,9.133,1,293.15,0,3400.4,0.0478,-0.0002,0.0000,9.139,1,293.15,0
1.7833,1.3948,-0.0001,0.3489,3.005,3.005,1388.4,3,0.004,1.000,0.000,0.000,0,2865.9,-0.0060,0.0003,0.0000,8.824,1,293.15,0,3011.6,-0.0058,0.0003,0.0000,8.823,1,293.15,0,3532.4,0.0472,-0.0002,0.0000,9.300,1,293.15,0,3394.5,0.0482,-0.0002,0.0000,9.306,1,293.15,0
1.8000,1.4456,-0.0001,0.3489,3.058,3.058,1413.0,3,0.004,1.000,0.000,0.000,0,2864.5,-0.0060,0.0003,0.0000,8.980,1,293.15,0,3010.5,-0.0058,0.0003,0.0000,8.979,1,293.15,0,3528.8,0.0476,-0.0002,0.0000,9.467,1,293.15,0,3390.1,0.0486,-0.0002,0.0000,9.474,1,293.15,0
1.8167,1.4973,-0.0001,0.3489,3.111,3.111,1437.7,3,0.004,1.000,0.000,0.000,0,2863.0,-0.0059,0.0003,0.0000,9.137,1,293.15,0,3009.3,-0.0058,0.0003,0.0000,9.136,1,293.15,0,3528.3,0.0480,-0.0002,0.0000,9.636,1,293.15,0,3389.2,0.0490,-0.0002,0.0000,9.643,1,293.15,0
1.8333,1.5500,-0.0001,0.3489,3.165,3.165,1462.6,3,0.004,1.000,0.000,0.000,0,2861.8,-0.0059,0.0003,0.0000,9.295,1,293.15,0,3007.8,-0.0057,0.0003,0.0000,9.294,1,293.15,0,3531.4,0.0484,-0.0002,0.0000,9.806,1,293.15,0,3390.7,0.0495,-0.0002,0.0000,9.813,1,293.15,0
1.8500,1.6035,-0.0002,0.3489,3.219,3.219,1487.6,3,0.005,1.000,0.000,0.000,0,2859.7,-0.0059,0.0003,0.0000,9.455,1,293.15,0,3005.9,-0.0057,0.0003,0.0000,9.454,1,293.15,0,3537.0,0.0487,-0.0002,0.0000,9.977,1,293.15,0,3395.3,0.0498,-0.0002,0.0000,9.984,1,293.15,0
1.8667,1.6580,-0.0002,0.3489,3.275,3.275,1512.8,3,0.005,1.000,0.000,0.000,0,2857.9,-0.0058,0.0003,0.0000,9.617,1,293.15,0,3004.7,-0.0057,0.0003,0.0000,9.616,1,293.15,0,3543.5,0.0490,-0.0002,0.0000,10.149,1,293.15,0,3401.3,0.0501,-0.0002,0.0000,10.157,1,293.15,0
1.8833,1.7134,-0.0002,0.3489,3.330,3.330,1538.3,3,0.005,1.000,0.000,0.000,0,2855.8,-0.0058,0.0003,0.0000,9.780,1,293.15,0,3003.4,-0.0056,0.0003,0.0000,9.779,1,293.15,0,3549.3,0.0492,-0.0002,0.0000,10.323,1,293.15,0,3406.2,0.0503,-0.0002,0.0000,10.332,1,293.15,0
1.9000,1.7697,-0.0002,0.3489,3.386,3.386,1564.0,3,0.005,1.000,0.000,0.000,0,2853.5,-0.0058,0.0003,0.0000,9.945,1,293.15,0,3002.9,-0.0056,0.0003,0.0000,9.944,1,293.15,0,3553.5,0.0494,-0.0002,0.0000,10.499,1,293.15,0,3409.8,0.0506,-0.0002,0.0000,10.508,1,293.15,0
1.9167,1.8270,-0.0002,0.3489,3.443,3.443,1589.9,3,0.005,1.000,0.000,0.000,0,2852.1,-0.0057,0.0003,0.0000,10.111,1,293.15,0,3001.9,-0.0056,0.0003,0.0000,10.110,1,293.15,0,3556.1,0.0497,-0.0002,0.0000,10.677,1,293.15,0,3411.4,0.0509,-0.0002,0.0000,10.686,1,293.15,0
1.9333,1.8852,-0.0002,0.3489,3.500,3.500,1616.1,3,0.006,1.000,0.000,0.000,0,2850.5,-0.0057,0.0003,0.0000,10.278,1,293.15,0,3000.9,-0.0055,0.0003,0.0000,10.277,1,293.15,0,3557.6,0.0500,-0.0002,0.0000,10.856,1,293.15,0,3412.1,0.0512,-0.0002,0.0000,10.866,1,293.15,0
1.9500,1.9443,-0.0002,0.3489,3.557,3.557,1642.4,3,0.006,1.000,0.000,0.000,0,2849.3,-0.0057,0.0003,0.0000,10.447,1,293.15,0,3000.0,-0.0055,0.0003,0.0000,10.445,1,293.15,0,3558.9,0.0503,-0.0002,0.0000,11.037,1,293.15,0,3412.1,0.0515,-0.0002,0.0000,11.046,1,293.15,0
1.9667,2.0045,-0.0002,0.3489,3.615,3.615,1668.8,3,0.006,1.000,0.000,0.000,0,2848.2,-0.0056,0.0003,0.0000,10.617,1,293.15,0,2998.7,-0.0054,0.0003,0.0000,10.615,1,293.15,0,3561.2,0.0505,-0.0002,0.0000,11.218,1,293.15,0,3412.6,0.0518,-0.0002,0.0000,11.228,1,293.15,0
1.9833,2.0655,-0.0003,0.3489,3.673,3.673,1695.3,3,0.006,1.000,0.000,0.000,0,2847.0,-0.0056,0.0003,0.0000,10.788,1,293.15,0,2997.8,-0.0054,0.0003,0.0000,10.786,1,293.15,0,3563.2,0.0508,-0.0002,0.0000,11.401,1,293.15,0,3414.3,0.0521,-0.0002,0.0000,11.411,1,293.15,0
2.0000,2.1276,-0.0003,0.3489,3.732,3.732,1722.1,3,0.006,1.000,0.000,0.000,0,2845.4,-0.0055,0.0003,0.0000,10.960,1,293.15,0,2996.6,-0.0054,0.0003,0.0000,10.958,1,293.15,0,3565.7,0.0510,-0.0002,0.0000,11.585,1,293.15,0,3415.2,0.0523,-0.0002,0.0000,11.596,1,293.15,0
2.0167,2.1907,-0.0003,0.3489,3.790,3.790,1748.9,3,0.006,1.000,0.000,0.000,0,2843.8,-0.0055,0.0003,0.0000,11.133,1,293.15,0,2995.8,-0.0053,0.0003,0.0000,11.131,1,293.15,0,3568.8,0.0512,-0.0002,0.0000,11.770,1,293.15,0,3417.3,0.0526,-0.0002,0.0000,11.781,1,293.15,0
2.0333,2.2547,-0.0003,0.3489,3.850,3.850,1776.0,3,0.007,1.000,0.000,0.000,0,2843.2,-0.0055,0.0003,0.0000,11.307,1,293.15,0,2994.4,-0.0053,0.0003,0.0000,11.305,1,293.15,0,3572.6,0.0515,-0.0002,0.0000,11.956,1,293.15,0,3419.5,0.0528,-0.0002,0.0000,11.968,1,293.15,0
2.0500,2.3197,-0.0003,0.3489,3.910,3.910,1803.2,3,0.007,1.000,0.000,0.000,0,2840.0,-0.0054,0.0003,0.0000,11.484,1,293.15,0,2994.8,-0.0053,0.0003,0.0000,11.481,1,293.15,0,3612.0,0.0514,-0.0003,0.0000,12.140,1,293.15,0,3422.7,0.0531,-0.0003,0.0000,12.156,1,293.15,0
2.0667,2.3858,-0.0003,0.3489,3.970,3.970,1830.5,3,0.007,1.000,0.000,0.000,0,2834.5,-0.0054,0.0004,0.0000,11.662,1,293.15,0,2997.5,-0.0052,0.0004,0.0000,11.659,1,293.15,0,3595.1,0.0515,-0.0003,0.0000,12.329,1,293.15,0,3424.9,0.0533,-0.0003,0.0000,12.346,1,293.15,0
2.0833,2.4528,-0.0004,0.3489,4.031,4.031,1858.2,3,0.007,1.000,0.000,0.000,0,2831.5,-0.0053,0.0003,0.0000,11.839,1,293.15,0,2998.6,-0.0052,0.0003,0.0000,11.836,1,293.15,0,3584.4,0.0517,-0.0003,0.0000,12.521,1,293.15,0,3421.7,0.0535,-0.0003,0.0000,12.537,1,293.15,0
2.1000,2.5209,-0.0004,0.3489,4.091,4.091,1886.2,3,0.007,1.000,0.000,0.000,0,2831.2,-0.0053,0.0003,0.0000,12.017,1,293.15,0,2997.9,-0.0051,0.0003,0.0000,12.015,1,293.15,0,3580.8,0.0521,-0.0003,0.0000,12.714,1,293.15,0,3416.8,0.0538,-0.0003,0.0000,12.729,1,293.15,0
2.1167,2.5900,-0.0004,0.3489,4.152,4.152,1914.4,3,0.008,1.000,0.000,0.000,0,2831.8,-0.0053,0.0003,0.0000,12.196,1,293.15,0,2997.2,-0.0051,0.0003,0.0000,12.193,1,293.15,0,3584.0,0.0525,-0.0003,0.0000,12.907,1,293.15,0,3414.9,0.0542,-0.0003,0.0000,12.924,1,293.15,0
2.1333,2.6601,-0.0004,0.3489,4.214,4.214,1942.7,3,0.008,1.000,0.000,0.000,0,2831.4,-0.0052,0.0003,0.0000,12.377,1,293.15,0,2996.4,-0.0051,0.0003,0.0000,12.374,1,293.15,0,3586.6,0.0528,-0.0003,0.0000,13.101,1,293.15,0,3416.2,0.0546,-0.0003,0.0000,13.119,1,293.15,0
2.1500,2.7312,-0.0005,0.3489,4.276,4.276,1971.2,3,0.008,1.000,0.000,0.000,0,2830.3,-0.0052,0.0003,0.0000,12.559,1,293.15,0,2995.8,-0.0050,0.0003,0.0000,12.556,1,293.15,0,3592.6,0.0531,-0.0003,0.0000,13.297,1,293.15,0,3420.4,0.0549,-0.0003,0.0000,13.315,1,293.15,0
2.1667,2.8034,-0.0005,0.3489,4.338,4.338,1999.8,3,0.008,1.000,0.000,0.000,0,2829.1,-0.0052,0.0003,0.0000,12.742,1,293.15,0,2994.7,-0.0050,0.0003,0.0000,12.739,1,293.15,0,3597.5,0.0533,-0.0003,0.0000,13.494,1,293.15,0,3426.6,0.0552,-0.0003,0.0000,13.512,1,293.15,0
2.1833,2.8766,-0.0005,0.3488,4.401,4.401,2028.6,3,0.008,1.000,0.000,0.000,0,2828.1,-0.0051,0.0003,0.0000,12.927,1,293.15,0,2993.2,-0.0050,0.0003,0.0000,12.924,1,293.15,0,3611.7,0.0535,-0.0003,0.0000,13.692,1,293.15,0,3432.3,0.0554,-0.0003,0.0000,13.711,1,293.15,0
2.2000,2.9509,-0.0006,0.3488,4.465,4.465,2057.5,3,0.009,1.000,0.000,0.000,0,2826.7,-0.0051,0.0003,0.0000,13.114,1,293.15,0,2991.9,-0.0049,0.0003,0.0000,13.111,1,293.15,0,3616.6,0.0537,-0.0003,0.0000,13.891,1,293.15,0,3436.1,0.0556,-0.0003,0.0000,13.911,1,293.15,0
2.2167,3.0262,-0.0006,0.3488,4.529,4.529,2086.6,3,0.009,1.000,0.000,0.000,0,2825.2,-0.0051,0.0003,0.0000,13.302,1,293.15,0,2990.7,-0.0049,0.0003,0.0000,13.299,1,293.15,0,3619.7,0.0539,-0.0003,0.0000,14.092,1,293.15,0,3438.8,0.0558,-0.0003,0.0000,14.112,1,293.15,0
2.2333,3.1027,-0.0006,0.3488,4.593,4.593,2115.9,3,0.009,1.000,0.000,0.000,0,2823.4,-0.0050,0.0003,0.0000,13.491,1,293.15,0,2988.9,-0.0049,0.0003,0.0000,13.487,1,293.15,0,3621.4,0.0541,-0.0003,0.0000,14.294,1,293.15,0,3439.9,0.0560,-0.0003,0.0000,14.315,1,293.15,0
2.2500,3.1802,-0.0007,0.3488,4.658,4.658,2145.5,3,0.009,1.000,0.000,0.000,0,2822.4,-0.0050,0.0004,0.0000,13.681,1,293.15,0,2987.9,-0.0048,0.0004,0.0000,13.677,1,293.15,0,3622.5,0.0543,-0.0003,0.0000,14.498,1,293.15,0,3439.8,0.0563,-0.0003,0.0000,14.520,1,293.15,0
2.2667,3.2587,-0.0007,0.3488,4.722,4.722,2175.3,3,0.010,1.000,0.000,0.000,0,2822.0,-0.0050,0.0004,0.0000,13.871,1,293.15,0,2987.0,-0.0048,0.0004,0.0000,13.868,1,293.15,0,3623.3,0.0545,-0.0003,0.0000,14.703,1,293.15,0,3440.0,0.0566,-0.0003,0.0000,14.726,1,293.15,0
2.2833,3.3384,-0.0007,0.3488,4.788,4.788,2205.2,3,0.010,1.000,0.000,0.000,0,2821.0,-0.0049,0.0004,0.0000,14.063,1,293.15,0,2986.4,-0.0048,0.0004,0.0000,14.059,1,293.15,0,3624.5,0.0548,-0.0003,0.0000,14.910,1,293.15,0,3440.6,0.0569,-0.0003,0.0000,14.933,1,293.15,0
2.3000,3.4191,-0.0008,0.3488,4.853,4.853,2235.2,3,0.010,1.000,0.000,0.000,0,2820.5,-0.0049,0.0004,0.0000,14.256,1,293.15,0,2986.5,-0.0048,0.0004,0.0000,14.252,1,293.15,0,3626.3,0.0551,-0.0003,0.0000,15.118,1,293.15,0,3442.2,0.0572,-0.0003,0.0000,15.141,1,293.15,0
2.3167,3.5010,-0.0008,0.3488,4.919,4.919,2265.2,3,0.010,1.000,0.000,0.000,0,2819.8,-0.0049,0.0004,0.0000,14.450,1,293.15,0,2986.3,-0.0047,0.0004,0.0000,14.446,1,293.15,0,3629.0,0.0553,-0.0003,0.0000,15.326,1,293.15,0,3444.6,0.0574,-0.0003,0.0000,15.350,1,293.15,0
2.3333,3.5839,-0.0009,0.3488,4.986,4.986,2295.2,3,0.010,1.000,0.000,0.000,0,2819.4,-0.0048,0.0004,0.0000,14.645,1,293.15,0,2986.1,-0.0047,0.0004,0.0000,14.642,1,293.15,0,3632.6,0.0555,-0.0003,0.0000,15.534,1,293.15,0,3447.7,0.0576,-0.0003,0.0000,15.559,1,293.15,0
2.3500,3.6680,-0.0009,0.3488,5.053,5.053,2325.2,3,0.011,1.000,0.000,0.000,0,2818.9,-0.0048,0.0004,0.0000,14.842,1,293.15,0,2986.2,-0.0047,0.0004,0.0000,14.838,1,293.15,0,3635.2,0.0556,-0.0003,0.0000,15.743,1,293.15,0,3450.3,0.0577,-0.0003,0.0000,15.768,1,293.15,0
2.3667,3.7532,-0.0010,0.3488,5.120,5.120,2355.2,3,0.011,1.000,0.000,0.000,0,2818.2,-0.0048,0.0004,0.0000,15.038,1,293.15,0,2986.2,-0.0046,0.0004,0.0000,15.034,1,293.15,0,3638.0,0.0557,-0.0003,0.0000,15.952,1,293.15,0,3453.1,0.0578,-0.0003,0.0000,15.978,1,293.15,0
2.3833,3.8395,-0.0010,0.3488,5.187,5.187,2385.2,3,0.011,1.000,0.000,0.000,0,2818.0,-0.0047,0.0004,0.0000,15.236,1,293.15,0,2986.6,-0.0046,0.0004,0.0000,15.232,1,293.15,0,3640.5,0.0557,-0.0003,0.0000,16.162,1,293.15,0,3454.8,0.0579,-0.0003,0.0000,16.188,1,293.15,0
2.4000,3.9269,-0.0011,0.3488,5.254,5.254,2415.2,3,0.011,1.000,0.000,0.000,0,2818.0,-0.0047,0.0004,0.0000,15.434,1,293.15,0,2986.5,-0.0045,0.0004,0.0000,15.430,1,293.15,0,3642.4,0.0557,-0.0003,0.0000,16.371,1,293.15,0,3455.6,0.0579,-0.0003,0.0000,16.398,1,293.15,0
2.4167,4.0155,-0.0011,0.3488,5.322,5.322,2445.2,3,0.012,1.000,0.000,0.000,0,2818.2,-0.0047,0.0004,0.0000,15.632,1,293.15,0,2986.8,-0.0045,0.0004,0.0000,15.628,1,293.15,0,3639.4,0.0558,-0.0003,0.0000,16.581,1,293.15,0,3456.2,0.0579,-0.0003,0.0000,16.608,1,293.15,0
2.4333,4.1052,-0.0012,0.3488,5.389,5.389,2475.2,3,0.012,1.000,0.000,0.000,0,2818.9,-0.0046,0.0004,0.0000,15.831,1,293.15,0,2987.0,-0.0045,0.0004,0.0000,15.826,1,293.15,0,3642.3,0.0558,-0.0003,0.0000,16.791,1,293.15,0,3460.0,0.0580,-0.0003,0.0000,16.819,1,293.15,0
2.4500,4.1960,-0.0012,0.3488,5.457,5.457,2505.2,3,0.012,1.000,0.000,0.000,0,2819.4,-0.0046,0.0004,0.0000,16.029,1,293.15,0,2987.2,-0.0044,0.0004,0.0000,16.025,1,293.15,0,3639.5,0.0558,-0.0003,0.0000,17.001,1,293.15,0,3457.0,0.0580,-0.0003,0.0000,17.029,1,293.15,0
2.4667,4.2879,-0.0013,0.3488,5.524,5.524,2535.2,3,0.012,1.000,0.000,0.000,0,2820.8,-0.0045,0.0004,0.0000,16.228,1,293.15,0,2987.1,-0.0044,0.0004,0.0000,16.223,1,293.15,0,3637.4,0.0559,-0.0003,0.0000,17.212,1,293.15,0,3457.4,0.0580,-0.0003,0.0000,17.240,1,293.15,0
2.4833,4.3810,-0.0014,0.3487,5.592,5.592,2565.2,3,0.013,1.000,0.000,0.000,0,2822.5,-0.0045,0.0004,0.0000,16.427,1,293.15,0,2987.2,-0.0044,0.0004,0.0000,16.422,1,293.15,0,3644.0,0.0559,-0.0003,0.0000,17.422,1,293.15,0,3460.0,0.0580,-0.0003,0.0000,17.450,1,293.15,0
2.5000,4.4752,-0.0014,0.3487,5.660,5.660,2595.2,3,0.013,1.000,0.000,0.000,0,2823.4,-0.0045,0.0004,0.0000,16.626,1,293.15,0,2987.5,-0.0043,0.0004,0.0000,16.621,1,293.15,0,3648.0,0.0558,-0.0003,0.0000,17.632,1,293.15,0,3463.1,0.0580,-0.0003,0.0000,17.661,1,293.15,0
2.5167,4.5705,-0.0015,0.3487,5.728,5.728,2625.2,3,0.013,1.000,0.000,0.007,0,2824.2,-0.0044,0.0005,0.0002,16.826,1,293.15,0,2988.6,-0.0043,0.0005,0.0002,16.821,1,293.15,0,3648.0,0.0558,-0.0003,0.0000,17.843,1,293.15,0,3465.3,0.0580,-0.0003,0.0000,17.872,1,293.15,0
2.5333,4.6669,-0.0016,0.3487,5.796,5.796,2655.2,3,0.013,1.000,0.000,0.013,0,2824.8,-0.0044,0.0008,0.0007,17.025,1,293.15,0,2991.0,-0.0043,0.0008,0.0007,17.021,1,293.15,0,3649.5,0.0558,-0.0003,0.0000,18.053,1,293.15,0,3469.5,0.0579,-0.0003,0.0000,18.082,1,293.15,0
2.5500,4.7645,-0.0016,0.3487,5.864,5.864,2685.2,3,0.014,1.000,0.000,0.020,0,2824.0,-0.0043,0.0013,0.0015,17.222,1,293.15,0,2994.7,-0.0042,0.0013,0.0015,17.223,1,293.15,0,3649.3,0.0558,-0.0003,0.0000,18.264,1,293.15,0,3473.8,0.0577,-0.0003,0.0000,18.294,1,293.15,0
2.5667,4.8633,-0.0017,0.3487,5.932,5.932,2715.2,3,0.014,1.000,0.000,0.026,0,2820.8,-0.0043,0.0018,0.0026,17.419,1,293.15,0,3000.0,-0.0042,0.0018,0.0026,17.427,1,293.15,0,3641.8,0.0560,-0.0003,0.0000,18.474,1,293.15,0,3482.6,0.0575,-0.0003,0.0000,18.505,1,293.15,0
2.5833,4.9631,-0.0016,0.3487,6.000,6.000,2745.2,3,0.014,1.000,0.000,0.033,0,2818.0,-0.0042,0.0023,0.0039,17.614,1,293.15,0,3005.4,-0.0042,0.0023,0.0039,17.631,1,293.15,0,3635.9,0.0561,-0.0002,0.0000,18.683,1,293.15,0,3485.8,0.0573,-0.0002,0.0000,18.718,1,293.15,0
2.6000,5.0641,-0.0016,0.3487,6.068,6.068,2775.2,3,0.014,1.000,0.000,0.039,0,2815.4,-0.0042,0.0027,0.0054,17.808,1,293.15,0,3011.2,-0.0042,0.0027,0.0054,17.837,1,293.15,0,3631.7,0.0564,-0.0002,0.0000,18.892,1,293.15,0,3492.1,0.0571,-0.0002,0.0000,18.931,1,293.15,0
2.6167,5.1662,-0.0015,0.3487,6.136,6.136,2805.2,3,0.015,1.000,0.000,0.046,0,2812.2,-0.0042,0.0032,0.0070,18.000,1,293.15,0,3016.9,-0.0041,0.0032,0.0070,18.044,1,293.15,0,3627.0,0.0566,-0.0001,0.0000,19.100,1,293.15,0,3500.1,0.0568,-0.0001,0.0000,19.145,1,293.15,0
2.6333,5.2695,-0.0013,0.3487,6.204,6.204,2835.2,3,0.015,1.000,0.000,0.052,0,2808.7,-0.0041,0.0037,0.0088,18.192,1,293.15,0,3022.8,-0.0041,0.0037,0.0088,18.252,1,293.15,0,3623.1,0.0568,-0.0000,0.0000,19.306,1,293.15,0,3507.6,0.0565,-0.0000,0.0000,19.360,1,293.15,0
2.6500,5.3739,-0.0010,0.3487,6.272,6.272,2865.2,3,0.015,1.000,0.000,0.058,0,2804.3,-0.0041,0.0042,0.0108,18.383,1,293.15,0,3029.6,-0.0041,0.0042,0.0108,18.462,1,293.15,0,3618.0,0.0570,0.0000,0.0000,19.511,1,293.15,0,3516.5,0.0562,0.0000,0.0000,19.576,1,293.15,0
2.6667,5.4794,-0.0006,0.3487,6.340,6.340,2895.2,3,0.016,1.000,0.000,0.064,0,2801.6,-0.0040,0.0046,0.0129,18.573,1,293.15,0,3036.5,-0.0041,0.0046,0.0129,18.673,1,293.15,0,3614.3,0.0572,0.0001,0.0000,19.716,1,293.15,0,3525.2,0.0559,0.0001,0.0000,19.794,1,293.15,0
2.6833,5.5861,-0.0001,0.3487,6.408,6.408,2925.2,3,0.016,1.000,0.000,0.070,0,2798.2,-0.0040,0.0050,0.0150,18.762,1,293.15,0,3042.1,-0.0040,0.0051,0.0150,18.884,1,293.15,0,3609.0,0.0574,0.0002,0.0000,19.920,1,293.15,0,3527.3,0.0556,0.0002,0.0000,20.012,1,293.15,0
2.7000,5.6939,0.0006,0.3487,6.476,6.476,2955.2,3,0.016,1.000,0.000,0.076,0,2794.9,-0.0040,0.0054,0.0173,18.950,1,293.15,0,3049.6,-0.0040,0.0055,0.0173,19.097,1,293.15,0,3605.7,0.0576,0.0003,0.0000,20.123,1,293.15,0,3537.7,0.0554,0.0003,0.0000,20.231,1,293.15,0
2.7167,5.8028,0.0014,0.3487,6.545,6.544,2985.2,3,0.016,1.000,0.000,0.081,0,2791.6,-0.0039,0.0058,0.0196,19.138,1,293.15,0,3055.1,-0.0040,0.0059,0.0196,19.310,1,293.15,0,3601.2,0.0578,0.0004,0.0000,20.325,1,293.15,0,3541.3,0.0551,0.0004,0.0000,20.451,1,293.15,0
2.7333,5.9129,0.0024,0.3487,6.613,6.612,3015.2,3,0.017,1.000,0.000,0.087,0,2787.6,-0.0039,0.0062,0.0219,19.325,1,293.15,0,3061.2,-0.0039,0.0063,0.0219,19.524,1,293.15,0,3593.5,0.0581,0.0006,0.0000,20.526,1,293.15,0,3548.0,0.0549,0.0006,0.0000,20.672,1,293.15,0
2.7500,6.0240,0.0035,0.3487,6.681,6.680,3045.2,3,0.017,1.000,0.000,0.092,0,2783.9,-0.0039,0.0065,0.0243,19.511,1,293.15,0,3067.3,-0.0039,0.0067,0.0243,19.738,1,293.15,0,3590.1,0.0583,0.0007,0.0000,20.727,1,293.15,0,3555.1,0.0546,0.0007,0.0000,20.893,1,293.15,0
2.7667,6.1364,0.0048,0.3486,6.749,6.748,3075.2,3,0.017,1.000,0.000,0.097,0,2779.3,-0.0039,0.0069,0.0267,19.697,1,293.15,0,3073.0,-0.0039,0.0071,0.0267,19.953,1,293.15,0,3587.8,0.0585,0.0008,0.0000,20.927,1,293.15,0,3562.0,0.0544,0.0008,0.0000,21.114,1,293.15,0
2.7833,6.2498,0.0064,0.3486,6.817,6.816,3105.2,3,0.017,1.000,0.000,0.101,0,2775.2,-0.0038,0.0072,0.0291,19.883,1,293.15,0,3078.9,-0.0039,0.0075,0.0291,20.169,1,293.15,0,3584.9,0.0587,0.0010,0.0000,21.127,1,293.15,0,3568.9,0.0542,0.0009,0.0000,21.337,1,293.15,0
2.8000,6.3644,0.0081,0.3486,6.885,6.885,3135.2,3,0.018,1.000,0.000,0.106,0,2771.8,-0.0038,0.0075,0.0315,20.068,1,293.15,0,3085.0,-0.0038,0.0078,0.0315,20.386,1,293.15,0,3581.9,0.0588,0.0011,0.0000,21.326,1,293.15,0,3575.7,0.0539,0.0011,0.0000,21.560,1,293.15,0
2.8167,6.4802,0.0101,0.3486,6.953,6.953,3165.2,3,0.018,1.000,0.000,0.110,0,2768.9,-0.0038,0.0077,0.0339,20.253,1,293.15,0,3090.5,-0.0038,0.0082,0.0339,20.602,1,293.15,0,3578.1,0.0590,0.0013,0.0000,21.525,1,293.15,0,3582.6,0.0537,0.0012,0.0000,21.783,1,293.15,0
2.8333,6.5970,0.0123,0.3486,7.021,7.021,3195.2,3,0.018,1.000,0.000,0.114,0,2766.0,-0.0038,0.0080,0.0363,20.438,1,293.15,0,3096.6,-0.0038,0.0085,0.0363,20.820,1,293.15,0,3563.6,0.0592,0.0014,0.0000,21.724,1,293.15,0,3588.4,0.0535,0.0014,0.0000,22.006,1,293.15,0
2.8500,6.7150,0.0148,0.3486,7.089,7.089,3225.2,3,0.018,1.000,0.000,0.118,0,2763.6,-0.0037,0.0082,0.0386,20.623,1,293.15,0,3102.2,-0.0037,0.0088,0.0386,21.037,1,293.15,0,3567.7,0.0594,0.0016,0.0000,21.922,1,293.15,0,3591.2,0.0533,0.0016,0.0000,22.230,1,293.15,0
2.8667,6.8341,0.0175,0.3486,7.157,7.157,3255.2,3,0.019,1.000,0.000,0.121,0,2761.4,-0.0037,0.0084,0.0409,20.808,1,293.15,0,3106.5,-0.0037,0.0091,0.0409,21.254,1,293.15,0,3566.9,0.0596,0.0018,0.0000,22.120,1,293.15,0,3599.4,0.0531,0.0017,0.0000,22.454,1,293.15,0
2.8833,6.9544,0.0206,0.3486,7.226,7.225,3285.2,3,0.019,1.000,0.000,0.124,0,2756.0,-0.0037,0.0086,0.0432,20.993,1,293.15,0,3110.6,-0.0037,0.0094,0.0432,21.473,1,293.15,0,3564.4,0.0597,0.0019,0.0000,22.318,1,293.15,0,3612.6,0.0529,0.0019,0.0000,22.677,1,293.15,0
2.9000,7.0757,0.0239,0.3486,7.294,7.293,3315.2,3,0.019,1.000,0.000,0.127,0,2737.3,-0.0037,0.0088,0.0453,21.179,1,293.15,0,3114.0,-0.0037,0.0096,0.0453,21.691,1,293.15,0,3561.1,0.0599,0.0021,0.0000,22.516,1,293.15,0,3620.7,0.0527,0.0021,0.0000,22.901,1,293.15,0
2.9167,7.1983,0.0275,0.3486,7.362,7.361,3345.2,3,0.020,1.000,0.000,0.130,0,3000.5,-0.0036,0.0088,0.0474,21.368,1,293.15,0,3738.8,-0.0034,0.0096,0.0474,21.922,1,293.15,0,3561.2,0.0600,0.0023,0.0000,22.714,1,293.15,0,3613.2,0.0525,0.0022,0.0000,23.126,1,293.15,0
2.9333,7.3218,0.0316,0.3491,7.427,7.426,3375.2,3,0.020,1.000,0.000,0.132,0,6115.8,-0.0021,0.0068,0.0494,21.580,1,293.15,0,8685.9,-0.0016,0.0077,0.0494,22.216,1,293.15,0,3656.1,0.0605,0.0025,0.0000,22.899,1,293.15,0,3567.0,0.0523,0.0025,0.0000,23.357,1,293.15,0
2.9500,7.4463,0.0366,0.3525,7.491,7.486,3405.2,3,0.020,1.000,0.000,0.134,0,16701.9,0.0001,-0.0003,0.0514,21.346,1,293.15,0,20187.9,-0.0038,0.0013,0.0514,24.865,1,293.15,0,4117.6,0.0620,0.0030,0.0000,23.014,1,293.15,0,3560.0,0.0509,0.0029,0.0000,23.618,1,293.15,0
2.9667,7.5732,0.0420,0.3617,7.608,7.587,3435.2,3,0.020,1.000,0.000,0.136,0,23361.3,-0.0767,0.0028,0.0532,28.550,1,293.15,0,26730.8,0.0152,0.0041,0.0532,11.574,1,293.15,0,5271.8,0.0460,-0.0007,0.0000,23.086,1,293.15,0,3701.2,0.0502,-0.0011,0.0000,23.927,1,293.15,0
2.9833,7.7012,0.0479,0.3770,7.662,7.613,3465.2,3,0.021,1.000,0.000,0.137,0,22341.1,0.0556,0.0008,0.0549,15.938,1,293.15,0,25806.1,0.0921,0.0024,0.0549,19.455,1,293.15,0,6321.2,0.0409,-0.0010,0.0000,23.099,1,293.15,0,4143.6,0.0531,-0.0013,0.0000,24.213,1,293.15,0
3.0000,7.8307,0.0540,0.3962,7.834,7.775,3495.2,3,0.021,1.000,0.000,0.139,0,16733.3,0.1027,-0.0002,0.0566,18.399,1,293.15,0,19923.9,-0.0326,0.0018,0.0566,35.849,1,293.15,0,6836.6,0.0279,0.0039,0.0000,23.255,1,293.15,0,4211.7,0.0451,0.0040,0.0000,24.555,1,293.15,0
3.0167,7.9617,0.0611,0.4161,7.917,7.865,3525.2,3,0.021,1.000,0.000,0.139,0,10688.8,0.0188,-0.0017,0.0581,18.811,1,293.15,0,14365.2,0.0460,0.0007,0.0581,16.154,1,293.15,0,6168.0,0.0278,-0.0011,0.0000,23.500,1,293.15,0,3774.5,0.0468,-0.0010,0.0000,24.825,1,293.15,0
3.0333,8.0937,0.0682,0.4351,7.985,7.950,3555.2,3,0.022,1.000,0.000,0.140,0,5997.8,0.0126,0.0003,0.0595,22.415,1,293.15,0,10757.9,0.0440,0.0021,0.0595,18.415,1,293.15,0,4600.9,0.0290,0.0002,0.0000,23.821,1,293.15,0,3375.5,0.0483,0.0002,0.0000,25.107,1,293.15,0
3.0500,8.2264,0.0755,0.4526,8.029,8.007,3585.2,3,0.022,1.000,0.000,0.140,0,3166.3,-0.0009,0.0031,0.0608,22.842,1,293.15,0,8779.3,0.0441,0.0047,0.0608,19.754,1,293.15,0,3164.8,0.0369,0.0016,0.0000,24.163,1,293.15,0,3876.9,0.0481,0.0015,0.0000,25.266,1,293.15,0
3.0667,8.3599,0.0832,0.4686,8.067,8.055,3615.2,3,0.022,1.000,0.000,0.140,0,2173.1,-0.0020,0.0015,0.0619,22.935,1,293.15,0,8184.7,0.0317,0.0038,0.0619,21.128,1,293.15,0,2442.7,0.0468,0.0044,0.0000,24.507,1,293.15,0,3645.4,0.0459,0.0042,0.0000,25.374,1,293.15,0
3.0833,8.4939,0.0913,0.4829,8.093,8.088,3645.2,3,0.022,1.000,0.000,0.139,0,2467.0,-0.0021,0.0014,0.0630,23.025,1,293.15,0,8739.5,0.0307,0.0036,0.0630,20.762,1,293.15,0,2768.4,0.0542,0.0060,0.0000,24.767,1,293.15,0,3201.4,0.0461,0.0058,0.0000,25.535,1,293.15,0
3.1000,8.6286,0.0997,0.4956,8.110,8.107,3675.2,3,0.023,1.000,0.000,0.139,0,3379.4,-0.0014,0.0018,0.0638,23.107,1,293.15,0,10641.7,0.0423,0.0039,0.0638,18.746,1,293.15,0,2551.9,0.0604,0.0064,0.0000,24.993,1,293.15,0,3038.4,0.0490,0.0061,0.0000,25.731,1,293.15,0
3.1167,8.7639,0.1086,0.5072,8.134,8.130,3705.2,3,0.023,1.000,0.000,0.137,0,5568.9,-0.0002,0.0008,0.0646,23.167,1,293.15,0,13554.9,0.0473,0.0031,0.0646,17.357,1,293.15,0,2832.9,0.0636,0.0070,0.0000,25.179,1,293.15,0,2737.4,0.0531,0.0069,0.0000,25.937,1,293.15,0
3.1333,8.8999,0.1181,0.5184,8.184,8.180,3735.2,3,0.023,1.000,0.000,0.136,0,9296.6,0.0057,-0.0003,0.0652,22.434,1,293.15,0,16066.7,0.0165,0.0021,0.0652,18.363,1,293.15,0,4082.0,0.0599,0.0076,0.0000,25.233,1,293.15,0,2114.7,0.0574,0.0074,0.0000,26.219,1,293.15,0
3.1500,9.0367,0.1281,0.5304,8.256,8.251,3765.2,3,0.024,1.000,0.000,0.134,0,13097.7,0.0410,-0.0003,0.0657,16.852,1,293.15,0,18003.6,-0.0232,0.0021,0.0657,36.212,1,293.15,0,5686.9,0.0481,0.0058,0.0000,25.134,1,293.15,0,1885.2,0.0600,0.0055,0.0000,26.599,1,293.15,0
3.1667,9.1750,0.1391,0.5440,8.325,8.319,3795.2,3,0.024,1.000,0.000,0.132,0,14570.6,0.0260,-0.0015,0.0660,16.702,1,293.15,0,18882.7,0.0039,0.0011,0.0660,22.994,1,293.15,0,6534.8,0.0357,-0.0009,0.0000,25.071,1,293.15,0,1811.3,0.0662,-0.0011,0.0000,27.028,1,293.15,0
3.1833,9.3143,0.1507,0.5593,8.474,8.468,3825.2,3,0.024,1.000,0.000,0.130,0,13763.1,0.0381,-0.0032,0.0662,16.728,1,293.15,0,18513.4,-0.1336,-0.0003,0.0662,25.948,1,293.15,0,6717.1,0.0258,-0.0013,0.0000,25.194,1,293.15,0,1991.3,0.0640,0.0007,0.0000,27.410,1,293.15,0
3.2000,9.4544,0.1625,0.5755,8.436,8.430,3855.2,3,0.024,1.000,0.000,0.127,0,12175.0,0.0410,0.0014,0.0663,17.801,1,293.15,0,17274.6,0.0881,0.0035,0.0663,19.781,1,293.15,0,6658.2,0.0241,-0.0037,0.0000,25.391,1,293.15,0,2028.5,0.0795,-0.0037,0.0000,27.674,1,293.15,0
3.2167,9.5956,0.1747,0.5917,8.503,8.495,3885.2,3,0.025,1.000,0.000,0.124,0,10627.9,0.0393,-0.0006,0.0662,18.789,1,293.15,0,16035.0,0.0561,0.0019,0.0662,17.077,1,293.15,0,6315.5,0.0252,-0.0024,0.0000,25.585,1,293.15,0,2107.8,0.0792,-0.0022,0.0000,27.912,1,293.15,0
3.2333,9.7376,0.1872,0.6078,8.589,8.577,3915.2,3,0.025,1.000,0.000,0.121,0,9591.9,0.0417,-0.0008,0.0659,19.620,1,293.15,0,15544.3,-0.0061,0.0017,0.0659,29.642,1,293.15,0,5775.1,0.0251,0.0003,0.0000,25.833,1,293.15,0,1913.1,0.0772,0.0006,0.0000,28.152,1,293.15,0
3.2500,9.8804,0.2000,0.6233,8.659,8.641,3945.2,3,0.025,1.000,0.000,0.118,0,9111.4,0.0436,-0.0012,0.0656,19.956,1,293.15,0,15517.7,-0.0373,0.0015,0.0656,34.596,1,293.15,0,5298.6,0.0282,0.0014,0.0000,26.064,1,293.15,0,1724.4,0.0774,0.0019,0.0000,28.372,1,293.15,0
3.2667,10.0242,0.2134,0.6385,8.657,8.633,3975.2,3,0.026,1.000,0.000,0.114,0,9171.1,0.0446,-0.0011,0.0650,19.900,1,293.15,0,15631.6,0.0223,0.0014,0.0650,18.100,1,293.15,0,5037.0,0.0319,0.0006,0.0000,26.274,1,293.15,0,2632.5,0.0793,0.0006,0.0000,28.517,1,293.15,0
3.2833,10.1686,0.2269,0.6533,8.691,8.660,4005.2,3,0.026,1.000,0.000,0.110,0,9947.4,0.0450,0.0007,0.0643,19.459,1,293.15,0,16014.5,0.0785,0.0025,0.0643,19.479,1,293.15,0,5119.9,0.0329,0.0008,0.0000,26.518,1,293.15,0,2207.2,0.0844,0.0004,0.0000,28.688,1,293.15,0
3.3000,10.3138,0.2409,0.6678,8.752,8.712,4035.2,3,0.026,1.000,0.000,0.106,0,11290.9,0.0454,-0.0002,0.0635,18.808,1,293.15,0,16181.7,0.0269,0.0017,0.0635,15.621,1,293.15,0,5437.5,0.0344,0.0003,0.0000,26.689,1,293.15,0,1562.8,0.0858,0.0003,0.0000,28.932,1,293.15,0
3.3167,10.4596,0.2553,0.6825,8.802,8.754,4065.2,3,0.026,1.000,0.000,0.101,0,12360.0,0.0448,0.0017,0.0626,18.324,1,293.15,0,16547.5,0.0622,0.0033,0.0626,14.531,1,293.15,0,5815.9,0.0328,-0.0020,0.0000,26.824,1,293.15,0,1365.8,0.0900,-0.0019,0.0000,29.200,1,293.15,0
3.3333,10.6064,0.2702,0.6974,8.853,8.798,4095.2,3,0.027,1.000,0.000,0.097,0,12609.5,0.0436,0.0009,0.0615,18.263,1,293.15,0,16348.4,0.0631,0.0027,0.0615,14.662,1,293.15,0,5851.6,0.0313,-0.0032,0.0000,26.983,1,293.15,0,5221.5,0.0766,-0.0028,0.0000,29.220,1,293.15,0
3.3500,10.7571,0.2855,0.7146,9.146,9.094,4086.1,3,0.027,1.000,0.000,0.092,0,13219.2,0.0393,-0.0042,0.0602,18.479,1,293.15,0,14720.7,0.0459,-0.0024,0.0602,14.767,1,293.15,0,14206.9,0.0169,0.0049,0.0000,27.200,1,293.15,0,24944.3,0.0298,0.0038,0.0000,27.552,1,293.15,0
3.3667,10.9122,0.3015,0.7391,9.499,9.478,4066.3,3,0.027,1.000,0.000,0.087,0,15690.2,0.0692,0.0001,0.0589,19.696,1,293.15,0,12542.6,-0.0102,0.0004,0.0589,28.916,1,293.15,0,30952.6,0.0037,0.0002,0.0000,27.477,1,293.15,0,38993.1,-0.0010,-0.0004,0.0000,28.207,1,293.15,0
3.3833,11.0697,0.3180,0.7740,9.645,9.643,4078.0,3,0.028,1.000,0.000,0.081,0,19398.8,0.0295,-0.0004,0.0574,15.893,1,293.15,0,11732.3,-0.0483,-0.0003,0.0574,34.356,1,293.15,0,36510.2,0.0127,0.0015,0.0000,27.289,1,293.15,0,39351.9,0.0061,0.0006,0.0000,27.687,1,293.15,0
3.4000,11.2291,0.3349,0.8166,10.144,10.134,4071.3,3,0.028,1.000,0.000,0.076,0,20023.0,-0.0413,-0.0012,0.0557,38.303,1,293.15,0,12679.2,-0.0874,0.0004,0.0557,35.778,1,293.15,0,28547.2,-0.0034,0.0021,0.0000,27.935,1,293.15,0,30583.4,-0.0093,0.0018,0.0000,29.332,1,293.15,0
3.4167,11.3907,0.3523,0.8613,10.140,10.126,4101.3,3,0.028,1.000,0.000,0.070,0,19126.9,-0.1192,-0.0008,0.0540,35.068,1,293.15,0,14736.7,-0.1000,0.0015,0.0540,34.742,1,293.15,0,14867.3,0.0014,0.0010,0.0000,28.097,1,293.15,0,19070.8,-0.0020,0.0012,0.0000,29.145,1,293.15,0
3.4333,11.5525,0.3701,0.9051,10.183,10.170,4131.3,3,0.029,1.000,0.000,0.064,0,16841.1,-0.1099,0.0002,0.0521,32.397,1,293.15,0,16977.2,-0.0277,0.0027,0.0521,39.549,1,293.15,0,5044.7,0.0027,-0.0002,0.0000,28.189,1,293.15,0,12272.6,0.0009,0.0007,0.0000,29.224,1,293.15,0
3.4500,11.7149,0.3883,0.9473,10.184,10.174,4161.3,3,0.029,1.000,0.000,0.058,0,14540.1,-0.1285,-0.0025,0.0501,31.801,1,293.15,0,18096.2,-0.1141,-0.0001,0.0501,36.813,1,293.15,0,1678.0,0.0068,0.0039,0.0000,28.559,1,293.15,0,7333.0,-0.0001,0.0044,0.0000,29.463,1,293.15,0
3.4667,11.8770,0.4063,0.9878,10.076,10.069,4191.3,3,0.029,1.000,0.000,0.052,0,13944.4,-0.1311,0.0037,0.0480,30.816,1,293.15,0,17811.8,0.1580,0.0045,0.0480,28.613,1,293.15,0,478.6,0.0121,-0.0011,0.0000,28.835,1,293.15,0,3859.1,0.0181,0.0022,0.0000,29.569,1,293.15,0
3.4833,12.0394,0.4247,1.0266,10.166,10.162,4221.3,3,0.029,1.000,0.000,0.046,0,14404.0,-0.1483,-0.0018,0.0458,30.036,1,293.15,0,16868.9,-0.1294,-0.0007,0.0458,31.644,1,293.15,0,0.0,0.0000,0.0000,0.0000,29.156,0,293.15,0,1375.7,0.0126,0.0081,0.0000,29.767,1,293.15,0
3.5000,12.2014,0.4429,1.0635,10.132,10.131,4251.3,3,0.030,1.000,0.000,0.039,0,15643.9,-0.1608,0.0005,0.0435,29.320,1,293.15,0,15756.5,-0.1095,0.0010,0.0435,32.443,1,293.15,0,0.0,0.0000,0.0000,0.0000,29.445,0,293.15,0,566.8,0.0166,0.0078,0.0000,29.920,1,293.15,0
3.5167,12.3629,0.4613,1.0987,9.995,9.994,4281.3,3,0.030,1.000,0.000,0.033,0,16162.3,0.1127,-0.0042,0.0410,24.041,1,293.15,0,15476.2,-0.1378,-0.0031,0.0410,30.653,1,293.15,0,116.4,0.0496,0.0180,0.0000,29.606,1,293.15,0,1093.2,0.0225,0.0154,0.0000,30.074,1,293.15,0
3.5333,12.5244,0.4795,1.1323,9.959,9.958,4311.3,3,0.030,1.000,0.000,0.026,0,16008.6,0.1630,-0.0042,0.0385,26.923,1,293.15,0,15609.3,-0.1641,-0.0029,0.0385,29.556,1,293.15,0,1237.9,0.0543,0.0190,0.0000,29.772,1,293.15,0,2681.9,0.0259,0.0168,0.0000,30.236,1,293.15,0
3.5500,12.6864,0.4980,1.1643,9.929,9.927,4341.3,3,0.031,1.000,0.000,0.020,0,15432.3,-0.0027,0.0008,0.0359,29.229,1,293.15,0,15979.0,0.0756,0.0019,0.0359,22.041,1,293.15,0,3359.1,0.0472,0.0106,0.0000,29.924,1,293.15,0,6685.2,0.0306,0.0106,0.0000,30.129,1,293.15,0
3.5667,12.8501,0.5175,1.1947,10.075,10.069,4369.6,3,0.031,1.000,0.000,0.013,0,14576.9,-0.0952,0.0006,0.0333,33.689,1,293.15,0,16108.4,0.1091,0.0014,0.0333,24.661,1,293.15,0,8986.3,0.0299,0.0037,0.0000,29.826,1,293.15,0,13817.9,0.0120,0.0044,0.0000,29.827,1,293.15,0
3.5833,13.0168,0.5378,1.2254,10.322,10.314,4371.7,3,0.031,1.000,0.000,0.007,0,14855.0,-0.0170,0.0012,0.0305,34.924,1,293.15,0,13651.5,0.0012,0.0011,0.0305,26.880,1,293.15,0,19276.8,0.0004,-0.0020,0.0000,29.881,1,293.15,0,21817.0,0.0018,-0.0021,0.0000,30.251,1,293.15,0
3.6000,13.1858,0.5582,1.2591,10.443,10.440,4401.7,3,0.031,1.000,0.000,-0.000,0,15883.8,-0.1089,0.0019,0.0277,34.081,1,293.15,0,7164.7,0.1018,0.0024,0.0277,27.459,1,293.15,0,26916.8,0.0001,-0.0012,0.0000,30.145,1,293.15,0,26478.8,0.0025,-0.0016,0.0000,30.433,1,293.15,0
3.6167,13.3570,0.5790,1.2967,10.544,10.543,4429.6,3,0.032,1.000,0.000,-0.007,0,15031.1,0.0658,-0.0014,0.0248,21.845,1,293.15,0,0.0,0.0000,0.0000,0.0248,29.092,0,293.15,0,26428.3,0.0056,0.0008,0.0000,30.034,1,293.15,0,27346.5,0.0039,0.0008,0.0000,30.508,1,293.15,0
3.6333,13.5300,0.6001,1.3362,10.754,10.754,4453.4,3,0.032,1.000,0.000,-0.013,0,0.0,0.0000,0.0000,0.0219,31.248,0,293.15,0,0.0,0.0000,0.0000,0.0219,29.092,0,293.15,0,21867.7,0.0008,0.0004,0.0000,30.488,1,293.15,0,23808.7,0.0013,0.0004,0.0000,30.935,1,293.15,0
3.6500,13.7048,0.6215,1.3750,10.832,10.832,4483.4,3,0.032,1.000,0.000,-0.020,0,0.0,0.0000,0.0000,0.0189,31.248,0,293.15,0,0.0,0.0000,0.0000,0.0189,29.092,0,293.15,0,17139.3,0.0025,0.0003,0.0000,30.775,1,293.15,0,18695.9,0.0020,0.0001,0.0000,31.177,1,293.15,0
3.6667,13.8810,0.6432,1.4115,10.878,10.877,4513.4,3,0.033,1.000,0.000,-0.026,0,0.0,0.0000,0.0000,0.0159,31.248,0,293.15,0,0.0,0.0000,0.0000,0.0159,29.092,0,293.15,0,14408.3,0.0032,0.0005,0.0000,31.066,1,293.15,0,15211.2,0.0027,0.0002,0.0000,31.434,1,293.15,0
3.6833,14.0584,0.6651,1.4451,10.916,10.914,4543.4,3,0.033,1.000,0.000,-0.033,0,0.0,0.0000,0.0000,0.0128,31.248,0,293.15,0,0.0,0.0000,0.0000,0.0128,29.092,0,293.15,0,14209.3,0.0032,0.0004,0.0000,31.300,1,293.15,0,14037.4,0.0030,0.0001,0.0000,31.669,1,293.15,0
3.7000,14.2370,0.6873,1.4762,10.962,10.957,4573.4,3,0.033,1.000,0.000,-0.039,0,0.0,0.0000,0.0000,0.0097,31.248,0,293.15,0,0.0,0.0000,0.0000,0.0097,29.092,0,293.15,0,16023.8,0.0028,0.0002,0.0000,31.495,1,293.15,0,15120.8,0.0026,0.0000,0.0000,31.885,1,293.15,0
3.7167,14.4168,0.7096,1.5058,11.027,11.020,4603.4,3,0.033,1.000,0.000,-0.046,0,0.0,0.0000,0.0000,0.0066,31.248,0,293.15,0,0.0,0.0000,0.0000,0.0066,29.092,0,293.15,0,18532.1,0.0022,0.0001,0.0000,31.670,1,293.15,0,17622.4,0.0022,0.0001,0.0000,32.083,1,293.15,0
3.7333,14.5981,0.7322,1.5349,11.109,11.103,4633.4,3,0.034,1.000,0.000,-0.052,0,0.0,0.0000,0.0000,0.0035,31.248,0,293.15,0,0.0,0.0000,0.0000,0.0035,29.092,0,293.15,0,20372.3,0.0019,0.0001,0.0000,31.859,1,293.15,0,20041.2,0.0019,0.0002,0.0000,32.267,1,293.15,0
3.7500,14.7808,0.7550,1.5641,11.199,11.195,4663.4,3,0.034,1.000,0.000,-0.058,0,0.0,0.0000,0.0000,0.0003,31.248,0,293.15,0,0.0,0.0000,0.0000,0.0003,29.092,0,293.15,0,20832.2,0.0018,0.0001,0.0000,32.072,1,293.15,0,21301.1,0.0017,0.0002,0.0000,32.451,1,293.15,0
3.7667,14.9650,0.7782,1.5932,11.286,11.284,4693.4,3,0.034,1.000,0.000,-0.064,0,0.0,0.0000,0.0000,-0.0028,31.248,0,293.15,0,0.0,0.0000,0.0000,-0.0028,29.092,0,293.15,0,20102.8,0.0018,0.0002,0.0000,32.307,1,293.15,0,20987.0,0.0017,0.0002,0.0000,32.649,1,293.15,0
3.7833,15.1506,0.8016,1.6216,11.364,11.362,4723.4,3,0.035,1.000,0.000,-0.070,0,0.0,0.0000,0.0000,-0.0059,31.248,0,293.15,0,0.0,0.0000,0.0000,-0.0059,29.092,0,293.15,0,19038.5,0.0019,0.0002,0.0000,32.548,1,293.15,0,19776.4,0.0018,0.0001,0.0000,32.864,1,293.15,0
3.8000,15.3376,0.8253,1.6488,11.430,11.429,4753.4,3,0.035,1.000,0.000,-0.076,0,0.0,0.0000,0.0000,-0.0090,31.248,0,293.15,0,0.0,0.0000,0.0000,-0.0090,29.092,0,293.15,0,18194.3,0.0020,0.0002,0.0000,32.785,1,293.15,0,18588.3,0.0019,0.0001,0.0000,33.089,1,293.15,0
3.8167,15.5257,0.8492,1.6745,11.492,11.490,4783.4,3,0.035,1.000,0.000,-0.081,0,0.0,0.0000,0.0000,-0.0121,31.248,0,293.15,0,0.0,0.0000,0.0000,-0.0121,29.092,0,293.15,0,18047.6,0.0020,0.0002,0.0000,33.009,1,293.15,0,17981.5,0.0019,0.0001,0.0000,33.313,1,293.15,0
3.8333,15.7151,0.8733,1.6986,11.552,11.551,4813.4,3,0.035,1.000,0.000,-0.087,0,0.0,0.0000,0.0000,-0.0152,31.248,0,293.15,0,0.0,0.0000,0.0000,-0.0152,29.092,0,293.15,0,18291.2,0.0019,0.0002,0.0000,33.227,1,293.15,0,18082.2,0.0018,0.0001,0.0000,33.531,1,293.15,0
3.8500,15.9056,0.8976,1.7215,11.613,11.613,4843.4,3,0.036,1.000,0.000,-0.092,0,0.0,0.0000,0.0000,-0.0182,31.248,0,293.15,0,0.0,0.0000,0.0000,-0.0182,29.092,0,293.15,0,18804.0,0.0018,0.0002,0.0000,33.442,1,293.15,0,18662.9,0.0017,0.0001,0.0000,33.742,1,293.15,0
3.8667,16.0973,0.9221,1.7432,11.677,11.676,4873.4,3,0.036,1.000,0.000,-0.097,0,0.0,0.0000,0.0000,-0.0212,31.248,0,293.15,0,0.0,0.0000,0.0000,-0.0212,29.092,0,293.15,0,19254.7,0.0017,0.0002,0.0000,33.660,1,293.15,0,19328.7,0.0016,0.0002,0.0000,33.950,1,293.15,0
3.8833,16.2901,0.9468,1.7640,11.739,11.739,4903.4,3,0.036,1.000,0.000,-0.101,0,0.0,0.0000,0.0000,-0.0242,31.248,0,293.15,0,0.0,0.0000,0.0000,-0.0242,29.092,0,293.15,0,19362.3,0.0016,0.0001,0.0000,33.882,1,293.15,0,18576.8,0.0015,0.0001,0.0000,34.170,1,293.15,0
3.9000,16.4839,0.9717,1.7833,11.785,11.785,4933.4,3,0.037,1.000,0.000,-0.106,0,0.0,0.0000,0.0000,-0.0271,31.248,0,293.15,0,0.0,0.0000,0.0000,-0.0271,29.092,0,293.15,0,18854.1,0.0017,-0.0003,0.0000,34.063,1,293.15,0,5183.4,0.0042,-0.0000,0.0000,34.538,1,293.15,0
3.9167,16.6782,0.9966,1.8002,11.800,11.799,4963.4,3,0.037,1.000,0.000,-0.110,0,0.0,0.0000,0.0000,-0.0299,31.248,0,293.15,0,0.0,0.0000,0.0000,-0.0299,29.092,0,293.15,0,9583.4,0.0022,-0.0005,0.0000,34.264,1,293.15,0,0.0,0.0000,0.0000,0.0000,34.975,0,293.15,0
3.9333,16.8727,1.0214,1.8144,11.789,11.789,4993.4,3,0.037,1.000,0.000,-0.114,1,0.0,0.0000,0.0000,-0.0326,31.248,0,293.15,0,0.0,0.0000,0.0000,-0.0326,29.092,0,293.15,0,0.0,0.0000,0.0000,0.0000,34.548,0,293.15,0,0.0,0.0000,0.0000,0.0000,35.271,0,293.15,0
3.9500,17.0670,1.0463,1.8259,11.775,11.775,5023.4,3,0.037,1.000,0.000,-0.118,1,0.0,0.0000,0.0000,-0.0353,31.248,0,293.15,0,0.0,0.0000,0.0000,-0.0353,29.092,0,293.15,0,0.0,0.0000,0.0000,0.0000,34.788,0,293.15,0,0.0,0.0000,0.0000,0.0000,35.488,0,293.15,0
3.9667,17.2613,1.0711,1.8347,11.764,11.764,5053.4,3,0.038,1.000,0.000,-0.121,1,0.0,0.0000,0.0000,-0.0379,31.248,0,293.15,0,0.0,0.0000,0.0000,-0.0379,29.092,0,293.15,0,0.0,0.0000,0.0000,0.0000,35.012,0,293.15,0,0.0,0.0000,0.0000,0.0000,35.690,0,293.15,0
3.9833,17.4556,1.0960,1.8407,11.755,11.754,5083.4,3,0.038,1.000,0.000,-0.124,1,0.0,0.0000,0.0000,-0.0405,31.248,0,293.15,0,0.0,0.0000,0.0000,-0.0405,29.092,0,293.15,0,0.0,0.0000,0.0000,0.0000,35.234,0,293.15,0,0.0,0.0000,0.0000,0.0000,35.890,0,293.15,0
4.0000,17.6498,1.1208,1.8441,11.748,11.748,5113.4,3,0.038,1.000,0.000,-0.127,1,0.0,0.0000,0.0000,-0.0429,31.248,0,293.15,0,0.0,0.0000,0.0000,-0.0429,29.092,0,293.15,0,0.0,0.0000,0.0000,0.0000,35.456,0,293.15,0,0.0,0.0000,0.0000,0.0000,36.090,0,293.15,0
4.0167,17.8439,1.1456,1.8446,11.743,11.743,5143.4,3,0.038,1.000,0.000,-0.130,1,0.0,0.0000,0.0000,-0.0452,31.248,0,293.15,0,0.0,0.0000,0.0000,-0.0452,29.092,0,293.15,0,0.0,0.0000,0.0000,0.0000,35.678,0,293.15,0,0.0,0.0000,0.0000,0.0000,36.290,0,293.15,0
4.0333,18.0380,1.1704,1.8425,11.741,11.741,5173.4,3,0.039,1.000,0.000,-0.132,1,0.0,0.0000,0.0000,-0.0475,31.248,0,293.15,0,0.0,0.0000,0.0000,-0.0475,29.092,0,293.15,0,0.0,0.0000,0.0000,0.0000,35.899,0,293.15,0,0.0,0.0000,0.0000,0.0000,36.490,0,293.15,0
4.0500,18.2321,1.1953,1.8376,11.741,11.741,5203.4,3,0.039,1.000,0.000,-0.134,1,0.0,0.0000,0.0000,-0.0496,31.248,0,293.15,0,0.0,0.0000,0.0000,-0.0496,29.092,0,293.15,0,0.0,0.0000,0.0000,0.0000,36.120,0,293.15,0,0.0,0.0000,0.0000,0.0000,36.690,0,293.15,0
4.0667,18.4261,1.2201,1.8300,11.743,11.743,5233.4,3,0.039,1.000,0.000,-0.136,1,0.0,0.0000,0.0000,-0.0516,31.248,0,293.15,0,0.0,0.0000,0.0000,-0.0516,29.092,0,293.15,0,0.0,0.0000,0.0000,0.0000,36.342,0,293.15,0,0.0,0.0000,0.0000,0.0000,36.890,0,293.15,0
4.0833,18.6200,1.2449,1.8197,11.748,11.748,5263.4,3,0.040,1.000,0.000,-0.137,1,0.0,0.0000,0.0000,-0.0535,31.248,0,293.15,0,0.0,0.0000,0.0000,-0.0535,29.092,0,293.15,0,0.0,0.0000,0.0000,0.0000,36.563,0,293.15,0,0.0,0.0000,0.0000,0.0000,37.090,0,293.15,0
4.1000,18.8139,1.2697,1.8067,11.755,11.755,5293.4,3,0.040,1.000,0.000,-0.139,1,0.0,0.0000,0.0000,-0.0552,31.248,0,293.15,0,0.0,0.0000,0.0000,-0.0552,29.092,0,293.15,0,0.0,0.0000,0.0000,0.0000,36.784,0,293.15,0,0.0,0.0000,0.0000,0.0000,37.291,0,293.15,0
4.1167,19.0077,1.2944,1.7910,11.764,11.764,5323.4,3,0.040,1.000,0.000,-0.139,1,0.0,0.0000,0.0000,-0.0569,31.248,0,293.15,0,0.0,0.0000,0.0000,-0.0569,29.092,0,293.15,0,0.0,0.0000,0.0000,0.0000,37.005,0,293.15,0,0.0,0.0000,0.0000,0.0000,37.491,0,293.15,0
4.1333,19.2015,1.3192,1.7725,11.775,11.775,5353.4,3,0.040,1.000,0.000,-0.140,1,0.0,0.0000,0.0000,-0.0584,31.248,0,293.15,0,0.0,0.0000,0.0000,-0.0584,29.092,0,293.15,0,0.0,0.0000,0.0000,0.0000,37.225,0,293.15,0,0.0,0.0000,0.0000,0.0000,37.692,0,293.15,0
4.1500,19.3952,1.3440,1.7513,11.789,11.788,5383.4,3,0.041,1.000,0.000,-0.140,1,0.0,0.0000,0.0000,-0.0598,31.248,0,293.15,0,0.0,0.0000,0.0000,-0.0598,29.092,0,293.15,0,0.0,0.0000,0.0000,0.0000,37.446,0,293.15,0,0.0,0.0000,0.0000,0.0000,37.893,0,293.15,0
4.1667,19.5889,1.3688,1.7274,11.804,11.804,5413.4,3,0.041,1.000,0.000,-0.140,1,0.0,0.0000,0.0000,-0.0610,31.248,0,293.15,0,0.0,0.0000,0.0000,-0.0610,29.092,0,293.15,0,0.0,0.0000,0.0000,0.0000,37.667,0,293.15,0,0.0,0.0000,0.0000,0.0000,38.093,0,293.15,0
4.1833,19.7825,1.3935,1.7007,11.822,11.822,5443.4,3,0.041,1.000,0.000,-0.139,1,0.0,0.0000,0.0000,-0.0622,31.248,0,293.15,0,0.0,0.0000,0.0000,-0.0622,29.092,0,293.15,0,0.0,0.0000,0.0000,0.0000,37.887,0,293.15,0,0.0,0.0000,0.0000,0.0000,38.294,0,293.15,0
4.2000,19.9760,1.4183,1.6714,11.843,11.842,5473.4,3,0.042,1.000,0.000,-0.139,1,0.0,0.0000,0.0000,-0.0631,31.248,0,293.15,0,0.0,0.0000,0.0000,-0.0631,29.092,0,293.15,0,0.0,0.0000,0.0000,0.0000,38.108,0,293.15,0,0.0,0.0000,0.0000,0.0000,38.495,0,293.15,0
4.2167,20.1696,1.4430,1.6393,11.865,11.865,5503.4,3,0.042,1.000,0.000,-0.137,1,0.0,0.0000,0.0000,-0.0639,31.248,0,293.15,0,0.0,0.0000,0.0000,-0.0639,29.092,0,293.15,0,0.0,0.0000,0.0000,0.0000,38.328,0,293.15,0,0.0,0.0000,0.0000,0.0000,38.696,0,293.15,0
4.2333,20.3630,1.4678,1.6046,11.890,11.889,5533.4,3,0.042,1.000,0.000,-0.136,1,0.0,0.0000,0.0000,-0.0646,31.248,0,293.15,0,0.0,0.0000,0.0000,-0.0646,29.092,0,293.15,0,0.0,0.0000,0.0000,0.0000,38.548,0,293.15,0,0.0,0.0000,0.0000,0.0000,38.898,0,293.15,0
4.2500,20.5564,1.4925,1.5671,11.916,11.916,5563.4,3,0.042,1.000,0.000,-0.134,1,0.0,0.0000,0.0000,-0.0652,31.248,0,293.15,0,0.0,0.0000,0.0000,-0.0652,29.092,0,293.15,0,0.0,0.0000,0.0000,0.0000,38.768,0,293.15,0,0.0,0.0000,0.0000,0.0000,39.099,0,293.15,0
4.2667,20.7498,1.5172,1.5269,11.945,11.945,5593.4,3,0.043,1.000,0.000,-0.132,1,0.0,0.0000,0.0000,-0.0656,31.248,0,293.15,0,0.0,0.0000,0.0000,-0.0656,29.092,0,293.15,0,0.0,0.0000,0.0000,0.0000,38.988,0,293.15,0,0.0,0.0000,0.0000,0.0000,39.300,0,293.15,0
4.2833,20.9431,1.5419,1.4839,11.976,11.976,5623.4,3,0.043,1.000,0.000,-0.130,1,0.0,0.0000,0.0000,-0.0658,31.248,0,293.15,0,0.0,0.0000,0.0000,-0.0658,29.092,0,293.15,0,0.0,0.0000,0.0000,0.0000,39.208,0,293.15,0,0.0,0.0000,0.0000,0.0000,39.502,0,293.15,0
4.3000,21.1363,1.5666,1.4383,12.010,12.009,5653.4,3,0.043,1.000,0.000,-0.127,1,0.0,0.0000,0.0000,-0.0659,31.248,0,293.15,0,0.0,0.0000,0.0000,-0.0659,29.092,0,293.15,0,0.0,0.0000,0.0000,0.0000,39.428,0,293.15,0,0.0,0.0000,0.0000,0.0000,39.703,0,293.15,0
4.3167,21.3295,1.5913,1.3899,12.045,12.044,5683.4,3,0.044,1.000,0.000,-0.124,1,0.0,0.0000,0.0000,-0.0658,31.248,0,293.15,0,0.0,0.0000,0.0000,-0.0658,29.092,0,293.15,0,0.0,0.0000,0.0000,0.0000,39.648,0,293.15,0,0.0,0.0000,0.0000,0.0000,39.905,0,293.15,0
4.3333,21.5226,1.6160,1.3389,12.082,12.081,5713.4,3,0.044,1.000,0.000,-0.121,1,0.0,0.0000,0.0000,-0.0656,31.248,0,293.15,0,0.0,0.0000,0.0000,-0.0656,29.092,0,293.15,0,0.0,0.0000,0.0000,0.0000,39.867,0,293.15,0,0.0,0.0000,0.0000,0.0000,40.107,0,293.15,0
4.3500,21.7157,1.6407,1.2851,12.121,12.120,5743.4,3,0.044,1.000,0.000,-0.118,1,0.0,0.0000,0.0000,-0.0653,31.248,0,293.15,0,0.0,0.0000,0.0000,-0.0653,29.092,0,293.15,0,0.0,0.0000,0.0000,0.0000,40.087,0,293.15,0,0.0,0.0000,0.0000,0.0000,40.309,0,293.15,0
4.3667,21.9087,1.6654,1.2286,12.163,12.161,5773.4,3,0.044,1.000,0.000,-0.114,1,0.0,0.0000,0.0000,-0.0648,31.248,0,293.15,0,0.0,0.0000,0.0000,-0.0648,29.092,0,293.15,0,0.0,0.0000,0.0000,0.0000,40.306,0,293.15,0,0.0,0.0000,0.0000,0.0000,40.511,0,293.15,0
4.3833,22.1017,1.6901,1.1695,12.206,12.204,5803.4,3,0.045,1.000,0.000,-0.110,1,0.0,0.0000,0.0000,-0.0641,31.248,0,293.15,0,0.0,0.0000,0.0000,-0.0641,29.092,0,293.15,0,0.0,0.0000,0.0000,0.0000,40.526,0,293.15,0,0.0,0.0000,0.0000,0.0000,40.713,0,293.15,0
4.4000,22.2946,1.7147,1.1076,12.252,12.249,5833.4,3,0.045,1.000,0.000,-0.106,1,0.0,0.0000,0.0000,-0.0633,31.248,0,293.15,0,0.0,0.0000,0.0000,-0.0633,29.092,0,293.15,0,0.0,0.0000,0.0000,0.0000,40.745,0,293.15,0,0.0,0.0000,0.0000,0.0000,40.915,0,293.15,0
4.4167,22.4875,1.7394,1.0430,12.299,12.297,5863.4,3,0.045,1.000,0.000,-0.101,1,0.0,0.0000,0.0000,-0.0624,31.248,0,293.15,0,0.0,0.0000,0.0000,-0.0624,29.092,0,293.15,0,0.0,0.0000,0.0000,0.0000,40.964,0,293.15,0,0.0,0.0000,0.0000,0.0000,41.117,0,293.15,0
4.4333,22.6803,1.7641,0.9757,12.348,12.345,5893.4,3,0.045,1.000,0.000,-0.097,1,0.0,0.0000,0.0000,-0.0613,31.248,0,293.15,0,25.1,0.0000,0.0000,-0.0613,29.091,0,293.15,0,0.0,0.0000,0.0000,0.0000,41.183,0,293.15,0,0.0,0.0000,0.0000,0.0000,41.319,0,293.15,0
4.4500,22.8723,1.7860,0.9118,12.233,12.219,5923.4,3,0.046,1.000,0.000,-0.092,0,0.0,0.0000,0.0000,-0.0601,31.248,0,293.15,0,41104.2,-0.0140,-0.0204,-0.0601,52.629,1,293.15,0,0.0,0.0000,0.0000,0.0000,41.402,0,293.15,0,0.0,0.0000,0.0000,0.0000,41.522,0,293.15,0
4.4667,23.0639,1.8080,0.8639,11.881,11.800,5953.4,3,0.046,1.000,0.000,-0.087,0,35062.0,-0.1536,-0.0020,-0.0587,30.451,1,293.15,0,56070.3,0.1245,0.0000,-0.0587,34.663,1,293.15,0,0.0,0.0000,0.0000,0.0000,41.621,0,293.15,0,0.0,0.0000,0.0000,0.0000,41.724,0,293.15,0
4.4833,23.2540,1.8296,0.8371,11.468,11.224,5983.4,3,0.046,1.000,0.000,-0.081,0,59807.7,0.0192,0.0000,-0.0572,14.319,1,293.15,0,37876.3,0.2469,-0.0042,-0.0572,42.527,1,293.15,0,0.0,0.0000,0.0000,0.0000,41.840,0,293.15,0,0.0,0.0000,0.0000,0.0000,41.927,0,293.15,0
4.5000,23.4435,1.8505,0.8235,11.376,11.048,6013.4,3,0.047,1.000,0.000,-0.076,0,43447.5,0.0461,-0.0005,-0.0556,30.781,1,293.15,0,10331.8,0.1240,-0.0008,-0.0556,31.481,1,293.15,0,0.0,0.0000,0.0000,0.0000,42.059,0,293.15,0,0.0,0.0000,0.0000,0.0000,42.129,0,293.15,0
4.5167,23.6324,1.8706,0.8115,11.383,11.131,6043.4,3,0.047,1.000,0.000,-0.070,0,8396.6,0.1458,-0.0032,-0.0539,34.965,1,293.15,0,0.0,0.0000,0.0000,-0.0539,35.274,0,293.15,0,0.0,0.0000,0.0000,0.0000,42.278,0,293.15,0,0.0,0.0000,0.0000,0.0000,42.332,0,293.15,0
4.5333,23.8213,1.8905,0.7969,11.433,11.279,6073.4,3,0.047,1.000,0.000,-0.064,1,0.0,0.0000,0.0000,-0.0520,36.330,0,293.15,0,0.0,0.0000,0.0000,-0.0520,35.274,0,293.15,0,0.0,0.0000,0.0000,0.0000,42.496,0,293.15,0,0.0,0.0000,0.0000,0.0000,42.535,0,293.15,0
4.5500,24.0102,1.9104,0.7796,11.444,11.364,6103.4,3,0.047,1.000,0.000,-0.058,1,0.0,0.0000,0.0000,-0.0500,36.330,0,293.15,0,0.0,0.0000,0.0000,-0.0500,35.274,0,293.15,0,0.0,0.0000,0.0000,0.0000,42.715,0,293.15,0,0.0,0.0000,0.0000,0.0000,42.738,0,293.15,0
4.5667,24.1990,1.9304,0.7596,11.458,11.427,6133.4,3,0.048,1.000,0.000,-0.052,1,0.0,0.0000,0.0000,-0.0479,36.330,0,293.15,0,0.0,0.0000,0.0000,-0.0479,35.274,0,293.15,0,0.0,0.0000,0.0000,0.0000,42.933,0,293.15,0,0.0,0.0000,0.0000,0.0000,42.941,0,293.15,0
4.5833,24.3878,1.9503,0.7369,11.473,11.468,6163.4,3,0.048,1.000,0.000,-0.046,1,0.0,0.0000,0.0000,-0.0457,36.330,0,293.15,0,0.0,0.0000,0.0000,-0.0457,35.274,0,293.15,0,0.0,0.0000,0.0000,0.0000,43.148,0,293.15,0,0.0,0.0000,0.0000,0.0000,43.148,0,293.15,0
4.6000,24.5765,1.9702,0.7114,11.491,11.486,6193.4,3,0.048,1.000,0.000,-0.039,1,0.0,0.0000,0.0000,-0.0434,36.330,0,293.15,0,0.0,0.0000,0.0000,-0.0434,35.274,0,293.15,0,0.0,0.0000,0.0000,0.0000,43.358,0,293.15,0,0.0,0.0000,0.0000,0.0000,43.358,0,293.15,0
4.6167,24.7652,1.9901,0.6832,11.511,11.483,6223.4,3,0.049,1.000,0.000,-0.033,1,0.0,0.0000,0.0000,-0.0410,36.330,0,293.15,0,0.0,0.0000,0.0000,-0.0410,35.274,0,293.15,0,0.0,0.0000,0.0000,0.0000,43.569,0,293.15,0,0.0,0.0000,0.0000,0.0000,43.569,0,293.15,0
4.6333,24.9538,2.0101,0.6523,11.533,11.458,6253.4,3,0.049,1.000,0.000,-0.026,1,0.0,0.0000,0.0000,-0.0385,36.330,0,293.15,0,0.0,0.0000,0.0000,-0.0385,35.274,0,293.15,0,0.0,0.0000,0.0000,0.0000,43.780,0,293.15,0,0.0,0.0000,0.0000,0.0000,43.780,0,293.15,0
4.6500,25.1424,2.0300,0.6187,11.558,11.410,6283.4,3,0.049,1.000,0.000,-0.020,1,0.0,0.0000,0.0000,-0.0359,36.330,0,293.15,0,0.0,0.0000,0.0000,-0.0359,35.274,0,293.15,0,0.0,0.0000,0.0000,0.0000,43.991,0,293.15,0,0.0,0.0000,0.0000,0.0000,43.990,0,293.15,0
4.6667,25.3309,2.0499,0.5824,11.585,11.341,6313.4,3,0.049,1.000,0.000,-0.013,1,0.0,0.0000,0.0000,-0.0332,36.330,0,293.15,0,0.0,0.0000,0.0000,-0.0332,35.274,0,293.15,0,0.0,0.0000,0.0000,0.0000,44.201,0,293.15,0,0.0,0.0000,0.0000,0.0000,44.201,0,293.15,0
4.6833,25.5194,2.0698,0.5434,11.614,11.250,6343.4,3,0.050,1.000,0.000,-0.007,1,0.0,0.0000,0.0000,-0.0305,36.330,0,293.15,0,0.0,0.0000,0.0000,-0.0305,35.274,0,293.15,0,0.0,0.0000,0.0000,0.0000,44.412,0,293.15,0,0.0,0.0000,0.0000,0.0000,44.412,0,293.15,0
4.7000,25.7084,2.0890,0.5049,11.629,11.199,6373.4,3,0.050,1.000,0.000,0.000,0,0.0,0.0000,0.0000,-0.0277,36.330,0,293.15,0,0.0,0.0000,0.0000,-0.0277,35.274,0,293.15,0,0.0,0.0000,0.0000,0.0000,44.835,0,293.15,0,23110.8,0.2071,-0.0262,0.0000,43.277,1,293.15,0
4.7167,25.8997,2.1059,0.4771,11.646,11.328,6370.3,3,0.050,1.000,0.000,0.007,0,0.0,0.0000,0.0000,-0.0248,36.330,0,293.15,0,0.0,0.0000,0.0000,-0.0248,35.274,0,293.15,0,2533.3,0.2394,0.0014,0.0000,45.279,1,293.15,0,52646.2,0.2231,0.0110,0.0000,42.060,1,293.15,0
4.7333,26.0951,2.1243,0.4671,11.817,11.686,6327.0,3,0.050,1.000,0.000,0.013,0,0.0,0.0000,0.0000,-0.0219,36.330,0,293.15,0,0.0,0.0000,0.0000,-0.0219,35.274,0,293.15,0,39569.4,0.2108,0.0034,0.0000,44.573,1,293.15,0,44043.4,0.2367,0.0077,0.0000,41.574,1,293.15,0
4.7500,26.2949,2.1426,0.4721,12.074,12.039,6283.6,3,0.051,1.000,0.000,0.020,0,0.0,0.0000,0.0000,-0.0189,36.330,0,293.15,0,0.0,0.0000,0.0000,-0.0189,35.274,0,293.15,0,38577.7,0.2387,0.0024,0.0000,44.060,1,293.15,0,19355.0,0.2351,-0.0001,0.0000,41.652,1,293.15,0
4.7667,26.4988,2.1609,0.4828,12.335,12.322,6240.3,3,0.051,1.000,0.000,0.026,0,0.0,0.0000,0.0000,-0.0159,36.330,0,293.15,0,0.0,0.0000,0.0000,-0.0159,35.274,0,293.15,0,31092.6,0.2320,-0.0026,0.0000,43.702,1,293.15,0,2895.2,0.1930,-0.0045,0.0000,41.831,1,293.15,0
4.7833,26.7053,2.1785,0.4941,12.468,12.459,6223.0,3,0.051,1.000,0.000,0.033,0,0.0,0.0000,0.0000,-0.0128,36.330,0,293.15,0,0.0,0.0000,0.0000,-0.0128,35.274,0,293.15,0,15546.3,0.2228,-0.0017,0.0000,42.966,1,293.15,0,0.0,0.0000,0.0000,0.0000,42.913,0,293.15,0
4.8000,26.9139,2.1960,0.5030,12.591,12.581,6239.2,3,0.051,1.000,0.000,0.039,0,0.0,0.0000,0.0000,-0.0097,36.330,0,293.15,0,0.0,0.0000,0.0000,-0.0097,35.274,0,293.15,0,2683.7,0.1755,-0.0068,0.0000,42.377,1,293.15,0,0.0,0.0000,0.0000,0.0000,44.020,0,293.15,0
4.8167,27.1230,2.2135,0.5091,12.595,12.584,6269.2,3,0.052,1.000,0.000,0.046,1,0.0,0.0000,0.0000,-0.0066,36.330,0,293.15,0,0.0,0.0000,0.0000,-0.0066,35.274,0,293.15,0,0.0,0.0000,0.0000,0.0000,42.849,0,293.15,0,0.0,0.0000,0.0000,0.0000,44.697,0,293.15,0
4.8333,27.3321,2.2310,0.5125,12.588,12.575,6299.2,3,0.052,1.000,0.000,0.052,1,0.0,0.0000,0.0000,-0.0035,36.330,0,293.15,0,0.0,0.0000,0.0000,-0.0035,35.274,0,293.15,0,0.0,0.0000,0.0000,0.0000,43.181,0,293.15,0,0.0,0.0000,0.0000,0.0000,44.986,0,293.15,0
4.8500,27.5411,2.2485,0.5132,12.583,12.569,6329.2,3,0.052,1.000,0.000,0.058,1,0.0,0.0000,0.0000,-0.0003,36.330,0,293.15,0,0.0,0.0000,0.0000,-0.0003,35.274,0,293.15,0,0.0,0.0000,0.0000,0.0000,43.424,0,293.15,0,0.0,0.0000,0.0000,0.0000,45.195,0,293.15,0
4.8667,27.7500,2.2660,0.5112,12.580,12.564,6359.2,3,0.053,1.000,0.000,0.064,1,0.0,0.0000,0.0000,0.0028,36.330,0,293.15,0,0.0,0.0000,0.0000,0.0028,35.274,0,293.15,0,0.0,0.0000,0.0000,0.0000,43.654,0,293.15,0,0.0,0.0000,0.0000,0.0000,45.391,0,293.15,0
4.8833,27.9589,2.2835,0.5064,12.579,12.562,6389.2,3,0.053,1.000,0.000,0.070,1,0.0,0.0000,0.0000,0.0059,36.330,0,293.15,0,0.0,0.0000,0.0000,0.0059,35.274,0,293.15,0,0.0,0.0000,0.0000,0.0000,43.881,0,293.15,0,0.0,0.0000,0.0000,0.0000,45.586,0,293.15,0
4.9000,28.1677,2.3010,0.4989,12.581,12.562,6419.2,3,0.053,1.000,0.000,0.076,1,0.0,0.0000,0.0000,0.0090,36.330,0,293.15,0,0.0,0.0000,0.0000,0.0090,35.274,0,293.15,0,0.0,0.0000,0.0000,0.0000,44.108,0,293.15,0,0.0,0.0000,0.0000,0.0000,45.781,0,293.15,0
4.9167,28.3764,2.3185,0.4887,12.584,12.563,6449.2,3,0.053,1.000,0.000,0.081,1,0.0,0.0000,0.0000,0.0121,36.330,0,293.15,0,0.0,0.0000,0.0000,0.0121,35.274,0,293.15,0,0.0,0.0000,0.0000,0.0000,44.335,0,293.15,0,0.0,0.0000,0.0000,0.0000,45.975,0,293.15,0
4.9333,28.5851,2.3360,0.4757,12.590,12.567,6479.2,3,0.054,1.000,0.000,0.087,1,0.0,0.0000,0.0000,0.0152,36.330,0,293.15,0,0.0,0.0000,0.0000,0.0152,35.274,0,293.15,0,0.0,0.0000,0.0000,0.0000,44.561,0,293.15,0,0.0,0.0000,0.0000,0.0000,46.170,0,293.15,0
4.9500,28.7937,2.3535,0.4600,12.597,12.573,6509.2,3,0.054,1.000,0.000,0.092,1,0.0,0.0000,0.0000,0.0182,36.330,0,293.15,0,4.3,0.0000,0.0000,0.0182,35.274,0,293.15,0,0.0,0.0000,0.0000,0.0000,44.788,0,293.15,0,0.0,0.0000,0.0000,0.0000,46.365,0,293.15,0
4.9667,29.0023,2.3710,0.4437,12.594,12.575,6539.2,3,0.054,1.000,0.000,0.097,0,0.0,0.0000,0.0000,0.0212,36.330,0,293.15,0,5725.4,-0.0039,0.0193,0.0212,36.807,1,293.15,0,0.0,0.0000,0.0000,0.0000,45.014,0,293.15,0,0.0,0.0000,0.0000,0.0000,46.560,0,293.15,0
4.9833,29.2108,2.3899,0.4287,12.632,12.620,6569.2,3,0.054,1.000,0.000,0.101,0,0.0,0.0000,0.0000,0.0242,36.330,0,293.15,0,17764.7,-0.1325,0.0126,0.0242,38.980,1,293.15,0,0.0,0.0000,0.0000,0.0000,45.240,0,293.15,0,0.0,0.0000,0.0000,0.0000,46.756,0,293.15,0
5.0000,29.4183,2.4109,0.4156,12.588,12.580,6599.2,3,0.055,1.000,0.000,0.106,0,0.0,0.0000,0.0000,0.0271,36.330,0,293.15,0,19286.4,-0.0694,0.0009,0.0271,43.612,1,293.15,0,0.0,0.0000,0.0000,0.0000,45.466,0,293.15,0,0.0,0.0000,0.0000,0.0000,46.951,0,293.15,0
5.0167,29.6260,2.4322,0.4033,12.494,12.488,6629.2,3,0.055,1.000,0.000,0.110,0,1603.1,-0.0000,0.0002,0.0299,36.342,1,293.15,0,10675.8,0.1576,0.0020,0.0299,35.152,1,293.15,0,0.0,0.0000,0.0000,0.0000,45.692,0,293.15,0,0.0,0.0000,0.0000,0.0000,47.147,0,293.15,0
5.0333,29.8336,2.4535,0.3924,12.530,12.525,6659.2,3,0.055,1.000,0.000,0.114,0,11040.0,-0.0051,0.0021,0.0327,37.841,1,293.15,0,3278.3,0.0269,0.0020,0.0327,37.380,1,293.15,0,0.0,0.0000,0.0000,0.0000,45.917,0,293.15,0,0.0,0.0000,0.0000,0.0000,47.342,0,293.15,0
5.0500,30.0413,2.4752,0.3829,12.573,12.569,6689.2,3,0.055,1.000,0.000,0.118,0,18036.2,-0.1109,0.0029,0.0353,39.769,1,293.15,0,1706.4,-0.0038,0.0033,0.0353,37.188,1,293.15,0,0.0,0.0000,0.0000,0.0000,46.143,0,293.15,0,0.0,0.0000,0.0000,0.0000,47.538,0,293.15,0
5.0667,30.2480,2.4970,0.3741,12.534,12.529,6719.2,3,0.056,1.000,0.000,0.121,0,12973.4,-0.0736,0.0014,0.0379,43.185,1,293.15,0,1549.5,-0.0025,0.0042,0.0379,37.127,1,293.15,0,0.0,0.0000,0.0000,0.0000,46.368,0,293.15,0,0.0,0.0000,0.0000,0.0000,47.734,0,293.15,0
5.0833,30.4550,2.5190,0.3643,12.510,12.500,6749.2,3,0.056,1.000,0.000,0.124,0,5616.5,-0.0401,0.0047,0.0405,37.762,1,293.15,0,1796.3,-0.0017,0.0062,0.0405,37.099,1,293.15,0,0.0,0.0000,0.0000,0.0000,46.593,0,293.15,0,0.0,0.0000,0.0000,0.0000,47.931,0,293.15,0
5.1000,30.6618,2.5411,0.3527,12.500,12.477,6779.2,3,0.056,1.000,0.000,0.127,0,1519.9,-0.0013,0.0085,0.0429,36.288,1,293.15,0,1998.3,-0.0012,0.0090,0.0429,37.080,1,293.15,0,282.6,0.2792,0.0006,0.0000,46.563,1,293.15,0,357.2,0.2891,0.0008,0.0000,47.859,1,293.15,0
5.1167,30.8701,2.5636,0.3433,12.608,12.591,6772.9,3,0.056,1.000,0.000,0.130,0,436.6,-0.0069,0.0115,0.0452,36.485,1,293.15,0,2108.7,-0.0067,0.0120,0.0452,37.371,1,293.15,0,8414.0,0.2359,0.0029,0.0000,45.898,1,293.15,0,12585.8,0.2319,0.0027,0.0000,46.862,1,293.15,0
5.1333,31.0827,2.5870,0.3393,12.867,12.861,6729.6,3,0.056,1.000,0.000,0.132,0,559.3,-0.0122,0.0161,0.0475,37.239,1,293.15,0,1813.1,-0.0081,0.0166,0.0475,38.061,1,293.15,0,16141.7,0.2134,0.0003,0.0000,45.538,1,293.15,0,20408.4,0.2173,0.0005,0.0000,46.461,1,293.15,0
5.1500,31.2996,2.6112,0.3410,13.133,13.131,6686.3,3,0.057,1.000,0.000,0.134,0,1111.2,-0.0114,0.0195,0.0496,38.042,1,293.15,0,1643.5,-0.0095,0.0202,0.0496,38.808,1,293.15,0,15954.3,0.1953,0.0003,0.0000,45.290,1,293.15,0,17206.4,0.2007,0.0004,0.0000,46.162,1,293.15,0
5.1667,31.5214,2.6363,0.3459,13.435,13.432,6642.9,3,0.057,1.000,0.000,0.136,0,2886.2,-0.0097,0.0214,0.0516,39.089,1,293.15,0,1827.1,-0.0106,0.0227,0.0516,39.683,1,293.15,0,9552.3,0.1680,0.0009,0.0000,44.974,1,293.15,0,9448.0,0.1688,0.0009,0.0000,45.764,1,293.15,0
5.1833,31.7475,2.6622,0.3507,13.682,13.679,6600.4,3,0.057,1.000,0.000,0.137,0,1920.6,-0.0041,0.0232,0.0535,39.736,1,293.15,0,2369.2,-0.0067,0.0230,0.0535,40.553,1,293.15,0,3285.9,0.1418,0.0023,0.0000,45.180,1,293.15,0,3225.5,0.1372,0.0022,0.0000,45.937,1,293.15,0
5.2000,31.9747,2.6888,0.3537,13.726,13.724,6620.3,3,0.057,1.000,0.000,0.139,0,2012.4,-0.0013,0.0230,0.0552,39.871,1,293.15,0,3015.4,-0.0016,0.0236,0.0552,40.772,1,293.15,0,360.6,0.1430,0.0045,0.0000,45.615,1,293.15,0,473.6,0.1353,0.0044,0.0000,46.329,1,293.15,0
5.2167,32.2017,2.7158,0.3553,13.719,13.717,6650.3,3,0.058,1.000,0.000,0.139,0,2540.7,-0.0007,0.0224,0.0569,39.792,1,293.15,0,3634.8,-0.0015,0.0233,0.0569,40.819,1,293.15,0,0.0,0.0000,0.0000,0.0000,46.138,0,293.15,0,0.0,0.0000,0.0000,0.0000,46.820,0,293.15,0
5.2333,32.4286,2.7435,0.3555,13.711,13.710,6680.3,3,0.058,1.000,0.000,0.140,0,3010.4,-0.0007,0.0211,0.0584,39.700,1,293.15,0,4025.6,-0.0014,0.0222,0.0584,40.886,1,293.15,0,0.0,0.0000,0.0000,0.0000,46.436,0,293.15,0,0.0,0.0000,0.0000,0.0000,47.094,0,293.15,0
5.2500,32.6552,2.7717,0.3546,13.703,13.702,6710.3,3,0.058,1.000,0.000,0.140,0,3216.4,-0.0007,0.0196,0.0598,39.603,1,293.15,0,4139.9,-0.0013,0.0209,0.0598,40.952,1,293.15,0,0.0,0.0000,0.0000,0.0000,46.734,0,293.15,0,449.7,0.1473,0.0139,0.0000,46.978,1,293.15,0
5.2667,32.8816,2.8007,0.3527,13.696,13.694,6740.3,3,0.058,1.000,0.000,0.140,0,3378.9,-0.0008,0.0185,0.0610,39.511,1,293.15,0,3851.7,-0.0014,0.0202,0.0610,41.008,1,293.15,0,39.9,0.1904,0.0185,0.0000,47.008,1,293.15,0,707.8,0.1427,0.0177,0.0000,46.896,1,293.15,0
5.2833,33.1079,2.8303,0.3502,13.694,13.692,6770.3,3,0.059,1.000,0.000,0.139,0,3416.8,-0.0010,0.0180,0.0622,39.443,1,293.15,0,3495.6,-0.0016,0.0198,0.0622,41.068,1,293.15,0,1245.7,0.1860,0.0219,0.0000,47.001,1,293.15,0,1693.4,0.1406,0.0211,0.0000,46.989,1,293.15,0
5.3000,33.3349,2.8609,0.3478,13.751,13.750,6791.7,3,0.059,1.000,0.000,0.139,0,3130.4,-0.0028,0.0183,0.0631,39.586,1,293.15,0,3347.7,-0.0028,0.0201,0.0631,41.271,1,293.15,0,3240.6,0.1813,0.0234,0.0000,46.896,1,293.15,0,3710.4,0.1353,0.0225,0.0000,46.954,1,293.15,0
5.3167,33.5640,2.8930,0.3462,13.898,13.897,6778.8,3,0.059,1.000,0.000,0.137,0,2767.2,-0.0046,0.0191,0.0639,40.012,1,293.15,0,3294.5,-0.0038,0.0208,0.0639,41.698,1,293.15,0,4959.5,0.1674,0.0223,0.0000,46.716,1,293.15,0,5896.9,0.1223,0.0214,0.0000,46.751,1,293.15,0
5.3333,33.7961,2.9270,0.3456,14.105,14.104,6747.5,3,0.059,1.000,0.000,0.136,0,2424.1,-0.0064,0.0199,0.0646,40.626,1,293.15,0,3247.9,-0.0044,0.0215,0.0646,42.266,1,293.15,0,5790.0,0.1464,0.0187,0.0000,46.493,1,293.15,0,7054.7,0.1030,0.0180,0.0000,46.453,1,293.15,0
5.3500,34.0318,2.9631,0.3461,14.336,14.334,6713.1,3,0.059,1.000,0.000,0.134,0,2294.0,-0.0070,0.0204,0.0652,41.320,1,293.15,0,3127.9,-0.0048,0.0220,0.0652,42.902,1,293.15,0,5637.7,0.1231,0.0150,0.0000,46.324,1,293.15,0,7071.7,0.0808,0.0145,0.0000,46.178,1,293.15,0
5.3667,34.2710,3.0009,0.3472,14.554,14.552,6688.9,3,0.060,1.000,0.000,0.132,0,2312.1,-0.0063,0.0206,0.0656,41.979,1,293.15,0,2935.6,-0.0048,0.0222,0.0656,43.518,1,293.15,0,4875.6,0.1032,0.0129,0.0000,46.269,1,293.15,0,6220.2,0.0604,0.0125,0.0000,46.037,1,293.15,0
5.3833,34.5128,3.0402,0.3484,14.719,14.717,6688.4,3,0.060,1.000,0.000,0.130,0,4541.5,-0.0030,0.0202,0.0658,42.616,1,293.15,0,2838.9,-0.0038,0.0225,0.0658,43.994,1,293.15,0,3875.1,0.0902,0.0118,0.0000,46.337,1,293.15,0,5101.3,0.0494,0.0114,0.0000,46.216,1,293.15,0
5.4000,34.7562,3.0809,0.3494,14.819,14.817,6713.9,3,0.060,1.000,0.000,0.127,0,1194.4,-0.0033,0.0207,0.0659,42.753,1,293.15,0,2811.9,-0.0029,0.0220,0.0659,44.314,1,293.15,0,2933.2,0.0870,0.0124,0.0000,46.582,1,293.15,0,4381.2,0.0474,0.0120,0.0000,46.506,1,293.15,0
5.4167,35.0006,3.1225,0.3496,14.885,14.883,6743.9,3,0.060,1.000,0.000,0.124,0,2149.3,-0.0031,0.0211,0.0658,42.953,1,293.15,0,2775.7,-0.0024,0.0231,0.0658,44.513,1,293.15,0,2666.7,0.0879,0.0138,0.0000,46.838,1,293.15,0,3605.2,0.0495,0.0134,0.0000,46.824,1,293.15,0
5.4333,35.2458,3.1650,0.3493,14.937,14.935,6773.9,3,0.061,1.000,0.000,0.121,0,2991.4,-0.0020,0.0217,0.0656,43.116,1,293.15,0,2942.2,-0.0023,0.0232,0.0656,44.686,1,293.15,0,2666.6,0.0890,0.0153,0.0000,47.026,1,293.15,0,3322.0,0.0520,0.0147,0.0000,47.116,1,293.15,0
5.4500,35.4917,3.2085,0.3487,14.989,14.987,6803.9,4,0.061,1.000,0.000,0.118,0,3200.9,-0.0020,0.0212,0.0653,43.252,1,293.15,0,3265.2,-0.0022,0.0228,0.0653,44.869,1,293.15,0,2762.8,0.0894,0.0166,0.0000,47.184,1,293.15,0,3519.9,0.0535,0.0159,0.0000,47.358,1,293.15,0
5.4667,35.7385,3.2533,0.3480,15.059,15.058,6760.6,4,0.061,1.000,0.000,0.114,0,3301.9,-0.0024,0.0202,0.0648,43.437,1,293.15,0,3546.9,-0.0026,0.0218,0.0648,45.117,1,293.15,0,2965.3,0.1299,0.0177,0.0000,49.896,1,293.15,0,3990.5,0.0912,0.0170,0.0000,50.021,1,293.15,0
5.4833,35.9869,3.2996,0.3476,15.181,15.179,6717.2,4,0.061,1.000,0.000,0.110,0,3129.7,-0.0031,0.0187,0.0641,43.761,1,293.15,0,3612.3,-0.0030,0.0204,0.0641,45.521,1,293.15,0,3281.6,0.1733,0.0189,0.0000,52.013,1,293.15,0,4508.6,0.1276,0.0181,0.0000,51.939,1,293.15,0
5.5000,36.2375,3.3473,0.3473,15.322,15.321,6673.9,4,0.061,1.000,0.000,0.106,0,2950.6,-0.0036,0.0177,0.0633,44.143,1,293.15,0,3451.3,-0.0032,0.0195,0.0633,45.958,1,293.15,0,3659.5,0.2052,0.0201,0.0000,53.777,1,293.15,0,4965.4,0.1543,0.0193,0.0000,53.566,1,293.15,0
5.5167,36.4904,3.3966,0.3474,15.477,15.476,6630.6,4,0.062,1.000,0.000,0.101,0,2788.9,-0.0041,0.0172,0.0624,44.577,1,293.15,0,3245.6,-0.0035,0.0190,0.0624,46.414,1,293.15,0,3946.7,0.2290,0.0208,0.0000,55.288,1,293.15,0,5199.9,0.1749,0.0200,0.0000,54.984,1,293.15,0
5.5333,36.7456,3.4475,0.3476,15.639,15.638,6587.2,4,0.062,1.000,0.000,0.097,0,2544.6,-0.0046,0.0173,0.0613,45.035,1,293.15,0,3037.2,-0.0037,0.0190,0.0613,46.871,1,293.15,0,4032.6,0.2475,0.0211,0.0000,56.643,1,293.15,0,5203.7,0.1919,0.0203,0.0000,56.293,1,293.15,0
5.5500,37.0033,3.5000,0.3478,15.799,15.799,6543.9,4,0.062,1.000,0.000,0.092,0,2479.2,-0.0047,0.0175,0.0601,45.509,1,293.15,0,2893.6,-0.0039,0.0191,0.0601,47.323,1,293.15,0,3954.2,0.2632,0.0212,0.0000,57.928,1,293.15,0,5034.0,0.2076,0.0204,0.0000,57.565,1,293.15,0
5.5667,37.2634,3.5541,0.3480,15.954,15.953,6500.6,4,0.062,1.000,0.000,0.087,0,2422.2,-0.0046,0.0177,0.0587,45.967,1,293.15,0,2852.0,-0.0038,0.0192,0.0587,47.763,1,293.15,0,3798.1,0.2781,0.0214,0.0000,59.187,1,293.15,0,4769.9,0.2232,0.0206,0.0000,58.840,1,293.15,0
5.5833,37.5256,3.6096,0.3481,16.102,16.101,6457.2,4,0.062,1.000,0.000,0.081,0,2456.1,-0.0044,0.0178,0.0572,46.409,1,293.15,0,2924.3,-0.0037,0.0192,0.0572,48.192,1,293.15,0,3630.7,0.2858,0.0219,0.0000,59.749,1,293.15,0,4648.7,0.2315,0.0211,0.0000,59.397,1,293.15,0
5.6000,37.7900,3.6667,0.3480,16.244,16.244,6413.9,4,0.063,1.000,0.000,0.076,0,2564.3,-0.0042,0.0176,0.0556,46.837,1,293.15,0,2987.3,-0.0035,0.0189,0.0556,48.609,1,293.15,0,3534.5,0.2729,0.0225,0.0000,59.576,1,293.15,0,4542.7,0.2196,0.0217,0.0000,59.198,1,293.15,0
5.6167,38.0564,3.7252,0.3479,16.384,16.384,6370.6,4,0.063,1.000,0.000,0.070,0,2631.1,-0.0040,0.0172,0.0539,47.253,1,293.15,0,3088.8,-0.0034,0.0185,0.0539,49.022,1,293.15,0,3542.0,0.2557,0.0231,0.0000,59.273,1,293.15,0,4514.0,0.2032,0.0223,0.0000,58.880,1,293.15,0
5.6333,38.3249,3.7853,0.3477,16.523,16.523,6327.2,4,0.063,1.000,0.000,0.064,0,2718.4,-0.0039,0.0166,0.0520,47.669,1,293.15,0,3174.6,-0.0032,0.0179,0.0520,49.429,1,293.15,0,3572.8,0.2379,0.0236,0.0000,58.939,1,293.15,0,4518.3,0.1864,0.0228,0.0000,58.539,1,293.15,0
5.6500,38.5954,3.8469,0.3475,16.664,16.663,6283.9,4,0.063,1.000,0.000,0.058,0,2738.5,-0.0039,0.0160,0.0500,48.088,1,293.15,0,3256.2,-0.0032,0.0172,0.0500,49.836,1,293.15,0,3628.4,0.2200,0.0240,0.0000,58.594,1,293.15,0,4600.1,0.1697,0.0231,0.0000,58.178,1,293.15,0
5.6667,38.8679,3.9101,0.3474,16.807,16.807,6240.6,4,0.063,1.000,0.000,0.052,0,2734.6,-0.0040,0.0153,0.0479,48.517,1,293.15,0,3264.7,-0.0032,0.0164,0.0479,50.245,1,293.15,0,3707.9,0.2019,0.0241,0.0000,58.251,1,293.15,0,4757.1,0.1525,0.0232,0.0000,57.792,1,293.15,0
5.6833,39.1427,3.9749,0.3473,16.954,16.954,6200.5,4,0.064,1.000,0.000,0.046,0,2742.2,-0.0041,0.0145,0.0457,48.964,1,293.15,0,3256.7,-0.0032,0.0155,0.0457,50.658,1,293.15,0,3800.4,0.1841,0.0239,0.0000,57.917,1,293.15,0,4843.5,0.1356,0.0231,0.0000,57.414,1,293.15,0
5.7000,39.4195,4.0415,0.3473,17.103,17.103,6165.4,4,0.064,1.000,0.000,0.039,0,2686.5,-0.0041,0.0137,0.0434,49.418,1,293.15,0,3221.0,-0.0032,0.0147,0.0434,51.068,1,293.15,0,3818.1,0.1670,0.0234,0.0000,57.628,1,293.15,0,4886.6,0.1196,0.0226,0.0000,57.084,1,293.15,0
5.7167,39.6985,4.1096,0.3473,17.252,17.252,6135.7,4,0.064,1.000,0.000,0.033,0,2643.9,-0.0042,0.0130,0.0410,49.877,1,293.15,0,3155.2,-0.0032,0.0138,0.0410,51.471,1,293.15,0,3822.2,0.1509,0.0227,0.0000,57.389,1,293.15,0,4825.1,0.1050,0.0220,0.0000,56.815,1,293.15,0
5.7333,39.9797,4.1795,0.3473,17.399,17.399,6111.3,4,0.064,1.000,0.000,0.026,0,2633.2,-0.0043,0.0122,0.0385,50.342,1,293.15,0,3041.2,-0.0033,0.0130,0.0385,51.862,1,293.15,0,3798.7,0.1361,0.0217,0.0000,57.194,1,293.15,0,4813.4,0.0921,0.0211,0.0000,56.597,1,293.15,0
5.7500,40.2629,4.2509,0.3473,17.546,17.546,6091.5,4,0.064,1.000,0.000,0.020,0,2628.5,-0.0043,0.0113,0.0359,50.810,1,293.15,0,3083.1,-0.0032,0.0120,0.0359,52.256,1,293.15,0,3754.6,0.1224,0.0205,0.0000,57.053,1,293.15,0,4807.4,0.0800,0.0200,0.0000,56.417,1,293.15,0
5.7667,40.5482,4.3240,0.3472,17.687,17.687,6078.5,4,0.064,1.000,0.000,0.013,0,2687.9,-0.0041,0.0104,0.0332,51.271,1,293.15,0,3124.8,-0.0030,0.0110,0.0332,52.627,1,293.15,0,3729.0,0.1100,0.0191,0.0000,56.945,1,293.15,0,4791.0,0.0705,0.0186,0.0000,56.365,1,293.15,0
5.7833,40.8354,4.3986,0.3472,17.817,17.817,6074.0,4,0.065,1.000,0.000,0.007,0,2784.7,-0.0038,0.0094,0.0305,51.705,1,293.15,0,3171.3,-0.0028,0.0099,0.0305,52.963,1,293.15,0,3712.7,0.0996,0.0176,0.0000,56.905,1,293.15,0,4750.5,0.0641,0.0172,0.0000,56.417,1,293.15,0
5.8000,41.1242,4.4745,0.3471,17.935,17.935,6077.6,4,0.065,1.000,0.000,-0.000,0,2871.1,-0.0034,0.0083,0.0277,52.102,1,293.15,0,3218.4,-0.0026,0.0088,0.0277,53.268,1,293.15,0,3741.2,0.0913,0.0163,0.0000,56.919,1,293.15,0,4596.8,0.0601,0.0160,0.0000,56.555,1,293.15,0
5.8167,41.4146,4.5517,0.3470,18.045,18.045,6087.2,4,0.065,1.000,0.000,-0.007,0,2962.7,-0.0032,0.0072,0.0248,52.472,1,293.15,0,3261.6,-0.0024,0.0075,0.0248,53.550,1,293.15,0,3762.7,0.0846,0.0152,0.0000,56.985,1,293.15,0,4610.6,0.0574,0.0149,0.0000,56.717,1,293.15,0
5.8333,41.7066,4.6301,0.3469,18.150,18.150,6100.3,4,0.065,1.000,0.000,-0.013,0,3035.6,-0.0030,0.0059,0.0219,52.825,1,293.15,0,3287.7,-0.0024,0.0062,0.0219,53.820,1,293.15,0,3784.8,0.0791,0.0141,0.0000,57.090,1,293.15,0,4550.1,0.0555,0.0139,0.0000,56.906,1,293.15,0
5.8500,42.0000,4.7096,0.3469,18.251,18.251,6116.8,4,0.065,1.000,0.000,-0.020,0,3100.4,-0.0029,0.0045,0.0189,53.163,1,293.15,0,3295.1,-0.0023,0.0048,0.0189,54.074,1,293.15,0,3805.6,0.0747,0.0131,0.0000,57.227,1,293.15,0,4502.1,0.0543,0.0129,0.0000,57.120,1,293.15,0
5.8667,42.2948,4.7901,0.3469,18.347,18.347,6136.1,4,0.065,1.000,0.000,-0.026,0,3140.4,-0.0028,0.0032,0.0159,53.487,1,293.15,0,3292.1,-0.0022,0.0034,0.0159,54.316,1,293.15,0,3804.3,0.0712,0.0122,0.0000,57.399,1,293.15,0,4441.6,0.0537,0.0120,0.0000,57.349,1,293.15,0
5.8833,42.5909,4.8715,0.3469,18.439,18.439,6158.0,4,0.065,1.000,0.000,-0.033,0,3155.2,-0.0027,0.0018,0.0128,53.797,1,293.15,0,3273.5,-0.0022,0.0019,0.0128,54.545,1,293.15,0,3814.6,0.0686,0.0113,0.0000,57.597,1,293.15,0,4362.3,0.0536,0.0112,0.0000,57.593,1,293.15,0
5.9000,42.8884,4.9538,0.3469,18.530,18.530,6181.0,4,0.066,1.000,0.000,-0.039,0,3187.4,-0.0026,0.0004,0.0097,54.104,1,293.15,0,3236.9,-0.0022,0.0005,0.0097,54.768,1,293.15,0,3863.0,0.0665,0.0105,0.0000,57.816,1,293.15,0,4358.1,0.0535,0.0104,0.0000,57.820,1,293.15,0
5.9167,43.1872,5.0369,0.3469,18.619,18.619,6204.5,4,0.066,1.000,0.000,-0.046,0,3212.1,-0.0026,-0.0010,0.0066,54.409,1,293.15,0,3214.5,-0.0022,-0.0009,0.0066,54.987,1,293.15,0,3885.5,0.0647,0.0096,0.0000,58.052,1,293.15,0,4317.6,0.0534,0.0095,0.0000,58.048,1,293.15,0
5.9333,43.4873,5.1206,0.3468,18.708,18.708,6228.5,4,0.066,1.000,0.000,-0.052,0,3241.2,-0.0026,-0.0023,0.0035,54.713,1,293.15,0,3199.5,-0.0022,-0.0023,0.0035,55.203,1,293.15,0,3946.6,0.0630,0.0087,0.0000,58.278,1,293.15,0,4311.7,0.0534,0.0086,0.0000,58.285,1,293.15,0
5.9500,43.7888,5.2050,0.3468,18.796,18.796,6252.9,4,0.066,1.000,0.000,-0.058,0,3276.8,-0.0025,-0.0037,0.0003,55.016,1,293.15,0,3185.6,-0.0022,-0.0037,0.0003,55.416,1,293.15,0,3948.3,0.0614,0.0078,0.0000,58.523,1,293.15,0,4275.1,0.0537,0.0077,0.0000,58.519,1,293.15,0
5.9667,44.0916,5.2900,0.3468,18.882,18.882,6277.9,4,0.066,1.000,0.000,-0.064,0,3310.3,-0.0025,-0.0051,-0.0028,55.315,1,293.15,0,3175.0,-0.0021,-0.0051,-0.0028,55.624,1,293.15,0,3988.9,0.0600,0.0069,0.0000,58.763,1,293.15,0,4225.6,0.0541,0.0068,0.0000,58.765,1,293.15,0
5.9833,44.3958,5.3754,0.3467,18.969,18.968,6302.8,4,0.066,1.000,0.000,-0.070,0,3348.3,-0.0025,-0.0065,-0.0059,55.615,1,293.15,0,3165.9,-0.0021,-0.0065,-0.0059,55.831,1,293.15,0,4017.8,0.0588,0.0059,0.0000,59.006,1,293.15,0,4225.6,0.0544,0.0059,0.0000,59.003,1,293.15,0
6.0000,44.7014,5.4613,0.3467,19.055,19.054,6327.8,4,0.066,1.000,0.000,-0.076,0,3385.4,-0.0024,-0.0078,-0.0090,55.915,1,293.15,0,3147.4,-0.0021,-0.0079,-0.0090,56.037,1,293.15,0,4079.6,0.0574,0.0049,0.0000,59.248,1,293.15,0,4194.4,0.0548,0.0049,0.0000,59.241,1,293.15,0
6.0167,45.0083,5.5475,0.3467,19.140,19.140,6352.8,4,0.067,1.000,0.000,-0.081,0,3420.1,-0.0024,-0.0092,-0.0121,56.214,1,293.15,0,3121.2,-0.0021,-0.0092,-0.0121,56.240,1,293.15,0,4091.5,0.0561,0.0040,0.0000,59.491,1,293.15,0,4167.7,0.0552,0.0040,0.0000,59.485,1,293.15,0
6.0333,45.3167,5.6340,0.3467,19.225,19.225,6377.8,4,0.067,1.000,0.000,-0.087,0,3450.9,-0.0024,-0.0106,-0.0152,56.511,1,293.15,0,3113.7,-0.0022,-0.0106,-0.0152,56.443,1,293.15,0,4144.7,0.0548,0.0030,0.0000,59.734,1,293.15,0,4123.5,0.0558,0.0030,0.0000,59.725,1,293.15,0
6.0500,45.6264,5.7207,0.3467,19.310,19.309,6403.1,4,0.067,1.000,0.000,-0.092,0,3469.6,-0.0023,-0.0119,-0.0182,56.807,1,293.15,0,3092.2,-0.0021,-0.0119,-0.0182,56.641,1,293.15,0,4177.0,0.0537,0.0019,0.0000,59.978,1,293.15,0,4071.1,0.0563,0.0020,0.0000,59.974,1,293.15,0
6.0667,45.9376,5.8075,0.3467,19.394,19.393,6428.3,4,0.067,1.000,0.000,-0.097,0,3497.0,-0.0023,-0.0133,-0.0212,57.102,1,293.15,0,3069.2,-0.0022,-0.0133,-0.0212,56.840,1,293.15,0,4223.4,0.0524,0.0009,0.0000,60.218,1,293.15,0,4097.6,0.0569,0.0009,0.0000,60.213,1,293.15,0
6.0833,46.2502,5.8944,0.3467,19.477,19.477,6453.4,4,0.067,1.000,0.000,-0.101,0,3529.9,-0.0023,-0.0146,-0.0242,57.395,1,293.15,0,3040.6,-0.0022,-0.0146,-0.0242,57.037,1,293.15,0,4255.1,0.0513,-0.0001,0.0000,60.465,1,293.15,0,4050.1,0.0574,-0.0001,0.0000,60.455,1,293.15,0
6.1000,46.5643,5.9812,0.3467,19.560,19.560,6478.7,4,0.067,1.000,0.000,-0.106,0,3568.7,-0.0022,-0.0160,-0.0271,57.688,1,293.15,0,3022.6,-0.0022,-0.0159,-0.0271,57.233,1,293.15,0,4305.0,0.0503,-0.0011,0.0000,60.709,1,293.15,0,4018.2,0.0580,-0.0011,0.0000,60.696,1,293.15,0
6.1167,46.8798,6.0679,0.3467,19.642,19.642,6504.0,4,0.067,1.000,0.000,-0.110,0,3600.6,-0.0022,-0.0173,-0.0299,57.977,1,293.15,0,2997.0,-0.0022,-0.0172,-0.0299,57.426,1,293.15,0,4339.6,0.0493,-0.0022,0.0000,60.956,1,293.15,0,3968.2,0.0587,-0.0022,0.0000,60.942,1,293.15,0
6.1333,47.1967,6.1544,0.3467,19.724,19.724,6529.5,4,0.068,1.000,0.000,-0.114,0,3636.7,-0.0022,-0.0185,-0.0327,58.265,1,293.15,0,2975.2,-0.0022,-0.0184,-0.0327,57.617,1,293.15,0,4361.4,0.0484,-0.0033,0.0000,61.203,1,293.15,0,3914.4,0.0594,-0.0033,0.0000,61.190,1,293.15,0
6.1500,47.5152,6.2406,0.3466,19.805,19.804,6555.0,4,0.068,1.000,0.000,-0.118,0,3675.8,-0.0021,-0.0198,-0.0353,58.550,1,293.15,0,2960.7,-0.0022,-0.0196,-0.0353,57.806,1,293.15,0,4393.2,0.0475,-0.0043,0.0000,61.453,1,293.15,0,3908.3,0.0601,-0.0044,0.0000,61.429,1,293.15,0
6.1667,47.8351,6.3265,0.3466,19.885,19.885,6580.2,4,0.068,1.000,0.000,-0.121,0,3711.3,-0.0021,-0.0210,-0.0379,58.835,1,293.15,0,2944.6,-0.0022,-0.0208,-0.0379,57.996,1,293.15,0,4450.4,0.0467,-0.0054,0.0000,61.698,1,293.15,0,3899.4,0.0607,-0.0055,0.0000,61.664,1,293.15,0
6.1833,48.1566,6.4119,0.3466,19.966,19.966,6605.1,4,0.068,1.000,0.000,-0.124,0,3755.9,-0.0021,-0.0222,-0.0405,59.119,1,293.15,0,2924.0,-0.0022,-0.0219,-0.0405,58.187,1,293.15,0,4481.9,0.0458,-0.0065,0.0000,61.945,1,293.15,0,3877.4,0.0612,-0.0066,0.0000,61.898,1,293.15,0
6.2000,48.4795,6.4968,0.3466,20.046,20.046,6630.0,4,0.068,1.000,0.000,-0.127,0,3794.9,-0.0020,-0.0233,-0.0429,59.401,1,293.15,0,2896.4,-0.0022,-0.0230,-0.0429,58.376,1,293.15,0,4527.8,0.0450,-0.0075,0.0000,62.190,1,293.15,0,3844.6,0.0618,-0.0077,0.0000,62.133,1,293.15,0
6.2167,48.8040,6.5811,0.3466,20.126,20.126,6654.6,4,0.068,1.000,0.000,-0.130,0,3825.4,-0.0020,-0.0244,-0.0452,59.680,1,293.15,0,2872.5,-0.0022,-0.0240,-0.0452,58.565,1,293.15,0,4571.9,0.0442,-0.0086,0.0000,62.433,1,293.15,0,3797.2,0.0623,-0.0088,0.0000,62.368,1,293.15,0
6.2333,49.1301,6.6647,0.3467,20.205,20.205,6679.4,4,0.068,1.000,0.000,-0.132,0,3858.5,-0.0020,-0.0255,-0.0475,59.957,1,293.15,0,2845.5,-0.0022,-0.0250,-0.0475,58.752,1,293.15,0,4601.3,0.0434,-0.0096,0.0000,62.676,1,293.15,0,3805.5,0.0629,-0.0099,0.0000,62.599,1,293.15,0
6.2500,49.4576,6.7476,0.3467,20.284,20.283,6703.9,4,0.069,1.000,0.000,-0.134,0,3887.7,-0.0019,-0.0265,-0.0496,60.231,1,293.15,0,2817.2,-0.0022,-0.0260,-0.0496,58.940,1,293.15,0,4630.0,0.0428,-0.0107,0.0000,62.922,1,293.15,0,3771.2,0.0634,-0.0109,0.0000,62.829,1,293.15,0
6.2667,49.7868,6.8296,0.3467,20.362,20.361,6728.4,4,0.069,1.000,0.000,-0.136,0,3919.7,-0.0019,-0.0275,-0.0516,60.502,1,293.15,0,2790.4,-0.0022,-0.0270,-0.0516,59.126,1,293.15,0,4662.1,0.0421,-0.0117,0.0000,63.164,1,293.15,0,3749.3,0.0639,-0.0120,0.0000,63.059,1,293.15,0
6.2833,50.1174,6.9108,0.3467,20.439,20.439,6752.7,4,0.069,1.000,0.000,-0.137,0,3948.4,-0.0019,-0.0284,-0.0535,60.770,1,293.15,0,2772.1,-0.0023,-0.0278,-0.0535,59.314,1,293.15,0,4679.1,0.0415,-0.0127,0.0000,63.407,1,293.15,0,3715.7,0.0644,-0.0130,0.0000,63.288,1,293.15,0
6.3000,50.4497,6.9909,0.3467,20.516,20.515,6777.2,4,0.069,1.000,0.000,-0.139,0,3980.1,-0.0018,-0.0294,-0.0552,61.032,1,293.15,0,2376.8,-0.0024,-0.0288,-0.0552,59.487,1,293.15,0,4692.4,0.0410,-0.0137,0.0000,63.650,1,293.15,0,3684.2,0.0649,-0.0141,0.0000,63.520,1,293.15,0
6.3167,50.7835,7.0701,0.3466,20.592,20.592,6801.4,5,0.069,1.000,0.000,-0.139,0,3999.6,-0.0018,-0.0305,-0.0569,61.285,1,293.15,0,2263.0,-0.0026,-0.0299,-0.0569,59.673,1,293.15,0,4646.0,0.0408,-0.0146,0.0000,63.904,1,293.15,0,3757.3,0.0651,-0.0150,0.0000,63.730,1,293.15,0
6.3333,51.1190,7.1482,0.3465,20.681,20.680,6758.1,5,0.069,1.000,0.000,-0.140,0,4063.1,-0.0021,-0.0315,-0.0584,61.579,1,293.15,0,2420.8,-0.0030,-0.0309,-0.0584,59.897,1,293.15,0,4590.6,0.0718,-0.0154,0.0000,66.793,1,293.15,0,3818.9,0.0976,-0.0159,0.0000,66.642,1,293.15,0
6.3500,51.4569,7.2253,0.3463,20.815,20.814,6714.8,5,0.069,1.000,0.000,-0.140,0,4117.5,-0.0024,-0.0322,-0.0598,62.022,1,293.15,0,2466.7,-0.0037,-0.0314,-0.0598,60.235,1,293.15,0,4666.6,0.0999,-0.0165,0.0000,68.821,1,293.15,0,3900.2,0.1305,-0.0170,0.0000,68.872,1,293.15,0
6.3667,51.7975,7.3015,0.3462,20.959,20.959,6671.4,5,0.070,1.000,0.000,-0.140,0,4113.3,-0.0024,-0.0328,-0.0610,62.495,1,293.15,0,2313.7,-0.0039,-0.0320,-0.0610,60.599,1,293.15,0,4830.3,0.1213,-0.0179,0.0000,70.634,1,293.15,0,4046.4,0.1564,-0.0185,0.0000,70.794,1,293.15,0
6.3833,52.1409,7.3768,0.3462,21.109,21.109,6628.1,5,0.070,1.000,0.000,-0.139,0,4047.4,-0.0025,-0.0337,-0.0622,62.971,1,293.15,0,2181.9,-0.0045,-0.0327,-0.0622,60.973,1,293.15,0,4936.6,0.1395,-0.0195,0.0000,72.271,1,293.15,0,4129.2,0.1780,-0.0201,0.0000,72.515,1,293.15,0
6.4000,52.4870,7.4511,0.3461,21.262,21.262,6584.8,5,0.070,1.000,0.000,-0.139,0,3996.2,-0.0025,-0.0346,-0.0631,63.451,1,293.15,0,2084.5,-0.0045,-0.0338,-0.0631,61.378,1,293.15,0,4998.9,0.1551,-0.0209,0.0000,73.780,1,293.15,0,4251.3,0.1960,-0.0216,0.0000,74.057,1,293.15,0
6.4167,52.8361,7.5243,0.3461,21.417,21.417,6541.4,5,0.070,1.000,0.000,-0.137,0,4008.3,-0.0025,-0.0357,-0.0639,63.933,1,293.15,0,2078.0,-0.0048,-0.0348,-0.0639,61.791,1,293.15,0,5038.4,0.1646,-0.0222,0.0000,74.564,1,293.15,0,4329.6,0.2067,-0.0230,0.0000,74.855,1,293.15,0
6.4333,53.1880,7.5964,0.3461,21.573,21.573,6498.1,5,0.070,1.000,0.000,-0.136,0,4078.1,-0.0025,-0.0366,-0.0646,64.417,1,293.15,0,2120.1,-0.0047,-0.0357,-0.0646,62.223,1,293.15,0,5050.9,0.1549,-0.0234,0.0000,74.333,1,293.15,0,4335.9,0.1975,-0.0242,0.0000,74.634,1,293.15,0
6.4500,53.5428,7.6673,0.3461,21.727,21.727,6454.8,5,0.070,1.000,0.000,-0.134,0,4169.2,-0.0024,-0.0373,-0.0652,64.898,1,293.15,0,2021.8,-0.0048,-0.0364,-0.0652,62.638,1,293.15,0,5053.1,0.1405,-0.0245,0.0000,73.926,1,293.15,0,4281.1,0.1837,-0.0254,0.0000,74.255,1,293.15,0
6.4667,53.9004,7.7369,0.3461,21.879,21.878,6411.4,5,0.070,1.000,0.000,-0.132,0,4244.4,-0.0023,-0.0379,-0.0656,65.371,1,293.15,0,2063.6,-0.0048,-0.0369,-0.0656,63.058,1,293.15,0,5025.1,0.1257,-0.0256,0.0000,73.491,1,293.15,0,4198.4,0.1697,-0.0265,0.0000,73.870,1,293.15,0
6.4833,54.2608,7.8050,0.3462,22.027,22.027,6368.1,5,0.070,1.000,0.000,-0.130,0,4309.2,-0.0022,-0.0382,-0.0658,65.833,1,293.15,0,2029.8,-0.0047,-0.0373,-0.0658,63.466,1,293.15,0,5000.6,0.1111,-0.0267,0.0000,73.046,1,293.15,0,4112.9,0.1561,-0.0276,0.0000,73.490,1,293.15,0
6.5000,54.6240,7.8716,0.3462,22.172,22.172,6324.8,5,0.071,1.000,0.000,0.000,0,4339.4,-0.0022,-0.0370,-0.0642,66.285,1,293.15,0,1998.9,-0.0047,-0.0360,-0.0642,63.867,1,293.15,0,5013.4,0.0967,-0.0276,0.0000,72.596,1,293.15,0,4060.8,0.1428,-0.0285,0.0000,73.101,1,293.15,0
6.5167,54.9899,7.9366,0.3462,22.315,22.315,6281.4,5,0.071,1.000,0.000,0.000,0,4369.2,-0.0020,-0.0316,-0.0580,66.718,1,293.15,0,2048.6,-0.0049,-0.0306,-0.0580,64.291,1,293.15,0,5029.2,0.0830,-0.0281,0.0000,72.149,1,293.15,0,4063.5,0.1292,-0.0291,0.0000,72.696,1,293.15,0
6.5333,55.3585,8.0000,0.3462,22.457,22.457,6241.9,5,0.071,1.000,0.000,0.000,0,4365.0,-0.0019,-0.0275,-0.0525,67.113,1,293.15,0,2009.8,-0.0051,-0.0265,-0.0525,64.727,1,293.15,0,5075.2,0.0702,-0.0281,0.0000,71.730,1,293.15,0,4105.3,0.1150,-0.0291,0.0000,72.274,1,293.15,0
6.5500,55.7296,8.0620,0.3462,22.594,22.593,6210.5,5,0.071,1.000,0.000,0.000,0,4355.3,-0.0018,-0.0244,-0.0474,67.461,1,293.15,0,2036.4,-0.0051,-0.0236,-0.0474,65.179,1,293.15,0,5083.0,0.0604,-0.0274,0.0000,71.511,1,293.15,0,4138.1,0.1011,-0.0283,0.0000,71.872,1,293.15,0
6.5667,56.1032,8.1224,0.3461,22.722,22.722,6187.9,5,0.071,1.000,0.000,0.000,0,4359.1,-0.0017,-0.0222,-0.0428,67.767,1,293.15,0,2086.4,-0.0050,-0.0215,-0.0428,65.633,1,293.15,0,5010.5,0.0542,-0.0262,0.0000,71.468,1,293.15,0,4165.3,0.0877,-0.0270,0.0000,71.509,1,293.15,0
6.5833,56.4790,8.1814,0.3461,22.839,22.839,6175.0,5,0.071,1.000,0.000,0.000,0,4377.6,-0.0016,-0.0203,-0.0387,68.037,1,293.15,0,2144.5,-0.0046,-0.0198,-0.0387,66.063,1,293.15,0,4972.3,0.0501,-0.0249,0.0000,71.481,1,293.15,0,4191.3,0.0772,-0.0256,0.0000,71.318,1,293.15,0
6.6000,56.8568,8.2391,0.3461,22.946,22.946,6170.6,5,0.071,1.000,0.000,0.000,0,4404.7,-0.0015,-0.0187,-0.0350,68.282,1,293.15,0,2270.2,-0.0042,-0.0182,-0.0350,66.466,1,293.15,0,4885.1,0.0471,-0.0236,0.0000,71.559,1,293.15,0,4218.6,0.0694,-0.0242,0.0000,71.242,1,293.15,0
6.6167,57.2365,8.2954,0.3460,23.044,23.044,6173.4,5,0.071,1.000,0.000,0.000,0,4435.5,-0.0014,-0.0172,-0.0316,68.504,1,293.15,0,2325.0,-0.0038,-0.0168,-0.0316,66.832,1,293.15,0,4750.0,0.0455,-0.0223,0.0000,71.706,1,293.15,0,4228.4,0.0636,-0.0228,0.0000,71.254,1,293.15,0
6.6333,57.6180,8.3505,0.3460,23.134,23.133,6182.2,5,0.071,1.000,0.000,0.000,0,4463.1,-0.0014,-0.0159,-0.0286,68.707,1,293.15,0,2359.8,-0.0035,-0.0156,-0.0286,67.165,1,293.15,0,4670.2,0.0451,-0.0211,0.0000,71.900,1,293.15,0,4236.7,0.0593,-0.0215,0.0000,71.327,1,293.15,0
6.6500,58.0010,8.4045,0.3460,23.219,23.219,6194.5,5,0.072,1.000,0.000,0.000,0,4480.9,-0.0013,-0.0148,-0.0258,68.900,1,293.15,0,2191.1,-0.0036,-0.0145,-0.0258,67.460,1,293.15,0,4504.1,0.0452,-0.0199,0.0000,72.121,1,293.15,0,4256.5,0.0561,-0.0203,0.0000,71.453,1,293.15,0
6.6667,58.3855,8.4574,0.3459,23.300,23.300,6209.7,5,0.072,1.000,0.000,0.000,0,4506.6,-0.0013,-0.0138,-0.0233,69.084,1,293.15,0,2435.1,-0.0033,-0.0136,-0.0233,67.774,1,293.15,0,4408.7,0.0459,-0.0188,0.0000,72.366,1,293.15,0,4330.2,0.0535,-0.0191,0.0000,71.589,1,293.15,0
6.6833,58.7716,8.5093,0.3458,23.381,23.380,6225.7,5,0.072,1.000,0.000,0.000,0,4543.8,-0.0013,-0.0128,-0.0211,69.270,1,293.15,0,2459.8,-0.0031,-0.0127,-0.0211,68.066,1,293.15,0,4430.7,0.0465,-0.0176,0.0000,72.593,1,293.15,0,4385.6,0.0513,-0.0179,0.0000,71.747,1,293.15,0
6.7000,59.1591,8.5603,0.3457,23.461,23.461,6241.8,5,0.072,1.000,0.000,0.000,0,4559.2,-0.0013,-0.0119,-0.0191,69.460,1,293.15,0,2552.8,-0.0030,-0.0118,-0.0191,68.357,1,293.15,0,4365.0,0.0468,-0.0165,0.0000,72.811,1,293.15,0,4456.1,0.0495,-0.0167,0.0000,71.923,1,293.15,0
6.7167,59.5480,8.6104,0.3457,23.540,23.540,6258.7,5,0.072,1.000,0.000,0.000,0,4562.6,-0.0013,-0.0111,-0.0172,69.647,1,293.15,0,2604.3,-0.0029,-0.0110,-0.0172,68.639,1,293.15,0,4323.3,0.0472,-0.0153,0.0000,73.037,1,293.15,0,4510.4,0.0479,-0.0155,0.0000,72.107,1,293.15,0
6.7333,59.9384,8.6597,0.3456,23.619,23.619,6275.6,5,0.072,1.000,0.000,0.000,0,4538.4,-0.0013,-0.0103,-0.0156,69.837,1,293.15,0,2614.9,-0.0029,-0.0102,-0.0156,68.915,1,293.15,0,4357.5,0.0474,-0.0142,0.0000,73.243,1,293.15,0,4592.3,0.0464,-0.0144,0.0000,72.296,1,293.15,0
6.7500,60.3302,8.7082,0.3457,23.699,23.698,6292.1,5,0.072,1.000,0.000,0.000,0,4499.5,-0.0013,-0.0096,-0.0141,70.030,1,293.15,0,2588.3,-0.0029,-0.0095,-0.0141,69.187,1,293.15,0,4336.3,0.0474,-0.0130,0.0000,73.445,1,293.15,0,4660.4,0.0451,-0.0132,0.0000,72.493,1,293.15,0
6.7667,60.7235,8.7560,0.3457,23.777,23.777,6309.3,5,0.072,1.000,0.000,0.000,0,4465.2,-0.0013,-0.0089,-0.0127,70.223,1,293.15,0,2566.4,-0.0028,-0.0089,-0.0127,69.457,1,293.15,0,4317.5,0.0474,-0.0120,0.0000,73.652,1,293.15,0,4645.2,0.0441,-0.0121,0.0000,72.711,1,293.15,0
6.7833,61.1181,8.8033,0.3457,23.854,23.854,6327.4,5,0.072,1.000,0.000,0.000,0,4423.3,-0.0013,-0.0083,-0.0115,70.414,1,293.15,0,2591.1,-0.0028,-0.0083,-0.0115,69.719,1,293.15,0,4315.8,0.0476,-0.0109,0.0000,73.863,1,293.15,0,4657.1,0.0434,-0.0110,0.0000,72.937,1,293.15,0
6.8000,61.5140,8.8499,0.3457,23.930,23.930,6345.8,5,0.072,1.000,0.000,0.000,0,4371.4,-0.0013,-0.0077,-0.0104,70.605,1,293.15,0,2615.4,-0.0028,-0.0077,-0.0104,69.977,1,293.15,0,4185.6,0.0478,-0.0100,0.0000,74.094,1,293.15,0,4691.8,0.0429,-0.0101,0.0000,73.165,1,293.15,0
6.8167,61.9113,8.8961,0.3457,24.005,24.005,6365.0,5,0.073,1.000,0.000,0.000,0,4351.7,-0.0014,-0.0072,-0.0094,70.795,1,293.15,0,2681.2,-0.0027,-0.0072,-0.0094,70.232,1,293.15,0,4125.5,0.0484,-0.0091,0.0000,74.338,1,293.15,0,4717.1,0.0423,-0.0091,0.0000,73.384,1,293.15,0
6.8333,62.3098,8.9418,0.3456,24.080,24.080,6384.1,5,0.073,1.000,0.000,0.000,0,4391.6,-0.0014,-0.0067,-0.0085,70.988,1,293.15,0,2723.9,-0.0026,-0.0067,-0.0085,70.483,1,293.15,0,4116.9,0.0490,-0.0082,0.0000,74.576,1,293.15,0,4782.9,0.0417,-0.0082,0.0000,73.595,1,293.15,0
6.8500,62.7097,8.9870,0.3456,24.155,24.155,6402.8,5,0.073,1.000,0.000,0.000,0,4414.9,-0.0014,-0.0062,-0.0077,71.185,1,293.15,0,2766.9,-0.0026,-0.0062,-0.0077,70.731,1,293.15,0,4105.5,0.0493,-0.0073,0.0000,74.801,1,293.15,0,4808.8,0.0411,-0.0074,0.0000,73.814,1,293.15,0
6.8667,63.1109,9.0320,0.3456,24.230,24.230,6421.4,5,0.073,1.000,0.000,0.000,0,4418.4,-0.0014,-0.0058,-0.0069,71.383,1,293.15,0,2776.7,-0.0025,-0.0057,-0.0069,70.973,1,293.15,0,4100.4,0.0495,-0.0066,0.0000,75.021,1,293.15,0,4843.4,0.0407,-0.0066,0.0000,74.038,1,293.15,0
6.8833,63.5133,9.0766,0.3455,24.305,24.305,6439.8,5,0.073,1.000,0.000,0.000,0,4414.0,-0.0014,-0.0053,-0.0063,71.583,1,293.15,0,2794.9,-0.0025,-0.0053,-0.0063,71.215,1,293.15,0,4076.5,0.0497,-0.0058,0.0000,75.245,1,293.15,0,4866.6,0.0403,-0.0059,0.0000,74.254,1,293.15,0
6.9000,63.9171,9.1209,0.3455,24.379,24.379,6458.1,5,0.073,1.000,0.000,0.000,0,4379.5,-0.0014,-0.0049,-0.0057,71.783,1,293.15,0,2848.9,-0.0025,-0.0049,-0.0057,71.457,1,293.15,0,4064.6,0.0498,-0.0052,0.0000,75.464,1,293.15,0,4889.5,0.0399,-0.0052,0.0000,74.473,1,293.15,0
6.9167,64.3221,9.1650,0.3455,24.454,24.454,6476.3,5,0.073,1.000,0.000,0.000,0,4363.6,-0.0014,-0.0045,-0.0051,71.985,1,293.15,0,2857.5,-0.0024,-0.0045,-0.0051,71.694,1,293.15,0,4050.6,0.0499,-0.0045,0.0000,75.684,1,293.15,0,4905.3,0.0394,-0.0045,0.0000,74.689,1,293.15,0
6.9333,64.7284,9.2090,0.3455,24.528,24.528,6494.5,5,0.073,1.000,0.000,0.000,0,4345.9,-0.0014,-0.0041,-0.0046,72.188,1,293.15,0,2850.5,-0.0024,-0.0041,-0.0046,71.928,1,293.15,0,4033.2,0.0500,-0.0039,0.0000,75.904,1,293.15,0,4938.5,0.0390,-0.0039,0.0000,74.903,1,293.15,0
6.9500,65.1359,9.2527,0.3455,24.602,24.602,6512.7,5,0.073,1.000,0.000,0.000,0,4322.6,-0.0014,-0.0038,-0.0042,72.391,1,293.15,0,2888.4,-0.0024,-0.0038,-0.0042,72.162,1,293.15,0,4018.9,0.0500,-0.0034,0.0000,76.124,1,293.15,0,4949.7,0.0387,-0.0034,0.0000,75.121,1,293.15,0
6.9667,65.5447,9.2963,0.3455,24.676,24.676,6530.9,5,0.073,1.000,0.000,0.000,0,4323.0,-0.0014,-0.0035,-0.0038,72.595,1,293.15,0,2891.4,-0.0024,-0.0035,-0.0038,72.392,1,293.15,0,4018.8,0.0501,-0.0029,0.0000,76.341,1,293.15,0,4966.6,0.0384,-0.0029,0.0000,75.338,1,293.15,0
6.9833,65.9548,9.3399,0.3454,24.750,24.750,6549.0,5,0.074,1.000,0.000,0.000,0,4319.7,-0.0014,-0.0032,-0.0034,72.800,1,293.15,0,2912.1,-0.0023,-0.0032,-0.0034,72.621,1,293.15,0,4004.6,0.0501,-0.0024,0.0000,76.559,1,293.15,0,4987.7,0.0381,-0.0024,0.0000,75.551,1,293.15,0
7.0000,66.3661,9.3833,0.3454,24.823,24.823,6567.0,5,0.074,1.000,0.000,0.000,0,4308.6,-0.0014,-0.0029,-0.0031,73.005,1,293.15,0,2939.4,-0.0023,-0.0029,-0.0031,72.850,1,293.15,0,4000.2,0.0501,-0.0020,0.0000,76.776,1,293.15,0,4991.4,0.0378,-0.0020,0.0000,75.767,1,293.15,0
7.0167,66.7786,9.4267,0.3454,24.896,24.896,6585.2,5,0.074,1.000,0.000,0.000,0,4310.5,-0.0014,-0.0026,-0.0028,73.211,1,293.15,0,2949.1,-0.0023,-0.0026,-0.0028,73.074,1,293.15,0,3987.7,0.0502,-0.0016,0.0000,76.994,1,293.15,0,4998.8,0.0376,-0.0016,0.0000,75.985,1,293.15,0
7.0333,67.1923,9.4701,0.3454,24.969,24.969,6603.1,5,0.074,1.000,0.000,0.000,0,4304.1,-0.0014,-0.0024,-0.0025,73.417,1,293.15,0,2969.3,-0.0022,-0.0024,-0.0025,73.298,1,293.15,0,3979.0,0.0501,-0.0013,0.0000,77.209,1,293.15,0,5021.9,0.0374,-0.0013,0.0000,76.197,1,293.15,0
7.0500,67.6072,9.5135,0.3454,25.042,25.042,6620.9,5,0.074,1.000,0.000,0.000,0,4301.8,-0.0014,-0.0022,-0.0023,73.623,1,293.15,0,2990.0,-0.0022,-0.0021,-0.0023,73.521,1,293.15,0,3978.1,0.0501,-0.0010,0.0000,77.423,1,293.15,0,5043.6,0.0371,-0.0010,0.0000,76.408,1,293.15,0
7.0667,68.0234,9.5569,0.3453,25.115,25.115,6638.6,5,0.074,1.000,0.000,0.000,0,4297.8,-0.0014,-0.0019,-0.0021,73.829,1,293.15,0,3002.8,-0.0022,-0.0019,-0.0021,73.742,1,293.15,0,3973.9,0.0500,-0.0007,0.0000,77.636,1,293.15,0,5035.1,0.0369,-0.0007,0.0000,76.622,1,293.15,0
7.0833,68.4408,9.6004,0.3453,25.187,25.187,6656.2,5,0.074,1.000,0.000,0.000,0,4297.2,-0.0014,-0.0018,-0.0019,74.036,1,293.15,0,3009.1,-0.0022,-0.0018,-0.0019,73.961,1,293.15,0,3974.4,0.0500,-0.0004,0.0000,77.848,1,293.15,0,5054.9,0.0367,-0.0004,0.0000,76.830,1,293.15,0
7.1000,68.8594,9.6439,0.3453,25.259,25.259,6673.8,5,0.074,1.000,0.000,0.000,0,4290.8,-0.0014,-0.0016,-0.0017,74.242,1,293.15,0,3021.8,-0.0022,-0.0016,-0.0017,74.179,1,293.15,0,3972.9,0.0499,-0.0002,0.0000,78.059,1,293.15,0,5076.7,0.0364,-0.0002,0.0000,77.039,1,293.15,0
7.1167,69.2792,9.6874,0.3453,25.331,25.331,6691.3,5,0.074,1.000,0.000,0.000,0,4276.8,-0.0014,-0.0014,-0.0015,74.448,1,293.15,0,3030.8,-0.0022,-0.0014,-0.0015,74.396,1,293.15,0,3974.8,0.0498,0.0001,0.0000,78.268,1,293.15,0,5084.3,0.0363,0.0001,0.0000,77.250,1,293.15,0
7.1333,69.7001,9.7311,0.3453,25.403,25.403,6708.7,5,0.074,1.000,0.000,0.000,0,4274.7,-0.0014,-0.0013,-0.0014,74.655,1,293.15,0,3039.6,-0.0021,-0.0013,-0.0014,74.612,1,293.15,0,3974.3,0.0497,0.0003,0.0000,78.475,1,293.15,0,5089.8,0.0361,0.0003,0.0000,77.459,1,293.15,0
7.1500,70.1223,9.7748,0.3453,25.475,25.475,6726.0,5,0.074,1.000,0.000,0.000,0,4279.0,-0.0014,-0.0011,-0.0012,74.861,1,293.15,0,3051.7,-0.0021,-0.0011,-0.0012,74.827,1,293.15,0,3971.7,0.0495,0.0004,0.0000,78.681,1,293.15,0,5088.7,0.0359,0.0004,0.0000,77.669,1,293.15,0
7.1667,70.5457,9.8187,0.3452,25.546,25.546,6743.3,5,0.075,1.000,0.000,0.000,0,4275.7,-0.0014,-0.0010,-0.0011,75.067,1,293.15,0,3063.9,-0.0021,-0.0010,-0.0011,75.040,1,293.15,0,3979.4,0.0494,0.0006,0.0000,78.887,1,293.15,0,5105.0,0.0357,0.0006,0.0000,77.875,1,293.15,0
7.1833,70.9702,9.8627,0.3452,25.617,25.617,6760.5,5,0.075,1.000,0.000,0.000,0,4282.6,-0.0014,-0.0009,-0.0010,75.272,1,293.15,0,3077.5,-0.0021,-0.0009,-0.0010,75.253,1,293.15,0,3981.2,0.0493,0.0007,0.0000,79.094,1,293.15,0,5116.9,0.0355,0.0007,0.0000,78.080,1,293.15,0
7.2000,71.3959,9.9068,0.3452,25.688,25.688,6777.6,5,0.075,1.000,0.000,0.000,0,4283.6,-0.0014,-0.0008,-0.0009,75.477,1,293.15,0,3108.7,-0.0021,-0.0008,-0.0009,75.465,1,293.15,0,3983.6,0.0492,0.0009,0.0000,79.299,1,293.15,0,5089.2,0.0354,0.0009,0.0000,78.289,1,293.15,0
7.2167,71.8228,9.9510,0.3452,25.758,25.758,6794.7,5,0.075,1.000,0.000,0.000,0,4282.9,-0.0014,-0.0007,-0.0008,75.682,1,293.15,0,3082.9,-0.0021,-0.0007,-0.0008,75.674,1,293.15,0,3992.9,0.0490,0.0010,0.0000,79.503,1,293.15,0,5126.9,0.0352,0.0010,0.0000,78.490,1,293.15,0
7.2333,72.2508,9.9954,0.3451,25.829,25.829,6781.5,6,0.075,1.000,0.000,0.000,0,4286.7,-0.0014,-0.0006,-0.0007,75.887,1,293.15,0,3152.0,-0.0021,-0.0006,-0.0007,75.886,1,293.15,0,3995.5,0.0591,0.0011,0.0000,81.346,1,293.15,0,5147.6,0.0455,0.0011,0.0000,80.346,1,293.15,0
7.2500,72.6806,10.0400,0.3451,25.941,25.941,6738.1,6,0.075,1.000,0.000,0.000,0,4243.8,-0.0019,-0.0007,-0.0007,76.207,1,293.15,0,3100.7,-0.0029,-0.0007,-0.0007,76.208,1,293.15,0,4041.8,0.0912,0.0015,0.0000,83.786,1,293.15,0,5175.4,0.0743,0.0015,0.0000,82.468,1,293.15,0
7.2667,73.1128,10.0849,0.3451,26.092,26.092,6694.8,6,0.075,1.000,0.000,0.000,0,4119.0,-0.0022,-0.0009,-0.0006,76.627,1,293.15,0,2978.6,-0.0034,-0.0009,-0.0006,76.645,1,293.15,0,4171.5,0.1083,0.0020,0.0000,85.365,1,293.15,0,5270.2,0.0869,0.0020,0.0000,83.798,1,293.15,0
7.2833,73.5477,10.1302,0.3451,26.254,26.254,6651.5,6,0.075,1.000,0.000,0.000,0,3942.5,-0.0024,-0.0009,-0.0006,77.080,1,293.15,0,2854.9,-0.0037,-0.0009,-0.0006,77.116,1,293.15,0,4340.5,0.1184,0.0024,0.0000,86.595,1,293.15,0,5433.7,0.0950,0.0024,0.0000,84.905,1,293.15,0
7.3000,73.9854,10.1758,0.3450,26.422,26.422,6608.1,6,0.075,1.000,0.000,0.000,0,3792.9,-0.0026,-0.0009,-0.0005,77.552,1,293.15,0,2741.5,-0.0040,-0.0009,-0.0005,77.603,1,293.15,0,4538.0,0.1252,0.0028,0.0000,87.607,1,293.15,0,5567.9,0.1005,0.0028,0.0000,85.843,1,293.15,0
7.3167,74.4259,10.2219,0.3449,26.595,26.595,6564.8,6,0.075,1.000,0.000,0.000,0,3729.7,-0.0027,-0.0008,-0.0004,78.046,1,293.15,0,2681.6,-0.0042,-0.0008,-0.0004,78.107,1,293.15,0,4639.6,0.1295,0.0032,0.0000,88.473,1,293.15,0,5672.8,0.1041,0.0032,0.0000,86.665,1,293.15,0
7.3333,74.8692,10.2683,0.3448,26.771,26.770,6521.5,6,0.075,1.000,0.000,0.000,0,3726.6,-0.0027,-0.0007,-0.0004,78.554,1,293.15,0,2725.3,-0.0042,-0.0007,-0.0004,78.630,1,293.15,0,4652.5,0.1325,0.0035,0.0000,89.262,1,293.15,0,5690.6,0.1067,0.0035,0.0000,87.436,1,293.15,0
7.3500,75.3155,10.3153,0.3448,26.946,26.946,6478.1,6,0.076,1.000,0.000,0.000,0,3760.6,-0.0027,-0.0006,-0.0004,79.066,1,293.15,0,2783.8,-0.0041,-0.0006,-0.0004,79.158,1,293.15,0,4636.9,0.1349,0.0038,0.0000,90.033,1,293.15,0,5701.8,0.1089,0.0038,0.0000,88.185,1,293.15,0
7.3667,75.7647,10.3626,0.3447,27.121,27.121,6434.8,6,0.076,1.000,0.000,0.000,0,3797.9,-0.0026,-0.0005,-0.0003,79.577,1,293.15,0,2860.0,-0.0040,-0.0005,-0.0003,79.685,1,293.15,0,4602.8,0.1374,0.0041,0.0000,90.810,1,293.15,0,5670.9,0.1112,0.0041,0.0000,88.948,1,293.15,0
7.3833,76.2167,10.4105,0.3447,27.294,27.294,6391.5,6,0.076,1.000,0.000,0.000,0,3848.8,-0.0026,-0.0003,-0.0003,80.084,1,293.15,0,2969.9,-0.0038,-0.0003,-0.0003,80.210,1,293.15,0,4590.0,0.1400,0.0044,0.0000,91.597,1,293.15,0,5650.8,0.1138,0.0043,0.0000,89.725,1,293.15,0
7.4000,76.6715,10.4589,0.3446,27.466,27.465,6348.1,6,0.076,1.000,0.000,0.000,0,3897.8,-0.0025,-0.0002,-0.0003,80.589,1,293.15,0,3005.2,-0.0037,-0.0002,-0.0003,80.723,1,293.15,0,4566.9,0.1428,0.0046,0.0000,92.390,1,293.15,0,5627.5,0.1164,0.0046,0.0000,90.505,1,293.15,0
7.4167,77.1292,10.5077,0.3446,27.637,27.637,6304.8,6,0.076,1.000,0.000,0.000,0,3930.0,-0.0025,-0.0000,-0.0002,81.091,1,293.15,0,3033.4,-0.0036,-0.0000,-0.0002,81.234,1,293.15,0,4584.9,0.1453,0.0048,0.0000,93.162,1,293.15,0,5649.3,0.1188,0.0048,0.0000,91.257,1,293.15,0
7.4333,77.5897,10.5571,0.3446,27.809,27.809,6261.5,6,0.076,1.000,0.000,0.000,0,3902.5,-0.0025,0.0001,-0.0002,81.591,1,293.15,0,3031.5,-0.0036,0.0001,-0.0002,81.740,1,293.15,0,4607.1,0.1475,0.0050,0.0000,93.887,1,293.15,0,5656.0,0.1208,0.0050,0.0000,91.970,1,293.15,0
7.4500,78.0530,10.6070,0.3445,27.982,27.981,6218.1,6,0.076,1.000,0.000,0.000,0,3877.4,-0.0025,0.0003,-0.0002,82.093,1,293.15,0,3032.4,-0.0037,0.0003,-0.0002,82.248,1,293.15,0,4636.2,0.1428,0.0052,0.0000,93.808,1,293.15,0,5701.2,0.1156,0.0052,0.0000,91.802,1,293.15,0
7.4667,78.5192,10.6575,0.3445,28.155,28.155,6174.8,6,0.076,1.000,0.000,0.000,0,3852.9,-0.0026,0.0004,-0.0002,82.600,1,293.15,0,3031.0,-0.0037,0.0004,-0.0002,82.758,1,293.15,0,4662.9,0.1308,0.0053,0.0000,93.341,1,293.15,0,5705.2,0.1026,0.0053,0.0000,91.244,1,293.15,0
7.4833,78.9882,10.7085,0.3445,28.329,28.329,6131.5,6,0.076,1.000,0.000,0.000,0,3968.4,-0.0025,0.0005,-0.0002,83.120,1,293.15,0,3052.9,-0.0036,0.0005,-0.0002,83.269,1,293.15,0,4662.3,0.1175,0.0054,0.0000,92.805,1,293.15,0,5746.6,0.0885,0.0054,0.0000,90.621,1,293.15,0
7.5000,79.4601,10.7602,0.3444,28.504,28.504,6088.1,6,0.076,1.000,0.000,0.000,0,3149.6,-0.0034,0.0006,-0.0001,83.554,1,293.15,0,3054.7,-0.0036,0.0006,-0.0001,83.780,1,293.15,0,4725.0,0.1042,0.0054,0.0000,92.260,1,293.15,0,5742.4,0.0743,0.0054,0.0000,89.988,1,293.15,0
7.5167,79.9348,10.8125,0.3443,28.673,28.673,6044.8,6,0.076,1.000,0.000,0.000,0,3744.1,-0.0029,0.0009,-0.0001,84.121,1,293.15,0,3106.2,-0.0034,0.0009,-0.0001,84.275,1,293.15,0,4810.5,0.0903,0.0051,0.0000,91.619,1,293.15,0,5711.4,0.0632,0.0051,0.0000,89.666,1,293.15,0
7.5333,80.4120,10.8653,0.3441,28.829,28.829,6001.5,6,0.076,1.000,0.000,0.000,0,3454.7,-0.0025,0.0011,-0.0001,84.586,1,293.15,0,3215.4,-0.0030,0.0011,-0.0001,84.733,1,293.15,0,4804.3,0.0772,0.0046,0.0000,91.068,1,293.15,0,5686.8,0.0553,0.0046,0.0000,89.487,1,293.15,0
7.5500,80.8916,10.9187,0.3440,28.968,28.967,5958.1,6,0.076,1.000,0.000,0.000,0,3743.7,-0.0024,0.0013,-0.0001,85.029,1,293.15,0,3329.4,-0.0027,0.0013,-0.0001,85.140,1,293.15,0,4847.4,0.0661,0.0042,0.0000,90.592,1,293.15,0,5617.5,0.0484,0.0042,0.0000,89.316,1,293.15,0
7.5667,81.3731,10.9726,0.3439,29.086,29.086,5916.5,6,0.077,1.000,0.000,0.000,0,4702.3,-0.0015,0.0014,-0.0001,85.440,1,293.15,0,3475.4,-0.0023,0.0014,-0.0001,85.491,1,293.15,0,4733.2,0.0564,0.0037,0.0000,90.189,1,293.15,0,5551.1,0.0424,0.0037,0.0000,89.144,1,293.15,0
7.5833,81.8563,11.0269,0.3439,29.184,29.184,5894.6,6,0.077,1.000,0.000,0.000,0,3329.0,-0.0020,0.0014,-0.0001,85.673,1,293.15,0,3584.2,-0.0019,0.0014,-0.0001,85.785,1,293.15,0,4626.4,0.0496,0.0033,0.0000,89.978,1,293.15,0,5516.7,0.0368,0.0033,0.0000,88.997,1,293.15,0
7.6000,82.3409,11.0816,0.3438,29.268,29.267,5887.5,6,0.077,1.000,0.000,0.000,0,3702.8,-0.0018,0.0014,-0.0001,85.947,1,293.15,0,3641.4,-0.0018,0.0014,-0.0001,86.025,1,293.15,0,4658.8,0.0450,0.0030,0.0000,89.868,1,293.15,0,5305.5,0.0342,0.0030,0.0000,89.081,1,293.15,0
7.6167,82.8266,11.1366,0.3437,29.341,29.341,5889.0,6,0.077,1.000,0.000,0.000,0,4051.4,-0.0015,0.0014,-0.0001,86.190,1,293.15,0,3745.5,-0.0016,0.0014,-0.0001,86.237,1,293.15,0,4673.6,0.0416,0.0026,0.0000,89.834,1,293.15,0,5140.1,0.0338,0.0026,0.0000,89.280,1,293.15,0
7.6333,83.3135,11.1919,0.3436,29.409,29.409,5895.7,6,0.077,1.000,0.000,0.000,0,4219.3,-0.0014,0.0013,-0.0001,86.401,1,293.15,0,3889.4,-0.0015,0.0013,-0.0001,86.436,1,293.15,0,4674.5,0.0395,0.0022,0.0000,89.890,1,293.15,0,5032.7,0.0340,0.0022,0.0000,89.499,1,293.15,0
7.6500,83.8015,11.2474,0.3435,29.474,29.474,5905.0,6,0.077,1.000,0.000,0.000,0,4419.8,-0.0013,0.0012,-0.0001,86.602,1,293.15,0,3899.0,-0.0015,0.0012,-0.0001,86.623,1,293.15,0,4660.0,0.0384,0.0020,0.0000,90.008,1,293.15,0,5009.7,0.0341,0.0020,0.0000,89.699,1,293.15,0
7.6667,84.2904,11.3033,0.3435,29.537,29.537,5915.1,6,0.077,1.000,0.000,0.000,0,4475.8,-0.0012,0.0010,-0.0001,86.792,1,293.15,0,3959.7,-0.0015,0.0010,-0.0001,86.812,1,293.15,0,4634.1,0.0378,0.0018,0.0000,90.170,1,293.15,0,5100.3,0.0339,0.0018,0.0000,89.856,1,293.15,0
7.6833,84.7805,11.3594,0.3436,29.602,29.602,5925.0,6,0.077,1.000,0.000,0.000,0,4338.4,-0.0013,0.0009,-0.0000,86.975,1,293.15,0,3923.9,-0.0015,0.0009,-0.0000,87.001,1,293.15,0,4630.1,0.0376,0.0017,0.0000,90.351,1,293.15,0,5159.7,0.0331,0.0017,0.0000,89.985,1,293.15,0
7.7000,85.2716,11.4157,0.3437,29.666,29.666,5934.9,6,0.077,1.000,0.000,0.000,0,4058.8,-0.0014,0.0007,-0.0000,87.154,1,293.15,0,3787.1,-0.0015,0.0007,-0.0000,87.185,1,293.15,0,4651.4,0.0374,0.0016,0.0000,90.526,1,293.15,0,5188.2,0.0324,0.0016,0.0000,90.125,1,293.15,0
7.7167,85.7637,11.4722,0.3437,29.730,29.730,5945.2,6,0.077,1.000,0.000,0.000,0,4030.4,-0.0014,0.0007,-0.0000,87.341,1,293.15,0,3712.2,-0.0016,0.0007,-0.0000,87.369,1,293.15,0,4688.3,0.0370,0.0015,0.0000,90.679,1,293.15,0,5127.7,0.0322,0.0015,0.0000,90.310,1,293.15,0
7.7333,86.2569,11.5289,0.3437,29.793,29.793,5955.9,6,0.077,1.000,0.000,0.000,0,4040.0,-0.0014,0.0006,-0.0000,87.529,1,293.15,0,3705.0,-0.0016,0.0006,-0.0000,87.551,1,293.15,0,4717.4,0.0363,0.0013,0.0000,90.817,1,293.15,0,5144.2,0.0323,0.0013,0.0000,90.506,1,293.15,0
7.7500,86.7511,11.5859,0.3436,29.856,29.856,5966.6,6,0.077,1.000,0.000,0.000,0,4071.2,-0.0014,0.0006,-0.0000,87.717,1,293.15,0,3724.9,-0.0016,0.0006,-0.0000,87.737,1,293.15,0,4731.0,0.0359,0.0012,0.0000,90.977,1,293.15,0,5143.2,0.0322,0.0012,0.0000,90.687,1,293.15,0
7.7667,87.2463,11.6430,0.3435,29.918,29.918,5977.8,6,0.077,1.000,0.000,0.000,0,4289.4,-0.0013,0.0005,-0.0000,87.907,1,293.15,0,3828.4,-0.0015,0.0005,-0.0000,87.924,1,293.15,0,4696.8,0.0357,0.0012,0.0000,91.157,1,293.15,0,5122.2,0.0322,0.0012,0.0000,90.875,1,293.15,0
7.7833,87.7425,11.7004,0.3435,29.979,29.979,5989.7,6,0.077,1.000,0.000,0.000,0,4208.9,-0.0013,0.0005,-0.0000,88.084,1,293.15,0,3879.2,-0.0015,0.0005,-0.0000,88.106,1,293.15,0,4694.8,0.0357,0.0011,0.0000,91.345,1,293.15,0,5098.4,0.0322,0.0011,0.0000,91.067,1,293.15,0
7.8000,88.2398,11.7579,0.3435,30.040,30.040,6001.8,6,0.077,1.000,0.000,0.000,0,4265.7,-0.0014,0.0004,-0.0000,88.264,1,293.15,0,3901.4,-0.0015,0.0004,-0.0000,88.286,1,293.15,0,4720.3,0.0357,0.0011,0.0000,91.525,1,293.15,0,5092.6,0.0323,0.0011,0.0000,91.260,1,293.15,0
7.8167,88.7380,11.8156,0.3434,30.101,30.101,6013.5,6,0.077,1.000,0.000,0.000,0,4503.0,-0.0012,0.0004,-0.0000,88.451,1,293.15,0,3894.8,-0.0015,0.0004,-0.0000,88.466,1,293.15,0,4759.3,0.0357,0.0010,0.0000,91.699,1,293.15,0,5171.5,0.0323,0.0010,0.0000,91.429,1,293.15,0
7.8333,89.2373,11.8735,0.3435,30.164,30.164,6024.2,6,0.077,1.000,0.000,0.000,0,4346.4,-0.0013,0.0003,-0.0000,88.628,1,293.15,0,3867.8,-0.0015,0.0003,-0.0000,88.649,1,293.15,0,4761.0,0.0356,0.0010,0.0000,91.882,1,293.15,0,5205.5,0.0318,0.0010,0.0000,91.581,1,293.15,0
7.8500,89.7375,11.9316,0.3435,30.225,30.225,6035.3,6,0.077,1.000,0.000,0.000,0,4363.7,-0.0013,0.0003,-0.0000,88.808,1,293.15,0,3841.7,-0.0015,0.0003,-0.0000,88.830,1,293.15,0,4743.3,0.0356,0.0010,0.0000,92.070,1,293.15,0,5187.7,0.0316,0.0010,0.0000,91.752,1,293.15,0
7.8667,90.2388,11.9898,0.3436,30.287,30.287,6046.6,6,0.077,1.000,0.000,0.000,0,3951.5,-0.0013,0.0003,-0.0000,88.975,1,293.15,0,3795.2,-0.0015,0.0003,-0.0000,89.008,1,293.15,0,4753.4,0.0356,0.0010,0.0000,92.254,1,293.15,0,5224.5,0.0314,0.0010,0.0000,91.917,1,293.15,0
7.8833,90.7411,12.0483,0.3435,30.348,30.348,6058.0,6,0.077,1.000,0.000,0.000,0,4001.7,-0.0014,0.0003,-0.0000,89.156,1,293.15,0,3782.8,-0.0015,0.0003,-0.0000,89.187,1,293.15,0,4785.9,0.0354,0.0010,0.0000,92.420,1,293.15,0,5139.9,0.0314,0.0010,0.0000,92.121,1,293.15,0
7.9000,91.2444,12.1069,0.3435,30.409,30.409,6069.0,6,0.077,1.000,0.000,0.000,0,4120.7,-0.0013,0.0003,-0.0000,89.342,1,293.15,0,3812.1,-0.0015,0.0003,-0.0000,89.367,1,293.15,0,4801.2,0.0351,0.0010,0.0000,92.582,1,293.15,0,5126.5,0.0314,0.0010,0.0000,92.304,1,293.15,0
7.9167,91.7487,12.1657,0.3434,30.469,30.469,6080.7,6,0.077,1.000,0.000,0.000,0,4106.0,-0.0013,0.0003,-0.0000,89.520,1,293.15,0,3885.8,-0.0015,0.0003,-0.0000,89.545,1,293.15,0,4793.8,0.0348,0.0009,0.0000,92.742,1,293.15,0,5149.0,0.0318,0.0009,0.0000,92.510,1,293.15,0
7.9333,92.2540,12.2246,0.3433,30.530,30.530,6092.0,6,0.078,1.000,0.000,0.000,0,4134.9,-0.0013,0.0003,-0.0000,89.700,1,293.15,0,3947.2,-0.0014,0.0003,-0.0000,89.727,1,293.15,0,4812.8,0.0347,0.0009,0.0000,92.916,1,293.15,0,5126.2,0.0317,0.0009,0.0000,92.689,1,293.15,0
7.9500,92.7603,12.2838,0.3433,30.591,30.590,6103.4,6,0.078,1.000,0.000,0.000,0,4173.9,-0.0013,0.0003,-0.0000,89.879,1,293.15,0,3967.1,-0.0014,0.0003,-0.0000,89.904,1,293.15,0,4828.0,0.0345,0.0009,0.0000,93.082,1,293.15,0,5116.1,0.0318,0.0009,0.0000,92.879,1,293.15,0
7.9667,93.2676,12.3430,0.3433,30.651,30.651,6114.5,6,0.078,1.000,0.000,0.000,0,4220.3,-0.0012,0.0003,-0.0000,90.059,1,293.15,0,3976.3,-0.0014,0.0003,-0.0000,90.081,1,293.15,0,4866.8,0.0342,0.0009,0.0000,93.242,1,293.15,0,5134.8,0.0317,0.0009,0.0000,93.058,1,293.15,0
7.9833,93.7758,12.4025,0.3433,30.711,30.711,6125.5,6,0.078,1.000,0.000,0.000,0,4177.1,-0.0013,0.0003,-0.0000,90.236,1,293.15,0,3988.0,-0.0014,0.0003,-0.0000,90.259,1,293.15,0,4831.6,0.0340,0.0008,0.0000,93.414,1,293.15,0,5175.5,0.0318,0.0008,0.0000,93.235,1,293.15,0
8.0000,94.2851,12.4622,0.3433,30.772,30.772,6136.5,6,0.078,1.000,0.000,0.000,0,4126.3,-0.0013,0.0002,-0.0000,90.412,1,293.15,0,3959.0,-0.0014,0.0002,-0.0000,90.435,1,293.15,0,4829.9,0.0339,0.0008,0.0000,93.592,1,293.15,0,5048.2,0.0316,0.0008,0.0000,93.426,1,293.15,0
8.0167,94.7953,12.5220,0.3433,30.832,30.832,6147.6,6,0.078,1.000,0.000,0.000,0,4151.2,-0.0013,0.0002,-0.0000,90.589,1,293.15,0,3954.5,-0.0014,0.0002,-0.0000,90.612,1,293.15,0,4861.8,0.0337,0.0008,0.0000,93.757,1,293.15,0,5028.6,0.0316,0.0008,0.0000,93.611,1,293.15,0
8.0333,95.3066,12.5819,0.3432,30.892,30.892,6158.6,6,0.078,1.000,0.000,0.000,0,4139.6,-0.0013,0.0002,-0.0000,90.766,1,293.15,0,3974.3,-0.0014,0.0002,-0.0000,90.788,1,293.15,0,4850.8,0.0335,0.0008,0.0000,93.924,1,293.15,0,5120.2,0.0315,0.0008,0.0000,93.773,1,293.15,0
8.0500,95.8188,12.6420,0.3432,30.953,30.953,6169.3,6,0.078,1.000,0.000,0.000,0,4076.9,-0.0013,0.0002,-0.0000,90.941,1,293.15,0,3959.6,-0.0014,0.0002,-0.0000,90.965,1,293.15,0,4859.3,0.0334,0.0008,0.0000,94.094,1,293.15,0,5060.6,0.0313,0.0008,0.0000,93.952,1,293.15,0
8.0667,96.3320,12.7023,0.3432,31.011,31.011,6181.3,6,0.078,1.000,0.000,0.000,0,4157.8,-0.0013,0.0003,-0.0000,91.117,1,293.15,0,3949.0,-0.0014,0.0003,-0.0000,91.134,1,293.15,0,4878.0,0.0331,0.0007,0.0000,94.247,1,293.15,0,4705.8,0.0321,0.0007,0.0000,94.244,1,293.15,0
8.0833,96.8461,12.7628,0.3431,31.066,31.066,6195.5,6,0.078,1.000,0.000,0.000,0,4104.5,-0.0013,0.0003,-0.0000,91.283,1,293.15,0,4068.5,-0.0014,0.0003,-0.0000,91.297,1,293.15,0,4877.1,0.0331,0.0006,0.0000,94.436,1,293.15,0,4819.6,0.0333,0.0006,0.0000,94.459,1,293.15,0
8.1000,97.3612,12.8234,0.3430,31.124,31.124,6207.6,6,0.078,1.000,0.000,0.000,0,4015.9,-0.0013,0.0003,-0.0000,91.453,1,293.15,0,4133.2,-0.0013,0.0003,-0.0000,91.467,1,293.15,0,4926.6,0.0333,0.0005,0.0000,94.608,1,293.15,0,4848.8,0.0332,0.0005,0.0000,94.641,1,293.15,0
8.1167,97.8773,12.8841,0.3428,31.185,31.185,6217.4,6,0.078,1.000,0.000,0.000,0,4021.3,-0.0014,0.0003,-0.0000,91.632,1,293.15,0,4153.0,-0.0014,0.0003,-0.0000,91.645,1,293.15,0,5012.7,0.0328,0.0004,0.0000,94.759,1,293.15,0,4975.9,0.0328,0.0004,0.0000,94.756,1,293.15,0
8.1333,98.3943,12.9450,0.3428,31.246,31.246,6226.4,6,0.078,1.000,0.000,0.000,0,4036.8,-0.0013,0.0003,-0.0000,91.815,1,293.15,0,4167.9,-0.0014,0.0003,-0.0000,91.823,1,293.15,0,5076.8,0.0322,0.0004,0.0000,94.891,1,293.15,0,5008.1,0.0324,0.0004,0.0000,94.903,1,293.15,0
8.1500,98.9124,13.0060,0.3427,31.309,31.308,6234.7,6,0.078,1.000,0.000,0.000,0,3985.5,-0.0014,0.0003,-0.0000,91.997,1,293.15,0,4176.5,-0.0014,0.0003,-0.0000,92.005,1,293.15,0,5140.1,0.0315,0.0003,0.0000,95.016,1,293.15,0,5031.6,0.0318,0.0003,0.0000,95.040,1,293.15,0
8.1667,99.4316,13.0672,0.3427,31.371,31.371,6243.1,6,0.078,1.000,0.000,0.000,0,3988.6,-0.0014,0.0002,-0.0000,92.181,1,293.15,0,4169.5,-0.0014,0.0002,-0.0000,92.185,1,293.15,0,5185.6,0.0310,0.0002,0.0000,95.158,1,293.15,0,5037.1,0.0311,0.0002,0.0000,95.174,1,293.15,0
8.1833,99.9517,13.1286,0.3428,31.431,31.431,6252.6,6,0.078,1.000,0.000,0.000,0,4053.1,-0.0013,0.0002,-0.0000,92.363,1,293.15,0,4164.7,-0.0013,0.0002,-0.0000,92.361,1,293.15,0,5159.7,0.0306,0.0001,0.0000,95.315,1,293.15,0,4990.3,0.0309,0.0001,0.0000,95.344,1,293.15,0
8.2000,100.4728,13.1900,0.3428,31.490,31.490,6263.5,6,0.078,1.000,0.000,0.000,0,4018.4,-0.0013,0.0002,-0.0000,92.536,1,293.15,0,4191.0,-0.0013,0.0002,-0.0000,92.532,1,293.15,0,5102.2,0.0306,0.0001,0.0000,95.495,1,293.15,0,4942.9,0.0310,0.0001,0.0000,95.533,1,293.15,0
8.2167,100.9948,13.2516,0.3428,31.546,31.546,6275.8,6,0.078,1.000,0.000,0.000,0,4016.0,-0.0013,0.0002,-0.0000,92.704,1,293.15,0,4209.5,-0.0013,0.0002,-0.0000,92.699,1,293.15,0,5076.8,0.0307,-0.0000,0.0000,95.685,1,293.15,0,4902.4,0.0313,-0.0000,0.0000,95.734,1,293.15,0
8.2333,101.5178,13.3133,0.3429,31.604,31.604,6287.6,6,0.078,1.000,0.000,0.000,0,4030.4,-0.0013,0.0002,-0.0000,92.873,1,293.15,0,4204.8,-0.0013,0.0002,-0.0000,92.866,1,293.15,0,5065.7,0.0309,-0.0001,0.0000,95.876,1,293.15,0,4902.2,0.0314,-0.0001,0.0000,95.910,1,293.15,0
8.2500,102.0417,13.3751,0.3428,31.660,31.660,6299.6,6,0.078,1.000,0.000,0.000,0,4073.4,-0.0013,0.0001,-0.0000,93.042,1,293.15,0,4216.6,-0.0013,0.0001,-0.0000,93.031,1,293.15,0,5094.0,0.0310,-0.0001,0.0000,96.044,1,293.15,0,4800.1,0.0318,-0.0001,0.0000,96.129,1,293.15,0
8.2667,102.5666,13.4370,0.3428,31.717,31.717,6311.3,6,0.078,1.000,0.000,0.000,0,4033.5,-0.0013,0.0001,-0.0000,93.208,1,293.15,0,4273.5,-0.0013,0.0001,-0.0000,93.199,1,293.15,0,5097.2,0.0309,-0.0002,0.0000,96.214,1,293.15,0,4838.3,0.0320,-0.0002,0.0000,96.310,1,293.15,0
8.2833,103.0924,13.4990,0.3428,31.774,31.774,6322.2,6,0.078,1.000,0.000,0.000,0,4032.0,-0.0013,0.0001,-0.0000,93.377,1,293.15,0,4311.0,-0.0013,0.0001,-0.0000,93.368,1,293.15,0,5139.1,0.0308,-0.0002,0.0000,96.371,1,293.15,0,4922.3,0.0320,-0.0002,0.0000,96.471,1,293.15,0
8.3000,103.6191,13.5611,0.3428,31.833,31.833,6331.8,6,0.078,1.000,0.000,0.000,0,4057.8,-0.0013,0.0001,-0.0000,93.551,1,293.15,0,4256.9,-0.0013,0.0001,-0.0000,93.539,1,293.15,0,5189.4,0.0305,-0.0002,0.0000,96.525,1,293.15,0,5014.2,0.0315,-0.0002,0.0000,96.596,1,293.15,0
8.3167,104.1469,13.6234,0.3428,31.892,31.892,6341.3,6,0.079,1.000,0.000,0.000,0,3988.7,-0.0013,0.0000,-0.0000,93.722,1,293.15,0,4208.2,-0.0013,0.0000,-0.0000,93.709,1,293.15,0,5241.9,0.0301,-0.0003,0.0000,96.659,1,293.15,0,4885.1,0.0314,-0.0003,0.0000,96.789,1,293.15,0
8.3333,104.6756,13.6857,0.3428,31.950,31.950,6351.5,6,0.079,1.000,0.000,0.000,0,4009.7,-0.0013,0.0000,-0.0000,93.894,1,293.15,0,4215.9,-0.0013,0.0000,-0.0000,93.879,1,293.15,0,5238.0,0.0297,-0.0003,0.0000,96.803,1,293.15,0,4850.7,0.0315,-0.0003,0.0000,96.975,1,293.15,0
8.3500,105.2053,13.7481,0.3428,32.007,32.007,6362.1,6,0.079,1.000,0.000,0.000,0,4094.0,-0.0013,0.0000,-0.0000,94.065,1,293.15,0,4233.7,-0.0013,0.0000,-0.0000,94.047,1,293.15,0,5208.3,0.0295,-0.0004,0.0000,96.970,1,293.15,0,4916.1,0.0316,-0.0004,0.0000,97.139,1,293.15,0
8.3667,105.7359,13.8106,0.3427,32.064,32.064,6372.3,6,0.079,1.000,0.000,0.000,0,3968.3,-0.0013,-0.0000,-0.0000,94.229,1,293.15,0,4254.8,-0.0013,-0.0000,-0.0000,94.218,1,293.15,0,5232.9,0.0296,-0.0004,0.0000,97.147,1,293.15,0,4957.6,0.0312,-0.0004,0.0000,97.273,1,293.15,0
8.3833,106.2675,13.8732,0.3427,32.122,32.122,6382.4,6,0.079,1.000,0.000,0.000,0,4017.3,-0.0013,-0.0000,-0.0000,94.399,1,293.15,0,4260.0,-0.0013,-0.0000,-0.0000,94.386,1,293.15,0,5271.7,0.0295,-0.0004,0.0000,97.298,1,293.15,0,4840.9,0.0311,-0.0004,0.0000,97.460,1,293.15,0
8.4000,106.8000,13.9359,0.3427,32.177,32.177,6393.9,6,0.079,1.000,0.000,0.000,0,4102.0,-0.0012,-0.0000,-0.0000,94.566,1,293.15,0,4248.8,-0.0012,-0.0000,-0.0000,94.548,1,293.15,0,5241.5,0.0295,-0.0004,0.0000,97.469,1,293.15,0,4744.3,0.0315,-0.0004,0.0000,97.674,1,293.15,0
8.4167,107.3334,13.9987,0.3427,32.231,32.231,6406.5,6,0.079,1.000,0.000,0.000,0,3988.1,-0.0013,-0.0001,-0.0000,94.721,1,293.15,0,4238.8,-0.0013,-0.0001,-0.0000,94.705,1,293.15,0,5266.6,0.0296,-0.0005,0.0000,97.641,1,293.15,0,4691.3,0.0321,-0.0005,0.0000,97.892,1,293.15,0
8.4333,107.8676,14.0615,0.3425,32.284,32.284,6419.2,6,0.079,1.000,0.000,0.000,0,3937.1,-0.0013,-0.0000,-0.0000,94.879,1,293.15,0,4310.8,-0.0012,-0.0000,-0.0000,94.861,1,293.15,0,5319.3,0.0295,-0.0005,0.0000,97.782,1,293.15,0,4589.6,0.0331,-0.0005,0.0000,98.149,1,293.15,0
8.4500,108.4028,14.1245,0.3424,32.340,32.340,6430.1,6,0.079,1.000,0.000,0.000,0,3992.0,-0.0013,-0.0001,-0.0000,95.044,1,293.15,0,4425.6,-0.0012,-0.0001,-0.0000,95.027,1,293.15,0,5371.8,0.0292,-0.0006,0.0000,97.924,1,293.15,0,4740.2,0.0332,-0.0006,0.0000,98.301,1,293.15,0
8.4667,108.9390,14.1875,0.3422,32.397,32.397,6439.4,6,0.079,1.000,0.000,0.000,0,3439.6,-0.0014,-0.0001,-0.0000,95.195,1,293.15,0,4417.5,-0.0013,-0.0001,-0.0000,95.195,1,293.15,0,5472.0,0.0288,-0.0006,0.0000,98.053,1,293.15,0,4777.7,0.0329,-0.0006,0.0000,98.444,1,293.15,0
8.4833,109.4761,14.2506,0.3421,32.456,32.456,6447.3,6,0.079,1.000,0.000,0.000,0,3698.0,-0.0016,-0.0001,-0.0000,95.371,1,293.15,0,4480.0,-0.0012,-0.0001,-0.0000,95.369,1,293.15,0,5654.3,0.0279,-0.0006,0.0000,98.130,1,293.15,0,4732.5,0.0326,-0.0006,0.0000,98.608,1,293.15,0
8.5000,110.0142,14.3137,0.3419,32.515,32.515,6455.3,6,0.079,1.000,0.000,0.000,0,3972.1,-0.0014,-0.0000,-0.0000,95.559,1,293.15,0,4498.8,-0.0012,-0.0000,-0.0000,95.538,1,293.15,0,5734.0,0.0266,-0.0007,0.0000,98.198,1,293.15,0,4705.4,0.0328,-0.0007,0.0000,98.803,1,293.15,0
8.5167,110.5532,14.3770,0.3419,32.571,32.571,6464.4,6,0.079,1.000,0.000,0.000,0,3938.5,-0.0014,-0.0001,-0.0000,95.728,1,293.15,0,4577.7,-0.0012,-0.0001,-0.0000,95.706,1,293.15,0,5685.8,0.0259,-0.0008,0.0000,98.326,1,293.15,0,4659.0,0.0330,-0.0008,0.0000,98.996,1,293.15,0
8.5333,111.0932,14.4403,0.3419,32.627,32.627,6474.6,6,0.079,1.000,0.000,0.000,0,3879.3,-0.0013,-0.0001,-0.0000,95.890,1,293.15,0,4697.0,-0.0011,-0.0001,-0.0000,95.873,1,293.15,0,5672.1,0.0258,-0.0008,0.0000,98.485,1,293.15,0,4628.6,0.0331,-0.0008,0.0000,99.170,1,293.15,0
8.5500,111.6340,14.5036,0.3419,32.681,32.681,6485.6,6,0.079,1.000,0.000,0.000,0,3662.2,-0.0014,-0.0001,-0.0000,96.041,1,293.15,0,4759.9,-0.0011,-0.0001,-0.0000,96.033,1,293.15,0,5631.9,0.0259,-0.0008,0.0000,98.658,1,293.15,0,4570.9,0.0333,-0.0008,0.0000,99.360,1,293.15,0
8.5667,112.1758,14.5670,0.3418,32.734,32.734,6497.3,6,0.079,1.000,0.000,0.000,0,3905.8,-0.0014,-0.0001,-0.0000,96.207,1,293.15,0,4696.1,-0.0011,-0.0001,-0.0000,96.186,1,293.15,0,5689.5,0.0258,-0.0009,0.0000,98.801,1,293.15,0,4505.4,0.0339,-0.0009,0.0000,99.582,1,293.15,0
8.5833,112.7185,14.6305,0.3418,32.788,32.788,6508.6,6,0.079,1.000,0.000,0.000,0,3749.3,-0.0014,-0.0001,-0.0000,96.362,1,293.15,0,4669.0,-0.0011,-0.0001,-0.0000,96.340,1,293.15,0,5737.2,0.0254,-0.0010,0.0000,98.932,1,293.15,0,4491.6,0.0345,-0.0010,0.0000,99.794,1,293.15,0
8.6000,113.2620,14.6940,0.3418,32.842,32.842,6519.3,6,0.079,1.000,0.000,0.000,0,3780.8,-0.0014,-0.0001,-0.0000,96.523,1,293.15,0,4799.8,-0.0011,-0.0001,-0.0000,96.502,1,293.15,0,5739.7,0.0253,-0.0010,0.0000,99.086,1,293.15,0,4498.9,0.0347,-0.0010,0.0000,99.971,1,293.15,0
8.6167,113.8065,14.7575,0.3418,32.896,32.896,6529.6,6,0.079,1.000,0.000,0.000,0,3973.4,-0.0013,-0.0002,-0.0000,96.688,1,293.15,0,4814.1,-0.0011,-0.0002,-0.0000,96.661,1,293.15,0,5747.4,0.0252,-0.0011,0.0000,99.239,1,293.15,0,4495.7,0.0348,-0.0011,0.0000,100.141,1,293.15,0
8.6333,114.3519,14.8211,0.3419,32.951,32.951,6539.6,6,0.079,1.000,0.000,0.000,0,3985.8,-0.0014,-0.0002,-0.0000,96.848,1,293.15,0,4680.1,-0.0011,-0.0002,-0.0000,96.817,1,293.15,0,5774.0,0.0250,-0.0011,0.0000,99.384,1,293.15,0,4514.7,0.0348,-0.0011,0.0000,100.306,1,293.15,0
8.6500,114.8981,14.8848,0.3419,33.005,33.005,6549.2,6,0.079,1.000,0.000,0.000,0,3905.1,-0.0014,-0.0002,-0.0000,97.006,1,293.15,0,4719.4,-0.0011,-0.0002,-0.0000,96.980,1,293.15,0,5788.7,0.0248,-0.0011,0.0000,99.535,1,293.15,0,4521.1,0.0346,-0.0011,0.0000,100.456,1,293.15,0
8.6667,115.4453,14.9484,0.3419,33.060,33.060,6558.8,6,0.080,1.000,0.000,0.000,0,3796.4,-0.0014,-0.0002,-0.0000,97.162,1,293.15,0,4736.9,-0.0011,-0.0002,-0.0000,97.141,1,293.15,0,5799.2,0.0248,-0.0011,0.0000,99.693,1,293.15,0,4528.2,0.0343,-0.0011,0.0000,100.598,1,293.15,0
8.6833,115.9934,15.0121,0.3419,33.114,33.114,6568.8,6,0.080,1.000,0.000,0.000,0,3765.1,-0.0014,-0.0003,-0.0000,97.319,1,293.15,0,4683.3,-0.0011,-0.0003,-0.0000,97.298,1,293.15,0,5801.1,0.0247,-0.0011,0.0000,99.848,1,293.15,0,4503.9,0.0344,-0.0011,0.0000,100.766,1,293.15,0
8.7000,116.5424,15.0758,0.3419,33.167,33.167,6579.1,6,0.080,1.000,0.000,0.000,0,3892.8,-0.0014,-0.0003,-0.0000,97.480,1,293.15,0,4755.9,-0.0011,-0.0003,-0.0000,97.456,1,293.15,0,5798.1,0.0246,-0.0011,0.0000,100.001,1,293.15,0,4477.1,0.0345,-0.0011,0.0000,100.944,1,293.15,0
8.7167,117.0923,15.1396,0.3418,33.220,33.220,6589.2,6,0.080,1.000,0.000,0.000,0,3841.2,-0.0014,-0.0003,-0.0000,97.635,1,293.15,0,4772.7,-0.0011,-0.0003,-0.0000,97.613,1,293.15,0,5811.0,0.0245,-0.0011,0.0000,100.153,1,293.15,0,4520.2,0.0345,-0.0011,0.0000,101.096,1,293.15,0
8.7333,117.6431,15.2034,0.3418,33.274,33.274,6598.7,6,0.080,1.000,0.000,0.000,0,3865.7,-0.0014,-0.0003,-0.0000,97.794,1,293.15,0,4783.9,-0.0011,-0.0003,-0.0000,97.773,1,293.15,0,5816.5,0.0245,-0.0011,0.0000,100.310,1,293.15,0,4537.8,0.0342,-0.0011,0.0000,101.237,1,293.15,0
8.7500,118.1947,15.2672,0.3418,33.328,33.328,6608.4,6,0.080,1.000,0.000,0.000,0,3931.6,-0.0013,-0.0003,-0.0000,97.954,1,293.15,0,4807.8,-0.0011,-0.0003,-0.0000,97.930,1,293.15,0,5829.8,0.0244,-0.0011,0.0000,100.461,1,293.15,0,4527.2,0.0341,-0.0011,0.0000,101.393,1,293.15,0
8.7667,118.7473,15.3310,0.3418,33.380,33.380,6618.4,6,0.080,1.000,0.000,0.000,0,3963.2,-0.0013,-0.0003,-0.0000,98.110,1,293.15,0,4829.3,-0.0011,-0.0003,-0.0000,98.085,1,293.15,0,5835.4,0.0242,-0.0012,0.0000,100.606,1,293.15,0,4543.6,0.0343,-0.0012,0.0000,101.561,1,293.15,0
8.7833,119.3008,15.3949,0.3418,33.433,33.433,6628.0,6,0.080,1.000,0.000,0.000,0,3897.5,-0.0014,-0.0003,-0.0000,98.263,1,293.15,0,4832.4,-0.0011,-0.0003,-0.0000,98.241,1,293.15,0,5856.8,0.0241,-0.0012,0.0000,100.754,1,293.15,0,4525.0,0.0342,-0.0012,0.0000,101.719,1,293.15,0
8.8000,119.8551,15.4588,0.3418,33.487,33.487,6637.6,6,0.080,1.000,0.000,0.000,0,3791.9,-0.0014,-0.0003,-0.0000,98.415,1,293.15,0,4828.0,-0.0011,-0.0003,-0.0000,98.398,1,293.15,0,5834.0,0.0241,-0.0012,0.0000,100.916,1,293.15,0,4539.1,0.0340,-0.0012,0.0000,101.859,1,293.15,0
8.8167,120.4103,15.5227,0.3418,33.539,33.539,6647.3,6,0.080,1.000,0.000,0.000,0,3747.0,-0.0014,-0.0003,-0.0000,98.568,1,293.15,0,4751.4,-0.0011,-0.0003,-0.0000,98.550,1,293.15,0,5838.9,0.0241,-0.0012,0.0000,101.068,1,293.15,0,4528.3,0.0340,-0.0012,0.0000,102.017,1,293.15,0
8.8333,120.9664,15.5867,0.3418,33.592,33.592,6656.8,6,0.080,1.000,0.000,0.000,0,3732.7,-0.0014,-0.0003,-0.0000,98.723,1,293.15,0,4530.4,-0.0012,-0.0003,-0.0000,98.698,1,293.15,0,5886.8,0.0238,-0.0012,0.0000,101.202,1,293.15,0,4517.4,0.0340,-0.0012,0.0000,102.182,1,293.15,0
8.8500,121.5234,15.6506,0.3417,33.644,33.644,6666.4,6,0.080,1.000,0.000,0.000,0,3834.7,-0.0014,-0.0003,-0.0000,98.880,1,293.15,0,5042.6,-0.0011,-0.0003,-0.0000,98.868,1,293.15,0,5855.8,0.0238,-0.0012,0.0000,101.362,1,293.15,0,4585.0,0.0339,-0.0012,0.0000,102.316,1,293.15,0
8.8667,122.0812,15.7146,0.3416,33.697,33.696,6675.8,6,0.080,1.000,0.000,0.000,0,3860.0,-0.0013,-0.0003,-0.0000,99.035,1,293.15,0,5321.9,-0.0010,-0.0003,-0.0000,99.028,1,293.15,0,5883.7,0.0239,-0.0011,0.0000,101.518,1,293.15,0,4535.4,0.0336,-0.0011,0.0000,102.460,1,293.15,0
8.8833,122.6399,15.7786,0.3417,33.749,33.749,6684.8,6,0.080,1.000,0.000,0.000,0,3853.1,-0.0013,-0.0003,-0.0000,99.191,1,293.15,0,4859.4,-0.0011,-0.0003,-0.0000,99.168,1,293.15,0,6030.4,0.0234,-0.0012,0.0000,101.612,1,293.15,0,4474.4,0.0337,-0.0012,0.0000,102.642,1,293.15,0
8.9000,123.1995,15.8426,0.3417,33.801,33.801,6694.0,6,0.080,1.000,0.000,0.000,0,3864.2,-0.0013,-0.0003,-0.0000,99.346,1,293.15,0,4781.5,-0.0011,-0.0003,-0.0000,99.318,1,293.15,0,5995.3,0.0228,-0.0012,0.0000,101.737,1,293.15,0,4489.7,0.0340,-0.0012,0.0000,102.821,1,293.15,0
8.9167,123.7600,15.9067,0.3418,33.853,33.853,6703.8,6,0.080,1.000,0.000,0.000,0,3778.1,-0.0014,-0.0003,-0.0000,99.493,1,293.15,0,4896.7,-0.0011,-0.0003,-0.0000,99.472,1,293.15,0,5923.8,0.0228,-0.0012,0.0000,101.902,1,293.15,0,4527.1,0.0340,-0.0012,0.0000,102.968,1,293.15,0
8.9333,124.3213,15.9707,0.3418,33.904,33.904,6713.3,6,0.080,1.000,0.000,0.000,0,3750.0,-0.0014,-0.0003,-0.0000,99.642,1,293.15,0,4983.4,-0.0010,-0.0003,-0.0000,99.625,1,293.15,0,5947.3,0.0230,-0.0012,0.0000,102.061,1,293.15,0,4529.1,0.0338,-0.0012,0.0000,103.106,1,293.15,0
8.9500,124.8835,16.0348,0.3418,33.955,33.955,6723.0,6,0.080,1.000,0.000,0.000,0,3781.0,-0.0014,-0.0003,-0.0000,99.793,1,293.15,0,4851.2,-0.0011,-0.0003,-0.0000,99.772,1,293.15,0,5955.6,0.0230,-0.0012,0.0000,102.212,1,293.15,0,4469.6,0.0338,-0.0012,0.0000,103.270,1,293.15,0
8.9667,125.4465,16.0989,0.3417,34.005,34.005,6733.1,6,0.080,1.000,0.000,0.000,0,3726.4,-0.0013,-0.0003,-0.0000,99.942,1,293.15,0,4860.2,-0.0011,-0.0003,-0.0000,99.920,1,293.15,0,5947.9,0.0229,-0.0012,0.0000,102.358,1,293.15,0,4497.3,0.0340,-0.0012,0.0000,103.434,1,293.15,0
8.9833,126.0103,16.1630,0.3417,34.056,34.056,6742.8,6,0.080,1.000,0.000,0.000,0,3763.8,-0.0013,-0.0004,-0.0000,100.089,1,293.15,0,5011.8,-0.0010,-0.0004,-0.0000,100.073,1,293.15,0,5932.4,0.0231,-0.0012,0.0000,102.526,1,293.15,0,4499.2,0.0338,-0.0012,0.0000,103.573,1,293.15,0
9.0000,126.5751,16.2271,0.3417,34.107,34.107,6752.0,6,0.080,1.000,0.000,0.000,0,3843.9,-0.0013,-0.0004,-0.0000,100.241,1,293.15,0,4986.7,-0.0010,-0.0004,-0.0000,100.222,1,293.15,0,5984.3,0.0230,-0.0012,0.0000,102.664,1,293.15,0,4532.0,0.0337,-0.0012,0.0000,103.710,1,293.15,0
9.0167,127.1395,16.2911,0.3419,34.065,34.065,6708.7,6,0.080,0.000,1.000,0.000,0,3802.4,-0.1335,-0.0002,-0.0000,85.263,1,293.15,0,4867.6,-0.0979,-0.0002,-0.0000,89.956,1,293.15,0,5886.1,0.0058,-0.0014,0.0000,100.616,1,293.15,0,4391.6,0.0147,-0.0014,0.0000,101.309,1,293.15,0
9.0333,127.7012,16.3547,0.3425,33.900,33.900,6665.3,6,0.080,0.000,1.000,0.000,0,3846.7,-0.1784,-0.0001,-0.0000,81.038,1,293.15,0,4913.1,-0.1065,-0.0001,-0.0000,88.831,1,293.15,0,5253.1,0.0049,-0.0018,0.0000,100.127,1,293.15,0,4009.6,0.0101,-0.0018,0.0000,100.473,1,293.15,0
9.0500,128.2601,16.4179,0.3431,33.725,33.725,6622.0,6,0.080,0.000,1.000,0.000,0,3919.3,-0.2008,-0.0000,-0.0000,78.830,1,293.15,0,4929.5,-0.1094,-0.0000,-0.0000,88.136,1,293.15,0,4552.8,0.0050,-0.0022,0.0000,99.625,1,293.15,0,3485.5,0.0085,-0.0022,0.0000,99.804,1,293.15,0
9.0667,128.8160,16.4807,0.3435,33.544,33.544,6578.7,6,0.080,0.000,1.000,0.000,0,4009.1,-0.2075,-0.0000,-0.0000,78.000,1,293.15,0,4904.8,-0.1124,-0.0000,-0.0000,87.351,1,293.15,0,4152.0,0.0048,-0.0027,0.0000,99.069,1,293.15,0,3196.3,0.0075,-0.0027,0.0000,99.152,1,293.15,0
9.0833,129.3689,16.5430,0.3438,33.359,33.359,6535.3,6,0.080,0.000,1.000,0.000,0,4117.1,-0.2059,-0.0002,-0.0000,77.888,1,293.15,0,4912.5,-0.1132,-0.0002,-0.0000,86.797,1,293.15,0,3875.7,0.0043,-0.0032,0.0000,98.480,1,293.15,0,2970.6,0.0065,-0.0032,0.0000,98.488,1,293.15,0
9.1000,129.9187,16.6049,0.3438,33.173,33.172,6492.0,6,0.080,0.000,1.000,0.000,0,4222.3,-0.2021,-0.0004,-0.0000,77.936,1,293.15,0,4794.5,-0.1175,-0.0004,-0.0000,85.748,1,293.15,0,3851.4,0.0035,-0.0037,0.0000,97.835,1,293.15,0,2915.9,0.0055,-0.0037,0.0000,97.847,1,293.15,0
9.1167,130.4654,16.6664,0.3436,32.985,32.985,6448.7,6,0.080,0.000,1.000,0.000,0,4287.3,-0.1950,-0.0006,-0.0000,78.198,1,293.15,0,4807.5,-0.1243,-0.0006,-0.0000,84.701,1,293.15,0,4005.4,0.0025,-0.0041,0.0000,97.188,1,293.15,0,2978.9,0.0045,-0.0041,0.0000,97.193,1,293.15,0
9.1333,131.0090,16.7273,0.3434,32.796,32.796,6405.3,6,0.080,0.000,1.000,0.000,0,4138.1,-0.1899,-0.0009,-0.0000,77.962,1,293.15,0,4802.1,-0.1269,-0.0009,-0.0000,83.987,1,293.15,0,4262.0,0.0014,-0.0045,0.0000,96.546,1,293.15,0,3142.9,0.0037,-0.0045,0.0000,96.529,1,293.15,0
9.1500,131.5495,16.7877,0.3433,32.609,32.609,6362.0,6,0.080,0.000,1.000,0.000,0,3895.9,-0.1958,-0.0011,-0.0000,76.665,1,293.15,0,4790.0,-0.1295,-0.0011,-0.0000,83.269,1,293.15,0,4463.5,0.0003,-0.0048,0.0000,95.902,1,293.15,0,3287.8,0.0026,-0.0048,0.0000,95.873,1,293.15,0
9.1667,132.0870,16.8476,0.3432,32.423,32.423,6318.7,6,0.080,0.000,1.000,0.000,0,4035.5,-0.2042,-0.0013,-0.0000,75.755,1,293.15,0,4851.0,-0.1300,-0.0013,-0.0000,82.837,1,293.15,0,4568.0,-0.0006,-0.0051,0.0000,95.256,1,293.15,0,3308.0,0.0015,-0.0051,0.0000,95.233,1,293.15,0
9.1833,132.6213,16.9069,0.3432,32.233,32.232,6275.3,6,0.079,0.000,1.000,0.000,0,4159.8,-0.2037,-0.0014,-0.0000,75.527,1,293.15,0,4925.6,-0.1269,-0.0014,-0.0000,82.715,1,293.15,0,4578.8,-0.0014,-0.0053,0.0000,94.620,1,293.15,0,3278.6,0.0006,-0.0053,0.0000,94.582,1,293.15,0
9.2000,133.1525,16.9656,0.3433,32.042,32.042,6232.0,6,0.079,0.000,1.000,0.000,0,4107.1,-0.2033,-0.0016,-0.0000,75.018,1,293.15,0,4592.2,-0.1298,-0.0016,-0.0000,81.464,1,293.15,0,4495.5,-0.0022,-0.0055,0.0000,93.986,1,293.15,0,3213.1,-0.0004,-0.0055,0.0000,93.926,1,293.15,0
9.2167,133.6806,17.0238,0.3434,31.856,31.856,6188.7,6,0.079,0.000,1.000,0.000,0,3963.7,-0.2056,-0.0019,-0.0000,74.192,1,293.15,0,4539.7,-0.1445,-0.0019,-0.0000,79.725,1,293.15,0,4348.0,-0.0031,-0.0056,0.0000,93.352,1,293.15,0,3150.3,-0.0016,-0.0056,0.0000,93.271,1,293.15,0
9.2333,134.2057,17.0813,0.3434,31.667,31.667,6145.3,6,0.079,0.000,1.000,0.000,0,4110.3,-0.2074,-0.0020,-0.0000,73.815,1,293.15,0,4823.2,-0.1467,-0.0020,-0.0000,79.514,1,293.15,0,4218.3,-0.0040,-0.0057,0.0000,92.715,1,293.15,0,3097.2,-0.0027,-0.0057,0.0000,92.614,1,293.15,0
9.2500,134.7275,17.1383,0.3434,31.471,31.471,6102.0,6,0.078,0.000,1.000,0.000,0,4147.5,-0.2018,-0.0021,-0.0000,73.859,1,293.15,0,4826.3,-0.1373,-0.0021,-0.0000,79.778,1,293.15,0,4162.2,-0.0047,-0.0059,0.0000,92.075,1,293.15,0,3036.7,-0.0036,-0.0059,0.0000,91.953,1,293.15,0
9.2667,135.2461,17.1947,0.3435,31.276,31.275,6058.7,6,0.078,0.000,1.000,0.000,0,4296.3,-0.1971,-0.0022,-0.0000,73.985,1,293.15,0,4693.4,-0.1375,-0.0022,-0.0000,79.043,1,293.15,0,4126.6,-0.0054,-0.0060,0.0000,91.435,1,293.15,0,3043.0,-0.0046,-0.0060,0.0000,91.290,1,293.15,0
9.2833,135.7615,17.2505,0.3435,31.079,31.079,6015.3,6,0.078,0.000,1.000,0.000,0,4178.5,-0.1910,-0.0023,-0.0000,73.839,1,293.15,0,4737.2,-0.1402,-0.0023,-0.0000,78.396,1,293.15,0,4191.9,-0.0061,-0.0060,0.0000,90.797,1,293.15,0,3055.9,-0.0056,-0.0060,0.0000,90.628,1,293.15,0
9.3000,136.2736,17.3057,0.3435,30.881,30.881,5972.0,6,0.078,0.000,1.000,0.000,0,4343.2,-0.1868,-0.0024,-0.0000,73.895,1,293.15,0,4535.1,-0.1427,-0.0024,-0.0000,77.411,1,293.15,0,4207.1,-0.0067,-0.0060,0.0000,90.159,1,293.15,0,3147.8,-0.0065,-0.0060,0.0000,89.969,1,293.15,0
9.3167,136.7826,17.3602,0.3435,30.686,30.686,5928.7,6,0.077,0.000,1.000,0.000,0,4450.1,-0.1858,-0.0026,-0.0000,73.654,1,293.15,0,4614.8,-0.1542,-0.0026,-0.0000,76.126,1,293.15,0,3776.5,-0.0075,-0.0059,0.0000,89.493,1,293.15,0,3296.0,-0.0075,-0.0059,0.0000,89.323,1,293.15,0
9.3333,137.2882,17.4142,0.3435,30.487,30.487,5885.3,6,0.077,0.000,1.000,0.000,0,4284.8,-0.1788,-0.0027,-0.0000,73.504,1,293.15,0,4656.6,-0.1556,-0.0027,-0.0000,75.618,1,293.15,0,3803.3,-0.0085,-0.0058,0.0000,88.832,1,293.15,0,2964.5,-0.0085,-0.0058,0.0000,88.656,1,293.15,0
9.3500,137.7907,17.4676,0.3434,30.290,30.289,5842.0,6,0.077,0.000,1.000,0.000,0,4108.6,-0.1821,-0.0027,-0.0000,72.503,1,293.15,0,4584.5,-0.1541,-0.0027,-0.0000,75.138,1,293.15,0,3878.5,-0.0092,-0.0057,0.0000,88.193,1,293.15,0,3147.8,-0.0094,-0.0057,0.0000,88.005,1,293.15,0
9.3667,138.2898,17.5203,0.3434,30.091,30.091,5798.7,6,0.076,0.000,1.000,0.000,0,4219.7,-0.1835,-0.0027,-0.0000,72.077,1,293.15,0,4642.4,-0.1547,-0.0027,-0.0000,74.681,1,293.15,0,3971.5,-0.0098,-0.0056,0.0000,87.555,1,293.15,0,3144.9,-0.0103,-0.0056,0.0000,87.347,1,293.15,0
9.3833,138.7857,17.5725,0.3434,29.890,29.890,5755.3,6,0.076,0.000,1.000,0.000,0,4240.9,-0.1832,-0.0026,-0.0000,71.619,1,293.15,0,4576.7,-0.1529,-0.0026,-0.0000,74.226,1,293.15,0,4058.9,-0.0104,-0.0055,0.0000,86.922,1,293.15,0,3246.4,-0.0111,-0.0055,0.0000,86.693,1,293.15,0
9.4000,139.2782,17.6241,0.3434,29.689,29.689,5712.0,6,0.076,0.000,1.000,0.000,0,4244.4,-0.1848,-0.0026,-0.0000,71.034,1,293.15,0,4628.2,-0.1533,-0.0026,-0.0000,73.765,1,293.15,0,4015.6,-0.0109,-0.0054,0.0000,86.281,1,293.15,0,3104.4,-0.0121,-0.0054,0.0000,86.025,1,293.15,0
9.4167,139.7674,17.6751,0.3434,29.488,29.488,5668.7,6,0.076,0.000,1.000,0.000,0,4263.0,-0.1889,-0.0025,-0.0000,70.247,1,293.15,0,4611.0,-0.1531,-0.0025,-0.0000,73.240,1,293.15,0,4011.7,-0.0116,-0.0053,0.0000,85.639,1,293.15,0,3219.7,-0.0130,-0.0053,0.0000,85.365,1,293.15,0
9.4333,140.2533,17.7255,0.3435,29.286,29.286,5625.3,6,0.075,0.000,1.000,0.000,0,4321.5,-0.1896,-0.0025,-0.0000,69.808,1,293.15,0,4648.3,-0.1525,-0.0025,-0.0000,72.841,1,293.15,0,3999.2,-0.0122,-0.0052,0.0000,84.992,1,293.15,0,3163.8,-0.0138,-0.0052,0.0000,84.705,1,293.15,0
9.4500,140.7359,17.7754,0.3436,29.084,29.084,5582.0,6,0.075,0.000,1.000,0.000,0,4184.2,-0.1911,-0.0024,-0.0000,69.024,1,293.15,0,4590.7,-0.1534,-0.0024,-0.0000,72.171,1,293.15,0,3925.1,-0.0130,-0.0051,0.0000,84.336,1,293.15,0,3059.8,-0.0148,-0.0051,0.0000,84.036,1,293.15,0
9.4667,141.2152,17.8246,0.3437,28.882,28.882,5538.7,6,0.074,0.000,1.000,0.000,0,4252.1,-0.1926,-0.0023,-0.0000,68.542,1,293.15,0,4596.7,-0.1545,-0.0023,-0.0000,71.615,1,293.15,0,3909.3,-0.0138,-0.0051,0.0000,83.689,1,293.15,0,2950.6,-0.0158,-0.0051,0.0000,83.363,1,293.15,0
9.4833,141.6911,17.8734,0.3438,28.680,28.679,5495.3,6,0.074,0.000,1.000,0.000,0,4352.2,-0.1915,-0.0023,-0.0000,68.256,1,293.15,0,4571.1,-0.1538,-0.0023,-0.0000,71.115,1,293.15,0,3845.0,-0.0145,-0.0050,0.0000,83.040,1,293.15,0,3011.8,-0.0169,-0.0050,0.0000,82.694,1,293.15,0
9.5000,142.1637,17.9215,0.3438,28.477,28.477,5452.0,6,0.074,0.000,1.000,0.000,0,4250.6,-0.1915,-0.0022,-0.0000,67.632,1,293.15,0,4564.1,-0.1562,-0.0022,-0.0000,70.423,1,293.15,0,3834.6,-0.0152,-0.0049,0.0000,82.391,1,293.15,0,3024.8,-0.0178,-0.0049,0.0000,82.036,1,293.15,0
9.5167,142.6329,17.9692,0.3439,28.274,28.274,5408.7,6,0.073,0.000,1.000,0.000,0,4149.1,-0.1942,-0.0022,-0.0000,66.816,1,293.15,0,4536.6,-0.1573,-0.0022,-0.0000,69.808,1,293.15,0,3818.4,-0.0159,-0.0049,0.0000,81.742,1,293.15,0,2987.2,-0.0186,-0.0049,0.0000,81.379,1,293.15,0
9.5333,143.0989,18.0163,0.3439,28.073,28.073,5365.3,6,0.073,0.000,1.000,0.000,0,4224.8,-0.1993,-0.0021,-0.0000,66.079,1,293.15,0,4536.6,-0.1597,-0.0021,-0.0000,69.127,1,293.15,0,3843.1,-0.0167,-0.0049,0.0000,81.100,1,293.15,0,2941.9,-0.0196,-0.0049,0.0000,80.713,1,293.15,0
9.5500,143.5615,18.0628,0.3439,27.871,27.871,5322.0,6,0.073,0.000,1.000,0.000,0,4202.4,-0.2006,-0.0021,-0.0000,65.494,1,293.15,0,4528.6,-0.1618,-0.0021,-0.0000,68.467,1,293.15,0,3869.9,-0.0173,-0.0048,0.0000,80.463,1,293.15,0,2979.2,-0.0206,-0.0048,0.0000,80.052,1,293.15,0
9.5667,144.0207,18.1089,0.3439,27.666,27.666,5278.7,6,0.072,0.000,1.000,0.000,0,4176.8,-0.1989,-0.0020,-0.0000,65.100,1,293.15,0,4548.8,-0.1624,-0.0020,-0.0000,67.953,1,293.15,0,3846.0,-0.0180,-0.0047,0.0000,79.816,1,293.15,0,2959.5,-0.0214,-0.0047,0.0000,79.395,1,293.15,0
9.5833,144.4766,18.1543,0.3440,27.462,27.462,5235.3,6,0.072,0.000,1.000,0.000,0,4275.8,-0.1984,-0.0020,-0.0000,64.768,1,293.15,0,4526.8,-0.1630,-0.0020,-0.0000,67.367,1,293.15,0,3832.0,-0.0187,-0.0047,0.0000,79.166,1,293.15,0,2937.7,-0.0223,-0.0047,0.0000,78.733,1,293.15,0
9.6000,144.9290,18.1993,0.3440,27.257,27.257,5192.0,6,0.072,0.000,1.000,0.000,0,4184.8,-0.1977,-0.0020,-0.0000,64.221,1,293.15,0,4533.0,-0.1642,-0.0020,-0.0000,66.794,1,293.15,0,3784.6,-0.0194,-0.0046,0.0000,78.511,1,293.15,0,2905.0,-0.0233,-0.0046,0.0000,78.068,1,293.15,0
9.6167,145.3781,18.2438,0.3441,27.052,27.052,5148.7,6,0.071,0.000,1.000,0.000,0,4268.2,-0.1988,-0.0019,-0.0000,63.746,1,293.15,0,4588.4,-0.1643,-0.0019,-0.0000,66.345,1,293.15,0,3733.4,-0.0202,-0.0045,0.0000,77.857,1,293.15,0,2856.8,-0.0243,-0.0045,0.0000,77.401,1,293.15,0
9.6333,145.8238,18.2877,0.3441,26.846,26.846,5105.3,6,0.071,0.000,1.000,0.000,0,4186.2,-0.1980,-0.0019,-0.0000,63.215,1,293.15,0,4532.8,-0.1638,-0.0019,-0.0000,65.786,1,293.15,0,3712.4,-0.0210,-0.0045,0.0000,77.203,1,293.15,0,2871.0,-0.0252,-0.0045,0.0000,76.742,1,293.15,0
9.6500,146.2661,18.3311,0.3442,26.640,26.640,5062.0,6,0.070,0.000,1.000,0.000,0,4211.1,-0.1989,-0.0018,-0.0000,62.707,1,293.15,0,4509.9,-0.1653,-0.0018,-0.0000,65.147,1,293.15,0,3693.3,-0.0218,-0.0044,0.0000,76.549,1,293.15,0,2879.8,-0.0261,-0.0044,0.0000,76.084,1,293.15,0
9.6667,146.7050,18.3741,0.3442,26.435,26.434,5018.7,6,0.070,0.000,1.000,0.000,0,4151.7,-0.2005,-0.0018,-0.0000,62.004,1,293.15,0,4474.9,-0.1677,-0.0018,-0.0000,64.437,1,293.15,0,3676.3,-0.0225,-0.0043,0.0000,75.898,1,293.15,0,2875.1,-0.0270,-0.0043,0.0000,75.425,1,293.15,0
9.6833,147.1405,18.4165,0.3443,26.228,26.228,4975.3,6,0.070,0.000,1.000,0.000,0,4112.5,-0.2000,-0.0018,-0.0000,61.515,1,293.15,0,4497.1,-0.1696,-0.0018,-0.0000,63.846,1,293.15,0,3658.6,-0.0232,-0.0042,0.0000,75.247,1,293.15,0,2879.7,-0.0279,-0.0042,0.0000,74.765,1,293.15,0
9.7000,147.5727,18.4584,0.3443,26.023,26.023,4932.0,6,0.069,0.000,1.000,0.000,0,4132.6,-0.2036,-0.0017,-0.0000,60.819,1,293.15,0,4477.1,-0.1707,-0.0017,-0.0000,63.241,1,293.15,0,3643.7,-0.0240,-0.0042,0.0000,74.596,1,293.15,0,2847.6,-0.0289,-0.0042,0.0000,74.103,1,293.15,0
9.7167,148.0014,18.4999,0.3444,25.817,25.817,4888.7,6,0.069,0.000,1.000,0.000,0,4129.1,-0.2063,-0.0017,-0.0000,60.160,1,293.15,0,4444.1,-0.1719,-0.0017,-0.0000,62.621,1,293.15,0,3628.1,-0.0248,-0.0041,0.0000,73.944,1,293.15,0,2851.4,-0.0298,-0.0041,0.0000,73.448,1,293.15,0
9.7333,148.4267,18.5409,0.3444,25.611,25.611,4845.3,6,0.068,0.000,1.000,0.000,0,4171.0,-0.2060,-0.0016,-0.0000,59.747,1,293.15,0,4461.1,-0.1726,-0.0016,-0.0000,62.093,1,293.15,0,3627.1,-0.0256,-0.0041,0.0000,73.295,1,293.15,0,2832.8,-0.0307,-0.0041,0.0000,72.788,1,293.15,0
9.7500,148.8486,18.5813,0.3444,25.404,25.404,4802.0,6,0.068,0.000,1.000,0.000,0,4137.1,-0.2067,-0.0016,-0.0000,59.167,1,293.15,0,4469.6,-0.1727,-0.0016,-0.0000,61.589,1,293.15,0,3606.7,-0.0263,-0.0040,0.0000,72.645,1,293.15,0,2800.5,-0.0318,-0.0040,0.0000,72.120,1,293.15,0
9.7667,149.2670,18.6214,0.3445,25.197,25.197,4758.7,6,0.068,0.000,1.000,0.000,0,4181.3,-0.2073,-0.0015,-0.0000,58.710,1,293.15,0,4465.9,-0.1732,-0.0015,-0.0000,61.038,1,293.15,0,3597.0,-0.0271,-0.0039,0.0000,71.997,1,293.15,0,2774.6,-0.0329,-0.0039,0.0000,71.450,1,293.15,0
9.7833,149.6821,18.6609,0.3445,24.989,24.989,4715.3,6,0.067,0.000,1.000,0.000,0,4192.6,-0.2073,-0.0015,-0.0000,58.232,1,293.15,0,4487.1,-0.1736,-0.0015,-0.0000,60.532,1,293.15,0,3575.0,-0.0278,-0.0039,0.0000,71.348,1,293.15,0,2742.8,-0.0339,-0.0039,0.0000,70.783,1,293.15,0
9.8000,150.0937,18.7000,0.3446,24.781,24.781,4672.0,6,0.067,0.000,1.000,0.000,0,4221.2,-0.2063,-0.0015,-0.0000,57.829,1,293.15,0,4469.0,-0.1742,-0.0015,-0.0000,59.959,1,293.15,0,3553.5,-0.0285,-0.0038,0.0000,70.697,1,293.15,0,2794.3,-0.0349,-0.0038,0.0000,70.129,1,293.15,0
9.8167,150.5018,18.7386,0.3446,24.571,24.571,4628.7,6,0.066,0.000,1.000,0.000,0,4246.9,-0.2047,-0.0014,-0.0000,57.468,1,293.15,0,4432.4,-0.1745,-0.0014,-0.0000,59.375,1,293.15,0,3519.5,-0.0293,-0.0037,0.0000,70.036,1,293.15,0,2800.7,-0.0357,-0.0037,0.0000,69.476,1,293.15,0
9.8333,150.9064,18.7767,0.3447,24.360,24.360,4585.3,6,0.066,0.000,1.000,0.000,0,4428.9,-0.1987,-0.0014,-0.0000,57.563,1,293.15,0,4429.5,-0.1765,-0.0014,-0.0000,58.734,1,293.15,0,3466.3,-0.0301,-0.0036,0.0000,69.368,1,293.15,0,2792.8,-0.0365,-0.0036,0.0000,68.823,1,293.15,0
9.8500,151.3075,18.8144,0.3448,24.144,24.144,4542.0,6,0.066,0.000,1.000,0.000,0,4582.5,-0.1840,-0.0015,-0.0000,58.077,1,293.15,0,4405.5,-0.1782,-0.0015,-0.0000,58.085,1,293.15,0,3379.1,-0.0309,-0.0033,0.0000,68.682,1,293.15,0,2833.4,-0.0370,-0.0033,0.0000,68.186,1,293.15,0
9.8667,151.7050,18.8516,0.3450,23.930,23.930,4498.7,6,0.065,0.000,1.000,0.000,0,4725.9,-0.1821,-0.0015,-0.0000,57.760,1,293.15,0,4362.3,-0.1808,-0.0015,-0.0000,57.357,1,293.15,0,3283.4,-0.0321,-0.0031,0.0000,67.977,1,293.15,0,2859.7,-0.0374,-0.0031,0.0000,67.558,1,293.15,0
9.8833,152.0992,18.8884,0.3451,23.725,23.725,4455.3,6,0.065,0.000,1.000,0.000,0,3915.0,-0.2076,-0.0013,-0.0000,54.774,1,293.15,0,4248.4,-0.1876,-0.0013,-0.0000,56.322,1,293.15,0,3238.3,-0.0339,-0.0031,0.0000,67.283,1,293.15,0,2868.7,-0.0380,-0.0031,0.0000,66.938,1,293.15,0
9.9000,152.4900,18.9247,0.3451,23.526,23.526,4412.0,6,0.064,0.000,1.000,0.000,0,3907.0,-0.2250,-0.0012,-0.0000,53.431,1,293.15,0,4194.0,-0.1967,-0.0012,-0.0000,55.259,1,293.15,0,3318.2,-0.0352,-0.0031,0.0000,66.640,1,293.15,0,2809.3,-0.0390,-0.0031,0.0000,66.290,1,293.15,0
9.9167,152.8775,18.9607,0.3451,23.324,23.324,4368.6,6,0.064,0.000,1.000,0.000,0,3961.7,-0.2259,-0.0012,-0.0000,52.993,1,293.15,0,4205.3,-0.2030,-0.0012,-0.0000,54.469,1,293.15,0,3385.5,-0.0358,-0.0030,0.0000,66.025,1,293.15,0,2796.8,-0.0404,-0.0030,0.0000,65.622,1,293.15,0
9.9333,153.2616,18.9962,0.3450,23.118,23.118,4325.3,6,0.063,0.000,1.000,0.000,0,4183.8,-0.2202,-0.0012,-0.0000,53.131,1,293.15,0,4331.9,-0.2024,-0.0012,-0.0000,54.182,1,293.15,0,3446.8,-0.0362,-0.0028,0.0000,65.411,1,293.15,0,2816.9,-0.0417,-0.0028,0.0000,64.958,1,293.15,0
9.9500,153.6422,19.0313,0.3450,22.903,22.903,4282.0,6,0.063,0.000,1.000,0.000,0,4573.1,-0.2001,-0.0013,-0.0000,54.200,1,293.15,0,4436.7,-0.1954,-0.0013,-0.0000,54.188,1,293.15,0,3323.3,-0.0366,-0.0026,0.0000,64.748,1,293.15,0,2824.8,-0.0427,-0.0026,0.0000,64.295,1,293.15,0
9.9667,154.0191,19.0660,0.3451,22.683,22.683,4238.6,6,0.063,0.000,1.000,0.000,0,4479.4,-0.1846,-0.0012,-0.0000,54.303,1,293.15,0,4483.6,-0.1881,-0.0012,-0.0000,54.087,1,293.15,0,3200.1,-0.0377,-0.0023,0.0000,64.039,1,293.15,0,2841.5,-0.0432,-0.0023,0.0000,63.655,1,293.15,0
9.9833,154.3924,19.1002,0.3453,22.465,22.465,4195.3,6,0.062,0.000,1.000,0.000,0,4494.6,-0.1840,-0.0011,-0.0000,53.800,1,293.15,0,4407.6,-0.1872,-0.0011,-0.0000,53.488,1,293.15,0,3104.3,-0.0393,-0.0022,0.0000,63.322,1,293.15,0,2840.6,-0.0435,-0.0022,0.0000,63.026,1,293.15,0
10.0000,154.7621,19.1340,0.3455,22.252,22.251,4152.0,6,0.062,0.000,1.000,0.000,0,4282.2,-0.1897,-0.0011,-0.0000,52.687,1,293.15,0,4263.8,-0.1935,-0.0011,-0.0000,52.452,1,293.15,0,3046.0,-0.0406,-0.0020,0.0000,62.627,1,293.15,0,2852.1,-0.0439,-0.0020,0.0000,62.398,1,293.15,0
10.0167,155.1285,19.1675,0.3456,22.044,22.044,4108.6,6,0.061,0.000,1.000,0.000,0,4100.2,-0.2036,-0.0010,-0.0000,51.261,1,293.15,0,4147.5,-0.2043,-0.0010,-0.0000,51.259,1,293.15,0,3046.5,-0.0422,-0.0019,0.0000,61.948,1,293.15,0,2856.4,-0.0446,-0.0019,0.0000,61.769,1,293.15,0
10.0333,155.4914,19.2005,0.3456,21.840,21.840,4065.3,6,0.061,0.000,1.000,0.000,0,4046.5,-0.2156,-0.0009,-0.0000,50.131,1,293.15,0,4063.9,-0.2142,-0.0009,-0.0000,50.200,1,293.15,0,3065.2,-0.0435,-0.0018,0.0000,61.292,1,293.15,0,2840.9,-0.0455,-0.0018,0.0000,61.131,1,293.15,0
10.0500,155.8510,19.2332,0.3456,21.636,21.636,4022.0,6,0.060,0.000,1.000,0.000,0,4142.8,-0.2190,-0.0009,-0.0000,49.627,1,293.15,0,4101.3,-0.2183,-0.0009,-0.0000,49.582,1,293.15,0,3075.7,-0.0446,-0.0017,0.0000,60.650,1,293.15,0,2825.8,-0.0468,-0.0017,0.0000,60.479,1,293.15,0
10.0667,156.2071,19.2655,0.3455,21.428,21.428,3978.6,6,0.060,0.000,1.000,0.000,0,4263.6,-0.2145,-0.0009,-0.0000,49.510,1,293.15,0,4173.9,-0.2181,-0.0009,-0.0000,49.204,1,293.15,0,3086.1,-0.0454,-0.0015,0.0000,60.009,1,293.15,0,2843.4,-0.0479,-0.0015,0.0000,59.829,1,293.15,0
10.0833,156.5597,19.2975,0.3455,21.216,21.216,3935.3,6,0.060,0.000,1.000,0.000,0,4265.4,-0.2091,-0.0008,-0.0000,49.257,1,293.15,0,4243.7,-0.2140,-0.0008,-0.0000,48.988,1,293.15,0,3063.9,-0.0463,-0.0013,0.0000,59.350,1,293.15,0,2865.3,-0.0488,-0.0013,0.0000,59.187,1,293.15,0
10.1000,156.9088,19.3290,0.3455,21.003,21.003,3892.0,6,0.059,0.000,1.000,0.000,0,4208.2,-0.2110,-0.0007,-0.0000,48.569,1,293.15,0,4261.6,-0.2107,-0.0007,-0.0000,48.653,1,293.15,0,3059.3,-0.0474,-0.0012,0.0000,58.688,1,293.15,0,2863.9,-0.0495,-0.0012,0.0000,58.545,1,293.15,0
10.1167,157.2543,19.3603,0.3456,20.790,20.790,3848.7,6,0.059,0.000,1.000,0.000,0,4266.1,-0.2120,-0.0006,-0.0000,48.097,1,293.15,0,4265.5,-0.2097,-0.0006,-0.0000,48.183,1,293.15,0,3030.8,-0.0485,-0.0012,0.0000,58.024,1,293.15,0,2826.7,-0.0504,-0.0012,0.0000,57.888,1,293.15,0
10.1333,157.5963,19.3911,0.3456,20.577,20.577,3805.3,6,0.058,0.000,1.000,0.000,0,4309.8,-0.2101,-0.0006,-0.0000,47.726,1,293.15,0,4252.6,-0.2108,-0.0006,-0.0000,47.607,1,293.15,0,3012.8,-0.0495,-0.0011,0.0000,57.365,1,293.15,0,2787.1,-0.0516,-0.0011,0.0000,57.220,1,293.15,0
10.1500,157.9348,19.4216,0.3457,20.363,20.363,3762.0,6,0.058,0.000,1.000,0.000,0,4298.7,-0.2084,-0.0006,-0.0000,47.271,1,293.15,0,4231.3,-0.2127,-0.0006,-0.0000,46.985,1,293.15,0,2974.1,-0.0505,-0.0009,0.0000,56.704,1,293.15,0,2779.4,-0.0528,-0.0009,0.0000,56.558,1,293.15,0
10.1667,158.2697,19.4517,0.3458,20.151,20.151,3718.7,6,0.057,0.000,1.000,0.000,0,4168.6,-0.2133,-0.0005,-0.0000,46.373,1,293.15,0,4202.1,-0.2151,-0.0005,-0.0000,46.338,1,293.15,0,2953.3,-0.0517,-0.0008,0.0000,56.039,1,293.15,0,2785.5,-0.0538,-0.0008,0.0000,55.912,1,293.15,0
10.1833,158.6012,19.4815,0.3458,19.941,19.941,3675.3,6,0.057,0.000,1.000,0.000,0,4167.7,-0.2196,-0.0004,-0.0000,45.606,1,293.15,0,4169.5,-0.2184,-0.0004,-0.0000,45.654,1,293.15,0,2949.0,-0.0530,-0.0008,0.0000,55.381,1,293.15,0,2780.3,-0.0548,-0.0008,0.0000,55.267,1,293.15,0
10.2000,158.9291,19.5109,0.3458,19.730,19.730,3632.0,6,0.056,0.000,1.000,0.000,0,4226.5,-0.2199,-0.0004,-0.0000,45.175,1,293.15,0,4158.8,-0.2212,-0.0004,-0.0000,45.027,1,293.15,0,2945.9,-0.0541,-0.0007,0.0000,54.730,1,293.15,0,2761.8,-0.0559,-0.0007,0.0000,54.615,1,293.15,0
10.2167,159.2536,19.5400,0.3459,19.518,19.518,3588.7,6,0.056,0.000,1.000,0.000,0,4209.8,-0.2194,-0.0004,-0.0000,44.671,1,293.15,0,4169.8,-0.2229,-0.0004,-0.0000,44.471,1,293.15,0,2929.4,-0.0552,-0.0006,0.0000,54.076,1,293.15,0,2758.6,-0.0571,-0.0006,0.0000,53.962,1,293.15,0
10.2333,159.5745,19.5688,0.3459,19.306,19.306,3545.3,6,0.056,0.000,1.000,0.000,0,4165.2,-0.2223,-0.0003,-0.0000,43.985,1,293.15,0,4170.3,-0.2237,-0.0003,-0.0000,43.935,1,293.15,0,2921.7,-0.0563,-0.0006,0.0000,53.421,1,293.15,0,2767.6,-0.0581,-0.0006,0.0000,53.317,1,293.15,0
10.2500,159.8919,19.5972,0.3459,19.094,19.094,3502.0,6,0.055,0.000,1.000,0.000,0,4194.4,-0.2244,-0.0003,-0.0000,43.436,1,293.15,0,4175.7,-0.2247,-0.0003,-0.0000,43.401,1,293.15,0,2914.1,-0.0575,-0.0005,0.0000,52.766,1,293.15,0,2772.5,-0.0591,-0.0005,0.0000,52.674,1,293.15,0
10.2667,160.2057,19.6253,0.3459,18.879,18.879,3458.7,6,0.055,0.000,1.000,0.000,0,4262.8,-0.2227,-0.0003,-0.0000,43.083,1,293.15,0,4182.3,-0.2251,-0.0003,-0.0000,42.883,1,293.15,0,2891.0,-0.0586,-0.0005,0.0000,52.107,1,293.15,0,2898.4,-0.0597,-0.0005,0.0000,52.059,1,293.15,0
10.2833,160.5160,19.6530,0.3460,18.661,18.661,3415.3,6,0.054,0.000,1.000,0.000,0,4256.9,-0.2214,-0.0001,-0.0000,42.602,1,293.15,0,4151.7,-0.2269,-0.0001,-0.0000,42.252,1,293.15,0,2881.4,-0.0599,-0.0005,0.0000,51.437,1,293.15,0,2711.2,-0.0590,-0.0005,0.0000,51.433,1,293.15,0
10.3000,160.8226,19.6804,0.3461,18.442,18.442,3372.0,6,0.054,0.000,1.000,0.000,0,4282.1,-0.2225,-0.0000,-0.0000,42.064,1,293.15,0,4418.7,-0.2249,-0.0000,-0.0000,42.123,1,293.15,0,2841.4,-0.0609,-0.0006,0.0000,50.774,1,293.15,0,3216.8,-0.0594,-0.0006,0.0000,50.888,1,293.15,0
10.3167,161.1255,19.7075,0.3464,18.217,18.217,3328.7,6,0.053,0.000,1.000,0.000,0,4421.3,-0.2187,0.0001,-0.0000,41.843,1,293.15,0,3873.8,-0.2219,0.0001,-0.0000,41.022,1,293.15,0,2817.4,-0.0624,-0.0009,0.0000,50.082,1,293.15,0,2838.1,-0.0593,-0.0009,0.0000,50.185,1,293.15,0
10.3333,161.4248,19.7342,0.3466,18.003,18.003,3285.3,6,0.053,0.000,1.000,0.000,0,4405.0,-0.2149,-0.0002,-0.0000,41.431,1,293.15,0,4172.5,-0.2363,-0.0002,-0.0000,40.385,1,293.15,0,2715.1,-0.0635,-0.0006,0.0000,49.413,1,293.15,0,2703.5,-0.0633,-0.0006,0.0000,49.419,1,293.15,0
10.3500,161.7206,19.7606,0.3467,17.792,17.792,3242.0,6,0.053,0.000,1.000,0.000,0,4278.6,-0.2198,-0.0003,-0.0000,40.573,1,293.15,0,3918.2,-0.2416,-0.0003,-0.0000,39.383,1,293.15,0,2632.5,-0.0653,-0.0004,0.0000,48.734,1,293.15,0,2600.0,-0.0656,-0.0004,0.0000,48.725,1,293.15,0
10.3667,162.0129,19.7867,0.3467,17.585,17.585,3198.7,6,0.052,0.000,1.000,0.000,0,4192.5,-0.2287,-0.0003,-0.0000,39.661,1,293.15,0,4054.1,-0.2451,-0.0003,-0.0000,38.975,1,293.15,0,2603.9,-0.0674,-0.0002,0.0000,48.075,1,293.15,0,2566.8,-0.0674,-0.0002,0.0000,48.056,1,293.15,0
10.3833,162.3018,19.8124,0.3467,17.378,17.378,3155.3,6,0.052,0.000,1.000,0.000,0,4190.4,-0.2339,-0.0003,-0.0000,38.993,1,293.15,0,3940.8,-0.2498,-0.0003,-0.0000,38.166,1,293.15,0,2637.3,-0.0686,-0.0002,0.0000,47.447,1,293.15,0,2798.0,-0.0683,-0.0002,0.0000,47.479,1,293.15,0
10.4000,162.5873,19.8379,0.3466,17.167,17.167,3112.0,6,0.051,0.000,1.000,0.000,0,4202.6,-0.2356,-0.0002,-0.0000,38.456,1,293.15,0,3993.8,-0.2496,-0.0002,-0.0000,37.771,1,293.15,0,2698.5,-0.0695,-0.0002,0.0000,46.818,1,293.15,0,2824.1,-0.0685,-0.0002,0.0000,46.874,1,293.15,0
10.4167,162.8692,19.8630,0.3465,16.953,16.953,3068.7,6,0.051,0.000,1.000,0.000,0,4254.0,-0.2359,-0.0002,-0.0000,37.995,1,293.15,0,4002.9,-0.2519,-0.0002,-0.0000,37.182,1,293.15,0,2734.2,-0.0704,-0.0001,0.0000,46.194,1,293.15,0,2800.1,-0.0696,-0.0001,0.0000,46.227,1,293.15,0
10.4333,163.1475,19.8877,0.3465,16.737,16.737,3025.3,6,0.050,0.000,1.000,0.000,0,4321.8,-0.2340,-0.0002,-0.0000,37.620,1,293.15,0,4020.2,-0.2512,-0.0002,-0.0000,36.737,1,293.15,0,2737.3,-0.0711,-0.0000,0.0000,45.563,1,293.15,0,2768.0,-0.0711,-0.0000,0.0000,45.560,1,293.15,0
10.4500,163.4222,19.9122,0.3465,16.520,16.520,2982.0,6,0.050,0.000,1.000,0.000,0,4325.4,-0.2329,-0.0002,-0.0000,37.130,1,293.15,0,4105.9,-0.2503,-0.0002,-0.0000,36.352,1,293.15,0,2700.5,-0.0723,0.0001,0.0000,44.905,1,293.15,0,2787.2,-0.0723,0.0001,0.0000,44.911,1,293.15,0
10.4667,163.6933,19.9363,0.3466,16.301,16.301,2938.7,6,0.050,0.000,1.000,0.000,0,4317.0,-0.2346,-0.0001,-0.0000,36.535,1,293.15,0,4064.5,-0.2499,-0.0001,-0.0000,35.800,1,293.15,0,2675.0,-0.0737,0.0001,0.0000,44.239,1,293.15,0,2808.7,-0.0731,0.0001,0.0000,44.283,1,293.15,0
10.4833,163.9607,19.9601,0.3467,16.083,16.083,2895.3,6,0.049,0.000,1.000,0.000,0,4325.0,-0.2367,-0.0001,-0.0000,35.955,1,293.15,0,4062.5,-0.2526,-0.0001,-0.0000,35.201,1,293.15,0,2637.5,-0.0753,0.0000,0.0000,43.566,1,293.15,0,2785.3,-0.0740,0.0000,0.0000,43.639,1,293.15,0
10.5000,164.2245,19.9836,0.3467,15.866,15.866,2852.0,6,0.049,0.000,1.000,0.000,0,4353.5,-0.2373,-0.0001,-0.0000,35.449,1,293.15,0,4019.6,-0.2560,-0.0001,-0.0000,34.542,1,293.15,0,2601.1,-0.0770,0.0001,0.0000,42.899,1,293.15,0,2692.6,-0.0757,0.0001,0.0000,42.961,1,293.15,0
10.5167,164.4848,20.0068,0.3468,15.651,15.651,2808.7,6,0.048,0.000,1.000,0.000,0,4291.9,-0.2404,-0.0002,-0.0000,34.765,1,293.15,0,3986.0,-0.2601,-0.0002,-0.0000,33.886,1,293.15,0,2561.0,-0.0786,0.0002,0.0000,42.243,1,293.15,0,2652.8,-0.0779,0.0002,0.0000,42.281,1,293.15,0
10.5333,164.7415,20.0296,0.3468,15.438,15.438,2765.4,6,0.048,0.000,1.000,0.000,0,4237.8,-0.2461,-0.0001,-0.0000,34.030,1,293.15,0,3971.2,-0.2641,-0.0001,-0.0000,33.261,1,293.15,0,2552.2,-0.0802,0.0002,0.0000,41.592,1,293.15,0,2700.7,-0.0793,0.0002,0.0000,41.652,1,293.15,0
10.5500,164.9947,20.0521,0.3468,15.223,15.223,2722.0,6,0.048,0.000,1.000,0.000,0,4231.8,-0.2505,-0.0001,-0.0000,33.392,1,293.15,0,3951.8,-0.2669,-0.0001,-0.0000,32.664,1,293.15,0,2571.8,-0.0818,0.0002,0.0000,40.942,1,293.15,0,2772.7,-0.0797,0.0002,0.0000,41.060,1,293.15,0
10.5667,165.2443,20.0743,0.3468,15.007,15.007,2678.7,6,0.047,0.000,1.000,0.000,0,4255.0,-0.2525,-0.0000,-0.0000,32.850,1,293.15,0,3937.7,-0.2703,-0.0000,-0.0000,32.053,1,293.15,0,2588.4,-0.0832,0.0002,0.0000,40.301,1,293.15,0,2769.3,-0.0803,0.0002,0.0000,40.434,1,293.15,0
10.5833,165.4902,20.0962,0.3468,14.790,14.790,2635.4,6,0.047,0.000,1.000,0.000,0,4272.0,-0.2539,-0.0001,-0.0000,32.310,1,293.15,0,3938.9,-0.2728,-0.0001,-0.0000,31.488,1,293.15,0,2603.9,-0.0843,0.0002,0.0000,39.668,1,293.15,0,2704.6,-0.0819,0.0002,0.0000,39.767,1,293.15,0
10.6000,165.7326,20.1178,0.3468,14.574,14.574,2592.0,5,0.046,0.000,1.000,0.000,0,4285.2,-0.2554,-0.0001,-0.0000,31.763,1,293.15,0,3970.8,-0.2743,-0.0001,-0.0000,30.979,1,293.15,0,2576.8,-0.0856,0.0003,0.0000,39.026,1,293.15,0,2678.2,-0.0840,0.0003,0.0000,39.096,1,293.15,0
10.6167,165.9713,20.1390,0.3468,14.346,14.346,2622.0,5,0.046,0.000,1.000,0.000,0,4285.0,-0.2574,-0.0001,-0.0000,31.167,1,293.15,0,3993.1,-0.2749,-0.0001,-0.0000,30.458,1,293.15,0,2549.7,-0.1668,0.0003,0.0000,33.625,1,293.15,0,2703.2,-0.1647,0.0003,0.0000,33.717,1,293.15,0
10.6333,166.2057,20.1599,0.3468,14.084,14.084,2652.0,5,0.046,0.000,1.000,0.000,0,4355.7,-0.2581,0.0000,-0.0000,30.592,1,293.15,0,4049.9,-0.2747,0.0000,-0.0000,29.900,1,293.15,0,2466.3,-0.2264,0.0002,0.0000,31.845,1,293.15,0,2670.6,-0.2237,0.0002,0.0000,31.964,1,293.15,0
10.6500,166.4356,20.1804,0.3469,13.822,13.822,2680.4,5,0.045,0.000,1.000,0.000,0,4461.9,-0.2564,0.0001,-0.0000,30.102,1,293.15,0,4119.3,-0.2745,0.0001,-0.0000,29.352,1,293.15,0,2379.3,-0.2202,0.0002,0.0000,31.770,1,293.15,0,2545.2,-0.2172,0.0002,0.0000,31.908,1,293.15,0
10.6667,166.6613,20.2005,0.3469,13.560,13.560,2692.9,5,0.045,0.000,1.000,0.000,0,4524.3,-0.2553,0.0000,-0.0000,29.547,1,293.15,0,4172.1,-0.2744,0.0000,-0.0000,28.785,1,293.15,0,2326.7,-0.2032,0.0002,0.0000,31.839,1,293.15,0,2437.3,-0.1998,0.0002,0.0000,31.984,1,293.15,0
10.6833,166.8827,20.2202,0.3470,13.304,13.304,2694.9,5,0.045,0.000,1.000,0.000,0,4521.8,-0.2573,0.0000,-0.0000,28.867,1,293.15,0,4197.6,-0.2759,0.0000,-0.0000,28.162,1,293.15,0,2273.9,-0.1882,0.0001,0.0000,31.781,1,293.15,0,2426.7,-0.1841,0.0001,0.0000,31.955,1,293.15,0
10.7000,167.0999,20.2396,0.3470,13.053,13.053,2688.7,5,0.044,0.000,1.000,0.000,0,4467.8,-0.2626,0.0001,-0.0000,28.082,1,293.15,0,4147.7,-0.2802,0.0001,-0.0000,27.418,1,293.15,0,2275.3,-0.1756,0.0001,0.0000,31.642,1,293.15,0,2459.5,-0.1704,0.0001,0.0000,31.853,1,293.15,0
10.7167,167.3130,20.2586,0.3471,12.807,12.807,2676.3,5,0.044,0.000,1.000,0.000,0,4405.3,-0.2699,0.0001,-0.0000,27.272,1,293.15,0,4074.6,-0.2874,0.0001,-0.0000,26.614,1,293.15,0,2306.8,-0.1646,-0.0000,0.0000,31.443,1,293.15,0,2484.4,-0.1585,-0.0000,0.0000,31.681,1,293.15,0
10.7333,167.5221,20.2772,0.3471,12.565,12.565,2658.7,5,0.044,0.000,1.000,0.000,0,4343.8,-0.2775,0.0001,-0.0000,26.478,1,293.15,0,3999.7,-0.2954,0.0001,-0.0000,25.814,1,293.15,0,2350.4,-0.1548,-0.0001,0.0000,31.199,1,293.15,0,2509.6,-0.1482,-0.0001,0.0000,31.441,1,293.15,0
10.7500,167.7272,20.2955,0.3471,12.328,12.328,2636.7,5,0.043,0.000,1.000,0.000,0,4300.7,-0.2847,0.0001,-0.0000,25.726,1,293.15,0,3954.0,-0.3028,0.0001,-0.0000,25.074,1,293.15,0,2382.7,-0.1460,-0.0001,0.0000,30.916,1,293.15,0,2552.7,-0.1395,-0.0001,0.0000,31.147,1,293.15,0
10.7667,167.9285,20.3134,0.3470,12.092,12.092,2611.0,5,0.043,0.000,1.000,0.000,0,4286.0,-0.2907,0.0001,-0.0000,25.034,1,293.15,0,3934.9,-0.3086,0.0001,-0.0000,24.399,1,293.15,0,2409.6,-0.1383,-0.0001,0.0000,30.586,1,293.15,0,2617.0,-0.1316,-0.0001,0.0000,30.824,1,293.15,0
10.7833,168.1258,20.3310,0.3470,11.858,11.858,2582.0,5,0.043,0.000,1.000,0.000,0,4301.6,-0.2953,0.0001,-0.0000,24.404,1,293.15,0,3929.5,-0.3137,0.0001,-0.0000,23.755,1,293.15,0,2417.1,-0.1317,-0.0001,0.0000,30.209,1,293.15,0,2637.1,-0.1245,-0.0001,0.0000,30.461,1,293.15,0
10.8000,168.3193,20.3483,0.3470,11.627,11.627,2549.1,5,0.042,0.000,1.000,0.000,0,4326.9,-0.2989,0.0001,-0.0000,23.805,1,293.15,0,3936.8,-0.3181,0.0001,-0.0000,23.143,1,293.15,0,2409.2,-0.1262,-0.0001,0.0000,29.793,1,293.15,0,2615.5,-0.1189,-0.0001,0.0000,30.039,1,293.15,0
10.8167,168.5090,20.3652,0.3470,11.398,11.398,2512.1,5,0.042,0.000,1.000,0.000,0,4333.5,-0.3029,-0.0000,-0.0000,23.189,1,293.15,0,3941.1,-0.3225,-0.0000,-0.0000,22.541,1,293.15,0,2388.1,-0.1218,-0.0000,0.0000,29.342,1,293.15,0,2558.6,-0.1150,-0.0000,0.0000,29.560,1,293.15,0
10.8333,168.6949,20.3818,0.3471,11.173,11.173,2472.0,5,0.041,0.000,1.000,0.000,0,4320.1,-0.3081,-0.0001,-0.0000,22.547,1,293.15,0,3934.9,-0.3273,-0.0001,-0.0000,21.929,1,293.15,0,2370.2,-0.1184,0.0001,0.0000,28.859,1,293.15,0,2572.7,-0.1121,0.0000,0.0000,29.066,1,293.15,0
10.8500,168.8772,20.3980,0.3471,10.950,10.950,2430.4,5,0.041,0.000,1.000,0.000,0,4298.3,-0.3142,-0.0001,-0.0000,21.894,1,293.15,0,3912.8,-0.3329,-0.0001,-0.0000,21.301,1,293.15,0,2365.5,-0.1159,0.0001,0.0000,28.353,1,293.15,0,2606.6,-0.1094,0.0001,0.0000,28.570,1,293.15,0
10.8667,169.0557,20.4139,0.3471,10.728,10.728,2387.6,5,0.041,0.000,1.000,0.000,0,4284.2,-0.3204,-0.0001,-0.0000,21.254,1,293.15,0,3880.2,-0.3394,-0.0001,-0.0000,20.656,1,293.15,0,2371.4,-0.1138,0.0001,0.0000,27.837,1,293.15,0,2610.9,-0.1070,0.0001,0.0000,28.058,1,293.15,0
10.8833,169.2306,20.4295,0.3471,10.508,10.508,2344.3,5,0.040,0.000,1.000,0.000,0,4272.2,-0.3266,-0.0001,-0.0000,20.625,1,293.15,0,3854.9,-0.3461,-0.0001,-0.0000,20.025,1,293.15,0,2371.7,-0.1121,0.0001,0.0000,27.314,1,293.15,0,2615.5,-0.1051,0.0001,0.0000,27.535,1,293.15,0
10.9000,169.4019,20.4448,0.3471,10.290,10.290,2300.9,5,0.040,0.000,1.000,0.000,0,4261.3,-0.3329,-0.0001,-0.0000,20.001,1,293.15,0,3834.9,-0.3527,-0.0001,-0.0000,19.408,1,293.15,0,2372.3,-0.1106,0.0002,0.0000,26.791,1,293.15,0,2597.0,-0.1036,0.0002,0.0000,27.003,1,293.15,0
10.9167,169.5696,20.4597,0.3471,10.073,10.073,2257.6,5,0.040,0.000,1.000,0.000,0,4249.8,-0.3393,-0.0001,-0.0000,19.383,1,293.15,0,3831.6,-0.3590,-0.0001,-0.0000,18.818,1,293.15,0,2368.8,-0.1090,0.0002,0.0000,26.270,1,293.15,0,2606.3,-0.1023,0.0002,0.0000,26.470,1,293.15,0
10.9333,169.7337,20.4743,0.3471,9.857,9.857,2214.3,5,0.040,0.000,1.000,0.000,0,4244.8,-0.3460,-0.0001,-0.0000,18.773,1,293.15,0,3826.7,-0.3652,-0.0001,-0.0000,18.228,1,293.15,0,2367.1,-0.1075,0.0003,0.0000,25.745,1,293.15,0,2632.4,-0.1007,0.0003,0.0000,25.952,1,293.15,0
10.9500,169.8942,20.4886,0.3470,9.641,9.641,2170.9,5,0.039,0.000,1.000,0.000,0,4247.4,-0.3524,-0.0001,-0.0000,18.176,1,293.15,0,3822.1,-0.3716,-0.0001,-0.0000,17.642,1,293.15,0,2370.6,-0.1061,0.0002,0.0000,25.218,1,293.15,0,2639.8,-0.0989,0.0002,0.0000,25.430,1,293.15,0
10.9667,170.0510,20.5026,0.3470,9.424,9.424,2182.6,4,0.039,0.000,1.000,0.000,0,4258.6,-0.3587,-0.0001,-0.0000,17.586,1,293.15,0,3818.9,-0.3782,-0.0001,-0.0000,17.051,1,293.15,0,2364.2,-0.1563,0.0002,0.0000,22.162,1,293.15,0,2644.9,-0.1482,0.0002,0.0000,22.365,1,293.15,0
10.9833,170.2039,20.5163,0.3470,9.177,9.177,2212.6,4,0.039,0.000,1.000,0.000,0,4297.1,-0.3644,0.0001,-0.0000,16.954,1,293.15,0,3846.7,-0.3842,0.0001,-0.0000,16.420,1,293.15,0,2330.7,-0.2068,0.0001,0.0000,21.326,1,293.15,0,2610.9,-0.1984,0.0001,0.0000,21.552,1,293.15,0
11.0000,170.3526,20.5295,0.3470,8.928,8.927,2239.3,4,0.038,0.000,1.000,0.000,0,4363.4,-0.3704,0.0001,-0.0000,16.328,1,293.15,0,3895.7,-0.3907,0.0001,-0.0000,15.794,1,293.15,0,2258.0,-0.1922,-0.0000,0.0000,21.315,1,293.15,0,2541.1,-0.1830,-0.0000,0.0000,21.573,1,293.15,0
11.0167,170.4973,20.5424,0.3471,8.685,8.685,2246.4,4,0.038,0.000,1.000,0.000,0,4411.4,-0.3772,0.0002,-0.0000,15.702,1,293.15,0,3943.2,-0.3977,0.0002,-0.0000,15.181,1,293.15,0,2200.5,-0.1696,-0.0002,0.0000,21.284,1,293.15,0,2487.8,-0.1591,-0.0002,0.0000,21.563,1,293.15,0
11.0333,170.6381,20.5550,0.3471,8.451,8.451,2239.5,4,0.038,0.000,1.000,0.000,0,4415.7,-0.3858,0.0002,-0.0000,15.050,1,293.15,0,3950.3,-0.4062,0.0002,-0.0000,14.549,1,293.15,0,2186.2,-0.1504,-0.0002,0.0000,21.153,1,293.15,0,2472.7,-0.1391,-0.0002,0.0000,21.430,1,293.15,0
11.0500,170.7751,20.5672,0.3471,8.225,8.225,2221.9,4,0.037,0.000,1.000,0.000,0,4371.9,-0.3966,0.0001,-0.0000,14.366,1,293.15,0,3907.5,-0.4167,0.0001,-0.0000,13.889,1,293.15,0,2192.7,-0.1344,-0.0002,0.0000,20.939,1,293.15,0,2496.6,-0.1232,-0.0002,0.0000,21.204,1,293.15,0
11.0667,170.9084,20.5791,0.3471,8.005,8.005,2196.1,4,0.037,0.000,1.000,0.000,0,4306.3,-0.4091,0.0000,-0.0000,13.678,1,293.15,0,3833.1,-0.4294,0.0000,-0.0000,13.211,1,293.15,0,2228.1,-0.1213,-0.0001,0.0000,20.659,1,293.15,0,2540.9,-0.1105,-0.0001,0.0000,20.911,1,293.15,0
11.0833,171.0382,20.5907,0.3471,7.790,7.790,2164.0,4,0.037,0.000,1.000,0.000,0,4243.0,-0.4222,-0.0001,-0.0000,13.009,1,293.15,0,3762.4,-0.4426,-0.0001,-0.0000,12.552,1,293.15,0,2282.7,-0.1105,-0.0000,0.0000,20.331,1,293.15,0,2603.5,-0.1002,-0.0000,0.0000,20.566,1,293.15,0
11.1000,171.1644,20.6020,0.3471,7.580,7.580,2126.9,4,0.036,0.000,1.000,0.000,0,4200.6,-0.4350,-0.0001,-0.0000,12.372,1,293.15,0,3710.8,-0.4556,-0.0001,-0.0000,11.926,1,293.15,0,2323.2,-0.1018,0.0001,0.0000,19.959,1,293.15,0,2656.6,-0.0919,0.0001,0.0000,20.178,1,293.15,0
11.1167,171.2872,20.6129,0.3470,7.373,7.373,2085.5,4,0.036,0.000,1.000,0.000,0,4184.4,-0.4471,-0.0002,-0.0000,11.771,1,293.15,0,3679.5,-0.4680,-0.0002,-0.0000,11.329,1,293.15,0,2352.4,-0.0947,0.0002,0.0000,19.551,1,293.15,0,2689.4,-0.0854,0.0002,0.0000,19.754,1,293.15,0
11.1333,171.4067,20.6236,0.3470,7.169,7.169,2042.2,4,0.036,0.000,1.000,0.000,0,4186.1,-0.4587,-0.0003,-0.0000,11.195,1,293.15,0,3664.7,-0.4801,-0.0003,-0.0000,10.758,1,293.15,0,2358.0,-0.0892,0.0004,0.0000,19.113,1,293.15,0,2699.2,-0.0804,0.0004,0.0000,19.301,1,293.15,0
11.1500,171.5228,20.6339,0.3470,6.968,6.968,1998.9,4,0.036,0.000,1.000,0.000,0,4198.1,-0.4704,-0.0003,-0.0000,10.636,1,293.15,0,3672.6,-0.4918,-0.0003,-0.0000,10.211,1,293.15,0,2351.3,-0.0845,0.0005,0.0000,18.667,1,293.15,0,2700.2,-0.0762,0.0005,0.0000,18.841,1,293.15,0
11.1667,171.6356,20.6440,0.3470,6.769,6.769,1955.5,4,0.035,0.000,1.000,0.000,0,4209.7,-0.4824,-0.0003,-0.0000,10.083,1,293.15,0,3677.6,-0.5040,-0.0003,-0.0000,9.667,1,293.15,0,2336.8,-0.0801,0.0006,0.0000,18.217,1,293.15,0,2695.6,-0.0722,0.0006,0.0000,18.382,1,293.15,0
11.1833,171.7451,20.6537,0.3470,6.572,6.572,1912.2,4,0.035,0.000,1.000,0.000,0,4214.9,-0.4953,-0.0004,-0.0000,9.518,1,293.15,0,3664.1,-0.5174,-0.0004,-0.0000,9.118,1,293.15,0,2328.0,-0.0758,0.0007,0.0000,17.768,1,293.15,0,2693.3,-0.0682,0.0007,0.0000,17.923,1,293.15,0
11.2000,171.8514,20.6632,0.3470,6.379,6.379,1868.9,4,0.035,0.000,1.000,0.000,0,4205.4,-0.5111,-0.0004,-0.0000,8.919,1,293.15,0,3650.5,-0.5316,-0.0004,-0.0000,8.576,1,293.15,0,2322.7,-0.0717,0.0007,0.0000,17.320,1,293.15,0,2697.4,-0.0644,0.0007,0.0000,17.465,1,293.15,0
11.2167,171.9545,20.6724,0.3469,6.191,6.191,1825.5,4,0.034,0.000,1.000,0.000,0,4187.0,-0.5285,-0.0003,-0.0000,8.327,1,293.15,0,3626.0,-0.5468,-0.0003,-0.0000,8.034,1,293.15,0,2323.5,-0.0678,0.0007,0.0000,16.875,1,293.15,0,2710.9,-0.0607,0.0007,0.0000,17.010,1,293.15,0
11.2333,172.0546,20.6813,0.3469,6.005,6.005,1782.2,4,0.034,0.000,1.000,0.000,0,4160.9,-0.5468,-0.0002,-0.0000,7.747,1,293.15,0,3599.6,-0.5629,-0.0002,-0.0000,7.502,1,293.15,0,2335.2,-0.0641,0.0005,0.0000,16.433,1,293.15,0,2735.7,-0.0572,0.0005,0.0000,16.559,1,293.15,0
11.2500,172.1517,20.6900,0.3469,5.824,5.824,1738.9,4,0.034,0.000,1.000,0.000,0,4140.4,-0.5656,-0.0000,-0.0000,7.182,1,293.15,0,3570.0,-0.5797,-0.0000,-0.0000,6.977,1,293.15,0,2348.6,-0.0607,0.0003,0.0000,15.993,1,293.15,0,2764.9,-0.0539,0.0003,0.0000,16.109,1,293.15,0
11.2667,172.2457,20.6984,0.3469,5.645,5.645,1695.5,4,0.034,0.000,1.000,0.000,0,4127.0,-0.5849,0.0001,-0.0000,6.632,1,293.15,0,3555.6,-0.5970,0.0001,-0.0000,6.455,1,293.15,0,2366.0,-0.0575,0.0001,0.0000,15.555,1,293.15,0,2789.2,-0.0509,0.0001,0.0000,15.661,1,293.15,0
11.2833,172.3369,20.7065,0.3469,5.471,5.471,1652.2,4,0.033,0.000,1.000,0.000,0,4119.0,-0.6048,0.0002,-0.0000,6.096,1,293.15,0,3539.2,-0.6164,0.0002,-0.0000,5.928,1,293.15,0,2383.6,-0.0545,-0.0001,0.0000,15.120,1,293.15,0,2809.9,-0.0482,-0.0001,0.0000,15.214,1,293.15,0
11.3000,172.4253,20.7144,0.3468,5.300,5.300,1608.9,4,0.033,0.000,1.000,0.000,0,4110.1,-0.6255,0.0002,-0.0000,5.573,1,293.15,0,3516.2,-0.6370,0.0002,-0.0000,5.411,1,293.15,0,2390.5,-0.0519,-0.0002,0.0000,14.685,1,293.15,0,2819.6,-0.0460,-0.0002,0.0000,14.770,1,293.15,0
11.3167,172.5108,20.7221,0.3468,5.133,5.133,1602.2,3,0.033,0.000,1.000,0.000,0,4100.8,-0.6470,0.0002,-0.0000,5.062,1,293.15,0,3491.6,-0.6586,0.0002,-0.0000,4.907,1,293.15,0,2394.2,-0.0718,-0.0002,0.0000,12.750,1,293.15,0,2835.2,-0.0651,-0.0002,0.0000,12.830,1,293.15,0
11.3333,172.5931,20.7294,0.3468,4.932,4.932,1632.2,3,0.032,0.000,1.000,0.000,0,4116.7,-0.6687,0.0006,-0.0000,4.481,1,293.15,0,3503.2,-0.6798,0.0006,-0.0000,4.325,1,293.15,0,2370.8,-0.1719,-0.0008,0.0000,11.654,1,293.15,0,2818.2,-0.1617,-0.0008,0.0000,11.787,1,293.15,0
11.3500,172.6718,20.7365,0.3468,4.710,4.710,1654.0,3,0.032,0.000,1.000,0.000,0,4207.9,-0.6942,0.0013,-0.0000,3.841,1,293.15,0,3571.5,-0.7062,0.0013,-0.0000,3.678,1,293.15,0,2287.7,-0.1729,-0.0017,0.0000,11.575,1,293.15,0,2722.3,-0.1606,-0.0017,0.0000,11.754,1,293.15,0
11.3667,172.7469,20.7432,0.3468,4.501,4.501,1650.9,3,0.032,0.000,1.000,0.000,0,4303.7,-0.7251,0.0014,-0.0000,3.222,1,293.15,0,3665.4,-0.7373,0.0014,-0.0000,3.069,1,293.15,0,2181.6,-0.1444,-0.0023,0.0000,11.467,1,293.15,0,2633.5,-0.1295,-0.0023,0.0000,11.662,1,293.15,0
11.3833,172.8188,20.7497,0.3468,4.308,4.308,1631.6,3,0.032,0.000,1.000,0.000,0,4337.9,-0.7599,0.0013,-0.0000,2.637,1,293.15,0,3700.0,-0.7724,0.0013,-0.0000,2.493,1,293.15,0,2149.2,-0.1173,-0.0025,0.0000,11.267,1,293.15,0,2908.0,-0.0993,-0.0024,0.0000,11.494,1,293.15,0
11.4000,172.8878,20.7559,0.3468,4.130,4.130,1600.0,3,0.031,0.000,1.000,0.000,0,4301.3,-0.7981,0.0007,-0.0000,2.073,1,293.15,0,3665.0,-0.8097,0.0007,-0.0000,1.956,1,293.15,0,2445.4,-0.0946,-0.0020,0.0000,11.047,1,293.15,0,2407.2,-0.0806,-0.0020,0.0000,11.168,1,293.15,0
11.4167,172.9539,20.7618,0.3468,3.962,3.962,1560.1,3,0.031,0.000,1.000,0.000,0,4128.2,-0.8405,-0.0003,-0.0000,1.526,1,293.15,0,3630.1,-0.8462,-0.0004,-0.0000,1.453,1,293.15,0,2386.0,-0.0776,-0.0007,0.0000,10.753,1,293.15,0,2830.9,-0.0666,-0.0007,0.0000,10.854,1,293.15,0
11.4333,173.0174,20.7675,0.3469,3.802,3.802,1516.7,3,0.031,0.000,1.000,0.000,0,4037.6,-0.8776,0.0001,-0.0000,1.032,1,293.15,0,3517.7,-0.8869,0.0002,-0.0000,0.949,1,293.15,0,2393.9,-0.0662,-0.0007,0.0000,10.416,1,293.15,0,2920.3,-0.0564,-0.0007,0.0000,10.514,1,293.15,0
11.4500,173.0783,20.7729,0.3469,3.651,3.651,1473.4,3,0.031,0.000,1.000,0.000,0,3993.8,-0.9140,0.0006,-0.0000,0.572,1,293.15,0,3396.1,-0.9275,0.0006,-0.0000,0.482,1,293.15,0,2491.4,-0.0577,-0.0008,0.0000,10.078,1,293.15,0,2794.6,-0.0493,-0.0009,0.0000,10.160,1,293.15,0
11.4667,173.1368,20.7781,0.3469,3.508,3.508,1430.1,3,0.030,0.000,1.000,0.000,0,3943.7,-0.9522,0.0003,-0.0000,0.154,1,293.15,0,3848.9,-0.9260,0.0003,-0.0000,0.129,1,293.15,0,2474.6,-0.0509,-0.0005,0.0000,9.751,1,293.15,0,2715.8,-0.0441,-0.0005,0.0000,9.803,1,293.15,0
11.4833,173.1930,20.7831,0.3470,3.365,3.365,1386.7,3,0.030,0.000,1.000,0.000,0,3901.1,-0.9853,0.0003,-0.0000,0.000,1,293.15,0,3899.2,-0.9881,0.0003,-0.0000,0.000,1,293.15,0,2608.5,-0.0434,-0.0005,0.0000,9.428,1,293.15,0,2840.7,-0.0385,-0.0005,0.0000,9.457,1,293.15,0
11.5000,173.2468,20.7879,0.3472,3.225,3.225,1343.4,3,0.030,0.000,1.000,0.000,0,3850.8,-0.9984,0.0004,-0.0000,0.000,1,293.15,0,3804.9,-1.0009,0.0004,-0.0000,0.000,1,293.15,0,2732.8,-0.0361,-0.0006,0.0000,9.104,1,293.15,0,2822.9,-0.0333,-0.0006,0.0000,9.112,1,293.15,0
11.5167,173.2984,20.7925,0.3473,3.090,3.090,1300.1,3,0.030,0.000,1.000,0.000,0,3753.3,-1.0050,0.0001,-0.0000,0.000,1,293.15,0,3477.3,-1.0194,0.0001,-0.0000,0.000,1,293.15,0,2807.0,-0.0294,-0.0004,0.0000,8.773,1,293.15,0,2726.9,-0.0289,-0.0004,0.0000,8.772,1,293.15,0
11.5333,173.3478,20.7969,0.3475,2.961,2.961,1256.7,2,0.029,0.000,1.000,0.000,0,3643.8,-1.0080,-0.0002,-0.0000,0.000,1,293.15,0,3461.2,-1.0082,-0.0002,-0.0000,0.000,1,293.15,0,2782.4,-0.0245,0.0000,0.0000,8.439,1,293.15,0,2719.3,-0.0246,0.0000,0.0000,8.441,1,293.15,0
11.5500,173.3951,20.8011,0.3475,2.837,2.837,1213.4,2,0.029,0.000,1.000,0.000,0,3589.6,-1.0056,-0.0001,-0.0000,-0.000,1,293.15,0,3445.7,-1.0025,-0.0001,-0.0000,0.000,1,293.15,0,2739.3,-0.0207,0.0001,0.0000,8.112,1,293.15,0,2751.5,-0.0207,0.0001,0.0000,8.114,1,293.15,0
11.5667,173.4404,20.8052,0.3475,2.715,2.715,1170.1,2,0.029,0.000,1.000,0.000,0,3604.8,-1.0009,0.0001,-0.0000,0.000,1,293.15,0,3466.4,-1.0009,0.0001,-0.0000,0.000,1,293.15,0,2724.1,-0.0173,-0.0000,0.0000,7.787,1,293.15,0,2735.3,-0.0172,-0.0000,0.0000,7.789,1,293.15,0
11.5833,173.4838,20.8090,0.3474,2.596,2.596,1126.7,2,0.029,0.000,1.000,0.000,0,3650.7,-0.9974,0.0001,-0.0000,0.000,1,293.15,0,3529.9,-0.9951,0.0001,-0.0000,0.000,1,293.15,0,2719.4,-0.0142,-0.0001,0.0000,7.465,1,293.15,0,2728.1,-0.0141,-0.0001,0.0000,7.467,1,293.15,0
11.6000,173.5252,20.8127,0.3474,2.478,2.478,1083.4,2,0.029,0.000,1.000,0.000,0,3694.6,-0.9963,0.0001,-0.0000,0.000,1,293.15,0,3548.0,-0.9974,0.0001,-0.0000,0.000,1,293.15,0,2738.0,-0.0112,-0.0001,0.0000,7.145,1,293.15,0,2750.1,-0.0112,-0.0001,0.0000,7.146,1,293.15,0
11.6167,173.5646,20.8162,0.3473,2.362,2.362,1040.1,2,0.028,0.000,1.000,0.000,0,3718.6,-0.9969,0.0000,-0.0000,0.000,1,293.15,0,3581.3,-0.9966,0.0000,-0.0000,0.000,1,293.15,0,2767.3,-0.0085,-0.0001,0.0000,6.826,1,293.15,0,2779.4,-0.0085,-0.0001,0.0000,6.828,1,293.15,0
11.6333,173.6022,20.8196,0.3473,2.248,2.248,996.7,2,0.028,0.000,1.000,0.000,0,3721.7,-0.9985,0.0000,-0.0000,0.000,1,293.15,0,3569.9,-0.9994,0.0000,-0.0000,0.000,1,293.15,0,2792.0,-0.0059,-0.0001,0.0000,6.508,1,293.15,0,2798.6,-0.0060,-0.0001,0.0000,6.510,1,293.15,0
11.6500,173.6379,20.8227,0.3473,2.136,2.136,953.4,2,0.028,0.000,1.000,0.000,0,3695.9,-1.0012,0.0000,-0.0000,0.000,1,293.15,0,3556.3,-1.0009,0.0000,-0.0000,0.000,1,293.15,0,2812.4,-0.0037,-0.0001,0.0000,6.193,1,293.15,0,2823.0,-0.0038,-0.0001,0.0000,6.194,1,293.15,0
11.6667,173.6717,20.8257,0.3474,2.026,2.026,910.1,2,0.028,0.000,1.000,0.000,0,3662.7,-1.0029,0.0000,-0.0000,0.000,1,293.15,0,3537.4,-1.0016,0.0000,-0.0000,-0.000,1,293.15,0,2823.1,-0.0019,-0.0000,0.0000,5.878,1,293.15,0,2842.8,-0.0019,-0.0000,0.0000,5.880,1,293.15,0
11.6833,173.7038,20.8286,0.3474,1.916,1.916,866.7,2,0.027,0.000,1.000,0.000,0,3641.3,-1.0030,0.0001,-0.0000,-0.000,1,293.15,0,3506.2,-1.0032,0.0001,-0.0000,0.000,1,293.15,0,2825.8,-0.0002,-0.0001,0.0000,5.571,1,293.15,0,2839.9,-0.0002,-0.0001,0.0000,5.573,1,293.15,0
11.7000,173.7340,20.8313,0.3474,1.804,1.804,823.4,2,0.027,0.000,1.000,0.000,0,3632.2,-1.0021,0.0000,-0.0000,0.000,1,293.15,0,3493.3,-1.0024,0.0000,-0.0000,0.000,1,293.15,0,2811.1,0.0028,-0.0001,0.0000,5.267,1,293.15,0,2816.7,0.0028,-0.0001,0.0000,5.269,1,293.15,0
11.7167,173.7623,20.8338,0.3474,1.690,1.690,780.1,2,0.027,0.000,1.000,0.000,0,3640.3,-1.0004,0.0000,-0.0000,0.000,1,293.15,0,3493.7,-1.0012,0.0000,-0.0000,-0.000,1,293.15,0,2788.7,0.0071,-0.0000,0.0000,4.960,1,293.15,0,2794.2,0.0071,-0.0000,0.0000,4.962,1,293.15,0
11.7333,173.7886,20.8361,0.3474,1.575,1.575,736.7,2,0.027,0.000,1.000,0.000,0,3647.7,-0.9997,-0.0000,-0.0000,0.000,1,293.15,0,3514.8,-0.9989,-0.0000,-0.0000,0.000,1,293.15,0,2772.6,0.0127,-0.0000,0.0000,4.651,1,293.15,0,2788.6,0.0126,-0.0000,0.0000,4.653,1,293.15,0
11.7500,173.8130,20.8383,0.3474,1.457,1.457,700.0,2,0.027,0.000,1.000,0.000,0,3659.9,-0.9988,0.0000,-0.0000,0.000,1,293.15,0,3542.2,-0.9971,0.0000,-0.0000,0.000,1,293.15,0,2766.7,0.0196,-0.0000,0.0000,4.340,1,293.15,0,2785.3,0.0195,-0.0000,0.0000,4.342,1,293.15,0
11.7667,173.8355,20.8403,0.3474,1.338,1.338,700.0,2,0.026,0.000,1.000,0.000,0,3675.6,-0.9980,0.0000,-0.0000,0.000,1,293.15,0,3560.2,-0.9969,0.0000,-0.0000,0.000,1,293.15,0,2767.5,0.0327,-0.0000,0.0000,4.167,1,293.15,0,2773.5,0.0327,-0.0000,0.0000,4.169,1,293.15,0
11.7833,173.8560,20.8421,0.3474,1.223,1.223,700.0,2,0.026,0.000,1.000,0.000,0,3684.4,-0.9980,0.0000,-0.0000,0.000,1,293.15,0,3566.4,-0.9975,0.0000,-0.0000,-0.000,1,293.15,0,2771.5,0.0642,-0.0000,0.0000,4.056,1,293.15,0,2767.7,0.0642,-0.0000,0.0000,4.058,1,293.15,0
11.8000,173.8748,20.8438,0.3475,1.117,1.117,700.0,2,0.026,0.000,1.000,0.000,0,3675.8,-0.9995,-0.0000,-0.0000,0.000,1,293.15,0,3553.2,-0.9996,-0.0000,-0.0000,0.000,1,293.15,0,2789.4,0.1089,-0.0000,0.0000,3.949,1,293.15,0,2777.7,0.1090,-0.0000,0.0000,3.951,1,293.15,0
11.8167,173.8919,20.8453,0.3475,1.019,1.019,700.0,2,0.026,0.000,1.000,0.000,0,3642.1,-1.0026,-0.0000,-0.0000,0.000,1,293.15,0,3514.7,-1.0032,-0.0000,-0.0000,0.000,1,293.15,0,2818.9,0.1622,0.0000,0.0000,3.853,1,293.15,0,2795.0,0.1626,0.0000,0.0000,3.857,1,293.15,0
11.8333,173.9072,20.8467,0.3475,0.901,0.901,700.0,2,0.025,0.000,1.000,0.000,0,3607.4,-1.0048,-0.0000,-0.0000,0.000,1,293.15,0,3485.7,-1.0048,-0.0000,-0.0000,0.000,1,293.15,0,2847.0,-0.1132,0.0001,0.0000,0.000,1,293.15,0,2823.3,-0.1137,0.0001,0.0000,0.000,1,293.15,0
11.8500,173.9193,20.8478,0.3475,0.704,0.704,700.0,2,0.025,0.000,1.000,0.000,0,3705.8,-0.9942,0.0001,-0.0000,-0.000,1,293.15,0,3585.2,-0.9938,0.0001,-0.0000,0.000,1,293.15,0,2750.5,-0.3557,-0.0001,0.0000,0.000,1,293.15,0,2741.2,-0.3560,-0.0001,0.0000,0.000,1,293.15,0
11.8667,173.9281,20.8486,0.3475,0.508,0.508,700.0,2,0.025,0.000,1.000,0.000,0,3891.5,-0.9782,0.0002,-0.0000,0.000,1,293.15,0,3765.8,-0.9779,0.0002,-0.0000,-0.000,1,293.15,0,2579.0,-0.5029,-0.0003,0.0000,0.000,1,293.15,0,2576.1,-0.5028,-0.0003,0.0000,0.000,1,293.15,0
11.8833,173.9337,20.8491,0.3475,0.315,0.315,700.0,2,0.025,0.000,1.000,0.000,0,4051.2,-0.9666,0.0002,-0.0000,0.000,1,293.15,0,3920.3,-0.9664,0.0002,-0.0000,-0.000,1,293.15,0,2418.2,-0.5909,-0.0004,0.0000,0.000,1,293.15,0,2417.4,-0.5906,-0.0004,0.0000,0.000,1,293.15,0
11.9000,173.9362,20.8493,0.3476,0.125,0.125,700.0,2,0.025,0.000,1.000,0.000,0,4120.6,-0.9626,-0.0001,-0.0000,0.000,1,293.15,0,3992.4,-0.9619,-0.0001,-0.0000,0.000,1,293.15,0,2339.4,-0.6317,-0.0003,0.0000,0.000,1,293.15,0,2336.2,-0.6318,-0.0003,0.0000,-0.000,1,293.15,0
11.9167,173.9363,20.8493,0.3476,0.002,-0.000,700.0,2,0.024,0.000,1.000,0.000,0,4061.2,-0.9685,-0.0001,-0.0000,0.000,1,293.15,0,3937.0,-0.9676,-0.0001,-0.0000,0.000,1,293.15,0,2363.9,-0.6332,-0.0001,0.0000,0.000,1,293.15,0,2367.8,-0.6326,-0.0001,0.0000,0.000,1,293.15,0
11.9333,173.9363,20.8493,0.3476,0.001,-0.000,700.0,2,0.024,0.000,1.000,0.000,0,3709.7,-1.0042,0.0001,-0.0000,0.000,1,293.15,0,3588.0,-1.0042,0.0001,-0.0000,0.000,1,293.15,0,2691.1,-0.6012,0.0001,0.0000,0.000,1,293.15,0,2674.3,-0.6025,0.0001,0.0000,0.000,1,293.15,0
11.9500,173.9363,20.8493,0.3476,0.000,-0.000,700.0,2,0.024,0.000,1.000,0.000,0,3816.9,-0.9928,0.0001,-0.0000,0.000,1,293.15,0,3154.1,-1.0574,0.0001,-0.0000,0.000,1,293.15,0,3112.6,-0.5672,0.0002,0.0000,0.000,1,293.15,0,3092.2,-0.5685,0.0002,0.0000,0.000,1,293.15,0
11.9667,173.9363,20.8493,0.3476,0.002,-0.000,700.0,2,0.024,0.000,1.000,0.000,0,3114.6,-1.0769,0.0000,-0.0000,-0.000,1,293.15,0,2831.6,-1.1039,0.0000,-0.0000,0.000,1,293.15,0,3400.3,-0.5475,0.0000,0.0000,0.000,1,293.15,0,3488.4,-0.5417,0.0000,0.0000,0.000,1,293.15,0
11.9833,173.9363,20.8493,0.3477,0.002,-0.000,700.0,2,0.024,0.000,1.000,0.000,0,2962.8,-1.0985,-0.0001,-0.0000,0.000,1,293.15,0,2674.1,-1.1294,-0.0001,-0.0000,0.000,1,293.15,0,3524.9,-0.5396,-0.0001,0.0000,0.000,1,293.15,0,3668.6,-0.5309,-0.0001,0.0000,0.000,1,293.15,0
