# SolidArc mesh export — units: metres, Y up matches source; per-face materials via usemtl.
# vertices: duplicated per face (sharp low-poly edges)
mtllib BoxCar.mtl
o Chassis
v 0.3 0.05 0.8
v 2.2 0.05 0.8
v 4.1 0.05 0.8
v 0.3 0.9 0.8
v 2.2 0.9 0.8
v 4.1 0.9 0.8
v 0.3 1.75 0.8
v 2.2 1.75 0.8
v 4.1 1.75 0.8
v 0.3 0.05 1.45
v 2.2 0.05 1.45
v 4.1 0.05 1.45
v 0.3 0.9 1.45
v 2.2 0.9 1.45
v 4.1 0.9 1.45
v 0.3 1.75 1.45
v 2.2 1.75 1.45
v 4.1 1.75 1.45
v 0.3 0.05 0.8
v 2.2 0.05 0.8
v 4.1 0.05 0.8
v 0.3 0.05 1.125
v 2.2 0.05 1.125
v 4.1 0.05 1.125
v 0.3 0.05 1.45
v 2.2 0.05 1.45
v 4.1 0.05 1.45
v 0.3 1.75 0.8
v 2.2 1.75 0.8
v 4.1 1.75 0.8
v 0.3 1.75 1.125
v 2.2 1.75 1.125
v 4.1 1.75 1.125
v 0.3 1.75 1.45
v 2.2 1.75 1.45
v 4.1 1.75 1.45
v 0.3 0.05 0.8
v 0.3 0.9 0.8
v 0.3 1.75 0.8
v 0.3 0.05 1.125
v 0.3 0.9 1.125
v 0.3 1.75 1.125
v 0.3 0.05 1.45
v 0.3 0.9 1.45
v 0.3 1.75 1.45
v 4.1 0.05 0.8
v 4.1 0.9 0.8
v 4.1 1.75 0.8
v 4.1 0.05 1.125
v 4.1 0.9 1.125
v 4.1 1.75 1.125
v 4.1 0.05 1.45
v 4.1 0.9 1.45
v 4.1 1.75 1.45
vn -0 -0 -1
vn -0 -0 -1
vn -0 -0 -1
vn -0 -0 -1
vn -0 -0 -1
vn -0 -0 -1
vn -0 -0 -1
vn -0 -0 -1
vn -0 -0 -1
vn 0 0 1
vn 0 0 1
vn 0 0 1
vn 0 0 1
vn 0 0 1
vn 0 0 1
vn 0 0 1
vn 0 0 1
vn 0 0 1
vn 0 -1 0
vn 0 -1 0
vn 0 -1 0
vn 0 -1 0
vn 0 -1 0
vn 0 -1 0
vn 0 -1 0
vn 0 -1 0
vn 0 -1 0
vn -0 1 -0
vn -0 1 -0
vn -0 1 -0
vn -0 1 -0
vn -0 1 -0
vn -0 1 -0
vn -0 1 -0
vn -0 1 -0
vn -0 1 -0
vn -1 -0 -0
vn -1 -0 -0
vn -1 -0 -0
vn -1 -0 -0
vn -1 -0 -0
vn -1 -0 -0
vn -1 -0 -0
vn -1 -0 -0
vn -1 -0 -0
vn 1 0 0
vn 1 0 0
vn 1 0 0
vn 1 0 0
vn 1 0 0
vn 1 0 0
vn 1 0 0
vn 1 0 0
vn 1 0 0
g Chassis_plastic-blue
usemtl plastic-blue
f 1//1 5//5 2//2
f 1//1 4//4 5//5
f 2//2 6//6 3//3
f 2//2 5//5 6//6
f 4//4 8//8 5//5
f 4//4 7//7 8//8
f 5//5 9//9 6//6
f 5//5 8//8 9//9
f 10//10 11//11 14//14
f 10//10 14//14 13//13
f 11//11 12//12 15//15
f 11//11 15//15 14//14
f 13//13 14//14 17//17
f 13//13 17//17 16//16
f 14//14 15//15 18//18
f 14//14 18//18 17//17
f 19//19 20//20 23//23
f 19//19 23//23 22//22
f 20//20 21//21 24//24
f 20//20 24//24 23//23
f 22//22 23//23 26//26
f 22//22 26//26 25//25
f 23//23 24//24 27//27
f 23//23 27//27 26//26
f 28//28 32//32 29//29
f 28//28 31//31 32//32
f 29//29 33//33 30//30
f 29//29 32//32 33//33
f 31//31 35//35 32//32
f 31//31 34//34 35//35
f 32//32 36//36 33//33
f 32//32 35//35 36//36
f 37//37 41//41 38//38
f 37//37 40//40 41//41
f 38//38 42//42 39//39
f 38//38 41//41 42//42
f 40//40 44//44 41//41
f 40//40 43//43 44//44
f 41//41 45//45 42//42
f 41//41 44//44 45//45
f 46//46 47//47 50//50
f 46//46 50//50 49//49
f 47//47 48//48 51//51
f 47//47 51//51 50//50
f 49//49 50//50 53//53
f 49//49 53//53 52//52
f 50//50 51//51 54//54
f 50//50 54//54 53//53
o WFL
v 0.64 -0.05 0.36
v 0.641456 -0.05 0.392348
v 0.64601 -0.05 0.425507
v 0.653896 -0.05 0.459057
v 0.665276 -0.05 0.492514
v 0.680218 -0.05 0.525346
v 0.698682 -0.05 0.556996
v 0.720513 -0.05 0.586907
v 0.745442 -0.05 0.614558
v 0.773093 -0.05 0.639487
v 0.803004 -0.05 0.661318
v 0.834654 -0.05 0.679782
v 0.867486 -0.05 0.694724
v 0.900943 -0.05 0.706104
v 0.934493 -0.05 0.71399
v 0.967652 -0.05 0.718544
v 1 -0.05 0.72
v 1.03235 -0.05 0.718544
v 1.06551 -0.05 0.71399
v 1.09906 -0.05 0.706104
v 1.13251 -0.05 0.694724
v 1.16535 -0.05 0.679782
v 1.197 -0.05 0.661318
v 1.22691 -0.05 0.639487
v 1.25456 -0.05 0.614558
v 1.27949 -0.05 0.586907
v 1.30132 -0.05 0.556996
v 1.31978 -0.05 0.525346
v 1.33472 -0.05 0.492514
v 1.3461 -0.05 0.459057
v 1.35399 -0.05 0.425507
v 1.35854 -0.05 0.392348
v 1.36 -0.05 0.36
v 1.35854 -0.05 0.327652
v 1.35399 -0.05 0.294493
v 1.3461 -0.05 0.260943
v 1.33472 -0.05 0.227486
v 1.31978 -0.05 0.194654
v 1.30132 -0.05 0.163004
v 1.27949 -0.05 0.133093
v 1.25456 -0.05 0.105442
v 1.22691 -0.05 0.0805129
v 1.197 -0.05 0.0586816
v 1.16535 -0.05 0.0402178
v 1.13251 -0.05 0.0252762
v 1.09906 -0.05 0.0138964
v 1.06551 -0.05 0.00601007
v 1.03235 -0.05 0.00145623
v 1 -0.05 0
v 0.967652 -0.05 0.00145623
v 0.934493 -0.05 0.00601007
v 0.900943 -0.05 0.0138964
v 0.867486 -0.05 0.0252762
v 0.834654 -0.05 0.0402178
v 0.803004 -0.05 0.0586816
v 0.773093 -0.05 0.0805129
v 0.745442 -0.05 0.105442
v 0.720513 -0.05 0.133093
v 0.698682 -0.05 0.163004
v 0.680218 -0.05 0.194654
v 0.665276 -0.05 0.227486
v 0.653896 -0.05 0.260943
v 0.64601 -0.05 0.294493
v 0.641456 -0.05 0.327652
v 0.64 -0.05 0.36
v 0.64 0.1 0.36
v 0.641456 0.1 0.392348
v 0.64601 0.1 0.425507
v 0.653896 0.1 0.459057
v 0.665276 0.1 0.492514
v 0.680218 0.1 0.525346
v 0.698682 0.1 0.556996
v 0.720513 0.1 0.586907
v 0.745442 0.1 0.614558
v 0.773093 0.1 0.639487
v 0.803004 0.1 0.661318
v 0.834654 0.1 0.679782
v 0.867486 0.1 0.694724
v 0.900943 0.1 0.706104
v 0.934493 0.1 0.71399
v 0.967652 0.1 0.718544
v 1 0.1 0.72
v 1.03235 0.1 0.718544
v 1.06551 0.1 0.71399
v 1.09906 0.1 0.706104
v 1.13251 0.1 0.694724
v 1.16535 0.1 0.679782
v 1.197 0.1 0.661318
v 1.22691 0.1 0.639487
v 1.25456 0.1 0.614558
v 1.27949 0.1 0.586907
v 1.30132 0.1 0.556996
v 1.31978 0.1 0.525346
v 1.33472 0.1 0.492514
v 1.3461 0.1 0.459057
v 1.35399 0.1 0.425507
v 1.35854 0.1 0.392348
v 1.36 0.1 0.36
v 1.35854 0.1 0.327652
v 1.35399 0.1 0.294493
v 1.3461 0.1 0.260943
v 1.33472 0.1 0.227486
v 1.31978 0.1 0.194654
v 1.30132 0.1 0.163004
v 1.27949 0.1 0.133093
v 1.25456 0.1 0.105442
v 1.22691 0.1 0.0805129
v 1.197 0.1 0.0586816
v 1.16535 0.1 0.0402178
v 1.13251 0.1 0.0252762
v 1.09906 0.1 0.0138964
v 1.06551 0.1 0.00601007
v 1.03235 0.1 0.00145623
v 1 0.1 0
v 0.967652 0.1 0.00145623
v 0.934493 0.1 0.00601007
v 0.900943 0.1 0.0138964
v 0.867486 0.1 0.0252762
v 0.834654 0.1 0.0402178
v 0.803004 0.1 0.0586816
v 0.773093 0.1 0.0805129
v 0.745442 0.1 0.105442
v 0.720513 0.1 0.133093
v 0.698682 0.1 0.163004
v 0.680218 0.1 0.194654
v 0.665276 0.1 0.227486
v 0.653896 0.1 0.260943
v 0.64601 0.1 0.294493
v 0.641456 0.1 0.327652
v 0.64 0.1 0.36
v 0.64 0.25 0.36
v 0.641456 0.25 0.392348
v 0.64601 0.25 0.425507
v 0.653896 0.25 0.459057
v 0.665276 0.25 0.492514
v 0.680218 0.25 0.525346
v 0.698682 0.25 0.556996
v 0.720513 0.25 0.586907
v 0.745442 0.25 0.614558
v 0.773093 0.25 0.639487
v 0.803004 0.25 0.661318
v 0.834654 0.25 0.679782
v 0.867486 0.25 0.694724
v 0.900943 0.25 0.706104
v 0.934493 0.25 0.71399
v 0.967652 0.25 0.718544
v 1 0.25 0.72
v 1.03235 0.25 0.718544
v 1.06551 0.25 0.71399
v 1.09906 0.25 0.706104
v 1.13251 0.25 0.694724
v 1.16535 0.25 0.679782
v 1.197 0.25 0.661318
v 1.22691 0.25 0.639487
v 1.25456 0.25 0.614558
v 1.27949 0.25 0.586907
v 1.30132 0.25 0.556996
v 1.31978 0.25 0.525346
v 1.33472 0.25 0.492514
v 1.3461 0.25 0.459057
v 1.35399 0.25 0.425507
v 1.35854 0.25 0.392348
v 1.36 0.25 0.36
v 1.35854 0.25 0.327652
v 1.35399 0.25 0.294493
v 1.3461 0.25 0.260943
v 1.33472 0.25 0.227486
v 1.31978 0.25 0.194654
v 1.30132 0.25 0.163004
v 1.27949 0.25 0.133093
v 1.25456 0.25 0.105442
v 1.22691 0.25 0.0805129
v 1.197 0.25 0.0586816
v 1.16535 0.25 0.0402178
v 1.13251 0.25 0.0252762
v 1.09906 0.25 0.0138964
v 1.06551 0.25 0.00601007
v 1.03235 0.25 0.00145623
v 1 0.25 0
v 0.967652 0.25 0.00145623
v 0.934493 0.25 0.00601007
v 0.900943 0.25 0.0138964
v 0.867486 0.25 0.0252762
v 0.834654 0.25 0.0402178
v 0.803004 0.25 0.0586816
v 0.773093 0.25 0.0805129
v 0.745442 0.25 0.105442
v 0.720513 0.25 0.133093
v 0.698682 0.25 0.163004
v 0.680218 0.25 0.194654
v 0.665276 0.25 0.227486
v 0.653896 0.25 0.260943
v 0.64601 0.25 0.294493
v 0.641456 0.25 0.327652
v 0.64 0.25 0.36
v 0.64 0.25 0.36
v 0.641456 0.25 0.392348
v 0.64601 0.25 0.425507
v 0.649525 0.25 0.442262
v 0.653896 0.25 0.459057
v 0.659143 0.25 0.47583
v 0.665276 0.25 0.492514
v 0.672302 0.25 0.509043
v 0.680218 0.25 0.525346
v 0.689016 0.25 0.541354
v 0.698682 0.25 0.556996
v 0.709191 0.25 0.572202
v 0.720513 0.25 0.586907
v 0.732611 0.25 0.601046
v 0.745442 0.25 0.614558
v 0.758954 0.25 0.627389
v 0.773093 0.25 0.639487
v 0.787798 0.25 0.650809
v 0.803004 0.25 0.661318
v 0.818646 0.25 0.670984
v 0.834654 0.25 0.679782
v 0.850957 0.25 0.687698
v 0.867486 0.25 0.694724
v 0.88417 0.25 0.700857
v 0.900943 0.25 0.706104
v 0.917738 0.25 0.710475
v 0.934493 0.25 0.71399
v 0.967652 0.25 0.718544
v 1 0.25 0.72
v 1.03235 0.25 0.718544
v 1.06551 0.25 0.71399
v 1.08226 0.25 0.710475
v 1.09906 0.25 0.706104
v 1.11583 0.25 0.700857
v 1.13251 0.25 0.694724
v 1.14904 0.25 0.687698
v 1.16535 0.25 0.679782
v 1.18135 0.25 0.670984
v 1.197 0.25 0.661318
v 1.2122 0.25 0.650809
v 1.22691 0.25 0.639487
v 1.24105 0.25 0.627389
v 1.25456 0.25 0.614558
v 1.26739 0.25 0.601046
v 1.27949 0.25 0.586907
v 1.29081 0.25 0.572202
v 1.30132 0.25 0.556996
v 1.31098 0.25 0.541354
v 1.31978 0.25 0.525346
v 1.3277 0.25 0.509043
v 1.33472 0.25 0.492514
v 1.34086 0.25 0.47583
v 1.3461 0.25 0.459057
v 1.35048 0.25 0.442262
v 1.35399 0.25 0.425507
v 1.35854 0.25 0.392348
v 1.36 0.25 0.36
v 1.35854 0.25 0.327652
v 1.35399 0.25 0.294493
v 1.35048 0.25 0.277738
v 1.3461 0.25 0.260943
v 1.34086 0.25 0.24417
v 1.33472 0.25 0.227486
v 1.3277 0.25 0.210957
v 1.31978 0.25 0.194654
v 1.31098 0.25 0.178646
v 1.30132 0.25 0.163004
v 1.29081 0.25 0.147798
v 1.27949 0.25 0.133093
v 1.26739 0.25 0.118954
v 1.25456 0.25 0.105442
v 1.24105 0.25 0.0926112
v 1.22691 0.25 0.0805129
v 1.2122 0.25 0.0691906
v 1.197 0.25 0.0586816
v 1.18135 0.25 0.0490163
v 1.16535 0.25 0.0402178
v 1.14904 0.25 0.0323016
v 1.13251 0.25 0.0252762
v 1.11583 0.25 0.019143
v 1.09906 0.25 0.0138964
v 1.08226 0.25 0.00952463
v 1.06551 0.25 0.00601007
v 1.03235 0.25 0.00145623
v 1 0.25 0
v 0.967652 0.25 0.00145623
v 0.934493 0.25 0.00601007
v 0.917738 0.25 0.00952463
v 0.900943 0.25 0.0138964
v 0.88417 0.25 0.019143
v 0.867486 0.25 0.0252762
v 0.850957 0.25 0.0323016
v 0.834654 0.25 0.0402178
v 0.818646 0.25 0.0490163
v 0.803004 0.25 0.0586816
v 0.787798 0.25 0.0691906
v 0.773093 0.25 0.0805129
v 0.758954 0.25 0.0926112
v 0.745442 0.25 0.105442
v 0.732611 0.25 0.118954
v 0.720513 0.25 0.133093
v 0.709191 0.25 0.147798
v 0.698682 0.25 0.163004
v 0.689016 0.25 0.178646
v 0.680218 0.25 0.194654
v 0.672302 0.25 0.210957
v 0.665276 0.25 0.227486
v 0.659143 0.25 0.24417
v 0.653896 0.25 0.260943
v 0.649525 0.25 0.277738
v 0.64601 0.25 0.294493
v 0.641456 0.25 0.327652
v 0.64 -0.05 0.36
v 0.641456 -0.05 0.327652
v 0.64601 -0.05 0.294493
v 0.649525 -0.05 0.277738
v 0.653896 -0.05 0.260943
v 0.659143 -0.05 0.24417
v 0.665276 -0.05 0.227486
v 0.672302 -0.05 0.210957
v 0.680218 -0.05 0.194654
v 0.689016 -0.05 0.178646
v 0.698682 -0.05 0.163004
v 0.709191 -0.05 0.147798
v 0.720513 -0.05 0.133093
v 0.732611 -0.05 0.118954
v 0.745442 -0.05 0.105442
v 0.758954 -0.05 0.0926112
v 0.773093 -0.05 0.0805129
v 0.787798 -0.05 0.0691906
v 0.803004 -0.05 0.0586816
v 0.818646 -0.05 0.0490163
v 0.834654 -0.05 0.0402178
v 0.850957 -0.05 0.0323016
v 0.867486 -0.05 0.0252762
v 0.88417 -0.05 0.019143
v 0.900943 -0.05 0.0138964
v 0.917738 -0.05 0.00952463
v 0.934493 -0.05 0.00601007
v 0.967652 -0.05 0.00145623
v 1 -0.05 0
v 1.03235 -0.05 0.00145623
v 1.06551 -0.05 0.00601007
v 1.08226 -0.05 0.00952463
v 1.09906 -0.05 0.0138964
v 1.11583 -0.05 0.019143
v 1.13251 -0.05 0.0252762
v 1.14904 -0.05 0.0323016
v 1.16535 -0.05 0.0402178
v 1.18135 -0.05 0.0490163
v 1.197 -0.05 0.0586816
v 1.2122 -0.05 0.0691906
v 1.22691 -0.05 0.0805129
v 1.24105 -0.05 0.0926112
v 1.25456 -0.05 0.105442
v 1.26739 -0.05 0.118954
v 1.27949 -0.05 0.133093
v 1.29081 -0.05 0.147798
v 1.30132 -0.05 0.163004
v 1.31098 -0.05 0.178646
v 1.31978 -0.05 0.194654
v 1.3277 -0.05 0.210957
v 1.33472 -0.05 0.227486
v 1.34086 -0.05 0.24417
v 1.3461 -0.05 0.260943
v 1.35048 -0.05 0.277738
v 1.35399 -0.05 0.294493
v 1.35854 -0.05 0.327652
v 1.36 -0.05 0.36
v 1.35854 -0.05 0.392348
v 1.35399 -0.05 0.425507
v 1.35048 -0.05 0.442262
v 1.3461 -0.05 0.459057
v 1.34086 -0.05 0.47583
v 1.33472 -0.05 0.492514
v 1.3277 -0.05 0.509043
v 1.31978 -0.05 0.525346
v 1.31098 -0.05 0.541354
v 1.30132 -0.05 0.556996
v 1.29081 -0.05 0.572202
v 1.27949 -0.05 0.586907
v 1.26739 -0.05 0.601046
v 1.25456 -0.05 0.614558
v 1.24105 -0.05 0.627389
v 1.22691 -0.05 0.639487
v 1.2122 -0.05 0.650809
v 1.197 -0.05 0.661318
v 1.18135 -0.05 0.670984
v 1.16535 -0.05 0.679782
v 1.14904 -0.05 0.687698
v 1.13251 -0.05 0.694724
v 1.11583 -0.05 0.700857
v 1.09906 -0.05 0.706104
v 1.08226 -0.05 0.710475
v 1.06551 -0.05 0.71399
v 1.03235 -0.05 0.718544
v 1 -0.05 0.72
v 0.967652 -0.05 0.718544
v 0.934493 -0.05 0.71399
v 0.917738 -0.05 0.710475
v 0.900943 -0.05 0.706104
v 0.88417 -0.05 0.700857
v 0.867486 -0.05 0.694724
v 0.850957 -0.05 0.687698
v 0.834654 -0.05 0.679782
v 0.818646 -0.05 0.670984
v 0.803004 -0.05 0.661318
v 0.787798 -0.05 0.650809
v 0.773093 -0.05 0.639487
v 0.758954 -0.05 0.627389
v 0.745442 -0.05 0.614558
v 0.732611 -0.05 0.601046
v 0.720513 -0.05 0.586907
v 0.709191 -0.05 0.572202
v 0.698682 -0.05 0.556996
v 0.689016 -0.05 0.541354
v 0.680218 -0.05 0.525346
v 0.672302 -0.05 0.509043
v 0.665276 -0.05 0.492514
v 0.659143 -0.05 0.47583
v 0.653896 -0.05 0.459057
v 0.649525 -0.05 0.442262
v 0.64601 -0.05 0.425507
v 0.641456 -0.05 0.392348
vn -1 0 1.09034e-16
vn -0.995955 0 0.0898544
vn -0.983305 0 0.181963
vn -0.961399 0 0.275158
vn -0.929788 0 0.368095
vn -0.888284 0 0.459295
vn -0.836996 0 0.54721
vn -0.776353 0 0.630298
vn -0.707107 0 0.707107
vn -0.630298 0 0.776353
vn -0.54721 0 0.836996
vn -0.459295 0 0.888284
vn -0.368095 0 0.929788
vn -0.275158 0 0.961399
vn -0.181963 0 0.983305
vn -0.0898544 0 0.995955
vn 2.18068e-16 -0 1
vn 0.0898544 -0 0.995955
vn 0.181963 -0 0.983305
vn 0.275158 -0 0.961399
vn 0.368095 -0 0.929788
vn 0.459295 -0 0.888284
vn 0.54721 -0 0.836996
vn 0.630298 -0 0.776353
vn 0.707107 -0 0.707107
vn 0.776353 -0 0.630298
vn 0.836996 -0 0.54721
vn 0.888284 -0 0.459295
vn 0.929788 -0 0.368095
vn 0.961399 -0 0.275158
vn 0.983305 -0 0.181963
vn 0.995955 -0 0.0898544
vn 1 -0 6.54205e-16
vn 0.995955 0 -0.0898544
vn 0.983305 0 -0.181963
vn 0.961399 0 -0.275158
vn 0.929788 0 -0.368095
vn 0.888284 0 -0.459295
vn 0.836996 0 -0.54721
vn 0.776353 0 -0.630298
vn 0.707107 0 -0.707107
vn 0.630298 0 -0.776353
vn 0.54721 0 -0.836996
vn 0.459295 0 -0.888284
vn 0.368095 0 -0.929788
vn 0.275158 0 -0.961399
vn 0.181963 0 -0.983305
vn 0.0898544 0 -0.995955
vn 1.54198e-16 0 -1
vn -0.0898544 0 -0.995955
vn -0.181963 0 -0.983305
vn -0.275158 0 -0.961399
vn -0.368095 0 -0.929788
vn -0.459295 0 -0.888284
vn -0.54721 0 -0.836996
vn -0.630298 0 -0.776353
vn -0.707107 0 -0.707107
vn -0.776353 0 -0.630298
vn -0.836996 0 -0.54721
vn -0.888284 0 -0.459295
vn -0.929788 0 -0.368095
vn -0.961399 0 -0.275158
vn -0.983305 0 -0.181963
vn -0.995955 0 -0.0898544
vn -1 0 -3.27103e-16
vn -1 0 2.18068e-16
vn -0.995955 0 0.0898544
vn -0.983305 0 0.181963
vn -0.961399 0 0.275158
vn -0.929788 0 0.368095
vn -0.888284 0 0.459295
vn -0.836996 0 0.54721
vn -0.776353 0 0.630298
vn -0.707107 0 0.707107
vn -0.630298 0 0.776353
vn -0.54721 0 0.836996
vn -0.459295 0 0.888284
vn -0.368095 0 0.929788
vn -0.275158 0 0.961399
vn -0.181963 0 0.983305
vn -0.0898544 0 0.995955
vn -0 0 1
vn 0.0898544 -0 0.995955
vn 0.181963 -0 0.983305
vn 0.275158 -0 0.961399
vn 0.368095 -0 0.929788
vn 0.459295 -0 0.888284
vn 0.54721 -0 0.836996
vn 0.630298 -0 0.776353
vn 0.707107 -0 0.707107
vn 0.776353 -0 0.630298
vn 0.836996 -0 0.54721
vn 0.888284 -0 0.459295
vn 0.929788 -0 0.368095
vn 0.961399 -0 0.275158
vn 0.983305 -0 0.181963
vn 0.995955 -0 0.0898544
vn 1 -0 8.72274e-16
vn 0.995955 0 -0.0898544
vn 0.983305 0 -0.181963
vn 0.961399 0 -0.275158
vn 0.929788 0 -0.368095
vn 0.888284 0 -0.459295
vn 0.836996 0 -0.54721
vn 0.776353 0 -0.630298
vn 0.707107 0 -0.707107
vn 0.630298 0 -0.776353
vn 0.54721 0 -0.836996
vn 0.459295 0 -0.888284
vn 0.368095 0 -0.929788
vn 0.275158 0 -0.961399
vn 0.181963 0 -0.983305
vn 0.0898544 0 -0.995955
vn 1.54198e-16 0 -1
vn -0.0898544 0 -0.995955
vn -0.181963 0 -0.983305
vn -0.275158 0 -0.961399
vn -0.368095 0 -0.929788
vn -0.459295 0 -0.888284
vn -0.54721 0 -0.836996
vn -0.630298 0 -0.776353
vn -0.707107 0 -0.707107
vn -0.776353 0 -0.630298
vn -0.836996 0 -0.54721
vn -0.888284 0 -0.459295
vn -0.929788 0 -0.368095
vn -0.961399 0 -0.275158
vn -0.983305 0 -0.181963
vn -0.995955 0 -0.0898544
vn -1 0 -3.27103e-16
vn -1 0 1.09034e-16
vn -0.995955 0 0.0898544
vn -0.983305 0 0.181963
vn -0.961399 0 0.275158
vn -0.929788 0 0.368095
vn -0.888284 0 0.459295
vn -0.836996 0 0.54721
vn -0.776353 0 0.630298
vn -0.707107 0 0.707107
vn -0.630298 0 0.776353
vn -0.54721 0 0.836996
vn -0.459295 0 0.888284
vn -0.368095 0 0.929788
vn -0.275158 0 0.961399
vn -0.181963 0 0.983305
vn -0.0898544 0 0.995955
vn 2.18068e-16 -0 1
vn 0.0898544 -0 0.995955
vn 0.181963 -0 0.983305
vn 0.275158 -0 0.961399
vn 0.368095 -0 0.929788
vn 0.459295 -0 0.888284
vn 0.54721 -0 0.836996
vn 0.630298 -0 0.776353
vn 0.707107 -0 0.707107
vn 0.776353 -0 0.630298
vn 0.836996 -0 0.54721
vn 0.888284 -0 0.459295
vn 0.929788 -0 0.368095
vn 0.961399 -0 0.275158
vn 0.983305 -0 0.181963
vn 0.995955 -0 0.0898544
vn 1 -0 6.54205e-16
vn 0.995955 0 -0.0898544
vn 0.983305 0 -0.181963
vn 0.961399 0 -0.275158
vn 0.929788 0 -0.368095
vn 0.888284 0 -0.459295
vn 0.836996 0 -0.54721
vn 0.776353 0 -0.630298
vn 0.707107 0 -0.707107
vn 0.630298 0 -0.776353
vn 0.54721 0 -0.836996
vn 0.459295 0 -0.888284
vn 0.368095 0 -0.929788
vn 0.275158 0 -0.961399
vn 0.181963 0 -0.983305
vn 0.0898544 0 -0.995955
vn 1.54198e-16 0 -1
vn -0.0898544 0 -0.995955
vn -0.181963 0 -0.983305
vn -0.275158 0 -0.961399
vn -0.368095 0 -0.929788
vn -0.459295 0 -0.888284
vn -0.54721 0 -0.836996
vn -0.630298 0 -0.776353
vn -0.707107 0 -0.707107
vn -0.776353 0 -0.630298
vn -0.836996 0 -0.54721
vn -0.888284 0 -0.459295
vn -0.929788 0 -0.368095
vn -0.961399 0 -0.275158
vn -0.983305 0 -0.181963
vn -0.995955 0 -0.0898544
vn -1 0 -3.27103e-16
vn 0 1 -0
vn 0 1 -0
vn 0 1 -0
vn 0 1 -0
vn 0 1 -0
vn 0 1 -0
vn 0 1 -0
vn 0 1 -0
vn 0 1 -0
vn 0 1 -0
vn 0 1 -0
vn 0 1 -0
vn 0 1 -0
vn 0 1 -0
vn 0 1 -0
vn 0 1 -0
vn 0 1 -0
vn 0 1 -0
vn 0 1 -0
vn 0 1 -0
vn 0 1 -0
vn 0 1 -0
vn 0 1 -0
vn 0 1 -0
vn 0 1 -0
vn 0 1 -0
vn 0 1 -0
vn 0 1 -0
vn 0 1 -0
vn 0 1 -0
vn 0 1 -0
vn 0 1 -0
vn 0 1 -0
vn 0 1 -0
vn 0 1 -0
vn 0 1 -0
vn 0 1 -0
vn 0 1 -0
vn 0 1 -0
vn 0 1 -0
vn 0 1 -0
vn 0 1 -0
vn 0 1 -0
vn 0 1 -0
vn 0 1 -0
vn 0 1 -0
vn 0 1 -0
vn 0 1 -0
vn 0 1 -0
vn 0 1 -0
vn 0 1 -0
vn 0 1 -0
vn 0 1 -0
vn 0 1 -0
vn 0 1 -0
vn 0 1 -0
vn 0 1 -0
vn 0 1 -0
vn 0 1 -0
vn 0 1 -0
vn 0 1 -0
vn 0 1 -0
vn 0 1 -0
vn 0 1 -0
vn 0 1 -0
vn 0 1 -0
vn 0 1 -0
vn 0 1 -0
vn 0 1 -0
vn 0 1 -0
vn 0 1 -0
vn 0 1 -0
vn 0 1 -0
vn 0 1 -0
vn 0 1 -0
vn 0 1 -0
vn 0 1 -0
vn 0 1 -0
vn 0 1 -0
vn 0 1 -0
vn 0 1 -0
vn 0 1 -0
vn 0 1 -0
vn 0 1 -0
vn 0 1 -0
vn 0 1 -0
vn 0 1 -0
vn 0 1 -0
vn 0 1 -0
vn 0 1 -0
vn 0 1 -0
vn 0 1 -0
vn 0 1 -0
vn 0 1 -0
vn 0 1 -0
vn 0 1 -0
vn 0 1 -0
vn 0 1 -0
vn 0 1 -0
vn 0 1 -0
vn 0 1 -0
vn 0 1 -0
vn 0 1 -0
vn 0 1 -0
vn 0 1 -0
vn 0 1 -0
vn 0 1 -0
vn 0 1 -0
vn 0 1 -0
vn 0 1 -0
vn 0 1 -0
vn 0 1 -0
vn 6.93889e-18 -1 -7.37257e-18
vn 6.93889e-18 -1 -7.37257e-18
vn 5.55112e-18 -1 -7.37257e-18
vn 3.46945e-18 -1 -7.37257e-18
vn 5.55112e-18 -1 -7.80626e-18
vn 3.46945e-18 -1 -7.80626e-18
vn 5.55112e-18 -1 -7.80626e-18
vn 6.245e-18 -1 -7.80626e-18
vn -6.245e-18 -1 -7.80626e-18
vn 6.245e-18 -1 -7.80626e-18
vn 6.245e-18 -1 -7.80626e-18
vn 6.245e-18 -1 -8.67362e-18
vn -5.20417e-18 -1 -6.93889e-18
vn -9.36751e-18 -1 -8.67362e-18
vn 4.85723e-18 -1 -8.67362e-18
vn -7.63278e-18 -1 -8.67362e-18
vn 4.16334e-18 -1 -8.67362e-18
vn 3.81639e-18 -1 -1.04083e-17
vn -6.07153e-18 -1 -6.93889e-18
vn 4.85723e-18 -1 -6.93889e-18
vn -1.04083e-17 -1 -1.04083e-17
vn 3.81639e-18 -1 -6.93889e-18
vn 6.59195e-18 -1 -1.04083e-17
vn 9.54098e-18 -1 -1.04083e-17
vn -2.77556e-18 -1 -1.04083e-17
vn -1.73472e-18 -1 -1.04083e-17
vn 5.29091e-18 -1 -3.46945e-18
vn -2.77556e-18 -1 -1.04083e-17
vn -1.38778e-18 -1 0
vn -3.03577e-18 -1 -1.38778e-17
vn 5.20417e-18 -1 -6.93889e-18
vn -1.64799e-18 -1 -1.38778e-17
vn -3.29597e-18 -1 -6.93889e-18
vn -1.56125e-18 -1 -6.93889e-18
vn -4.51028e-18 -1 -1.38778e-17
vn -7.45931e-18 -1 -1.38778e-17
vn 4.16334e-18 -1 -6.93889e-18
vn -5.89806e-18 -1 -1.38778e-17
vn 8.1532e-18 -1 -6.93889e-18
vn 3.81639e-18 -1 -1.38778e-17
vn 6.93889e-18 -1 -6.93889e-18
vn 6.245e-18 -1 -6.93889e-18
vn -6.245e-18 -1 -6.93889e-18
vn 4.16334e-18 -1 -6.93889e-18
vn 2.77556e-18 -1 -6.93889e-18
vn 5.55112e-18 -1 -6.93889e-18
vn 2.77556e-18 -1 -6.93889e-18
vn -9.71445e-18 -1 -6.93889e-18
vn 6.245e-18 -1 -6.93889e-18
vn 2.77556e-18 -1 -6.93889e-18
vn 6.245e-18 -1 -6.93889e-18
vn -6.93889e-18 -1 -6.93889e-18
vn 5.55112e-18 -1 -6.93889e-18
vn 6.93889e-18 -1 -6.93889e-18
vn 2.08167e-18 -1 -6.93889e-18
vn 5.55112e-18 -1 -6.93889e-18
vn 0 -1 -6.93889e-18
vn -6.93889e-18 -1 -6.93889e-18
vn -1.38778e-18 -1 -6.93889e-18
vn 5.55112e-18 -1 -6.93889e-18
vn 0 -1 -6.93889e-18
vn 5.55112e-18 -1 -6.93889e-18
vn 0 -1 -6.93889e-18
vn 5.55112e-18 -1 -6.93889e-18
vn 5.55112e-18 -1 -6.93889e-18
vn 6.93889e-18 -1 -6.93889e-18
vn 6.93889e-18 -1 -6.93889e-18
vn 5.55112e-18 -1 -6.93889e-18
vn -1.38778e-18 -1 -6.93889e-18
vn 0 -1 -6.93889e-18
vn 0 -1 -6.93889e-18
vn 0 -1 -6.93889e-18
vn 0 -1 -6.93889e-18
vn 0 -1 -6.93889e-18
vn 4.16334e-18 -1 -6.93889e-18
vn 6.93889e-18 -1 -6.93889e-18
vn 0 -1 -6.93889e-18
vn 0 -1 -1.38778e-17
vn -6.93889e-18 -1 -1.38778e-17
vn 6.93889e-18 -1 -6.93889e-18
vn -6.93889e-18 -1 -6.93889e-18
vn 6.93889e-18 -1 -6.93889e-18
vn 1.11022e-17 -1 -6.93889e-18
vn 0 -1 -1.38778e-17
vn 0 -1 -6.93889e-18
vn 0 -1 -3.46945e-18
vn 1.11022e-17 -1 -1.04083e-17
vn 6.93889e-18 -1 -1.04083e-17
vn -6.93889e-18 -1 -1.04083e-17
vn 0 -1 -1.04083e-17
vn -6.93889e-18 -1 -1.04083e-17
vn 0 -1 -6.93889e-18
vn 0 -1 -1.04083e-17
vn 4.16334e-18 -1 -1.04083e-17
vn 4.16334e-18 -1 -6.93889e-18
vn 6.93889e-18 -1 -8.67362e-18
vn 0 -1 -8.67362e-18
vn 0 -1 -8.67362e-18
vn 0 -1 -8.67362e-18
vn 0 -1 -8.67362e-18
vn 0 -1 -6.93889e-18
vn -5.55112e-18 -1 -8.67362e-18
vn 5.55112e-18 -1 -7.80626e-18
vn -5.55112e-18 -1 -7.80626e-18
vn 5.55112e-18 -1 -7.80626e-18
vn 6.93889e-18 -1 -7.80626e-18
vn 0 -1 -7.80626e-18
vn 5.55112e-18 -1 -7.80626e-18
vn 6.93889e-18 -1 -6.93889e-18
vn 5.55112e-18 -1 -7.37257e-18
vn -1.38778e-18 -1 -7.37257e-18
vn 0 -1 -7.37257e-18
g WFL_rubber
usemtl rubber
f 55//55 56//56 121//121
f 55//55 121//121 120//120
f 56//56 57//57 122//122
f 56//56 122//122 121//121
f 57//57 58//58 123//123
f 57//57 123//123 122//122
f 58//58 59//59 124//124
f 58//58 124//124 123//123
f 59//59 60//60 125//125
f 59//59 125//125 124//124
f 60//60 61//61 126//126
f 60//60 126//126 125//125
f 61//61 62//62 127//127
f 61//61 127//127 126//126
f 62//62 63//63 128//128
f 62//62 128//128 127//127
f 63//63 64//64 129//129
f 63//63 129//129 128//128
f 64//64 65//65 130//130
f 64//64 130//130 129//129
f 65//65 66//66 131//131
f 65//65 131//131 130//130
f 66//66 67//67 132//132
f 66//66 132//132 131//131
f 67//67 68//68 133//133
f 67//67 133//133 132//132
f 68//68 69//69 134//134
f 68//68 134//134 133//133
f 69//69 70//70 135//135
f 69//69 135//135 134//134
f 70//70 71//71 136//136
f 70//70 136//136 135//135
f 71//71 72//72 137//137
f 71//71 137//137 136//136
f 72//72 73//73 138//138
f 72//72 138//138 137//137
f 73//73 74//74 139//139
f 73//73 139//139 138//138
f 74//74 75//75 140//140
f 74//74 140//140 139//139
f 75//75 76//76 141//141
f 75//75 141//141 140//140
f 76//76 77//77 142//142
f 76//76 142//142 141//141
f 77//77 78//78 143//143
f 77//77 143//143 142//142
f 78//78 79//79 144//144
f 78//78 144//144 143//143
f 79//79 80//80 145//145
f 79//79 145//145 144//144
f 80//80 81//81 146//146
f 80//80 146//146 145//145
f 81//81 82//82 147//147
f 81//81 147//147 146//146
f 82//82 83//83 148//148
f 82//82 148//148 147//147
f 83//83 84//84 149//149
f 83//83 149//149 148//148
f 84//84 85//85 150//150
f 84//84 150//150 149//149
f 85//85 86//86 151//151
f 85//85 151//151 150//150
f 86//86 87//87 152//152
f 86//86 152//152 151//151
f 87//87 88//88 153//153
f 87//87 153//153 152//152
f 88//88 89//89 154//154
f 88//88 154//154 153//153
f 89//89 90//90 155//155
f 89//89 155//155 154//154
f 90//90 91//91 156//156
f 90//90 156//156 155//155
f 91//91 92//92 157//157
f 91//91 157//157 156//156
f 92//92 93//93 158//158
f 92//92 158//158 157//157
f 93//93 94//94 159//159
f 93//93 159//159 158//158
f 94//94 95//95 160//160
f 94//94 160//160 159//159
f 95//95 96//96 161//161
f 95//95 161//161 160//160
f 96//96 97//97 162//162
f 96//96 162//162 161//161
f 97//97 98//98 163//163
f 97//97 163//163 162//162
f 98//98 99//99 164//164
f 98//98 164//164 163//163
f 99//99 100//100 165//165
f 99//99 165//165 164//164
f 100//100 101//101 166//166
f 100//100 166//166 165//165
f 101//101 102//102 167//167
f 101//101 167//167 166//166
f 102//102 103//103 168//168
f 102//102 168//168 167//167
f 103//103 104//104 169//169
f 103//103 169//169 168//168
f 104//104 105//105 170//170
f 104//104 170//170 169//169
f 105//105 106//106 171//171
f 105//105 171//171 170//170
f 106//106 107//107 172//172
f 106//106 172//172 171//171
f 107//107 108//108 173//173
f 107//107 173//173 172//172
f 108//108 109//109 174//174
f 108//108 174//174 173//173
f 109//109 110//110 175//175
f 109//109 175//175 174//174
f 110//110 111//111 176//176
f 110//110 176//176 175//175
f 111//111 112//112 177//177
f 111//111 177//177 176//176
f 112//112 113//113 178//178
f 112//112 178//178 177//177
f 113//113 114//114 179//179
f 113//113 179//179 178//178
f 114//114 115//115 180//180
f 114//114 180//180 179//179
f 115//115 116//116 181//181
f 115//115 181//181 180//180
f 116//116 117//117 182//182
f 116//116 182//182 181//181
f 117//117 118//118 183//183
f 117//117 183//183 182//182
f 118//118 119//119 184//184
f 118//118 184//184 183//183
f 120//120 121//121 186//186
f 120//120 186//186 185//185
f 121//121 122//122 187//187
f 121//121 187//187 186//186
f 122//122 123//123 188//188
f 122//122 188//188 187//187
f 123//123 124//124 189//189
f 123//123 189//189 188//188
f 124//124 125//125 190//190
f 124//124 190//190 189//189
f 125//125 126//126 191//191
f 125//125 191//191 190//190
f 126//126 127//127 192//192
f 126//126 192//192 191//191
f 127//127 128//128 193//193
f 127//127 193//193 192//192
f 128//128 129//129 194//194
f 128//128 194//194 193//193
f 129//129 130//130 195//195
f 129//129 195//195 194//194
f 130//130 131//131 196//196
f 130//130 196//196 195//195
f 131//131 132//132 197//197
f 131//131 197//197 196//196
f 132//132 133//133 198//198
f 132//132 198//198 197//197
f 133//133 134//134 199//199
f 133//133 199//199 198//198
f 134//134 135//135 200//200
f 134//134 200//200 199//199
f 135//135 136//136 201//201
f 135//135 201//201 200//200
f 136//136 137//137 202//202
f 136//136 202//202 201//201
f 137//137 138//138 203//203
f 137//137 203//203 202//202
f 138//138 139//139 204//204
f 138//138 204//204 203//203
f 139//139 140//140 205//205
f 139//139 205//205 204//204
f 140//140 141//141 206//206
f 140//140 206//206 205//205
f 141//141 142//142 207//207
f 141//141 207//207 206//206
f 142//142 143//143 208//208
f 142//142 208//208 207//207
f 143//143 144//144 209//209
f 143//143 209//209 208//208
f 144//144 145//145 210//210
f 144//144 210//210 209//209
f 145//145 146//146 211//211
f 145//145 211//211 210//210
f 146//146 147//147 212//212
f 146//146 212//212 211//211
f 147//147 148//148 213//213
f 147//147 213//213 212//212
f 148//148 149//149 214//214
f 148//148 214//214 213//213
f 149//149 150//150 215//215
f 149//149 215//215 214//214
f 150//150 151//151 216//216
f 150//150 216//216 215//215
f 151//151 152//152 217//217
f 151//151 217//217 216//216
f 152//152 153//153 218//218
f 152//152 218//218 217//217
f 153//153 154//154 219//219
f 153//153 219//219 218//218
f 154//154 155//155 220//220
f 154//154 220//220 219//219
f 155//155 156//156 221//221
f 155//155 221//221 220//220
f 156//156 157//157 222//222
f 156//156 222//222 221//221
f 157//157 158//158 223//223
f 157//157 223//223 222//222
f 158//158 159//159 224//224
f 158//158 224//224 223//223
f 159//159 160//160 225//225
f 159//159 225//225 224//224
f 160//160 161//161 226//226
f 160//160 226//226 225//225
f 161//161 162//162 227//227
f 161//161 227//227 226//226
f 162//162 163//163 228//228
f 162//162 228//228 227//227
f 163//163 164//164 229//229
f 163//163 229//229 228//228
f 164//164 165//165 230//230
f 164//164 230//230 229//229
f 165//165 166//166 231//231
f 165//165 231//231 230//230
f 166//166 167//167 232//232
f 166//166 232//232 231//231
f 167//167 168//168 233//233
f 167//167 233//233 232//232
f 168//168 169//169 234//234
f 168//168 234//234 233//233
f 169//169 170//170 235//235
f 169//169 235//235 234//234
f 170//170 171//171 236//236
f 170//170 236//236 235//235
f 171//171 172//172 237//237
f 171//171 237//237 236//236
f 172//172 173//173 238//238
f 172//172 238//238 237//237
f 173//173 174//174 239//239
f 173//173 239//239 238//238
f 174//174 175//175 240//240
f 174//174 240//240 239//239
f 175//175 176//176 241//241
f 175//175 241//241 240//240
f 176//176 177//177 242//242
f 176//176 242//242 241//241
f 177//177 178//178 243//243
f 177//177 243//243 242//242
f 178//178 179//179 244//244
f 178//178 244//244 243//243
f 179//179 180//180 245//245
f 179//179 245//245 244//244
f 180//180 181//181 246//246
f 180//180 246//246 245//245
f 181//181 182//182 247//247
f 181//181 247//247 246//246
f 182//182 183//183 248//248
f 182//182 248//248 247//247
f 183//183 184//184 249//249
f 183//183 249//249 248//248
f 361//361 250//250 251//251
f 361//361 251//251 252//252
f 361//361 252//252 253//253
f 361//361 253//253 254//254
f 361//361 254//254 255//255
f 361//361 255//255 256//256
f 361//361 256//256 257//257
f 361//361 257//257 258//258
f 361//361 258//258 259//259
f 361//361 259//259 260//260
f 361//361 260//260 261//261
f 361//361 261//261 262//262
f 361//361 262//262 263//263
f 361//361 263//263 264//264
f 361//361 264//264 265//265
f 361//361 265//265 266//266
f 361//361 266//266 267//267
f 361//361 267//267 268//268
f 361//361 268//268 269//269
f 361//361 269//269 270//270
f 361//361 270//270 271//271
f 361//361 271//271 272//272
f 361//361 272//272 273//273
f 361//361 273//273 274//274
f 361//361 274//274 275//275
f 361//361 275//275 276//276
f 361//361 276//276 277//277
f 361//361 277//277 278//278
f 361//361 278//278 279//279
f 361//361 279//279 280//280
f 361//361 280//280 281//281
f 361//361 281//281 282//282
f 361//361 282//282 283//283
f 361//361 283//283 284//284
f 361//361 284//284 285//285
f 361//361 285//285 286//286
f 361//361 286//286 287//287
f 361//361 287//287 288//288
f 361//361 288//288 289//289
f 361//361 289//289 290//290
f 361//361 290//290 291//291
f 361//361 291//291 292//292
f 361//361 292//292 293//293
f 361//361 293//293 294//294
f 361//361 294//294 295//295
f 361//361 295//295 296//296
f 361//361 296//296 297//297
f 361//361 297//297 298//298
f 361//361 298//298 299//299
f 361//361 299//299 300//300
f 361//361 300//300 301//301
f 361//361 301//301 302//302
f 361//361 302//302 303//303
f 361//361 303//303 304//304
f 361//361 304//304 305//305
f 361//361 305//305 306//306
f 361//361 306//306 307//307
f 361//361 307//307 308//308
f 361//361 308//308 309//309
f 361//361 309//309 310//310
f 361//361 310//310 311//311
f 361//361 311//311 312//312
f 361//361 312//312 313//313
f 361//361 313//313 314//314
f 361//361 314//314 315//315
f 361//361 315//315 316//316
f 361//361 316//316 317//317
f 361//361 317//317 318//318
f 361//361 318//318 319//319
f 361//361 319//319 320//320
f 361//361 320//320 321//321
f 361//361 321//321 322//322
f 361//361 322//322 323//323
f 361//361 323//323 324//324
f 361//361 324//324 325//325
f 361//361 325//325 326//326
f 361//361 326//326 327//327
f 361//361 327//327 328//328
f 361//361 328//328 329//329
f 361//361 329//329 330//330
f 361//361 330//330 331//331
f 361//361 331//331 332//332
f 361//361 332//332 333//333
f 361//361 333//333 334//334
f 361//361 334//334 335//335
f 361//361 335//335 336//336
f 361//361 336//336 337//337
f 361//361 337//337 338//338
f 361//361 338//338 339//339
f 361//361 339//339 340//340
f 361//361 340//340 341//341
f 361//361 341//341 342//342
f 361//361 342//342 343//343
f 361//361 343//343 344//344
f 361//361 344//344 345//345
f 361//361 345//345 346//346
f 361//361 346//346 347//347
f 361//361 347//347 348//348
f 361//361 348//348 349//349
f 361//361 349//349 350//350
f 361//361 350//350 351//351
f 361//361 351//351 352//352
f 361//361 352//352 353//353
f 361//361 353//353 354//354
f 361//361 354//354 355//355
f 361//361 355//355 356//356
f 361//361 356//356 357//357
f 361//361 357//357 358//358
f 361//361 358//358 359//359
f 359//359 360//360 361//361
f 473//473 362//362 363//363
f 473//473 363//363 364//364
f 473//473 364//364 365//365
f 473//473 365//365 366//366
f 473//473 366//366 367//367
f 473//473 367//367 368//368
f 473//473 368//368 369//369
f 473//473 369//369 370//370
f 473//473 370//370 371//371
f 473//473 371//371 372//372
f 473//473 372//372 373//373
f 473//473 373//373 374//374
f 473//473 374//374 375//375
f 473//473 375//375 376//376
f 473//473 376//376 377//377
f 473//473 377//377 378//378
f 473//473 378//378 379//379
f 473//473 379//379 380//380
f 473//473 380//380 381//381
f 473//473 381//381 382//382
f 473//473 382//382 383//383
f 473//473 383//383 384//384
f 473//473 384//384 385//385
f 473//473 385//385 386//386
f 473//473 386//386 387//387
f 473//473 387//387 388//388
f 473//473 388//388 389//389
f 473//473 389//389 390//390
f 473//473 390//390 391//391
f 473//473 391//391 392//392
f 473//473 392//392 393//393
f 473//473 393//393 394//394
f 473//473 394//394 395//395
f 473//473 395//395 396//396
f 473//473 396//396 397//397
f 473//473 397//397 398//398
f 473//473 398//398 399//399
f 473//473 399//399 400//400
f 473//473 400//400 401//401
f 473//473 401//401 402//402
f 473//473 402//402 403//403
f 473//473 403//403 404//404
f 473//473 404//404 405//405
f 473//473 405//405 406//406
f 473//473 406//406 407//407
f 473//473 407//407 408//408
f 473//473 408//408 409//409
f 473//473 409//409 410//410
f 473//473 410//410 411//411
f 473//473 411//411 412//412
f 473//473 412//412 413//413
f 473//473 413//413 414//414
f 473//473 414//414 415//415
f 473//473 415//415 416//416
f 473//473 416//416 417//417
f 473//473 417//417 418//418
f 473//473 418//418 419//419
f 473//473 419//419 420//420
f 473//473 420//420 421//421
f 473//473 421//421 422//422
f 473//473 422//422 423//423
f 473//473 423//423 424//424
f 473//473 424//424 425//425
f 473//473 425//425 426//426
f 473//473 426//426 427//427
f 473//473 427//427 428//428
f 473//473 428//428 429//429
f 473//473 429//429 430//430
f 473//473 430//430 431//431
f 473//473 431//431 432//432
f 473//473 432//432 433//433
f 473//473 433//433 434//434
f 473//473 434//434 435//435
f 473//473 435//435 436//436
f 473//473 436//436 437//437
f 473//473 437//437 438//438
f 473//473 438//438 439//439
f 473//473 439//439 440//440
f 473//473 440//440 441//441
f 473//473 441//441 442//442
f 473//473 442//442 443//443
f 473//473 443//443 444//444
f 473//473 444//444 445//445
f 473//473 445//445 446//446
f 473//473 446//446 447//447
f 473//473 447//447 448//448
f 473//473 448//448 449//449
f 473//473 449//449 450//450
f 473//473 450//450 451//451
f 473//473 451//451 452//452
f 473//473 452//452 453//453
f 473//473 453//453 454//454
f 473//473 454//454 455//455
f 473//473 455//455 456//456
f 473//473 456//456 457//457
f 473//473 457//457 458//458
f 473//473 458//458 459//459
f 473//473 459//459 460//460
f 473//473 460//460 461//461
f 473//473 461//461 462//462
f 473//473 462//462 463//463
f 473//473 463//463 464//464
f 473//473 464//464 465//465
f 473//473 465//465 466//466
f 473//473 466//466 467//467
f 473//473 467//467 468//468
f 473//473 468//468 469//469
f 473//473 469//469 470//470
f 473//473 470//470 471//471
f 471//471 472//472 473//473
o WFR
v 0.64 1.55 0.36
v 0.641456 1.55 0.392348
v 0.64601 1.55 0.425507
v 0.653896 1.55 0.459057
v 0.665276 1.55 0.492514
v 0.680218 1.55 0.525346
v 0.698682 1.55 0.556996
v 0.720513 1.55 0.586907
v 0.745442 1.55 0.614558
v 0.773093 1.55 0.639487
v 0.803004 1.55 0.661318
v 0.834654 1.55 0.679782
v 0.867486 1.55 0.694724
v 0.900943 1.55 0.706104
v 0.934493 1.55 0.71399
v 0.967652 1.55 0.718544
v 1 1.55 0.72
v 1.03235 1.55 0.718544
v 1.06551 1.55 0.71399
v 1.09906 1.55 0.706104
v 1.13251 1.55 0.694724
v 1.16535 1.55 0.679782
v 1.197 1.55 0.661318
v 1.22691 1.55 0.639487
v 1.25456 1.55 0.614558
v 1.27949 1.55 0.586907
v 1.30132 1.55 0.556996
v 1.31978 1.55 0.525346
v 1.33472 1.55 0.492514
v 1.3461 1.55 0.459057
v 1.35399 1.55 0.425507
v 1.35854 1.55 0.392348
v 1.36 1.55 0.36
v 1.35854 1.55 0.327652
v 1.35399 1.55 0.294493
v 1.3461 1.55 0.260943
v 1.33472 1.55 0.227486
v 1.31978 1.55 0.194654
v 1.30132 1.55 0.163004
v 1.27949 1.55 0.133093
v 1.25456 1.55 0.105442
v 1.22691 1.55 0.0805129
v 1.197 1.55 0.0586816
v 1.16535 1.55 0.0402178
v 1.13251 1.55 0.0252762
v 1.09906 1.55 0.0138964
v 1.06551 1.55 0.00601007
v 1.03235 1.55 0.00145623
v 1 1.55 0
v 0.967652 1.55 0.00145623
v 0.934493 1.55 0.00601007
v 0.900943 1.55 0.0138964
v 0.867486 1.55 0.0252762
v 0.834654 1.55 0.0402178
v 0.803004 1.55 0.0586816
v 0.773093 1.55 0.0805129
v 0.745442 1.55 0.105442
v 0.720513 1.55 0.133093
v 0.698682 1.55 0.163004
v 0.680218 1.55 0.194654
v 0.665276 1.55 0.227486
v 0.653896 1.55 0.260943
v 0.64601 1.55 0.294493
v 0.641456 1.55 0.327652
v 0.64 1.55 0.36
v 0.64 1.7 0.36
v 0.641456 1.7 0.392348
v 0.64601 1.7 0.425507
v 0.653896 1.7 0.459057
v 0.665276 1.7 0.492514
v 0.680218 1.7 0.525346
v 0.698682 1.7 0.556996
v 0.720513 1.7 0.586907
v 0.745442 1.7 0.614558
v 0.773093 1.7 0.639487
v 0.803004 1.7 0.661318
v 0.834654 1.7 0.679782
v 0.867486 1.7 0.694724
v 0.900943 1.7 0.706104
v 0.934493 1.7 0.71399
v 0.967652 1.7 0.718544
v 1 1.7 0.72
v 1.03235 1.7 0.718544
v 1.06551 1.7 0.71399
v 1.09906 1.7 0.706104
v 1.13251 1.7 0.694724
v 1.16535 1.7 0.679782
v 1.197 1.7 0.661318
v 1.22691 1.7 0.639487
v 1.25456 1.7 0.614558
v 1.27949 1.7 0.586907
v 1.30132 1.7 0.556996
v 1.31978 1.7 0.525346
v 1.33472 1.7 0.492514
v 1.3461 1.7 0.459057
v 1.35399 1.7 0.425507
v 1.35854 1.7 0.392348
v 1.36 1.7 0.36
v 1.35854 1.7 0.327652
v 1.35399 1.7 0.294493
v 1.3461 1.7 0.260943
v 1.33472 1.7 0.227486
v 1.31978 1.7 0.194654
v 1.30132 1.7 0.163004
v 1.27949 1.7 0.133093
v 1.25456 1.7 0.105442
v 1.22691 1.7 0.0805129
v 1.197 1.7 0.0586816
v 1.16535 1.7 0.0402178
v 1.13251 1.7 0.0252762
v 1.09906 1.7 0.0138964
v 1.06551 1.7 0.00601007
v 1.03235 1.7 0.00145623
v 1 1.7 0
v 0.967652 1.7 0.00145623
v 0.934493 1.7 0.00601007
v 0.900943 1.7 0.0138964
v 0.867486 1.7 0.0252762
v 0.834654 1.7 0.0402178
v 0.803004 1.7 0.0586816
v 0.773093 1.7 0.0805129
v 0.745442 1.7 0.105442
v 0.720513 1.7 0.133093
v 0.698682 1.7 0.163004
v 0.680218 1.7 0.194654
v 0.665276 1.7 0.227486
v 0.653896 1.7 0.260943
v 0.64601 1.7 0.294493
v 0.641456 1.7 0.327652
v 0.64 1.7 0.36
v 0.64 1.85 0.36
v 0.641456 1.85 0.392348
v 0.64601 1.85 0.425507
v 0.653896 1.85 0.459057
v 0.665276 1.85 0.492514
v 0.680218 1.85 0.525346
v 0.698682 1.85 0.556996
v 0.720513 1.85 0.586907
v 0.745442 1.85 0.614558
v 0.773093 1.85 0.639487
v 0.803004 1.85 0.661318
v 0.834654 1.85 0.679782
v 0.867486 1.85 0.694724
v 0.900943 1.85 0.706104
v 0.934493 1.85 0.71399
v 0.967652 1.85 0.718544
v 1 1.85 0.72
v 1.03235 1.85 0.718544
v 1.06551 1.85 0.71399
v 1.09906 1.85 0.706104
v 1.13251 1.85 0.694724
v 1.16535 1.85 0.679782
v 1.197 1.85 0.661318
v 1.22691 1.85 0.639487
v 1.25456 1.85 0.614558
v 1.27949 1.85 0.586907
v 1.30132 1.85 0.556996
v 1.31978 1.85 0.525346
v 1.33472 1.85 0.492514
v 1.3461 1.85 0.459057
v 1.35399 1.85 0.425507
v 1.35854 1.85 0.392348
v 1.36 1.85 0.36
v 1.35854 1.85 0.327652
v 1.35399 1.85 0.294493
v 1.3461 1.85 0.260943
v 1.33472 1.85 0.227486
v 1.31978 1.85 0.194654
v 1.30132 1.85 0.163004
v 1.27949 1.85 0.133093
v 1.25456 1.85 0.105442
v 1.22691 1.85 0.0805129
v 1.197 1.85 0.0586816
v 1.16535 1.85 0.0402178
v 1.13251 1.85 0.0252762
v 1.09906 1.85 0.0138964
v 1.06551 1.85 0.00601007
v 1.03235 1.85 0.00145623
v 1 1.85 0
v 0.967652 1.85 0.00145623
v 0.934493 1.85 0.00601007
v 0.900943 1.85 0.0138964
v 0.867486 1.85 0.0252762
v 0.834654 1.85 0.0402178
v 0.803004 1.85 0.0586816
v 0.773093 1.85 0.0805129
v 0.745442 1.85 0.105442
v 0.720513 1.85 0.133093
v 0.698682 1.85 0.163004
v 0.680218 1.85 0.194654
v 0.665276 1.85 0.227486
v 0.653896 1.85 0.260943
v 0.64601 1.85 0.294493
v 0.641456 1.85 0.327652
v 0.64 1.85 0.36
v 0.64 1.85 0.36
v 0.641456 1.85 0.392348
v 0.64601 1.85 0.425507
v 0.649525 1.85 0.442262
v 0.653896 1.85 0.459057
v 0.659143 1.85 0.47583
v 0.665276 1.85 0.492514
v 0.672302 1.85 0.509043
v 0.680218 1.85 0.525346
v 0.689016 1.85 0.541354
v 0.698682 1.85 0.556996
v 0.709191 1.85 0.572202
v 0.720513 1.85 0.586907
v 0.732611 1.85 0.601046
v 0.745442 1.85 0.614558
v 0.758954 1.85 0.627389
v 0.773093 1.85 0.639487
v 0.787798 1.85 0.650809
v 0.803004 1.85 0.661318
v 0.818646 1.85 0.670984
v 0.834654 1.85 0.679782
v 0.850957 1.85 0.687698
v 0.867486 1.85 0.694724
v 0.88417 1.85 0.700857
v 0.900943 1.85 0.706104
v 0.917738 1.85 0.710475
v 0.934493 1.85 0.71399
v 0.967652 1.85 0.718544
v 1 1.85 0.72
v 1.03235 1.85 0.718544
v 1.06551 1.85 0.71399
v 1.08226 1.85 0.710475
v 1.09906 1.85 0.706104
v 1.11583 1.85 0.700857
v 1.13251 1.85 0.694724
v 1.14904 1.85 0.687698
v 1.16535 1.85 0.679782
v 1.18135 1.85 0.670984
v 1.197 1.85 0.661318
v 1.2122 1.85 0.650809
v 1.22691 1.85 0.639487
v 1.24105 1.85 0.627389
v 1.25456 1.85 0.614558
v 1.26739 1.85 0.601046
v 1.27949 1.85 0.586907
v 1.29081 1.85 0.572202
v 1.30132 1.85 0.556996
v 1.31098 1.85 0.541354
v 1.31978 1.85 0.525346
v 1.3277 1.85 0.509043
v 1.33472 1.85 0.492514
v 1.34086 1.85 0.47583
v 1.3461 1.85 0.459057
v 1.35048 1.85 0.442262
v 1.35399 1.85 0.425507
v 1.35854 1.85 0.392348
v 1.36 1.85 0.36
v 1.35854 1.85 0.327652
v 1.35399 1.85 0.294493
v 1.35048 1.85 0.277738
v 1.3461 1.85 0.260943
v 1.34086 1.85 0.24417
v 1.33472 1.85 0.227486
v 1.3277 1.85 0.210957
v 1.31978 1.85 0.194654
v 1.31098 1.85 0.178646
v 1.30132 1.85 0.163004
v 1.29081 1.85 0.147798
v 1.27949 1.85 0.133093
v 1.26739 1.85 0.118954
v 1.25456 1.85 0.105442
v 1.24105 1.85 0.0926112
v 1.22691 1.85 0.0805129
v 1.2122 1.85 0.0691906
v 1.197 1.85 0.0586816
v 1.18135 1.85 0.0490163
v 1.16535 1.85 0.0402178
v 1.14904 1.85 0.0323016
v 1.13251 1.85 0.0252762
v 1.11583 1.85 0.019143
v 1.09906 1.85 0.0138964
v 1.08226 1.85 0.00952463
v 1.06551 1.85 0.00601007
v 1.03235 1.85 0.00145623
v 1 1.85 0
v 0.967652 1.85 0.00145623
v 0.934493 1.85 0.00601007
v 0.917738 1.85 0.00952463
v 0.900943 1.85 0.0138964
v 0.88417 1.85 0.019143
v 0.867486 1.85 0.0252762
v 0.850957 1.85 0.0323016
v 0.834654 1.85 0.0402178
v 0.818646 1.85 0.0490163
v 0.803004 1.85 0.0586816
v 0.787798 1.85 0.0691906
v 0.773093 1.85 0.0805129
v 0.758954 1.85 0.0926112
v 0.745442 1.85 0.105442
v 0.732611 1.85 0.118954
v 0.720513 1.85 0.133093
v 0.709191 1.85 0.147798
v 0.698682 1.85 0.163004
v 0.689016 1.85 0.178646
v 0.680218 1.85 0.194654
v 0.672302 1.85 0.210957
v 0.665276 1.85 0.227486
v 0.659143 1.85 0.24417
v 0.653896 1.85 0.260943
v 0.649525 1.85 0.277738
v 0.64601 1.85 0.294493
v 0.641456 1.85 0.327652
v 0.64 1.55 0.36
v 0.641456 1.55 0.327652
v 0.64601 1.55 0.294493
v 0.649525 1.55 0.277738
v 0.653896 1.55 0.260943
v 0.659143 1.55 0.24417
v 0.665276 1.55 0.227486
v 0.672302 1.55 0.210957
v 0.680218 1.55 0.194654
v 0.689016 1.55 0.178646
v 0.698682 1.55 0.163004
v 0.709191 1.55 0.147798
v 0.720513 1.55 0.133093
v 0.732611 1.55 0.118954
v 0.745442 1.55 0.105442
v 0.758954 1.55 0.0926112
v 0.773093 1.55 0.0805129
v 0.787798 1.55 0.0691906
v 0.803004 1.55 0.0586816
v 0.818646 1.55 0.0490163
v 0.834654 1.55 0.0402178
v 0.850957 1.55 0.0323016
v 0.867486 1.55 0.0252762
v 0.88417 1.55 0.019143
v 0.900943 1.55 0.0138964
v 0.917738 1.55 0.00952463
v 0.934493 1.55 0.00601007
v 0.967652 1.55 0.00145623
v 1 1.55 0
v 1.03235 1.55 0.00145623
v 1.06551 1.55 0.00601007
v 1.08226 1.55 0.00952463
v 1.09906 1.55 0.0138964
v 1.11583 1.55 0.019143
v 1.13251 1.55 0.0252762
v 1.14904 1.55 0.0323016
v 1.16535 1.55 0.0402178
v 1.18135 1.55 0.0490163
v 1.197 1.55 0.0586816
v 1.2122 1.55 0.0691906
v 1.22691 1.55 0.0805129
v 1.24105 1.55 0.0926112
v 1.25456 1.55 0.105442
v 1.26739 1.55 0.118954
v 1.27949 1.55 0.133093
v 1.29081 1.55 0.147798
v 1.30132 1.55 0.163004
v 1.31098 1.55 0.178646
v 1.31978 1.55 0.194654
v 1.3277 1.55 0.210957
v 1.33472 1.55 0.227486
v 1.34086 1.55 0.24417
v 1.3461 1.55 0.260943
v 1.35048 1.55 0.277738
v 1.35399 1.55 0.294493
v 1.35854 1.55 0.327652
v 1.36 1.55 0.36
v 1.35854 1.55 0.392348
v 1.35399 1.55 0.425507
v 1.35048 1.55 0.442262
v 1.3461 1.55 0.459057
v 1.34086 1.55 0.47583
v 1.33472 1.55 0.492514
v 1.3277 1.55 0.509043
v 1.31978 1.55 0.525346
v 1.31098 1.55 0.541354
v 1.30132 1.55 0.556996
v 1.29081 1.55 0.572202
v 1.27949 1.55 0.586907
v 1.26739 1.55 0.601046
v 1.25456 1.55 0.614558
v 1.24105 1.55 0.627389
v 1.22691 1.55 0.639487
v 1.2122 1.55 0.650809
v 1.197 1.55 0.661318
v 1.18135 1.55 0.670984
v 1.16535 1.55 0.679782
v 1.14904 1.55 0.687698
v 1.13251 1.55 0.694724
v 1.11583 1.55 0.700857
v 1.09906 1.55 0.706104
v 1.08226 1.55 0.710475
v 1.06551 1.55 0.71399
v 1.03235 1.55 0.718544
v 1 1.55 0.72
v 0.967652 1.55 0.718544
v 0.934493 1.55 0.71399
v 0.917738 1.55 0.710475
v 0.900943 1.55 0.706104
v 0.88417 1.55 0.700857
v 0.867486 1.55 0.694724
v 0.850957 1.55 0.687698
v 0.834654 1.55 0.679782
v 0.818646 1.55 0.670984
v 0.803004 1.55 0.661318
v 0.787798 1.55 0.650809
v 0.773093 1.55 0.639487
v 0.758954 1.55 0.627389
v 0.745442 1.55 0.614558
v 0.732611 1.55 0.601046
v 0.720513 1.55 0.586907
v 0.709191 1.55 0.572202
v 0.698682 1.55 0.556996
v 0.689016 1.55 0.541354
v 0.680218 1.55 0.525346
v 0.672302 1.55 0.509043
v 0.665276 1.55 0.492514
v 0.659143 1.55 0.47583
v 0.653896 1.55 0.459057
v 0.649525 1.55 0.442262
v 0.64601 1.55 0.425507
v 0.641456 1.55 0.392348
vn -1 0 1.09034e-16
vn -0.995955 0 0.0898544
vn -0.983305 0 0.181963
vn -0.961399 0 0.275158
vn -0.929788 0 0.368095
vn -0.888284 0 0.459295
vn -0.836996 0 0.54721
vn -0.776353 0 0.630298
vn -0.707107 0 0.707107
vn -0.630298 0 0.776353
vn -0.54721 0 0.836996
vn -0.459295 0 0.888284
vn -0.368095 0 0.929788
vn -0.275158 0 0.961399
vn -0.181963 0 0.983305
vn -0.0898544 0 0.995955
vn 2.18068e-16 -0 1
vn 0.0898544 -0 0.995955
vn 0.181963 -0 0.983305
vn 0.275158 -0 0.961399
vn 0.368095 -0 0.929788
vn 0.459295 -0 0.888284
vn 0.54721 -0 0.836996
vn 0.630298 -0 0.776353
vn 0.707107 -0 0.707107
vn 0.776353 -0 0.630298
vn 0.836996 -0 0.54721
vn 0.888284 -0 0.459295
vn 0.929788 -0 0.368095
vn 0.961399 -0 0.275158
vn 0.983305 -0 0.181963
vn 0.995955 -0 0.0898544
vn 1 -0 6.54205e-16
vn 0.995955 0 -0.0898544
vn 0.983305 0 -0.181963
vn 0.961399 0 -0.275158
vn 0.929788 0 -0.368095
vn 0.888284 0 -0.459295
vn 0.836996 0 -0.54721
vn 0.776353 0 -0.630298
vn 0.707107 0 -0.707107
vn 0.630298 0 -0.776353
vn 0.54721 0 -0.836996
vn 0.459295 0 -0.888284
vn 0.368095 0 -0.929788
vn 0.275158 0 -0.961399
vn 0.181963 0 -0.983305
vn 0.0898544 0 -0.995955
vn 1.54198e-16 0 -1
vn -0.0898544 0 -0.995955
vn -0.181963 0 -0.983305
vn -0.275158 0 -0.961399
vn -0.368095 0 -0.929788
vn -0.459295 0 -0.888284
vn -0.54721 0 -0.836996
vn -0.630298 0 -0.776353
vn -0.707107 0 -0.707107
vn -0.776353 0 -0.630298
vn -0.836996 0 -0.54721
vn -0.888284 0 -0.459295
vn -0.929788 0 -0.368095
vn -0.961399 0 -0.275158
vn -0.983305 0 -0.181963
vn -0.995955 0 -0.0898544
vn -1 0 -3.27103e-16
vn -1 0 2.18068e-16
vn -0.995955 0 0.0898544
vn -0.983305 0 0.181963
vn -0.961399 0 0.275158
vn -0.929788 0 0.368095
vn -0.888284 0 0.459295
vn -0.836996 0 0.54721
vn -0.776353 0 0.630298
vn -0.707107 0 0.707107
vn -0.630298 0 0.776353
vn -0.54721 0 0.836996
vn -0.459295 0 0.888284
vn -0.368095 0 0.929788
vn -0.275158 0 0.961399
vn -0.181963 0 0.983305
vn -0.0898544 0 0.995955
vn -0 0 1
vn 0.0898544 -0 0.995955
vn 0.181963 -0 0.983305
vn 0.275158 -0 0.961399
vn 0.368095 -0 0.929788
vn 0.459295 -0 0.888284
vn 0.54721 -0 0.836996
vn 0.630298 -0 0.776353
vn 0.707107 -0 0.707107
vn 0.776353 -0 0.630298
vn 0.836996 -0 0.54721
vn 0.888284 -0 0.459295
vn 0.929788 -0 0.368095
vn 0.961399 -0 0.275158
vn 0.983305 -0 0.181963
vn 0.995955 -0 0.0898544
vn 1 -0 8.72274e-16
vn 0.995955 0 -0.0898544
vn 0.983305 0 -0.181963
vn 0.961399 0 -0.275158
vn 0.929788 0 -0.368095
vn 0.888284 0 -0.459295
vn 0.836996 0 -0.54721
vn 0.776353 0 -0.630298
vn 0.707107 0 -0.707107
vn 0.630298 0 -0.776353
vn 0.54721 0 -0.836996
vn 0.459295 0 -0.888284
vn 0.368095 0 -0.929788
vn 0.275158 0 -0.961399
vn 0.181963 0 -0.983305
vn 0.0898544 0 -0.995955
vn 1.54198e-16 0 -1
vn -0.0898544 0 -0.995955
vn -0.181963 0 -0.983305
vn -0.275158 0 -0.961399
vn -0.368095 0 -0.929788
vn -0.459295 0 -0.888284
vn -0.54721 0 -0.836996
vn -0.630298 0 -0.776353
vn -0.707107 0 -0.707107
vn -0.776353 0 -0.630298
vn -0.836996 0 -0.54721
vn -0.888284 0 -0.459295
vn -0.929788 0 -0.368095
vn -0.961399 0 -0.275158
vn -0.983305 0 -0.181963
vn -0.995955 0 -0.0898544
vn -1 0 -3.27103e-16
vn -1 0 1.09034e-16
vn -0.995955 0 0.0898544
vn -0.983305 0 0.181963
vn -0.961399 0 0.275158
vn -0.929788 0 0.368095
vn -0.888284 0 0.459295
vn -0.836996 0 0.54721
vn -0.776353 0 0.630298
vn -0.707107 0 0.707107
vn -0.630298 0 0.776353
vn -0.54721 0 0.836996
vn -0.459295 0 0.888284
vn -0.368095 0 0.929788
vn -0.275158 0 0.961399
vn -0.181963 0 0.983305
vn -0.0898544 0 0.995955
vn 2.18068e-16 -0 1
vn 0.0898544 -0 0.995955
vn 0.181963 -0 0.983305
vn 0.275158 -0 0.961399
vn 0.368095 -0 0.929788
vn 0.459295 -0 0.888284
vn 0.54721 -0 0.836996
vn 0.630298 -0 0.776353
vn 0.707107 -0 0.707107
vn 0.776353 -0 0.630298
vn 0.836996 -0 0.54721
vn 0.888284 -0 0.459295
vn 0.929788 -0 0.368095
vn 0.961399 -0 0.275158
vn 0.983305 -0 0.181963
vn 0.995955 -0 0.0898544
vn 1 -0 6.54205e-16
vn 0.995955 0 -0.0898544
vn 0.983305 0 -0.181963
vn 0.961399 0 -0.275158
vn 0.929788 0 -0.368095
vn 0.888284 0 -0.459295
vn 0.836996 0 -0.54721
vn 0.776353 0 -0.630298
vn 0.707107 0 -0.707107
vn 0.630298 0 -0.776353
vn 0.54721 0 -0.836996
vn 0.459295 0 -0.888284
vn 0.368095 0 -0.929788
vn 0.275158 0 -0.961399
vn 0.181963 0 -0.983305
vn 0.0898544 0 -0.995955
vn 1.54198e-16 0 -1
vn -0.0898544 0 -0.995955
vn -0.181963 0 -0.983305
vn -0.275158 0 -0.961399
vn -0.368095 0 -0.929788
vn -0.459295 0 -0.888284
vn -0.54721 0 -0.836996
vn -0.630298 0 -0.776353
vn -0.707107 0 -0.707107
vn -0.776353 0 -0.630298
vn -0.836996 0 -0.54721
vn -0.888284 0 -0.459295
vn -0.929788 0 -0.368095
vn -0.961399 0 -0.275158
vn -0.983305 0 -0.181963
vn -0.995955 0 -0.0898544
vn -1 0 -3.27103e-16
vn -2.22045e-16 1 0
vn 0 1 -4.44089e-16
vn 0 1 -4.44089e-16
vn -4.27436e-16 1 -4.44089e-16
vn -4.27436e-16 1 0
vn -2.22045e-16 1 -4.44089e-16
vn -2.22045e-16 1 -4.44089e-16
vn 0 1 -4.44089e-16
vn -2.22045e-16 1 0
vn 2.22045e-16 1 -4.44089e-16
vn -4.27436e-16 1 0
vn -2.05391e-16 1 0
vn -4.27436e-16 1 -2.22045e-16
vn 0 1 -2.22045e-16
vn 2.22045e-16 1 -2.22045e-16
vn -2.22045e-16 1 -2.22045e-16
vn 2.22045e-16 1 -2.22045e-16
vn 0 1 -2.22045e-16
vn -4.10783e-16 1 -4.44089e-16
vn -4.10783e-16 1 -4.44089e-16
vn 0 1 -2.22045e-16
vn 0 1 -2.22045e-16
vn 0 1 -4.44089e-16
vn 0 1 -4.44089e-16
vn 0 1 -2.22045e-16
vn 0 1 -4.44089e-16
vn -4.10783e-16 1 -2.22045e-16
vn 0 1 -2.22045e-16
vn 0 1 -2.22045e-16
vn 0 1 -2.22045e-16
vn -4.10783e-16 1 -3.33067e-16
vn 0 1 -3.33067e-16
vn 0 1 -3.33067e-16
vn 0 1 -0
vn 0 1 -3.33067e-16
vn 0 1 -3.33067e-16
vn 0 1 -2.22045e-16
vn -4.10783e-16 1 -3.33067e-16
vn -4.10783e-16 1 0
vn 0 1 -2.22045e-16
vn 2.22045e-16 1 -2.77556e-16
vn 2.22045e-16 1 -2.77556e-16
vn -2.22045e-16 1 -2.77556e-16
vn -2.22045e-16 1 -2.77556e-16
vn -2.22045e-16 1 -2.22045e-16
vn 2.05391e-16 1 -5.55112e-17
vn 0 1 -5.55112e-17
vn 2.22045e-16 1 -4.996e-16
vn -4.27436e-16 1 -2.77556e-17
vn 0 1 -4.71845e-16
vn -2.22045e-16 1 -4.71845e-16
vn -4.27436e-16 1 -4.44089e-16
vn -4.27436e-16 1 0
vn -4.27436e-16 1 -4.44089e-16
vn -4.27436e-16 1 -1.38778e-17
vn 0 1 -4.57967e-16
vn -4.27436e-16 1 -1.38778e-17
vn -2.05391e-16 1 -1.38778e-17
vn 1.11022e-16 1 -1.38778e-17
vn -3.16414e-16 1 -4.44089e-16
vn -4.27436e-16 1 -4.71845e-16
vn -3.2474e-16 1 -4.44089e-16
vn 1.19349e-16 1 -4.71845e-16
vn 1.02696e-16 1 -4.44089e-16
vn 8.32667e-18 1 -2.77556e-17
vn -8.32667e-18 1 -4.996e-16
vn -8.32667e-18 1 -5.55112e-17
vn 8.32667e-18 1 -5.55112e-17
vn -1.02696e-16 1 -2.22045e-16
vn 4.16334e-18 1 -2.77556e-16
vn -8.32667e-18 1 -2.77556e-16
vn -1.02696e-16 1 -2.77556e-16
vn 0 1 -2.77556e-16
vn -2.60902e-16 1 -2.22045e-16
vn -3.16414e-16 1 -3.33067e-16
vn 2.65066e-16 1 -3.33067e-16
vn 1.13104e-16 1 -2.22045e-16
vn -4.23273e-17 1 -3.33067e-16
vn 2.94903e-16 1 -3.33067e-16
vn 2.65066e-16 1 -0
vn -2.92821e-16 1 -3.33067e-16
vn -1.13104e-16 1 -2.22045e-16
vn 4.996e-17 1 -1.11022e-16
vn 3.50414e-17 1 -2.22045e-16
vn 5.48173e-17 1 -2.22045e-16
vn 4.47559e-17 1 -2.22045e-16
vn 4.57967e-17 1 -2.22045e-16
vn 3.20577e-16 1 -4.44089e-16
vn 1.42941e-16 1 -2.22045e-16
vn -1.2837e-16 1 -2.22045e-16
vn -9.64506e-17 1 -4.44089e-16
vn -2.15106e-17 1 -2.22045e-16
vn 1.00614e-16 1 -2.22045e-16
vn -1.66533e-16 1 -2.22045e-16
vn 1.11022e-16 1 -0
vn 1.6237e-16 1 -2.22045e-16
vn 6.80012e-17 1 -2.22045e-16
vn 3.2474e-16 1 -2.22045e-16
vn 0 1 -2.22045e-16
vn -1.249e-17 1 -2.22045e-16
vn -5.55112e-17 1 -2.22045e-16
vn 8.32667e-18 1 -0
vn -4.27436e-16 1 0
vn -3.2474e-16 1 0
vn 8.32667e-18 1 -0
vn -3.2474e-16 1 -4.44089e-16
vn -4.27436e-16 1 -4.44089e-16
vn 1.11022e-16 1 -4.44089e-16
vn -8.32667e-18 1 0
vn 1.11022e-16 1 -4.44089e-16
vn -2.05391e-16 1 -4.44089e-16
vn 0 1 -4.44089e-16
vn -1.11022e-16 -1 2.35922e-16
vn 0 -1 2.35922e-16
vn -1.72085e-16 -1 2.35922e-16
vn 1.11022e-16 -1 4.57967e-16
vn -1.72085e-16 -1 2.498e-16
vn 0 -1 2.22045e-16
vn -1.72085e-16 -1 2.498e-16
vn 2.498e-17 -1 4.71845e-16
vn 8.60423e-17 -1 4.71845e-16
vn -8.60423e-17 -1 2.498e-16
vn -1.41553e-16 -1 2.498e-16
vn -8.60423e-17 -1 2.77556e-16
vn -1.11022e-16 -1 2.77556e-16
vn 7.35523e-17 -1 2.77556e-16
vn -1.54043e-16 -1 2.77556e-16
vn 1.84575e-16 -1 2.77556e-16
vn -1.80411e-17 -1 3.33067e-16
vn 9.85323e-17 -1 2.77556e-16
vn 3.85186e-33 -1 2.77556e-16
vn -1.52656e-17 -1 3.33067e-16
vn 1.07553e-16 -1 3.33067e-16
vn -9.02056e-18 -1 1.11022e-16
vn -6.73073e-17 -1 3.33067e-16
vn -1.63064e-16 -1 3.33067e-16
vn 3.40006e-17 -1 3.33067e-16
vn 1.07553e-16 -1 3.33067e-16
vn -5.68989e-17 -1 3.33067e-16
vn -9.08995e-17 -1 3.33067e-16
vn 1.64452e-16 -1 2.22045e-16
vn -9.54098e-17 -1 0
vn -5.20417e-17 -1 2.22045e-16
vn 1.20043e-16 -1 0
vn -1.97065e-16 -1 2.22045e-16
vn 1.84575e-16 -1 4.44089e-16
vn 5.82867e-17 -1 0
vn 9.50628e-17 -1 2.22045e-16
vn -1.04777e-16 -1 4.44089e-16
vn 1.01308e-16 -1 2.22045e-16
vn -2.27596e-16 -1 2.22045e-16
vn -1.72085e-16 -1 2.22045e-16
vn -1.11022e-16 -1 2.22045e-16
vn -3.05311e-17 -1 2.22045e-16
vn -2.498e-17 -1 2.22045e-16
vn -1.29063e-16 -1 2.22045e-16
vn -1.97065e-16 -1 2.22045e-16
vn -6.10623e-17 -1 2.22045e-16
vn -3.05311e-17 -1 2.22045e-16
vn -2.498e-17 -1 2.22045e-16
vn -1.97065e-16 -1 2.22045e-16
vn -8.60423e-17 -1 2.22045e-16
vn -8.60423e-17 -1 2.22045e-16
vn -1.11022e-16 -1 2.22045e-16
vn -6.10623e-17 -1 2.22045e-16
vn -1.11022e-16 -1 2.22045e-16
vn -1.72085e-16 -1 2.22045e-16
vn -1.72085e-16 -1 4.44089e-16
vn 0 -1 2.22045e-16
vn 0 -1 2.22045e-16
vn -1.72085e-16 -1 2.22045e-16
vn -1.72085e-16 -1 2.22045e-16
vn 0 -1 2.22045e-16
vn 4.996e-17 -1 2.22045e-16
vn 0 -1 2.22045e-16
vn -1.72085e-16 -1 4.44089e-16
vn 4.996e-17 -1 2.22045e-16
vn -2.22045e-16 -1 2.22045e-16
vn 0 -1 2.22045e-16
vn -1.72085e-16 -1 2.22045e-16
vn -1.72085e-16 -1 2.22045e-16
vn 0 -1 2.22045e-16
vn 0 -1 2.22045e-16
vn 2.22045e-16 -1 2.22045e-16
vn 0 -1 2.22045e-16
vn 0 -1 2.22045e-16
vn -3.44169e-16 -1 2.22045e-16
vn 0 -1 2.22045e-16
vn 2.22045e-16 -1 2.22045e-16
vn 0 -1 2.22045e-16
vn 0 -1 0
vn 0 -1 4.44089e-16
vn 0 -1 4.44089e-16
vn 0 -1 4.44089e-16
vn -3.44169e-16 -1 2.22045e-16
vn 0 -1 0
vn 0 -1 2.22045e-16
vn 0 -1 3.33067e-16
vn -3.44169e-16 -1 3.33067e-16
vn 0 -1 1.11022e-16
vn 0 -1 3.33067e-16
vn 0 -1 3.33067e-16
vn 0 -1 3.33067e-16
vn 0 -1 1.11022e-16
vn 2.22045e-16 -1 3.33067e-16
vn -3.44169e-16 -1 2.22045e-16
vn -3.44169e-16 -1 2.77556e-16
vn 0 -1 2.77556e-16
vn 0 -1 2.77556e-16
vn 2.22045e-16 -1 2.77556e-16
vn 0 -1 2.77556e-16
vn 0 -1 2.22045e-16
vn 2.22045e-16 -1 2.77556e-16
vn 1.72085e-16 -1 2.77556e-16
vn -1.72085e-16 -1 2.498e-16
vn 1.72085e-16 -1 4.71845e-16
vn 4.996e-17 -1 4.71845e-16
vn 0 -1 4.71845e-16
vn 0 -1 2.498e-16
vn 4.996e-17 -1 2.22045e-16
vn -2.22045e-16 -1 2.35922e-16
vn -1.72085e-16 -1 2.35922e-16
vn -1.72085e-16 -1 2.498e-16
vn 0 -1 2.35922e-16
g WFR_rubber
usemtl rubber
f 474//474 475//475 540//540
f 474//474 540//540 539//539
f 475//475 476//476 541//541
f 475//475 541//541 540//540
f 476//476 477//477 542//542
f 476//476 542//542 541//541
f 477//477 478//478 543//543
f 477//477 543//543 542//542
f 478//478 479//479 544//544
f 478//478 544//544 543//543
f 479//479 480//480 545//545
f 479//479 545//545 544//544
f 480//480 481//481 546//546
f 480//480 546//546 545//545
f 481//481 482//482 547//547
f 481//481 547//547 546//546
f 482//482 483//483 548//548
f 482//482 548//548 547//547
f 483//483 484//484 549//549
f 483//483 549//549 548//548
f 484//484 485//485 550//550
f 484//484 550//550 549//549
f 485//485 486//486 551//551
f 485//485 551//551 550//550
f 486//486 487//487 552//552
f 486//486 552//552 551//551
f 487//487 488//488 553//553
f 487//487 553//553 552//552
f 488//488 489//489 554//554
f 488//488 554//554 553//553
f 489//489 490//490 555//555
f 489//489 555//555 554//554
f 490//490 491//491 556//556
f 490//490 556//556 555//555
f 491//491 492//492 557//557
f 491//491 557//557 556//556
f 492//492 493//493 558//558
f 492//492 558//558 557//557
f 493//493 494//494 559//559
f 493//493 559//559 558//558
f 494//494 495//495 560//560
f 494//494 560//560 559//559
f 495//495 496//496 561//561
f 495//495 561//561 560//560
f 496//496 497//497 562//562
f 496//496 562//562 561//561
f 497//497 498//498 563//563
f 497//497 563//563 562//562
f 498//498 499//499 564//564
f 498//498 564//564 563//563
f 499//499 500//500 565//565
f 499//499 565//565 564//564
f 500//500 501//501 566//566
f 500//500 566//566 565//565
f 501//501 502//502 567//567
f 501//501 567//567 566//566
f 502//502 503//503 568//568
f 502//502 568//568 567//567
f 503//503 504//504 569//569
f 503//503 569//569 568//568
f 504//504 505//505 570//570
f 504//504 570//570 569//569
f 505//505 506//506 571//571
f 505//505 571//571 570//570
f 506//506 507//507 572//572
f 506//506 572//572 571//571
f 507//507 508//508 573//573
f 507//507 573//573 572//572
f 508//508 509//509 574//574
f 508//508 574//574 573//573
f 509//509 510//510 575//575
f 509//509 575//575 574//574
f 510//510 511//511 576//576
f 510//510 576//576 575//575
f 511//511 512//512 577//577
f 511//511 577//577 576//576
f 512//512 513//513 578//578
f 512//512 578//578 577//577
f 513//513 514//514 579//579
f 513//513 579//579 578//578
f 514//514 515//515 580//580
f 514//514 580//580 579//579
f 515//515 516//516 581//581
f 515//515 581//581 580//580
f 516//516 517//517 582//582
f 516//516 582//582 581//581
f 517//517 518//518 583//583
f 517//517 583//583 582//582
f 518//518 519//519 584//584
f 518//518 584//584 583//583
f 519//519 520//520 585//585
f 519//519 585//585 584//584
f 520//520 521//521 586//586
f 520//520 586//586 585//585
f 521//521 522//522 587//587
f 521//521 587//587 586//586
f 522//522 523//523 588//588
f 522//522 588//588 587//587
f 523//523 524//524 589//589
f 523//523 589//589 588//588
f 524//524 525//525 590//590
f 524//524 590//590 589//589
f 525//525 526//526 591//591
f 525//525 591//591 590//590
f 526//526 527//527 592//592
f 526//526 592//592 591//591
f 527//527 528//528 593//593
f 527//527 593//593 592//592
f 528//528 529//529 594//594
f 528//528 594//594 593//593
f 529//529 530//530 595//595
f 529//529 595//595 594//594
f 530//530 531//531 596//596
f 530//530 596//596 595//595
f 531//531 532//532 597//597
f 531//531 597//597 596//596
f 532//532 533//533 598//598
f 532//532 598//598 597//597
f 533//533 534//534 599//599
f 533//533 599//599 598//598
f 534//534 535//535 600//600
f 534//534 600//600 599//599
f 535//535 536//536 601//601
f 535//535 601//601 600//600
f 536//536 537//537 602//602
f 536//536 602//602 601//601
f 537//537 538//538 603//603
f 537//537 603//603 602//602
f 539//539 540//540 605//605
f 539//539 605//605 604//604
f 540//540 541//541 606//606
f 540//540 606//606 605//605
f 541//541 542//542 607//607
f 541//541 607//607 606//606
f 542//542 543//543 608//608
f 542//542 608//608 607//607
f 543//543 544//544 609//609
f 543//543 609//609 608//608
f 544//544 545//545 610//610
f 544//544 610//610 609//609
f 545//545 546//546 611//611
f 545//545 611//611 610//610
f 546//546 547//547 612//612
f 546//546 612//612 611//611
f 547//547 548//548 613//613
f 547//547 613//613 612//612
f 548//548 549//549 614//614
f 548//548 614//614 613//613
f 549//549 550//550 615//615
f 549//549 615//615 614//614
f 550//550 551//551 616//616
f 550//550 616//616 615//615
f 551//551 552//552 617//617
f 551//551 617//617 616//616
f 552//552 553//553 618//618
f 552//552 618//618 617//617
f 553//553 554//554 619//619
f 553//553 619//619 618//618
f 554//554 555//555 620//620
f 554//554 620//620 619//619
f 555//555 556//556 621//621
f 555//555 621//621 620//620
f 556//556 557//557 622//622
f 556//556 622//622 621//621
f 557//557 558//558 623//623
f 557//557 623//623 622//622
f 558//558 559//559 624//624
f 558//558 624//624 623//623
f 559//559 560//560 625//625
f 559//559 625//625 624//624
f 560//560 561//561 626//626
f 560//560 626//626 625//625
f 561//561 562//562 627//627
f 561//561 627//627 626//626
f 562//562 563//563 628//628
f 562//562 628//628 627//627
f 563//563 564//564 629//629
f 563//563 629//629 628//628
f 564//564 565//565 630//630
f 564//564 630//630 629//629
f 565//565 566//566 631//631
f 565//565 631//631 630//630
f 566//566 567//567 632//632
f 566//566 632//632 631//631
f 567//567 568//568 633//633
f 567//567 633//633 632//632
f 568//568 569//569 634//634
f 568//568 634//634 633//633
f 569//569 570//570 635//635
f 569//569 635//635 634//634
f 570//570 571//571 636//636
f 570//570 636//636 635//635
f 571//571 572//572 637//637
f 571//571 637//637 636//636
f 572//572 573//573 638//638
f 572//572 638//638 637//637
f 573//573 574//574 639//639
f 573//573 639//639 638//638
f 574//574 575//575 640//640
f 574//574 640//640 639//639
f 575//575 576//576 641//641
f 575//575 641//641 640//640
f 576//576 577//577 642//642
f 576//576 642//642 641//641
f 577//577 578//578 643//643
f 577//577 643//643 642//642
f 578//578 579//579 644//644
f 578//578 644//644 643//643
f 579//579 580//580 645//645
f 579//579 645//645 644//644
f 580//580 581//581 646//646
f 580//580 646//646 645//645
f 581//581 582//582 647//647
f 581//581 647//647 646//646
f 582//582 583//583 648//648
f 582//582 648//648 647//647
f 583//583 584//584 649//649
f 583//583 649//649 648//648
f 584//584 585//585 650//650
f 584//584 650//650 649//649
f 585//585 586//586 651//651
f 585//585 651//651 650//650
f 586//586 587//587 652//652
f 586//586 652//652 651//651
f 587//587 588//588 653//653
f 587//587 653//653 652//652
f 588//588 589//589 654//654
f 588//588 654//654 653//653
f 589//589 590//590 655//655
f 589//589 655//655 654//654
f 590//590 591//591 656//656
f 590//590 656//656 655//655
f 591//591 592//592 657//657
f 591//591 657//657 656//656
f 592//592 593//593 658//658
f 592//592 658//658 657//657
f 593//593 594//594 659//659
f 593//593 659//659 658//658
f 594//594 595//595 660//660
f 594//594 660//660 659//659
f 595//595 596//596 661//661
f 595//595 661//661 660//660
f 596//596 597//597 662//662
f 596//596 662//662 661//661
f 597//597 598//598 663//663
f 597//597 663//663 662//662
f 598//598 599//599 664//664
f 598//598 664//664 663//663
f 599//599 600//600 665//665
f 599//599 665//665 664//664
f 600//600 601//601 666//666
f 600//600 666//666 665//665
f 601//601 602//602 667//667
f 601//601 667//667 666//666
f 602//602 603//603 668//668
f 602//602 668//668 667//667
f 780//780 669//669 670//670
f 780//780 670//670 671//671
f 780//780 671//671 672//672
f 780//780 672//672 673//673
f 780//780 673//673 674//674
f 780//780 674//674 675//675
f 780//780 675//675 676//676
f 780//780 676//676 677//677
f 780//780 677//677 678//678
f 780//780 678//678 679//679
f 780//780 679//679 680//680
f 780//780 680//680 681//681
f 780//780 681//681 682//682
f 780//780 682//682 683//683
f 780//780 683//683 684//684
f 780//780 684//684 685//685
f 780//780 685//685 686//686
f 780//780 686//686 687//687
f 780//780 687//687 688//688
f 780//780 688//688 689//689
f 780//780 689//689 690//690
f 780//780 690//690 691//691
f 780//780 691//691 692//692
f 780//780 692//692 693//693
f 780//780 693//693 694//694
f 780//780 694//694 695//695
f 780//780 695//695 696//696
f 780//780 696//696 697//697
f 780//780 697//697 698//698
f 780//780 698//698 699//699
f 780//780 699//699 700//700
f 780//780 700//700 701//701
f 780//780 701//701 702//702
f 780//780 702//702 703//703
f 780//780 703//703 704//704
f 780//780 704//704 705//705
f 780//780 705//705 706//706
f 780//780 706//706 707//707
f 780//780 707//707 708//708
f 780//780 708//708 709//709
f 780//780 709//709 710//710
f 780//780 710//710 711//711
f 780//780 711//711 712//712
f 780//780 712//712 713//713
f 780//780 713//713 714//714
f 780//780 714//714 715//715
f 780//780 715//715 716//716
f 780//780 716//716 717//717
f 780//780 717//717 718//718
f 780//780 718//718 719//719
f 780//780 719//719 720//720
f 780//780 720//720 721//721
f 780//780 721//721 722//722
f 780//780 722//722 723//723
f 780//780 723//723 724//724
f 780//780 724//724 725//725
f 780//780 725//725 726//726
f 780//780 726//726 727//727
f 780//780 727//727 728//728
f 780//780 728//728 729//729
f 780//780 729//729 730//730
f 780//780 730//730 731//731
f 780//780 731//731 732//732
f 780//780 732//732 733//733
f 780//780 733//733 734//734
f 780//780 734//734 735//735
f 780//780 735//735 736//736
f 780//780 736//736 737//737
f 780//780 737//737 738//738
f 780//780 738//738 739//739
f 780//780 739//739 740//740
f 780//780 740//740 741//741
f 780//780 741//741 742//742
f 780//780 742//742 743//743
f 780//780 743//743 744//744
f 780//780 744//744 745//745
f 780//780 745//745 746//746
f 780//780 746//746 747//747
f 780//780 747//747 748//748
f 780//780 748//748 749//749
f 780//780 749//749 750//750
f 780//780 750//750 751//751
f 780//780 751//751 752//752
f 780//780 752//752 753//753
f 780//780 753//753 754//754
f 780//780 754//754 755//755
f 780//780 755//755 756//756
f 780//780 756//756 757//757
f 780//780 757//757 758//758
f 780//780 758//758 759//759
f 780//780 759//759 760//760
f 780//780 760//760 761//761
f 780//780 761//761 762//762
f 780//780 762//762 763//763
f 780//780 763//763 764//764
f 780//780 764//764 765//765
f 780//780 765//765 766//766
f 780//780 766//766 767//767
f 780//780 767//767 768//768
f 780//780 768//768 769//769
f 780//780 769//769 770//770
f 780//780 770//770 771//771
f 780//780 771//771 772//772
f 780//780 772//772 773//773
f 780//780 773//773 774//774
f 780//780 774//774 775//775
f 780//780 775//775 776//776
f 780//780 776//776 777//777
f 780//780 777//777 778//778
f 778//778 779//779 780//780
f 892//892 781//781 782//782
f 892//892 782//782 783//783
f 892//892 783//783 784//784
f 892//892 784//784 785//785
f 892//892 785//785 786//786
f 892//892 786//786 787//787
f 892//892 787//787 788//788
f 892//892 788//788 789//789
f 892//892 789//789 790//790
f 892//892 790//790 791//791
f 892//892 791//791 792//792
f 892//892 792//792 793//793
f 892//892 793//793 794//794
f 892//892 794//794 795//795
f 892//892 795//795 796//796
f 892//892 796//796 797//797
f 892//892 797//797 798//798
f 892//892 798//798 799//799
f 892//892 799//799 800//800
f 892//892 800//800 801//801
f 892//892 801//801 802//802
f 892//892 802//802 803//803
f 892//892 803//803 804//804
f 892//892 804//804 805//805
f 892//892 805//805 806//806
f 892//892 806//806 807//807
f 892//892 807//807 808//808
f 892//892 808//808 809//809
f 892//892 809//809 810//810
f 892//892 810//810 811//811
f 892//892 811//811 812//812
f 892//892 812//812 813//813
f 892//892 813//813 814//814
f 892//892 814//814 815//815
f 892//892 815//815 816//816
f 892//892 816//816 817//817
f 892//892 817//817 818//818
f 892//892 818//818 819//819
f 892//892 819//819 820//820
f 892//892 820//820 821//821
f 892//892 821//821 822//822
f 892//892 822//822 823//823
f 892//892 823//823 824//824
f 892//892 824//824 825//825
f 892//892 825//825 826//826
f 892//892 826//826 827//827
f 892//892 827//827 828//828
f 892//892 828//828 829//829
f 892//892 829//829 830//830
f 892//892 830//830 831//831
f 892//892 831//831 832//832
f 892//892 832//832 833//833
f 892//892 833//833 834//834
f 892//892 834//834 835//835
f 892//892 835//835 836//836
f 892//892 836//836 837//837
f 892//892 837//837 838//838
f 892//892 838//838 839//839
f 892//892 839//839 840//840
f 892//892 840//840 841//841
f 892//892 841//841 842//842
f 892//892 842//842 843//843
f 892//892 843//843 844//844
f 892//892 844//844 845//845
f 892//892 845//845 846//846
f 892//892 846//846 847//847
f 892//892 847//847 848//848
f 892//892 848//848 849//849
f 892//892 849//849 850//850
f 892//892 850//850 851//851
f 892//892 851//851 852//852
f 892//892 852//852 853//853
f 892//892 853//853 854//854
f 892//892 854//854 855//855
f 892//892 855//855 856//856
f 892//892 856//856 857//857
f 892//892 857//857 858//858
f 892//892 858//858 859//859
f 892//892 859//859 860//860
f 892//892 860//860 861//861
f 892//892 861//861 862//862
f 892//892 862//862 863//863
f 892//892 863//863 864//864
f 892//892 864//864 865//865
f 892//892 865//865 866//866
f 892//892 866//866 867//867
f 892//892 867//867 868//868
f 892//892 868//868 869//869
f 892//892 869//869 870//870
f 892//892 870//870 871//871
f 892//892 871//871 872//872
f 892//892 872//872 873//873
f 892//892 873//873 874//874
f 892//892 874//874 875//875
f 892//892 875//875 876//876
f 892//892 876//876 877//877
f 892//892 877//877 878//878
f 892//892 878//878 879//879
f 892//892 879//879 880//880
f 892//892 880//880 881//881
f 892//892 881//881 882//882
f 892//892 882//882 883//883
f 892//892 883//883 884//884
f 892//892 884//884 885//885
f 892//892 885//885 886//886
f 892//892 886//886 887//887
f 892//892 887//887 888//888
f 892//892 888//888 889//889
f 892//892 889//889 890//890
f 890//890 891//891 892//892
o WRL
v 3.04 -0.05 0.36
v 3.04146 -0.05 0.392348
v 3.04601 -0.05 0.425507
v 3.0539 -0.05 0.459057
v 3.06528 -0.05 0.492514
v 3.08022 -0.05 0.525346
v 3.09868 -0.05 0.556996
v 3.12051 -0.05 0.586907
v 3.14544 -0.05 0.614558
v 3.17309 -0.05 0.639487
v 3.203 -0.05 0.661318
v 3.23465 -0.05 0.679782
v 3.26749 -0.05 0.694724
v 3.30094 -0.05 0.706104
v 3.33449 -0.05 0.71399
v 3.36765 -0.05 0.718544
v 3.4 -0.05 0.72
v 3.43235 -0.05 0.718544
v 3.46551 -0.05 0.71399
v 3.49906 -0.05 0.706104
v 3.53251 -0.05 0.694724
v 3.56535 -0.05 0.679782
v 3.597 -0.05 0.661318
v 3.62691 -0.05 0.639487
v 3.65456 -0.05 0.614558
v 3.67949 -0.05 0.586907
v 3.70132 -0.05 0.556996
v 3.71978 -0.05 0.525346
v 3.73472 -0.05 0.492514
v 3.7461 -0.05 0.459057
v 3.75399 -0.05 0.425507
v 3.75854 -0.05 0.392348
v 3.76 -0.05 0.36
v 3.75854 -0.05 0.327652
v 3.75399 -0.05 0.294493
v 3.7461 -0.05 0.260943
v 3.73472 -0.05 0.227486
v 3.71978 -0.05 0.194654
v 3.70132 -0.05 0.163004
v 3.67949 -0.05 0.133093
v 3.65456 -0.05 0.105442
v 3.62691 -0.05 0.0805129
v 3.597 -0.05 0.0586816
v 3.56535 -0.05 0.0402178
v 3.53251 -0.05 0.0252762
v 3.49906 -0.05 0.0138964
v 3.46551 -0.05 0.00601007
v 3.43235 -0.05 0.00145623
v 3.4 -0.05 1.11022e-16
v 3.36765 -0.05 0.00145623
v 3.33449 -0.05 0.00601007
v 3.30094 -0.05 0.0138964
v 3.26749 -0.05 0.0252762
v 3.23465 -0.05 0.0402178
v 3.203 -0.05 0.0586816
v 3.17309 -0.05 0.0805129
v 3.14544 -0.05 0.105442
v 3.12051 -0.05 0.133093
v 3.09868 -0.05 0.163004
v 3.08022 -0.05 0.194654
v 3.06528 -0.05 0.227486
v 3.0539 -0.05 0.260943
v 3.04601 -0.05 0.294493
v 3.04146 -0.05 0.327652
v 3.04 -0.05 0.36
v 3.04 0.1 0.36
v 3.04146 0.1 0.392348
v 3.04601 0.1 0.425507
v 3.0539 0.1 0.459057
v 3.06528 0.1 0.492514
v 3.08022 0.1 0.525346
v 3.09868 0.1 0.556996
v 3.12051 0.1 0.586907
v 3.14544 0.1 0.614558
v 3.17309 0.1 0.639487
v 3.203 0.1 0.661318
v 3.23465 0.1 0.679782
v 3.26749 0.1 0.694724
v 3.30094 0.1 0.706104
v 3.33449 0.1 0.71399
v 3.36765 0.1 0.718544
v 3.4 0.1 0.72
v 3.43235 0.1 0.718544
v 3.46551 0.1 0.71399
v 3.49906 0.1 0.706104
v 3.53251 0.1 0.694724
v 3.56535 0.1 0.679782
v 3.597 0.1 0.661318
v 3.62691 0.1 0.639487
v 3.65456 0.1 0.614558
v 3.67949 0.1 0.586907
v 3.70132 0.1 0.556996
v 3.71978 0.1 0.525346
v 3.73472 0.1 0.492514
v 3.7461 0.1 0.459057
v 3.75399 0.1 0.425507
v 3.75854 0.1 0.392348
v 3.76 0.1 0.36
v 3.75854 0.1 0.327652
v 3.75399 0.1 0.294493
v 3.7461 0.1 0.260943
v 3.73472 0.1 0.227486
v 3.71978 0.1 0.194654
v 3.70132 0.1 0.163004
v 3.67949 0.1 0.133093
v 3.65456 0.1 0.105442
v 3.62691 0.1 0.0805129
v 3.597 0.1 0.0586816
v 3.56535 0.1 0.0402178
v 3.53251 0.1 0.0252762
v 3.49906 0.1 0.0138964
v 3.46551 0.1 0.00601007
v 3.43235 0.1 0.00145623
v 3.4 0.1 1.11022e-16
v 3.36765 0.1 0.00145623
v 3.33449 0.1 0.00601007
v 3.30094 0.1 0.0138964
v 3.26749 0.1 0.0252762
v 3.23465 0.1 0.0402178
v 3.203 0.1 0.0586816
v 3.17309 0.1 0.0805129
v 3.14544 0.1 0.105442
v 3.12051 0.1 0.133093
v 3.09868 0.1 0.163004
v 3.08022 0.1 0.194654
v 3.06528 0.1 0.227486
v 3.0539 0.1 0.260943
v 3.04601 0.1 0.294493
v 3.04146 0.1 0.327652
v 3.04 0.1 0.36
v 3.04 0.25 0.36
v 3.04146 0.25 0.392348
v 3.04601 0.25 0.425507
v 3.0539 0.25 0.459057
v 3.06528 0.25 0.492514
v 3.08022 0.25 0.525346
v 3.09868 0.25 0.556996
v 3.12051 0.25 0.586907
v 3.14544 0.25 0.614558
v 3.17309 0.25 0.639487
v 3.203 0.25 0.661318
v 3.23465 0.25 0.679782
v 3.26749 0.25 0.694724
v 3.30094 0.25 0.706104
v 3.33449 0.25 0.71399
v 3.36765 0.25 0.718544
v 3.4 0.25 0.72
v 3.43235 0.25 0.718544
v 3.46551 0.25 0.71399
v 3.49906 0.25 0.706104
v 3.53251 0.25 0.694724
v 3.56535 0.25 0.679782
v 3.597 0.25 0.661318
v 3.62691 0.25 0.639487
v 3.65456 0.25 0.614558
v 3.67949 0.25 0.586907
v 3.70132 0.25 0.556996
v 3.71978 0.25 0.525346
v 3.73472 0.25 0.492514
v 3.7461 0.25 0.459057
v 3.75399 0.25 0.425507
v 3.75854 0.25 0.392348
v 3.76 0.25 0.36
v 3.75854 0.25 0.327652
v 3.75399 0.25 0.294493
v 3.7461 0.25 0.260943
v 3.73472 0.25 0.227486
v 3.71978 0.25 0.194654
v 3.70132 0.25 0.163004
v 3.67949 0.25 0.133093
v 3.65456 0.25 0.105442
v 3.62691 0.25 0.0805129
v 3.597 0.25 0.0586816
v 3.56535 0.25 0.0402178
v 3.53251 0.25 0.0252762
v 3.49906 0.25 0.0138964
v 3.46551 0.25 0.00601007
v 3.43235 0.25 0.00145623
v 3.4 0.25 1.11022e-16
v 3.36765 0.25 0.00145623
v 3.33449 0.25 0.00601007
v 3.30094 0.25 0.0138964
v 3.26749 0.25 0.0252762
v 3.23465 0.25 0.0402178
v 3.203 0.25 0.0586816
v 3.17309 0.25 0.0805129
v 3.14544 0.25 0.105442
v 3.12051 0.25 0.133093
v 3.09868 0.25 0.163004
v 3.08022 0.25 0.194654
v 3.06528 0.25 0.227486
v 3.0539 0.25 0.260943
v 3.04601 0.25 0.294493
v 3.04146 0.25 0.327652
v 3.04 0.25 0.36
v 3.04 -0.05 0.36
v 3.04146 -0.05 0.327652
v 3.04601 -0.05 0.294493
v 3.04952 -0.05 0.277738
v 3.0539 -0.05 0.260943
v 3.05914 -0.05 0.24417
v 3.06528 -0.05 0.227486
v 3.0723 -0.05 0.210957
v 3.08022 -0.05 0.194654
v 3.08902 -0.05 0.178646
v 3.09868 -0.05 0.163004
v 3.10919 -0.05 0.147798
v 3.12051 -0.05 0.133093
v 3.13261 -0.05 0.118954
v 3.14544 -0.05 0.105442
v 3.15895 -0.05 0.0926112
v 3.17309 -0.05 0.0805129
v 3.1878 -0.05 0.0691906
v 3.203 -0.05 0.0586816
v 3.21865 -0.05 0.0490163
v 3.23465 -0.05 0.0402178
v 3.25096 -0.05 0.0323016
v 3.26749 -0.05 0.0252762
v 3.28417 -0.05 0.019143
v 3.30094 -0.05 0.0138964
v 3.31774 -0.05 0.00952463
v 3.33449 -0.05 0.00601007
v 3.36765 -0.05 0.00145623
v 3.4 -0.05 1.17961e-16
v 3.43235 -0.05 0.00145623
v 3.46551 -0.05 0.00601007
v 3.48226 -0.05 0.00952463
v 3.49906 -0.05 0.0138964
v 3.51583 -0.05 0.019143
v 3.53251 -0.05 0.0252762
v 3.54904 -0.05 0.0323016
v 3.56535 -0.05 0.0402178
v 3.58135 -0.05 0.0490163
v 3.597 -0.05 0.0586816
v 3.6122 -0.05 0.0691906
v 3.62691 -0.05 0.0805129
v 3.64105 -0.05 0.0926112
v 3.65456 -0.05 0.105442
v 3.66739 -0.05 0.118954
v 3.67949 -0.05 0.133093
v 3.69081 -0.05 0.147798
v 3.70132 -0.05 0.163004
v 3.71098 -0.05 0.178646
v 3.71978 -0.05 0.194654
v 3.7277 -0.05 0.210957
v 3.73472 -0.05 0.227486
v 3.74086 -0.05 0.24417
v 3.7461 -0.05 0.260943
v 3.75048 -0.05 0.277738
v 3.75399 -0.05 0.294493
v 3.75854 -0.05 0.327652
v 3.76 -0.05 0.36
v 3.75854 -0.05 0.392348
v 3.75399 -0.05 0.425507
v 3.75048 -0.05 0.442262
v 3.7461 -0.05 0.459057
v 3.74086 -0.05 0.47583
v 3.73472 -0.05 0.492514
v 3.7277 -0.05 0.509043
v 3.71978 -0.05 0.525346
v 3.71098 -0.05 0.541354
v 3.70132 -0.05 0.556996
v 3.69081 -0.05 0.572202
v 3.67949 -0.05 0.586907
v 3.66739 -0.05 0.601046
v 3.65456 -0.05 0.614558
v 3.64105 -0.05 0.627389
v 3.62691 -0.05 0.639487
v 3.6122 -0.05 0.650809
v 3.597 -0.05 0.661318
v 3.58135 -0.05 0.670984
v 3.56535 -0.05 0.679782
v 3.54904 -0.05 0.687698
v 3.53251 -0.05 0.694724
v 3.51583 -0.05 0.700857
v 3.49906 -0.05 0.706104
v 3.48226 -0.05 0.710475
v 3.46551 -0.05 0.71399
v 3.43235 -0.05 0.718544
v 3.4 -0.05 0.72
v 3.36765 -0.05 0.718544
v 3.33449 -0.05 0.71399
v 3.31774 -0.05 0.710475
v 3.30094 -0.05 0.706104
v 3.28417 -0.05 0.700857
v 3.26749 -0.05 0.694724
v 3.25096 -0.05 0.687698
v 3.23465 -0.05 0.679782
v 3.21865 -0.05 0.670984
v 3.203 -0.05 0.661318
v 3.1878 -0.05 0.650809
v 3.17309 -0.05 0.639487
v 3.15895 -0.05 0.627389
v 3.14544 -0.05 0.614558
v 3.13261 -0.05 0.601046
v 3.12051 -0.05 0.586907
v 3.10919 -0.05 0.572202
v 3.09868 -0.05 0.556996
v 3.08902 -0.05 0.541354
v 3.08022 -0.05 0.525346
v 3.0723 -0.05 0.509043
v 3.06528 -0.05 0.492514
v 3.05914 -0.05 0.47583
v 3.0539 -0.05 0.459057
v 3.04952 -0.05 0.442262
v 3.04601 -0.05 0.425507
v 3.04146 -0.05 0.392348
v 3.04 0.25 0.36
v 3.04146 0.25 0.392348
v 3.04601 0.25 0.425507
v 3.04952 0.25 0.442262
v 3.0539 0.25 0.459057
v 3.05914 0.25 0.47583
v 3.06528 0.25 0.492514
v 3.0723 0.25 0.509043
v 3.08022 0.25 0.525346
v 3.08902 0.25 0.541354
v 3.09868 0.25 0.556996
v 3.10919 0.25 0.572202
v 3.12051 0.25 0.586907
v 3.13261 0.25 0.601046
v 3.14544 0.25 0.614558
v 3.15895 0.25 0.627389
v 3.17309 0.25 0.639487
v 3.1878 0.25 0.650809
v 3.203 0.25 0.661318
v 3.21865 0.25 0.670984
v 3.23465 0.25 0.679782
v 3.25096 0.25 0.687698
v 3.26749 0.25 0.694724
v 3.28417 0.25 0.700857
v 3.30094 0.25 0.706104
v 3.31774 0.25 0.710475
v 3.33449 0.25 0.71399
v 3.36765 0.25 0.718544
v 3.4 0.25 0.72
v 3.43235 0.25 0.718544
v 3.46551 0.25 0.71399
v 3.48226 0.25 0.710475
v 3.49906 0.25 0.706104
v 3.51583 0.25 0.700857
v 3.53251 0.25 0.694724
v 3.54904 0.25 0.687698
v 3.56535 0.25 0.679782
v 3.58135 0.25 0.670984
v 3.597 0.25 0.661318
v 3.6122 0.25 0.650809
v 3.62691 0.25 0.639487
v 3.64105 0.25 0.627389
v 3.65456 0.25 0.614558
v 3.66739 0.25 0.601046
v 3.67949 0.25 0.586907
v 3.69081 0.25 0.572202
v 3.70132 0.25 0.556996
v 3.71098 0.25 0.541354
v 3.71978 0.25 0.525346
v 3.7277 0.25 0.509043
v 3.73472 0.25 0.492514
v 3.74086 0.25 0.47583
v 3.7461 0.25 0.459057
v 3.75048 0.25 0.442262
v 3.75399 0.25 0.425507
v 3.75854 0.25 0.392348
v 3.76 0.25 0.36
v 3.75854 0.25 0.327652
v 3.75399 0.25 0.294493
v 3.75048 0.25 0.277738
v 3.7461 0.25 0.260943
v 3.74086 0.25 0.24417
v 3.73472 0.25 0.227486
v 3.7277 0.25 0.210957
v 3.71978 0.25 0.194654
v 3.71098 0.25 0.178646
v 3.70132 0.25 0.163004
v 3.69081 0.25 0.147798
v 3.67949 0.25 0.133093
v 3.66739 0.25 0.118954
v 3.65456 0.25 0.105442
v 3.64105 0.25 0.0926112
v 3.62691 0.25 0.0805129
v 3.6122 0.25 0.0691906
v 3.597 0.25 0.0586816
v 3.58135 0.25 0.0490163
v 3.56535 0.25 0.0402178
v 3.54904 0.25 0.0323016
v 3.53251 0.25 0.0252762
v 3.51583 0.25 0.019143
v 3.49906 0.25 0.0138964
v 3.48226 0.25 0.00952463
v 3.46551 0.25 0.00601007
v 3.43235 0.25 0.00145623
v 3.4 0.25 1.17961e-16
v 3.36765 0.25 0.00145623
v 3.33449 0.25 0.00601007
v 3.31774 0.25 0.00952463
v 3.30094 0.25 0.0138964
v 3.28417 0.25 0.019143
v 3.26749 0.25 0.0252762
v 3.25096 0.25 0.0323016
v 3.23465 0.25 0.0402178
v 3.21865 0.25 0.0490163
v 3.203 0.25 0.0586816
v 3.1878 0.25 0.0691906
v 3.17309 0.25 0.0805129
v 3.15895 0.25 0.0926112
v 3.14544 0.25 0.105442
v 3.13261 0.25 0.118954
v 3.12051 0.25 0.133093
v 3.10919 0.25 0.147798
v 3.09868 0.25 0.163004
v 3.08902 0.25 0.178646
v 3.08022 0.25 0.194654
v 3.0723 0.25 0.210957
v 3.06528 0.25 0.227486
v 3.05914 0.25 0.24417
v 3.0539 0.25 0.260943
v 3.04952 0.25 0.277738
v 3.04601 0.25 0.294493
v 3.04146 0.25 0.327652
vn -1 0 8.72274e-16
vn -0.995955 0 0.0898544
vn -0.983305 0 0.181963
vn -0.961399 0 0.275158
vn -0.929788 0 0.368095
vn -0.888284 0 0.459295
vn -0.836996 0 0.54721
vn -0.776353 0 0.630298
vn -0.707107 0 0.707107
vn -0.630298 0 0.776353
vn -0.54721 0 0.836996
vn -0.459295 0 0.888284
vn -0.368095 0 0.929788
vn -0.275158 0 0.961399
vn -0.181963 0 0.983305
vn -0.0898544 0 0.995955
vn -1.09034e-16 0 1
vn 0.0898544 -0 0.995955
vn 0.181963 -0 0.983305
vn 0.275158 -0 0.961399
vn 0.368095 -0 0.929788
vn 0.459295 -0 0.888284
vn 0.54721 -0 0.836996
vn 0.630298 -0 0.776353
vn 0.707107 -0 0.707107
vn 0.776353 -0 0.630298
vn 0.836996 -0 0.54721
vn 0.888284 -0 0.459295
vn 0.929788 -0 0.368095
vn 0.961399 -0 0.275158
vn 0.983305 -0 0.181963
vn 0.995955 -0 0.0898544
vn 1 0 -8.72274e-16
vn 0.995955 0 -0.0898544
vn 0.983305 0 -0.181963
vn 0.961399 0 -0.275158
vn 0.929788 0 -0.368095
vn 0.888284 0 -0.459295
vn 0.836996 0 -0.54721
vn 0.776353 0 -0.630298
vn 0.707107 0 -0.707107
vn 0.630298 0 -0.776353
vn 0.54721 0 -0.836996
vn 0.459295 0 -0.888284
vn 0.368095 0 -0.929788
vn 0.275158 0 -0.961399
vn 0.181963 0 -0.983305
vn 0.0898544 0 -0.995955
vn 1.54198e-16 0 -1
vn -0.0898544 0 -0.995955
vn -0.181963 0 -0.983305
vn -0.275158 0 -0.961399
vn -0.368095 0 -0.929788
vn -0.459295 0 -0.888284
vn -0.54721 0 -0.836996
vn -0.630298 0 -0.776353
vn -0.707107 0 -0.707107
vn -0.776353 0 -0.630298
vn -0.836996 0 -0.54721
vn -0.888284 0 -0.459295
vn -0.929788 0 -0.368095
vn -0.961399 0 -0.275158
vn -0.983305 0 -0.181963
vn -0.995955 0 -0.0898544
vn -1 0 -8.72274e-16
vn -1 0 1.30841e-15
vn -0.995955 0 0.0898544
vn -0.983305 0 0.181963
vn -0.961399 0 0.275158
vn -0.929788 0 0.368095
vn -0.888284 0 0.459295
vn -0.836996 0 0.54721
vn -0.776353 0 0.630298
vn -0.707107 0 0.707107
vn -0.630298 0 0.776353
vn -0.54721 0 0.836996
vn -0.459295 0 0.888284
vn -0.368095 0 0.929788
vn -0.275158 0 0.961399
vn -0.181963 0 0.983305
vn -0.0898544 0 0.995955
vn -3.27103e-16 0 1
vn 0.0898544 -0 0.995955
vn 0.181963 -0 0.983305
vn 0.275158 -0 0.961399
vn 0.368095 -0 0.929788
vn 0.459295 -0 0.888284
vn 0.54721 -0 0.836996
vn 0.630298 -0 0.776353
vn 0.707107 -0 0.707107
vn 0.776353 -0 0.630298
vn 0.836996 -0 0.54721
vn 0.888284 -0 0.459295
vn 0.929788 -0 0.368095
vn 0.961399 -0 0.275158
vn 0.983305 -0 0.181963
vn 0.995955 -0 0.0898544
vn 1 -0 0
vn 0.995955 0 -0.0898544
vn 0.983305 0 -0.181963
vn 0.961399 0 -0.275158
vn 0.929788 0 -0.368095
vn 0.888284 0 -0.459295
vn 0.836996 0 -0.54721
vn 0.776353 0 -0.630298
vn 0.707107 0 -0.707107
vn 0.630298 0 -0.776353
vn 0.54721 0 -0.836996
vn 0.459295 0 -0.888284
vn 0.368095 0 -0.929788
vn 0.275158 0 -0.961399
vn 0.181963 0 -0.983305
vn 0.0898544 0 -0.995955
vn 1.54198e-16 0 -1
vn -0.0898544 0 -0.995955
vn -0.181963 0 -0.983305
vn -0.275158 0 -0.961399
vn -0.368095 0 -0.929788
vn -0.459295 0 -0.888284
vn -0.54721 0 -0.836996
vn -0.630298 0 -0.776353
vn -0.707107 0 -0.707107
vn -0.776353 0 -0.630298
vn -0.836996 0 -0.54721
vn -0.888284 0 -0.459295
vn -0.929788 0 -0.368095
vn -0.961399 0 -0.275158
vn -0.983305 0 -0.181963
vn -0.995955 0 -0.0898544
vn -1 0 -8.72274e-16
vn -1 0 8.72274e-16
vn -0.995955 0 0.0898544
vn -0.983305 0 0.181963
vn -0.961399 0 0.275158
vn -0.929788 0 0.368095
vn -0.888284 0 0.459295
vn -0.836996 0 0.54721
vn -0.776353 0 0.630298
vn -0.707107 0 0.707107
vn -0.630298 0 0.776353
vn -0.54721 0 0.836996
vn -0.459295 0 0.888284
vn -0.368095 0 0.929788
vn -0.275158 0 0.961399
vn -0.181963 0 0.983305
vn -0.0898544 0 0.995955
vn -1.09034e-16 0 1
vn 0.0898544 -0 0.995955
vn 0.181963 -0 0.983305
vn 0.275158 -0 0.961399
vn 0.368095 -0 0.929788
vn 0.459295 -0 0.888284
vn 0.54721 -0 0.836996
vn 0.630298 -0 0.776353
vn 0.707107 -0 0.707107
vn 0.776353 -0 0.630298
vn 0.836996 -0 0.54721
vn 0.888284 -0 0.459295
vn 0.929788 -0 0.368095
vn 0.961399 -0 0.275158
vn 0.983305 -0 0.181963
vn 0.995955 -0 0.0898544
vn 1 0 -8.72274e-16
vn 0.995955 0 -0.0898544
vn 0.983305 0 -0.181963
vn 0.961399 0 -0.275158
vn 0.929788 0 -0.368095
vn 0.888284 0 -0.459295
vn 0.836996 0 -0.54721
vn 0.776353 0 -0.630298
vn 0.707107 0 -0.707107
vn 0.630298 0 -0.776353
vn 0.54721 0 -0.836996
vn 0.459295 0 -0.888284
vn 0.368095 0 -0.929788
vn 0.275158 0 -0.961399
vn 0.181963 0 -0.983305
vn 0.0898544 0 -0.995955
vn 1.54198e-16 0 -1
vn -0.0898544 0 -0.995955
vn -0.181963 0 -0.983305
vn -0.275158 0 -0.961399
vn -0.368095 0 -0.929788
vn -0.459295 0 -0.888284
vn -0.54721 0 -0.836996
vn -0.630298 0 -0.776353
vn -0.707107 0 -0.707107
vn -0.776353 0 -0.630298
vn -0.836996 0 -0.54721
vn -0.888284 0 -0.459295
vn -0.929788 0 -0.368095
vn -0.961399 0 -0.275158
vn -0.983305 0 -0.181963
vn -0.995955 0 -0.0898544
vn -1 0 -8.72274e-16
vn 5.55112e-18 -1 0
vn 6.93889e-18 -1 0
vn 9.02056e-18 -1 0
vn -3.46945e-18 -1 0
vn -6.245e-18 -1 0
vn -6.93889e-19 -1 0
vn -6.245e-18 -1 0
vn -4.16334e-18 -1 0
vn 9.71445e-18 -1 0
vn -2.77556e-18 -1 0
vn 9.02056e-18 -1 0
vn -4.51028e-18 -1 0
vn -2.42861e-18 -1 0
vn 3.46945e-19 -1 0
vn -1.04083e-18 -1 0
vn 1.38778e-18 -1 0
vn -5.89806e-18 -1 0
vn 9.02056e-18 -1 0
vn -5.20417e-18 -1 0
vn -1.21431e-18 -1 0
vn -2.42861e-18 -1 0
vn -2.42861e-18 -1 0
vn 7.45931e-18 -1 0
vn 1.02349e-17 -1 0
vn -2.08167e-18 -1 0
vn -1.04083e-18 -1 0
vn 5.9848e-18 -1 0
vn -2.60209e-18 -1 0
vn -1.30104e-18 -1 0
vn -2.51535e-18 -1 0
vn 5.89806e-18 -1 0
vn -1.30104e-18 -1 0
vn 1.17961e-17 -1 0
vn -1.04083e-18 -1 0
vn -3.98986e-18 -1 0
vn 5.20417e-19 -1 0
vn -2.25514e-18 -1 0
vn -5.37764e-18 -1 0
vn 9.02056e-18 -1 0
vn 1.38778e-18 -1 0
vn -5.55112e-18 -1 0
vn 7.97973e-18 -1 0
vn -4.16334e-18 -1 0
vn -4.16334e-18 -1 0
vn 1.07553e-17 -1 0
vn 9.02056e-18 -1 0
vn -1.38778e-18 -1 0
vn -2.77556e-18 -1 0
vn -4.16334e-18 -1 0
vn -1.38778e-18 -1 0
vn -2.77556e-18 -1 0
vn 6.245e-18 -1 0
vn -3.46945e-18 -1 0
vn -3.46945e-18 -1 0
vn 5.55112e-18 -1 0
vn 9.02056e-18 -1 0
vn -1.38778e-18 -1 0
vn -6.93889e-18 -1 0
vn 5.55112e-18 -1 0
vn 5.55112e-18 -1 0
vn -6.93889e-18 -1 0
vn -5.55112e-18 -1 0
vn -5.55112e-18 -1 0
vn 5.55112e-18 -1 0
vn -1.249e-17 -1 0
vn -5.55112e-18 -1 0
vn 1.38778e-18 -1 0
vn 5.55112e-18 -1 0
vn -6.93889e-18 -1 0
vn 0 -1 0
vn 1.11022e-17 -1 0
vn 6.93889e-18 -1 0
vn 0 -1 0
vn 0 -1 0
vn 0 -1 0
vn 0 -1 0
vn -6.93889e-18 -1 0
vn 0 -1 0
vn 1.80411e-17 -1 0
vn -6.93889e-18 -1 0
vn -6.93889e-18 -1 0
vn 0 -1 0
vn 6.93889e-18 -1 0
vn 0 -1 0
vn 0 -1 0
vn 0 -1 0
vn 0 -1 0
vn 0 -1 0
vn -6.93889e-18 -1 0
vn -6.93889e-18 -1 0
vn 1.80411e-17 -1 0
vn 0 -1 0
vn -6.93889e-18 -1 0
vn 0 -1 0
vn -6.93889e-18 -1 0
vn -6.93889e-18 -1 0
vn 0 -1 0
vn 0 -1 0
vn -6.93889e-18 -1 0
vn 0 -1 0
vn -5.55112e-18 -1 0
vn 5.55112e-18 -1 0
vn -5.55112e-18 -1 0
vn 0 -1 0
vn -1.38778e-18 -1 0
vn 1.38778e-18 -1 0
vn 0 -1 0
vn -5.55112e-18 -1 0
vn -6.93889e-18 -1 0
vn 6.93889e-18 -1 0
vn 5.55112e-18 -1 0
vn -6.93889e-18 -1 0
vn 0 1 -0
vn 0 1 -0
vn 0 1 -0
vn 0 1 -0
vn 0 1 -0
vn 0 1 -0
vn 0 1 -0
vn 0 1 -0
vn 0 1 -0
vn 0 1 -0
vn 0 1 -0
vn 0 1 -0
vn 0 1 -0
vn 0 1 -0
vn 0 1 -0
vn 0 1 -0
vn 0 1 -0
vn 0 1 -0
vn 0 1 -0
vn 0 1 -0
vn 0 1 -0
vn 0 1 -0
vn 0 1 -0
vn 0 1 -0
vn 0 1 -0
vn 0 1 -0
vn 0 1 -0
vn 0 1 -0
vn 0 1 -0
vn 0 1 -0
vn 0 1 -0
vn 0 1 -0
vn 0 1 -0
vn 0 1 -0
vn 0 1 -0
vn 0 1 -0
vn 0 1 -0
vn 0 1 -0
vn 0 1 -0
vn 0 1 -0
vn 0 1 -0
vn 0 1 -0
vn 0 1 -0
vn 0 1 -0
vn 0 1 -0
vn 0 1 -0
vn 0 1 -0
vn 0 1 -0
vn 0 1 -0
vn 0 1 -0
vn 0 1 -0
vn 0 1 -0
vn 0 1 -0
vn 0 1 -0
vn 0 1 -0
vn 0 1 -0
vn 0 1 -0
vn 0 1 -0
vn 0 1 -0
vn 0 1 -0
vn 0 1 -0
vn 0 1 -0
vn 0 1 -0
vn 0 1 -0
vn 0 1 -0
vn 0 1 -0
vn 0 1 -0
vn 0 1 -0
vn 0 1 -0
vn 0 1 -0
vn 0 1 -0
vn 0 1 -0
vn 0 1 -0
vn 0 1 -0
vn 0 1 -0
vn 0 1 -0
vn 0 1 -0
vn 0 1 -0
vn 0 1 -0
vn 0 1 -0
vn 0 1 -0
vn 0 1 -0
vn 0 1 -0
vn 0 1 -0
vn 0 1 -0
vn 0 1 -0
vn 0 1 -0
vn 0 1 -0
vn 0 1 -0
vn 0 1 -0
vn 0 1 -0
vn 0 1 -0
vn 0 1 -0
vn 0 1 -0
vn 0 1 -0
vn 0 1 -0
vn 0 1 -0
vn 0 1 -0
vn 0 1 -0
vn 0 1 -0
vn 0 1 -0
vn 0 1 -0
vn 0 1 -0
vn 0 1 -0
vn 0 1 -0
vn 0 1 -0
vn 0 1 -0
vn 0 1 -0
vn 0 1 -0
vn 0 1 -0
vn 0 1 -0
vn 0 1 -0
g WRL_rubber
usemtl rubber
f 893//893 894//894 959//959
f 893//893 959//959 958//958
f 894//894 895//895 960//960
f 894//894 960//960 959//959
f 895//895 896//896 961//961
f 895//895 961//961 960//960
f 896//896 897//897 962//962
f 896//896 962//962 961//961
f 897//897 898//898 963//963
f 897//897 963//963 962//962
f 898//898 899//899 964//964
f 898//898 964//964 963//963
f 899//899 900//900 965//965
f 899//899 965//965 964//964
f 900//900 901//901 966//966
f 900//900 966//966 965//965
f 901//901 902//902 967//967
f 901//901 967//967 966//966
f 902//902 903//903 968//968
f 902//902 968//968 967//967
f 903//903 904//904 969//969
f 903//903 969//969 968//968
f 904//904 905//905 970//970
f 904//904 970//970 969//969
f 905//905 906//906 971//971
f 905//905 971//971 970//970
f 906//906 907//907 972//972
f 906//906 972//972 971//971
f 907//907 908//908 973//973
f 907//907 973//973 972//972
f 908//908 909//909 974//974
f 908//908 974//974 973//973
f 909//909 910//910 975//975
f 909//909 975//975 974//974
f 910//910 911//911 976//976
f 910//910 976//976 975//975
f 911//911 912//912 977//977
f 911//911 977//977 976//976
f 912//912 913//913 978//978
f 912//912 978//978 977//977
f 913//913 914//914 979//979
f 913//913 979//979 978//978
f 914//914 915//915 980//980
f 914//914 980//980 979//979
f 915//915 916//916 981//981
f 915//915 981//981 980//980
f 916//916 917//917 982//982
f 916//916 982//982 981//981
f 917//917 918//918 983//983
f 917//917 983//983 982//982
f 918//918 919//919 984//984
f 918//918 984//984 983//983
f 919//919 920//920 985//985
f 919//919 985//985 984//984
f 920//920 921//921 986//986
f 920//920 986//986 985//985
f 921//921 922//922 987//987
f 921//921 987//987 986//986
f 922//922 923//923 988//988
f 922//922 988//988 987//987
f 923//923 924//924 989//989
f 923//923 989//989 988//988
f 924//924 925//925 990//990
f 924//924 990//990 989//989
f 925//925 926//926 991//991
f 925//925 991//991 990//990
f 926//926 927//927 992//992
f 926//926 992//992 991//991
f 927//927 928//928 993//993
f 927//927 993//993 992//992
f 928//928 929//929 994//994
f 928//928 994//994 993//993
f 929//929 930//930 995//995
f 929//929 995//995 994//994
f 930//930 931//931 996//996
f 930//930 996//996 995//995
f 931//931 932//932 997//997
f 931//931 997//997 996//996
f 932//932 933//933 998//998
f 932//932 998//998 997//997
f 933//933 934//934 999//999
f 933//933 999//999 998//998
f 934//934 935//935 1000//1000
f 934//934 1000//1000 999//999
f 935//935 936//936 1001//1001
f 935//935 1001//1001 1000//1000
f 936//936 937//937 1002//1002
f 936//936 1002//1002 1001//1001
f 937//937 938//938 1003//1003
f 937//937 1003//1003 1002//1002
f 938//938 939//939 1004//1004
f 938//938 1004//1004 1003//1003
f 939//939 940//940 1005//1005
f 939//939 1005//1005 1004//1004
f 940//940 941//941 1006//1006
f 940//940 1006//1006 1005//1005
f 941//941 942//942 1007//1007
f 941//941 1007//1007 1006//1006
f 942//942 943//943 1008//1008
f 942//942 1008//1008 1007//1007
f 943//943 944//944 1009//1009
f 943//943 1009//1009 1008//1008
f 944//944 945//945 1010//1010
f 944//944 1010//1010 1009//1009
f 945//945 946//946 1011//1011
f 945//945 1011//1011 1010//1010
f 946//946 947//947 1012//1012
f 946//946 1012//1012 1011//1011
f 947//947 948//948 1013//1013
f 947//947 1013//1013 1012//1012
f 948//948 949//949 1014//1014
f 948//948 1014//1014 1013//1013
f 949//949 950//950 1015//1015
f 949//949 1015//1015 1014//1014
f 950//950 951//951 1016//1016
f 950//950 1016//1016 1015//1015
f 951//951 952//952 1017//1017
f 951//951 1017//1017 1016//1016
f 952//952 953//953 1018//1018
f 952//952 1018//1018 1017//1017
f 953//953 954//954 1019//1019
f 953//953 1019//1019 1018//1018
f 954//954 955//955 1020//1020
f 954//954 1020//1020 1019//1019
f 955//955 956//956 1021//1021
f 955//955 1021//1021 1020//1020
f 956//956 957//957 1022//1022
f 956//956 1022//1022 1021//1021
f 958//958 959//959 1024//1024
f 958//958 1024//1024 1023//1023
f 959//959 960//960 1025//1025
f 959//959 1025//1025 1024//1024
f 960//960 961//961 1026//1026
f 960//960 1026//1026 1025//1025
f 961//961 962//962 1027//1027
f 961//961 1027//1027 1026//1026
f 962//962 963//963 1028//1028
f 962//962 1028//1028 1027//1027
f 963//963 964//964 1029//1029
f 963//963 1029//1029 1028//1028
f 964//964 965//965 1030//1030
f 964//964 1030//1030 1029//1029
f 965//965 966//966 1031//1031
f 965//965 1031//1031 1030//1030
f 966//966 967//967 1032//1032
f 966//966 1032//1032 1031//1031
f 967//967 968//968 1033//1033
f 967//967 1033//1033 1032//1032
f 968//968 969//969 1034//1034
f 968//968 1034//1034 1033//1033
f 969//969 970//970 1035//1035
f 969//969 1035//1035 1034//1034
f 970//970 971//971 1036//1036
f 970//970 1036//1036 1035//1035
f 971//971 972//972 1037//1037
f 971//971 1037//1037 1036//1036
f 972//972 973//973 1038//1038
f 972//972 1038//1038 1037//1037
f 973//973 974//974 1039//1039
f 973//973 1039//1039 1038//1038
f 974//974 975//975 1040//1040
f 974//974 1040//1040 1039//1039
f 975//975 976//976 1041//1041
f 975//975 1041//1041 1040//1040
f 976//976 977//977 1042//1042
f 976//976 1042//1042 1041//1041
f 977//977 978//978 1043//1043
f 977//977 1043//1043 1042//1042
f 978//978 979//979 1044//1044
f 978//978 1044//1044 1043//1043
f 979//979 980//980 1045//1045
f 979//979 1045//1045 1044//1044
f 980//980 981//981 1046//1046
f 980//980 1046//1046 1045//1045
f 981//981 982//982 1047//1047
f 981//981 1047//1047 1046//1046
f 982//982 983//983 1048//1048
f 982//982 1048//1048 1047//1047
f 983//983 984//984 1049//1049
f 983//983 1049//1049 1048//1048
f 984//984 985//985 1050//1050
f 984//984 1050//1050 1049//1049
f 985//985 986//986 1051//1051
f 985//985 1051//1051 1050//1050
f 986//986 987//987 1052//1052
f 986//986 1052//1052 1051//1051
f 987//987 988//988 1053//1053
f 987//987 1053//1053 1052//1052
f 988//988 989//989 1054//1054
f 988//988 1054//1054 1053//1053
f 989//989 990//990 1055//1055
f 989//989 1055//1055 1054//1054
f 990//990 991//991 1056//1056
f 990//990 1056//1056 1055//1055
f 991//991 992//992 1057//1057
f 991//991 1057//1057 1056//1056
f 992//992 993//993 1058//1058
f 992//992 1058//1058 1057//1057
f 993//993 994//994 1059//1059
f 993//993 1059//1059 1058//1058
f 994//994 995//995 1060//1060
f 994//994 1060//1060 1059//1059
f 995//995 996//996 1061//1061
f 995//995 1061//1061 1060//1060
f 996//996 997//997 1062//1062
f 996//996 1062//1062 1061//1061
f 997//997 998//998 1063//1063
f 997//997 1063//1063 1062//1062
f 998//998 999//999 1064//1064
f 998//998 1064//1064 1063//1063
f 999//999 1000//1000 1065//1065
f 999//999 1065//1065 1064//1064
f 1000//1000 1001//1001 1066//1066
f 1000//1000 1066//1066 1065//1065
f 1001//1001 1002//1002 1067//1067
f 1001//1001 1067//1067 1066//1066
f 1002//1002 1003//1003 1068//1068
f 1002//1002 1068//1068 1067//1067
f 1003//1003 1004//1004 1069//1069
f 1003//1003 1069//1069 1068//1068
f 1004//1004 1005//1005 1070//1070
f 1004//1004 1070//1070 1069//1069
f 1005//1005 1006//1006 1071//1071
f 1005//1005 1071//1071 1070//1070
f 1006//1006 1007//1007 1072//1072
f 1006//1006 1072//1072 1071//1071
f 1007//1007 1008//1008 1073//1073
f 1007//1007 1073//1073 1072//1072
f 1008//1008 1009//1009 1074//1074
f 1008//1008 1074//1074 1073//1073
f 1009//1009 1010//1010 1075//1075
f 1009//1009 1075//1075 1074//1074
f 1010//1010 1011//1011 1076//1076
f 1010//1010 1076//1076 1075//1075
f 1011//1011 1012//1012 1077//1077
f 1011//1011 1077//1077 1076//1076
f 1012//1012 1013//1013 1078//1078
f 1012//1012 1078//1078 1077//1077
f 1013//1013 1014//1014 1079//1079
f 1013//1013 1079//1079 1078//1078
f 1014//1014 1015//1015 1080//1080
f 1014//1014 1080//1080 1079//1079
f 1015//1015 1016//1016 1081//1081
f 1015//1015 1081//1081 1080//1080
f 1016//1016 1017//1017 1082//1082
f 1016//1016 1082//1082 1081//1081
f 1017//1017 1018//1018 1083//1083
f 1017//1017 1083//1083 1082//1082
f 1018//1018 1019//1019 1084//1084
f 1018//1018 1084//1084 1083//1083
f 1019//1019 1020//1020 1085//1085
f 1019//1019 1085//1085 1084//1084
f 1020//1020 1021//1021 1086//1086
f 1020//1020 1086//1086 1085//1085
f 1021//1021 1022//1022 1087//1087
f 1021//1021 1087//1087 1086//1086
f 1199//1199 1088//1088 1089//1089
f 1199//1199 1089//1089 1090//1090
f 1199//1199 1090//1090 1091//1091
f 1199//1199 1091//1091 1092//1092
f 1199//1199 1092//1092 1093//1093
f 1199//1199 1093//1093 1094//1094
f 1199//1199 1094//1094 1095//1095
f 1199//1199 1095//1095 1096//1096
f 1199//1199 1096//1096 1097//1097
f 1199//1199 1097//1097 1098//1098
f 1199//1199 1098//1098 1099//1099
f 1199//1199 1099//1099 1100//1100
f 1199//1199 1100//1100 1101//1101
f 1199//1199 1101//1101 1102//1102
f 1199//1199 1102//1102 1103//1103
f 1199//1199 1103//1103 1104//1104
f 1199//1199 1104//1104 1105//1105
f 1199//1199 1105//1105 1106//1106
f 1199//1199 1106//1106 1107//1107
f 1199//1199 1107//1107 1108//1108
f 1199//1199 1108//1108 1109//1109
f 1199//1199 1109//1109 1110//1110
f 1199//1199 1110//1110 1111//1111
f 1199//1199 1111//1111 1112//1112
f 1199//1199 1112//1112 1113//1113
f 1199//1199 1113//1113 1114//1114
f 1199//1199 1114//1114 1115//1115
f 1199//1199 1115//1115 1116//1116
f 1199//1199 1116//1116 1117//1117
f 1199//1199 1117//1117 1118//1118
f 1199//1199 1118//1118 1119//1119
f 1199//1199 1119//1119 1120//1120
f 1199//1199 1120//1120 1121//1121
f 1199//1199 1121//1121 1122//1122
f 1199//1199 1122//1122 1123//1123
f 1199//1199 1123//1123 1124//1124
f 1199//1199 1124//1124 1125//1125
f 1199//1199 1125//1125 1126//1126
f 1199//1199 1126//1126 1127//1127
f 1199//1199 1127//1127 1128//1128
f 1199//1199 1128//1128 1129//1129
f 1199//1199 1129//1129 1130//1130
f 1199//1199 1130//1130 1131//1131
f 1199//1199 1131//1131 1132//1132
f 1199//1199 1132//1132 1133//1133
f 1199//1199 1133//1133 1134//1134
f 1199//1199 1134//1134 1135//1135
f 1199//1199 1135//1135 1136//1136
f 1199//1199 1136//1136 1137//1137
f 1199//1199 1137//1137 1138//1138
f 1199//1199 1138//1138 1139//1139
f 1199//1199 1139//1139 1140//1140
f 1199//1199 1140//1140 1141//1141
f 1199//1199 1141//1141 1142//1142
f 1199//1199 1142//1142 1143//1143
f 1199//1199 1143//1143 1144//1144
f 1199//1199 1144//1144 1145//1145
f 1199//1199 1145//1145 1146//1146
f 1199//1199 1146//1146 1147//1147
f 1199//1199 1147//1147 1148//1148
f 1199//1199 1148//1148 1149//1149
f 1199//1199 1149//1149 1150//1150
f 1199//1199 1150//1150 1151//1151
f 1199//1199 1151//1151 1152//1152
f 1199//1199 1152//1152 1153//1153
f 1199//1199 1153//1153 1154//1154
f 1199//1199 1154//1154 1155//1155
f 1199//1199 1155//1155 1156//1156
f 1199//1199 1156//1156 1157//1157
f 1199//1199 1157//1157 1158//1158
f 1199//1199 1158//1158 1159//1159
f 1199//1199 1159//1159 1160//1160
f 1199//1199 1160//1160 1161//1161
f 1199//1199 1161//1161 1162//1162
f 1199//1199 1162//1162 1163//1163
f 1199//1199 1163//1163 1164//1164
f 1199//1199 1164//1164 1165//1165
f 1199//1199 1165//1165 1166//1166
f 1199//1199 1166//1166 1167//1167
f 1199//1199 1167//1167 1168//1168
f 1199//1199 1168//1168 1169//1169
f 1199//1199 1169//1169 1170//1170
f 1199//1199 1170//1170 1171//1171
f 1199//1199 1171//1171 1172//1172
f 1199//1199 1172//1172 1173//1173
f 1199//1199 1173//1173 1174//1174
f 1199//1199 1174//1174 1175//1175
f 1199//1199 1175//1175 1176//1176
f 1199//1199 1176//1176 1177//1177
f 1199//1199 1177//1177 1178//1178
f 1199//1199 1178//1178 1179//1179
f 1199//1199 1179//1179 1180//1180
f 1199//1199 1180//1180 1181//1181
f 1199//1199 1181//1181 1182//1182
f 1199//1199 1182//1182 1183//1183
f 1199//1199 1183//1183 1184//1184
f 1199//1199 1184//1184 1185//1185
f 1199//1199 1185//1185 1186//1186
f 1199//1199 1186//1186 1187//1187
f 1199//1199 1187//1187 1188//1188
f 1199//1199 1188//1188 1189//1189
f 1199//1199 1189//1189 1190//1190
f 1199//1199 1190//1190 1191//1191
f 1199//1199 1191//1191 1192//1192
f 1199//1199 1192//1192 1193//1193
f 1199//1199 1193//1193 1194//1194
f 1199//1199 1194//1194 1195//1195
f 1199//1199 1195//1195 1196//1196
f 1199//1199 1196//1196 1197//1197
f 1197//1197 1198//1198 1199//1199
f 1311//1311 1200//1200 1201//1201
f 1311//1311 1201//1201 1202//1202
f 1311//1311 1202//1202 1203//1203
f 1311//1311 1203//1203 1204//1204
f 1311//1311 1204//1204 1205//1205
f 1311//1311 1205//1205 1206//1206
f 1311//1311 1206//1206 1207//1207
f 1311//1311 1207//1207 1208//1208
f 1311//1311 1208//1208 1209//1209
f 1311//1311 1209//1209 1210//1210
f 1311//1311 1210//1210 1211//1211
f 1311//1311 1211//1211 1212//1212
f 1311//1311 1212//1212 1213//1213
f 1311//1311 1213//1213 1214//1214
f 1311//1311 1214//1214 1215//1215
f 1311//1311 1215//1215 1216//1216
f 1311//1311 1216//1216 1217//1217
f 1311//1311 1217//1217 1218//1218
f 1311//1311 1218//1218 1219//1219
f 1311//1311 1219//1219 1220//1220
f 1311//1311 1220//1220 1221//1221
f 1311//1311 1221//1221 1222//1222
f 1311//1311 1222//1222 1223//1223
f 1311//1311 1223//1223 1224//1224
f 1311//1311 1224//1224 1225//1225
f 1311//1311 1225//1225 1226//1226
f 1311//1311 1226//1226 1227//1227
f 1311//1311 1227//1227 1228//1228
f 1311//1311 1228//1228 1229//1229
f 1311//1311 1229//1229 1230//1230
f 1311//1311 1230//1230 1231//1231
f 1311//1311 1231//1231 1232//1232
f 1311//1311 1232//1232 1233//1233
f 1311//1311 1233//1233 1234//1234
f 1311//1311 1234//1234 1235//1235
f 1311//1311 1235//1235 1236//1236
f 1311//1311 1236//1236 1237//1237
f 1311//1311 1237//1237 1238//1238
f 1311//1311 1238//1238 1239//1239
f 1311//1311 1239//1239 1240//1240
f 1311//1311 1240//1240 1241//1241
f 1311//1311 1241//1241 1242//1242
f 1311//1311 1242//1242 1243//1243
f 1311//1311 1243//1243 1244//1244
f 1311//1311 1244//1244 1245//1245
f 1311//1311 1245//1245 1246//1246
f 1311//1311 1246//1246 1247//1247
f 1311//1311 1247//1247 1248//1248
f 1311//1311 1248//1248 1249//1249
f 1311//1311 1249//1249 1250//1250
f 1311//1311 1250//1250 1251//1251
f 1311//1311 1251//1251 1252//1252
f 1311//1311 1252//1252 1253//1253
f 1311//1311 1253//1253 1254//1254
f 1311//1311 1254//1254 1255//1255
f 1311//1311 1255//1255 1256//1256
f 1311//1311 1256//1256 1257//1257
f 1311//1311 1257//1257 1258//1258
f 1311//1311 1258//1258 1259//1259
f 1311//1311 1259//1259 1260//1260
f 1311//1311 1260//1260 1261//1261
f 1311//1311 1261//1261 1262//1262
f 1311//1311 1262//1262 1263//1263
f 1311//1311 1263//1263 1264//1264
f 1311//1311 1264//1264 1265//1265
f 1311//1311 1265//1265 1266//1266
f 1311//1311 1266//1266 1267//1267
f 1311//1311 1267//1267 1268//1268
f 1311//1311 1268//1268 1269//1269
f 1311//1311 1269//1269 1270//1270
f 1311//1311 1270//1270 1271//1271
f 1311//1311 1271//1271 1272//1272
f 1311//1311 1272//1272 1273//1273
f 1311//1311 1273//1273 1274//1274
f 1311//1311 1274//1274 1275//1275
f 1311//1311 1275//1275 1276//1276
f 1311//1311 1276//1276 1277//1277
f 1311//1311 1277//1277 1278//1278
f 1311//1311 1278//1278 1279//1279
f 1311//1311 1279//1279 1280//1280
f 1311//1311 1280//1280 1281//1281
f 1311//1311 1281//1281 1282//1282
f 1311//1311 1282//1282 1283//1283
f 1311//1311 1283//1283 1284//1284
f 1311//1311 1284//1284 1285//1285
f 1311//1311 1285//1285 1286//1286
f 1311//1311 1286//1286 1287//1287
f 1311//1311 1287//1287 1288//1288
f 1311//1311 1288//1288 1289//1289
f 1311//1311 1289//1289 1290//1290
f 1311//1311 1290//1290 1291//1291
f 1311//1311 1291//1291 1292//1292
f 1311//1311 1292//1292 1293//1293
f 1311//1311 1293//1293 1294//1294
f 1311//1311 1294//1294 1295//1295
f 1311//1311 1295//1295 1296//1296
f 1311//1311 1296//1296 1297//1297
f 1311//1311 1297//1297 1298//1298
f 1311//1311 1298//1298 1299//1299
f 1311//1311 1299//1299 1300//1300
f 1311//1311 1300//1300 1301//1301
f 1311//1311 1301//1301 1302//1302
f 1311//1311 1302//1302 1303//1303
f 1311//1311 1303//1303 1304//1304
f 1311//1311 1304//1304 1305//1305
f 1311//1311 1305//1305 1306//1306
f 1311//1311 1306//1306 1307//1307
f 1311//1311 1307//1307 1308//1308
f 1311//1311 1308//1308 1309//1309
f 1309//1309 1310//1310 1311//1311
o WRR
v 3.04 1.55 0.36
v 3.04146 1.55 0.392348
v 3.04601 1.55 0.425507
v 3.0539 1.55 0.459057
v 3.06528 1.55 0.492514
v 3.08022 1.55 0.525346
v 3.09868 1.55 0.556996
v 3.12051 1.55 0.586907
v 3.14544 1.55 0.614558
v 3.17309 1.55 0.639487
v 3.203 1.55 0.661318
v 3.23465 1.55 0.679782
v 3.26749 1.55 0.694724
v 3.30094 1.55 0.706104
v 3.33449 1.55 0.71399
v 3.36765 1.55 0.718544
v 3.4 1.55 0.72
v 3.43235 1.55 0.718544
v 3.46551 1.55 0.71399
v 3.49906 1.55 0.706104
v 3.53251 1.55 0.694724
v 3.56535 1.55 0.679782
v 3.597 1.55 0.661318
v 3.62691 1.55 0.639487
v 3.65456 1.55 0.614558
v 3.67949 1.55 0.586907
v 3.70132 1.55 0.556996
v 3.71978 1.55 0.525346
v 3.73472 1.55 0.492514
v 3.7461 1.55 0.459057
v 3.75399 1.55 0.425507
v 3.75854 1.55 0.392348
v 3.76 1.55 0.36
v 3.75854 1.55 0.327652
v 3.75399 1.55 0.294493
v 3.7461 1.55 0.260943
v 3.73472 1.55 0.227486
v 3.71978 1.55 0.194654
v 3.70132 1.55 0.163004
v 3.67949 1.55 0.133093
v 3.65456 1.55 0.105442
v 3.62691 1.55 0.0805129
v 3.597 1.55 0.0586816
v 3.56535 1.55 0.0402178
v 3.53251 1.55 0.0252762
v 3.49906 1.55 0.0138964
v 3.46551 1.55 0.00601007
v 3.43235 1.55 0.00145623
v 3.4 1.55 1.11022e-16
v 3.36765 1.55 0.00145623
v 3.33449 1.55 0.00601007
v 3.30094 1.55 0.0138964
v 3.26749 1.55 0.0252762
v 3.23465 1.55 0.0402178
v 3.203 1.55 0.0586816
v 3.17309 1.55 0.0805129
v 3.14544 1.55 0.105442
v 3.12051 1.55 0.133093
v 3.09868 1.55 0.163004
v 3.08022 1.55 0.194654
v 3.06528 1.55 0.227486
v 3.0539 1.55 0.260943
v 3.04601 1.55 0.294493
v 3.04146 1.55 0.327652
v 3.04 1.55 0.36
v 3.04 1.7 0.36
v 3.04146 1.7 0.392348
v 3.04601 1.7 0.425507
v 3.0539 1.7 0.459057
v 3.06528 1.7 0.492514
v 3.08022 1.7 0.525346
v 3.09868 1.7 0.556996
v 3.12051 1.7 0.586907
v 3.14544 1.7 0.614558
v 3.17309 1.7 0.639487
v 3.203 1.7 0.661318
v 3.23465 1.7 0.679782
v 3.26749 1.7 0.694724
v 3.30094 1.7 0.706104
v 3.33449 1.7 0.71399
v 3.36765 1.7 0.718544
v 3.4 1.7 0.72
v 3.43235 1.7 0.718544
v 3.46551 1.7 0.71399
v 3.49906 1.7 0.706104
v 3.53251 1.7 0.694724
v 3.56535 1.7 0.679782
v 3.597 1.7 0.661318
v 3.62691 1.7 0.639487
v 3.65456 1.7 0.614558
v 3.67949 1.7 0.586907
v 3.70132 1.7 0.556996
v 3.71978 1.7 0.525346
v 3.73472 1.7 0.492514
v 3.7461 1.7 0.459057
v 3.75399 1.7 0.425507
v 3.75854 1.7 0.392348
v 3.76 1.7 0.36
v 3.75854 1.7 0.327652
v 3.75399 1.7 0.294493
v 3.7461 1.7 0.260943
v 3.73472 1.7 0.227486
v 3.71978 1.7 0.194654
v 3.70132 1.7 0.163004
v 3.67949 1.7 0.133093
v 3.65456 1.7 0.105442
v 3.62691 1.7 0.0805129
v 3.597 1.7 0.0586816
v 3.56535 1.7 0.0402178
v 3.53251 1.7 0.0252762
v 3.49906 1.7 0.0138964
v 3.46551 1.7 0.00601007
v 3.43235 1.7 0.00145623
v 3.4 1.7 1.11022e-16
v 3.36765 1.7 0.00145623
v 3.33449 1.7 0.00601007
v 3.30094 1.7 0.0138964
v 3.26749 1.7 0.0252762
v 3.23465 1.7 0.0402178
v 3.203 1.7 0.0586816
v 3.17309 1.7 0.0805129
v 3.14544 1.7 0.105442
v 3.12051 1.7 0.133093
v 3.09868 1.7 0.163004
v 3.08022 1.7 0.194654
v 3.06528 1.7 0.227486
v 3.0539 1.7 0.260943
v 3.04601 1.7 0.294493
v 3.04146 1.7 0.327652
v 3.04 1.7 0.36
v 3.04 1.85 0.36
v 3.04146 1.85 0.392348
v 3.04601 1.85 0.425507
v 3.0539 1.85 0.459057
v 3.06528 1.85 0.492514
v 3.08022 1.85 0.525346
v 3.09868 1.85 0.556996
v 3.12051 1.85 0.586907
v 3.14544 1.85 0.614558
v 3.17309 1.85 0.639487
v 3.203 1.85 0.661318
v 3.23465 1.85 0.679782
v 3.26749 1.85 0.694724
v 3.30094 1.85 0.706104
v 3.33449 1.85 0.71399
v 3.36765 1.85 0.718544
v 3.4 1.85 0.72
v 3.43235 1.85 0.718544
v 3.46551 1.85 0.71399
v 3.49906 1.85 0.706104
v 3.53251 1.85 0.694724
v 3.56535 1.85 0.679782
v 3.597 1.85 0.661318
v 3.62691 1.85 0.639487
v 3.65456 1.85 0.614558
v 3.67949 1.85 0.586907
v 3.70132 1.85 0.556996
v 3.71978 1.85 0.525346
v 3.73472 1.85 0.492514
v 3.7461 1.85 0.459057
v 3.75399 1.85 0.425507
v 3.75854 1.85 0.392348
v 3.76 1.85 0.36
v 3.75854 1.85 0.327652
v 3.75399 1.85 0.294493
v 3.7461 1.85 0.260943
v 3.73472 1.85 0.227486
v 3.71978 1.85 0.194654
v 3.70132 1.85 0.163004
v 3.67949 1.85 0.133093
v 3.65456 1.85 0.105442
v 3.62691 1.85 0.0805129
v 3.597 1.85 0.0586816
v 3.56535 1.85 0.0402178
v 3.53251 1.85 0.0252762
v 3.49906 1.85 0.0138964
v 3.46551 1.85 0.00601007
v 3.43235 1.85 0.00145623
v 3.4 1.85 1.11022e-16
v 3.36765 1.85 0.00145623
v 3.33449 1.85 0.00601007
v 3.30094 1.85 0.0138964
v 3.26749 1.85 0.0252762
v 3.23465 1.85 0.0402178
v 3.203 1.85 0.0586816
v 3.17309 1.85 0.0805129
v 3.14544 1.85 0.105442
v 3.12051 1.85 0.133093
v 3.09868 1.85 0.163004
v 3.08022 1.85 0.194654
v 3.06528 1.85 0.227486
v 3.0539 1.85 0.260943
v 3.04601 1.85 0.294493
v 3.04146 1.85 0.327652
v 3.04 1.85 0.36
v 3.04 1.55 0.36
v 3.04146 1.55 0.327652
v 3.04601 1.55 0.294493
v 3.04952 1.55 0.277738
v 3.0539 1.55 0.260943
v 3.05914 1.55 0.24417
v 3.06528 1.55 0.227486
v 3.0723 1.55 0.210957
v 3.08022 1.55 0.194654
v 3.08902 1.55 0.178646
v 3.09868 1.55 0.163004
v 3.10919 1.55 0.147798
v 3.12051 1.55 0.133093
v 3.13261 1.55 0.118954
v 3.14544 1.55 0.105442
v 3.15895 1.55 0.0926112
v 3.17309 1.55 0.0805129
v 3.1878 1.55 0.0691906
v 3.203 1.55 0.0586816
v 3.21865 1.55 0.0490163
v 3.23465 1.55 0.0402178
v 3.25096 1.55 0.0323016
v 3.26749 1.55 0.0252762
v 3.28417 1.55 0.019143
v 3.30094 1.55 0.0138964
v 3.31774 1.55 0.00952463
v 3.33449 1.55 0.00601007
v 3.36765 1.55 0.00145623
v 3.4 1.55 1.17961e-16
v 3.43235 1.55 0.00145623
v 3.46551 1.55 0.00601007
v 3.48226 1.55 0.00952463
v 3.49906 1.55 0.0138964
v 3.51583 1.55 0.019143
v 3.53251 1.55 0.0252762
v 3.54904 1.55 0.0323016
v 3.56535 1.55 0.0402178
v 3.58135 1.55 0.0490163
v 3.597 1.55 0.0586816
v 3.6122 1.55 0.0691906
v 3.62691 1.55 0.0805129
v 3.64105 1.55 0.0926112
v 3.65456 1.55 0.105442
v 3.66739 1.55 0.118954
v 3.67949 1.55 0.133093
v 3.69081 1.55 0.147798
v 3.70132 1.55 0.163004
v 3.71098 1.55 0.178646
v 3.71978 1.55 0.194654
v 3.7277 1.55 0.210957
v 3.73472 1.55 0.227486
v 3.74086 1.55 0.24417
v 3.7461 1.55 0.260943
v 3.75048 1.55 0.277738
v 3.75399 1.55 0.294493
v 3.75854 1.55 0.327652
v 3.76 1.55 0.36
v 3.75854 1.55 0.392348
v 3.75399 1.55 0.425507
v 3.75048 1.55 0.442262
v 3.7461 1.55 0.459057
v 3.74086 1.55 0.47583
v 3.73472 1.55 0.492514
v 3.7277 1.55 0.509043
v 3.71978 1.55 0.525346
v 3.71098 1.55 0.541354
v 3.70132 1.55 0.556996
v 3.69081 1.55 0.572202
v 3.67949 1.55 0.586907
v 3.66739 1.55 0.601046
v 3.65456 1.55 0.614558
v 3.64105 1.55 0.627389
v 3.62691 1.55 0.639487
v 3.6122 1.55 0.650809
v 3.597 1.55 0.661318
v 3.58135 1.55 0.670984
v 3.56535 1.55 0.679782
v 3.54904 1.55 0.687698
v 3.53251 1.55 0.694724
v 3.51583 1.55 0.700857
v 3.49906 1.55 0.706104
v 3.48226 1.55 0.710475
v 3.46551 1.55 0.71399
v 3.43235 1.55 0.718544
v 3.4 1.55 0.72
v 3.36765 1.55 0.718544
v 3.33449 1.55 0.71399
v 3.31774 1.55 0.710475
v 3.30094 1.55 0.706104
v 3.28417 1.55 0.700857
v 3.26749 1.55 0.694724
v 3.25096 1.55 0.687698
v 3.23465 1.55 0.679782
v 3.21865 1.55 0.670984
v 3.203 1.55 0.661318
v 3.1878 1.55 0.650809
v 3.17309 1.55 0.639487
v 3.15895 1.55 0.627389
v 3.14544 1.55 0.614558
v 3.13261 1.55 0.601046
v 3.12051 1.55 0.586907
v 3.10919 1.55 0.572202
v 3.09868 1.55 0.556996
v 3.08902 1.55 0.541354
v 3.08022 1.55 0.525346
v 3.0723 1.55 0.509043
v 3.06528 1.55 0.492514
v 3.05914 1.55 0.47583
v 3.0539 1.55 0.459057
v 3.04952 1.55 0.442262
v 3.04601 1.55 0.425507
v 3.04146 1.55 0.392348
v 3.04 1.85 0.36
v 3.04146 1.85 0.392348
v 3.04601 1.85 0.425507
v 3.04952 1.85 0.442262
v 3.0539 1.85 0.459057
v 3.05914 1.85 0.47583
v 3.06528 1.85 0.492514
v 3.0723 1.85 0.509043
v 3.08022 1.85 0.525346
v 3.08902 1.85 0.541354
v 3.09868 1.85 0.556996
v 3.10919 1.85 0.572202
v 3.12051 1.85 0.586907
v 3.13261 1.85 0.601046
v 3.14544 1.85 0.614558
v 3.15895 1.85 0.627389
v 3.17309 1.85 0.639487
v 3.1878 1.85 0.650809
v 3.203 1.85 0.661318
v 3.21865 1.85 0.670984
v 3.23465 1.85 0.679782
v 3.25096 1.85 0.687698
v 3.26749 1.85 0.694724
v 3.28417 1.85 0.700857
v 3.30094 1.85 0.706104
v 3.31774 1.85 0.710475
v 3.33449 1.85 0.71399
v 3.36765 1.85 0.718544
v 3.4 1.85 0.72
v 3.43235 1.85 0.718544
v 3.46551 1.85 0.71399
v 3.48226 1.85 0.710475
v 3.49906 1.85 0.706104
v 3.51583 1.85 0.700857
v 3.53251 1.85 0.694724
v 3.54904 1.85 0.687698
v 3.56535 1.85 0.679782
v 3.58135 1.85 0.670984
v 3.597 1.85 0.661318
v 3.6122 1.85 0.650809
v 3.62691 1.85 0.639487
v 3.64105 1.85 0.627389
v 3.65456 1.85 0.614558
v 3.66739 1.85 0.601046
v 3.67949 1.85 0.586907
v 3.69081 1.85 0.572202
v 3.70132 1.85 0.556996
v 3.71098 1.85 0.541354
v 3.71978 1.85 0.525346
v 3.7277 1.85 0.509043
v 3.73472 1.85 0.492514
v 3.74086 1.85 0.47583
v 3.7461 1.85 0.459057
v 3.75048 1.85 0.442262
v 3.75399 1.85 0.425507
v 3.75854 1.85 0.392348
v 3.76 1.85 0.36
v 3.75854 1.85 0.327652
v 3.75399 1.85 0.294493
v 3.75048 1.85 0.277738
v 3.7461 1.85 0.260943
v 3.74086 1.85 0.24417
v 3.73472 1.85 0.227486
v 3.7277 1.85 0.210957
v 3.71978 1.85 0.194654
v 3.71098 1.85 0.178646
v 3.70132 1.85 0.163004
v 3.69081 1.85 0.147798
v 3.67949 1.85 0.133093
v 3.66739 1.85 0.118954
v 3.65456 1.85 0.105442
v 3.64105 1.85 0.0926112
v 3.62691 1.85 0.0805129
v 3.6122 1.85 0.0691906
v 3.597 1.85 0.0586816
v 3.58135 1.85 0.0490163
v 3.56535 1.85 0.0402178
v 3.54904 1.85 0.0323016
v 3.53251 1.85 0.0252762
v 3.51583 1.85 0.019143
v 3.49906 1.85 0.0138964
v 3.48226 1.85 0.00952463
v 3.46551 1.85 0.00601007
v 3.43235 1.85 0.00145623
v 3.4 1.85 1.17961e-16
v 3.36765 1.85 0.00145623
v 3.33449 1.85 0.00601007
v 3.31774 1.85 0.00952463
v 3.30094 1.85 0.0138964
v 3.28417 1.85 0.019143
v 3.26749 1.85 0.0252762
v 3.25096 1.85 0.0323016
v 3.23465 1.85 0.0402178
v 3.21865 1.85 0.0490163
v 3.203 1.85 0.0586816
v 3.1878 1.85 0.0691906
v 3.17309 1.85 0.0805129
v 3.15895 1.85 0.0926112
v 3.14544 1.85 0.105442
v 3.13261 1.85 0.118954
v 3.12051 1.85 0.133093
v 3.10919 1.85 0.147798
v 3.09868 1.85 0.163004
v 3.08902 1.85 0.178646
v 3.08022 1.85 0.194654
v 3.0723 1.85 0.210957
v 3.06528 1.85 0.227486
v 3.05914 1.85 0.24417
v 3.0539 1.85 0.260943
v 3.04952 1.85 0.277738
v 3.04601 1.85 0.294493
v 3.04146 1.85 0.327652
vn -1 0 8.72274e-16
vn -0.995955 0 0.0898544
vn -0.983305 0 0.181963
vn -0.961399 0 0.275158
vn -0.929788 0 0.368095
vn -0.888284 0 0.459295
vn -0.836996 0 0.54721
vn -0.776353 0 0.630298
vn -0.707107 0 0.707107
vn -0.630298 0 0.776353
vn -0.54721 0 0.836996
vn -0.459295 0 0.888284
vn -0.368095 0 0.929788
vn -0.275158 0 0.961399
vn -0.181963 0 0.983305
vn -0.0898544 0 0.995955
vn -1.09034e-16 0 1
vn 0.0898544 -0 0.995955
vn 0.181963 -0 0.983305
vn 0.275158 -0 0.961399
vn 0.368095 -0 0.929788
vn 0.459295 -0 0.888284
vn 0.54721 -0 0.836996
vn 0.630298 -0 0.776353
vn 0.707107 -0 0.707107
vn 0.776353 -0 0.630298
vn 0.836996 -0 0.54721
vn 0.888284 -0 0.459295
vn 0.929788 -0 0.368095
vn 0.961399 -0 0.275158
vn 0.983305 -0 0.181963
vn 0.995955 -0 0.0898544
vn 1 0 -8.72274e-16
vn 0.995955 0 -0.0898544
vn 0.983305 0 -0.181963
vn 0.961399 0 -0.275158
vn 0.929788 0 -0.368095
vn 0.888284 0 -0.459295
vn 0.836996 0 -0.54721
vn 0.776353 0 -0.630298
vn 0.707107 0 -0.707107
vn 0.630298 0 -0.776353
vn 0.54721 0 -0.836996
vn 0.459295 0 -0.888284
vn 0.368095 0 -0.929788
vn 0.275158 0 -0.961399
vn 0.181963 0 -0.983305
vn 0.0898544 0 -0.995955
vn 1.54198e-16 0 -1
vn -0.0898544 0 -0.995955
vn -0.181963 0 -0.983305
vn -0.275158 0 -0.961399
vn -0.368095 0 -0.929788
vn -0.459295 0 -0.888284
vn -0.54721 0 -0.836996
vn -0.630298 0 -0.776353
vn -0.707107 0 -0.707107
vn -0.776353 0 -0.630298
vn -0.836996 0 -0.54721
vn -0.888284 0 -0.459295
vn -0.929788 0 -0.368095
vn -0.961399 0 -0.275158
vn -0.983305 0 -0.181963
vn -0.995955 0 -0.0898544
vn -1 0 -8.72274e-16
vn -1 0 1.30841e-15
vn -0.995955 0 0.0898544
vn -0.983305 0 0.181963
vn -0.961399 0 0.275158
vn -0.929788 0 0.368095
vn -0.888284 0 0.459295
vn -0.836996 0 0.54721
vn -0.776353 0 0.630298
vn -0.707107 0 0.707107
vn -0.630298 0 0.776353
vn -0.54721 0 0.836996
vn -0.459295 0 0.888284
vn -0.368095 0 0.929788
vn -0.275158 0 0.961399
vn -0.181963 0 0.983305
vn -0.0898544 0 0.995955
vn -3.27103e-16 0 1
vn 0.0898544 -0 0.995955
vn 0.181963 -0 0.983305
vn 0.275158 -0 0.961399
vn 0.368095 -0 0.929788
vn 0.459295 -0 0.888284
vn 0.54721 -0 0.836996
vn 0.630298 -0 0.776353
vn 0.707107 -0 0.707107
vn 0.776353 -0 0.630298
vn 0.836996 -0 0.54721
vn 0.888284 -0 0.459295
vn 0.929788 -0 0.368095
vn 0.961399 -0 0.275158
vn 0.983305 -0 0.181963
vn 0.995955 -0 0.0898544
vn 1 -0 0
vn 0.995955 0 -0.0898544
vn 0.983305 0 -0.181963
vn 0.961399 0 -0.275158
vn 0.929788 0 -0.368095
vn 0.888284 0 -0.459295
vn 0.836996 0 -0.54721
vn 0.776353 0 -0.630298
vn 0.707107 0 -0.707107
vn 0.630298 0 -0.776353
vn 0.54721 0 -0.836996
vn 0.459295 0 -0.888284
vn 0.368095 0 -0.929788
vn 0.275158 0 -0.961399
vn 0.181963 0 -0.983305
vn 0.0898544 0 -0.995955
vn 1.54198e-16 0 -1
vn -0.0898544 0 -0.995955
vn -0.181963 0 -0.983305
vn -0.275158 0 -0.961399
vn -0.368095 0 -0.929788
vn -0.459295 0 -0.888284
vn -0.54721 0 -0.836996
vn -0.630298 0 -0.776353
vn -0.707107 0 -0.707107
vn -0.776353 0 -0.630298
vn -0.836996 0 -0.54721
vn -0.888284 0 -0.459295
vn -0.929788 0 -0.368095
vn -0.961399 0 -0.275158
vn -0.983305 0 -0.181963
vn -0.995955 0 -0.0898544
vn -1 0 -8.72274e-16
vn -1 0 8.72274e-16
vn -0.995955 0 0.0898544
vn -0.983305 0 0.181963
vn -0.961399 0 0.275158
vn -0.929788 0 0.368095
vn -0.888284 0 0.459295
vn -0.836996 0 0.54721
vn -0.776353 0 0.630298
vn -0.707107 0 0.707107
vn -0.630298 0 0.776353
vn -0.54721 0 0.836996
vn -0.459295 0 0.888284
vn -0.368095 0 0.929788
vn -0.275158 0 0.961399
vn -0.181963 0 0.983305
vn -0.0898544 0 0.995955
vn -1.09034e-16 0 1
vn 0.0898544 -0 0.995955
vn 0.181963 -0 0.983305
vn 0.275158 -0 0.961399
vn 0.368095 -0 0.929788
vn 0.459295 -0 0.888284
vn 0.54721 -0 0.836996
vn 0.630298 -0 0.776353
vn 0.707107 -0 0.707107
vn 0.776353 -0 0.630298
vn 0.836996 -0 0.54721
vn 0.888284 -0 0.459295
vn 0.929788 -0 0.368095
vn 0.961399 -0 0.275158
vn 0.983305 -0 0.181963
vn 0.995955 -0 0.0898544
vn 1 0 -8.72274e-16
vn 0.995955 0 -0.0898544
vn 0.983305 0 -0.181963
vn 0.961399 0 -0.275158
vn 0.929788 0 -0.368095
vn 0.888284 0 -0.459295
vn 0.836996 0 -0.54721
vn 0.776353 0 -0.630298
vn 0.707107 0 -0.707107
vn 0.630298 0 -0.776353
vn 0.54721 0 -0.836996
vn 0.459295 0 -0.888284
vn 0.368095 0 -0.929788
vn 0.275158 0 -0.961399
vn 0.181963 0 -0.983305
vn 0.0898544 0 -0.995955
vn 1.54198e-16 0 -1
vn -0.0898544 0 -0.995955
vn -0.181963 0 -0.983305
vn -0.275158 0 -0.961399
vn -0.368095 0 -0.929788
vn -0.459295 0 -0.888284
vn -0.54721 0 -0.836996
vn -0.630298 0 -0.776353
vn -0.707107 0 -0.707107
vn -0.776353 0 -0.630298
vn -0.836996 0 -0.54721
vn -0.888284 0 -0.459295
vn -0.929788 0 -0.368095
vn -0.961399 0 -0.275158
vn -0.983305 0 -0.181963
vn -0.995955 0 -0.0898544
vn -1 0 -8.72274e-16
vn -1.72085e-16 -1 0
vn 0 -1 0
vn -6.10623e-17 -1 0
vn -1.11022e-16 -1 0
vn 8.60423e-17 -1 0
vn -8.60423e-17 -1 0
vn 8.60423e-17 -1 0
vn -8.60423e-17 -1 0
vn -1.97065e-16 -1 0
vn 1.97065e-16 -1 0
vn -2.27596e-16 -1 0
vn 3.05311e-17 -1 0
vn -1.97065e-16 -1 0
vn 4.30211e-17 -1 0
vn -1.84575e-16 -1 0
vn 1.72085e-16 -1 0
vn 7.35523e-17 -1 0
vn -6.10623e-17 -1 0
vn -2.77556e-17 -1 0
vn -4.30211e-17 -1 0
vn 7.35523e-17 -1 0
vn -3.05311e-17 -1 0
vn -9.50628e-17 -1 0
vn -1.84575e-16 -1 0
vn 1.249e-17 -1 0
vn 9.99201e-17 -1 0
vn -6.45317e-17 -1 0
vn -1.09288e-16 -1 0
vn 1.49186e-16 -1 0
vn -1.10675e-16 -1 0
vn -7.35523e-17 -1 0
vn 9.71445e-17 -1 0
vn -2.06085e-16 -1 0
vn 1.69309e-16 -1 0
vn 4.30211e-17 -1 0
vn 9.22873e-17 -1 0
vn -1.47798e-16 -1 0
vn 5.82867e-17 -1 0
vn -2.55351e-16 -1 0
vn 1.72085e-16 -1 0
vn -1.54043e-16 -1 0
vn -3.05311e-17 -1 0
vn -8.60423e-17 -1 0
vn 1.29063e-16 -1 0
vn -1.72085e-16 -1 0
vn -1.72085e-16 -1 0
vn -1.16573e-16 -1 0
vn 8.60423e-17 -1 0
vn -8.60423e-17 -1 0
vn -1.72085e-16 -1 0
vn 1.97065e-16 -1 0
vn -8.60423e-17 -1 0
vn 0 -1 0
vn 0 -1 0
vn -1.72085e-16 -1 0
vn -6.10623e-17 -1 0
vn -1.72085e-16 -1 0
vn 0 -1 0
vn -1.72085e-16 -1 0
vn -1.72085e-16 -1 0
vn 0 -1 0
vn 1.72085e-16 -1 0
vn 1.72085e-16 -1 0
vn -1.72085e-16 -1 0
vn 1.72085e-16 -1 0
vn 1.72085e-16 -1 0
vn 1.72085e-16 -1 0
vn -1.72085e-16 -1 0
vn 2.22045e-16 -1 0
vn 0 -1 0
vn -3.44169e-16 -1 0
vn 0 -1 0
vn 0 -1 0
vn 0 -1 0
vn 0 -1 0
vn 0 -1 0
vn 0 -1 0
vn 0 -1 0
vn -3.44169e-16 -1 0
vn 0 -1 0
vn -2.22045e-16 -1 0
vn 0 -1 0
vn -2.22045e-16 -1 0
vn 0 -1 0
vn 0 -1 0
vn 0 -1 0
vn 0 -1 0
vn 0 -1 0
vn -2.22045e-16 -1 0
vn 0 -1 0
vn -3.44169e-16 -1 0
vn 0 -1 0
vn 0 -1 0
vn 0 -1 0
vn 0 -1 0
vn 0 -1 0
vn -2.22045e-16 -1 0
vn 0 -1 0
vn 0 -1 0
vn 0 -1 0
vn 1.72085e-16 -1 0
vn -1.72085e-16 -1 0
vn 1.72085e-16 -1 0
vn -2.22045e-16 -1 0
vn 4.996e-17 -1 0
vn 1.72085e-16 -1 0
vn 2.22045e-16 -1 0
vn 1.72085e-16 -1 0
vn 0 -1 0
vn 0 -1 0
vn -1.72085e-16 -1 0
vn 0 -1 0
vn 0 1 -0
vn -2.05391e-16 1 0
vn -2.05391e-16 1 0
vn 2.22045e-16 1 4.44089e-16
vn -2.22045e-16 1 0
vn 2.05391e-16 1 4.44089e-16
vn 0 1 -0
vn 2.05391e-16 1 4.44089e-16
vn -4.27436e-16 1 0
vn 0 1 4.44089e-16
vn -1.66533e-17 1 4.44089e-16
vn -2.22045e-16 1 4.44089e-16
vn -2.22045e-16 1 2.22045e-16
vn -2.22045e-16 1 2.22045e-16
vn 0 1 2.22045e-16
vn 0 1 2.22045e-16
vn -2.22045e-16 1 2.22045e-16
vn 0 1 4.44089e-16
vn 0 1 2.22045e-16
vn 0 1 2.22045e-16
vn 0 1 2.22045e-16
vn 0 1 2.22045e-16
vn 0 1 4.44089e-16
vn 0 1 4.44089e-16
vn 0 1 4.44089e-16
vn -4.44089e-16 1 2.22045e-16
vn 0 1 2.22045e-16
vn 0 1 2.22045e-16
vn 0 1 2.22045e-16
vn 0 1 2.22045e-16
vn 0 1 3.33067e-16
vn -4.44089e-16 1 3.33067e-16
vn 0 1 3.33067e-16
vn 0 1 3.33067e-16
vn 0 1 3.33067e-16
vn 0 1 3.33067e-16
vn 0 1 2.22045e-16
vn 0 1 3.33067e-16
vn 0 1 3.33067e-16
vn 0 1 3.33067e-16
vn 0 1 2.77556e-16
vn 2.22045e-16 1 2.77556e-16
vn 6.32827e-16 1 2.77556e-16
vn 2.22045e-16 1 2.22045e-16
vn -1.66533e-17 1 2.77556e-16
vn 2.05391e-16 1 5.55112e-17
vn -1.66533e-17 1 0
vn -1.66533e-17 1 0
vn -1.66533e-17 1 4.71845e-16
vn 2.05391e-16 1 4.71845e-16
vn 2.05391e-16 1 4.71845e-16
vn 2.05391e-16 1 4.71845e-16
vn 2.05391e-16 1 2.77556e-17
vn 0 1 4.71845e-16
vn -4.27436e-16 1 4.57967e-16
vn 0 1 1.38778e-17
vn 0 1 1.38778e-17
vn -4.27436e-16 1 1.38778e-17
vn -4.27436e-16 1 4.57967e-16
vn 2.22045e-16 1 4.71845e-16
vn 1.11022e-16 1 2.77556e-17
vn -2.13718e-16 1 4.71845e-16
vn 1.02696e-16 1 4.71845e-16
vn -2.05391e-16 1 2.77556e-17
vn -3.16414e-16 1 2.77556e-17
vn -2.13718e-16 1 5.55112e-17
vn 1.02696e-16 1 4.44089e-16
vn 1.02696e-16 1 5.55112e-17
vn 5.55112e-17 1 2.77556e-16
vn 1.58207e-16 1 2.77556e-16
vn 9.4369e-17 1 2.77556e-16
vn 4.71845e-17 1 4.996e-16
vn -2.69229e-16 1 2.77556e-16
vn 1.02696e-16 1 3.33067e-16
vn 4.71845e-17 1 3.33067e-16
vn 2.13718e-16 1 3.33067e-16
vn -3.76088e-16 1 2.22045e-16
vn -5.96745e-17 1 3.33067e-16
vn -1.68615e-16 1 3.33067e-16
vn 2.45637e-16 1 3.33067e-16
vn -3.18495e-16 1 3.33067e-16
vn -1.36696e-16 1 3.33067e-16
vn 4.02456e-17 1 3.33067e-16
vn 2.42861e-17 1 2.22045e-16
vn 3.1225e-17 1 2.22045e-16
vn 1.9082e-17 1 2.22045e-16
vn 3.60822e-17 1 2.22045e-16
vn 3.2474e-16 1 2.22045e-16
vn 1.42941e-16 1 2.22045e-16
vn -1.54043e-16 1 4.44089e-16
vn -1.26288e-16 1 4.44089e-16
vn -4.71845e-17 1 0
vn 6.8695e-17 1 4.44089e-16
vn -2.17881e-16 1 2.22045e-16
vn 1.11022e-16 1 2.22045e-16
vn 1.06859e-16 1 4.44089e-16
vn 2.05391e-16 1 2.22045e-16
vn 9.4369e-17 1 2.22045e-16
vn -2.65066e-16 1 2.22045e-16
vn 1.6237e-16 1 2.22045e-16
vn -3.2474e-16 1 2.22045e-16
vn -2.13718e-16 1 4.44089e-16
vn -3.16414e-16 1 4.44089e-16
vn -2.13718e-16 1 4.44089e-16
vn 1.02696e-16 1 -0
vn -8.32667e-18 1 4.44089e-16
vn 1.02696e-16 1 -0
vn 8.32667e-18 1 -0
vn 2.13718e-16 1 -0
vn 0 1 4.44089e-16
vn 0 1 -0
vn 0 1 -0
g WRR_rubber
usemtl rubber
f 1312//1312 1313//1313 1378//1378
f 1312//1312 1378//1378 1377//1377
f 1313//1313 1314//1314 1379//1379
f 1313//1313 1379//1379 1378//1378
f 1314//1314 1315//1315 1380//1380
f 1314//1314 1380//1380 1379//1379
f 1315//1315 1316//1316 1381//1381
f 1315//1315 1381//1381 1380//1380
f 1316//1316 1317//1317 1382//1382
f 1316//1316 1382//1382 1381//1381
f 1317//1317 1318//1318 1383//1383
f 1317//1317 1383//1383 1382//1382
f 1318//1318 1319//1319 1384//1384
f 1318//1318 1384//1384 1383//1383
f 1319//1319 1320//1320 1385//1385
f 1319//1319 1385//1385 1384//1384
f 1320//1320 1321//1321 1386//1386
f 1320//1320 1386//1386 1385//1385
f 1321//1321 1322//1322 1387//1387
f 1321//1321 1387//1387 1386//1386
f 1322//1322 1323//1323 1388//1388
f 1322//1322 1388//1388 1387//1387
f 1323//1323 1324//1324 1389//1389
f 1323//1323 1389//1389 1388//1388
f 1324//1324 1325//1325 1390//1390
f 1324//1324 1390//1390 1389//1389
f 1325//1325 1326//1326 1391//1391
f 1325//1325 1391//1391 1390//1390
f 1326//1326 1327//1327 1392//1392
f 1326//1326 1392//1392 1391//1391
f 1327//1327 1328//1328 1393//1393
f 1327//1327 1393//1393 1392//1392
f 1328//1328 1329//1329 1394//1394
f 1328//1328 1394//1394 1393//1393
f 1329//1329 1330//1330 1395//1395
f 1329//1329 1395//1395 1394//1394
f 1330//1330 1331//1331 1396//1396
f 1330//1330 1396//1396 1395//1395
f 1331//1331 1332//1332 1397//1397
f 1331//1331 1397//1397 1396//1396
f 1332//1332 1333//1333 1398//1398
f 1332//1332 1398//1398 1397//1397
f 1333//1333 1334//1334 1399//1399
f 1333//1333 1399//1399 1398//1398
f 1334//1334 1335//1335 1400//1400
f 1334//1334 1400//1400 1399//1399
f 1335//1335 1336//1336 1401//1401
f 1335//1335 1401//1401 1400//1400
f 1336//1336 1337//1337 1402//1402
f 1336//1336 1402//1402 1401//1401
f 1337//1337 1338//1338 1403//1403
f 1337//1337 1403//1403 1402//1402
f 1338//1338 1339//1339 1404//1404
f 1338//1338 1404//1404 1403//1403
f 1339//1339 1340//1340 1405//1405
f 1339//1339 1405//1405 1404//1404
f 1340//1340 1341//1341 1406//1406
f 1340//1340 1406//1406 1405//1405
f 1341//1341 1342//1342 1407//1407
f 1341//1341 1407//1407 1406//1406
f 1342//1342 1343//1343 1408//1408
f 1342//1342 1408//1408 1407//1407
f 1343//1343 1344//1344 1409//1409
f 1343//1343 1409//1409 1408//1408
f 1344//1344 1345//1345 1410//1410
f 1344//1344 1410//1410 1409//1409
f 1345//1345 1346//1346 1411//1411
f 1345//1345 1411//1411 1410//1410
f 1346//1346 1347//1347 1412//1412
f 1346//1346 1412//1412 1411//1411
f 1347//1347 1348//1348 1413//1413
f 1347//1347 1413//1413 1412//1412
f 1348//1348 1349//1349 1414//1414
f 1348//1348 1414//1414 1413//1413
f 1349//1349 1350//1350 1415//1415
f 1349//1349 1415//1415 1414//1414
f 1350//1350 1351//1351 1416//1416
f 1350//1350 1416//1416 1415//1415
f 1351//1351 1352//1352 1417//1417
f 1351//1351 1417//1417 1416//1416
f 1352//1352 1353//1353 1418//1418
f 1352//1352 1418//1418 1417//1417
f 1353//1353 1354//1354 1419//1419
f 1353//1353 1419//1419 1418//1418
f 1354//1354 1355//1355 1420//1420
f 1354//1354 1420//1420 1419//1419
f 1355//1355 1356//1356 1421//1421
f 1355//1355 1421//1421 1420//1420
f 1356//1356 1357//1357 1422//1422
f 1356//1356 1422//1422 1421//1421
f 1357//1357 1358//1358 1423//1423
f 1357//1357 1423//1423 1422//1422
f 1358//1358 1359//1359 1424//1424
f 1358//1358 1424//1424 1423//1423
f 1359//1359 1360//1360 1425//1425
f 1359//1359 1425//1425 1424//1424
f 1360//1360 1361//1361 1426//1426
f 1360//1360 1426//1426 1425//1425
f 1361//1361 1362//1362 1427//1427
f 1361//1361 1427//1427 1426//1426
f 1362//1362 1363//1363 1428//1428
f 1362//1362 1428//1428 1427//1427
f 1363//1363 1364//1364 1429//1429
f 1363//1363 1429//1429 1428//1428
f 1364//1364 1365//1365 1430//1430
f 1364//1364 1430//1430 1429//1429
f 1365//1365 1366//1366 1431//1431
f 1365//1365 1431//1431 1430//1430
f 1366//1366 1367//1367 1432//1432
f 1366//1366 1432//1432 1431//1431
f 1367//1367 1368//1368 1433//1433
f 1367//1367 1433//1433 1432//1432
f 1368//1368 1369//1369 1434//1434
f 1368//1368 1434//1434 1433//1433
f 1369//1369 1370//1370 1435//1435
f 1369//1369 1435//1435 1434//1434
f 1370//1370 1371//1371 1436//1436
f 1370//1370 1436//1436 1435//1435
f 1371//1371 1372//1372 1437//1437
f 1371//1371 1437//1437 1436//1436
f 1372//1372 1373//1373 1438//1438
f 1372//1372 1438//1438 1437//1437
f 1373//1373 1374//1374 1439//1439
f 1373//1373 1439//1439 1438//1438
f 1374//1374 1375//1375 1440//1440
f 1374//1374 1440//1440 1439//1439
f 1375//1375 1376//1376 1441//1441
f 1375//1375 1441//1441 1440//1440
f 1377//1377 1378//1378 1443//1443
f 1377//1377 1443//1443 1442//1442
f 1378//1378 1379//1379 1444//1444
f 1378//1378 1444//1444 1443//1443
f 1379//1379 1380//1380 1445//1445
f 1379//1379 1445//1445 1444//1444
f 1380//1380 1381//1381 1446//1446
f 1380//1380 1446//1446 1445//1445
f 1381//1381 1382//1382 1447//1447
f 1381//1381 1447//1447 1446//1446
f 1382//1382 1383//1383 1448//1448
f 1382//1382 1448//1448 1447//1447
f 1383//1383 1384//1384 1449//1449
f 1383//1383 1449//1449 1448//1448
f 1384//1384 1385//1385 1450//1450
f 1384//1384 1450//1450 1449//1449
f 1385//1385 1386//1386 1451//1451
f 1385//1385 1451//1451 1450//1450
f 1386//1386 1387//1387 1452//1452
f 1386//1386 1452//1452 1451//1451
f 1387//1387 1388//1388 1453//1453
f 1387//1387 1453//1453 1452//1452
f 1388//1388 1389//1389 1454//1454
f 1388//1388 1454//1454 1453//1453
f 1389//1389 1390//1390 1455//1455
f 1389//1389 1455//1455 1454//1454
f 1390//1390 1391//1391 1456//1456
f 1390//1390 1456//1456 1455//1455
f 1391//1391 1392//1392 1457//1457
f 1391//1391 1457//1457 1456//1456
f 1392//1392 1393//1393 1458//1458
f 1392//1392 1458//1458 1457//1457
f 1393//1393 1394//1394 1459//1459
f 1393//1393 1459//1459 1458//1458
f 1394//1394 1395//1395 1460//1460
f 1394//1394 1460//1460 1459//1459
f 1395//1395 1396//1396 1461//1461
f 1395//1395 1461//1461 1460//1460
f 1396//1396 1397//1397 1462//1462
f 1396//1396 1462//1462 1461//1461
f 1397//1397 1398//1398 1463//1463
f 1397//1397 1463//1463 1462//1462
f 1398//1398 1399//1399 1464//1464
f 1398//1398 1464//1464 1463//1463
f 1399//1399 1400//1400 1465//1465
f 1399//1399 1465//1465 1464//1464
f 1400//1400 1401//1401 1466//1466
f 1400//1400 1466//1466 1465//1465
f 1401//1401 1402//1402 1467//1467
f 1401//1401 1467//1467 1466//1466
f 1402//1402 1403//1403 1468//1468
f 1402//1402 1468//1468 1467//1467
f 1403//1403 1404//1404 1469//1469
f 1403//1403 1469//1469 1468//1468
f 1404//1404 1405//1405 1470//1470
f 1404//1404 1470//1470 1469//1469
f 1405//1405 1406//1406 1471//1471
f 1405//1405 1471//1471 1470//1470
f 1406//1406 1407//1407 1472//1472
f 1406//1406 1472//1472 1471//1471
f 1407//1407 1408//1408 1473//1473
f 1407//1407 1473//1473 1472//1472
f 1408//1408 1409//1409 1474//1474
f 1408//1408 1474//1474 1473//1473
f 1409//1409 1410//1410 1475//1475
f 1409//1409 1475//1475 1474//1474
f 1410//1410 1411//1411 1476//1476
f 1410//1410 1476//1476 1475//1475
f 1411//1411 1412//1412 1477//1477
f 1411//1411 1477//1477 1476//1476
f 1412//1412 1413//1413 1478//1478
f 1412//1412 1478//1478 1477//1477
f 1413//1413 1414//1414 1479//1479
f 1413//1413 1479//1479 1478//1478
f 1414//1414 1415//1415 1480//1480
f 1414//1414 1480//1480 1479//1479
f 1415//1415 1416//1416 1481//1481
f 1415//1415 1481//1481 1480//1480
f 1416//1416 1417//1417 1482//1482
f 1416//1416 1482//1482 1481//1481
f 1417//1417 1418//1418 1483//1483
f 1417//1417 1483//1483 1482//1482
f 1418//1418 1419//1419 1484//1484
f 1418//1418 1484//1484 1483//1483
f 1419//1419 1420//1420 1485//1485
f 1419//1419 1485//1485 1484//1484
f 1420//1420 1421//1421 1486//1486
f 1420//1420 1486//1486 1485//1485
f 1421//1421 1422//1422 1487//1487
f 1421//1421 1487//1487 1486//1486
f 1422//1422 1423//1423 1488//1488
f 1422//1422 1488//1488 1487//1487
f 1423//1423 1424//1424 1489//1489
f 1423//1423 1489//1489 1488//1488
f 1424//1424 1425//1425 1490//1490
f 1424//1424 1490//1490 1489//1489
f 1425//1425 1426//1426 1491//1491
f 1425//1425 1491//1491 1490//1490
f 1426//1426 1427//1427 1492//1492
f 1426//1426 1492//1492 1491//1491
f 1427//1427 1428//1428 1493//1493
f 1427//1427 1493//1493 1492//1492
f 1428//1428 1429//1429 1494//1494
f 1428//1428 1494//1494 1493//1493
f 1429//1429 1430//1430 1495//1495
f 1429//1429 1495//1495 1494//1494
f 1430//1430 1431//1431 1496//1496
f 1430//1430 1496//1496 1495//1495
f 1431//1431 1432//1432 1497//1497
f 1431//1431 1497//1497 1496//1496
f 1432//1432 1433//1433 1498//1498
f 1432//1432 1498//1498 1497//1497
f 1433//1433 1434//1434 1499//1499
f 1433//1433 1499//1499 1498//1498
f 1434//1434 1435//1435 1500//1500
f 1434//1434 1500//1500 1499//1499
f 1435//1435 1436//1436 1501//1501
f 1435//1435 1501//1501 1500//1500
f 1436//1436 1437//1437 1502//1502
f 1436//1436 1502//1502 1501//1501
f 1437//1437 1438//1438 1503//1503
f 1437//1437 1503//1503 1502//1502
f 1438//1438 1439//1439 1504//1504
f 1438//1438 1504//1504 1503//1503
f 1439//1439 1440//1440 1505//1505
f 1439//1439 1505//1505 1504//1504
f 1440//1440 1441//1441 1506//1506
f 1440//1440 1506//1506 1505//1505
f 1618//1618 1507//1507 1508//1508
f 1618//1618 1508//1508 1509//1509
f 1618//1618 1509//1509 1510//1510
f 1618//1618 1510//1510 1511//1511
f 1618//1618 1511//1511 1512//1512
f 1618//1618 1512//1512 1513//1513
f 1618//1618 1513//1513 1514//1514
f 1618//1618 1514//1514 1515//1515
f 1618//1618 1515//1515 1516//1516
f 1618//1618 1516//1516 1517//1517
f 1618//1618 1517//1517 1518//1518
f 1618//1618 1518//1518 1519//1519
f 1618//1618 1519//1519 1520//1520
f 1618//1618 1520//1520 1521//1521
f 1618//1618 1521//1521 1522//1522
f 1618//1618 1522//1522 1523//1523
f 1618//1618 1523//1523 1524//1524
f 1618//1618 1524//1524 1525//1525
f 1618//1618 1525//1525 1526//1526
f 1618//1618 1526//1526 1527//1527
f 1618//1618 1527//1527 1528//1528
f 1618//1618 1528//1528 1529//1529
f 1618//1618 1529//1529 1530//1530
f 1618//1618 1530//1530 1531//1531
f 1618//1618 1531//1531 1532//1532
f 1618//1618 1532//1532 1533//1533
f 1618//1618 1533//1533 1534//1534
f 1618//1618 1534//1534 1535//1535
f 1618//1618 1535//1535 1536//1536
f 1618//1618 1536//1536 1537//1537
f 1618//1618 1537//1537 1538//1538
f 1618//1618 1538//1538 1539//1539
f 1618//1618 1539//1539 1540//1540
f 1618//1618 1540//1540 1541//1541
f 1618//1618 1541//1541 1542//1542
f 1618//1618 1542//1542 1543//1543
f 1618//1618 1543//1543 1544//1544
f 1618//1618 1544//1544 1545//1545
f 1618//1618 1545//1545 1546//1546
f 1618//1618 1546//1546 1547//1547
f 1618//1618 1547//1547 1548//1548
f 1618//1618 1548//1548 1549//1549
f 1618//1618 1549//1549 1550//1550
f 1618//1618 1550//1550 1551//1551
f 1618//1618 1551//1551 1552//1552
f 1618//1618 1552//1552 1553//1553
f 1618//1618 1553//1553 1554//1554
f 1618//1618 1554//1554 1555//1555
f 1618//1618 1555//1555 1556//1556
f 1618//1618 1556//1556 1557//1557
f 1618//1618 1557//1557 1558//1558
f 1618//1618 1558//1558 1559//1559
f 1618//1618 1559//1559 1560//1560
f 1618//1618 1560//1560 1561//1561
f 1618//1618 1561//1561 1562//1562
f 1618//1618 1562//1562 1563//1563
f 1618//1618 1563//1563 1564//1564
f 1618//1618 1564//1564 1565//1565
f 1618//1618 1565//1565 1566//1566
f 1618//1618 1566//1566 1567//1567
f 1618//1618 1567//1567 1568//1568
f 1618//1618 1568//1568 1569//1569
f 1618//1618 1569//1569 1570//1570
f 1618//1618 1570//1570 1571//1571
f 1618//1618 1571//1571 1572//1572
f 1618//1618 1572//1572 1573//1573
f 1618//1618 1573//1573 1574//1574
f 1618//1618 1574//1574 1575//1575
f 1618//1618 1575//1575 1576//1576
f 1618//1618 1576//1576 1577//1577
f 1618//1618 1577//1577 1578//1578
f 1618//1618 1578//1578 1579//1579
f 1618//1618 1579//1579 1580//1580
f 1618//1618 1580//1580 1581//1581
f 1618//1618 1581//1581 1582//1582
f 1618//1618 1582//1582 1583//1583
f 1618//1618 1583//1583 1584//1584
f 1618//1618 1584//1584 1585//1585
f 1618//1618 1585//1585 1586//1586
f 1618//1618 1586//1586 1587//1587
f 1618//1618 1587//1587 1588//1588
f 1618//1618 1588//1588 1589//1589
f 1618//1618 1589//1589 1590//1590
f 1618//1618 1590//1590 1591//1591
f 1618//1618 1591//1591 1592//1592
f 1618//1618 1592//1592 1593//1593
f 1618//1618 1593//1593 1594//1594
f 1618//1618 1594//1594 1595//1595
f 1618//1618 1595//1595 1596//1596
f 1618//1618 1596//1596 1597//1597
f 1618//1618 1597//1597 1598//1598
f 1618//1618 1598//1598 1599//1599
f 1618//1618 1599//1599 1600//1600
f 1618//1618 1600//1600 1601//1601
f 1618//1618 1601//1601 1602//1602
f 1618//1618 1602//1602 1603//1603
f 1618//1618 1603//1603 1604//1604
f 1618//1618 1604//1604 1605//1605
f 1618//1618 1605//1605 1606//1606
f 1618//1618 1606//1606 1607//1607
f 1618//1618 1607//1607 1608//1608
f 1618//1618 1608//1608 1609//1609
f 1618//1618 1609//1609 1610//1610
f 1618//1618 1610//1610 1611//1611
f 1618//1618 1611//1611 1612//1612
f 1618//1618 1612//1612 1613//1613
f 1618//1618 1613//1613 1614//1614
f 1618//1618 1614//1614 1615//1615
f 1618//1618 1615//1615 1616//1616
f 1616//1616 1617//1617 1618//1618
f 1730//1730 1619//1619 1620//1620
f 1730//1730 1620//1620 1621//1621
f 1730//1730 1621//1621 1622//1622
f 1730//1730 1622//1622 1623//1623
f 1730//1730 1623//1623 1624//1624
f 1730//1730 1624//1624 1625//1625
f 1730//1730 1625//1625 1626//1626
f 1730//1730 1626//1626 1627//1627
f 1730//1730 1627//1627 1628//1628
f 1730//1730 1628//1628 1629//1629
f 1730//1730 1629//1629 1630//1630
f 1730//1730 1630//1630 1631//1631
f 1730//1730 1631//1631 1632//1632
f 1730//1730 1632//1632 1633//1633
f 1730//1730 1633//1633 1634//1634
f 1730//1730 1634//1634 1635//1635
f 1730//1730 1635//1635 1636//1636
f 1730//1730 1636//1636 1637//1637
f 1730//1730 1637//1637 1638//1638
f 1730//1730 1638//1638 1639//1639
f 1730//1730 1639//1639 1640//1640
f 1730//1730 1640//1640 1641//1641
f 1730//1730 1641//1641 1642//1642
f 1730//1730 1642//1642 1643//1643
f 1730//1730 1643//1643 1644//1644
f 1730//1730 1644//1644 1645//1645
f 1730//1730 1645//1645 1646//1646
f 1730//1730 1646//1646 1647//1647
f 1730//1730 1647//1647 1648//1648
f 1730//1730 1648//1648 1649//1649
f 1730//1730 1649//1649 1650//1650
f 1730//1730 1650//1650 1651//1651
f 1730//1730 1651//1651 1652//1652
f 1730//1730 1652//1652 1653//1653
f 1730//1730 1653//1653 1654//1654
f 1730//1730 1654//1654 1655//1655
f 1730//1730 1655//1655 1656//1656
f 1730//1730 1656//1656 1657//1657
f 1730//1730 1657//1657 1658//1658
f 1730//1730 1658//1658 1659//1659
f 1730//1730 1659//1659 1660//1660
f 1730//1730 1660//1660 1661//1661
f 1730//1730 1661//1661 1662//1662
f 1730//1730 1662//1662 1663//1663
f 1730//1730 1663//1663 1664//1664
f 1730//1730 1664//1664 1665//1665
f 1730//1730 1665//1665 1666//1666
f 1730//1730 1666//1666 1667//1667
f 1730//1730 1667//1667 1668//1668
f 1730//1730 1668//1668 1669//1669
f 1730//1730 1669//1669 1670//1670
f 1730//1730 1670//1670 1671//1671
f 1730//1730 1671//1671 1672//1672
f 1730//1730 1672//1672 1673//1673
f 1730//1730 1673//1673 1674//1674
f 1730//1730 1674//1674 1675//1675
f 1730//1730 1675//1675 1676//1676
f 1730//1730 1676//1676 1677//1677
f 1730//1730 1677//1677 1678//1678
f 1730//1730 1678//1678 1679//1679
f 1730//1730 1679//1679 1680//1680
f 1730//1730 1680//1680 1681//1681
f 1730//1730 1681//1681 1682//1682
f 1730//1730 1682//1682 1683//1683
f 1730//1730 1683//1683 1684//1684
f 1730//1730 1684//1684 1685//1685
f 1730//1730 1685//1685 1686//1686
f 1730//1730 1686//1686 1687//1687
f 1730//1730 1687//1687 1688//1688
f 1730//1730 1688//1688 1689//1689
f 1730//1730 1689//1689 1690//1690
f 1730//1730 1690//1690 1691//1691
f 1730//1730 1691//1691 1692//1692
f 1730//1730 1692//1692 1693//1693
f 1730//1730 1693//1693 1694//1694
f 1730//1730 1694//1694 1695//1695
f 1730//1730 1695//1695 1696//1696
f 1730//1730 1696//1696 1697//1697
f 1730//1730 1697//1697 1698//1698
f 1730//1730 1698//1698 1699//1699
f 1730//1730 1699//1699 1700//1700
f 1730//1730 1700//1700 1701//1701
f 1730//1730 1701//1701 1702//1702
f 1730//1730 1702//1702 1703//1703
f 1730//1730 1703//1703 1704//1704
f 1730//1730 1704//1704 1705//1705
f 1730//1730 1705//1705 1706//1706
f 1730//1730 1706//1706 1707//1707
f 1730//1730 1707//1707 1708//1708
f 1730//1730 1708//1708 1709//1709
f 1730//1730 1709//1709 1710//1710
f 1730//1730 1710//1710 1711//1711
f 1730//1730 1711//1711 1712//1712
f 1730//1730 1712//1712 1713//1713
f 1730//1730 1713//1713 1714//1714
f 1730//1730 1714//1714 1715//1715
f 1730//1730 1715//1715 1716//1716
f 1730//1730 1716//1716 1717//1717
f 1730//1730 1717//1717 1718//1718
f 1730//1730 1718//1718 1719//1719
f 1730//1730 1719//1719 1720//1720
f 1730//1730 1720//1720 1721//1721
f 1730//1730 1721//1721 1722//1722
f 1730//1730 1722//1722 1723//1723
f 1730//1730 1723//1723 1724//1724
f 1730//1730 1724//1724 1725//1725
f 1730//1730 1725//1725 1726//1726
f 1730//1730 1726//1726 1727//1727
f 1730//1730 1727//1727 1728//1728
f 1728//1728 1729//1729 1730//1730
