Frame,WallSeconds,DeltaMs,CpuInputAndUiMs,CpuCelestialTickMs,CpuEditorAndPanelsMs,CpuSimulationAndInterfaceMs,CpuScenePushMs,CpuRecordAndPresentMs,CpuFrameCapWaitMs,GpuValid,GpuCullMs,GpuRasterMs,GpuHiZMs,GpuResolveMs,GpuKernelMs,GpuShadowMs,GpuRestirMs,GpuPostMs,GpuSkyMs,GpuVolumeMs,ClusterTotal,ClustersVisible,TrianglesDrawn,Fps,ResidentMiB
0,189.5112,0.1036,66.3707,0.0329,167.3822,0.1903,0.1123,235.7168,0.0008,0,0.0000,0.0000,0.0000,0.0000,0.0000,0.0000,0.0000,0.0000,0.0000,0.0000,0,0,0,9652.51,0.0
1,189.9811,100.0000,0.3541,0.0117,2.5659,0.0513,0.0085,314.7128,0.0022,0,0.0000,0.0000,0.0000,0.0000,0.0000,0.0000,0.0000,0.0000,0.0000,0.0000,0,0,0,19.98,767.0
2,190.2988,100.0000,0.0702,0.0193,3.1369,0.0845,0.0113,18.7646,0.0013,1,0.1392,18.4609,0.3994,2.1364,240.2542,0.0000,240.2542,1.0033,0.0000,0.0000,2046,1992,223832,14.99,767.0
3,190.3209,22.0949,0.0603,0.0130,3.2028,0.0606,0.0097,112.3458,0.0015,1,0.0909,8.9743,0.0497,0.9173,54.7614,0.0000,54.7614,0.9894,0.0000,0.0000,2046,1992,223832,18.00,767.0
4,190.4366,100.0000,0.1791,0.0164,3.7192,0.0627,0.0102,55.4102,0.0008,1,0.0875,9.5412,0.0504,1.0432,54.3331,0.0000,54.3331,0.7987,0.0000,0.0000,2046,1992,223832,15.52,767.0
5,190.4960,59.4080,0.0702,0.0164,3.4066,0.0864,0.0162,5.3484,0.0008,1,0.0884,9.4845,0.0418,0.9851,44.3920,0.0000,44.3920,0.8072,0.0000,0.0000,2046,1992,223832,15.72,767.0
6,190.5049,8.9501,0.0686,0.0129,3.2537,0.0604,0.0079,53.5485,0.0010,1,0.0958,9.1772,0.0426,1.3148,48.0492,0.0000,48.0492,0.9628,0.0000,0.0000,2046,1992,223832,17.92,767.0
7,190.5619,56.9603,0.0752,0.0176,4.3161,0.1013,0.0105,52.4150,0.0014,1,0.0840,8.8410,0.0410,1.0199,45.4430,0.0000,45.4430,0.8131,0.0000,0.0000,2046,1992,223832,17.88,767.0
8,190.6189,56.9452,0.0778,0.0204,4.0403,0.0943,0.0158,50.5486,0.0012,1,0.0864,8.9168,0.0410,1.1715,42.6968,0.0000,42.6968,0.8191,0.0000,0.0000,2046,1992,223832,17.84,767.0
9,190.6737,54.8064,0.0683,0.0240,3.7256,0.0825,0.0117,53.3985,0.0014,1,0.0842,9.4936,0.0410,1.0668,44.3489,0.0000,44.3489,0.8187,0.0000,0.0000,2046,1992,223832,17.88,767.0
10,190.7310,57.3200,0.0814,0.0184,3.2645,0.0784,0.0128,51.3778,0.0020,1,0.0888,9.1240,0.0424,1.0734,42.5716,0.0000,42.5716,0.8186,0.0000,0.0000,2046,1992,223832,17.84,752.6
11,190.7858,54.8441,0.1085,0.0206,3.6927,0.0714,0.0099,67.7875,0.0016,1,0.0908,9.4677,0.0430,1.1605,42.5764,0.0000,42.5764,0.8249,0.0000,0.0000,2046,1992,223832,17.87,752.6
12,190.8575,71.6995,0.0748,0.0176,4.1749,0.0850,0.0130,87.0651,0.0015,1,0.0865,9.0555,0.0418,1.2067,41.5015,0.0000,41.5015,0.8309,0.0000,0.0000,2046,1992,223832,17.49,752.6
13,190.9490,91.4409,0.0886,0.0218,4.3723,0.1440,0.0185,6.9623,0.0015,1,0.0835,9.2142,0.0420,1.0057,42.4310,0.0000,42.4310,0.8303,0.0000,0.0000,2046,1992,223832,16.78,752.6
14,190.9606,11.6171,0.0822,0.0193,4.4927,0.0973,0.0155,44.7999,0.0015,1,0.0846,8.7874,0.0419,1.0625,42.9746,0.0000,42.9746,0.8359,0.0000,0.0000,2046,1992,223832,17.73,752.6
15,191.0101,49.5172,0.1241,0.0216,4.5167,0.0858,0.0128,48.3200,0.0016,1,0.0811,9.4558,0.0411,0.9518,40.5595,0.0000,40.5595,0.8388,0.0000,0.0000,2046,1992,223832,17.86,752.6
16,191.0632,53.0910,0.0871,0.0197,2.8413,0.0679,0.0133,48.5728,0.0013,1,0.0871,8.8904,0.0431,0.9523,41.6100,0.0000,41.6100,0.8342,0.0000,0.0000,2046,1992,223832,17.92,752.6
17,191.1148,51.6113,0.0655,0.0174,3.4733,0.0846,0.0125,116.1540,0.0012,1,0.0852,8.8732,0.0430,1.2044,43.2156,0.0000,43.2156,0.8294,0.0000,0.0000,2046,1992,223832,17.99,752.6
18,191.2346,100.0000,0.3852,0.0169,3.4876,0.0948,0.0181,4.9359,0.0017,1,0.1042,15.0205,0.0430,1.8701,46.9715,0.0000,46.9715,0.8309,0.0000,0.0000,2046,1992,223832,17.27,752.6
19,191.2436,8.9856,0.0737,0.0186,3.4103,0.0888,0.0117,47.4103,0.0010,1,0.0911,9.7574,0.0420,1.1510,44.0717,0.0000,44.0717,0.8325,0.0000,0.0000,2046,1992,223832,18.03,752.6
20,191.2946,51.0223,0.0834,0.0182,3.1650,0.0841,0.0127,105.5202,0.0017,1,0.0835,8.9967,0.0410,1.0076,42.2940,0.0000,42.2940,0.8324,0.0000,0.0000,2046,1992,223832,18.10,766.6
21,191.4035,100.0000,0.0838,0.0206,4.3267,0.1070,0.0138,5.5533,0.0016,1,0.0910,9.4542,0.0423,1.2698,41.4163,0.0000,41.4163,0.8237,0.0000,0.0000,2046,1992,223832,17.45,766.6
22,191.4136,10.1163,0.0633,0.0188,3.0014,0.1144,0.0141,45.8923,0.0015,1,0.0919,10.2232,0.0412,1.2589,40.0457,0.0000,40.0457,0.8416,0.0000,0.0000,2046,1992,223832,18.10,766.6
23,191.4628,49.1149,0.0817,0.0170,3.4633,0.0863,0.0152,51.2158,0.0013,1,0.0870,9.0304,0.0430,1.0301,43.5299,0.0000,43.5299,0.8318,0.0000,0.0000,2046,1992,223832,18.19,766.6
24,191.5176,54.8884,0.0733,0.0164,2.4875,0.0774,0.0122,54.6910,0.0011,1,0.0834,8.9754,0.0412,0.9860,41.3632,0.0000,41.3632,0.8298,0.0000,0.0000,2046,1992,223832,18.19,766.6
25,191.5750,57.3662,0.0769,0.0171,3.7322,0.0842,0.0112,99.0722,0.0013,1,0.0866,10.2134,0.0431,1.4843,41.0651,0.0000,41.0651,0.8273,0.0000,0.0000,2046,1992,223832,18.16,766.6
26,191.6780,100.0000,0.0764,0.0192,2.8841,0.0913,0.0140,6.6731,0.0014,1,0.0902,9.3929,0.0421,1.1108,40.6500,0.0000,40.6500,0.8254,0.0000,0.0000,2046,1992,223832,17.63,766.6
27,191.6878,9.7670,0.0717,0.0178,3.8153,0.0790,0.0125,43.0087,0.0022,1,0.0920,9.0469,0.0483,1.2039,40.4262,0.0000,40.4262,0.8328,0.0000,0.0000,2046,1992,223832,18.16,766.6
28,191.7348,47.0146,0.0855,0.0186,2.8340,0.0665,0.0108,51.2503,0.0012,1,0.0885,9.3643,0.0410,1.1368,41.1992,0.0000,41.1992,0.8256,0.0000,0.0000,2046,1992,223832,18.25,766.6
29,191.7891,54.2742,0.0696,0.0152,4.1199,0.0816,0.0125,53.6215,0.0012,1,0.0862,9.2849,0.0410,1.1102,43.8714,0.0000,43.8714,0.8263,0.0000,0.0000,2046,1992,223832,18.26,766.6
30,191.8470,57.9295,0.0852,0.0187,4.0824,0.1139,0.0121,47.8529,0.0016,1,0.0857,9.2807,0.0427,1.0248,40.9184,0.0000,40.9184,0.8280,0.0000,0.0000,2046,1992,223832,18.23,784.6
31,191.8992,52.1765,0.0853,0.0210,3.8291,0.0957,0.0139,47.4040,0.0020,1,0.0840,8.6344,0.0416,0.9339,41.6621,0.0000,41.6621,0.8298,0.0000,0.0000,2046,1992,223832,18.25,784.6
32,191.9506,51.4594,0.0796,0.0205,4.4746,0.0818,0.0117,46.4545,0.0013,1,0.0831,8.9134,0.0420,1.0991,40.1666,0.0000,40.1666,0.8241,0.0000,0.0000,2046,1992,223832,18.29,784.6
33,192.0018,51.1313,0.0820,0.0219,4.3618,0.1072,0.0143,52.2309,0.0015,1,0.0868,9.1077,0.0420,1.2100,42.1787,0.0000,42.1787,0.8294,0.0000,0.0000,2046,1992,223832,18.32,784.6
34,192.0586,56.8289,0.0816,0.0203,4.7037,0.0967,0.0131,50.2221,0.0017,1,0.0856,9.3265,0.0422,1.0646,42.1646,0.0000,42.1646,0.8273,0.0000,0.0000,2046,1992,223832,18.30,784.6
35,192.1137,55.1473,0.0735,0.0186,3.3634,0.0611,0.0087,47.6435,0.0013,1,0.0866,9.9428,0.0428,1.1919,40.1941,0.0000,40.1941,0.8293,0.0000,0.0000,2046,1992,223832,18.30,784.6
36,192.1649,51.1791,0.0790,0.0187,3.1943,0.0772,0.0127,51.9697,0.0015,1,0.0900,9.5486,0.0430,1.0432,41.7773,0.0000,41.7773,0.8251,0.0000,0.0000,2046,1992,223832,18.33,784.6
37,192.2203,55.3604,0.0705,0.0181,3.8642,0.0771,0.0111,46.5877,0.0012,1,0.0896,8.8918,0.0416,1.0780,41.2632,0.0000,41.2632,0.8291,0.0000,0.0000,2046,1992,223832,18.32,784.6
38,192.2709,50.6382,0.1280,0.0183,4.5093,0.0819,0.0203,101.2053,0.0019,1,0.0891,9.1309,0.0410,1.2042,41.7003,0.0000,41.7003,0.8262,0.0000,0.0000,2046,1992,223832,18.35,784.6
39,192.3769,100.0000,0.0936,0.0198,4.3815,0.1351,0.0184,5.1505,0.0013,1,0.0816,8.5829,0.0410,1.0609,41.7793,0.0000,41.7793,0.8185,0.0000,0.0000,2046,1992,223832,17.98,795.9
40,192.3867,9.8087,0.0795,0.0194,4.7785,0.1218,0.0177,43.6455,0.0013,1,0.0851,9.6072,0.0414,1.2554,40.6440,0.0000,40.6440,0.8230,0.0000,0.0000,2046,1992,223832,18.35,795.9
41,192.4354,48.6763,0.1597,0.0199,4.4846,0.0847,0.0121,50.7804,0.0021,1,0.0801,8.9696,0.0410,1.0025,41.8195,0.0000,41.8195,0.8212,0.0000,0.0000,2046,1992,223832,18.39,795.9
42,192.4910,55.5522,0.0867,0.0210,4.2870,0.0827,0.0129,47.3340,0.0023,1,0.0897,9.0709,0.0444,1.1629,40.5804,0.0000,40.5804,0.8275,0.0000,0.0000,2046,1992,223832,18.39,795.9
43,192.5428,51.8360,0.1153,0.0200,4.0280,0.0846,0.0163,50.5200,0.0012,1,0.0936,9.3626,0.0430,1.3005,41.2917,0.0000,41.2917,0.8251,0.0000,0.0000,2046,1992,223832,18.40,795.9
44,192.5976,54.7934,0.0728,0.0181,4.8727,0.0724,0.0104,44.1795,0.0016,1,0.0904,8.8401,0.0430,1.3703,41.8823,0.0000,41.8823,0.8244,0.0000,0.0000,2046,1992,223832,18.40,795.9
45,192.6468,49.2360,0.0809,0.0187,2.9986,0.1046,0.0175,52.7409,0.0019,1,0.0914,9.1518,0.0410,1.2561,41.9247,0.0000,41.9247,0.8211,0.0000,0.0000,2046,1992,223832,18.44,795.9
46,192.7028,55.9706,0.1757,0.0189,3.0517,0.0659,0.0107,51.1249,0.0017,1,0.0876,8.6635,0.0433,0.9877,40.5906,0.0000,40.5906,0.8252,0.0000,0.0000,2046,1992,223832,18.43,795.9
47,192.7572,54.4591,0.0857,0.0209,4.8033,0.0822,0.0130,100.9666,0.0017,1,0.0851,9.7362,0.0428,0.9581,40.7486,0.0000,40.7486,0.8241,0.0000,0.0000,2046,1992,223832,18.43,795.9
48,192.8632,100.0000,0.8551,0.0227,4.5686,0.1268,0.0183,6.4392,0.0013,1,0.0841,8.8618,0.0410,1.0303,41.5311,0.0000,41.5311,0.8237,0.0000,0.0000,2046,1992,223832,18.11,795.9
49,192.8753,12.0394,1.0780,0.0175,4.0402,0.0784,0.0111,43.9401,0.0018,1,0.1049,10.4349,0.0419,1.2411,41.4344,0.0000,41.4344,0.8244,0.0000,0.0000,2046,1992,223832,18.40,795.9
50,192.9244,49.1757,0.8072,0.0223,4.4361,0.0853,0.0139,97.5341,0.0012,1,0.0861,9.5922,0.0430,1.1346,41.2193,0.0000,41.2193,0.8232,0.0000,0.0000,2046,1992,223832,18.44,833.4
51,193.0273,100.0000,0.4929,0.0206,4.3527,0.1058,0.0194,5.9311,0.0009,1,0.0855,8.5632,0.0410,0.9994,40.4077,0.0000,40.4077,0.8240,0.0000,0.0000,2046,1992,223832,18.14,833.4
52,193.0383,10.9305,1.3734,0.0167,3.9432,0.0745,0.0134,39.3101,0.0021,1,0.0843,9.4147,0.0413,1.1160,39.9566,0.0000,39.9566,0.8316,0.0000,0.0000,2046,1992,223832,18.42,833.4
53,193.0830,44.7435,0.7348,0.0203,3.5900,0.1006,0.0162,108.4954,0.0011,1,0.0955,11.1394,0.0422,1.3967,43.9168,0.0000,43.9168,0.8197,0.0000,0.0000,2046,1992,223832,18.48,833.4
54,193.1960,100.0000,0.5450,0.0166,2.9609,0.0776,0.0124,6.0317,0.0010,1,0.0988,10.0435,0.0422,1.2452,41.4822,0.0000,41.4822,0.8254,0.0000,0.0000,2046,1992,223832,18.20,833.4
55,193.2056,9.6504,1.8199,0.0144,3.5324,0.0565,0.0095,44.6848,0.0018,1,0.0917,9.7843,0.0435,1.2088,40.3872,0.0000,40.3872,0.8148,0.0000,0.0000,2046,1992,223832,18.47,833.4
56,193.2558,50.1276,0.7019,0.0194,3.9318,0.0764,0.0111,99.1434,0.0024,1,0.0845,9.4847,0.0433,1.1899,40.5340,0.0000,40.5340,0.8169,0.0000,0.0000,2046,1992,223832,18.50,833.4
57,193.3597,100.0000,0.8138,0.0189,4.1234,0.0876,0.0138,5.2918,0.0013,1,0.0878,8.4868,0.0410,1.3681,41.3911,0.0000,41.3911,0.8226,0.0000,0.0000,2046,1992,223832,18.23,833.4
58,193.3700,10.3582,1.5033,0.0192,3.9318,0.0644,0.0110,41.6833,0.0015,1,0.0918,8.8071,0.0414,1.5380,41.3404,0.0000,41.3404,0.8177,0.0000,0.0000,2046,1992,223832,18.48,833.4
59,193.4173,47.2233,0.7249,0.0184,3.8999,0.0770,0.0130,103.8934,0.0009,1,0.0909,9.2064,0.0429,1.0527,43.0323,0.0000,43.0323,0.8206,0.0000,0.0000,2046,1992,223832,18.52,833.4
60,193.5259,100.0000,0.8599,0.0197,3.7650,0.0838,0.0141,35.9970,0.0009,1,0.0860,8.5249,0.0412,0.9246,42.8532,0.0000,42.8532,0.8179,0.0000,0.0000,2046,1992,223832,18.27,831.5
61,193.5666,40.7481,0.0741,0.0138,4.5319,0.0532,0.0088,14.8993,0.0011,1,0.0816,8.9684,0.0423,1.0783,41.6533,0.0000,41.6533,0.8207,0.0000,0.0000,2046,1992,223832,18.34,831.5
62,193.5862,19.5897,0.1218,0.0155,3.8349,0.0949,0.0124,99.8882,0.0014,1,0.0892,9.6225,0.0419,0.9661,39.1524,0.0000,39.1524,0.8188,0.0000,0.0000,2046,1992,223832,18.53,831.5
63,193.6902,100.0000,34.3189,0.0150,3.0238,0.0576,0.0092,339.7076,0.0013,1,0.0892,9.6225,0.0419,0.9661,39.1524,0.0000,39.1524,0.8188,0.0000,0.0000,2046,1992,223832,18.29,831.5
64,194.0673,100.0000,0.2512,0.0107,2.0023,0.1121,0.0077,3.6253,0.0008,1,0.0944,8.9590,0.0409,1.2728,41.5830,0.0000,41.5830,0.8188,0.0000,0.0000,2046,1992,223832,18.06,831.5
65,194.0734,6.0226,0.8351,0.0127,3.1992,0.0656,0.0112,5.2593,0.0011,1,0.0819,8.4771,0.0412,1.0291,42.4604,0.0000,42.4604,0.8178,0.0000,0.0000,2046,1992,223832,18.30,831.5
66,194.0827,9.3919,0.8258,0.0180,4.3100,0.0529,0.0082,47.0198,0.0012,1,0.0544,9.2939,0.0407,1.2592,43.6284,0.0000,43.6284,0.8562,0.0000,0.0000,2046,1995,224004,18.53,831.5
67,194.1350,52.2436,0.6083,0.0182,4.2036,0.0808,0.0125,49.3097,0.0014,1,0.0833,9.6116,0.0417,1.0004,43.3023,0.0000,43.3023,0.8468,0.0000,0.0000,2046,1995,224004,18.54,831.5
68,194.1892,54.2429,0.6224,0.0174,2.2550,0.0641,0.0112,54.9922,0.0009,1,0.0839,8.9691,0.0430,0.9765,45.3802,0.0000,45.3802,0.8155,0.0000,0.0000,2046,1995,224004,18.54,831.5
69,194.2472,57.9704,0.6060,0.0147,2.5024,0.0637,0.0111,52.7634,0.0009,1,0.0855,9.5621,0.0430,0.9401,44.3755,0.0000,44.3755,0.8238,0.0000,0.0000,2046,1995,224004,18.52,831.5
70,194.3032,55.9702,0.6093,0.0163,2.9916,0.0794,0.0124,52.7067,0.0013,1,0.0882,8.8180,0.0432,0.9313,44.8460,0.0000,44.8460,0.8373,0.0000,0.0000,2046,1995,224004,18.51,831.5
71,194.3596,56.4261,0.6530,0.0176,2.9478,0.0755,0.0135,50.5549,0.0014,1,0.0840,8.8909,0.0437,0.9620,43.4269,0.0000,43.4269,0.8444,0.0000,0.0000,2046,1995,224004,18.50,815.6
72,194.4139,54.2713,0.7708,0.0194,3.0520,0.0749,0.0147,107.0208,0.0014,1,0.0851,9.4705,0.0430,1.0726,42.3638,0.0000,42.3638,0.8397,0.0000,0.0000,2046,1995,224004,18.50,815.6
73,194.5248,100.0000,0.6686,0.0173,2.4399,0.0611,0.0109,3.5997,0.0015,1,0.0837,9.1138,0.0430,0.9090,43.8109,0.0000,43.8109,0.8399,0.0000,0.0000,2046,1995,224004,18.29,815.6
74,194.5316,6.8085,0.0765,0.0204,3.3435,0.0732,0.0139,53.5794,0.0018,1,0.0840,11.0228,0.0447,0.9540,44.9480,0.0000,44.9480,0.8391,0.0000,0.0000,2046,1995,224004,18.50,815.6
75,194.5888,57.1183,0.5208,0.0183,4.6626,0.0812,0.0138,100.4548,0.0011,1,0.1076,9.7989,0.0431,1.2923,42.2036,0.0000,42.2036,0.8467,0.0000,0.0000,2046,1995,224004,18.49,815.6
76,194.6945,100.0000,0.6618,0.0154,3.5671,0.0656,0.0118,6.1853,0.0013,1,0.0828,8.5546,0.0430,0.8990,42.4167,0.0000,42.4167,0.8468,0.0000,0.0000,2046,1995,224004,18.29,815.6
77,194.7050,10.5162,0.6207,0.0148,2.9164,0.0551,0.0095,46.1571,0.0014,1,0.0860,9.7922,0.0447,1.2608,42.4640,0.0000,42.4640,0.8497,0.0000,0.0000,2046,1995,224004,18.48,815.6
78,194.7548,49.8031,0.5861,0.0173,2.2075,0.0640,0.0115,51.3865,0.0015,1,0.0870,9.2557,0.0439,1.0547,42.1884,0.0000,42.1884,0.8564,0.0000,0.0000,2046,1995,224004,18.50,815.6
79,194.8091,54.2818,0.0734,0.0185,2.6732,0.0835,0.0145,54.3110,0.0011,1,0.0918,10.8124,0.0451,1.2871,44.8325,0.0000,44.8325,0.8532,0.0000,0.0000,2046,1995,224004,18.50,815.6
80,194.8663,57.1842,0.0843,0.0195,3.0971,0.0690,0.0102,49.9404,0.0021,1,0.0809,8.6407,0.0433,0.8991,40.7863,0.0000,40.7863,0.8494,0.0000,0.0000,2046,1995,224004,18.48,815.6
81,194.9195,53.2310,0.0956,0.0212,4.5134,0.0618,0.0094,46.1999,0.0013,1,0.0805,8.4767,0.0430,0.8868,40.6913,0.0000,40.6913,0.8503,0.0000,0.0000,2046,1995,224004,18.49,796.6
82,194.9705,50.9108,0.1006,0.0194,4.5647,0.0866,0.0151,47.1251,0.0020,1,0.0807,8.6157,0.0427,0.9462,41.0748,0.0000,41.0748,0.8477,0.0000,0.0000,2046,1995,224004,18.50,796.6
83,195.0224,51.9218,0.0777,0.0192,2.6622,0.0748,0.0110,48.5735,0.0011,1,0.0819,8.8062,0.0434,0.9525,40.9886,0.0000,40.9886,0.8561,0.0000,0.0000,2046,1995,224004,18.51,796.6
84,195.0738,51.4264,0.0663,0.0168,3.0486,0.0757,0.0119,53.2550,0.0012,1,0.0841,8.9385,0.0430,0.9754,43.0212,0.0000,43.0212,0.8542,0.0000,0.0000,2046,1995,224004,18.52,796.6
85,195.1303,56.4832,0.0687,0.0141,2.1772,0.0624,0.0112,50.7522,0.0015,1,0.0837,9.1522,0.0445,1.0561,40.8893,0.0000,40.8893,0.8521,0.0000,0.0000,2046,1995,224004,18.51,796.6
86,195.1834,53.0950,0.0727,0.0166,2.9772,0.0872,0.0129,100.5625,0.0010,1,0.0844,9.0072,0.0435,0.9429,40.6687,0.0000,40.6687,0.8506,0.0000,0.0000,2046,1995,224004,18.51,796.6
87,195.2871,100.0000,0.0604,0.0163,3.1346,0.0691,0.0112,3.9296,0.0015,1,0.0830,8.7412,0.0429,1.0588,41.0588,0.0000,41.0588,0.8477,0.0000,0.0000,2046,1995,224004,18.34,796.6
88,195.2943,7.2303,0.0844,0.0180,2.8200,0.0730,0.0165,46.7473,0.0009,1,0.0829,9.2451,0.0435,1.0693,41.0658,0.0000,41.0658,0.8484,0.0000,0.0000,2046,1995,224004,18.52,796.6
89,195.3441,49.7689,0.0598,0.0173,2.4478,0.0643,0.0116,53.3921,0.0015,1,0.0874,9.0757,0.0436,1.0932,43.4365,0.0000,43.4365,0.8497,0.0000,0.0000,2046,1995,224004,18.53,796.6
90,195.4001,56.0036,0.0754,0.0182,2.9522,0.0809,0.0136,47.6548,0.0015,1,0.0829,9.8161,0.0440,0.9400,40.5640,0.0000,40.5640,0.8443,0.0000,0.0000,2046,1995,224004,18.53,796.6
91,195.4509,50.8074,0.0751,0.0171,2.8040,0.0626,0.0108,99.9652,0.0013,1,0.1013,8.9892,0.0428,1.0071,40.1603,0.0000,40.1603,0.8432,0.0000,0.0000,2046,1995,224004,18.54,795.1
92,195.5539,100.0000,0.0639,0.0162,2.1963,0.0795,0.0135,4.7021,0.0018,1,0.0811,8.1925,0.0434,0.8888,39.7506,0.0000,39.7506,0.8423,0.0000,0.0000,2046,1995,224004,18.37,795.1
93,195.6488,94.8883,0.1483,0.0185,2.4406,0.0625,0.0087,5.9342,0.0013,1,0.0855,8.7099,0.0451,1.0037,54.8195,0.0000,54.8195,0.9801,0.0000,0.0000,2046,1995,224004,18.23,795.1
94,195.6574,8.6213,0.0660,0.0167,3.1434,0.0592,0.0084,26.1677,0.0013,1,0.0828,10.9316,0.0431,1.0628,47.9124,0.0000,47.9124,0.8467,0.0000,0.0000,2046,1995,224004,18.39,795.1
95,195.6868,29.4715,0.0696,0.0176,2.8668,0.0649,0.0123,47.9021,0.0014,1,0.0798,8.7454,0.0441,0.9522,40.5072,0.0000,40.5072,0.8444,0.0000,0.0000,2046,1995,224004,18.48,795.1
96,195.7378,50.9415,0.0727,0.0174,4.3604,0.0840,0.0131,49.7526,0.0013,1,0.0876,9.1355,0.0420,1.0178,41.3647,0.0000,41.3647,0.8453,0.0000,0.0000,2046,1995,224004,18.49,795.1
97,195.7921,54.3100,0.1041,0.0192,4.4611,0.0832,0.0136,54.0259,0.0014,1,0.0836,8.9926,0.0430,1.0788,44.5087,0.0000,44.5087,0.8455,0.0000,0.0000,2046,1995,224004,18.49,795.1
98,195.8508,58.7160,0.0718,0.0172,2.7023,0.0496,0.0087,49.6588,0.0012,1,0.0856,9.2730,0.0446,1.1055,40.8392,0.0000,40.8392,0.8440,0.0000,0.0000,2046,1995,224004,18.47,795.1
99,195.9033,52.5184,0.0634,0.0225,3.6281,0.0513,0.0084,50.3906,0.0016,1,0.0929,9.0125,0.0453,1.1681,42.1943,0.0000,42.1943,0.8425,0.0000,0.0000,2046,1995,224004,18.48,795.1
100,195.9575,54.1753,0.6770,0.0180,2.3401,0.0525,0.0078,45.1414,0.0011,1,0.0845,8.8994,0.0444,1.0670,40.7258,0.0000,40.7258,0.8486,0.0000,0.0000,2046,1995,224004,18.48,786.8
101,196.0058,48.2465,2.0574,0.0174,3.2136,0.0691,0.0109,47.4368,0.0018,1,0.0801,8.8126,0.0441,0.9306,40.8616,0.0000,40.8616,0.8419,0.0000,0.0000,2046,1995,224004,18.50,786.8
102,196.0586,52.8283,0.5230,0.0191,3.3237,0.0873,0.0142,102.7668,0.0010,1,0.0834,9.3795,0.0417,0.9772,41.9709,0.0000,41.9709,0.8381,0.0000,0.0000,2046,1995,224004,18.50,786.8
103,196.1653,100.0000,0.4831,0.0165,3.3124,0.0972,0.0187,4.3693,0.0010,1,0.0822,8.5311,0.0433,1.0148,42.8365,0.0000,42.8365,0.8088,0.0000,0.0000,2046,1998,224632,18.35,786.8
104,196.1737,8.3189,0.4390,0.0169,2.6519,0.0564,0.0150,51.3421,0.0012,1,0.0829,10.3714,0.0449,1.0447,43.9914,0.0000,43.9914,0.8223,0.0000,0.0000,2046,1998,224632,18.50,786.8
105,196.2282,54.5399,0.4289,0.0170,2.2499,0.0618,0.0102,52.4987,0.0013,1,0.0853,9.3539,0.0445,0.9730,43.7368,0.0000,43.7368,0.8236,0.0000,0.0000,2046,1999,224680,18.50,786.8
106,196.2835,55.2841,0.3690,0.0158,2.5917,0.0715,0.0123,51.5695,0.0011,1,0.1064,9.3683,0.0435,0.9914,43.0665,0.0000,43.0665,0.8281,0.0000,0.0000,2046,1999,224680,18.49,786.8
107,196.3381,54.6485,0.4326,0.0166,2.2802,0.0552,0.0120,51.9850,0.0012,1,0.0947,9.6275,0.0447,1.0057,43.4912,0.0000,43.4912,0.8268,0.0000,0.0000,2046,1995,224004,18.49,786.8
108,196.3929,54.7986,0.2076,0.0146,2.2190,0.0594,0.0105,52.4982,0.0013,1,0.0988,9.4382,0.0431,1.0772,43.7724,0.0000,43.7724,0.8269,0.0000,0.0000,2046,1996,224132,18.49,786.8
109,196.4480,55.0308,0.4128,0.0152,1.8744,0.0712,0.0117,56.3870,0.0026,1,0.0929,9.2765,0.0432,1.2677,45.4617,0.0000,45.4617,0.8291,0.0000,0.0000,2046,2003,224856,18.49,786.8
110,196.5068,58.7962,0.4654,0.0183,2.0218,0.0680,0.0124,55.1850,0.0020,1,0.0928,10.4653,0.0437,1.1480,43.8554,0.0000,43.8554,0.8260,0.0000,0.0000,2046,2005,224936,18.47,794.1
111,196.5645,57.7914,0.5445,0.0184,2.9836,0.0632,0.0100,107.2055,0.0017,1,0.0835,8.7220,0.0448,0.9646,44.2420,0.0000,44.2420,0.8302,0.0000,0.0000,2046,2012,225776,18.46,794.1
112,196.6754,100.0000,0.5279,0.0183,2.9330,0.0587,0.0114,5.0647,0.0007,1,0.0803,8.3485,0.0442,0.9626,44.9438,0.0000,44.9438,0.8308,0.0000,0.0000,2046,2011,225736,18.32,794.1
113,196.6840,8.6279,0.5270,0.0197,3.9583,0.0836,0.0129,46.3440,0.0011,1,0.0879,8.7198,0.0451,1.1516,44.7791,0.0000,44.7791,0.8212,0.0000,0.0000,2046,2011,225704,18.46,794.1
114,196.7350,50.9646,0.4903,0.0190,2.3234,0.0587,0.0116,55.9103,0.0010,1,0.0838,8.7471,0.0445,1.1039,47.5035,0.0000,47.5035,0.8140,0.0000,0.0000,2046,1997,223916,18.47,794.1
115,196.7938,58.8344,0.4672,0.0176,3.1538,0.0667,0.0125,57.9137,0.0013,1,0.0821,8.7328,0.0435,0.9234,46.9900,0.0000,46.9900,0.8084,0.0000,0.0000,2046,1997,223916,18.46,794.1
116,196.8555,61.6526,0.6683,0.0229,4.8012,0.1013,0.0134,51.9773,0.0018,1,0.0817,8.5217,0.0437,1.0158,45.7311,0.0000,45.7311,0.8015,0.0000,0.0000,2046,1992,223404,18.43,794.1
117,196.9131,57.6085,0.6049,0.0196,3.1574,0.0793,0.0118,50.6400,0.0011,1,0.0828,8.6177,0.0447,1.0547,45.4572,0.0000,45.4572,0.8113,0.0000,0.0000,2046,1985,222634,18.42,794.1
118,196.9676,54.5555,0.5845,0.0193,2.5518,0.0619,0.0106,111.7758,0.0013,1,0.0834,8.6443,0.0453,0.9684,47.8481,0.0000,47.8481,0.8070,0.0000,0.0000,2046,1980,222186,18.42,794.1
119,197.0827,100.0000,0.4516,0.0156,1.9600,0.0568,0.0095,4.4322,0.0010,1,0.0840,8.5416,0.0448,1.1772,46.1690,0.0000,46.1690,0.8064,0.0000,0.0000,2046,1979,222058,18.30,786.5
120,197.0896,6.9458,0.4051,0.0175,2.8445,0.0439,0.0069,51.6733,0.0012,1,0.0844,8.9042,0.0438,1.0676,46.3340,0.0000,46.3340,0.8048,0.0000,0.0000,2046,1973,221290,18.28,786.5
121,197.1446,55.0097,0.4471,0.0158,1.9577,0.0617,0.0095,55.1899,0.0014,1,0.0799,8.5454,0.0450,0.9337,46.9805,0.0000,46.9805,0.8175,0.0000,0.0000,2046,1954,219178,18.40,786.5
122,197.2023,57.7020,0.4871,0.0187,1.9020,0.0649,0.0112,57.2197,0.0015,1,0.0870,9.5244,0.0433,0.9393,46.9596,0.0000,46.9596,0.8189,0.0000,0.0000,2046,1954,219178,18.52,786.5
123,197.2620,59.7252,0.6446,0.0196,3.9867,0.0909,0.0139,55.9856,0.0010,1,0.0848,8.7120,0.0442,1.0324,49.6899,0.0000,49.6899,0.8259,0.0000,0.0000,2046,1945,218154,18.42,786.5
124,197.3228,60.7625,0.5549,0.0206,4.3088,0.0699,0.0118,53.5589,0.0009,1,0.0828,8.5627,0.0442,1.0123,46.9528,0.0000,46.9528,0.8272,0.0000,0.0000,2046,1936,217218,18.53,786.5
125,197.3813,58.5474,0.5165,0.0178,2.3367,0.0676,0.0110,54.9560,0.0012,1,0.1056,8.7355,0.0443,0.9434,47.6889,0.0000,47.6889,0.8351,0.0000,0.0000,2046,1928,216410,18.53,786.5
126,197.4393,57.9252,0.4734,0.0177,2.1127,0.0584,0.0109,55.4396,0.0019,1,0.0850,8.6188,0.0441,0.9053,47.3617,0.0000,47.3617,0.8416,0.0000,0.0000,2046,1922,215770,18.39,786.5
127,197.4974,58.1349,0.4493,0.0163,3.0206,0.0679,0.0111,55.1882,0.0010,1,0.0854,8.4521,0.0446,0.9194,47.9517,0.0000,47.9517,0.8380,0.0000,0.0000,2046,1920,215514,18.39,786.5
128,197.5562,58.7716,0.4825,0.0171,2.1246,0.0621,0.0116,57.4420,0.0011,1,0.0787,8.6746,0.0445,0.9298,48.9510,0.0000,48.9510,0.8400,0.0000,0.0000,2046,1913,214746,18.38,786.5
129,197.6163,60.1596,2.4181,0.0168,1.7598,0.0577,0.0099,55.1951,0.0017,1,0.0813,8.3615,0.0432,0.9447,47.9599,0.0000,47.9599,0.8419,0.0000,0.0000,2046,1910,214362,18.37,779.2
130,197.6758,59.4813,0.8067,0.0186,2.8373,0.0703,0.0114,55.6629,0.0011,1,0.0869,9.0849,0.0435,0.9359,48.0912,0.0000,48.0912,0.8396,0.0000,0.0000,2046,1910,214362,18.36,779.2
131,197.7352,59.4268,0.6841,0.0175,2.2310,0.1260,0.0211,58.6165,0.0014,1,0.1082,8.9162,0.0445,1.0022,48.7962,0.0000,48.7962,0.8486,0.0000,0.0000,2046,1900,213274,18.35,779.2
132,197.7970,61.7165,0.0817,0.0193,3.2240,0.0728,0.0113,57.8793,0.0010,1,0.0817,8.3795,0.0432,0.9172,51.2315,0.0000,51.2315,0.8494,0.0000,0.0000,2046,1900,213274,18.38,779.2
133,197.8583,61.3082,0.0817,0.0177,3.3631,0.0755,0.0133,56.3345,0.0012,1,0.0799,8.1520,0.0436,0.8846,48.8127,0.0000,48.8127,0.8555,0.0000,0.0000,2046,1893,212442,18.46,779.2
134,197.9182,59.9063,0.0784,0.0182,2.9163,0.0933,0.0166,56.4921,0.0012,1,0.0795,8.0516,0.0430,0.9100,48.8943,0.0000,48.8943,0.8598,0.0000,0.0000,2046,1880,210906,18.33,779.2
135,197.9778,59.6352,0.9643,0.0198,2.4618,0.0673,0.0115,55.8777,0.0017,1,0.0808,8.1599,0.0437,0.9339,48.8472,0.0000,48.8472,0.8556,0.0000,0.0000,2046,1874,210266,18.30,779.2
136,198.0372,59.4270,0.2430,0.0178,3.1595,0.0740,0.0126,57.3138,0.0016,1,0.0927,9.0559,0.0432,1.0281,50.0176,0.0000,50.0176,0.8601,0.0000,0.0000,2046,1870,209754,18.28,779.2
137,198.0981,60.8397,0.0539,0.0155,1.9042,0.0601,0.0102,61.1655,0.0017,1,0.0899,8.5269,0.0437,0.9048,50.7115,0.0000,50.7115,0.8617,0.0000,0.0000,2046,1847,207296,18.25,779.2
138,198.1613,63.2339,0.5414,0.0194,3.4907,0.0715,0.0098,56.6301,0.0012,1,0.0787,7.8145,0.0430,0.8768,49.5139,0.0000,49.5139,0.8524,0.0000,0.0000,2046,1819,204160,18.36,797.0
139,198.2221,60.7870,0.0981,0.0202,3.8845,0.0705,0.0109,53.8813,0.0015,1,0.0795,7.5837,0.0430,0.8827,48.9743,0.0000,48.9743,0.8628,0.0000,0.0000,2046,1786,200320,18.21,797.0
140,198.2801,57.9869,0.0746,0.0182,2.7775,0.0656,0.0102,55.9035,0.0014,1,0.0801,7.7785,0.0444,0.8684,49.6823,0.0000,49.6823,0.8617,0.0000,0.0000,2046,1751,196448,18.19,797.0
141,198.3390,58.8686,0.0708,0.0157,3.1038,0.0881,0.0127,57.6780,0.0014,1,0.0848,7.5590,0.0445,0.8450,50.1546,0.0000,50.1546,0.8641,0.0000,0.0000,2046,1713,192160,18.31,797.0
142,198.3999,60.9892,0.0617,0.0158,2.1404,0.0626,0.0104,60.1347,0.0011,1,0.0776,7.8216,0.0432,0.8192,52.8367,0.0000,52.8367,0.8618,0.0000,0.0000,2046,1672,187488,18.17,797.0
143,198.4624,62.4445,0.5419,0.0175,2.4879,0.0733,0.0122,55.7899,0.0017,1,0.0812,7.5574,0.0429,0.9339,49.8642,0.0000,49.8642,0.8609,0.0000,0.0000,2046,1630,182720,18.13,797.0
144,198.5213,58.9426,0.5648,0.0165,1.8995,0.0513,0.0117,58.3315,0.0014,1,0.0852,6.8298,0.0438,0.7472,49.7075,0.0000,49.7075,0.8603,0.0000,0.0000,2046,1582,177602,18.12,797.0
145,198.5822,60.8958,1.2993,0.0181,1.9848,0.0476,0.0080,55.0329,0.0009,1,0.0805,6.8466,0.0443,0.7652,49.1389,0.0000,49.1389,0.8617,0.0000,0.0000,2046,1536,172354,18.11,797.0
146,198.6406,58.4084,1.3145,0.0212,3.4890,0.0718,0.0108,54.8146,0.0013,1,0.0767,6.4675,0.0432,0.8114,51.3152,0.0000,51.3152,0.8506,0.0000,0.0000,2046,1494,167586,18.22,797.0
147,198.7004,59.7418,1.4758,0.0170,2.0509,0.0555,0.0089,55.8051,0.0013,1,0.0804,6.9897,0.0439,0.8494,50.7177,0.0000,50.7177,0.8651,0.0000,0.0000,2046,1592,178706,18.09,804.6
148,198.7598,59.4329,1.9978,0.0182,2.9090,0.0646,0.0103,57.7103,0.0016,1,0.0928,7.6116,0.0430,0.8947,52.3999,0.0000,52.3999,0.8709,0.0000,0.0000,2046,1671,187634,18.05,804.6
149,198.8226,62.7350,1.3876,0.0166,3.9420,0.0779,0.0108,59.7188,0.0015,1,0.0851,7.7561,0.0444,0.8063,52.3255,0.0000,52.3255,0.8842,0.0000,0.0000,2046,1718,192914,18.03,804.6
150,198.8877,65.1762,1.5296,0.0223,2.6283,0.0574,0.0083,60.1162,0.0015,1,0.0839,9.2309,0.0441,0.8274,54.1453,0.0000,54.1453,0.8907,0.0000,0.0000,2046,1796,201650,18.01,804.6
151,198.9521,64.3837,1.4363,0.0203,2.3308,0.0646,0.0102,120.3831,0.0014,1,0.0854,8.3471,0.0437,0.8709,51.9644,0.0000,51.9644,0.8883,0.0000,0.0000,2046,1918,215268,17.98,804.6
152,199.0764,100.0000,1.3818,0.0185,3.1288,0.0779,0.0112,4.4529,0.0009,1,0.0874,9.0439,0.0435,1.0572,51.0236,0.0000,51.0236,0.8871,0.0000,0.0000,2046,1984,222922,17.85,804.6
153,199.0855,9.0848,0.4541,0.0176,3.2366,0.0604,0.0082,52.4809,0.0012,1,0.0933,9.3268,0.0429,1.1719,49.1255,0.0000,49.1255,0.8621,0.0000,0.0000,2046,1990,223766,17.96,804.6
154,199.1417,56.2788,1.9998,0.0188,3.4208,0.2319,0.0129,59.3259,0.0012,1,0.0904,9.1353,0.0436,0.9298,49.8026,0.0000,49.8026,0.8363,0.0000,0.0000,2046,1988,223726,17.96,804.6
155,199.2068,65.0309,1.3385,0.0197,3.5535,0.0707,0.0115,54.3680,0.0016,1,0.0855,9.9795,0.0438,0.8652,50.2880,0.0000,50.2880,0.8300,0.0000,0.0000,2046,1988,223726,17.93,804.6
156,199.2662,59.3849,1.5822,0.0203,3.1606,0.0615,0.0100,56.9041,0.0012,1,0.0879,8.8498,0.0427,0.9076,49.5556,0.0000,49.5556,0.8205,0.0000,0.0000,2046,1989,223768,17.91,813.9
157,199.3279,61.7650,1.9438,0.0199,2.9737,0.0668,0.0112,56.5708,0.0014,1,0.1447,9.2952,0.0433,0.8686,49.5019,0.0000,49.5019,0.8030,0.0000,0.0000,2046,1989,223768,17.89,813.9
158,199.3895,61.6085,3.3697,0.0198,2.5717,0.0879,0.0121,55.7118,0.0015,1,0.0849,8.4869,0.0436,1.0071,51.1803,0.0000,51.1803,0.7923,0.0000,0.0000,2046,1988,223756,17.87,813.9
159,199.4513,61.7989,2.0195,0.0182,2.7042,0.0729,0.0117,61.9323,0.0013,1,0.0852,8.7214,0.0430,0.8824,56.6729,0.0000,56.6729,0.7840,0.0000,0.0000,2046,1988,223756,17.97,813.9
160,199.5181,66.7812,1.6003,0.0187,2.2406,0.0598,0.0105,142.8423,0.0011,1,0.0914,8.6480,0.0446,0.8448,61.8693,0.0000,61.8693,0.7913,0.0000,0.0000,2046,1981,222916,17.82,813.9
161,199.6649,100.0000,0.7316,0.0171,2.6636,0.1033,0.0177,5.1818,0.0024,1,0.1116,12.0861,0.0443,1.0650,57.9683,0.0000,57.9683,0.7862,0.0000,0.0000,2046,1981,222916,17.68,813.9
162,199.6736,8.7425,0.0888,0.0222,2.5551,0.0836,0.0155,76.6911,0.0011,1,0.1292,15.0940,0.0430,1.3066,66.1834,0.0000,66.1834,0.7900,0.0000,0.0000,2046,1981,222916,17.80,813.9
163,199.7531,79.4784,1.1641,0.0185,2.0396,0.0739,0.0115,140.7806,0.0011,1,0.1035,10.8247,0.0434,1.1194,59.3751,0.0000,59.3751,0.7818,0.0000,0.0000,2046,1980,222914,17.73,813.9
164,199.8972,100.0000,0.4919,0.0250,2.3566,0.0786,0.0119,4.4358,0.0015,1,0.0920,8.5128,0.0435,1.0571,60.6110,0.0000,60.6110,0.7844,0.0000,0.0000,2046,1980,222914,17.61,853.3
165,199.9047,7.4242,0.4612,0.0153,2.4011,0.0711,0.0117,67.9890,0.0013,1,0.1114,10.4340,0.0442,1.1616,60.1192,0.0000,60.1192,0.8064,0.0000,0.0000,2046,1980,222914,17.72,853.3
166,199.9756,70.9700,0.0754,0.0168,2.6473,0.0777,0.0123,76.0587,0.0011,1,0.0914,9.2941,0.0451,1.1954,67.1586,0.0000,67.1586,0.7981,0.0000,0.0000,2046,1972,222914,17.68,853.3
167,200.0545,78.9098,0.0686,0.0191,2.5891,0.0812,0.0212,73.5361,0.0015,1,0.0900,10.0045,0.0445,1.1118,62.3557,0.0000,62.3557,0.8066,0.0000,0.0000,2046,1972,222018,17.62,853.3
168,200.1309,76.3385,0.5144,0.0210,3.4362,0.0898,0.0179,72.7171,0.0013,1,0.0962,12.1243,0.0487,0.9891,63.7165,0.0000,63.7165,0.8063,0.0000,0.0000,2046,1971,222018,17.68,853.3
169,200.2077,76.8183,0.7982,0.0167,1.9636,0.0756,0.0143,77.6293,0.0017,1,0.0972,9.7706,0.0448,1.0035,65.4831,0.0000,65.4831,0.8025,0.0000,0.0000,2046,1969,222274,17.51,853.3
170,200.2882,80.5211,0.2413,0.0200,4.3790,0.0684,0.0107,72.3528,0.0012,1,0.0941,8.9625,0.0448,1.1115,67.7981,0.0000,67.7981,0.8136,0.0000,0.0000,2046,1964,221558,17.43,853.3
171,200.3653,77.1207,0.5180,0.0189,3.4119,0.0946,0.0170,76.3657,0.0008,1,0.1086,9.2249,0.0447,1.4564,67.4216,0.0000,67.4216,0.8198,0.0000,0.0000,2046,1967,222198,17.49,853.3
172,200.4458,80.4458,0.6770,0.0182,3.2008,0.0807,0.0139,75.1208,0.0017,1,0.0903,9.1307,0.0437,1.2796,67.5114,0.0000,67.5114,0.8285,0.0000,0.0000,2046,1970,221942,17.32,853.4
173,200.5249,79.1356,0.3711,0.0182,4.3271,0.0831,0.0168,81.2615,0.0011,1,0.0956,12.3811,0.0451,0.9408,71.9760,0.0000,71.9760,0.8466,0.0000,0.0000,2046,1968,221622,17.23,853.4
174,200.6110,86.0995,0.4671,0.0174,3.0560,0.0798,0.0131,81.0300,0.0013,1,0.0886,8.7182,0.0451,1.0611,72.4466,0.0000,72.4466,0.8634,0.0000,0.0000,2046,1972,221954,17.27,853.4
175,200.6957,84.6862,1.0922,0.0176,2.9359,0.0842,0.0142,79.4106,0.0011,1,0.0960,9.0255,0.0455,1.2390,70.2323,0.0000,70.2323,0.8641,0.0000,0.0000,2046,1962,220920,17.08,853.4
176,200.7793,83.5775,1.2470,0.0233,2.6657,0.0891,0.0162,81.0508,0.0011,1,0.0939,11.4101,0.0451,0.9786,72.3886,0.0000,72.3886,0.8705,0.0000,0.0000,2046,1954,220042,17.00,853.4
177,200.9684,100.0000,3.1492,0.0194,4.5741,0.0892,0.0146,5.3618,0.0013,1,0.0966,9.0651,0.0443,1.1372,99.4303,0.0000,99.4303,0.8891,0.0000,0.0000,2046,1932,217822,17.00,853.4
178,200.9816,13.2298,0.2613,0.0199,2.9496,0.0620,0.0113,81.2280,0.0016,1,0.0991,10.5335,0.0452,1.2866,75.4707,0.0000,75.4707,0.8972,0.0000,0.0000,2046,1913,215836,16.99,853.4
179,201.0662,84.5579,1.1798,0.0217,3.2508,0.0751,0.0136,84.1864,0.0018,1,0.0948,10.9379,0.0451,0.9040,77.1598,0.0000,77.1598,0.9277,0.0000,0.0000,2046,1863,210464,16.90,853.4
180,201.1549,88.7541,1.0492,0.0224,3.8802,0.0981,0.0187,86.4160,0.0012,1,0.0977,10.7316,0.0516,1.2590,75.4268,0.0000,75.4268,0.9288,0.0000,0.0000,2046,1863,210464,16.93,853.4
181,201.2464,91.5058,0.9239,0.0190,2.8445,0.0836,0.0133,84.1419,0.0018,1,0.0916,9.2581,0.0464,0.9713,77.7405,0.0000,77.7405,0.9431,0.0000,0.0000,2046,1837,207456,16.81,853.4
182,201.3345,88.0497,2.5732,0.0177,2.4319,0.0798,0.0137,174.7599,0.0012,1,0.0942,8.9576,0.0457,1.1701,78.7781,0.0000,78.7781,0.9557,0.0000,0.0000,2046,1812,204632,16.65,853.4
183,201.5144,100.0000,1.9488,0.0178,2.6465,0.0702,0.0130,4.6185,0.0015,1,0.1065,9.6166,0.0469,1.2233,76.8169,0.0000,76.8169,0.9635,0.0000,0.0000,2046,1796,202840,16.65,853.4
184,201.5237,9.3348,0.0814,0.0202,3.6420,0.1015,0.0206,83.0262,0.0012,1,0.1053,9.4567,0.0458,1.4187,79.6860,0.0000,79.6860,0.9680,0.0000,0.0000,2046,1794,202584,16.86,853.4
185,201.6106,86.9130,0.7001,0.0183,2.7811,0.0727,0.0126,179.6112,0.0009,1,0.0900,9.0436,0.0467,0.9821,81.3438,0.0000,81.3438,0.9601,0.0000,0.0000,2046,1793,202456,16.67,853.4
186,201.7939,100.0000,0.6897,0.0185,3.7537,0.0779,0.0262,3.9406,0.0012,1,0.0869,8.0400,0.0454,1.0031,79.5384,0.0000,79.5384,0.9581,0.0000,0.0000,2046,1793,202456,16.47,853.9
187,201.8024,8.5263,0.0758,0.0161,2.7744,0.0749,0.0129,83.8113,0.0017,1,0.0888,8.8179,0.0459,1.1530,79.4606,0.0000,79.4606,0.9623,0.0000,0.0000,2046,1792,202392,16.57,853.9
188,201.8892,86.7889,0.0742,0.0199,2.4675,0.0785,0.0141,94.5609,0.0017,1,0.1047,10.3411,0.0451,1.5094,83.1723,0.0000,83.1723,0.9615,0.0000,0.0000,2046,1792,202392,16.49,853.9
189,201.9864,97.2455,0.0859,0.0174,2.4179,0.0640,0.0128,95.7901,0.0015,1,0.1083,11.0764,0.0456,1.0754,82.9767,0.0000,82.9767,0.9647,0.0000,0.0000,2046,1792,202392,16.40,853.9
190,202.0848,98.4129,0.0889,0.0222,3.3326,0.0750,0.0151,175.7271,0.0015,1,0.0863,8.3005,0.0451,0.8745,77.9239,0.0000,77.9239,0.9527,0.0000,0.0000,2046,1792,202392,16.31,853.9
191,202.2641,100.0000,0.0985,0.0210,4.0033,0.0953,0.0156,5.6367,0.0023,1,0.0873,7.6628,0.0451,0.9894,81.3855,0.0000,81.3855,0.9640,0.0000,0.0000,2046,1792,202392,16.21,853.9
192,202.2740,9.9039,0.1668,0.0181,4.4130,0.0809,0.0120,82.3085,0.0014,1,0.0860,9.9645,0.0467,1.5376,80.0774,0.0000,80.0774,0.9559,0.0000,0.0000,2046,1792,202392,16.31,853.9
193,202.3610,87.0096,0.0712,0.0171,2.3066,0.0744,0.0136,91.2079,0.0015,1,0.0996,9.2857,0.0467,1.2900,81.0626,0.0000,81.0626,0.9621,0.0000,0.0000,2046,1792,202392,16.34,853.9
194,202.4547,93.7162,0.6149,0.0143,2.2688,0.0780,0.0141,93.3496,0.0018,1,0.0853,8.6657,0.0464,1.0292,83.8159,0.0000,83.8159,0.9641,0.0000,0.0000,2046,1792,202392,16.15,857.3
195,202.5511,96.3514,0.7866,0.0252,3.5611,0.1225,0.0163,88.6561,0.0015,1,0.1330,11.0994,0.0451,1.1840,79.0082,0.0000,79.0082,0.9653,0.0000,0.0000,2046,1792,202392,16.06,857.3
196,202.6443,93.1795,0.7881,0.0225,2.8618,0.0752,0.0129,87.1679,0.0023,1,0.0835,9.6223,0.0455,1.1626,78.5133,0.0000,78.5133,0.9657,0.0000,0.0000,2046,1792,202392,16.08,857.3
197,202.7352,90.9716,1.2794,0.0192,2.6371,0.0969,0.0166,180.4786,0.0017,1,0.1132,10.7870,0.0468,1.2489,83.8539,0.0000,83.8539,0.9623,0.0000,0.0000,2046,1792,202392,15.91,857.3
198,202.9198,100.0000,0.7343,0.0148,2.4983,0.0817,0.0149,4.0844,0.0015,1,0.1025,10.0167,0.0455,1.1311,75.6151,0.0000,75.6151,0.9835,0.0000,0.0000,2046,1792,202392,15.80,857.3
199,202.9272,7.4408,0.6705,0.0232,3.0556,0.0762,0.0143,86.9782,0.0014,1,0.1220,8.9423,0.0456,1.3534,80.5992,0.0000,80.5992,0.9967,0.0000,0.0000,2046,1792,202392,15.90,857.3
200,203.0181,90.8310,0.8022,0.0228,3.1485,0.1019,0.0169,89.8188,0.0012,1,0.0877,10.6090,0.0465,1.1427,80.6876,0.0000,80.6876,1.0027,0.0000,0.0000,2046,1792,202392,15.83,857.3
201,203.1120,93.9223,0.6474,0.0156,3.0634,0.0915,0.0145,85.1739,0.0015,1,0.0965,8.6220,0.0477,1.0982,79.4824,0.0000,79.4824,1.0136,0.0000,0.0000,2046,1792,202392,15.74,862.9
202,203.2010,89.0152,0.0707,0.0158,2.2295,0.0648,0.0117,176.7098,0.0017,1,0.0816,7.7696,0.0456,0.8484,77.1757,0.0000,77.1757,1.0108,0.0000,0.0000,2046,1792,202392,15.67,862.9
203,203.3801,100.0000,0.6997,0.0211,3.1462,0.0782,0.0154,4.6992,0.0012,1,0.0884,8.7214,0.0469,1.0108,79.1957,0.0000,79.1957,1.0146,0.0000,0.0000,2046,1792,202392,15.57,862.9
204,203.3888,8.6701,0.0827,0.0198,3.0139,0.0746,0.0111,81.5144,0.0013,1,0.1124,9.5011,0.0471,1.1830,76.0344,0.0000,76.0344,1.0161,0.0000,0.0000,2046,1792,202392,15.65,862.9
205,203.4735,84.7267,0.0865,0.0197,2.8198,0.0787,0.0137,174.8915,0.0014,1,0.0884,8.7693,0.0453,0.9421,76.8545,0.0000,76.8545,1.0182,0.0000,0.0000,2046,1792,202392,15.60,862.9
206,203.6514,100.0000,0.2024,0.0202,3.6340,0.0816,0.0149,5.0417,0.0015,1,0.0897,7.8105,0.0464,1.2083,78.8120,0.0000,78.8120,1.0169,0.0000,0.0000,2046,1792,202392,15.50,862.9
207,203.6604,9.0053,0.0740,0.0181,3.6982,0.0910,0.0163,78.3330,0.0018,1,0.0988,9.0615,0.0458,1.1185,74.8945,0.0000,74.8945,1.0194,0.0000,0.0000,2046,1792,202392,15.69,862.9
208,203.7427,82.2400,0.0772,0.0174,3.4057,0.0707,0.0137,81.0076,0.0011,1,0.0876,7.7420,0.0451,0.9102,73.4574,0.0000,73.4574,1.0201,0.0000,0.0000,2046,1792,202392,15.53,862.9
209,203.8273,84.6283,0.0838,0.0175,4.0901,0.0782,0.0131,84.3508,0.0017,1,0.0934,7.9652,0.0451,1.0719,77.2549,0.0000,77.2549,1.0194,0.0000,0.0000,2046,1792,202392,15.47,865.2
210,203.9160,88.6445,0.0908,0.0197,3.5834,0.1224,0.0190,164.7904,0.0016,1,0.1028,9.8509,0.0461,1.4123,75.0104,0.0000,75.0104,1.0224,0.0000,0.0000,2046,1792,202392,15.40,865.2
211,204.0846,100.0000,0.0733,0.0192,3.5421,0.0970,0.0155,4.8728,0.0020,1,0.0890,7.8438,0.0457,0.7942,71.7254,0.0000,71.7254,1.0179,0.0000,0.0000,2046,1792,202392,15.30,865.2
212,204.0932,8.6312,0.0687,0.0175,2.3873,0.0574,0.0085,78.2204,0.0013,1,0.0857,10.3649,0.0452,0.9011,73.6106,0.0000,73.6106,1.0246,0.0000,0.0000,2046,1792,202392,15.48,865.2
213,204.1740,80.7677,0.0607,0.0140,1.9301,0.0556,0.0102,83.4357,0.0014,1,0.0812,7.5771,0.0461,0.7890,73.7567,0.0000,73.7567,1.0240,0.0000,0.0000,2046,1792,202392,15.51,865.2
214,204.2595,85.5166,0.0767,0.0165,2.3980,0.0703,0.0130,83.5758,0.0016,1,0.0910,9.4806,0.0466,0.8909,74.7144,0.0000,74.7144,1.0237,0.0000,0.0000,2046,1792,202392,15.36,865.2
215,204.3457,86.1611,0.0736,0.0162,2.4443,0.0750,0.0143,83.4067,0.0008,1,0.0891,8.6620,0.0464,0.9956,74.9447,0.0000,74.9447,1.0213,0.0000,0.0000,2046,1792,202392,15.25,865.2
216,204.4317,86.0382,0.0879,0.0142,2.2397,0.0638,0.0117,81.0138,0.0015,1,0.0830,7.8774,0.0454,0.9686,73.0716,0.0000,73.0716,1.0214,0.0000,0.0000,2046,1792,202392,15.18,873.1
217,204.5151,83.4400,0.0733,0.0180,2.4944,0.1071,0.0144,164.4214,0.0013,1,0.0847,8.5556,0.0455,0.9687,73.9624,0.0000,73.9624,1.0185,0.0000,0.0000,2046,1792,202392,15.13,873.1
218,204.6823,100.0000,0.0683,0.0276,2.0514,0.0662,0.0118,3.5966,0.0014,1,0.0862,7.5281,0.0454,1.0631,72.1201,0.0000,72.1201,1.0203,0.0000,0.0000,2046,1792,202392,15.05,873.1
219,204.6881,5.8313,0.0690,0.0154,2.5910,0.0661,0.0121,80.1212,0.0015,1,0.0859,9.2874,0.0469,0.9174,73.5177,0.0000,73.5177,1.0173,0.0000,0.0000,2046,1792,202392,15.14,873.1
220,204.7710,82.8847,0.0693,0.0168,2.2763,0.0675,0.0116,82.2498,0.0015,1,0.0837,8.8065,0.0453,0.8480,72.5360,0.0000,72.5360,1.0223,0.0000,0.0000,2046,1792,202392,15.08,873.1
221,204.8557,84.7048,0.0770,0.0190,2.9352,0.0713,0.0142,78.8279,0.0014,1,0.0881,8.1479,0.0452,0.8337,71.1544,0.0000,71.1544,1.0227,0.0000,0.0000,2046,1792,202392,15.01,873.1
222,204.9377,81.9533,0.0707,0.0164,2.3617,0.0722,0.0133,83.0006,0.0011,1,0.0834,8.0878,0.0451,0.8515,74.6648,0.0000,74.6648,1.0158,0.0000,0.0000,2046,1792,202392,14.96,873.1
223,205.0232,85.5438,0.0746,0.0157,2.1751,0.0591,0.0098,79.5000,0.0009,1,0.0846,7.6489,0.0454,0.7950,72.3588,0.0000,72.3588,1.0192,0.0000,0.0000,2046,1792,202392,14.99,874.3
224,205.1050,81.8422,0.0669,0.0158,2.3257,0.0773,0.0143,168.8523,0.0016,1,0.0857,8.1524,0.0471,0.9602,72.8612,0.0000,72.8612,1.0190,0.0000,0.0000,2046,1792,202392,14.85,874.3
225,205.2764,100.0000,0.0809,0.0199,3.4051,0.0708,0.0134,4.5048,0.0010,1,0.0820,7.4634,0.0464,0.8643,75.2660,0.0000,75.2660,1.0200,0.0000,0.0000,2046,1792,202392,14.77,874.3
226,205.2845,8.1035,0.0727,0.0168,4.8596,0.0900,0.0136,73.2480,0.0013,1,0.1079,7.4666,0.0468,0.8356,70.1820,0.0000,70.1820,1.0276,0.0000,0.0000,2046,1792,202392,14.85,874.3
227,205.3628,78.3116,0.0977,0.0255,3.0841,0.0936,0.0155,77.3135,0.0014,1,0.0840,7.4905,0.0469,0.8334,71.4613,0.0000,71.4613,1.0193,0.0000,0.0000,2046,1792,202392,14.81,874.3
228,205.4435,80.6404,0.0883,0.0192,3.1180,0.0988,0.0161,82.1192,0.0011,1,0.0864,8.6720,0.0453,0.9741,73.5165,0.0000,73.5165,1.0252,0.0000,0.0000,2046,1792,202392,14.76,874.3
229,205.5289,85.4679,0.0885,0.0169,2.4201,0.0828,0.0152,160.8436,0.0013,1,0.0856,8.1560,0.0455,0.8806,72.5098,0.0000,72.5098,1.0191,0.0000,0.0000,2046,1792,202392,14.71,874.3
230,205.6924,100.0000,0.0754,0.0152,2.0211,0.0567,0.0090,3.3843,0.0013,1,0.0946,7.7573,0.0458,1.0618,72.5585,0.0000,72.5585,1.0138,0.0000,0.0000,2046,1792,202392,14.63,874.3
231,205.6980,5.5712,0.0923,0.0174,2.3689,0.0678,0.0116,81.0370,0.0012,1,0.0833,8.1722,0.0471,0.9236,73.5766,0.0000,73.5766,1.0177,0.0000,0.0000,2046,1792,202392,14.73,874.3
232,205.7816,83.6055,0.0751,0.0176,2.5788,0.0743,0.0145,81.6238,0.0014,1,0.0829,8.3252,0.0450,0.8707,72.6052,0.0000,72.6052,1.0256,0.0000,0.0000,2046,1792,202392,14.76,874.3
233,205.8660,84.3948,0.0838,0.0196,4.6516,0.0894,0.0166,75.1941,0.0009,1,0.0814,7.8368,0.0459,0.8315,70.6945,0.0000,70.6945,1.0286,0.0000,0.0000,2046,1792,202392,14.62,874.3
234,205.9460,80.0641,0.0797,0.0169,3.1954,0.0713,0.0121,163.9962,0.0012,1,0.0802,7.5265,0.0453,0.8008,72.3512,0.0000,72.3512,1.0184,0.0000,0.0000,2046,1792,202392,14.57,874.3
235,206.1134,100.0000,0.0694,0.0157,2.7014,0.0626,0.0114,81.1293,0.0015,1,0.0898,7.7486,0.0464,0.9871,75.5597,0.0000,75.5597,1.0188,0.0000,0.0000,2046,1792,202392,14.50,874.3
236,206.1974,84.0242,0.0686,0.0158,1.9008,0.0660,0.0177,2.9911,0.0016,1,0.0898,7.7585,0.0482,0.8278,72.2190,0.0000,72.2190,1.0218,0.0000,0.0000,2046,1792,202392,14.46,874.3
237,206.2025,5.0698,0.0648,0.0152,2.5672,0.0742,0.0132,162.9893,0.0026,1,0.0862,8.6138,0.0468,0.8806,71.8598,0.0000,71.8598,1.0203,0.0000,0.0000,2046,1792,202392,14.55,874.3
238,206.3683,100.0000,0.1034,0.0182,2.6194,0.0722,0.0139,3.8667,0.0013,1,0.0803,7.3357,0.0451,0.8197,73.6074,0.0000,73.6074,1.0217,0.0000,0.0000,2046,1792,202392,14.47,874.9
239,206.3750,6.7043,0.0730,0.0188,3.2614,0.0727,0.0168,76.9437,0.0012,1,0.1053,8.9761,0.0456,1.3639,71.6540,0.0000,71.6540,1.0148,0.0000,0.0000,2046,1792,202392,14.63,874.9
240,206.4554,80.3966,0.0672,0.0152,2.8908,0.0677,0.0133,80.5218,0.0016,1,0.0877,7.7669,0.0453,0.9403,72.4221,0.0000,72.4221,1.0172,0.0000,0.0000,2046,1792,202392,14.50,874.9
241,206.5389,83.5849,0.0944,0.0170,2.8425,0.0748,0.0147,81.4699,0.0013,1,0.0834,7.7295,0.0452,1.0003,72.9586,0.0000,72.9586,1.0168,0.0000,0.0000,2046,1792,202392,14.45,874.9
242,206.6235,84.5222,0.6941,0.0178,3.9072,0.0851,0.0132,77.6001,0.0015,1,0.0855,8.0281,0.0472,0.9155,71.4998,0.0000,71.4998,1.0189,0.0000,0.0000,2046,1792,202392,14.41,874.9
243,206.7058,82.3272,0.8798,0.0199,2.5572,0.0594,0.0087,77.1941,0.0017,1,0.0837,7.8867,0.0455,0.8970,71.2847,0.0000,71.2847,1.0200,0.0000,0.0000,2046,1792,202392,14.37,874.9
244,206.7865,80.7295,0.7240,0.0193,2.8154,0.0774,0.0116,160.4938,0.0012,1,0.0980,7.8441,0.0452,0.9769,70.8047,0.0000,70.8047,1.2931,0.0000,0.0000,2046,1792,202392,14.33,874.9
245,207.0551,100.0000,1.7870,0.0165,4.0081,0.0772,0.0140,6.1679,0.0011,1,0.0803,7.4391,0.0467,0.7885,73.1670,0.0000,73.1670,1.0197,0.0000,0.0000,2046,1792,202392,14.26,875.0
246,207.0672,12.0802,0.0840,0.0205,2.8982,0.0656,0.0113,80.7067,0.0012,1,0.0836,7.9197,0.0466,0.8542,95.6513,0.0000,95.6513,1.0225,0.0000,0.0000,2046,1792,202392,14.34,875.0
247,207.1510,83.7958,0.7957,0.0189,2.8798,0.0618,0.0112,3.9648,0.0009,1,0.0801,7.4838,0.0452,0.7804,70.2925,0.0000,70.2925,1.0093,0.0000,0.0000,2046,1792,202392,14.30,875.0
248,207.1588,7.7409,0.6986,0.0148,2.9052,0.0758,0.0122,73.3261,0.0011,1,0.0872,7.5892,0.0455,0.9585,70.8204,0.0000,70.8204,1.0166,0.0000,0.0000,2046,1792,202392,14.39,875.0
249,207.2358,77.0417,0.7146,0.0166,2.8517,0.0688,0.0130,78.8031,0.0012,1,0.0866,8.2381,0.0451,0.8301,71.6862,0.0000,71.6862,1.0132,0.0000,0.0000,2046,1792,202392,14.36,875.0
250,207.3183,82.4779,0.6355,0.0163,2.0531,0.0636,0.0122,78.8137,0.0014,1,0.0832,7.8870,0.0452,0.8315,70.8322,0.0000,70.8322,1.0178,0.0000,0.0000,2046,1792,202392,14.32,875.0
251,207.3999,81.6048,0.6187,0.0161,2.9759,0.0844,0.0194,80.9521,0.0009,1,0.0838,7.9750,0.0465,0.8335,75.4710,0.0000,75.4710,1.0155,0.0000,0.0000,2046,1792,202392,14.28,875.0
252,207.4846,84.6748,0.0634,0.0137,2.9588,0.0608,0.0106,77.1021,0.0011,1,0.0803,7.5985,0.0459,0.7804,69.4844,0.0000,69.4844,1.0155,0.0000,0.0000,2046,1792,202392,14.24,875.0
253,207.5648,80.2182,0.0690,0.0172,2.8171,0.0639,0.0103,77.9991,0.0021,1,0.0844,8.0528,0.0451,0.7825,69.7817,0.0000,69.7817,1.0137,0.0000,0.0000,2046,1792,202392,14.21,877.9
254,207.6458,80.9923,1.5416,0.0201,2.2641,0.0761,0.0139,80.4604,0.0014,1,0.0840,9.3084,0.0458,1.0091,73.0904,0.0000,73.0904,1.0146,0.0000,0.0000,2046,1792,202392,14.17,877.9
255,207.7301,84.3859,0.4587,0.0409,2.7496,0.0836,0.0155,158.8205,0.0014,1,0.0832,8.1586,0.0438,0.8052,70.8036,0.0000,70.8036,1.0100,0.0000,0.0000,2046,1792,202392,14.13,877.9
256,207.8923,100.0000,0.8966,0.0172,3.6167,0.0832,0.0135,4.9489,0.0011,1,0.0855,7.4475,0.0466,1.1608,69.8311,0.0000,69.8311,1.0117,0.0000,0.0000,2046,1792,202392,14.06,877.9
257,207.9019,9.5853,1.6386,0.0152,3.9235,0.0670,0.0109,69.5228,0.0012,1,0.0816,7.3385,0.0462,0.8019,70.7353,0.0000,70.7353,1.0124,0.0000,0.0000,2046,1792,202392,14.15,877.9
258,207.9771,75.1986,0.7356,0.0158,2.6016,0.0674,0.0117,156.5262,0.0010,1,0.0787,7.4428,0.0453,0.8192,69.9784,0.0000,69.9784,1.0135,0.0000,0.0000,2046,1792,202392,14.13,877.9
259,208.1371,100.0000,0.6073,0.0169,2.3338,0.0748,0.0138,3.3219,0.0014,1,0.0772,7.2764,0.0465,0.7825,70.9348,0.0000,70.9348,1.0096,0.0000,0.0000,2046,1792,202392,14.06,877.9
260,208.1435,6.3791,0.0816,0.0180,2.7150,0.1237,0.0237,77.7054,0.0010,1,0.1144,8.8009,0.0461,1.9331,70.5996,0.0000,70.5996,1.0095,0.0000,0.0000,2046,1792,202392,14.15,877.9
261,208.2241,80.6771,0.6962,0.0159,2.8570,0.0695,0.0120,158.8719,0.0011,1,0.0874,7.5923,0.0453,0.8706,72.9969,0.0000,72.9969,1.0229,0.0000,0.0000,2046,1792,202392,14.11,887.9
262,208.3867,100.0000,0.7075,0.0163,2.2868,0.0654,0.0123,3.2233,0.0012,1,0.0772,7.3302,0.0451,0.7942,70.1682,0.0000,70.1682,1.0101,0.0000,0.0000,2046,1792,202392,14.05,887.9
263,208.3930,6.3210,0.0773,0.0184,2.4517,0.0528,0.0085,75.5652,0.0012,1,0.0793,7.7687,0.0458,0.7984,70.5957,0.0000,70.5957,1.0235,0.0000,0.0000,2046,1792,202392,14.14,887.9
264,208.4712,78.1819,1.3637,0.0168,2.0158,0.0621,0.0116,160.1516,0.0010,1,0.0827,7.5248,0.0463,0.7992,72.2303,0.0000,72.2303,1.0041,0.0000,0.0000,2046,1792,202392,14.11,887.9
265,208.6348,100.0000,0.2269,0.0159,2.5150,0.0628,0.0112,3.7546,0.0011,1,0.0785,7.8417,0.0453,0.8797,72.0095,0.0000,72.0095,1.0065,0.0000,0.0000,2046,1792,202392,14.05,887.9
266,208.6414,6.6059,0.3864,0.0166,1.7657,0.0590,0.0112,76.3812,0.0012,1,0.0805,8.9561,0.0471,0.8048,70.0732,0.0000,70.0732,1.0086,0.0000,0.0000,2046,1792,202392,14.13,887.9
267,208.7200,78.6392,0.3895,0.0169,2.2480,0.0600,0.0118,83.4448,0.0012,1,0.0820,7.5896,0.0461,0.7414,75.5569,0.0000,75.5569,1.1052,0.0000,0.0000,2046,1686,189992,14.10,887.9
268,208.8062,86.1924,0.5025,0.0206,3.6012,0.0787,0.0137,80.5095,0.0013,1,0.0782,7.1070,0.0458,0.8034,74.8941,0.0000,74.8941,0.9588,0.0000,0.0000,2046,1661,187176,14.06,887.9
269,208.8910,84.7463,0.5714,0.0182,2.6920,0.0794,0.0106,76.2680,0.0017,1,0.0789,6.1472,0.0441,0.7104,72.0105,0.0000,72.0105,0.9120,0.0000,0.0000,2046,1425,160628,14.02,944.7
270,208.9707,79.6594,0.4469,0.0180,2.6989,0.0491,0.0080,75.7125,0.0014,1,0.0868,5.5108,0.0447,0.6506,70.3664,0.0000,70.3664,0.8881,0.0000,0.0000,2046,1165,130832,14.00,944.7
271,209.0496,78.9530,0.3841,0.0202,3.7288,0.0724,0.0124,74.8400,0.0012,1,0.0708,4.2429,0.0451,0.5673,73.6239,0.0000,73.6239,0.9108,0.0000,0.0000,2046,969,108748,13.97,944.7
272,209.1287,79.0815,0.4788,0.0181,1.9606,0.0563,0.0089,71.6163,0.0018,1,0.0714,3.6981,0.0445,0.6167,68.0948,0.0000,68.0948,0.8877,0.0000,0.0000,2046,793,88936,14.01,944.7
273,209.2029,74.1625,1.9544,0.0163,3.0709,0.0606,0.0116,132.4878,0.0011,1,0.0724,3.1180,0.0470,0.4953,66.3756,0.0000,66.3756,0.8873,0.0000,0.0000,2046,690,77104,13.90,944.7
274,209.3405,100.0000,0.2213,0.0397,2.6948,0.0556,0.0098,3.4446,0.0007,1,0.0658,2.2023,0.0446,0.3336,62.7720,0.0000,62.7720,1.0517,0.0000,0.0000,2046,533,59432,13.83,944.7
275,209.3470,6.4940,0.4034,0.0143,1.8108,0.0581,0.0122,56.5535,0.0007,1,0.0630,1.6130,0.0433,0.2355,59.2548,0.0000,59.2548,0.8888,0.0000,0.0000,2046,374,41376,13.92,944.7
276,209.4058,58.8657,0.6656,0.0144,1.7426,0.0439,0.0074,55.5777,0.0011,1,0.0622,0.9088,0.0430,0.1537,54.9615,0.0000,54.9615,0.8853,0.0000,0.0000,2046,216,23608,13.93,944.7
277,209.4639,58.0659,0.3722,0.0130,1.7284,0.0428,0.0072,54.5014,0.0007,1,0.0596,0.8863,0.0420,0.1521,54.6115,0.0000,54.6115,0.8888,0.0000,0.0000,2046,213,23224,13.93,944.8
278,209.5206,56.6788,0.3365,0.0126,2.5207,0.0531,0.0080,56.1329,0.0014,1,0.0575,0.7988,0.0426,0.1425,54.1095,0.0000,54.1095,0.8799,0.0000,0.0000,2046,184,20212,13.94,944.8
279,209.5797,59.0832,0.5001,0.0182,4.5250,0.0739,0.0114,50.3523,0.0010,1,0.0558,0.6851,0.0420,0.1329,52.7747,0.0000,52.7747,0.8745,0.0000,0.0000,2046,172,18676,13.94,944.8
280,209.6351,55.4978,0.0755,0.0162,3.8257,0.0761,0.0113,49.8765,0.0009,1,0.0572,0.7310,0.0428,0.1619,52.5906,0.0000,52.5906,0.8724,0.0000,0.0000,2046,174,18932,13.96,944.8
281,209.6891,53.8951,0.0617,0.0147,2.4604,0.0515,0.0085,51.6922,0.0008,1,0.0591,0.7060,0.0430,0.1475,51.4603,0.0000,51.4603,0.8884,0.0000,0.0000,2046,177,19252,14.04,944.8
282,209.7433,54.3033,0.3495,0.0127,2.0907,0.0709,0.0075,50.9765,0.0010,1,0.0635,0.8040,0.0430,0.1520,51.6793,0.0000,51.6793,0.8700,0.0000,0.0000,2046,181,19638,13.96,944.8
283,209.7969,53.5233,0.4693,0.0132,1.7313,0.0442,0.0082,51.1500,0.0010,1,0.0606,0.7453,0.0436,0.1489,51.8920,0.0000,51.8920,0.8695,0.0000,0.0000,2046,189,20534,14.01,944.8
284,209.8503,53.4337,0.3772,0.0159,2.4146,0.0457,0.0097,53.6195,0.0009,1,0.0599,0.8212,0.0420,0.1577,52.7197,0.0000,52.7197,0.8765,0.0000,0.0000,2046,197,21430,14.08,944.8
285,209.9068,56.4965,0.5835,0.0131,1.8747,0.0485,0.0079,53.1575,0.0009,1,0.0626,0.8069,0.0432,0.1651,53.6888,0.0000,53.6888,0.8687,0.0000,0.0000,2046,202,21894,14.00,944.8
286,209.9625,55.7007,0.1753,0.0124,2.3050,0.0439,0.0068,108.5861,0.0015,1,0.0633,0.8640,0.0431,0.1863,52.6897,0.0000,52.6897,0.8661,0.0000,0.0000,2046,205,22278,14.03,944.8
287,210.0737,100.0000,0.0855,0.0184,2.5964,0.0581,0.0099,3.4589,0.0010,1,0.0611,0.8471,0.0424,0.1984,52.7323,0.0000,52.7323,0.8718,0.0000,0.0000,2046,215,23494,13.99,945.4
288,210.0799,6.2423,0.0663,0.0126,2.5233,0.0595,0.0093,50.5184,0.0012,1,0.0641,1.1828,0.0425,0.2339,52.6772,0.0000,52.6772,0.8658,0.0000,0.0000,2046,233,25542,14.11,945.4
289,210.1331,53.2063,0.0729,0.0180,3.9957,0.0767,0.0112,53.3507,0.0012,1,0.0612,1.1144,0.0430,0.2077,52.3769,0.0000,52.3769,0.8463,0.0000,0.0000,2046,263,28870,14.15,945.4
290,210.1906,57.5432,0.4435,0.0146,3.5905,0.0705,0.0104,49.9599,0.0012,1,0.0634,1.0895,0.0428,0.2578,53.0235,0.0000,53.0235,0.8668,0.0000,0.0000,2046,265,29126,14.18,945.4
291,210.2448,54.1036,0.0593,0.0126,3.2064,0.0600,0.0089,50.0574,0.0011,1,0.0598,1.1218,0.0430,0.2324,50.6761,0.0000,50.6761,0.8430,0.0000,0.0000,2046,280,30758,14.22,945.4
292,210.2982,53.4238,0.0637,0.0152,2.0870,0.0517,0.0082,51.6149,0.0007,1,0.0679,1.3157,0.0414,0.2903,51.1744,0.0000,51.1744,0.8384,0.0000,0.0000,2046,308,33906,14.27,945.4
293,210.3520,53.8547,0.0542,0.0108,2.7969,0.0637,0.0104,51.9022,0.0008,1,0.0652,1.3676,0.0413,0.2724,51.5418,0.0000,51.5418,0.8270,0.0000,0.0000,2046,333,36722,14.31,945.4
294,210.4069,54.8533,0.0627,0.0119,1.7800,0.0422,0.0071,57.3558,0.0009,1,0.0622,1.4641,0.0430,0.2851,56.1765,0.0000,56.1765,0.8255,0.0000,0.0000,2046,361,39954,14.37,945.4
295,210.4662,59.2741,0.0486,0.0103,2.0626,0.0431,0.0100,54.5983,0.0007,1,0.0617,1.5809,0.0430,0.3277,53.5834,0.0000,53.5834,0.8340,0.0000,0.0000,2046,391,43282,14.41,945.4
296,210.5229,56.7850,0.0492,0.0112,1.9316,0.0458,0.0078,57.7151,0.0012,1,0.0614,1.7043,0.0431,0.3355,53.6643,0.0000,53.6643,0.8295,0.0000,0.0000,2046,424,46970,14.46,945.4
297,210.5827,59.7775,0.0637,0.0164,4.0717,0.0779,0.0117,112.0004,0.0011,1,0.0661,2.0500,0.0418,0.4362,55.1586,0.0000,55.1586,0.8275,0.0000,0.0000,2046,459,50906,14.53,945.4
298,210.6990,100.0000,0.4969,0.0171,2.8106,0.0497,0.0077,3.2445,0.0010,1,0.0629,1.9680,0.0410,0.3912,54.9975,0.0000,54.9975,0.8283,0.0000,0.0000,2046,494,54938,14.38,945.4
299,210.7056,6.6411,0.0628,0.0131,2.9052,0.0477,0.0071,59.2457,0.0009,1,0.0667,2.2759,0.0419,0.4381,60.4287,0.0000,60.4287,0.8333,0.0000,0.0000,2046,535,59610,14.51,945.4
300,210.7679,62.2954,0.3789,0.0128,2.1150,0.0485,0.0071,59.4439,0.0008,1,0.0628,2.4634,0.0433,0.4729,58.0881,0.0000,58.0881,0.8637,0.0000,0.0000,2046,606,67580,14.56,945.4
301,210.8299,62.0235,0.4023,0.0217,1.9669,0.0478,0.0074,61.7638,0.0009,1,0.0645,2.4497,0.0430,0.4814,57.9576,0.0000,57.9576,0.8362,0.0000,0.0000,2046,612,68220,14.61,945.4
302,210.8942,64.2247,0.3707,0.0142,3.2171,0.0611,0.0083,57.6150,0.0009,1,0.0657,2.5617,0.0428,0.5114,58.3090,0.0000,58.3090,0.8438,0.0000,0.0000,2046,650,72508,14.65,945.4
303,210.9555,61.3002,0.3443,0.0128,3.1991,0.0562,0.0083,61.9947,0.0011,1,0.0665,2.7997,0.0430,0.6553,61.4162,0.0000,61.4162,0.8451,0.0000,0.0000,2046,694,77404,14.72,945.4
304,211.0211,65.6331,0.3786,0.0115,2.4993,0.0542,0.0086,125.3808,0.0013,1,0.0685,3.0246,0.0433,0.6746,58.1972,0.0000,58.1972,0.8375,0.0000,0.0000,2046,738,82524,14.62,945.4
305,211.1495,100.0000,0.5388,0.0174,2.5766,0.0876,0.0160,4.0037,0.0012,1,0.0669,3.0803,0.0430,0.6052,57.3721,0.0000,57.3721,0.8607,0.0000,0.0000,2046,774,86620,14.60,945.4
306,211.1567,7.2563,0.0646,0.0154,3.4873,0.0601,0.0091,56.8006,0.0006,1,0.0662,3.4088,0.0430,0.7103,57.7504,0.0000,57.7504,0.8494,0.0000,0.0000,2046,817,91388,14.76,945.4
307,211.2172,60.4507,0.4128,0.0157,3.2918,0.0627,0.0090,60.9630,0.0013,1,0.0661,3.5971,0.0429,0.8008,58.7362,0.0000,58.7362,0.8708,0.0000,0.0000,2046,879,98366,14.67,945.4
308,211.2819,64.7742,0.3784,0.0115,2.6275,0.0554,0.0076,60.8278,0.0011,1,0.0686,3.8875,0.0441,0.7987,58.3368,0.0000,58.3368,0.8500,0.0000,0.0000,2046,883,98750,14.71,945.4
309,211.3459,63.9268,0.3837,0.0154,2.2182,0.0464,0.0068,62.3523,0.0011,1,0.0690,3.8916,0.0429,0.9425,57.6772,0.0000,57.6772,0.8506,0.0000,0.0000,2046,925,103466,14.77,945.4
310,211.4109,65.0453,1.4131,0.0148,2.3421,0.0560,0.0077,58.1875,0.0011,1,0.1268,3.8668,0.0442,0.8654,56.8436,0.0000,56.8436,0.8455,0.0000,0.0000,2046,961,107626,14.83,945.4
311,211.4729,62.0389,0.5491,0.0119,3.0225,0.0703,0.0103,123.3480,0.0014,1,0.0758,4.2477,0.0430,0.8770,56.3856,0.0000,56.3856,0.8417,0.0000,0.0000,2046,1003,112266,14.90,945.4
312,211.6000,100.0000,0.0756,0.0207,2.5928,0.0626,0.0101,4.3618,0.0010,1,0.0718,4.2387,0.0430,0.7904,57.6084,0.0000,57.6084,0.8296,0.0000,0.0000,2046,1037,116490,14.74,945.4
313,211.6071,7.1407,0.0587,0.0136,3.1837,0.0697,0.0099,55.0117,0.0010,1,0.0715,4.6003,0.0430,0.7730,55.3291,0.0000,55.3291,0.8537,0.0000,0.0000,2046,1069,120842,14.88,945.4
314,211.6655,58.3656,0.0567,0.0152,2.1840,0.0591,0.0070,64.3460,0.0009,1,0.0810,4.8461,0.0430,0.8827,56.8889,0.0000,56.8889,0.8463,0.0000,0.0000,2046,1137,127786,14.95,945.4
315,211.7322,66.7035,0.0754,0.0152,4.0058,0.0728,0.0103,60.9489,0.0012,1,0.0725,4.5796,0.0432,0.9396,57.0173,0.0000,57.0173,0.8473,0.0000,0.0000,2046,1140,128042,15.00,945.4
316,211.7973,65.1451,0.0608,0.0148,2.9491,0.0527,0.0081,61.8934,0.0013,1,0.0724,4.8006,0.0435,0.9998,59.8220,0.0000,59.8220,0.8473,0.0000,0.0000,2046,1183,132850,15.06,945.4
317,211.8623,64.9970,0.0676,0.0173,2.7793,0.0520,0.0079,66.2078,0.0017,1,0.0822,5.0422,0.0436,1.0030,60.1344,0.0000,60.1344,0.8678,0.0000,0.0000,2046,1225,137470,15.10,945.4
318,211.9315,69.1528,0.0744,0.0167,2.6166,0.0553,0.0080,64.9577,0.0013,1,0.0819,5.3283,0.0439,1.1225,61.5429,0.0000,61.5429,0.8849,0.0000,0.0000,2046,1261,141408,15.16,945.4
319,211.9992,67.7529,0.4465,0.0302,2.2717,0.0717,0.0112,66.9183,0.0010,1,0.0736,5.8298,0.0444,1.0967,61.6948,0.0000,61.6948,0.8773,0.0000,0.0000,2046,1305,146464,15.05,945.4
320,212.0690,69.7672,0.3895,0.0162,2.8236,0.0542,0.0153,70.0886,0.0011,1,0.0802,5.6949,0.0438,1.0262,63.9460,0.0000,63.9460,0.8760,0.0000,0.0000,2046,1348,151144,15.09,945.4
321,212.1424,73.4062,0.0715,0.0162,3.9755,0.0536,0.0084,68.5590,0.0011,1,0.0766,5.7493,0.0449,0.9994,63.7951,0.0000,63.7951,0.8767,0.0000,0.0000,2046,1388,155656,15.13,945.4
322,212.2151,72.7049,0.4867,0.0165,4.0549,0.0747,0.0108,141.1201,0.0013,1,0.0791,5.7647,0.0447,1.0998,64.8868,0.0000,64.8868,0.8845,0.0000,0.0000,2046,1419,159170,15.16,945.4
323,212.3609,100.0000,0.4481,0.0185,3.0385,0.0578,0.0098,3.2989,0.0011,1,0.0751,5.7221,0.0451,0.9299,65.7098,0.0000,65.7098,0.8748,0.0000,0.0000,2046,1439,161538,15.16,946.5
324,212.3678,6.8900,0.0705,0.0161,3.5572,0.0620,0.0096,71.4886,0.0013,1,0.0765,6.3103,0.0471,1.1121,69.0990,0.0000,69.0990,0.8709,0.0000,0.0000,2046,1454,163266,15.16,946.5
325,212.4430,75.2250,0.5103,0.0214,2.9075,0.0598,0.0105,76.4010,0.0015,1,0.0773,5.9254,0.0461,0.8704,69.9308,0.0000,69.9308,0.8726,0.0000,0.0000,2046,1436,161080,15.18,946.5
326,212.6256,100.0000,0.3307,0.0181,5.0148,0.0764,0.0140,4.8525,0.0008,1,0.0772,5.8939,0.0456,0.9110,94.0101,0.0000,94.0101,1.1082,0.0000,0.0000,2046,1437,161208,15.18,946.5
327,212.6359,10.3215,0.0648,0.0135,2.7794,0.0622,0.0138,72.2926,0.0014,1,0.0778,6.0782,0.0465,0.8865,78.8750,0.0000,78.8750,0.8745,0.0000,0.0000,2046,1403,157464,15.18,946.5
328,212.7111,75.2455,0.0790,0.0162,2.4670,0.0636,0.0137,80.3606,0.0014,1,0.0745,5.7812,0.0454,0.7854,73.8581,0.0000,73.8581,0.8765,0.0000,0.0000,2046,1359,152596,15.19,946.5
329,212.7942,83.0242,1.2607,0.0199,3.2611,0.4311,0.0138,81.4787,0.0019,1,0.0774,5.6333,0.0469,0.9880,75.8389,0.0000,75.8389,0.8766,0.0000,0.0000,2046,1354,152108,15.19,946.5
330,212.8806,86.4877,0.2395,0.0223,3.3524,0.0961,0.0163,79.8615,0.0014,1,0.0867,6.4262,0.0463,1.1469,78.5158,0.0000,78.5158,0.8790,0.0000,0.0000,2046,1316,148030,15.20,946.5
331,212.9642,83.6061,1.7152,0.0210,3.4027,0.0552,0.0095,80.2883,0.0018,1,0.0825,5.7403,0.0466,0.8441,76.9736,0.0000,76.9736,0.8749,0.0000,0.0000,2046,1293,146068,15.23,776.0
332,213.0498,85.5100,0.5256,0.0183,2.4473,0.0590,0.0127,92.6629,0.0012,1,0.0868,5.9080,0.0474,0.7562,87.1738,0.0000,87.1738,0.8756,0.0000,0.0000,2046,1287,144852,15.08,776.0
333,213.1455,95.7446,0.6858,0.0197,3.8803,0.0702,0.0126,82.3348,0.0011,1,0.0838,5.5638,0.0454,0.7026,79.0623,0.0000,79.0623,0.8722,0.0000,0.0000,2046,1282,144340,15.06,776.0
334,213.2325,87.0204,0.9177,0.0170,2.8346,0.0543,0.0097,89.2211,0.0008,1,0.0883,5.4079,0.0471,0.7661,86.4880,0.0000,86.4880,0.8774,0.0000,0.0000,2046,1281,144276,15.05,776.0
335,213.3256,93.0707,0.6846,0.0130,1.4554,0.0457,0.0092,192.7116,0.0009,1,0.0834,5.6822,0.0467,0.9114,96.0043,0.0000,96.0043,0.8724,0.0000,0.0000,2046,1281,144276,15.04,776.0
336,213.5205,100.0000,0.0694,0.0159,2.2069,0.0713,0.0121,3.4971,0.0007,1,0.0828,5.0687,0.0454,0.6783,81.5192,0.0000,81.5192,0.8764,0.0000,0.0000,2046,1281,144276,15.01,776.0
337,213.5264,5.8873,0.2624,0.0144,2.3089,0.0506,0.0100,93.9101,0.0019,1,0.0805,5.2613,0.0465,0.7802,90.6225,0.0000,90.6225,0.8720,0.0000,0.0000,2046,1281,144276,15.16,776.0
338,213.6230,96.5664,0.6416,0.0147,2.0001,0.0496,0.0101,179.0058,0.0014,1,0.1017,5.2492,0.0456,0.7478,90.2583,0.0000,90.2583,0.8740,0.0000,0.0000,2046,1281,144276,15.17,741.6
339,213.8047,100.0000,0.7065,0.0166,2.3739,0.0588,0.0129,3.1344,0.0008,1,0.0829,5.7773,0.0486,0.6697,77.3678,0.0000,77.3678,0.8760,0.0000,0.0000,2046,1281,144276,14.99,741.6
340,213.8111,6.3157,0.0512,0.0111,2.0525,0.0504,0.0094,96.9385,0.0013,1,0.0864,5.2284,0.0453,0.7535,94.8254,0.0000,94.8254,0.8735,0.0000,0.0000,2046,1281,144276,15.13,741.6
341,213.9102,99.1225,0.0633,0.0149,3.0521,0.0488,0.0096,182.8255,0.0010,1,0.0810,5.3208,0.0452,0.6734,93.2443,0.0000,93.2443,0.8764,0.0000,0.0000,2046,1281,144276,15.11,741.6
342,214.0962,100.0000,0.6735,0.0202,2.4099,0.0648,0.0135,3.8064,0.0009,1,0.0819,5.0983,0.0474,0.6961,77.2443,0.0000,77.2443,0.8766,0.0000,0.0000,2046,1281,144276,15.07,741.6
343,214.1032,6.9964,0.0613,0.0143,2.3516,0.0582,0.0109,81.6602,0.0009,1,0.0817,5.3686,0.0468,0.9421,80.4179,0.0000,80.4179,0.8612,0.0000,0.0000,2046,1281,144276,15.22,741.6
344,214.1873,84.1648,0.4696,0.0146,3.2955,0.0588,0.0112,84.1300,0.0011,1,0.1022,5.8976,0.0456,1.0665,77.3450,0.0000,77.3450,0.8686,0.0000,0.0000,2046,1281,144276,15.22,741.6
345,214.2753,87.9887,1.1105,0.0180,2.0720,0.0451,0.0090,83.4129,0.0010,1,0.0873,6.3359,0.0459,1.0389,79.1266,0.0000,79.1266,0.8739,0.0000,0.0000,2046,1281,144276,15.24,741.6
346,214.3620,86.6765,0.6050,0.0171,1.7549,0.0734,0.0134,85.1052,0.0012,1,0.0881,5.8339,0.0466,0.8864,78.9034,0.0000,78.9034,0.8788,0.0000,0.0000,2046,1281,144276,15.09,756.8
347,214.4496,87.5776,0.7693,0.0174,2.3022,0.0748,0.0158,84.6075,0.0012,1,0.0925,6.9787,0.0465,1.0141,78.5683,0.0000,78.5683,0.8818,0.0000,0.0000,2046,1281,144276,15.07,756.8
348,214.5374,87.7959,0.5503,0.0186,2.7582,0.0589,0.0127,171.2417,0.0011,1,0.0894,5.7603,0.0465,0.8704,79.7088,0.0000,79.7088,0.8754,0.0000,0.0000,2046,1281,144276,15.06,756.8
349,214.7120,100.0000,0.8136,0.0154,2.0979,0.0648,0.0115,3.8134,0.0009,1,0.1006,6.2202,0.0465,0.9411,78.2067,0.0000,78.2067,0.8787,0.0000,0.0000,2046,1281,144276,15.03,756.8
350,214.7189,6.8242,0.0722,0.0130,3.4228,0.1011,0.0143,78.5695,0.0018,1,0.0877,5.4643,0.0453,0.8958,77.6066,0.0000,77.6066,0.8785,0.0000,0.0000,2046,1281,144276,15.21,756.8
351,214.8011,82.2036,0.0713,0.0221,2.7837,0.0561,0.0128,172.4321,0.0015,1,0.0887,5.7112,0.0451,0.6822,81.1398,0.0000,81.1398,0.8785,0.0000,0.0000,2046,1281,144276,15.06,756.8
352,214.9765,100.0000,0.0756,0.0189,2.4730,0.0647,0.0136,3.6688,0.0012,1,0.1034,6.9171,0.0470,0.9851,76.0572,0.0000,76.0572,0.8752,0.0000,0.0000,2046,1281,144276,15.03,756.8
353,214.9828,6.3213,0.0592,0.0167,2.2351,0.0562,0.0102,78.6387,0.0012,1,0.1712,5.4845,0.0467,0.8971,75.6071,0.0000,75.6071,0.8734,0.0000,0.0000,2046,1281,144276,15.18,756.8
354,215.0638,81.0464,0.0920,0.0178,2.9914,0.0655,0.0115,165.9135,0.0013,1,0.0860,5.4621,0.0458,0.7201,78.1962,0.0000,78.1962,0.8750,0.0000,0.0000,2046,1281,144276,15.18,790.2
355,215.2329,100.0000,0.0656,0.0162,2.9687,0.1254,0.0238,4.3144,0.0009,1,0.0902,5.2767,0.0459,0.7167,76.4785,0.0000,76.4785,0.8761,0.0000,0.0000,2046,1281,144276,15.18,790.2
356,215.2404,7.5219,0.0555,0.0161,1.9386,0.0534,0.0098,79.2542,0.0014,1,0.0842,6.1866,0.0453,1.0503,76.9241,0.0000,76.9241,0.8717,0.0000,0.0000,2046,1281,144276,15.33,790.2
357,215.3218,81.3368,0.0668,0.0161,2.5858,0.0815,0.0185,88.4952,0.0013,1,0.0845,5.4332,0.0455,0.8869,83.3796,0.0000,83.3796,0.8746,0.0000,0.0000,2046,1281,144276,15.18,790.2
358,215.4131,91.2730,0.0553,0.0157,1.8974,0.0581,0.0101,85.1382,0.0011,1,0.0833,5.5558,0.0465,0.6953,79.1280,0.0000,79.1280,0.8699,0.0000,0.0000,2046,1281,144276,15.20,790.2
359,215.5002,87.1839,0.0762,0.0164,2.9679,0.0895,0.0163,82.1882,0.0013,1,0.0891,6.0238,0.0469,0.7394,75.8506,0.0000,75.8506,0.8732,0.0000,0.0000,2046,1281,144276,15.04,790.2
360,215.5856,85.3647,0.0584,0.0168,4.0495,0.0741,0.0141,81.1501,0.0013,1,0.0868,5.7148,0.0464,0.8498,77.7159,0.0000,77.7159,0.8756,0.0000,0.0000,2046,1281,144276,15.03,790.2
361,215.6710,85.3722,0.0827,0.0171,3.1872,0.0697,0.0132,79.4848,0.0014,1,0.0847,5.6378,0.0458,0.8047,74.6035,0.0000,74.6035,0.8749,0.0000,0.0000,2046,1281,144276,15.03,802.8
362,215.7538,82.8644,0.1217,0.0149,3.0174,0.0530,0.0109,79.5782,0.0010,1,0.0928,5.4721,0.0460,0.7491,75.6955,0.0000,75.6955,0.8720,0.0000,0.0000,2046,1281,144276,15.03,802.8
363,215.8366,82.8047,0.0624,0.0165,3.0170,0.0598,0.0111,80.1756,0.0010,1,0.0851,5.4786,0.0469,0.7100,73.7038,0.0000,73.7038,0.8679,0.0000,0.0000,2046,1281,144276,15.03,802.8
364,215.9200,83.3518,0.0712,0.0168,3.1758,0.0570,0.0107,78.9909,0.0011,1,0.0990,5.4493,0.0464,0.8975,75.7329,0.0000,75.7329,0.8705,0.0000,0.0000,2046,1281,144276,15.03,802.8
365,216.0023,82.3309,0.0756,0.0169,3.2767,0.0699,0.0130,77.6638,0.0011,1,0.0829,5.4092,0.0452,0.7046,73.9136,0.0000,73.9136,0.8731,0.0000,0.0000,2046,1281,144276,15.06,802.8
366,216.0835,81.1246,0.0683,0.0148,2.1363,0.0526,0.0195,81.6474,0.0014,1,0.0930,5.5619,0.0469,0.7579,74.5692,0.0000,74.5692,0.8762,0.0000,0.0000,2046,1281,144276,14.93,802.8
367,216.1674,83.9488,0.0609,0.0152,2.6661,0.0571,0.0112,82.9329,0.0013,1,0.0898,6.2170,0.0452,0.7373,77.3213,0.0000,77.3213,0.8690,0.0000,0.0000,2046,1281,144276,14.93,802.8
368,216.2532,85.7526,0.0770,0.0143,2.3532,0.0542,0.0118,77.9739,0.0017,1,0.0885,5.4095,0.0463,0.7990,72.9526,0.0000,72.9526,0.8732,0.0000,0.0000,2046,1281,144276,14.79,806.5
369,216.3336,80.4951,0.0725,0.0173,2.3958,0.0512,0.0103,163.6209,0.0022,1,0.0871,5.3823,0.0456,0.7828,72.5296,0.0000,72.5296,0.8626,0.0000,0.0000,2046,1281,144276,14.78,806.5
370,216.4998,100.0000,0.0942,0.0255,2.6451,0.0708,0.0153,4.3923,0.0009,1,0.0832,5.1283,0.0460,0.7074,77.4262,0.0000,77.4262,0.8701,0.0000,0.0000,2046,1281,144276,14.75,806.5
371,216.5071,7.2515,0.0615,0.0137,2.5667,0.0641,0.0119,76.4406,0.0011,1,0.0868,6.1028,0.0456,0.9270,74.1964,0.0000,74.1964,0.8679,0.0000,0.0000,2046,1281,144276,14.88,806.5
372,216.5863,79.1675,0.0672,0.0154,2.8387,0.0587,0.0113,162.4937,0.0018,1,0.0834,5.5760,0.0458,0.7728,73.8646,0.0000,73.8646,0.8648,0.0000,0.0000,2046,1281,144276,14.89,806.5
373,216.7518,100.0000,0.0859,0.0184,3.3506,0.0784,0.0137,4.5894,0.0014,1,0.0916,5.2572,0.0455,0.8333,75.4363,0.0000,75.4363,0.8668,0.0000,0.0000,2046,1281,144276,14.86,806.5
374,216.7599,8.1460,0.1218,0.0169,4.8016,0.1013,0.0180,71.5855,0.0013,1,0.0841,5.1404,0.0458,0.7011,72.9249,0.0000,72.9249,0.8660,0.0000,0.0000,2046,1281,144276,14.99,806.5
375,216.8365,76.6554,0.0777,0.0175,2.9524,0.0608,0.0131,159.0188,0.0012,1,0.0748,5.3522,0.0465,0.8248,74.3271,0.0000,74.3271,0.8784,0.0000,0.0000,2046,1281,144276,15.01,806.5
376,216.9987,100.0000,0.0761,0.0147,2.3974,0.0630,0.0137,3.5279,0.0012,1,0.0859,5.2219,0.0460,0.7547,73.5374,0.0000,73.5374,0.8663,0.0000,0.0000,2046,1281,144276,15.01,801.1
377,217.0048,6.1016,0.0679,0.0174,2.0884,0.0541,0.0098,78.1381,0.0013,1,0.0761,5.5077,0.0467,0.7926,74.1970,0.0000,74.1970,0.8598,0.0000,0.0000,2046,1281,144276,15.01,801.1
378,217.0852,80.3847,0.0751,0.0163,3.4330,0.0780,0.0198,76.4101,0.0012,1,0.0867,5.3650,0.0454,0.8724,72.9169,0.0000,72.9169,0.8634,0.0000,0.0000,2046,1281,144276,15.00,801.1
379,217.1652,80.0408,0.0658,0.0156,2.8967,0.0586,0.0106,79.5855,0.0013,1,0.0811,5.3712,0.0454,0.7211,75.3603,0.0000,75.3603,0.8621,0.0000,0.0000,2046,1281,144276,15.04,801.1
380,217.2479,82.6424,0.0722,0.0165,2.5361,0.0675,0.0139,83.1996,0.0016,1,0.0862,5.5762,0.0456,0.8131,76.5433,0.0000,76.5433,0.8650,0.0000,0.0000,2046,1281,144276,14.90,801.1
381,217.3338,85.9158,0.0662,0.0164,3.1195,0.0611,0.0111,75.0541,0.0009,1,0.0897,5.9043,0.0454,0.6943,72.0937,0.0000,72.0937,0.8581,0.0000,0.0000,2046,1281,144276,14.89,801.1
382,217.4121,78.3365,0.0571,0.0148,2.0392,0.0523,0.0102,78.3359,0.0012,1,0.0829,5.3596,0.0485,0.6941,71.8079,0.0000,71.8079,0.8607,0.0000,0.0000,2046,1281,144276,14.93,801.1
383,217.4926,80.5184,0.4632,0.0175,2.0992,0.0765,0.0153,78.9910,0.0009,1,0.0903,5.7231,0.0456,0.8356,73.1956,0.0000,73.1956,0.8701,0.0000,0.0000,2046,1281,144276,14.79,801.1
384,217.5743,81.6792,1.4003,0.0198,2.1209,0.0692,0.0123,79.0907,0.0014,1,0.0903,5.6412,0.0463,0.8574,74.4846,0.0000,74.4846,0.8583,0.0000,0.0000,2046,1281,144276,14.79,798.7
385,217.6570,82.7336,0.3972,0.0139,2.0661,0.0455,0.0093,82.0393,0.0019,1,0.0864,5.5731,0.0453,0.7496,77.1293,0.0000,77.1293,0.8680,0.0000,0.0000,2046,1291,145364,14.82,798.7
386,217.7416,84.5912,0.8057,0.0207,1.9218,0.0607,0.0140,82.9518,0.0012,1,0.0882,5.9260,0.0471,0.8069,76.8568,0.0000,76.8568,0.8705,0.0000,0.0000,2046,1308,147252,14.68,798.7
387,217.8274,85.7948,0.2329,0.0183,2.4818,0.0496,0.0078,82.8841,0.0013,1,0.0835,5.7763,0.0469,0.7969,77.6198,0.0000,77.6198,0.8696,0.0000,0.0000,2046,1321,148852,14.66,798.7
388,217.9131,85.6951,0.0780,0.0171,2.7643,0.0776,0.0142,81.3593,0.0009,1,0.0896,6.0564,0.0460,0.8646,75.1334,0.0000,75.1334,0.8693,0.0000,0.0000,2046,1362,153310,14.67,798.7
389,217.9975,84.3295,0.0604,0.0135,2.5224,0.0590,0.0092,80.5601,0.0010,1,0.0849,6.0773,0.0463,0.8467,75.4235,0.0000,75.4235,0.8707,0.0000,0.0000,2046,1409,158464,14.67,798.7
390,218.0807,83.2667,0.1027,0.0178,2.2864,0.0679,0.0114,86.0721,0.0012,1,0.0903,6.6564,0.0468,1.0341,77.8141,0.0000,77.8141,0.8599,0.0000,0.0000,2046,1458,164098,14.66,798.8
391,218.1693,88.5771,0.0567,0.0148,2.6829,0.0850,0.0124,81.7708,0.0015,1,0.0908,6.9427,0.0452,1.1116,75.5885,0.0000,75.5885,0.8560,0.0000,0.0000,2046,1507,169442,14.64,798.8
392,218.2540,84.6442,0.6469,0.0201,2.1669,0.0775,0.0141,79.4114,0.0014,1,0.1160,7.5282,0.0464,1.1645,71.3014,0.0000,71.3014,0.8396,0.0000,0.0000,2046,1546,173986,14.63,798.8
393,218.4617,100.0000,3.6464,0.0204,5.2509,0.1039,0.0161,6.8302,0.0012,1,0.0868,6.5501,0.0453,0.9979,84.7131,0.0000,84.7131,0.9806,0.0000,0.0000,2046,1600,180098,14.59,798.8
394,218.4776,15.8873,0.2728,0.0201,3.2061,0.0907,0.0133,40.3012,0.0013,1,0.0891,7.2948,0.0471,1.1514,80.2497,0.0000,80.2497,0.8297,0.0000,0.0000,2046,1641,184770,14.74,798.8
395,218.5215,43.9262,0.9742,0.0183,2.7358,0.0561,0.0085,74.8325,0.0014,1,0.0910,7.0449,0.0465,1.1492,69.5432,0.0000,69.5432,0.8260,0.0000,0.0000,2046,1690,190178,14.67,798.8
396,218.6002,78.6443,0.5438,0.0176,3.5503,0.0683,0.0103,152.8228,0.0015,1,0.0922,7.1386,0.0455,1.1352,70.5959,0.0000,70.5959,0.8138,0.0000,0.0000,2046,1698,191202,14.63,798.8
397,218.7572,100.0000,0.4560,0.0187,3.1578,0.0648,0.0108,4.0500,0.0012,1,0.0888,6.8379,0.0452,0.9759,69.6461,0.0000,69.6461,0.8037,0.0000,0.0000,2046,1714,193002,14.56,790.5
398,218.7650,7.7769,0.0678,0.0174,2.5466,0.0594,0.0129,71.0295,0.0014,1,0.1069,7.2388,0.0465,1.1565,68.4794,0.0000,68.4794,0.8009,0.0000,0.0000,2046,1748,196778,14.65,790.5
399,218.8387,73.7528,0.7420,0.0157,2.3428,0.0578,0.0101,150.7300,0.0012,1,0.0905,7.9631,0.0467,0.9465,65.6291,0.0000,65.6291,0.7930,0.0000,0.0000,2046,1784,200874,14.62,790.5
400,218.9927,100.0000,0.0928,0.0201,2.5725,0.0677,0.0110,4.0570,0.0012,1,0.0926,7.1546,0.0464,1.0246,66.7576,0.0000,66.7576,0.7966,0.0000,0.0000,2046,1787,201194,14.54,790.5
401,218.9995,6.8407,0.0757,0.0189,2.7616,0.0611,0.0088,69.2762,0.0012,1,0.1069,7.7450,0.0464,1.1496,65.0975,0.0000,65.0975,0.7820,0.0000,0.0000,2046,1816,204490,14.63,790.5
402,219.0717,72.2232,0.0724,0.0177,3.0593,0.0607,0.0107,70.1553,0.0011,1,0.1010,8.4901,0.0464,0.9607,61.0900,0.0000,61.0900,0.7674,0.0000,0.0000,2046,1853,208650,14.59,790.5
403,219.1451,73.3958,0.1142,0.0194,4.0394,0.0732,0.0111,69.9747,0.0011,1,0.0901,8.0634,0.0452,0.9865,62.4194,0.0000,62.4194,0.7663,0.0000,0.0000,2046,1855,208842,14.56,790.5
404,219.2194,74.2518,0.0747,0.0215,4.6643,0.0614,0.0091,64.4339,0.0013,1,0.0961,7.5949,0.0451,1.0916,60.7958,0.0000,60.7958,0.7653,0.0000,0.0000,2046,1872,210714,14.52,790.5
405,219.2887,69.2846,0.1851,0.0197,2.7616,0.0628,0.0080,66.1381,0.0012,1,0.0924,7.8614,0.0456,0.9898,58.9034,0.0000,58.9034,0.7572,0.0000,0.0000,2046,1894,213274,14.50,790.5
406,219.3578,69.1939,0.0793,0.0163,2.6194,0.0689,0.0141,65.4749,0.0012,1,0.0929,7.9614,0.0451,1.0026,58.3671,0.0000,58.3671,0.7530,0.0000,0.0000,2046,1906,214618,14.48,783.1
407,219.4261,68.2938,0.0786,0.0184,3.2688,0.0742,0.0126,62.5774,0.0011,1,0.1006,8.2994,0.0463,1.1018,56.4895,0.0000,56.4895,0.9139,0.0000,0.0000,2046,1918,216026,14.53,783.1
408,219.4922,66.0481,0.0667,0.0144,2.0603,0.0592,0.0112,131.4181,0.0010,1,0.0912,8.1646,0.0451,1.0330,56.6476,0.0000,56.6476,0.7558,0.0000,0.0000,2046,1927,216962,14.43,783.1
409,219.6258,100.0000,0.0699,0.0186,3.4659,0.0789,0.0142,4.4345,0.0014,1,0.0981,7.9995,0.0449,1.0957,54.5588,0.0000,54.5588,0.7509,0.0000,0.0000,2046,1933,217602,14.35,783.1
410,219.6339,8.1047,0.0845,0.0212,3.0988,0.0734,0.0109,58.7555,0.0012,1,0.1005,9.1383,0.0440,1.5733,54.2183,0.0000,54.2183,0.7561,0.0000,0.0000,2046,1938,218062,14.43,783.1
411,219.6960,62.0623,0.0685,0.0158,2.0935,0.0612,0.0098,61.0713,0.0013,1,0.0843,9.4740,0.0444,1.1615,50.7217,0.0000,50.7217,0.7550,0.0000,0.0000,2046,1938,218062,14.42,783.1
412,219.7593,63.3396,0.2250,0.0177,3.2825,0.0727,0.0118,59.1004,0.0011,1,0.0881,8.4277,0.0449,1.0522,52.4783,0.0000,52.4783,0.7517,0.0000,0.0000,2046,1938,218062,14.40,783.1
413,219.8221,62.7272,0.2418,0.0158,2.8318,0.0629,0.0118,58.2628,0.0015,1,0.0943,8.3436,0.0446,1.0655,50.8466,0.0000,50.8466,0.7572,0.0000,0.0000,2046,1939,218074,14.39,783.1
414,219.8835,61.4496,0.1333,0.0172,2.4217,0.0783,0.0135,60.2507,0.0017,1,0.1012,9.8918,0.0446,1.5292,48.7821,0.0000,48.7821,0.7678,0.0000,0.0000,2046,1939,218074,14.37,783.1
415,219.9465,62.9360,0.2707,0.0200,2.7072,0.0630,0.0096,112.2789,0.0011,1,0.0927,8.1194,0.0433,1.0312,47.1356,0.0000,47.1356,0.7576,0.0000,0.0000,2046,1939,218074,14.37,800.0
416,220.0618,100.0000,1.9537,0.0182,2.0369,0.0547,0.0099,3.3303,0.0015,1,0.0865,7.9413,0.0451,0.9898,48.4438,0.0000,48.4438,0.7692,0.0000,0.0000,2046,1939,218074,14.29,800.0
417,220.0692,7.4224,0.2203,0.0164,2.4166,0.0604,0.0083,50.7093,0.0011,1,0.0950,8.5129,0.0447,1.2078,45.9726,0.0000,45.9726,0.7593,0.0000,0.0000,2046,1957,219942,14.38,800.0
418,220.1227,53.4491,0.5450,0.0209,3.1505,0.0619,0.0104,57.1144,0.0012,1,0.0904,8.9738,0.0436,1.0675,48.6931,0.0000,48.6931,0.7863,0.0000,0.0000,2046,1999,224722,14.46,800.0
419,220.1836,60.9216,0.4865,0.0168,2.2442,0.0676,0.0100,56.7745,0.0015,1,0.0948,8.6491,0.0451,1.0974,48.3007,0.0000,48.3007,0.7840,0.0000,0.0000,2046,1999,224722,14.37,800.0
420,220.2432,59.6208,0.4271,0.0171,1.9423,0.0538,0.0097,56.0900,0.0010,1,0.0896,8.9907,0.0435,1.0377,47.7967,0.0000,47.7967,0.7898,0.0000,0.0000,2046,1997,224404,14.37,800.0
421,220.3018,58.5582,0.6503,0.0164,1.7799,0.0919,0.0145,57.4601,0.0011,1,0.0942,8.9784,0.0435,1.3868,48.1804,0.0000,48.1804,0.7956,0.0000,0.0000,2046,1978,222228,14.38,800.0
422,220.3618,60.0319,0.4559,0.0179,2.2149,0.0613,0.0104,57.7204,0.0016,1,0.1008,8.8172,0.0447,1.0682,46.6444,0.0000,46.6444,0.7923,0.0000,0.0000,2046,1948,218860,14.39,800.0
423,220.4223,60.5046,0.5590,0.0205,4.3748,0.0891,0.0154,52.9571,0.0015,1,0.0879,8.9969,0.0435,1.1440,46.7362,0.0000,46.7362,0.7967,0.0000,0.0000,2046,1908,214380,14.39,800.0
424,220.4804,58.0354,0.5823,0.0207,4.7382,0.0771,0.0121,107.1299,0.0015,1,0.0925,7.8942,0.0445,0.9561,45.8087,0.0000,45.8087,0.7992,0.0000,0.0000,2046,1884,211752,14.40,797.1
425,220.5929,100.0000,0.5455,0.0187,4.1807,0.0845,0.0150,4.5004,0.0010,1,0.0834,7.6540,0.0437,0.9644,46.5352,0.0000,46.5352,0.8015,0.0000,0.0000,2046,1882,211496,14.40,797.1
426,220.6023,9.3616,0.0701,0.0159,3.2373,0.0581,0.0109,49.0004,0.0012,1,0.0939,8.1490,0.0444,1.1000,46.9329,0.0000,46.9329,0.7996,0.0000,0.0000,2046,1886,211944,14.40,797.1
427,220.6547,52.4153,0.0663,0.0191,2.5495,0.0561,0.0111,57.3889,0.0019,1,0.0858,8.0355,0.0439,1.0017,47.8000,0.0000,47.8000,0.7929,0.0000,0.0000,2046,1889,212320,14.41,797.1
428,220.7148,60.1176,0.0981,0.0196,3.9939,0.0897,0.0155,62.6029,0.0015,1,0.0969,11.3380,0.0444,1.2447,52.5426,0.0000,52.5426,0.7960,0.0000,0.0000,2046,1889,212320,14.42,797.1
429,220.7817,66.8413,0.0806,0.0201,2.7170,0.0727,0.0129,63.3888,0.0028,1,0.0922,9.4577,0.0433,1.2411,52.2034,0.0000,52.2034,0.7927,0.0000,0.0000,2046,1889,212256,14.42,797.1
430,220.8480,66.3265,0.1050,0.0235,3.6640,0.1145,0.0240,63.5480,0.0012,1,0.1247,13.5791,0.0443,1.9620,53.1346,0.0000,53.1346,0.7871,0.0000,0.0000,2046,1889,212256,14.41,797.1
431,220.9155,67.4991,0.0739,0.0162,2.9887,0.0655,0.0122,59.3630,0.0014,1,0.0985,9.0652,0.0439,1.1878,49.6851,0.0000,49.6851,0.7877,0.0000,0.0000,2046,1889,212256,14.40,797.1
432,220.9780,62.5417,0.0782,0.0179,3.5906,0.0831,0.0150,57.8052,0.0017,1,0.0984,8.9420,0.0451,1.3359,50.3434,0.0000,50.3434,0.7903,0.0000,0.0000,2046,1888,212128,14.47,797.1
433,221.0397,61.6456,0.9926,0.0674,3.3861,0.1041,0.0187,60.3390,0.0014,1,0.1123,10.1078,0.0451,1.5811,50.7354,0.0000,50.7354,0.7882,0.0000,0.0000,2046,1886,211872,14.37,824.2
434,221.1046,64.9293,1.2310,0.0206,3.3369,0.0612,0.0106,58.7230,0.0014,1,0.1041,9.0954,0.0450,1.2944,52.2380,0.0000,52.2380,0.7950,0.0000,0.0000,2046,1886,211872,14.36,824.2
435,221.1680,63.4069,1.6408,0.0186,3.5042,0.1223,0.0223,61.5793,0.0019,1,0.0980,9.4082,0.0447,1.7620,53.0123,0.0000,53.0123,0.8021,0.0000,0.0000,2046,1930,216812,14.37,824.2
436,221.2349,66.9108,0.5925,0.0211,3.4875,0.0727,0.0122,62.0661,0.0012,1,0.1002,8.9645,0.0448,1.3404,53.2047,0.0000,53.2047,0.8071,0.0000,0.0000,2046,1970,221356,14.37,824.2
437,221.3012,66.2781,0.5559,0.0216,4.1457,0.0946,0.0172,63.5726,0.0013,1,0.1200,10.9402,0.0451,1.9845,56.1769,0.0000,56.1769,0.8148,0.0000,0.0000,2046,1980,222602,14.36,824.2
438,221.3696,68.4283,0.5354,0.0194,3.4859,0.0718,0.0144,66.3224,0.0013,1,0.1042,9.2948,0.0453,1.4510,55.8703,0.0000,55.8703,0.8143,0.0000,0.0000,2046,1984,223122,14.36,824.2
439,221.4401,70.4734,0.4658,0.0203,3.5442,0.0714,0.0086,62.6910,0.0011,1,0.1102,11.3588,0.0451,1.3307,54.9324,0.0000,54.9324,0.8248,0.0000,0.0000,2046,1968,221336,14.36,824.2
440,221.5069,66.8214,0.0670,0.0173,3.1770,0.0750,0.0128,65.2652,0.0015,1,0.1077,9.0427,0.0454,1.3455,56.1539,0.0000,56.1539,0.8235,0.0000,0.0000,2046,1955,219752,14.37,824.2
441,221.5756,68.6351,0.0902,0.0175,3.7070,0.0809,0.0149,63.1026,0.0012,1,0.1169,9.4026,0.0471,1.8368,54.1368,0.0000,54.1368,0.8215,0.0000,0.0000,2046,1949,219048,14.37,824.2
442,221.6426,67.0391,0.0861,0.0172,2.4033,0.0736,0.0139,66.1593,0.0016,1,0.1073,10.8284,0.0451,1.6296,56.5324,0.0000,56.5324,0.8204,0.0000,0.0000,2046,1946,218728,14.38,824.2
443,221.7114,68.7731,0.0712,0.0154,2.8860,0.0692,0.0127,65.8275,0.0018,1,0.0903,9.0170,0.0454,1.4465,55.4043,0.0000,55.4043,0.8166,0.0000,0.0000,2046,1943,218408,14.44,824.2
444,221.7803,68.9020,1.7579,0.0200,2.2797,0.0664,0.0130,62.8529,0.0014,1,0.1095,9.3194,0.0451,1.4237,53.7273,0.0000,53.7273,0.8092,0.0000,0.0000,2046,1940,218088,14.33,824.2
445,221.8473,67.0125,0.3595,0.0168,2.0817,0.0767,0.0170,64.9808,0.0013,1,0.1161,11.7289,0.0440,1.1305,53.4299,0.0000,53.4299,0.8152,0.0000,0.0000,2046,1937,217768,14.34,824.2
446,221.9149,67.5538,0.0794,0.0193,3.2886,0.0760,0.0104,63.9383,0.0016,1,0.1019,8.8888,0.0455,1.2940,55.8358,0.0000,55.8358,0.8101,0.0000,0.0000,2046,1935,217512,14.40,824.2
447,221.9823,67.4357,0.0783,0.0185,2.5166,0.0674,0.0125,126.9332,0.0009,1,0.0948,9.3567,0.0446,1.3741,53.5225,0.0000,53.5225,0.8103,0.0000,0.0000,2046,1935,217512,14.30,824.2
448,222.1119,100.0000,0.5937,0.0166,2.9743,0.0703,0.0137,3.8912,0.0015,1,0.0977,10.1756,0.0451,1.3619,53.0759,0.0000,53.0759,0.8062,0.0000,0.0000,2046,1935,217512,14.26,824.2
449,222.1195,7.5814,0.0741,0.0172,2.3623,0.0648,0.0129,64.4903,0.0014,1,0.0974,11.5323,0.0451,1.5204,55.4211,0.0000,55.4211,0.8081,0.0000,0.0000,2046,1935,217512,14.39,824.2
450,222.1866,67.0402,0.6446,0.0484,2.9803,0.0763,0.0135,131.3252,0.0018,1,0.0954,9.4740,0.0451,1.4828,54.7188,0.0000,54.7188,0.8122,0.0000,0.0000,2046,1934,217384,14.42,824.2
451,222.3217,100.0000,0.6693,0.0177,3.0863,0.0702,0.0126,3.9133,0.0019,1,0.1092,11.4060,0.0449,1.9558,53.8354,0.0000,53.8354,0.8114,0.0000,0.0000,2046,1934,217384,14.39,824.2
452,222.3295,7.7918,0.0699,0.0177,3.0283,0.0545,0.0085,60.0513,0.0015,1,0.1065,9.0235,0.0458,1.3310,55.1146,0.0000,55.1146,0.8117,0.0000,0.0000,2046,1934,217384,14.53,824.2
453,222.3928,63.2525,0.6575,0.0170,2.3952,0.1899,0.0140,129.5891,0.0019,1,0.0928,9.2660,0.0463,1.7639,52.9889,0.0000,52.9889,0.8121,0.0000,0.0000,2046,1934,217384,14.59,824.2
454,222.5257,100.0000,0.1349,0.0159,3.0388,0.0727,0.0142,3.3056,0.0013,1,0.1018,10.1448,0.0465,1.9937,54.4507,0.0000,54.4507,0.8117,0.0000,0.0000,2046,1934,217384,14.56,824.2
455,222.5323,6.6028,0.0682,0.0160,2.5550,0.0600,0.0114,64.0192,0.0018,1,0.0919,9.3051,0.0455,1.5493,56.1461,0.0000,56.1461,0.8108,0.0000,0.0000,2046,1934,217384,14.72,824.2
456,222.5990,66.7416,0.0692,0.0183,2.8527,0.0736,0.0133,61.6495,0.0012,1,0.0880,9.1539,0.0453,1.3558,52.4036,0.0000,52.4036,0.8134,0.0000,0.0000,2046,1934,217384,14.78,824.2
457,222.6637,64.7005,0.0820,0.0187,4.1532,0.0785,0.0132,62.6156,0.0013,1,0.0929,8.7043,0.0451,1.4204,54.1915,0.0000,54.1915,0.8084,0.0000,0.0000,2046,1934,217384,14.67,824.2
458,222.7307,66.9710,0.7382,0.0218,4.3527,0.0702,0.0127,58.8287,0.0012,1,0.0960,9.1197,0.0457,1.4254,54.1241,0.0000,54.1241,0.8091,0.0000,0.0000,2046,1934,217384,14.73,824.2
459,222.7947,64.0339,0.8172,0.0189,2.6960,0.0896,0.0175,64.6160,0.0013,1,0.0838,9.1956,0.0451,1.4352,56.1585,0.0000,56.1585,0.8116,0.0000,0.0000,2046,1934,217384,14.79,824.2
460,222.8630,68.2653,0.7070,0.0217,3.6252,0.0889,0.0183,64.5555,0.0036,1,0.0916,9.8632,0.0450,1.3966,55.0407,0.0000,55.0407,0.7635,0.0000,0.0000,2046,1934,217384,14.68,824.2
461,222.9320,69.0567,0.1146,0.0274,3.2514,0.0665,0.0118,67.7047,0.0019,1,0.0959,10.1959,0.0451,1.4642,57.2492,0.0000,57.2492,0.7716,0.0000,0.0000,2046,1934,217384,14.73,824.2
462,223.0032,71.1900,0.0964,0.0224,2.9050,0.0838,0.0147,68.9123,0.0017,1,0.1526,12.6899,0.0448,1.6627,57.3780,0.0000,57.3780,0.9652,0.0000,0.0000,2046,1934,217384,14.79,824.2
463,223.0753,72.0464,0.0784,0.0171,2.4140,0.0835,0.0132,65.5545,0.0013,1,0.1076,11.4315,0.0448,1.3795,53.8044,0.0000,53.8044,0.8122,0.0000,0.0000,2046,1934,217384,14.67,824.2
464,223.1434,68.1708,0.0677,0.0154,2.4521,0.0638,0.0114,65.2450,0.0013,1,0.1221,9.3501,0.0450,1.3916,55.5185,0.0000,55.5185,0.7636,0.0000,0.0000,2046,1934,217384,14.70,824.2
465,223.2113,67.8678,0.0773,0.0154,2.2435,0.0661,0.0117,69.1909,0.0014,1,0.1136,10.4085,0.0451,1.5772,55.9269,0.0000,55.9269,0.7658,0.0000,0.0000,2046,1934,217384,14.73,824.2
466,223.2829,71.6154,0.0937,0.0191,3.9983,0.0852,0.0131,67.0205,0.0013,1,0.1025,10.4843,0.0463,1.6282,56.9696,0.0000,56.9696,0.7717,0.0000,0.0000,2046,1934,217384,14.76,828.3
467,223.3542,71.2406,0.0831,0.0196,5.7064,0.0775,0.0113,59.6567,0.0013,1,0.0918,9.6288,0.0452,1.4047,53.4126,0.0000,53.4126,0.7695,0.0000,0.0000,2046,1934,217384,14.79,828.3
468,223.4197,65.5640,0.0842,0.0242,4.0526,0.0756,0.0136,61.7237,0.0012,1,0.0794,8.7727,0.0451,1.2332,55.0118,0.0000,55.0118,0.7655,0.0000,0.0000,2046,1934,217384,14.83,828.3
469,223.4857,65.9833,0.0735,0.0165,4.1247,0.1029,0.0185,63.6026,0.0014,1,0.1002,9.6276,0.0451,1.9087,54.1001,0.0000,54.1001,0.7659,0.0000,0.0000,2046,1934,217384,14.89,828.3
470,223.5536,67.9511,0.0883,0.0227,4.3186,0.0806,0.0169,123.6749,0.0012,1,0.1006,10.0660,0.0450,1.4377,52.5900,0.0000,52.5900,0.7645,0.0000,0.0000,2046,1934,217384,14.78,828.3
471,223.6819,100.0000,0.0869,0.0178,4.2165,0.0823,0.0154,6.8755,0.0014,1,0.0868,9.3187,0.0453,1.3085,51.6794,0.0000,51.6794,0.7660,0.0000,0.0000,2046,1934,217384,14.75,828.3
472,223.8075,100.0000,0.1394,0.0151,3.8844,0.0710,0.0103,4.2706,0.0014,1,0.1204,9.5926,0.0451,2.0349,69.3813,0.0000,69.3813,0.7720,0.0000,0.0000,2046,1934,217384,14.75,828.3
473,223.8159,8.4001,0.0728,0.0176,3.6688,0.0751,0.0131,89.9065,0.0014,1,0.0853,10.7504,0.0452,1.4002,62.2640,0.0000,62.2640,0.7759,0.0000,0.0000,2046,1934,217384,14.75,828.3
474,223.9096,93.7627,0.1024,0.0167,3.4407,0.0641,0.0103,3.9594,0.0011,1,0.0860,8.4247,0.0450,1.3556,54.1130,0.0000,54.1130,0.7838,0.0000,0.0000,2046,1934,217384,14.72,832.4
475,223.9172,7.6026,0.0731,0.0168,3.2982,0.0835,0.0097,53.9237,0.0010,1,0.0853,8.1418,0.0468,1.1878,50.4115,0.0000,50.4115,0.7711,0.0000,0.0000,2046,1934,217384,14.89,832.4
476,223.9747,57.4148,0.0722,0.0201,3.8952,0.0919,0.0165,64.1241,0.0015,1,0.0912,11.1610,0.0463,1.3843,53.2638,0.0000,53.2638,0.7756,0.0000,0.0000,2046,1934,217384,14.80,832.4
477,224.0429,68.2293,0.0811,0.0201,3.0825,0.0788,0.0142,63.7865,0.0010,1,0.0901,10.0744,0.0451,1.6380,54.3910,0.0000,54.3910,0.7761,0.0000,0.0000,2046,1934,217384,14.82,832.4
478,224.1100,67.0719,0.0867,0.0161,3.0358,0.0718,0.0110,63.1539,0.0014,1,0.0950,8.2667,0.0467,1.0868,52.7963,0.0000,52.7963,0.7698,0.0000,0.0000,2046,1934,217384,14.87,832.4
479,224.1763,66.3847,0.0854,0.0145,3.2831,0.0827,0.0121,58.6615,0.0009,1,0.0909,9.2426,0.0468,1.3223,53.4274,0.0000,53.4274,0.7734,0.0000,0.0000,2046,1934,217384,14.91,832.4
480,224.2385,62.1486,0.0683,0.0158,2.0495,0.0517,0.0096,63.4109,0.0019,1,0.0969,8.3315,0.0449,1.2228,52.6684,0.0000,52.6684,0.7741,0.0000,0.0000,2046,1934,217384,14.95,832.4
481,224.3041,65.6185,0.0841,0.0215,3.2584,0.0728,0.0136,60.8225,0.0009,1,0.1037,10.8911,0.0449,1.6241,52.3240,0.0000,52.3240,0.7742,0.0000,0.0000,2046,1934,217384,14.99,832.4
482,224.3684,64.2832,0.0738,0.0161,2.5292,0.0610,0.0108,127.6787,0.0014,1,0.0907,8.7904,0.0449,1.1809,53.1951,0.0000,53.1951,0.7701,0.0000,0.0000,2046,1934,217384,15.02,832.4
483,224.4988,100.0000,0.0846,0.0180,2.2880,0.0664,0.0123,3.6358,0.0020,1,0.0896,10.1923,0.0463,1.4622,52.1453,0.0000,52.1453,0.7715,0.0000,0.0000,2046,1934,217384,14.99,834.1
484,224.5049,6.1171,0.0905,0.0207,4.3247,0.0804,0.0135,59.5749,0.0013,1,0.0962,10.3329,0.0449,1.4779,52.6324,0.0000,52.6324,0.7680,0.0000,0.0000,2046,1934,217384,15.13,834.1
485,224.5690,64.1147,0.0687,0.0165,2.1236,0.0630,0.0110,63.4717,0.0011,1,0.1193,9.3802,0.0493,2.4820,53.1031,0.0000,53.1031,0.7697,0.0000,0.0000,2046,1934,217384,15.17,834.1
486,224.6348,65.7649,0.0773,0.0176,2.7364,0.0662,0.0124,60.9651,0.0012,1,0.0967,8.7232,0.0435,1.3503,51.6440,0.0000,51.6440,0.7693,0.0000,0.0000,2046,1934,217384,15.20,834.1
487,224.6987,63.8853,0.0746,0.0170,2.9994,0.0641,0.0115,60.4790,0.0012,1,0.0846,8.2181,0.0463,1.1149,52.8630,0.0000,52.8630,0.7680,0.0000,0.0000,2046,1934,217384,15.24,834.1
488,224.7623,63.6548,0.0730,0.0159,2.8194,0.0616,0.0117,60.1436,0.0014,1,0.0930,8.1835,0.0451,1.0727,51.7683,0.0000,51.7683,0.7657,0.0000,0.0000,2046,1934,217384,15.28,834.1
489,224.8254,63.1351,0.0735,0.0175,5.1826,0.0596,0.0089,54.7761,0.0016,1,0.0899,8.7393,0.0451,1.1668,49.7284,0.0000,49.7284,0.7695,0.0000,0.0000,2046,1934,217384,15.31,834.1
490,224.8856,60.1275,0.0691,0.0283,2.3731,0.0596,0.0097,58.6937,0.0016,1,0.0928,8.2309,0.0453,1.0793,51.4068,0.0000,51.4068,0.7701,0.0000,0.0000,2046,1934,217384,15.39,834.1
491,224.9468,61.2433,0.0848,0.0173,2.0866,0.0488,0.0089,60.8515,0.0011,1,0.0904,8.3156,0.0452,1.0957,50.6708,0.0000,50.6708,0.7725,0.0000,0.0000,2046,1934,217384,15.29,834.1
492,225.0099,63.1060,0.0750,0.0144,2.0545,0.0487,0.0101,60.8861,0.0010,1,0.0918,8.2463,0.0451,1.1297,52.7048,0.0000,52.7048,0.7726,0.0000,0.0000,2046,1934,217384,15.32,837.9
493,225.0730,63.0984,0.0767,0.0168,2.7408,0.0811,0.0147,62.0069,0.0013,1,0.0949,9.8123,0.0449,1.2169,52.7013,0.0000,52.7013,0.7681,0.0000,0.0000,2046,1934,217384,15.39,837.9
494,225.1380,64.9472,0.0708,0.0160,2.0750,0.0603,0.0108,62.3652,0.0010,1,0.1013,9.7784,0.0454,1.4771,51.0302,0.0000,51.0302,0.7701,0.0000,0.0000,2046,1934,217384,15.28,837.9
495,225.2026,64.6072,0.0703,0.0155,2.1756,0.0636,0.0136,59.6982,0.0013,1,0.0908,8.7420,0.0449,1.1332,50.4541,0.0000,50.4541,0.7758,0.0000,0.0000,2046,1934,217384,15.30,837.9
496,225.2646,62.0470,0.0777,0.0173,2.3763,0.0829,0.0176,60.9125,0.0019,1,0.0913,10.3335,0.0449,1.3556,50.4483,0.0000,50.4483,0.7682,0.0000,0.0000,2046,1934,217384,15.38,837.9
497,225.3281,63.4946,0.0674,0.0168,2.9925,0.0709,0.0124,59.3865,0.0013,1,0.0890,8.6394,0.0451,1.6251,51.3041,0.0000,51.3041,0.7724,0.0000,0.0000,2046,1934,217384,15.27,837.9
498,225.3907,62.5558,0.0751,0.0150,2.8696,0.0588,0.0117,59.2576,0.0014,1,0.0983,8.8842,0.0451,1.1185,50.5559,0.0000,50.5559,0.7716,0.0000,0.0000,2046,1934,217384,15.30,837.9
499,225.4530,62.2988,0.0897,0.0162,2.1378,0.0579,0.0099,60.1472,0.0014,1,0.1190,8.6551,0.0451,1.6994,50.6255,0.0000,50.6255,0.9415,0.0000,0.0000,2046,1934,217384,15.33,837.9
500,225.5154,62.4691,0.0861,0.0325,3.7128,0.0811,0.0135,62.6038,0.0014,1,0.0994,9.8773,0.0459,1.3994,52.0639,0.0000,52.0639,0.7745,0.0000,0.0000,2046,1934,217384,15.37,842.0
501,225.5820,66.5404,0.0769,0.0194,3.2707,0.1024,0.0166,62.2424,0.0014,1,0.0982,11.4042,0.0451,1.4190,50.4307,0.0000,50.4307,0.7730,0.0000,0.0000,2046,1934,217384,15.41,842.0
502,225.6477,65.7394,0.0943,0.0224,4.9211,0.0762,0.0126,53.0482,0.0013,1,0.0896,8.2349,0.0451,1.0611,49.6456,0.0000,49.6456,0.7757,0.0000,0.0000,2046,1934,217384,15.44,842.0
503,225.7059,58.1869,0.0856,0.0181,2.9692,0.0723,0.0130,58.2006,0.0012,1,0.0844,8.7475,0.0456,1.2815,50.4016,0.0000,50.4016,0.7768,0.0000,0.0000,2046,1934,217384,15.48,842.0
504,225.7673,61.3684,0.0763,0.0182,2.7112,0.0531,0.0088,59.4471,0.0012,1,0.0793,8.2500,0.0453,1.0443,50.3202,0.0000,50.3202,0.7777,0.0000,0.0000,2046,1934,217384,15.52,842.0
505,225.8296,62.3245,0.0717,0.0183,2.5535,0.0853,0.0153,60.0812,0.0008,1,0.0979,9.9545,0.0451,1.3250,51.2114,0.0000,51.2114,0.7793,0.0000,0.0000,2046,1934,217384,15.56,842.0
506,225.8924,62.8366,0.6703,0.0173,2.4299,0.0649,0.0121,59.9358,0.0016,1,0.0927,9.4101,0.0447,1.2116,51.5843,0.0000,51.5843,0.7797,0.0000,0.0000,2046,1934,217384,15.61,842.0
507,225.9556,63.1422,0.6160,0.0206,3.0454,0.0667,0.0107,58.4738,0.0012,1,0.0825,8.7458,0.0451,1.2886,50.4668,0.0000,50.4668,0.7796,0.0000,0.0000,2046,1934,217384,15.65,842.0
508,226.0178,62.2431,0.0865,0.0166,2.1869,0.0540,0.0104,60.8583,0.0019,1,0.0860,8.7401,0.0451,1.0446,48.9927,0.0000,48.9927,0.7760,0.0000,0.0000,2046,1934,217384,15.70,842.1
509,226.0810,63.2228,1.0272,0.0206,3.3154,0.0657,0.0094,55.7473,0.0017,1,0.0819,8.2540,0.0456,1.0470,50.3217,0.0000,50.3217,0.7839,0.0000,0.0000,2046,1934,217384,15.75,842.1
510,226.1412,60.1953,0.0809,0.0192,3.0492,0.0669,0.0120,57.1727,0.0017,1,0.0826,8.1118,0.0451,1.1120,50.3568,0.0000,50.3568,0.7947,0.0000,0.0000,2046,1934,217384,15.79,842.1
511,226.2017,60.4298,0.9712,0.0200,3.0950,0.0776,0.0155,58.6514,0.0014,1,0.1080,9.1222,0.0449,1.6486,51.2376,0.0000,51.2376,0.7849,0.0000,0.0000,2046,1934,217384,15.85,842.1
512,226.2645,62.8706,0.0799,0.0192,4.2005,0.0702,0.0133,58.2962,0.0018,1,0.0909,10.3830,0.0458,1.3281,49.5983,0.0000,49.5983,0.7864,0.0000,0.0000,2046,1934,217384,15.90,842.1
513,226.3272,62.6897,0.5701,0.0176,2.8652,0.0678,0.0117,60.1212,0.0013,1,0.0843,8.9883,0.0449,1.2166,51.8082,0.0000,51.8082,0.7848,0.0000,0.0000,2046,1934,217384,15.98,842.1
514,226.3909,63.6633,0.5912,0.0158,3.0619,0.0725,0.0123,57.6076,0.0010,1,0.0857,8.5881,0.0451,1.2923,49.9308,0.0000,49.9308,0.7797,0.0000,0.0000,2046,1934,217384,15.88,842.1
515,226.4523,61.3717,0.7024,0.0167,2.2613,0.0602,0.0093,119.1818,0.0013,1,0.0877,8.7568,0.0453,1.0826,50.1732,0.0000,50.1732,0.7836,0.0000,0.0000,2046,1934,217384,15.84,842.1
516,226.5745,100.0000,0.5645,0.0142,2.5171,0.0747,0.0132,4.2648,0.0012,1,0.0810,8.8601,0.0451,1.2823,50.0311,0.0000,50.0311,0.7779,0.0000,0.0000,2046,1934,217384,15.79,842.1
517,226.5820,7.4590,0.5069,0.0202,2.6844,0.0655,0.0078,56.1352,0.0012,1,0.0807,9.4705,0.0452,1.1366,50.9814,0.0000,50.9814,0.7818,0.0000,0.0000,2046,1934,217384,15.99,842.1
518,226.6414,59.4306,0.6650,0.0207,2.9228,0.0767,0.0148,121.5890,0.0015,1,0.0953,9.9073,0.0471,1.3397,51.0633,0.0000,51.0633,0.7877,0.0000,0.0000,2046,1934,217384,15.88,842.1
519,226.7667,100.0000,0.6184,0.0164,2.2294,0.0764,0.0138,3.1194,0.0013,1,0.0892,8.9137,0.0451,1.3437,50.0277,0.0000,50.0277,0.7793,0.0000,0.0000,2046,1934,217384,15.82,842.1
520,226.7728,6.0834,0.0765,0.0176,2.1533,0.0621,0.0120,58.7548,0.0014,1,0.0854,9.9676,0.0459,1.2160,51.3070,0.0000,51.3070,0.7842,0.0000,0.0000,2046,1934,217384,16.02,842.1
521,226.8339,61.0850,0.0567,0.0145,1.8169,0.0613,0.0098,59.8990,0.0019,1,0.0945,8.8904,0.0451,1.2588,50.7439,0.0000,50.7439,0.7844,0.0000,0.0000,2046,1934,217384,15.91,842.1
522,226.8957,61.8679,0.0573,0.0153,2.9015,0.0629,0.0108,60.7469,0.0016,1,0.0845,9.4302,0.0459,1.1250,50.7195,0.0000,50.7195,0.7873,0.0000,0.0000,2046,1934,217384,15.93,842.1
523,226.9595,63.8047,0.0755,0.0176,2.1971,0.0704,0.0129,123.4378,0.0013,1,0.1049,9.8158,0.0471,1.3251,51.2655,0.0000,51.2655,0.7855,0.0000,0.0000,2046,1934,217384,15.95,842.1
524,227.0854,100.0000,1.9992,0.0284,2.9153,0.0733,0.0127,4.3325,0.0011,1,0.0863,7.8689,0.0453,1.0381,50.2555,0.0000,50.2555,0.7848,0.0000,0.0000,2046,1934,217384,15.90,842.1
525,227.0947,9.3842,0.9239,0.0148,2.8636,0.0671,0.0113,51.2735,0.0011,1,0.0830,8.2795,0.0449,1.4089,49.8497,0.0000,49.8497,0.7858,0.0000,0.0000,2046,1934,217384,16.02,842.1
526,227.1499,55.1637,2.1099,0.0177,2.1941,0.0548,0.0104,58.9592,0.0014,1,0.0810,8.3348,0.0448,1.0480,51.2522,0.0000,51.2522,0.7901,0.0000,0.0000,2046,1934,217384,16.05,843.4
527,227.2133,63.3687,0.5113,0.0170,2.5617,0.0836,0.0131,57.4653,0.0014,1,0.0884,8.4998,0.0451,1.1384,50.3835,0.0000,50.3835,0.7895,0.0000,0.0000,2046,1934,217384,16.06,843.4
528,227.2739,60.6728,0.4405,0.0165,3.6400,0.0773,0.0122,110.1585,0.0011,1,0.0931,9.0423,0.0456,1.1366,47.5325,0.0000,47.5325,0.7123,0.0000,0.0000,2046,1948,218920,16.08,843.4
529,227.3883,100.0000,0.2305,0.0161,2.8729,0.0739,0.0114,3.5657,0.0011,1,0.0836,8.1040,0.0445,1.0389,46.2697,0.0000,46.2697,0.7044,0.0000,0.0000,2046,1965,220952,16.08,843.4
530,227.3951,6.7913,0.4093,0.0181,2.7159,0.0540,0.0068,52.1102,0.0014,1,0.0824,8.7684,0.0454,1.1919,47.1710,0.0000,47.1710,0.6846,0.0000,0.0000,2046,1971,221586,16.08,843.4
531,227.4504,55.3365,0.3891,0.0207,2.6516,0.0756,0.0136,53.8913,0.0010,1,0.0861,9.3793,0.0433,1.1813,45.6560,0.0000,45.6560,0.6760,0.0000,0.0000,2046,1986,223378,16.09,843.4
532,227.5075,57.0595,0.4556,0.0170,2.2609,0.0668,0.0127,53.6128,0.0014,1,0.0876,8.4241,0.0451,1.1141,45.4183,0.0000,45.4183,0.6758,0.0000,0.0000,2046,1985,223186,16.11,843.4
533,227.5639,56.4456,1.3525,0.0200,3.3814,0.0825,0.0125,53.8119,0.0016,1,0.0852,8.4911,0.0450,1.0484,45.6507,0.0000,45.6507,0.6683,0.0000,0.0000,2046,1987,223252,16.12,843.4
534,227.6226,58.6844,0.2255,0.0177,3.2798,0.0722,0.0131,52.7650,0.0016,1,0.0843,8.8006,0.0441,1.2411,46.2763,0.0000,46.2763,0.6692,0.0000,0.0000,2046,1989,223508,16.13,843.4
535,227.6790,56.3942,0.4793,0.0177,2.1908,0.0648,0.0102,56.2147,0.0014,1,0.0904,9.1980,0.0440,1.2329,46.9705,0.0000,46.9705,0.6617,0.0000,0.0000,2046,1981,222636,16.14,843.8
536,227.7380,58.9985,1.2404,0.0170,2.0456,0.0582,0.0114,53.8072,0.0011,1,0.1039,9.4251,0.0438,1.1926,45.3222,0.0000,45.3222,0.6708,0.0000,0.0000,2046,1971,221484,16.23,843.8
537,227.7952,57.1999,0.3554,0.0190,2.4751,0.0790,0.0126,51.7399,0.0011,1,0.0821,8.5957,0.0434,1.0957,44.3832,0.0000,44.3832,0.6646,0.0000,0.0000,2046,1963,220588,16.12,843.8
538,227.8499,54.6992,0.4773,0.0163,2.5316,0.0627,0.0105,51.3604,0.0015,1,0.0857,8.2432,0.0439,1.0445,43.2252,0.0000,43.2252,0.6756,0.0000,0.0000,2046,1945,218540,16.12,843.8
539,227.9044,54.4783,0.4188,0.0157,1.9044,0.0456,0.0099,50.5446,0.0010,1,0.0830,8.0323,0.0430,1.0254,42.7925,0.0000,42.7925,0.6708,0.0000,0.0000,2046,1902,213728,16.13,843.8
540,227.9574,52.9557,0.4675,0.0167,2.7660,0.0591,0.0111,50.6058,0.0011,1,0.0780,7.7424,0.0444,0.9271,44.2599,0.0000,44.2599,0.6740,0.0000,0.0000,2046,1835,206176,16.15,843.8
541,228.0113,53.9665,0.4499,0.0158,2.1423,0.0560,0.0099,51.6350,0.0013,1,0.0863,8.0286,0.0430,1.0419,42.8596,0.0000,42.8596,0.6775,0.0000,0.0000,2046,1784,200288,16.16,843.8
542,228.0656,54.3315,0.2521,0.0184,2.8176,0.0698,0.0115,50.2104,0.0011,1,0.0939,8.4579,0.0448,1.0528,42.8306,0.0000,42.8306,0.6773,0.0000,0.0000,2046,1751,196576,16.17,843.8
543,228.1190,53.4020,0.5151,0.0161,1.9656,0.0634,0.0128,100.6611,0.0011,1,0.0846,7.8649,0.0432,1.1227,42.3832,0.0000,42.3832,0.6739,0.0000,0.0000,2046,1714,192440,16.18,843.8
544,228.2223,100.0000,0.9434,0.0179,1.8841,0.0434,0.0083,2.5485,0.0010,1,0.0795,6.8162,0.0442,0.8505,41.5533,0.0000,41.5533,0.6778,0.0000,0.0000,2046,1675,187960,16.09,849.9
545,228.2278,5.4634,0.6392,0.0134,1.9122,0.0404,0.0075,46.8575,0.0013,1,0.0755,6.9360,0.0430,0.8876,43.2518,0.0000,43.2518,0.6778,0.0000,0.0000,2046,1621,182060,16.30,849.9
546,228.2773,49.4887,0.9306,0.0171,1.8533,0.0449,0.0081,48.9671,0.0015,1,0.0830,6.5457,0.0435,0.8327,41.9630,0.0000,41.9630,0.6751,0.0000,0.0000,2046,1545,173408,16.21,849.9
547,228.3291,51.8415,1.1503,0.0208,2.0655,0.0594,0.0114,48.5238,0.0040,1,0.0791,7.2064,0.0430,0.8847,43.0216,0.0000,43.0216,0.6726,0.0000,0.0000,2046,1545,173408,16.21,849.9
548,228.3810,51.8592,1.2740,0.0240,2.0221,0.0621,0.0129,48.1446,0.0015,1,0.0807,6.7374,0.0434,0.8540,42.0542,0.0000,42.0542,0.6679,0.0000,0.0000,2046,1502,168544,16.23,849.9
549,228.4325,51.5642,1.2703,0.0182,2.3578,0.0472,0.0077,47.3644,0.0014,1,0.0743,6.2546,0.0430,0.7844,42.1859,0.0000,42.1859,0.6706,0.0000,0.0000,2046,1469,164704,16.26,849.9
550,228.4836,51.0861,1.8512,0.0181,3.1916,0.0501,0.0093,44.8740,0.0014,1,0.0758,6.1686,0.0446,0.8704,42.4332,0.0000,42.4332,0.6751,0.0000,0.0000,2046,1433,160704,16.30,849.9
551,228.5336,50.0315,1.4112,0.0175,3.4649,0.0570,0.0091,48.0973,0.0013,1,0.0757,5.9674,0.0432,0.8079,44.2863,0.0000,44.2863,0.6765,0.0000,0.0000,2046,1407,157760,16.34,849.9
552,228.5867,53.0770,2.5609,0.0180,1.9029,0.0412,0.0071,98.0229,0.0014,1,0.0761,5.9103,0.0431,0.8561,43.1985,0.0000,43.1985,0.6820,0.0000,0.0000,2046,1371,153696,16.36,849.9
553,228.6893,100.0000,2.3752,0.0180,1.8538,0.0529,0.0097,2.8066,0.0007,1,0.0721,5.4788,0.0432,0.7841,43.9984,0.0000,43.9984,0.6831,0.0000,0.0000,2046,1336,149824,16.27,849.9
554,228.6964,7.1343,0.3945,0.0131,2.6493,0.0528,0.0090,45.0911,0.0009,1,0.0732,5.6227,0.0430,0.7198,44.8947,0.0000,44.8947,0.6847,0.0000,0.0000,2046,1303,146144,16.40,849.9
555,228.7447,48.2320,0.4087,0.0164,2.5082,0.0569,0.0110,49.8873,0.0012,1,0.0739,5.6477,0.0430,0.6881,44.4723,0.0000,44.4723,0.6882,0.0000,0.0000,2046,1281,143616,16.44,903.8
556,228.7976,52.9124,1.0220,0.0195,2.7827,0.0677,0.0120,49.9268,0.0009,1,0.0794,6.2692,0.0430,0.8888,45.9206,0.0000,45.9206,0.6918,0.0000,0.0000,2046,1291,144768,16.47,903.8
557,228.8514,53.8500,0.4263,0.0160,1.9572,0.0795,0.0136,50.9289,0.0015,1,0.0743,5.8883,0.0416,0.7804,45.0598,0.0000,45.0598,0.6985,0.0000,0.0000,2046,1329,149024,16.50,903.8
558,228.9832,100.0000,0.7066,0.0153,2.0666,0.0454,0.0076,3.4342,0.0009,1,0.0807,5.7761,0.0432,0.7004,58.5665,0.0000,58.5665,0.8439,0.0000,0.0000,2046,1364,152928,16.42,903.8
559,228.9895,6.2907,0.0536,0.0126,3.2130,0.0838,0.0119,95.4742,0.0022,1,0.0758,6.9769,0.0431,0.8384,51.6918,0.0000,51.6918,0.7079,0.0000,0.0000,2046,1394,156268,16.57,903.8
560,229.0883,98.8713,0.7137,0.0188,2.7323,0.0591,0.0122,3.6252,0.0012,1,0.0721,6.6060,0.0434,0.7226,46.0473,0.0000,46.0473,0.7088,0.0000,0.0000,2046,1561,175072,16.50,903.8
561,229.0955,7.1802,0.4801,0.0136,2.2738,0.0498,0.0091,47.8844,0.0014,1,0.0739,6.9204,0.0431,0.8253,45.0833,0.0000,45.0833,0.7105,0.0000,0.0000,2046,1555,174336,16.64,903.8
562,229.1463,50.7315,0.5342,0.0182,2.2739,0.0543,0.0096,106.4708,0.0010,1,0.0755,7.3145,0.0434,0.8991,45.9610,0.0000,45.9610,0.7141,0.0000,0.0000,2046,1653,185568,16.67,903.8
563,229.2556,100.0000,1.3362,0.0185,2.2283,0.0805,0.0129,3.3122,0.0016,1,0.0802,6.8796,0.0432,0.7578,45.5476,0.0000,45.5476,0.7085,0.0000,0.0000,2046,1656,185888,16.60,903.8
564,229.2626,7.0090,0.6064,0.0183,2.1789,0.0473,0.0074,48.7466,0.0011,1,0.0841,7.3090,0.0446,1.0693,45.6236,0.0000,45.6236,0.7105,0.0000,0.0000,2046,1665,186796,16.75,903.8
565,229.3143,51.6288,1.3769,0.0210,2.6514,0.0641,0.0169,52.3279,0.0015,1,0.0941,7.6421,0.0444,0.9354,46.1464,0.0000,46.1464,0.7118,0.0000,0.0000,2046,1705,191340,16.78,905.5
566,229.3708,56.4810,2.4421,0.0218,4.4268,0.0565,0.0090,50.9513,0.0013,1,0.0938,8.2332,0.0430,1.1653,46.4524,0.0000,46.4524,0.7171,0.0000,0.0000,2046,1710,191916,16.81,905.5
567,229.4287,57.9293,0.2323,0.0299,3.0106,0.0570,0.0109,49.5350,0.0011,1,0.0787,7.5181,0.0431,0.7961,44.5185,0.0000,44.5185,0.7142,0.0000,0.0000,2046,1705,191340,16.83,905.5
568,229.4816,52.8947,1.1049,0.0177,2.1960,0.0593,0.0103,52.2463,0.0013,1,0.0812,7.3338,0.0429,0.7324,44.7952,0.0000,44.7952,0.7155,0.0000,0.0000,2046,1687,189292,16.94,905.5
569,229.5372,55.6522,0.4918,0.0163,3.6528,0.0623,0.0109,103.7846,0.0012,1,0.0772,7.2710,0.0439,0.7408,45.1618,0.0000,45.1618,0.7141,0.0000,0.0000,2046,1687,189292,16.83,905.5
570,229.6453,100.0000,0.4770,0.0176,2.2170,0.0537,0.0103,2.8043,0.0013,1,0.0903,7.0100,0.0434,0.7273,45.8974,0.0000,45.8974,0.8584,0.0000,0.0000,2046,1691,189740,16.75,905.5
571,229.6509,5.5975,0.0652,0.0161,2.1536,0.0566,0.0111,52.2341,0.0011,1,0.0772,7.2926,0.0433,0.7361,47.5521,0.0000,47.5521,0.7213,0.0000,0.0000,2046,1679,188396,16.97,905.5
572,229.7054,54.5596,0.4871,0.0190,3.0447,0.0817,0.0171,53.2854,0.0016,1,0.0874,7.9157,0.0432,0.7687,47.2967,0.0000,47.2967,0.7280,0.0000,0.0000,2046,1681,188676,16.86,905.5
573,229.7624,56.9544,0.4722,0.0159,2.0710,0.0629,0.0113,53.9738,0.0013,1,0.0813,7.2917,0.0437,0.8046,46.8463,0.0000,46.8463,0.7159,0.0000,0.0000,2046,1675,188036,16.88,905.5
574,229.8190,56.6258,0.2622,0.0178,3.0325,0.0582,0.0106,113.1967,0.0012,1,0.0803,7.1742,0.0430,0.7097,47.3836,0.0000,47.3836,0.7162,0.0000,0.0000,2046,1671,187524,16.98,905.5
575,229.9356,100.0000,1.1747,0.0179,2.7868,0.0827,0.0168,3.7142,0.0012,1,0.0754,6.8996,0.0446,0.6884,50.3774,0.0000,50.3774,0.7081,0.0000,0.0000,2046,1674,187916,16.76,906.0
576,229.9434,7.8122,0.1953,0.0155,2.2173,0.0465,0.0080,50.3861,0.0015,1,0.0896,7.6141,0.0440,1.0121,47.8963,0.0000,47.8963,0.7109,0.0000,0.0000,2046,1682,188724,16.90,906.0
577,229.9963,52.8890,1.0617,0.0202,1.9609,0.0494,0.0102,55.5516,0.0011,1,0.0889,7.4183,0.0438,0.6856,48.9094,0.0000,48.9094,0.7102,0.0000,0.0000,2046,1673,187700,16.93,906.0
578,230.0550,58.6767,0.8106,0.0174,2.3905,0.0668,0.0128,55.2128,0.0009,1,0.0857,7.4708,0.0431,1.0015,48.6596,0.0000,48.6596,0.7074,0.0000,0.0000,2046,1673,187700,16.95,906.0
579,230.1135,58.5314,1.3008,0.0193,2.6394,0.0677,0.0134,54.6113,0.0014,1,0.0882,7.5237,0.0433,0.7448,49.0897,0.0000,49.0897,0.7082,0.0000,0.0000,2046,1695,190324,16.96,906.0
580,230.1722,58.6729,0.8114,0.0170,2.8083,0.0675,0.0126,58.3892,0.0012,1,0.0828,8.4717,0.0467,0.8333,49.6171,0.0000,49.6171,0.6957,0.0000,0.0000,2046,1752,196756,16.98,906.0
581,230.2343,62.1285,1.0775,0.0202,2.9763,0.0645,0.0102,53.8274,0.0012,1,0.0835,7.7893,0.0444,0.7729,49.6235,0.0000,49.6235,0.7020,0.0000,0.0000,2046,1731,194356,17.00,906.0
582,230.2923,57.9966,1.0186,0.0192,3.3456,0.0683,0.0131,56.1409,0.0011,1,0.0816,7.4927,0.0439,0.7632,49.9542,0.0000,49.9542,0.6974,0.0000,0.0000,2046,1721,193268,17.03,906.0
583,230.3529,60.6265,0.9865,0.0181,2.0586,0.0800,0.0124,56.9115,0.0008,1,0.0789,7.5734,0.0439,0.7177,50.4215,0.0000,50.4215,0.6986,0.0000,0.0000,2046,1721,193316,17.06,906.0
584,230.4130,60.0843,1.5812,0.0177,3.1506,0.0597,0.0103,55.2429,0.0015,1,0.0799,7.3036,0.0435,0.6984,51.4637,0.0000,51.4637,0.6968,0.0000,0.0000,2046,1740,195412,17.08,906.0
585,230.4731,60.0840,1.1095,0.0201,2.1924,0.0748,0.0134,57.9988,0.0012,1,0.0817,7.7160,0.0433,0.8339,51.5231,0.0000,51.5231,0.6907,0.0000,0.0000,2046,1790,201068,17.10,906.0
586,230.5345,61.4267,0.5458,0.0176,3.1829,0.0667,0.0122,57.9085,0.0016,1,0.0802,7.6513,0.0439,0.7475,52.0784,0.0000,52.0784,0.7017,0.0000,0.0000,2046,1818,204144,17.12,906.0
587,230.5963,61.7555,0.7390,0.0160,3.0441,0.0651,0.0114,59.3309,0.0012,1,0.0784,7.4858,0.0448,0.6723,53.4776,0.0000,53.4776,0.7164,0.0000,0.0000,2046,1779,199854,17.15,906.0
588,230.6595,63.2252,0.3947,0.0151,2.8587,0.0645,0.0125,57.6946,0.0021,1,0.0782,7.1883,0.0451,0.6310,52.3115,0.0000,52.3115,0.7378,0.0000,0.0000,2046,1714,192450,17.15,906.0
589,230.7206,61.0641,0.6407,0.0159,2.7601,0.0679,0.0158,61.2450,0.0016,1,0.0806,7.1829,0.0444,0.5963,55.4159,0.0000,55.4159,0.7511,0.0000,0.0000,2046,1672,187866,17.16,906.0
590,230.7854,64.7857,0.4511,0.0168,2.7409,0.0625,0.0141,60.2301,0.0014,1,0.0835,6.9782,0.0446,0.6558,53.7907,0.0000,53.7907,0.7595,0.0000,0.0000,2046,1632,183386,17.17,906.0
591,230.8489,63.5342,0.4510,0.0169,1.9399,0.0512,0.0106,57.7110,0.0013,1,0.0763,6.8664,0.0432,0.5487,51.3113,0.0000,51.3113,0.7633,0.0000,0.0000,2046,1596,179226,17.26,906.0
592,230.9091,60.1991,0.5027,0.0153,2.3412,0.0695,0.0120,55.4580,0.0012,1,0.0780,6.6315,0.0441,0.6059,49.3395,0.0000,49.3395,0.7953,0.0000,0.0000,2046,1556,174714,17.36,906.0
593,230.9675,58.4179,0.5610,0.0172,2.1603,0.0589,0.0108,55.8704,0.0011,1,0.0762,6.5084,0.0446,0.4936,50.9627,0.0000,50.9627,0.8186,0.0000,0.0000,2046,1510,169538,17.24,906.0
594,231.0262,58.6971,0.4258,0.0185,2.8051,0.0608,0.0117,53.6344,0.0015,1,0.0906,6.4025,0.0438,0.5953,48.2562,0.0000,48.2562,0.8371,0.0000,0.0000,2046,1479,165890,17.32,906.0
595,231.0832,56.9767,0.4524,0.0162,2.0542,0.0764,0.0138,54.9777,0.0009,1,0.0781,6.4857,0.0429,0.4895,48.2653,0.0000,48.2653,0.8556,0.0000,0.0000,2046,1480,166082,17.20,906.0
596,231.1408,57.6072,0.4980,0.0157,2.2591,0.0522,0.0118,52.5668,0.0011,1,0.0780,6.4526,0.0430,0.4780,47.3181,0.0000,47.3181,0.8602,0.0000,0.0000,2046,1477,165586,17.20,906.0
597,231.1962,55.4223,0.4637,0.0157,2.8174,0.0747,0.0144,51.7621,0.0010,1,0.0804,6.5610,0.0440,0.5978,46.7198,0.0000,46.7198,0.8862,0.0000,0.0000,2046,1471,165010,17.23,906.0
598,231.2514,55.1672,0.2083,0.0164,2.1202,0.0806,0.0146,53.8108,0.0016,1,0.0753,6.4922,0.0432,0.4751,48.0067,0.0000,48.0067,0.8812,0.0000,0.0000,2046,1486,166794,17.26,906.0
599,231.3077,56.2704,0.7616,0.0155,2.3295,0.0690,0.0110,52.5046,0.0016,1,0.0789,6.6437,0.0430,0.4769,45.9324,0.0000,45.9324,0.8934,0.0000,0.0000,2046,1503,168634,17.29,906.0
600,231.3634,55.7138,0.5745,0.0195,3.3566,0.0513,0.0087,50.6191,0.0012,1,0.0791,6.8123,0.0436,0.5104,45.0167,0.0000,45.0167,0.8974,0.0000,0.0000,2046,1562,175150,17.30,906.0
601,231.4180,54.6466,0.4998,0.0153,2.6799,0.0487,0.0082,48.7871,0.0014,1,0.0755,6.9030,0.0431,0.5427,44.6007,0.0000,44.6007,0.8895,0.0000,0.0000,2046,1606,179982,17.33,906.0
602,231.4701,52.0612,0.4365,0.0178,2.1105,0.0642,0.0112,51.4483,0.0012,1,0.0803,7.3457,0.0430,0.5142,44.3529,0.0000,44.3529,0.8861,0.0000,0.0000,2046,1677,188366,17.36,906.0
603,231.5242,54.1079,0.5021,0.0185,2.5363,0.0541,0.0099,54.4155,0.0011,1,0.0779,7.4732,0.0430,0.5275,45.0892,0.0000,45.0892,0.8590,0.0000,0.0000,2046,1738,195886,17.48,906.0
604,231.5817,57.5575,0.6110,0.0212,3.5827,0.0730,0.0113,47.4459,0.0011,1,0.0796,8.4354,0.0430,0.5919,43.1476,0.0000,43.1476,0.8393,0.0000,0.0000,2046,1805,202766,17.35,906.1
605,231.6335,51.7633,0.4596,0.0177,2.5976,0.0668,0.0121,47.7685,0.0010,1,0.0793,7.9527,0.0441,0.6236,41.8115,0.0000,41.8115,0.8198,0.0000,0.0000,2046,1850,207774,17.38,906.1
606,231.6844,50.9391,0.4772,0.0170,2.1755,0.0492,0.0105,50.9028,0.0017,1,0.0799,8.1275,0.0428,0.5475,41.9107,0.0000,41.9107,0.8384,0.0000,0.0000,2046,1876,210870,17.42,906.1
607,231.7381,53.6534,0.4586,0.0174,2.1430,0.0616,0.0120,48.6238,0.0015,1,0.0853,8.8084,0.0428,0.6125,41.3243,0.0000,41.3243,0.8051,0.0000,0.0000,2046,1891,212950,17.44,906.1
608,231.7894,51.3377,0.4457,0.0732,2.2976,0.0645,0.0131,49.6479,0.0014,1,0.0789,8.3372,0.0431,0.6147,42.2986,0.0000,42.2986,0.8013,0.0000,0.0000,2046,1892,213142,17.47,906.1
609,231.8420,52.5621,0.5484,0.0178,2.6894,0.0716,0.0127,46.2002,0.0011,1,0.0859,8.1162,0.0430,0.5489,39.7355,0.0000,39.7355,0.7942,0.0000,0.0000,2046,1889,213582,17.50,906.1
610,231.8916,49.5601,0.2265,0.0167,2.6448,0.0554,0.0123,47.1143,0.0011,1,0.0797,8.2015,0.0431,0.5819,39.1701,0.0000,39.1701,0.7896,0.0000,0.0000,2046,1900,213518,17.53,906.1
611,231.9417,50.0969,1.0238,0.0176,2.1518,0.0568,0.0097,47.2735,0.0012,1,0.0836,8.0105,0.0448,0.5384,39.5417,0.0000,39.5417,0.7780,0.0000,0.0000,2046,1902,213470,17.56,906.1
612,231.9922,50.5520,0.5048,0.0166,2.0960,0.0540,0.0114,46.1570,0.0009,1,0.0873,8.3816,0.0425,0.5366,38.7124,0.0000,38.7124,0.7795,0.0000,0.0000,2046,1898,213086,17.59,906.1
613,232.0411,48.8576,0.4741,0.0151,2.8770,0.0598,0.0116,94.0100,0.0011,1,0.0851,8.1572,0.0441,0.5351,38.6139,0.0000,38.6139,0.7777,0.0000,0.0000,2046,1897,212958,17.62,906.1
614,232.1385,97.4662,0.5217,0.0186,2.2133,0.0558,0.0115,3.3510,0.0016,1,0.0927,7.8705,0.0450,0.5939,39.3192,0.0000,39.3192,0.8073,0.0000,0.0000,2046,1898,212958,17.54,906.1
615,232.1447,6.1912,0.6773,0.0189,2.3919,0.0462,0.0090,42.6505,0.0011,1,0.0932,8.3736,0.0430,0.5420,38.1742,0.0000,38.1742,0.7812,0.0000,0.0000,2046,1886,212324,17.69,906.1
616,232.1905,45.8129,0.4541,0.0184,2.6513,0.0643,0.0110,45.5229,0.0011,1,0.0832,8.1746,0.0422,0.5198,37.9729,0.0000,37.9729,0.7839,0.0000,0.0000,2046,1881,211236,17.73,906.1
617,232.2393,48.7412,0.2091,0.0154,2.4567,0.0507,0.0103,46.3065,0.0018,1,0.0988,8.3089,0.0432,0.5286,38.1666,0.0000,38.1666,0.7809,0.0000,0.0000,2046,1882,211308,17.77,906.1
618,232.2883,49.0668,0.4747,0.0168,2.0437,0.0576,0.0117,45.9829,0.0010,1,0.0832,8.2391,0.0430,0.5311,37.8262,0.0000,37.8262,0.7840,0.0000,0.0000,2046,1867,209772,17.81,906.1
619,232.3369,48.6057,0.5215,0.0180,3.3306,0.0589,0.0097,42.8855,0.0014,1,0.0850,8.0846,0.0430,0.5149,38.2762,0.0000,38.2762,0.7792,0.0000,0.0000,2046,1862,209060,17.84,906.1
620,232.3838,46.8427,0.4661,0.0181,3.4852,0.0682,0.0129,45.1769,0.0013,1,0.0920,8.7724,0.0430,0.5270,38.1846,0.0000,38.1846,0.7806,0.0000,0.0000,2046,1859,208740,17.89,906.1
621,232.4330,49.2504,0.4671,0.0197,2.6071,0.0642,0.0112,44.5619,0.0015,1,0.0863,8.4752,0.0444,0.6656,37.7859,0.0000,37.7859,0.7813,0.0000,0.0000,2046,1861,208876,17.93,906.1
622,232.4808,47.7495,0.6402,0.0170,3.5822,0.0764,0.0152,44.8599,0.0010,1,0.0885,8.1555,0.0443,0.5059,37.8608,0.0000,37.8608,0.7869,0.0000,0.0000,2046,1864,209196,17.98,906.1
623,232.5300,49.2082,0.6333,0.0157,3.1136,0.0757,0.0089,45.3666,0.0012,1,0.0948,8.0689,0.0431,0.5694,37.7214,0.0000,37.7214,0.7932,0.0000,0.0000,2046,1855,208172,18.01,906.1
624,232.5792,49.2325,1.0813,0.0171,3.5744,0.0544,0.0102,90.3221,0.0009,1,0.0961,8.5012,0.0434,0.5550,37.4166,0.0000,37.4166,0.7908,0.0000,0.0000,2046,1853,207916,18.04,906.1
625,232.6743,95.0768,1.2217,0.0159,1.9923,0.0529,0.0082,3.2703,0.0009,1,0.0907,7.7559,0.0435,0.5349,39.6264,0.0000,39.6264,0.8011,0.0000,0.0000,2046,1865,209324,17.95,758.7
626,232.6809,6.5770,0.2034,0.0165,2.1346,0.0447,0.0071,52.1796,0.0013,1,0.0916,8.3688,0.0430,0.4977,47.1004,0.0000,47.1004,0.8187,0.0000,0.0000,2046,1886,212396,18.10,758.7
627,232.7355,54.6023,0.8992,0.0170,2.2119,0.0650,0.0089,106.9185,0.0010,1,0.1348,8.6589,0.0440,0.7803,49.4400,0.0000,49.4400,0.8645,0.0000,0.0000,2046,1901,213452,18.13,758.7
628,232.8456,100.0000,0.5476,0.0178,2.1822,0.0543,0.0097,3.0983,0.0007,1,0.1326,7.8721,0.0488,0.4893,40.3635,0.0000,40.3635,0.8924,0.0000,0.0000,2046,1899,213196,18.02,758.7
629,232.8515,5.9245,0.0597,0.0153,2.5096,0.0627,0.0113,57.4071,0.0013,1,0.0949,8.2462,0.0433,0.5368,52.5498,0.0000,52.5498,0.9009,0.0000,0.0000,2046,1874,210740,18.18,758.7
630,232.9117,60.1053,0.4573,0.0125,2.1278,0.0532,0.0112,65.7453,0.0014,1,0.1363,8.0458,0.0454,0.4777,57.6001,0.0000,57.6001,0.9460,0.0000,0.0000,2046,1762,198012,18.18,758.7
631,232.9801,68.4254,0.4494,0.0157,2.2410,0.0490,0.0100,63.8190,0.0011,1,0.1321,8.2174,0.0464,0.5038,55.8908,0.0000,55.8908,0.9469,0.0000,0.0000,2046,1761,197884,18.16,758.7
632,233.0467,66.6001,1.5068,0.0173,2.0405,0.0546,0.0108,116.4923,0.0013,1,0.0962,7.4528,0.0430,0.5902,56.4747,0.0000,56.4747,0.9490,0.0000,0.0000,2046,1733,194780,18.15,758.7
633,233.1668,100.0000,0.2250,0.0172,2.4791,0.0592,0.0121,3.7455,0.0010,1,0.1204,6.7571,0.0451,0.4271,45.4554,0.0000,45.4554,0.9717,0.0000,0.0000,2046,1620,183148,18.05,758.7
634,233.1734,6.5571,0.7390,0.0140,2.0560,0.0516,0.0082,56.9641,0.0013,1,0.0816,6.4708,0.0433,0.4310,54.1111,0.0000,54.1111,0.9207,0.0000,0.0000,2046,1487,167028,18.20,758.7
635,233.2332,59.8524,0.4919,0.0164,2.0408,0.0558,0.0107,60.9018,0.0012,1,0.0848,6.3281,0.0428,0.4540,55.5607,0.0000,55.5607,0.8987,0.0000,0.0000,2046,1460,164114,18.21,758.7
636,233.2968,63.5346,0.4736,0.0150,2.1473,0.0508,0.0112,62.6163,0.0015,1,0.0980,6.4149,0.0446,0.6451,56.3678,0.0000,56.3678,0.8914,0.0000,0.0000,2046,1456,163730,18.31,758.7
637,233.3621,65.3309,0.5416,0.0167,2.1599,0.0590,0.0110,62.4596,0.0011,1,0.0862,6.3496,0.0431,0.5397,56.8598,0.0000,56.8598,0.8901,0.0000,0.0000,2046,1483,166794,18.15,758.7
638,233.4274,65.2638,0.4879,0.0143,2.1058,0.0930,0.0138,65.5779,0.0013,1,0.0848,6.4462,0.0451,0.5738,58.5786,0.0000,58.5786,1.0242,0.0000,0.0000,2046,1480,166284,18.13,758.7
639,233.4957,68.3110,1.7217,0.0189,2.4825,0.0542,0.0086,128.1283,0.0015,1,0.0993,6.8033,0.0445,0.5569,60.1363,0.0000,60.1363,0.8824,0.0000,0.0000,2046,1546,173646,18.22,758.7
640,233.6281,100.0000,1.2984,0.0230,2.7503,0.0775,0.0158,4.8267,0.0016,1,0.0901,6.8249,0.0430,0.5869,55.6067,0.0000,55.6067,0.8821,0.0000,0.0000,2046,1616,181374,17.96,758.7
641,233.6371,9.0160,0.8912,0.0133,2.8143,0.0628,0.0119,58.1599,0.0018,1,0.1760,8.2411,0.0438,0.9690,55.8582,0.0000,55.8582,0.8924,0.0000,0.0000,2046,1652,185430,18.10,758.7
642,233.6991,61.9750,1.1999,0.0205,3.2112,0.0612,0.0110,64.9619,0.0017,1,0.0881,7.6945,0.0435,0.6499,58.7708,0.0000,58.7708,0.9223,0.0000,0.0000,2046,1704,191462,18.10,758.7
643,233.7686,69.4865,0.2647,0.0179,3.1080,0.0709,0.0127,77.5696,0.0007,1,0.0894,8.1444,0.0435,0.7312,58.5186,0.0000,58.5186,0.9274,0.0000,0.0000,2046,1712,192358,18.09,741.9
644,233.8496,81.0606,0.3933,0.0159,1.9312,0.0421,0.0081,53.2164,0.0013,1,0.0979,7.9418,0.0445,0.7171,58.7933,0.0000,58.7933,0.9508,0.0000,0.0000,2046,1748,196370,18.14,741.9
645,233.9053,55.6277,0.4024,0.0172,2.2639,0.0541,0.0105,71.5045,0.0012,1,0.0947,9.1155,0.0440,0.8913,61.8617,0.0000,61.8617,0.9988,0.0000,0.0000,2046,1879,211574,18.01,741.9
646,233.9795,74.2726,0.4213,0.0158,2.5573,0.0713,0.0138,146.0531,0.0010,1,0.1084,9.8029,0.0447,0.8753,63.5510,0.0000,63.5510,0.9794,0.0000,0.0000,2046,1975,222348,17.96,741.9
647,234.1287,100.0000,2.5566,0.0215,3.4876,0.0908,0.0149,4.8007,0.0014,1,0.0922,9.0047,0.0439,0.8582,61.6241,0.0000,61.6241,0.9484,0.0000,0.0000,2046,1987,223686,17.86,741.9
648,234.2362,100.0000,3.2083,0.0140,3.0413,0.0526,0.0076,5.4655,0.0012,1,0.0943,10.5226,0.0435,1.2779,84.4919,0.0000,84.4919,1.0984,0.0000,0.0000,2046,1973,223686,17.76,741.9
649,234.2480,11.8102,0.7422,0.0155,2.5310,0.0619,0.0103,61.7488,0.0010,1,0.0878,9.7604,0.0444,0.9540,68.0668,0.0000,68.0668,0.9344,0.0000,0.0000,2046,1984,223686,17.99,741.9
650,234.3131,65.1299,0.7035,0.0194,3.9506,0.0776,0.0135,66.7748,0.0010,1,0.0936,9.2332,0.0464,0.9873,61.5930,0.0000,61.5930,0.9258,0.0000,0.0000,2046,1984,223558,17.84,741.9
651,234.3847,71.5591,0.6246,0.0170,2.9158,0.0676,0.0123,72.8040,0.0020,1,0.1037,9.4150,0.0438,1.0588,62.8253,0.0000,62.8253,0.9289,0.0000,0.0000,2046,1984,223494,17.80,772.5
652,234.4611,76.4652,0.8117,0.0195,3.3061,0.0756,0.0175,69.6251,0.0012,1,0.1148,10.1239,0.0446,0.9307,61.7378,0.0000,61.7378,0.9268,0.0000,0.0000,2046,1984,223494,17.74,772.5
653,234.5350,73.8763,0.6444,0.0159,2.2376,0.0569,0.0108,75.0240,0.0013,1,0.0946,9.1670,0.0451,0.8961,64.9620,0.0000,64.9620,0.9307,0.0000,0.0000,2046,1985,223558,17.70,772.5
654,234.6130,78.0137,0.6961,0.0192,2.4260,0.0665,0.0120,69.8433,0.0017,1,0.0914,10.1033,0.0441,0.9348,61.4891,0.0000,61.4891,0.9235,0.0000,0.0000,2046,1984,223558,17.65,772.5
655,234.6861,73.0747,1.1333,0.0238,2.2223,0.0592,0.0108,71.4999,0.0011,1,0.0906,9.3276,0.0450,0.9155,62.3140,0.0000,62.3140,0.9259,0.0000,0.0000,2046,1984,223494,17.61,772.5
656,234.7611,74.9584,0.6324,0.0160,1.8771,0.0745,0.0142,71.1842,0.0018,1,0.0927,8.9804,0.0451,0.8704,61.5947,0.0000,61.5947,0.9287,0.0000,0.0000,2046,1984,223494,17.56,772.5
657,234.8349,73.8237,0.0943,0.0194,3.1735,0.0862,0.0158,76.2116,0.0019,1,0.1008,10.0044,0.0435,0.8489,65.6587,0.0000,65.6587,0.9278,0.0000,0.0000,2046,1984,223494,17.52,772.5
658,234.9145,79.6126,0.8445,0.0183,3.6729,0.0795,0.0129,65.2024,0.0011,1,0.0955,8.5431,0.0448,0.9664,60.5244,0.0000,60.5244,0.9364,0.0000,0.0000,2046,1984,223494,17.46,795.6
659,234.9843,69.8399,0.7161,0.0179,3.5989,0.0707,0.0118,68.8491,0.0015,1,0.1243,9.6236,0.0451,0.8706,60.5655,0.0000,60.5655,0.9464,0.0000,0.0000,2046,1984,223494,17.42,795.6
660,235.0576,73.2742,1.0997,0.0176,3.0640,0.0647,0.0108,68.4201,0.0014,1,0.0871,8.6374,0.0439,0.9649,60.3037,0.0000,60.3037,0.9519,0.0000,0.0000,2046,1984,223494,17.37,795.6
661,235.1303,72.6880,0.0841,0.0218,2.3919,0.0927,0.0127,72.2437,0.0013,1,0.0993,11.5617,0.0437,1.4122,61.4571,0.0000,61.4571,0.9521,0.0000,0.0000,2046,1984,223494,17.32,795.6
662,235.2052,74.8565,0.0798,0.0182,2.3903,0.0738,0.0120,67.3686,0.0011,1,0.0895,9.1983,0.0451,0.8973,59.0751,0.0000,59.0751,0.9623,0.0000,0.0000,2046,1984,223494,17.27,795.6
663,235.2751,69.9518,0.0712,0.0164,3.2902,0.0842,0.0157,69.1529,0.0016,1,0.0933,9.4276,0.0447,0.8750,59.2878,0.0000,59.2878,0.9556,0.0000,0.0000,2046,1984,223494,17.23,795.6
664,235.3477,72.6403,0.0720,0.0172,2.1001,0.0502,0.0114,70.0506,0.0014,1,0.1011,8.7798,0.0446,0.8991,60.9462,0.0000,60.9462,0.9664,0.0000,0.0000,2046,1984,223494,17.30,795.6
665,235.4201,72.3235,0.0777,0.0163,3.2948,0.0798,0.0141,66.7112,0.0011,1,0.0983,9.1507,0.0443,1.1928,58.3166,0.0000,58.3166,0.9649,0.0000,0.0000,2046,1984,223494,17.13,823.1
666,235.4903,70.2027,0.0677,0.0150,2.9869,0.0759,0.0113,64.8539,0.0011,1,0.0838,8.6950,0.0445,0.9138,56.8474,0.0000,56.8474,0.9718,0.0000,0.0000,2046,1984,223494,17.08,823.1
667,235.5583,68.0193,0.6983,0.0151,2.0764,0.0596,0.0117,133.6940,0.0017,1,0.0855,8.6946,0.0440,0.9753,57.8859,0.0000,57.8859,0.9632,0.0000,0.0000,2046,1984,223494,17.04,823.1
668,235.6949,100.0000,0.0633,0.0151,2.1010,0.0795,0.0142,2.9515,0.0011,1,0.0848,8.4168,0.0446,0.8763,58.2787,0.0000,58.2787,0.9620,0.0000,0.0000,2046,1984,223494,16.93,823.1
669,235.7001,5.2570,0.0941,0.0160,2.3517,0.0578,0.0105,64.7502,0.0011,1,0.1092,9.4392,0.0439,0.9477,57.2198,0.0000,57.2198,0.9657,0.0000,0.0000,2046,1984,223494,17.04,823.1
670,235.7674,67.2894,0.0660,0.0137,1.9984,0.0646,0.0117,69.3605,0.0018,1,0.0945,9.0183,0.0447,0.8854,56.5788,0.0000,56.5788,0.9702,0.0000,0.0000,2046,1984,223494,17.00,823.1
671,235.8389,71.5259,0.0896,0.0198,4.3979,0.0736,0.0101,60.7237,0.0012,1,0.0922,8.6247,0.0435,0.8496,55.7002,0.0000,55.7002,0.9700,0.0000,0.0000,2046,1984,223494,16.95,823.1
672,235.9043,65.3258,0.0788,0.0168,2.9694,0.0683,0.0129,133.3494,0.0012,1,0.0844,8.7670,0.0445,0.8749,59.2273,0.0000,59.2273,0.9632,0.0000,0.0000,2046,1984,223494,16.92,823.1
673,236.0408,100.0000,0.0776,0.0153,2.0725,0.0777,0.0150,2.8945,0.0016,1,0.1011,8.1879,0.0451,0.8513,56.5282,0.0000,56.5282,0.9700,0.0000,0.0000,2046,1984,223494,16.92,826.6
674,236.0459,5.1642,0.0672,0.0159,2.6995,0.0920,0.0163,67.8334,0.0016,1,0.1544,9.3586,0.0449,1.3340,59.0913,0.0000,59.0913,0.9663,0.0000,0.0000,2046,1984,223494,16.92,826.6
675,236.1167,70.7348,0.2528,0.0169,3.4390,0.0757,0.0115,132.7588,0.0019,1,0.0846,9.9225,0.0444,0.8780,56.3863,0.0000,56.3863,0.9644,0.0000,0.0000,2046,1984,223494,16.87,826.6
676,236.2532,100.0000,0.5942,0.0167,1.8428,0.0585,0.0096,3.0480,0.0012,1,0.0884,8.3429,0.0433,0.8589,58.5580,0.0000,58.5580,0.9651,0.0000,0.0000,2046,1984,223494,16.76,826.6
677,236.2588,5.5778,0.0692,0.0176,2.1332,0.0686,0.0112,65.5492,0.0014,1,0.0860,9.1944,0.0451,0.9175,57.1484,0.0000,57.1484,0.9636,0.0000,0.0000,2046,1984,223494,16.87,826.6
678,236.3267,67.8583,0.0766,0.0233,2.1738,0.0643,0.0118,63.7933,0.0012,1,0.0924,9.2001,0.0445,0.8805,55.8475,0.0000,55.8475,0.9643,0.0000,0.0000,2046,1984,223494,16.95,826.6
679,236.3928,66.1528,0.0708,0.0167,2.0485,0.0580,0.0106,66.2013,0.0019,1,0.0938,8.7130,0.0451,0.9906,55.4569,0.0000,55.4569,0.9596,0.0000,0.0000,2046,1984,223494,16.81,826.6
680,236.4612,68.4179,0.2100,0.0179,3.3210,0.0662,0.0133,134.1896,0.0011,1,0.0893,8.8147,0.0439,0.9421,59.8898,0.0000,59.8898,0.9542,0.0000,0.0000,2046,1984,223494,16.88,826.6
681,236.5991,100.0000,0.4910,0.0174,2.3345,0.0746,0.0127,7.0500,0.0019,1,0.1005,8.3346,0.0433,0.8417,56.2722,0.0000,56.2722,0.9576,0.0000,0.0000,2046,1984,223494,16.66,826.6
682,236.6090,9.9936,0.4919,0.0207,2.3613,0.0549,0.0106,61.9801,0.0019,1,0.0990,10.4054,0.0451,1.2841,56.1600,0.0000,56.1600,0.9764,0.0000,0.0000,2046,1984,223494,16.76,826.6
683,236.6740,64.9299,0.4124,0.0158,2.0750,0.0679,0.0115,64.5062,0.0010,1,0.0884,8.8906,0.0468,0.9600,56.0372,0.0000,56.0372,0.9604,0.0000,0.0000,2046,1984,223494,16.84,802.7
684,236.7411,67.0973,0.4351,0.0142,3.2801,0.0823,0.0155,66.5270,0.0012,1,0.0909,8.6688,0.0451,1.1756,59.6751,0.0000,59.6751,0.9620,0.0000,0.0000,2046,1984,223494,16.70,802.7
685,236.8114,70.3633,0.4406,0.0154,2.1505,0.0657,0.0102,65.7227,0.0018,1,0.0933,8.6077,0.0438,0.9376,56.5927,0.0000,56.5927,0.9598,0.0000,0.0000,2046,1984,223494,16.65,802.7
686,236.8799,68.4145,0.4233,0.0178,2.0753,0.0639,0.0101,64.8027,0.0011,1,0.0984,8.8212,0.0451,0.9555,56.1924,0.0000,56.1924,0.9619,0.0000,0.0000,2046,1984,223494,16.63,802.7
687,236.9473,67.4012,0.4812,0.0177,3.2293,0.0738,0.0129,61.4987,0.0012,1,0.0939,8.6607,0.0430,0.8561,54.7122,0.0000,54.7122,0.9627,0.0000,0.0000,2046,1984,223494,16.60,802.7
688,237.0126,65.3216,0.4337,0.0171,2.2544,0.0516,0.0091,66.5396,0.0019,1,0.0924,8.4967,0.0451,0.9293,58.0966,0.0000,58.0966,0.9612,0.0000,0.0000,2046,1984,223494,16.58,802.7
689,237.0819,69.3169,0.5211,0.0146,2.4302,0.0915,0.0157,64.8391,0.0010,1,0.0999,9.0381,0.0451,0.9423,55.7792,0.0000,55.7792,0.9627,0.0000,0.0000,2046,1984,223494,16.54,802.7
690,237.1498,67.9218,0.5673,0.0210,2.9262,0.0797,0.0161,63.6408,0.0011,1,0.0858,8.6221,0.0450,0.8643,55.7057,0.0000,55.7057,0.9618,0.0000,0.0000,2046,1984,223494,16.62,802.7
691,237.2171,67.2614,0.6377,0.0153,2.0943,0.0709,0.0105,134.0255,0.0011,1,0.0964,9.5339,0.0451,1.0263,56.0971,0.0000,56.0971,0.9533,0.0000,0.0000,2046,1984,223494,16.48,801.3
692,237.3539,100.0000,0.4439,0.0145,4.0366,0.0583,0.0121,66.6146,0.0014,1,0.0869,8.3180,0.0461,0.9496,58.2381,0.0000,58.2381,0.9559,0.0000,0.0000,2046,1984,223494,16.37,801.3
693,237.4251,71.1896,0.5920,0.0222,3.2897,0.0594,0.0109,7.8972,0.0012,1,0.0989,8.8573,0.0453,0.9165,55.4641,0.0000,55.4641,0.9674,0.0000,0.0000,2046,1984,223494,16.34,801.3
694,237.4370,11.8790,0.0601,0.0134,3.3197,0.0803,0.0117,59.1599,0.0012,1,0.0891,8.5506,0.0451,0.9330,55.7119,0.0000,55.7119,0.9571,0.0000,0.0000,2046,1984,223494,16.44,801.3
695,237.4997,62.6553,0.0801,0.0150,2.7302,0.0502,0.0081,59.1275,0.0012,1,0.0887,8.9809,0.0454,0.9893,55.4842,0.0000,55.4842,0.9567,0.0000,0.0000,2046,1984,223494,16.53,801.3
696,237.5617,62.0203,0.0740,0.0163,2.7370,0.0481,0.0101,72.9671,0.0010,1,0.0881,8.8925,0.0443,1.0419,60.9050,0.0000,60.9050,0.9611,0.0000,0.0000,2046,1984,223494,16.41,801.3
697,237.6375,75.8614,1.1658,0.0189,4.5472,0.0618,0.0093,60.4491,0.0019,1,0.0866,8.7277,0.0449,0.8741,55.7699,0.0000,55.7699,0.9560,0.0000,0.0000,2046,1984,223494,16.35,801.3
698,237.7038,66.2655,0.4891,0.0222,3.5011,0.0669,0.0131,63.9539,0.0017,1,0.0871,9.6182,0.0451,0.9052,55.5923,0.0000,55.5923,0.9527,0.0000,0.0000,2046,1984,223494,16.34,801.3
699,237.7719,68.0574,0.5388,0.0199,2.7927,0.0606,0.0117,64.2364,0.0010,1,0.0920,9.1096,0.0451,0.9734,56.3018,0.0000,56.3018,0.9498,0.0000,0.0000,2046,1984,223494,16.32,801.6
700,237.8395,67.6686,0.4229,0.0149,2.7779,0.0904,0.0124,69.1344,0.0014,1,0.1060,9.0990,0.0448,0.9540,58.1815,0.0000,58.1815,0.9508,0.0000,0.0000,2046,1984,223494,16.30,801.6
701,237.9120,72.4623,0.4971,0.0184,3.1186,0.0682,0.0144,61.9095,0.0013,1,0.0879,9.7513,0.0451,1.1113,54.9875,0.0000,54.9875,0.9723,0.0000,0.0000,2046,1984,223494,16.27,801.6
702,237.9776,65.6358,0.3845,0.0160,2.6641,0.0485,0.0093,134.3342,0.0016,1,0.0882,8.7684,0.0439,0.9698,54.8013,0.0000,54.8013,0.9544,0.0000,0.0000,2046,1984,223494,16.26,801.6
703,238.1151,100.0000,2.2409,0.0199,6.0590,0.0800,0.0135,9.6095,0.0010,1,0.0931,8.2553,0.0440,0.8458,54.3940,0.0000,54.3940,0.9521,0.0000,0.0000,2046,1984,223494,16.17,801.6
704,238.1331,18.0311,1.0417,0.0203,6.0886,0.0830,0.0127,48.7343,0.0015,1,0.0935,8.7224,0.0446,0.8718,55.4725,0.0000,55.4725,0.9557,0.0000,0.0000,2046,1984,223494,16.26,801.6
705,238.1891,55.9897,0.0759,0.0173,3.3520,0.0542,0.0098,62.4968,0.0019,1,0.0952,8.5172,0.0465,0.9060,54.9211,0.0000,54.9211,0.9502,0.0000,0.0000,2046,1984,223494,16.27,801.6
706,238.2551,66.0158,0.3322,0.0161,2.9938,0.0458,0.0097,62.1908,0.0012,1,0.1030,8.4781,0.0450,0.9917,55.3323,0.0000,55.3323,0.9594,0.0000,0.0000,2046,1984,223494,16.26,801.6
707,238.3207,65.5977,0.7592,0.0153,2.7670,0.0418,0.0074,132.4873,0.0011,1,0.0866,8.6813,0.0452,0.8959,55.0207,0.0000,55.0207,0.9571,0.0000,0.0000,2046,1984,223494,16.25,794.5
708,238.4568,100.0000,0.6288,0.0172,4.1887,0.0705,0.0133,4.3123,0.0013,1,0.0870,8.2033,0.0447,0.9443,60.1077,0.0000,60.1077,0.9533,0.0000,0.0000,2046,1984,223494,16.17,794.5
709,238.4661,9.2746,0.6897,0.0136,2.8728,0.0560,0.0123,57.1414,0.0015,1,0.1562,8.4925,0.0453,0.9631,54.7632,0.0000,54.7632,0.9545,0.0000,0.0000,2046,1984,223494,16.29,794.5
710,238.5269,60.7953,0.6251,0.0147,2.5929,0.0531,0.0104,130.1644,0.0013,1,0.0855,8.6346,0.0450,0.8499,54.9216,0.0000,54.9216,0.9540,0.0000,0.0000,2046,1984,223494,16.29,794.5
711,238.6604,100.0000,0.6428,0.0187,2.8496,0.0527,0.0097,3.3207,0.0014,1,0.0952,9.6259,0.0447,1.2078,55.5610,0.0000,55.5610,0.9397,0.0000,0.0000,2046,1984,223494,16.21,794.5
712,238.6673,6.9038,0.5912,0.0174,3.5698,0.0494,0.0090,60.9700,0.0013,1,0.0970,8.8899,0.0445,0.9155,57.3681,0.0000,57.3681,0.9477,0.0000,0.0000,2046,1984,223494,16.33,794.5
713,238.7325,65.2154,0.7132,0.0191,3.2257,0.0684,0.0143,63.5624,0.0021,1,0.0887,8.8729,0.0441,0.9652,54.8023,0.0000,54.8023,0.9483,0.0000,0.0000,2046,1984,223494,16.32,794.5
714,238.8001,67.6150,0.6344,0.0181,2.4436,0.0594,0.0109,63.6521,0.0014,1,0.0929,9.7632,0.0439,0.9646,54.5236,0.0000,54.5236,0.9547,0.0000,0.0000,2046,1984,223494,16.30,794.5
715,238.8669,66.8302,0.8681,0.0176,3.7859,0.0642,0.0129,61.1805,0.0014,1,0.0908,8.6620,0.0437,0.8622,54.5055,0.0000,54.5055,0.9544,0.0000,0.0000,2046,1984,223494,16.28,794.5
716,238.9329,65.9402,0.8360,0.0216,4.3073,0.0660,0.0111,66.4088,0.0010,1,0.0998,9.4157,0.0447,0.9741,59.8254,0.0000,59.8254,0.9533,0.0000,0.0000,2046,1984,223494,16.26,788.3
717,239.0045,71.6596,0.5655,0.0156,2.6642,0.0465,0.0092,62.5964,0.0011,1,0.0852,8.6098,0.0435,0.8356,54.4704,0.0000,54.4704,0.9547,0.0000,0.0000,2046,1984,223494,16.22,788.3
718,239.0704,65.9157,0.5875,0.0174,2.6539,0.0532,0.0109,63.6758,0.0012,1,0.0946,8.5396,0.0434,1.0124,55.4780,0.0000,55.4780,0.9579,0.0000,0.0000,2046,1984,223494,16.20,788.3
719,239.1375,67.0080,0.6685,0.0153,2.8225,0.0757,0.0138,64.0689,0.0011,1,0.1018,8.7534,0.0449,1.0793,55.2050,0.0000,55.2050,0.9532,0.0000,0.0000,2046,1984,223494,16.17,788.3
720,239.2051,67.6735,0.7757,0.0194,4.7648,0.0598,0.0096,64.4991,0.0015,1,0.1062,9.2251,0.0471,0.9739,58.2996,0.0000,58.2996,0.9540,0.0000,0.0000,2046,1984,223494,16.15,788.3
721,239.2753,70.1398,0.8247,0.0300,5.0461,0.0711,0.0120,60.8220,0.0017,1,0.0887,10.2668,0.0444,0.9506,54.4346,0.0000,54.4346,0.9539,0.0000,0.0000,2046,1984,223494,16.11,788.3
722,239.3421,66.8167,1.4578,0.0149,2.4860,0.0533,0.0102,62.1364,0.0011,1,0.0932,8.7630,0.0432,0.9077,55.2364,0.0000,55.2364,0.9546,0.0000,0.0000,2046,1984,223494,16.08,788.3
723,239.4082,66.1666,0.8382,0.0174,2.6174,0.0546,0.0114,133.7665,0.0012,1,0.0931,8.6530,0.0448,0.9108,55.9801,0.0000,55.9801,0.9487,0.0000,0.0000,2046,1984,223494,16.06,788.3
724,239.5456,100.0000,1.2781,0.0157,6.4378,0.0518,0.0099,63.5150,0.0013,1,0.0943,8.9367,0.0444,0.9875,57.7881,0.0000,57.7881,0.9424,0.0000,0.0000,2046,1984,223494,15.97,805.1
725,239.7007,100.0000,0.8155,0.0127,3.5638,0.0448,0.0076,3.4151,0.0010,1,0.0848,8.4787,0.0436,0.8970,58.7242,0.0000,58.7242,0.9435,0.0000,0.0000,2046,1984,223494,15.86,805.1
726,239.7085,7.8664,0.0595,0.0137,3.7554,0.0767,0.0106,127.8899,0.0015,1,0.0940,8.6209,0.0825,1.3761,205.9894,0.0000,205.9894,2.8917,0.0000,0.0000,2046,1983,223558,15.96,805.1
727,239.8403,100.0000,0.9085,0.0152,3.7269,0.0809,0.0144,186.1205,0.0011,1,0.0975,8.2566,0.0883,1.3698,177.1198,0.0000,177.1198,2.8853,0.0000,0.0000,2046,1983,223430,15.86,805.1
728,240.0312,100.0000,0.0646,0.0172,4.3136,0.0621,0.0127,192.4204,0.0018,1,0.0900,8.8788,0.0841,1.4705,181.4942,0.0000,181.4942,2.8947,0.0000,0.0000,2046,1983,223430,15.76,805.1
729,240.2281,100.0000,0.0867,0.0192,6.7361,0.0758,0.0169,204.1358,0.0014,1,0.1098,13.3674,0.0842,1.6466,191.3320,0.0000,191.3320,2.9393,0.0000,0.0000,2046,1983,223430,15.66,805.1
730,240.4392,100.0000,0.4259,0.0173,6.1963,0.0808,0.0154,380.6149,0.0012,1,0.0984,9.8746,0.0852,1.6942,179.4393,0.0000,179.4393,2.9491,0.0000,0.0000,2046,1983,223430,15.56,846.4
731,240.8266,100.0000,6.0154,0.0194,3.6848,0.0550,0.0093,6.3802,0.0011,1,0.0967,8.9416,0.0840,1.4786,177.9905,0.0000,177.9905,2.9672,0.0000,0.0000,2046,1983,223430,15.46,846.4
732,240.8427,16.1726,0.0656,0.0167,3.6757,0.0746,0.0112,182.2769,0.0011,1,0.1017,9.9403,0.0860,1.6364,179.3720,0.0000,179.3720,2.9877,0.0000,0.0000,2046,1983,223430,15.53,846.4
733,241.0289,100.0000,0.7551,0.0183,2.9895,0.0547,0.0093,183.1170,0.0010,1,0.0962,9.2975,0.0875,1.7121,176.2582,0.0000,176.2582,3.0008,0.0000,0.0000,2046,1983,223430,15.42,846.4
734,241.2158,100.0000,0.3858,0.0213,2.9205,0.0623,0.0192,185.3169,0.0012,1,0.1030,8.8970,0.0843,1.8742,174.0029,0.0000,174.0029,3.0201,0.0000,0.0000,2046,1983,223430,15.42,846.4
735,241.4045,100.0000,0.9450,0.0210,4.1502,0.0835,0.0144,378.4770,0.0015,1,0.0970,9.4514,0.0853,1.5379,175.6086,0.0000,175.6086,3.0197,0.0000,0.0000,2046,1983,223430,15.23,846.4
736,241.7883,100.0000,0.7231,0.0196,4.9768,0.0770,0.0119,4.0268,0.0023,1,0.1029,10.2449,0.0853,2.2488,176.3811,0.0000,176.3811,3.0091,0.0000,0.0000,2046,1983,223430,15.13,847.1
737,241.7981,9.8444,1.0893,0.0132,3.3061,0.0610,0.0117,176.9422,0.0019,1,0.0906,9.0515,0.0846,1.5538,173.3701,0.0000,173.3701,3.0084,0.0000,0.0000,2046,1983,223430,15.20,847.1
738,241.9795,100.0000,0.5448,0.0179,3.0791,0.0575,0.0116,373.1668,0.0017,1,0.0874,8.8123,0.0840,1.4561,171.1565,0.0000,171.1565,3.0238,0.0000,0.0000,2046,1983,223430,15.11,847.1
739,242.3564,100.0000,0.6096,0.0182,2.6021,0.0701,0.0128,3.3593,0.0019,1,0.1080,10.1947,0.0858,2.2385,176.0315,0.0000,176.0315,3.0121,0.0000,0.0000,2046,1983,223430,15.01,847.1
740,242.3631,6.6872,0.0982,0.0255,3.1729,0.0622,0.0112,183.8492,0.0012,1,0.0857,11.1092,0.0861,1.4882,172.2278,0.0000,172.2278,3.0078,0.0000,0.0000,2046,1983,223430,15.09,847.1
741,242.5503,100.0000,0.9168,0.0180,3.6057,0.0903,0.0154,179.6684,0.0011,1,0.0992,10.5798,0.0840,2.0111,169.5645,0.0000,169.5645,3.0155,0.0000,0.0000,2046,1983,223430,14.99,847.1
742,242.7347,100.0000,0.4021,0.0193,3.5671,0.0725,0.0145,183.8929,0.0016,1,0.1164,10.4747,0.0840,2.0428,172.4378,0.0000,172.4378,3.0263,0.0000,0.0000,2046,1983,223430,14.89,847.1
743,242.9226,100.0000,1.1018,0.0191,2.9734,0.0621,0.0117,175.9277,0.0011,1,0.0884,9.0269,0.0840,1.3558,164.5443,0.0000,164.5443,3.0063,0.0000,0.0000,2046,1983,223430,14.80,855.1
744,243.1027,100.0000,0.6090,0.0172,3.0432,0.0820,0.0155,179.0336,0.0016,1,0.1003,9.4888,0.0853,2.3981,167.0992,0.0000,167.0992,3.0162,0.0000,0.0000,2046,1983,223430,14.71,855.1
745,243.2856,100.0000,1.4375,0.0206,3.5570,0.0810,0.0150,176.6524,0.0014,1,0.0874,8.6511,0.0846,1.5763,168.3735,0.0000,168.3735,3.0199,0.0000,0.0000,2046,1983,223430,14.70,855.1
746,243.4673,100.0000,0.6383,0.0159,2.6120,0.0610,0.0117,179.9218,0.0012,1,0.0959,9.1588,0.0840,1.6507,167.7592,0.0000,167.7592,3.0276,0.0000,0.0000,2046,1983,223430,14.53,855.1
747,243.6506,100.0000,0.7713,0.0194,3.3831,0.0704,0.0131,173.7204,0.0013,1,0.0862,8.6123,0.0859,1.4143,163.9000,0.0000,163.9000,3.0110,0.0000,0.0000,2046,1983,223430,14.45,855.1
748,243.8286,100.0000,0.6053,0.0163,2.5533,0.0584,0.0099,173.1430,0.0011,1,0.0848,8.9508,0.0842,1.3169,161.9779,0.0000,161.9779,3.0044,0.0000,0.0000,2046,1983,223430,14.45,858.1
749,244.0050,100.0000,0.0845,0.0185,4.9007,0.0634,0.0097,171.4940,0.0013,1,0.0846,8.1575,0.0856,1.2896,164.0276,0.0000,164.0276,3.0098,0.0000,0.0000,2046,1983,223430,14.29,858.1
750,244.1816,100.0000,0.9048,0.0162,2.5020,0.0610,0.0108,171.9479,0.0012,1,0.0945,8.8383,0.0855,1.4399,161.7772,0.0000,161.7772,2.9863,0.0000,0.0000,2046,1983,223430,14.22,858.1
751,244.3570,100.0000,1.9494,0.0148,4.1780,0.0801,0.0203,171.7021,0.0013,1,0.0896,8.5161,0.0856,1.7055,164.3793,0.0000,164.3793,3.0060,0.0000,0.0000,2046,1983,223430,14.17,858.1
752,244.5350,100.0000,0.6059,0.0205,2.4735,0.0620,0.0112,172.6732,0.0012,1,0.0982,9.6596,0.0850,1.4133,160.8615,0.0000,160.8615,3.0001,0.0000,0.0000,2046,1983,223430,14.12,858.1
753,244.7108,100.0000,0.6694,0.0157,4.4027,0.0625,0.0097,169.8288,0.0018,1,0.0878,8.9907,0.0850,1.3081,160.5292,0.0000,160.5292,3.0037,0.0000,0.0000,2046,1983,223430,14.12,864.8
754,244.8858,100.0000,0.6707,0.0169,3.6794,0.0610,0.0129,173.5575,0.0013,1,0.0919,8.8867,0.0849,1.4255,163.4107,0.0000,163.4107,2.9872,0.0000,0.0000,2046,1983,223430,13.96,864.8
755,245.0639,100.0000,0.6528,0.0175,4.4051,0.0661,0.0117,168.0626,0.0020,1,0.0871,8.2243,0.0840,1.6000,159.3621,0.0000,159.3621,3.0197,0.0000,0.0000,2046,1983,223430,13.90,864.8
756,245.2371,100.0000,0.7161,0.0171,3.1679,0.0655,0.0123,171.7725,0.0019,1,0.0921,9.8782,0.0853,1.5344,161.9547,0.0000,161.9547,2.9685,0.0000,0.0000,2046,1983,223430,13.84,864.8
757,245.4128,100.0000,0.0689,0.0152,2.6341,0.0880,0.0141,173.0399,0.0016,1,0.0870,8.6959,0.0851,1.2790,159.9949,0.0000,159.9949,2.9879,0.0000,0.0000,2046,1983,223430,13.78,864.8
758,245.5887,100.0000,1.1135,0.0180,2.7039,0.0573,0.0110,169.2595,0.0016,1,0.0827,8.4360,0.0855,1.2860,160.7768,0.0000,160.7768,2.9876,0.0000,0.0000,2046,1983,223430,13.73,864.9
759,245.7619,100.0000,0.2359,0.0193,4.6178,0.0805,0.0146,348.1791,0.0013,1,0.0889,9.5445,0.0843,1.6772,164.0553,0.0000,164.0553,2.9817,0.0000,0.0000,2046,1983,223430,13.68,864.9
760,246.1150,100.0000,1.4171,0.0159,4.9549,0.0636,0.0105,3.7448,0.0008,1,0.0852,8.3346,0.0858,1.5531,158.8405,0.0000,158.8405,2.9710,0.0000,0.0000,2046,1983,223430,13.68,864.9
761,246.1253,10.2140,0.5894,0.0157,2.7908,0.0525,0.0096,162.2051,0.0011,1,0.0831,8.3112,0.0857,1.4026,159.3127,0.0000,159.3127,2.9770,0.0000,0.0000,2046,1983,223430,13.68,864.9
762,246.2909,100.0000,0.3614,0.0174,2.2544,0.0548,0.0101,169.6744,0.0015,1,0.0829,8.1406,0.0847,1.2625,159.0455,0.0000,159.0455,2.9595,0.0000,0.0000,2046,1983,223430,13.62,864.9
763,246.4633,100.0000,0.6710,0.0139,2.2326,0.0522,0.0089,169.8175,0.0010,1,0.0870,8.0090,0.0845,1.3681,159.9052,0.0000,159.9052,2.9579,0.0000,0.0000,2046,1983,223430,13.57,864.9
764,246.6362,100.0000,0.5148,0.0172,2.8215,0.0457,0.0084,358.3740,0.0017,1,0.0882,9.1914,0.0853,1.2780,157.1613,0.0000,157.1613,2.9677,0.0000,0.0000,2046,1983,223430,13.54,866.2
765,246.9980,100.0000,0.5782,0.0141,1.9411,0.0559,0.0097,3.1795,0.0014,1,0.0804,7.7910,0.0840,1.2288,178.2372,0.0000,178.2372,2.8832,0.0000,0.0000,2046,1983,223430,13.47,866.2
766,247.0038,5.7972,0.0654,0.0166,2.4432,0.0767,0.0147,184.9155,0.0012,1,0.0886,8.5646,0.0841,1.5972,175.3048,0.0000,175.3048,2.8727,0.0000,0.0000,2046,1983,223430,13.58,866.2
767,247.1914,100.0000,0.6580,0.0173,2.9533,0.0708,0.0128,186.1054,0.0011,1,0.0828,8.8549,0.0844,1.2364,176.9832,0.0000,176.9832,2.8935,0.0000,0.0000,2046,1983,223430,13.58,866.2
768,247.3812,100.0000,0.5799,0.0158,2.5504,0.0587,0.0106,188.7420,0.0012,1,0.0861,8.1736,0.0845,1.2453,178.9208,0.0000,178.9208,2.8879,0.0000,0.0000,2046,1983,223430,13.58,866.2
769,247.5732,100.0000,0.3685,0.0150,3.0068,0.0759,0.0163,187.9279,0.0014,1,0.0908,9.1850,0.0851,1.7081,177.0326,0.0000,177.0326,2.8927,0.0000,0.0000,2046,1983,223430,13.44,866.2
770,247.7646,100.0000,0.6268,0.0149,2.5124,0.0590,0.0095,186.3696,0.0015,1,0.0842,8.1322,0.0842,1.2452,176.1785,0.0000,176.1785,2.8857,0.0000,0.0000,2046,1983,223430,13.39,927.7
771,247.9542,100.0000,0.1032,0.0169,2.7689,0.0816,0.0160,185.5691,0.0016,1,0.0883,8.5651,0.0860,1.6948,173.6494,0.0000,173.6494,2.9075,0.0000,0.0000,2046,1983,223430,13.35,927.7
772,248.1427,100.0000,0.0786,0.0183,2.8629,0.0654,0.0115,177.2711,0.0013,1,0.0871,9.2942,0.0848,1.2657,168.0076,0.0000,168.0076,2.9492,0.0000,0.0000,2046,1983,223430,13.32,927.7
773,248.3231,100.0000,0.0633,0.0155,2.1747,0.0509,0.0098,178.1175,0.0016,1,0.0818,8.5544,0.0840,1.2370,166.1882,0.0000,166.1882,2.9658,0.0000,0.0000,2046,1983,223430,13.28,927.7
774,248.5035,100.0000,0.0702,0.0153,2.1173,0.0613,0.0117,177.6255,0.0009,1,0.0865,8.2662,0.0840,1.4543,166.7241,0.0000,166.7241,2.9671,0.0000,0.0000,2046,1983,223430,13.24,927.7
775,248.6834,100.0000,0.0971,0.0175,2.4615,0.0737,0.0103,352.5061,0.0010,1,0.0835,8.4544,0.0840,1.2446,165.7263,0.0000,165.7263,2.9899,0.0000,0.0000,2046,1983,223430,13.21,928.3
776,249.0386,100.0000,0.0829,0.0154,2.6090,0.0602,0.0112,3.5679,0.0015,1,0.0859,8.7839,0.0849,1.5045,162.2580,0.0000,162.2580,3.0011,0.0000,0.0000,2046,1983,223430,13.17,928.3
777,249.0450,6.3556,0.0641,0.0152,2.6713,0.0518,0.0066,174.9416,0.0010,1,0.0911,8.3969,0.0859,1.5712,165.4812,0.0000,165.4812,2.9917,0.0000,0.0000,2046,1983,223430,13.27,928.3
778,249.2227,100.0000,0.0807,0.0179,4.1151,0.0961,0.0143,342.8030,0.0009,1,0.0816,8.0504,0.0844,1.2309,162.2505,0.0000,162.2505,3.0152,0.0000,0.0000,2046,1983,223430,13.24,928.3
779,249.5698,100.0000,0.0704,0.0572,3.7814,0.1564,0.0229,4.2424,0.0013,1,0.0806,8.0798,0.0850,1.2283,160.7871,0.0000,160.7871,3.0063,0.0000,0.0000,2046,1983,223430,13.19,928.3
780,249.5782,8.3401,0.0949,0.0119,3.5311,0.0592,0.0084,169.2042,0.0010,1,0.1074,8.8280,0.0841,1.5552,163.6422,0.0000,163.6422,3.0282,0.0000,0.0000,2046,1983,223430,13.29,928.3
781,249.7511,100.0000,0.0676,0.0152,3.1578,0.0630,0.0104,342.8920,0.0011,1,0.0832,7.9658,0.0843,1.2836,160.1137,0.0000,160.1137,3.0059,0.0000,0.0000,2046,1983,223430,13.25,928.3
782,250.0973,100.0000,0.0904,0.0160,3.1964,0.0755,0.0125,3.9963,0.0015,1,0.0810,7.8189,0.0840,1.2294,161.2979,0.0000,161.2979,3.0104,0.0000,0.0000,2046,1983,223430,13.21,928.4
783,250.1809,83.5657,0.5528,0.0129,3.9708,0.0597,0.0094,117.2049,0.0013,1,0.0845,8.7538,0.0841,1.3596,188.7733,0.0000,188.7733,3.0285,0.0000,0.0000,2046,1983,223430,13.19,928.4
784,250.3027,100.0000,0.0675,0.0157,2.1901,0.0568,0.0119,172.1824,0.0015,1,0.0869,8.4177,0.0844,1.2411,160.4762,0.0000,160.4762,3.0087,0.0000,0.0000,2046,1983,223430,13.15,928.4
785,250.4772,100.0000,1.5993,0.0150,2.8460,0.0461,0.0070,168.5976,0.0013,1,0.0802,8.0136,0.0850,1.3066,160.0143,0.0000,160.0143,3.0168,0.0000,0.0000,2046,1983,223430,13.11,928.4
786,250.6504,100.0000,0.5891,0.0159,3.8543,0.0679,0.0104,168.9708,0.0010,1,0.0822,8.4800,0.0840,1.2575,159.6835,0.0000,159.6835,3.0006,0.0000,0.0000,2046,1983,223430,13.07,928.4
787,250.8239,100.0000,0.7030,0.0218,3.4835,0.0781,0.0124,169.7851,0.0018,1,0.0836,8.3370,0.0841,1.3310,160.4572,0.0000,160.4572,3.0042,0.0000,0.0000,2046,1983,223430,13.02,928.4
788,250.9980,100.0000,0.4530,0.0152,3.0792,0.0787,0.0149,172.6291,0.0011,1,0.0834,8.4594,0.0844,1.5594,160.1352,0.0000,160.1352,3.0221,0.0000,0.0000,2046,1983,223430,13.02,774.6
789,251.1743,100.0000,0.9462,0.0194,2.6584,0.0529,0.0079,165.4023,0.0012,1,0.0834,8.5329,0.0852,1.2694,158.7938,0.0000,158.7938,3.0108,0.0000,0.0000,2046,1983,223430,12.89,774.6
790,251.3434,100.0000,0.6395,0.0155,1.9285,0.0606,0.0089,189.2401,0.0010,1,0.0953,8.0558,0.0840,1.2786,178.7618,0.0000,178.7618,3.0058,0.0000,0.0000,2046,1983,223430,12.85,774.6
791,251.5353,100.0000,0.0633,0.0139,2.8747,0.0580,0.0105,189.8073,0.0012,1,0.0916,8.4828,0.0849,1.2321,177.1454,0.0000,177.1454,3.0057,0.0000,0.0000,2046,1983,223430,12.81,774.6
792,251.7281,100.0000,0.0818,0.0188,3.5557,0.0724,5.1191,338.7166,0.0013,1,0.1204,8.7183,0.0840,1.5011,163.3423,0.0000,163.3423,2.9943,0.0000,0.0000,2046,1983,223430,12.76,774.6
793,252.0757,100.0000,0.0716,0.0147,2.3985,0.0752,0.0156,3.8529,0.0012,1,0.0926,8.9374,0.0860,1.5050,158.1968,0.0000,158.1968,2.9933,0.0000,0.0000,2046,1983,223430,12.76,743.8
794,252.0821,6.4369,0.0572,0.0156,2.3702,0.0593,0.0102,177.7706,0.0009,1,0.0963,8.5879,0.0850,1.3103,169.9098,0.0000,169.9098,3.0056,0.0000,0.0000,2046,1983,223430,12.76,743.8
795,252.2624,100.0000,0.0567,0.0136,1.7246,0.0440,0.0088,172.5004,0.0013,1,0.0917,8.1658,0.0846,1.2899,159.4248,0.0000,159.4248,2.9884,0.0000,0.0000,2046,1983,223430,12.72,743.8
796,252.4368,100.0000,0.0978,0.0206,3.5632,0.0845,0.0153,184.1673,0.0008,1,0.0931,8.1074,0.0860,1.2694,176.2503,0.0000,176.2503,2.9936,0.0000,0.0000,2046,1983,223430,12.72,743.8
797,252.6247,100.0000,0.0611,0.0139,3.0852,0.0613,0.0097,202.3803,0.0008,1,0.0916,8.9231,0.0849,1.7277,191.6252,0.0000,191.6252,2.9971,0.0000,0.0000,2046,1983,223430,12.59,743.8
798,252.8303,100.0000,0.0599,0.0148,2.3429,0.0497,0.0086,177.8105,0.0013,1,0.0936,8.6306,0.0873,1.5380,165.6219,0.0000,165.6219,2.9798,0.0000,0.0000,2046,1983,223430,12.55,743.8
799,253.0106,100.0000,0.1177,0.0181,3.4652,0.0413,0.0065,346.4017,0.0016,1,0.0873,8.8014,0.0860,1.2891,163.3444,0.0000,163.3444,2.9852,0.0000,0.0000,2046,1983,223430,12.51,743.8
800,253.3607,100.0000,0.8119,0.0207,5.1739,0.0991,0.0189,6.1418,0.0011,1,0.0955,7.9045,0.0842,1.3647,158.2655,0.0000,158.2655,2.9788,0.0000,0.0000,2046,1983,223430,12.47,743.8
801,253.3730,12.2770,0.0725,0.0209,4.5856,0.0792,0.0125,180.9277,0.0017,1,0.0937,8.6205,0.0859,1.3168,181.2890,0.0000,181.2890,2.9799,0.0000,0.0000,2046,1983,223430,12.58,743.8
802,253.5587,100.0000,0.0631,0.0148,2.7030,0.0625,0.0099,184.5333,0.0016,1,0.0872,8.0439,0.0840,1.5958,163.1144,0.0000,163.1144,2.9724,0.0000,0.0000,2046,1983,223430,12.46,743.8
803,253.7461,100.0000,4.8590,0.0258,5.4087,0.1065,0.0134,156.8344,0.0013,1,0.0839,7.7760,0.0853,1.2309,164.5514,0.0000,164.5514,2.9717,0.0000,0.0000,2046,1983,223430,12.42,743.8
804,253.9133,100.0000,0.8184,0.0197,2.0515,0.0488,0.0083,197.3726,0.0012,1,0.1287,9.2834,0.0857,1.8150,183.4401,0.0000,183.4401,2.9744,0.0000,0.0000,2046,1983,223430,12.38,743.8
805,254.1137,100.0000,1.3603,0.0171,3.2000,0.0681,0.0097,214.0908,0.0010,1,0.0933,7.9797,0.0850,1.6320,207.0144,0.0000,207.0144,3.2090,0.0000,0.0000,2046,1888,212786,12.34,743.8
806,254.3325,100.0000,0.9012,0.0183,3.1706,0.0495,0.0087,217.0073,0.0008,1,0.0916,8.0159,0.0860,1.1495,208.1598,0.0000,208.1598,3.0641,0.0000,0.0000,2046,1871,211078,12.30,743.8
807,254.5536,100.0000,0.4465,0.0143,2.1159,0.0531,0.0095,213.8848,0.0010,1,0.0989,7.9714,0.0873,1.2631,203.8667,0.0000,203.8667,2.8934,0.0000,0.0000,2046,1828,208398,12.26,743.8
808,254.7702,100.0000,1.2651,0.0165,2.0103,0.0495,0.0091,374.2426,0.0013,1,0.1185,7.4663,0.0878,1.1403,181.2531,0.0000,181.2531,2.7234,0.0000,0.0000,2046,1821,205126,12.21,743.8
809,255.1478,100.0000,1.8881,0.0643,3.1720,0.0633,0.0115,3.3787,0.0010,1,0.0904,7.5025,0.0865,1.0875,171.9889,0.0000,171.9889,2.6564,0.0000,0.0000,2046,1796,201966,12.18,743.8
810,255.1564,8.5948,0.9374,0.0133,2.1156,0.0466,0.0088,194.7587,0.0011,1,0.0840,8.0834,0.0845,1.3228,191.1273,0.0000,191.1273,2.5557,0.0000,0.0000,2046,1856,208974,12.25,743.8
811,255.3543,100.0000,3.0933,0.0173,2.1782,0.0534,0.0095,194.6816,0.0012,1,0.0910,8.1101,0.0826,1.4316,187.4150,0.0000,187.4150,2.4828,0.0000,0.0000,2046,1978,222548,12.21,743.8
812,255.5543,100.0000,1.4297,0.0115,1.4676,0.0423,0.0075,197.7577,0.0010,1,0.1244,8.2279,0.0864,1.6337,186.0332,0.0000,186.0332,2.4827,0.0000,0.0000,2046,1979,222676,12.21,743.8
813,255.7551,100.0000,3.5437,0.0363,2.7918,0.0550,0.0084,355.8236,0.0011,1,0.0940,8.5442,0.0838,1.2780,177.4178,0.0000,177.4178,2.4314,0.0000,0.0000,2046,1989,223874,12.17,743.8
814,256.1173,100.0000,0.5179,0.0164,2.8241,0.0738,0.0145,3.6703,0.0014,1,0.0944,8.0675,0.0843,1.3135,160.0163,0.0000,160.0163,2.4741,0.0000,0.0000,2046,1992,224132,12.06,743.8
815,256.1245,7.1356,0.4306,0.0167,2.7278,0.0634,0.0129,181.5508,0.0019,1,0.0936,9.2948,0.0829,1.3681,174.1413,0.0000,174.1413,2.6154,0.0000,0.0000,2046,1986,223546,12.13,743.8
816,256.3093,100.0000,1.3028,0.0183,2.1843,0.0599,0.0105,379.9469,0.0014,1,0.0848,8.5052,0.0840,1.3073,180.3869,0.0000,180.3869,2.5646,0.0000,0.0000,2046,1990,223954,12.09,743.8
817,256.6928,100.0000,0.7889,0.0189,2.6116,0.0611,0.0106,3.7308,0.0018,1,0.0877,8.7593,0.0860,1.2222,176.0757,0.0000,176.0757,2.5442,0.0000,0.0000,2046,1990,223954,12.06,786.6
818,256.7001,7.2443,0.2836,0.0220,3.4424,0.0633,0.0094,192.4216,0.0014,1,0.1106,8.7026,0.0843,1.7985,185.9660,0.0000,185.9660,2.5176,0.0000,0.0000,2046,1981,223032,12.13,786.6
819,256.8963,100.0000,0.9428,0.0193,2.4211,0.0744,0.0141,396.8403,0.0014,1,0.0975,9.0991,0.0839,1.2876,185.3897,0.0000,185.3897,2.4733,0.0000,0.0000,2046,1986,223820,12.09,786.6
820,257.2967,100.0000,0.7869,0.0191,2.5924,0.0770,0.0166,4.5114,0.0016,1,0.0853,9.5073,0.0854,1.2248,188.3414,0.0000,188.3414,2.4882,0.0000,0.0000,2046,1986,223820,12.05,786.6
821,257.3047,8.0264,0.2323,0.0222,2.5970,0.0779,0.0145,197.2828,0.0009,1,0.1067,10.3023,0.0840,2.2276,189.5725,0.0000,189.5725,2.3547,0.0000,0.0000,2046,1969,221696,12.13,786.6
822,257.5049,100.0000,0.7161,0.0178,1.9410,0.0719,0.0156,380.8652,0.0011,1,0.1074,7.8461,0.0850,1.3437,180.5755,0.0000,180.5755,2.2167,0.0000,0.0000,2046,1755,197504,12.09,786.6
823,257.8886,100.0000,0.9902,0.0175,2.3834,0.0842,0.0135,4.3472,0.0011,1,0.0968,8.2596,0.0844,1.1776,179.2160,0.0000,179.2160,2.1971,0.0000,0.0000,2046,1748,196800,12.09,786.6
824,257.8964,7.8549,0.1745,0.0170,2.6011,0.0543,0.0088,180.4813,0.0015,1,0.0895,7.7684,0.0871,1.2677,175.1086,0.0000,175.1086,2.1335,0.0000,0.0000,2046,1648,185616,12.10,786.6
825,258.0798,100.0000,0.0755,0.0159,2.0545,0.0635,0.0117,369.1714,0.0015,1,0.0823,7.1539,0.0876,0.9314,174.8222,0.0000,174.8222,2.1372,0.0000,0.0000,2046,1570,176848,12.05,809.2
826,258.4512,100.0000,0.4263,0.0179,2.8478,0.0644,0.0122,3.9817,0.0015,1,0.0810,6.7887,0.0860,1.0223,176.2520,0.0000,176.2520,2.1376,0.0000,0.0000,2046,1570,176848,12.00,809.2
827,258.4586,7.3888,0.0795,0.0146,2.9414,0.0567,0.0098,181.8882,0.0013,1,0.0830,6.4723,0.0862,1.1391,176.8820,0.0000,176.8820,2.2510,0.0000,0.0000,2046,1573,177040,12.08,809.2
828,258.6436,100.0000,0.0707,0.0177,4.0619,0.0892,0.0109,181.9753,0.0011,1,0.0883,6.4750,0.0876,1.1112,176.2645,0.0000,176.2645,2.3096,0.0000,0.0000,2046,1578,177744,12.08,809.2
829,258.8299,100.0000,0.4359,0.0172,2.9228,0.0923,0.0146,186.8601,0.0012,1,0.0826,6.6790,0.0866,1.4454,178.1079,0.0000,178.1079,2.3189,0.0000,0.0000,2046,1578,177744,11.97,809.2
830,259.0202,100.0000,0.0736,0.0175,4.2812,0.0653,0.0104,351.7040,0.0015,1,0.0872,6.4858,0.0878,1.1699,165.6053,0.0000,165.6053,2.3512,0.0000,0.0000,2046,1600,180302,11.92,809.2
831,259.3764,100.0000,1.5263,0.0194,4.1917,0.0775,0.0141,5.5795,0.0010,1,0.0828,6.4731,0.0868,1.3831,168.1938,0.0000,168.1938,2.3636,0.0000,0.0000,2046,1626,183406,11.92,803.0
832,259.3878,11.4241,0.5798,0.0152,3.7924,0.0856,0.0125,166.5459,0.0011,1,0.0825,6.5540,0.0883,1.3701,166.7456,0.0000,166.7456,2.3352,0.0000,0.0000,2046,1657,186798,11.91,803.0
833,259.5589,100.0000,0.1084,0.0153,3.2412,0.0583,0.0104,359.6525,0.0009,1,0.0906,6.6202,0.0884,1.2694,167.3242,0.0000,167.3242,2.3058,0.0000,0.0000,2046,1668,188014,11.87,803.0
834,259.9220,100.0000,0.2579,0.0180,3.5743,0.0861,0.0165,5.3507,0.0010,1,0.0900,7.0429,0.0884,1.5540,172.8237,0.0000,172.8237,2.3156,0.0000,0.0000,2046,1670,188206,11.84,803.0
835,259.9313,9.3174,0.0564,0.0136,3.6240,0.0615,0.0104,169.5147,0.0011,1,0.0877,7.2974,0.0881,1.4400,167.4835,0.0000,167.4835,2.3079,0.0000,0.0000,2046,1671,188334,11.90,803.0
836,260.1046,100.0000,1.0446,0.0181,2.1492,0.0441,0.0074,186.5684,0.0013,1,0.0838,7.0429,0.0901,1.3599,176.3754,0.0000,176.3754,2.3239,0.0000,0.0000,2046,1716,193486,11.86,803.0
837,260.2944,100.0000,0.2432,0.0234,3.3953,0.0649,0.0122,181.7419,0.0013,1,0.0912,7.2852,0.0894,1.4521,175.0871,0.0000,175.0871,2.3304,0.0000,0.0000,2046,1716,193486,11.83,803.0
838,260.4799,100.0000,0.4755,0.0217,3.2293,0.0770,0.0134,197.2180,0.0012,1,0.0828,7.2827,0.0902,1.5831,189.5378,0.0000,189.5378,2.3715,0.0000,0.0000,2046,1778,200444,11.79,797.6
839,260.6810,100.0000,0.6014,0.0166,2.8506,0.0652,0.0125,215.5029,0.0015,1,0.0950,8.0717,0.0905,1.6241,204.4699,0.0000,204.4699,2.4580,0.0000,0.0000,2046,1802,203100,11.75,797.6
840,260.9001,100.0000,0.9666,0.0163,3.1277,0.0628,0.0105,212.6178,0.0011,1,0.0832,7.0805,0.0905,1.6797,205.6362,0.0000,205.6362,2.4733,0.0000,0.0000,2046,1813,204380,11.71,797.6
841,261.1169,100.0000,0.0779,0.0197,2.7710,0.0562,0.0099,215.2103,0.0012,1,0.0931,7.1492,0.0915,1.5380,207.1588,0.0000,207.1588,2.4683,0.0000,0.0000,2046,1818,204828,11.68,797.6
842,261.3351,100.0000,0.3673,0.0138,2.7451,0.0648,0.0143,213.9198,0.0015,1,0.0851,7.1167,0.0919,1.5865,205.4346,0.0000,205.4346,2.4480,0.0000,0.0000,2046,1827,205980,11.64,797.6
843,261.6543,100.0000,0.9364,0.0165,3.1314,0.0635,0.0102,141.9715,0.0014,1,0.0890,7.7728,0.0918,1.8022,233.3321,0.0000,233.3321,2.4370,0.0000,0.0000,2046,1842,207644,11.60,790.3
844,261.8005,100.0000,0.0767,0.0177,3.4218,0.0691,0.0130,209.6793,0.0011,1,0.0842,7.5788,0.0900,1.8198,202.7327,0.0000,202.7327,2.4368,0.0000,0.0000,2046,1855,209116,11.60,790.3
845,262.0138,100.0000,0.4311,0.0171,2.1448,0.0561,0.0116,212.4615,0.0009,1,0.0898,7.6029,0.0901,1.5464,199.9739,0.0000,199.9739,2.4358,0.0000,0.0000,2046,1860,209692,11.60,790.3
846,262.2289,100.0000,1.8908,0.0189,2.1990,0.0472,0.0079,421.0473,0.0013,1,0.0956,7.8088,0.0900,1.5449,202.3216,0.0000,202.3216,2.4450,0.0000,0.0000,2046,1865,210326,11.50,790.3
847,262.6542,100.0000,1.2558,0.0222,2.0622,0.0846,0.0169,3.6396,0.0014,1,0.0847,7.1905,0.0898,1.8719,199.8284,0.0000,199.8284,2.4415,0.0000,0.0000,2046,1865,210326,11.50,790.3
848,262.6613,7.1016,0.3474,0.0668,2.0942,0.0430,0.0072,212.4121,0.0009,1,0.1378,6.4188,0.0874,1.8699,207.6503,0.0000,207.6503,2.7134,0.0000,0.0000,2046,1509,169980,11.61,790.3
849,262.8763,100.0000,0.5695,0.0158,2.7040,0.0468,0.0084,236.0780,0.0013,1,0.0780,4.7852,0.0866,1.0061,226.6200,0.0000,226.6200,2.8441,0.0000,0.0000,2046,1146,129184,11.61,813.2
850,263.1157,100.0000,1.3425,0.0169,4.0068,0.0846,0.0169,225.2718,0.0007,1,0.0819,4.7351,0.0881,1.4849,222.6195,0.0000,222.6195,2.8567,0.0000,0.0000,2046,1143,128800,11.61,813.2
851,263.3465,100.0000,0.5493,0.0167,3.3514,0.0525,0.0085,508.1123,0.0019,1,0.0766,4.2474,0.0881,1.1005,233.8175,0.0000,233.8175,2.8791,0.0000,0.0000,2046,1018,114966,11.61,813.2
852,263.8586,100.0000,1.2472,0.0214,3.8829,0.0803,0.0132,4.9699,0.0010,1,0.0671,3.5321,0.0863,0.6862,260.0746,0.0000,260.0746,2.8253,0.0000,0.0000,2046,900,101932,11.51,813.2
853,263.8688,10.2320,0.8162,0.0188,3.8502,0.0810,0.0129,242.7527,0.0012,1,0.0734,3.8592,0.0860,0.7748,244.9634,0.0000,244.9634,2.8078,0.0000,0.0000,2046,875,99052,11.61,813.2
854,264.1164,100.0000,0.6893,0.0161,2.8446,0.0464,0.0075,253.2143,0.0014,1,0.0787,4.2168,0.0866,0.9102,249.2331,0.0000,249.2331,2.8367,0.0000,0.0000,2046,929,105668,11.61,813.2
855,264.3732,100.0000,0.5991,0.0137,2.0754,0.0763,0.0155,257.1111,0.0018,1,0.0830,3.9158,0.0867,0.9786,251.4026,0.0000,251.4026,2.8178,0.0000,0.0000,2046,925,104964,11.61,856.9
856,264.6331,100.0000,0.3482,0.0154,3.3235,0.0556,0.0096,259.5976,0.0012,1,0.0880,3.8524,0.0869,0.8565,253.6656,0.0000,253.6656,2.8019,0.0000,0.0000,2046,899,102436,11.61,856.9
857,264.8965,100.0000,1.5834,0.0202,4.1028,0.0874,0.0182,253.7231,0.0014,1,0.0698,4.4706,0.0873,0.7461,252.2610,0.0000,252.2610,2.7859,0.0000,0.0000,2046,842,98084,11.51,856.9
858,265.1560,100.0000,0.2598,0.0152,2.0625,0.0587,0.0111,524.3811,0.0023,1,0.0780,3.9336,0.0862,0.8206,253.0864,0.0000,253.0864,2.7647,0.0000,0.0000,2046,830,94468,11.51,856.9
859,265.6829,100.0000,0.0880,0.0211,5.8810,0.1106,0.0174,8.5905,0.0015,1,0.0748,3.5220,0.0865,0.6571,252.6488,0.0000,252.6488,2.7677,0.0000,0.0000,2046,825,93828,11.51,856.9
860,265.6976,14.7357,0.1064,0.0226,6.0527,0.0959,0.0146,239.4644,0.0020,1,0.0829,3.4047,0.0876,0.7298,248.1700,0.0000,248.1700,2.7625,0.0000,0.0000,2046,823,93572,11.50,856.9
861,265.9434,100.0000,0.7980,0.0204,2.6780,0.0822,0.0130,494.7784,0.0011,1,0.0871,4.2227,0.0872,1.0830,264.3527,0.0000,264.3527,3.0858,0.0000,0.0000,2046,823,93444,11.50,856.9
862,266.4418,100.0000,23.0525,0.0354,6.3687,0.0719,0.0120,83.7008,0.0036,1,0.0760,3.4463,0.0867,0.5794,277.2432,0.0000,277.2432,3.0080,0.0000,0.0000,2046,823,93444,11.50,856.9
863,266.5550,100.0000,0.4905,0.0135,30.2289,0.0690,0.0112,246.0654,0.0016,1,0.0759,3.3342,0.0875,0.5817,284.6792,0.0000,284.6792,2.7670,0.0000,0.0000,2046,823,93444,11.50,856.9
864,266.8319,100.0000,0.1992,0.0164,8.1492,0.0796,0.0179,263.4459,0.0013,1,0.0756,3.2919,0.0866,0.6205,289.5571,0.0000,289.5571,2.7826,0.0000,0.0000,2046,823,93444,11.50,856.9
865,267.1039,100.0000,0.0302,0.0167,8.9953,0.0826,0.0140,307.4696,0.0012,1,0.0762,3.2332,0.0871,0.5585,272.3585,0.0000,272.3585,3.1244,0.0000,0.0000,2046,823,93444,11.50,856.9
866,267.4205,100.0000,0.0343,0.0183,5.3482,0.1216,0.0148,321.1037,0.0016,1,0.0743,3.2355,0.0873,0.6186,277.3630,0.0000,277.3630,3.1739,0.0000,0.0000,2046,823,93444,11.50,860.1
867,267.7472,100.0000,0.0252,0.0174,7.4827,0.1246,0.0159,491.0233,0.0015,1,0.0757,3.1683,0.0865,0.5509,282.9268,0.0000,282.9268,2.7708,0.0000,0.0000,2046,823,93444,11.50,860.1
868,268.2458,100.0000,0.0677,0.0159,8.1152,0.0969,0.0118,5.6923,0.0010,1,0.0761,3.2848,0.0860,0.6511,278.2170,0.0000,278.2170,2.7726,0.0000,0.0000,2046,823,93444,11.50,860.1
869,268.2599,14.0080,0.0259,0.0163,10.5180,0.0703,0.0117,282.5919,0.0011,1,0.0917,3.5369,0.0868,0.8495,288.9103,0.0000,288.9103,2.8113,0.0000,0.0000,2046,823,93444,11.60,860.1
870,268.5531,100.0000,0.0244,0.0161,4.6716,0.0635,0.0114,314.5239,0.0012,1,0.0833,3.3721,0.0871,0.6310,279.9632,0.0000,279.9632,2.8265,0.0000,0.0000,2046,823,93444,11.60,860.1
871,268.8724,100.0000,0.0249,0.0385,4.1834,0.0764,0.0121,261.8959,0.0010,1,0.0744,3.4162,0.0877,0.8499,267.2145,0.0000,267.2145,2.8265,0.0000,0.0000,2046,823,93444,11.60,860.1
872,269.1386,100.0000,0.0743,0.0554,4.2460,0.0733,0.0120,276.8954,0.0011,1,0.0788,3.4128,0.0863,0.5695,271.6661,0.0000,271.6661,2.8503,0.0000,0.0000,2046,823,93444,11.60,860.6
873,269.4200,100.0000,0.1529,0.0152,4.4518,0.1205,0.0133,237.9655,0.0012,1,0.0739,3.2237,0.0881,0.5837,245.2325,0.0000,245.2325,2.8369,0.0000,0.0000,2046,823,93444,11.60,860.6
874,269.6628,100.0000,0.0500,0.0186,4.6166,0.3931,0.0158,532.5369,0.0010,1,0.0877,3.5062,0.0881,0.7247,267.3869,0.0000,267.3869,2.8196,0.0000,0.0000,2046,823,93444,11.60,860.6
875,270.2004,100.0000,0.0221,0.0163,7.8093,0.1946,0.0111,14.9184,0.0010,1,0.0780,3.4553,0.0892,0.6789,260.8368,0.0000,260.8368,2.8253,0.0000,0.0000,2046,823,93444,11.60,860.6
876,270.2234,22.9795,0.0210,0.0140,5.5027,0.0667,0.0119,238.4468,0.0010,1,0.0983,3.4209,0.0860,0.7151,255.9248,0.0000,255.9248,2.8318,0.0000,0.0000,2046,823,93444,11.69,860.6
877,270.4674,100.0000,0.0273,0.0143,4.6565,0.0680,0.0111,275.7319,0.0013,1,0.0818,3.4882,0.0880,0.6852,246.4471,0.0000,246.4471,2.8200,0.0000,0.0000,2046,823,93444,11.69,860.6
878,270.7480,100.0000,0.0548,0.0175,10.4038,0.0816,0.0136,261.4065,0.0013,1,0.0760,3.9790,0.0878,0.6034,273.9389,0.0000,273.9389,2.8177,0.0000,0.0000,2046,823,93444,11.69,865.3
879,271.0199,100.0000,0.0210,0.0149,10.1884,0.0690,0.0140,242.7683,0.0014,1,0.0806,3.5055,0.0860,0.6492,260.8074,0.0000,260.8074,2.8087,0.0000,0.0000,2046,823,93444,11.69,865.3
880,271.2730,100.0000,0.0237,0.0146,9.3796,0.0881,0.0127,256.2193,0.0011,1,0.0700,3.2658,0.0874,0.6336,250.6038,0.0000,250.6038,2.8172,0.0000,0.0000,2046,823,93444,11.69,865.3
881,271.5388,100.0000,0.0352,0.0211,9.8127,0.0855,0.0131,244.9215,0.0010,1,0.0700,3.4358,0.0862,0.7045,253.5264,0.0000,253.5264,2.8356,0.0000,0.0000,2046,823,93444,11.58,865.3
882,271.7937,100.0000,0.0444,0.0162,5.8440,0.0812,0.0157,258.7411,0.0011,1,0.0658,3.2900,0.0865,0.5632,258.6967,0.0000,258.6967,2.8034,0.0000,0.0000,2046,823,93444,11.58,865.3
883,272.0584,100.0000,0.0337,0.0148,5.5203,0.0810,0.0136,513.2018,0.0012,1,0.0654,3.4187,0.0881,0.6411,252.0226,0.0000,252.0226,3.0599,0.0000,0.0000,2046,823,93444,11.58,866.3
884,272.5773,100.0000,0.0261,0.0166,7.9701,0.0595,0.0125,4.7208,0.0011,1,0.0695,3.3850,0.0875,0.6265,250.3913,0.0000,250.3913,2.7929,0.0000,0.0000,2046,823,93444,11.58,866.3
885,272.5901,12.8133,0.0228,0.0151,10.8412,0.0697,0.0108,246.7040,0.0012,1,0.0713,4.1166,0.0919,0.8520,251.3037,0.0000,251.3037,2.7854,0.0000,0.0000,2046,823,93444,11.68,866.3
886,272.8478,100.0000,0.0499,0.0185,7.1783,0.4261,0.0146,258.1838,0.0011,1,0.0668,3.3547,0.0870,0.5933,257.8663,0.0000,257.8663,2.7852,0.0000,0.0000,2046,823,93444,11.58,866.3
887,273.1136,100.0000,0.0251,0.0143,5.6603,0.0699,0.0106,253.4370,0.0008,1,0.0640,3.5618,0.0862,0.6450,250.0043,0.0000,250.0043,2.7746,0.0000,0.0000,2046,823,93444,11.58,866.3
888,273.3729,100.0000,0.0255,0.0157,5.0352,0.1004,0.0163,251.2344,0.0011,1,0.0700,3.5212,0.0869,0.9277,255.2440,0.0000,255.2440,2.7814,0.0000,0.0000,2046,823,93444,11.58,866.3
889,273.6293,100.0000,0.1922,0.0176,9.2135,0.0702,0.0120,256.1732,0.0011,1,0.0670,3.1893,0.0870,0.5653,250.9414,0.0000,250.9414,2.7685,0.0000,0.0000,2046,823,93444,11.58,868.7
890,273.8950,100.0000,0.0427,0.0166,7.5277,0.0746,0.0135,244.5205,0.0014,1,0.0685,3.9177,0.0865,0.7882,244.6528,0.0000,244.6528,3.0397,0.0000,0.0000,2046,823,93444,11.58,868.7
891,274.1472,100.0000,0.0257,0.0172,6.4503,0.0754,0.0135,242.4686,0.0014,1,0.0704,3.3374,0.0881,0.6490,244.6366,0.0000,244.6366,3.2498,0.0000,0.0000,2046,823,93444,11.58,868.7
892,274.3963,100.0000,0.0271,0.0168,4.5522,0.0833,0.0131,255.3094,0.0010,1,0.0661,3.6284,0.0870,0.5820,251.0481,0.0000,251.0481,2.7546,0.0000,0.0000,2046,823,93444,11.58,868.7
893,274.6563,100.0000,0.0254,0.0150,4.6188,0.0729,0.0139,300.7331,0.0011,1,0.0688,3.3220,0.0880,0.5632,245.6128,0.0000,245.6128,2.7502,0.0000,0.0000,2046,823,93444,11.58,868.7
894,274.9618,100.0000,0.0553,0.0151,5.0382,0.0737,0.0111,452.5445,0.0013,1,0.0659,3.6050,0.0880,0.6058,242.3882,0.0000,242.3882,2.7455,0.0000,0.0000,2046,823,93444,11.58,871.4
895,275.4195,100.0000,0.0339,0.0219,14.2395,0.0750,0.0123,12.6225,0.0019,1,0.0677,3.5082,0.0882,0.6369,251.6910,0.0000,251.6910,2.7299,0.0000,0.0000,2046,823,93444,11.58,871.4
896,275.4466,27.0561,0.0337,0.0187,13.6587,0.0754,0.0113,225.0024,0.0011,1,0.0672,3.8762,0.0867,0.7543,249.6393,0.0000,249.6393,2.7376,0.0000,0.0000,2046,823,93444,11.66,871.4
897,275.6854,100.0000,0.0301,0.0199,8.5492,0.0810,0.0147,245.3921,0.0009,1,0.0662,3.4738,0.0866,0.6472,248.3619,0.0000,248.3619,2.7449,0.0000,0.0000,2046,823,93444,11.55,871.4
898,275.9395,100.0000,0.0258,0.0169,7.1991,0.0747,0.0131,254.3813,0.0017,1,0.0678,3.2875,0.0881,0.6201,248.7025,0.0000,248.7025,2.7315,0.0000,0.0000,2046,823,93444,11.55,871.4
899,276.3504,100.0000,0.0672,0.0145,3.7518,0.0657,0.0101,134.4434,0.0010,1,0.0710,4.2498,0.0864,0.8666,284.6056,0.0000,284.6056,2.7292,0.0000,0.0000,2046,823,93444,11.55,871.4
900,276.4887,100.0000,0.0311,0.0165,6.4120,0.0765,0.0118,256.8623,0.0013,1,0.0637,3.2538,0.0874,0.5922,249.9141,0.0000,249.9141,2.7211,0.0000,0.0000,2046,823,93444,11.45,876.4
901,276.7521,100.0000,0.0661,0.0163,4.7437,0.0803,0.0135,501.6032,0.0009,1,0.0679,3.6148,0.0881,0.6265,246.2951,0.0000,246.2951,2.7251,0.0000,0.0000,2046,823,93444,11.45,876.4
902,277.2587,100.0000,0.0321,0.0174,9.4685,0.0766,0.0144,5.4363,0.0009,1,0.0669,3.3843,0.0861,0.6336,249.5380,0.0000,249.5380,2.7121,0.0000,0.0000,2046,823,93444,11.45,876.4
903,277.2737,15.0537,0.0267,0.0140,5.3666,0.0742,0.0113,244.9613,0.0012,1,0.0700,3.3710,0.0865,0.6392,251.8380,0.0000,251.8380,2.7091,0.0000,0.0000,2046,823,93444,11.53,876.4
904,277.5242,100.0000,0.0530,0.0164,4.2521,0.0863,0.0179,505.9500,0.0013,1,0.0671,3.2816,0.0863,0.5776,250.6527,0.0000,250.6527,2.7018,0.0000,0.0000,2046,823,93444,11.53,876.4
905,278.0346,100.0000,0.0292,0.0179,4.4869,0.0807,0.0121,5.6098,0.0015,1,0.0652,3.2511,0.0881,0.5990,245.2885,0.0000,245.2885,2.7172,0.0000,0.0000,2046,823,93444,11.53,876.4
906,278.0448,10.2457,0.0280,0.0162,5.2919,0.0767,0.0124,244.6933,0.0012,1,0.0649,3.3034,0.0877,0.5833,245.9002,0.0000,245.9002,2.7101,0.0000,0.0000,2046,823,93444,11.63,876.4
907,278.2950,100.0000,0.0304,0.0170,8.7533,0.0809,0.0140,274.1230,0.0013,1,0.0702,3.6253,0.0875,0.5891,256.1154,0.0000,256.1154,3.0017,0.0000,0.0000,2046,823,93444,11.63,876.0
908,278.5780,100.0000,0.2704,0.0186,13.4832,0.0795,0.0119,227.5802,0.0010,1,0.0650,3.4781,0.0879,0.6021,248.8136,0.0000,248.8136,2.6993,0.0000,0.0000,2046,823,93444,11.63,876.0
909,278.8195,100.0000,0.0184,0.0141,3.5086,0.0745,0.0100,480.5362,0.0011,1,0.0657,3.3587,0.0879,0.6528,239.0948,0.0000,239.0948,2.7079,0.0000,0.0000,2046,823,93444,11.63,876.0
910,279.3036,100.0000,1.0775,0.0205,4.6987,0.0757,0.0161,10.3932,0.0009,1,0.0646,3.1482,0.0881,0.5612,233.1193,0.0000,233.1193,2.9005,0.0000,0.0000,2046,823,93444,11.63,876.0
911,279.3199,16.2890,0.0216,0.0134,4.5419,0.0896,0.0110,243.4772,0.0009,1,0.0713,3.8991,0.2765,0.7762,252.6796,0.0000,252.6796,2.6978,0.0000,0.0000,2046,823,93444,11.72,876.0
912,279.5681,100.0000,0.0206,0.0130,3.9983,0.0603,0.0112,474.3321,0.0029,1,0.0670,3.2771,0.0877,0.5901,231.1748,0.0000,231.1748,2.6839,0.0000,0.0000,2046,823,93444,11.72,876.0
913,280.0465,100.0000,0.0682,0.0258,4.3472,0.0809,0.0125,6.0716,0.0015,1,0.0639,3.2643,0.0872,0.5634,232.8317,0.0000,232.8317,2.6859,0.0000,0.0000,2046,823,93444,11.72,875.4
914,280.0572,10.6486,0.0250,0.0163,3.9244,0.0854,0.0115,233.6304,0.0009,1,0.0659,3.3749,0.0881,0.5588,234.5890,0.0000,234.5890,2.6965,0.0000,0.0000,2046,823,93444,11.72,875.4
915,280.2949,100.0000,0.0240,0.0173,3.4469,0.0789,0.0144,235.9044,0.0019,1,0.0673,3.9702,0.0877,0.6534,228.8512,0.0000,228.8512,2.6854,0.0000,0.0000,2046,823,93444,11.72,875.4
916,280.5344,100.0000,0.0855,0.1195,4.5637,0.1032,0.0179,229.9381,0.0013,1,0.0766,3.7952,0.0877,0.5733,228.3380,0.0000,228.3380,2.6828,0.0000,0.0000,2046,823,93444,11.72,875.4
917,280.7692,100.0000,0.0286,0.0154,4.2189,0.0741,0.0126,495.7403,0.0012,1,0.0862,3.3401,0.0878,0.8074,227.9645,0.0000,227.9645,2.6866,0.0000,0.0000,2046,823,93444,11.72,875.4
918,281.2693,100.0000,0.0395,0.0181,4.6013,0.0723,0.0112,5.2801,0.0009,1,0.0958,3.8566,0.0866,0.9873,227.0405,0.0000,227.0405,2.6725,0.0000,0.0000,2046,823,93444,11.72,875.4
919,281.2793,10.0309,0.0262,0.0161,4.4123,0.0644,0.0101,233.5478,0.0011,1,0.0772,3.3656,0.0866,0.5737,228.2769,0.0000,228.2769,2.6938,0.0000,0.0000,2046,823,93444,11.82,875.4
920,281.5174,100.0000,0.0333,0.0141,5.8067,0.0905,0.0164,469.8270,0.0013,1,0.0789,3.3313,0.0878,0.6295,234.3873,0.0000,234.3873,2.6789,0.0000,0.0000,2046,823,93444,11.82,876.6
921,281.9932,100.0000,0.0313,0.0173,4.5806,0.0975,0.0143,6.9447,0.0012,1,0.0753,3.6312,0.0878,0.5919,231.7021,0.0000,231.7021,2.6622,0.0000,0.0000,2046,823,93444,11.72,876.6
922,282.0049,11.6947,0.0272,0.0175,7.0182,0.0725,0.0126,232.5271,0.0009,1,0.0763,3.3362,0.0865,0.6016,235.4117,0.0000,235.4117,2.6812,0.0000,0.0000,2046,823,93444,11.82,876.6
923,282.2446,100.0000,0.0250,0.0159,7.9180,0.0682,0.0104,586.9418,0.0013,1,0.0769,3.5565,0.0865,0.5908,223.6155,0.0000,223.6155,2.6553,0.0000,0.0000,2046,823,93444,11.82,876.6
924,282.8396,100.0000,0.2100,0.0180,5.1822,0.0685,0.0111,13.8831,0.0009,1,0.0753,3.2074,0.0868,0.5646,239.5926,0.0000,239.5926,2.8503,0.0000,0.0000,2046,823,93444,11.82,876.6
925,282.8590,19.3795,0.1808,0.0154,3.6135,0.0748,0.0112,235.2120,0.0013,1,0.0759,3.3930,0.0882,0.5775,248.5166,0.0000,248.5166,2.6727,0.0000,0.0000,2046,823,93444,11.92,876.6
926,283.0981,100.0000,5.0589,0.0185,6.1747,0.0781,0.0139,237.0997,0.0011,1,0.0713,3.3101,0.0881,0.5703,239.9167,0.0000,239.9167,2.6606,0.0000,0.0000,2046,823,93444,11.92,876.6
927,283.3465,100.0000,1.3312,0.0155,3.4044,0.0663,0.0104,228.1097,0.0013,1,0.0723,3.4532,0.0881,0.5646,225.8238,0.0000,225.8238,2.6697,0.0000,0.0000,2046,823,93444,11.92,876.9
928,283.5795,100.0000,0.1130,0.0152,3.7005,0.0757,0.0119,459.8313,0.0015,1,0.0735,3.2056,0.0866,0.6922,224.6192,0.0000,224.6192,2.6640,0.0000,0.0000,2046,823,93444,11.92,876.9
929,284.0432,100.0000,0.3852,0.0165,2.6716,0.1231,0.0150,4.0220,0.0013,1,0.0679,3.1788,0.0878,0.5482,226.5388,0.0000,226.5388,2.6662,0.0000,0.0000,2046,823,93444,11.92,876.9
930,284.0505,7.2436,0.5950,0.0132,2.0349,0.0662,0.0113,222.3700,0.0010,1,0.0898,3.6991,0.0864,0.6103,219.9325,0.0000,219.9325,2.6585,0.0000,0.0000,2046,823,93444,11.92,876.9
931,284.2756,100.0000,1.1650,0.0140,2.0479,0.0462,0.0080,235.1557,0.0011,1,0.0678,3.4072,0.0876,0.6582,230.0337,0.0000,230.0337,2.6591,0.0000,0.0000,2046,823,93444,11.92,876.9
932,284.5140,100.0000,0.0877,0.0150,4.1617,0.0672,0.0103,244.0391,0.0010,1,0.0695,3.2029,0.0865,0.5759,243.2150,0.0000,243.2150,2.6560,0.0000,0.0000,2046,823,93444,11.92,876.9
933,284.7624,100.0000,0.6402,0.0175,2.0707,0.0494,0.0099,460.8512,0.0011,1,0.0748,3.3377,0.0881,0.6945,223.3330,0.0000,223.3330,2.6572,0.0000,0.0000,2046,823,93444,11.92,922.8
934,285.2261,100.0000,0.7638,0.0178,2.3681,0.1979,0.0079,3.4474,0.0009,1,0.0705,3.2874,0.0861,0.5519,225.5090,0.0000,225.5090,2.6516,0.0000,0.0000,2046,823,93444,11.92,922.8
935,285.2329,6.8108,1.0713,0.0164,3.0383,0.0556,0.0087,225.3732,0.0010,1,0.0751,3.6179,0.0863,0.6798,223.2075,0.0000,223.2075,2.6498,0.0000,0.0000,2046,823,93444,11.92,922.8
936,285.4625,100.0000,3.3039,0.0173,3.3320,0.0582,0.0090,459.2344,0.0016,1,0.0787,3.3149,0.0866,0.6582,227.9254,0.0000,227.9254,2.6507,0.0000,0.0000,2046,823,93444,11.92,922.8
937,285.9284,100.0000,0.2532,0.0184,5.5799,0.0636,0.0096,4.5694,0.0011,1,0.0718,3.3894,0.0870,0.5693,223.4688,0.0000,223.4688,2.6405,0.0000,0.0000,2046,823,93444,11.92,922.8
938,285.9389,10.5081,0.4601,0.0168,3.7515,0.0644,0.0098,235.7618,0.0014,1,0.0723,3.3981,0.3334,0.6001,238.6674,0.0000,238.6674,2.7442,0.0000,0.0000,2046,821,92900,11.92,922.8
939,286.1790,100.0000,0.4584,0.0183,2.6154,0.0441,0.0070,429.7122,0.0014,1,0.0718,4.6356,0.0847,1.2700,206.6400,0.0000,206.6400,2.6940,0.0000,0.0000,2046,1123,126404,11.92,922.8
940,286.6119,100.0000,0.5716,0.0269,4.6462,0.0807,0.0125,5.5187,0.0011,1,0.0765,4.5317,0.0874,0.9073,207.4355,0.0000,207.4355,2.6969,0.0000,0.0000,2046,1141,128388,11.92,948.5
941,286.6228,10.8760,1.0935,0.0197,4.7947,0.0811,0.0142,199.1606,0.0017,1,0.0764,6.5241,0.0862,1.1355,200.1911,0.0000,200.1911,2.5538,0.0000,0.0000,2046,1547,174148,11.91,948.5
942,286.8280,100.0000,0.7001,0.0287,4.5123,0.0706,0.0124,208.6176,0.0013,1,0.0850,7.5528,0.0881,1.3184,201.9617,0.0000,201.9617,2.3904,0.0000,0.0000,2046,1822,205366,11.91,948.5
943,287.0419,100.0000,0.4039,0.0186,3.3430,0.0785,0.3406,208.2157,0.0013,1,0.0872,7.9910,0.0904,1.6815,200.4276,0.0000,200.4276,2.4028,0.0000,0.0000,2046,1826,205878,11.91,948.5
944,287.2543,100.0000,0.4079,0.0171,3.0551,0.0677,0.0105,211.8638,0.0008,1,0.0836,7.6124,0.0886,1.3805,203.7736,0.0000,203.7736,2.3247,0.0000,0.0000,2046,1898,213922,11.80,948.5
945,287.4698,100.0000,0.4701,0.0137,2.2561,0.0580,0.0106,226.2632,0.0013,1,0.0868,7.6250,0.0905,1.4826,213.2580,0.0000,213.2580,2.3248,0.0000,0.0000,2046,1953,220178,11.80,948.5
946,287.6989,100.0000,0.0843,0.0182,4.9520,0.0820,0.0128,214.2979,0.0013,1,0.0876,7.5809,0.0883,1.4707,209.3886,0.0000,209.3886,2.3320,0.0000,0.0000,2046,1922,217122,11.80,948.5
947,287.9183,100.0000,0.4313,0.0186,4.3645,0.0709,0.0123,215.0885,0.0012,1,0.0852,7.9983,0.0886,1.4045,207.8692,0.0000,207.8692,2.3298,0.0000,0.0000,2046,1922,217122,11.70,948.5
948,288.1383,100.0000,0.4058,0.0163,1.9271,0.0525,0.0105,222.2349,0.0015,1,0.0866,7.9647,0.0888,1.4113,210.4127,0.0000,210.4127,2.3127,0.0000,0.0000,2046,1922,217122,11.70,948.5
949,288.3630,100.0000,0.5698,0.0197,5.3289,0.0758,0.0129,213.0741,0.0012,1,0.0877,7.8659,0.0881,1.4111,206.4754,0.0000,206.4754,2.3223,0.0000,0.0000,2046,1905,215266,11.70,948.5
950,288.5821,100.0000,1.2447,0.0194,3.6914,0.0667,0.0124,212.3257,0.0010,1,0.0854,7.9876,0.0889,1.4439,207.0482,0.0000,207.0482,2.3342,0.0000,0.0000,2046,1894,213922,11.70,948.5
951,288.7995,100.0000,0.3845,0.0144,2.5214,0.0590,0.0126,212.9266,0.0010,1,0.0851,7.4230,0.0885,1.6826,203.3760,0.0000,203.3760,2.3117,0.0000,0.0000,2046,1856,209194,11.70,948.6
952,289.0154,100.0000,0.5114,0.0176,2.4162,0.0577,0.0112,214.9326,0.0009,1,0.0840,7.1967,0.0881,1.5701,205.6615,0.0000,205.6615,2.3278,0.0000,0.0000,2046,1829,206314,11.60,948.6
953,289.2334,100.0000,0.5317,0.0165,2.6592,0.0631,0.0151,213.7894,0.0011,1,0.0930,7.3026,0.0881,1.5296,204.4383,0.0000,204.4383,2.3383,0.0000,0.0000,2046,1829,206314,11.60,948.6
954,289.4505,100.0000,0.5255,0.0186,2.1965,0.0620,0.0146,217.2092,0.0013,1,0.0850,7.0023,0.0860,1.2718,208.8717,0.0000,208.8717,2.4327,0.0000,0.0000,2046,1751,197570,11.60,948.6
955,289.6705,100.0000,0.5007,0.0169,3.1043,0.0723,0.0136,205.4145,0.0009,1,0.0871,6.8356,0.0864,1.3369,198.6135,0.0000,198.6135,2.4581,0.0000,0.0000,2046,1661,187278,11.50,948.6
956,289.8797,100.0000,0.4555,0.0186,1.8317,0.0426,0.0081,188.3431,0.0008,1,0.0872,6.3582,0.0850,1.1817,180.5699,0.0000,180.5699,2.4329,0.0000,0.0000,2046,1539,173524,11.50,779.1
957,290.0704,100.0000,1.3990,0.0183,2.5023,0.0738,0.0144,207.4940,0.0008,1,0.0814,6.3574,0.0860,1.2145,200.1251,0.0000,200.1251,2.4077,0.0000,0.0000,2046,1482,167032,11.50,779.1
958,290.2819,100.0000,0.2798,0.0141,2.2263,0.0421,0.0071,199.3019,0.0013,1,0.0856,5.9396,0.0863,1.0591,190.3447,0.0000,190.3447,2.4269,0.0000,0.0000,2046,1477,166504,11.50,779.1
959,290.5573,100.0000,2.1155,0.0130,3.0991,0.0591,0.0098,119.8448,0.0010,1,0.0876,5.9757,0.0860,1.1399,189.1136,0.0000,189.1136,2.4223,0.0000,0.0000,2046,1477,166504,11.50,779.1
960,290.6824,100.0000,0.6485,0.0182,2.2124,0.0783,0.0141,357.3060,0.0009,1,0.0880,5.9467,0.0861,1.1305,169.9031,0.0000,169.9031,2.3931,0.0000,0.0000,2046,1477,166504,11.50,779.1
961,291.0427,100.0000,0.6772,0.0154,3.1731,0.4087,0.0156,3.2833,0.0007,1,0.0857,6.2704,0.0864,1.0282,170.0358,0.0000,170.0358,2.4349,0.0000,0.0000,2046,1477,166504,11.50,751.3
962,291.0503,7.5792,0.0511,0.0108,2.1250,0.0449,0.0070,212.8724,0.0016,1,0.0841,6.4194,0.0871,1.1289,207.6451,0.0000,207.6451,2.4359,0.0000,0.0000,2046,1477,166504,11.60,751.3
963,291.2654,100.0000,0.6294,0.0193,2.3739,0.0434,0.0072,383.9057,0.0010,1,0.0838,6.4412,0.0859,1.0959,204.5001,0.0000,204.5001,2.4544,0.0000,0.0000,2046,1477,166504,11.60,751.3
964,291.6524,100.0000,0.6940,0.0161,2.0411,0.0519,0.0104,3.4706,0.0012,1,0.0853,5.6631,0.0861,1.4213,162.9880,0.0000,162.9880,2.4552,0.0000,0.0000,2046,1477,166504,11.60,751.3
965,291.6587,6.2932,0.0588,0.0158,2.2505,0.0440,0.0079,208.1208,0.0016,1,0.0781,5.8634,0.0862,1.1796,203.5836,0.0000,203.5836,2.4736,0.0000,0.0000,2046,1477,166504,11.71,751.3
966,291.8692,100.0000,0.0634,0.0145,2.3155,0.0537,0.0094,356.5386,0.0011,1,0.0867,5.8348,0.0866,1.3000,176.4444,0.0000,176.4444,2.4693,0.0000,0.0000,2046,1477,166504,11.71,751.3
967,292.2282,100.0000,0.0735,0.0141,2.3061,0.0495,0.0093,4.6032,0.0009,1,0.0787,5.7587,0.0870,1.0383,162.3144,0.0000,162.3144,2.4697,0.0000,0.0000,2046,1477,166504,11.71,751.3
968,292.2352,7.0647,0.0672,0.0161,2.2306,0.0453,0.0074,206.4485,0.0011,1,0.0784,6.1297,0.0861,1.4511,202.2839,0.0000,202.2839,2.4720,0.0000,0.0000,2046,1477,166504,11.71,751.3
969,292.4441,100.0000,0.0715,0.0145,2.2269,0.0509,0.0092,374.9757,0.0008,1,0.1170,5.9652,0.0881,1.2460,194.3221,0.0000,194.3221,2.4715,0.0000,0.0000,2046,1477,166504,11.71,751.3
970,292.8214,100.0000,0.0957,0.0138,2.2066,0.0504,0.0094,3.0194,0.0006,1,0.1022,5.6826,0.0869,1.3825,162.2569,0.0000,162.2569,2.4769,0.0000,0.0000,2046,1477,166504,11.71,751.3
971,292.8268,5.4020,0.0600,0.0149,2.3045,0.0528,0.0081,201.8654,0.0015,1,0.1055,5.9354,0.0872,1.2083,196.4835,0.0000,196.4835,2.4649,0.0000,0.0000,2046,1477,166504,11.81,751.3
972,293.0311,100.0000,0.0629,0.0146,2.2128,0.0497,0.0087,379.2646,0.0012,1,0.0796,5.9574,0.0860,1.1611,197.3191,0.0000,197.3191,2.4648,0.0000,0.0000,2046,1477,166504,11.81,751.3
973,293.4128,100.0000,0.0745,0.0173,2.3868,0.0547,0.0100,2.8521,0.0008,1,0.1158,5.7145,0.0881,1.0542,163.3886,0.0000,163.3886,2.4528,0.0000,0.0000,2046,1477,166504,11.71,751.3
974,293.4182,5.4023,0.0606,0.0150,2.6033,0.0493,0.0088,166.1788,0.0014,1,0.0835,5.9496,0.0860,1.2771,159.8678,0.0000,159.8678,2.4433,0.0000,0.0000,2046,1477,166504,11.82,751.3
975,293.5871,100.0000,0.0560,0.0151,6.8431,0.0603,0.0094,334.2440,0.0017,1,0.0789,5.9535,0.0848,1.1562,160.6999,0.0000,160.6999,2.4318,0.0000,0.0000,2046,1477,166504,11.82,751.3
976,293.9283,100.0000,0.1093,0.0160,2.2752,0.0665,0.0134,2.8097,0.0007,1,0.1036,5.7313,0.0881,1.0321,161.8633,0.0000,161.8633,2.4356,0.0000,0.0000,2046,1477,166504,11.82,751.3
977,293.9336,5.2963,0.0575,0.0145,2.1865,0.0507,0.0072,165.4707,0.0018,1,0.0744,5.9543,0.0860,1.0947,159.8948,0.0000,159.8948,2.4440,0.0000,0.0000,2046,1477,166504,11.93,751.3
978,294.1014,100.0000,0.0630,0.0138,2.3677,0.0488,0.0088,169.2507,0.0018,1,0.0747,5.8866,0.0868,1.0813,161.4134,0.0000,161.4134,2.4236,0.0000,0.0000,2046,1477,166504,11.93,751.3
979,294.2732,100.0000,0.0735,0.0163,3.8433,0.0857,0.0172,166.1738,0.0014,1,0.0755,6.5668,0.0864,1.0982,159.1539,0.0000,159.1539,2.4108,0.0000,0.0000,2046,1477,166504,11.93,751.3
980,294.4434,100.0000,0.0609,0.0135,2.5435,0.0509,0.0090,165.0980,0.0013,1,0.1128,6.1121,0.0885,1.0589,159.0918,0.0000,159.0918,2.4053,0.0000,0.0000,2046,1477,166504,11.83,751.3
981,294.6112,100.0000,0.0525,0.0118,1.3779,0.0393,0.0087,174.0071,0.0012,1,0.0818,5.9664,0.0881,1.0711,164.1360,0.0000,164.1360,2.4319,0.0000,0.0000,2046,1477,166504,11.83,751.3
982,294.7867,100.0000,0.0837,0.0183,2.2057,0.0507,0.0089,337.9913,0.0017,1,0.0828,5.9442,0.0895,1.0878,158.9393,0.0000,158.9393,2.4208,0.0000,0.0000,2046,1477,166504,11.83,751.3
983,295.1270,100.0000,0.1272,0.0159,2.2742,0.0520,0.0092,2.7273,0.0010,1,0.0745,5.7241,0.0871,1.1250,161.0193,0.0000,161.0193,2.4149,0.0000,0.0000,2046,1477,166504,11.83,751.3
984,295.1323,5.2324,0.0588,0.0175,2.1674,0.0429,0.0076,164.0515,0.0017,1,0.0735,5.8815,0.0858,1.1208,158.7852,0.0000,158.7852,2.3978,0.0000,0.0000,2046,1477,166504,11.94,751.3
985,295.2986,100.0000,0.0606,0.0138,2.2131,0.0475,0.0088,336.8071,0.0011,1,0.0814,5.8917,0.0860,1.0568,158.2288,0.0000,158.2288,2.4052,0.0000,0.0000,2046,1477,166504,11.94,751.3
986,295.6378,100.0000,0.0692,0.0130,1.7947,0.0397,0.0077,1.9337,0.0008,1,0.0740,5.7212,0.0880,1.0546,161.9268,0.0000,161.9268,2.4008,0.0000,0.0000,2046,1477,166504,11.94,751.3
987,295.6417,3.8653,0.0522,0.0137,1.6063,0.0513,0.0105,166.6649,0.0043,1,0.0750,6.1023,0.0860,1.1026,159.1112,0.0000,159.1112,2.3754,0.0000,0.0000,2046,1477,166504,12.06,751.3
988,295.8101,100.0000,0.5468,0.0189,3.6682,0.0628,0.0126,163.7640,0.0015,1,0.0739,5.8644,0.0846,1.3043,157.5490,0.0000,157.5490,2.4119,0.0000,0.0000,2046,1477,166504,12.06,751.3
989,295.9781,100.0000,0.7811,0.0183,3.2396,0.0587,0.0115,204.7446,0.0011,1,0.2850,6.0076,0.0860,1.0813,198.4895,0.0000,198.4895,2.3660,0.0000,0.0000,2046,1477,166504,11.95,751.3
990,296.1870,100.0000,0.0594,0.0153,2.3518,0.0707,0.0134,368.9224,0.0011,1,0.0819,5.9853,0.0861,1.0383,193.2607,0.0000,193.2607,2.3707,0.0000,0.0000,2046,1477,166504,11.95,751.3
991,296.5584,100.0000,0.0796,0.0169,2.3359,0.0482,0.0098,7.1511,0.0012,1,0.1098,5.7299,0.0881,1.0326,157.5111,0.0000,157.5111,2.3660,0.0000,0.0000,2046,1477,166504,11.95,751.3
992,296.5681,9.6494,0.0518,0.0128,2.6323,0.0458,0.0087,191.9845,0.0011,1,0.0769,5.9241,0.0858,1.2383,191.2619,0.0000,191.2619,2.3587,0.0000,0.0000,2046,1477,166504,12.06,751.3
993,296.7628,100.0000,0.0749,0.0141,2.4907,0.0617,0.0109,374.3225,0.0010,1,0.0864,5.8521,0.0860,1.1520,199.6874,0.0000,199.6874,2.3458,0.0000,0.0000,2046,1477,166504,12.06,751.3
994,297.1398,100.0000,0.0785,0.0154,2.3430,0.0500,0.0102,3.2478,0.0006,1,0.1162,5.7764,0.0896,1.0426,157.2371,0.0000,157.2371,2.3404,0.0000,0.0000,2046,1477,166504,12.06,751.3
995,297.1456,5.7521,0.0569,0.0148,2.4070,0.0456,0.0072,191.8754,0.0012,1,0.0785,5.9277,0.0861,1.2885,187.2313,0.0000,187.2313,2.3538,0.0000,0.0000,2046,1477,166504,12.18,751.3
996,297.3400,100.0000,0.0702,0.0137,2.1620,0.0499,0.0091,370.1368,0.0008,1,0.0905,6.2034,0.0881,1.3898,194.9805,0.0000,194.9805,2.3488,0.0000,0.0000,2046,1477,166504,12.08,750.2
997,297.7125,100.0000,0.0789,0.0159,2.5768,0.0504,0.0096,4.4172,0.0012,1,0.0912,5.6946,0.0881,1.0322,156.6271,0.0000,156.6271,2.3835,0.0000,0.0000,2046,1477,166504,12.08,750.2
998,297.7196,7.1567,0.0611,0.0137,2.2976,0.0434,0.0068,197.7322,0.0012,1,0.0802,5.8511,0.0871,1.3335,193.9755,0.0000,193.9755,2.3497,0.0000,0.0000,2046,1477,166504,12.20,750.2
999,297.9198,100.0000,0.0741,0.0168,2.3490,0.0778,0.0157,370.7855,0.0010,1,0.0878,6.2751,0.0860,1.0397,195.6039,0.0000,195.6039,2.3342,0.0000,0.0000,2046,1477,166504,12.20,750.2
1000,298.2931,100.0000,0.0760,0.0173,2.2570,0.0513,0.0100,3.2496,0.0006,1,0.0852,5.7444,0.0860,1.0635,157.3436,0.0000,157.3436,2.6689,0.0000,0.0000,2046,1477,166504,12.20,750.2
1001,298.2988,5.6667,0.0510,0.0168,2.2251,0.0462,0.0072,202.6973,0.0014,1,0.0836,5.9638,0.0864,1.2329,197.3508,0.0000,197.3508,2.3428,0.0000,0.0000,2046,1477,166504,12.32,750.2
1002,298.5038,100.0000,0.6722,0.0161,3.0758,0.0634,0.0127,195.7601,0.0016,1,0.0875,5.9568,0.0862,1.3238,189.6333,0.0000,189.6333,2.3374,0.0000,0.0000,2046,1477,166504,12.32,750.2
1003,298.7034,100.0000,0.0676,0.0157,2.3973,0.0664,0.0125,203.8494,0.0009,1,0.0816,5.9788,0.0860,1.3146,195.9333,0.0000,195.9333,2.3444,0.0000,0.0000,2046,1477,166504,12.32,750.2
1004,298.9099,100.0000,0.0640,0.0148,2.2175,0.0488,0.0092,205.8370,0.0011,1,0.1242,6.2897,0.0887,1.3701,196.9620,0.0000,196.9620,2.3405,0.0000,0.0000,2046,1477,166504,12.32,750.2
1005,299.1180,100.0000,0.0638,0.0135,2.5770,0.0479,0.0092,188.9957,0.0013,1,0.0841,5.9319,0.0859,1.3597,180.3961,0.0000,180.3961,2.3351,0.0000,0.0000,2046,1477,166504,12.21,750.2
1006,299.3098,100.0000,0.3108,0.0167,2.1132,0.0549,0.0105,202.5523,0.0013,1,0.0782,6.3341,0.0860,1.1928,195.5042,0.0000,195.5042,2.3318,0.0000,0.0000,2046,1477,166504,12.21,750.2
1007,299.5148,100.0000,0.3217,0.0179,2.2882,0.0474,0.0091,200.0553,0.0012,1,0.0882,5.9056,0.0876,1.3974,192.0222,0.0000,192.0222,2.3332,0.0000,0.0000,2046,1477,166504,12.21,750.2
1008,299.7176,100.0000,0.1793,0.0156,2.5236,0.0481,0.0082,198.7493,0.0009,1,0.0788,5.9786,0.0858,1.1284,191.3741,0.0000,191.3741,2.3310,0.0000,0.0000,2046,1477,166504,12.21,750.2
1009,299.9191,100.0000,0.0672,0.0146,2.9797,0.0661,0.0114,200.9882,0.0009,1,0.0849,5.8852,0.0876,1.0392,194.2266,0.0000,194.2266,2.3303,0.0000,0.0000,2046,1477,166504,12.21,750.2
1010,300.1232,100.0000,0.0608,0.0142,3.1661,0.1100,0.0143,196.3963,0.0010,1,0.0858,5.9741,0.0860,1.1398,189.5807,0.0000,189.5807,2.3526,0.0000,0.0000,2046,1477,166504,12.21,750.2
1011,300.3230,100.0000,0.0618,0.0150,2.2356,0.0498,0.0098,165.6668,0.0016,1,0.0919,5.8835,0.0891,1.0551,158.0694,0.0000,158.0694,2.3588,0.0000,0.0000,2046,1477,166504,12.21,750.2
1012,300.4911,100.0000,0.0759,0.0178,2.2445,0.0505,0.0091,332.0561,0.0013,1,0.0745,5.8925,0.0872,1.0794,155.8701,0.0000,155.8701,2.3271,0.0000,0.0000,2046,1477,166504,12.21,750.2
1013,300.8255,100.0000,0.1007,0.0185,2.6833,0.0614,0.0179,4.3255,0.0008,1,0.1034,5.6639,0.0881,1.0330,158.9239,0.0000,158.9239,2.3349,0.0000,0.0000,2046,1477,166504,12.21,750.2
1014,300.8327,7.2137,0.0564,0.0157,2.0639,0.0436,0.0083,158.8823,0.0014,1,0.0746,6.0775,0.0860,1.5140,155.0007,0.0000,155.0007,2.3331,0.0000,0.0000,2046,1477,166504,12.32,750.2
1015,300.9938,100.0000,0.0629,0.0144,2.4062,0.0608,0.0109,332.5066,0.0013,1,0.0747,5.7975,0.0863,1.1133,157.9636,0.0000,157.9636,2.3230,0.0000,0.0000,2046,1477,166504,12.32,750.2
1016,301.3289,100.0000,0.0639,0.0135,2.5208,0.0679,0.0115,3.9228,0.0007,1,0.0733,5.6923,0.0860,1.3269,157.1107,0.0000,157.1107,2.3605,0.0000,0.0000,2046,1477,166504,12.23,750.2
1017,301.3355,6.6076,0.0624,0.0139,2.2691,0.0453,0.0080,160.1098,0.0017,1,0.0740,6.4529,0.0860,1.2493,155.1139,0.0000,155.1139,2.3282,0.0000,0.0000,2046,1477,166504,12.35,750.2
1018,301.4980,100.0000,0.9060,0.0186,2.8340,0.0594,0.0110,329.9244,0.0019,1,0.0751,6.1014,0.2940,1.0817,158.0433,0.0000,158.0433,2.3539,0.0000,0.0000,2046,1477,166504,12.35,750.2
1019,301.8318,100.0000,1.2844,0.0179,3.1210,0.1020,0.0134,3.5328,0.0008,1,0.0780,6.1054,0.0885,1.0568,155.2007,0.0000,155.2007,2.3169,0.0000,0.0000,2046,1477,166504,12.35,750.2
1020,301.8398,8.0785,0.4596,0.0118,2.1679,0.0463,0.0073,159.7054,0.0008,1,0.0730,6.7420,0.0862,1.1944,157.7726,0.0000,157.7726,2.3191,0.0000,0.0000,2046,1477,166504,12.47,750.2
1021,302.0023,100.0000,0.3228,0.0122,1.4146,0.0437,0.0093,340.1809,0.0014,1,0.0740,6.0994,0.0860,1.1572,163.8935,0.0000,163.8935,2.3216,0.0000,0.0000,2046,1477,166504,12.47,750.2
1022,302.3443,100.0000,0.4289,0.0147,3.0119,0.0457,0.0093,3.5787,0.0011,1,0.1037,5.7093,0.0883,1.0363,157.0157,0.0000,157.0157,2.3206,0.0000,0.0000,2046,1477,166504,12.47,750.2
1023,302.3513,7.0962,0.3819,0.0136,3.3633,0.0443,0.0084,160.2090,0.0022,1,0.0737,5.7362,0.0861,1.2532,158.3787,0.0000,158.3787,2.3465,0.0000,0.0000,2046,1477,166504,12.48,750.2
1024,302.6038,100.0000,0.7607,0.0131,3.3129,0.0413,0.0072,266.6591,0.0012,1,0.0759,5.8664,0.0860,1.2318,183.4319,0.0000,183.4319,2.3495,0.0000,0.0000,2046,1477,166504,12.48,750.2
1025,302.8746,100.0000,1.6112,0.0132,2.5907,0.0468,0.0091,2.8505,0.0006,1,0.1039,5.6647,0.0881,1.0327,155.8921,0.0000,155.8921,2.3486,0.0000,0.0000,2046,1477,166504,12.48,750.2
1026,302.8817,7.1269,0.0519,0.0135,2.6609,0.0452,0.0073,163.1778,0.0015,1,0.0732,5.7693,0.0859,1.1571,160.1295,0.0000,160.1295,2.3593,0.0000,0.0000,2046,1477,166504,12.48,750.2
1027,303.0477,100.0000,0.6520,0.0149,2.6346,0.0517,0.0097,329.0505,0.0018,1,0.0732,5.8858,0.0860,1.0507,157.9266,0.0000,157.9266,2.3130,0.0000,0.0000,2046,1477,166504,12.48,750.2
1028,303.3802,100.0000,0.7209,0.0151,2.7563,0.0627,0.0146,3.4658,0.0015,1,0.0725,5.6924,0.0860,1.0324,154.8291,0.0000,154.8291,2.3524,0.0000,0.0000,2046,1477,166504,12.48,750.2
1029,303.3872,7.0451,0.0760,0.0172,3.5222,0.0427,0.0074,161.2980,0.0045,1,0.0816,6.3017,0.0874,1.2823,158.6894,0.0000,158.6894,2.3138,0.0000,0.0000,2046,1477,166504,12.60,750.2
1030,303.5522,100.0000,0.0806,0.0172,2.9418,0.0650,0.0120,165.7129,0.0010,1,0.0761,5.8848,0.0861,1.1101,157.9601,0.0000,157.9601,2.3116,0.0000,0.0000,2046,1477,166504,12.60,750.2
1031,303.7210,100.0000,0.5849,0.0161,3.2443,0.1027,0.0124,164.0180,0.0013,1,0.0740,5.9564,0.0865,1.3613,158.2788,0.0000,158.2788,2.3484,0.0000,0.0000,2046,1477,166504,12.49,750.2
1032,303.8890,100.0000,0.6305,0.0144,3.2575,0.0642,0.0128,330.3112,0.0013,1,0.0832,5.9118,0.0860,1.3566,158.8983,0.0000,158.8983,2.3242,0.0000,0.0000,2046,1477,166504,12.49,750.2
1033,304.2233,100.0000,0.7029,0.0200,3.0351,0.0603,0.0125,3.1926,0.0009,1,0.0760,6.1004,0.0877,1.0363,154.8432,0.0000,154.8432,2.3326,0.0000,0.0000,2046,1477,166504,12.49,750.2
1034,304.2303,7.0315,0.6124,0.0140,2.5650,0.0421,0.0073,161.1495,0.0012,1,0.0913,6.1967,0.0860,1.1934,157.6480,0.0000,157.6480,2.3116,0.0000,0.0000,2046,1477,166504,12.50,750.2
1035,304.3947,100.0000,0.6351,0.0155,2.8366,0.0568,0.0104,329.2520,0.0016,1,0.0779,5.9802,0.0860,1.0650,155.2387,0.0000,155.2387,2.3139,0.0000,0.0000,2046,1477,166504,12.50,750.2
1036,304.7275,100.0000,0.8265,0.0164,2.7477,0.0478,0.0087,2.8233,0.0008,1,0.0740,6.0597,0.0860,1.0277,157.2995,0.0000,157.2995,2.3152,0.0000,0.0000,2046,1477,166504,12.50,750.2
1037,304.7340,6.4777,0.0627,0.0146,2.9311,0.0572,0.0089,161.3400,0.0041,1,0.0757,6.1954,0.0868,1.2386,157.5065,0.0000,157.5065,2.3465,0.0000,0.0000,2046,1477,166504,12.62,750.2
1038,304.8984,100.0000,0.6760,0.0145,5.8549,0.0470,0.0075,331.5697,0.0010,1,0.0771,5.7795,0.0865,1.2573,158.4462,0.0000,158.4462,2.3342,0.0000,0.0000,2046,1477,166504,12.62,750.2
1039,305.2367,100.0000,0.3967,0.0223,2.8844,0.0474,0.0098,2.9263,0.0009,1,0.0902,5.7666,0.0887,1.1268,157.7881,0.0000,157.7881,2.3415,0.0000,0.0000,2046,1477,166504,12.50,750.2
1040,305.2430,6.2944,0.0735,0.0186,3.3114,0.0459,0.0077,73.2154,0.0010,1,0.0734,6.2352,0.0494,0.9917,71.4357,0.0000,71.4357,0.9856,0.0000,0.0000,2046,1477,166504,12.63,750.2
1041,305.3197,76.6811,0.3092,0.0141,2.8626,0.0497,0.0088,158.3878,0.0012,1,0.1081,6.1580,0.0524,0.8333,71.5016,0.0000,71.5016,0.9873,0.0000,0.0000,2046,1477,166504,12.66,750.2
1042,305.4813,100.0000,0.0598,0.0146,2.9025,0.0480,0.0094,2.8502,0.0012,1,0.1037,6.0156,0.0513,0.8144,72.6694,0.0000,72.6694,0.9933,0.0000,0.0000,2046,1477,166504,12.54,750.2
1043,305.4872,5.8941,0.0830,0.0197,2.9493,0.0422,0.0080,74.7977,0.0012,1,0.0746,6.1155,0.0504,1.0548,72.2463,0.0000,72.2463,0.9831,0.0000,0.0000,2046,1477,166504,12.67,750.2
1044,305.5651,77.9100,0.0729,0.0147,2.9716,0.0476,0.0089,78.0310,0.0014,1,0.1145,6.2361,0.0516,0.8417,71.5934,0.0000,71.5934,1.0143,0.0000,0.0000,2046,1477,166504,12.69,750.3
1045,305.6463,81.1552,0.0727,0.0167,7.0783,0.0931,0.0124,76.4731,0.0011,1,0.0754,6.1905,0.0506,1.2609,74.6759,0.0000,74.6759,0.9922,0.0000,0.0000,2046,1477,166504,12.61,750.3
1046,305.7300,83.7557,0.0732,0.0174,3.8444,0.0630,0.0128,77.4735,0.0014,1,0.0788,6.3781,0.0495,0.9403,72.8404,0.0000,72.8404,0.9900,0.0000,0.0000,2046,1477,166504,12.63,750.3
1047,305.8115,81.4934,8.3359,0.0179,4.5829,0.0584,0.0103,66.7175,0.0008,1,0.0752,6.2621,0.0512,0.9963,70.7281,0.0000,70.7281,0.9888,0.0000,0.0000,2046,1477,166504,12.66,750.3
1048,305.8913,79.7302,0.6300,0.0130,2.7147,0.0414,0.0093,78.8945,0.0013,1,0.0765,6.1884,0.0492,0.8118,73.4201,0.0000,73.4201,1.0104,0.0000,0.0000,2046,1477,166504,12.69,750.3
1049,305.9736,82.3111,0.0646,0.0151,2.9034,0.0470,0.0094,77.3984,0.0010,1,0.0742,6.1579,0.0494,0.8420,71.0542,0.0000,71.0542,1.2689,0.0000,0.0000,2046,1477,166504,12.71,750.3
1050,306.0540,80.4455,0.5829,0.0211,2.8836,0.0542,0.0101,152.7744,0.0012,1,0.0730,6.3315,0.0502,0.8382,70.2773,0.0000,70.2773,1.0275,0.0000,0.0000,2046,1477,166504,12.61,750.3
1051,306.2104,100.0000,0.6859,0.0151,2.6661,0.0533,0.0098,3.6025,0.0013,1,0.0724,6.4258,0.0496,0.8313,68.8389,0.0000,68.8389,0.9904,0.0000,0.0000,2046,1477,166504,12.61,750.3
1052,306.2174,7.0434,0.7008,0.0171,2.7781,0.0460,0.0088,74.8945,0.0010,1,0.0769,6.5393,0.0495,1.2074,72.1471,0.0000,72.1471,0.9900,0.0000,0.0000,2046,1477,166504,12.74,750.3
1053,306.2959,78.4541,0.6075,0.0152,4.2561,0.0505,0.0094,72.7119,0.0013,1,0.0739,6.2035,0.0510,0.9011,69.6399,0.0000,69.6399,1.0092,0.0000,0.0000,2046,1477,166504,12.77,750.3
1054,306.3735,77.6595,0.7553,0.0147,2.5696,0.0502,0.0099,74.8420,0.0041,1,0.0729,6.1912,0.0502,0.8260,69.5010,0.0000,69.5010,0.9870,0.0000,0.0000,2046,1477,166504,12.80,750.3
1055,306.4518,78.2520,0.6081,0.0148,2.9034,0.0511,0.0098,78.5611,0.0012,1,0.0783,6.2324,0.0508,0.8581,71.8012,0.0000,71.8012,0.9903,0.0000,0.0000,2046,1477,166504,12.70,750.3
1056,306.5339,82.1575,0.4067,0.0153,4.3302,0.0707,0.0103,81.9357,0.0009,1,0.0761,6.4713,0.0494,0.8765,79.9270,0.0000,79.9270,0.9868,0.0000,0.0000,2046,1477,166504,12.72,750.3
1057,306.6207,86.7761,0.4962,0.0138,2.6117,0.0688,0.0138,91.6484,0.0011,1,0.1373,6.5650,0.0523,1.0395,84.4313,0.0000,84.4313,0.9856,0.0000,0.0000,2046,1477,166504,12.74,750.3
1058,306.7156,94.8618,0.0722,0.0152,4.4872,0.0510,0.0138,91.1172,0.0010,1,0.0882,6.1929,0.0492,0.8704,86.0920,0.0000,86.0920,0.9849,0.0000,0.0000,2046,1477,166504,12.63,750.3
1059,306.8113,95.7642,0.0617,0.0165,3.1688,0.0562,0.0108,90.5031,0.0016,1,0.0788,6.3672,0.0498,0.8233,84.9836,0.0000,84.9836,0.9972,0.0000,0.0000,2046,1477,166504,12.63,750.3
1060,306.9052,93.8249,0.6067,0.0164,2.9462,0.0436,0.0071,83.9298,0.0012,1,0.0861,6.1380,0.0501,0.8188,77.6916,0.0000,77.6916,0.9745,0.0000,0.0000,2046,1477,166504,12.64,750.3
1061,306.9927,87.5591,1.2938,0.0160,2.8012,0.0349,0.0064,164.0358,0.0015,1,0.0967,6.2201,0.0492,0.8823,82.6828,0.0000,82.6828,0.9743,0.0000,0.0000,2046,1477,166504,12.54,750.3
1062,307.1609,100.0000,0.1967,0.0183,3.7138,0.0793,0.0105,4.2184,0.0010,1,0.0867,6.2484,0.0495,0.8704,67.8264,0.0000,67.8264,1.0089,0.0000,0.0000,2046,1477,166504,12.54,750.3
1063,307.1692,8.2576,0.2323,0.0141,4.3335,0.0433,0.0077,68.3883,0.0016,1,0.0800,6.2201,0.0496,0.8827,70.4149,0.0000,70.4149,0.9784,0.0000,0.0000,2046,1477,166504,12.66,750.3
1064,307.2422,73.0283,0.9275,0.0157,2.3604,0.0622,0.0146,77.6889,0.0009,1,0.0814,6.8755,0.0507,0.9974,71.2514,0.0000,71.2514,1.1269,0.0000,0.0000,2046,1477,166504,12.70,750.3
1065,307.3233,81.0772,0.5199,0.0153,1.9469,0.0535,0.0117,79.4146,0.0015,1,0.0870,7.1268,0.0492,0.9011,71.0634,0.0000,71.0634,0.9729,0.0000,0.0000,2046,1477,166504,12.72,746.8
1066,307.4052,81.9708,0.8953,0.0171,2.4210,0.0542,0.0107,77.0430,0.0013,1,0.0784,7.1958,0.0495,0.8649,71.1632,0.0000,71.1632,0.9632,0.0000,0.0000,2046,1477,166504,12.75,746.8
1067,307.4857,80.4506,0.5190,0.0170,2.1745,0.0740,0.0154,78.4920,0.0013,1,0.0762,7.3218,0.0512,0.9072,71.6403,0.0000,71.6403,0.9702,0.0000,0.0000,2046,1477,166504,12.77,746.8
1068,307.5670,81.3011,0.4393,0.0181,2.0199,0.0696,0.0144,81.9607,0.0011,1,0.0965,7.6353,0.0492,1.1294,74.0068,0.0000,74.0068,0.9679,0.0000,0.0000,2046,1477,166504,12.80,746.8
1069,307.6515,84.5309,0.4833,0.0165,2.0898,0.0534,0.0111,77.2855,0.0011,1,0.0802,6.7990,0.0497,1.1741,70.4525,0.0000,70.4525,0.9674,0.0000,0.0000,2046,1477,166504,12.82,746.8
1070,307.7315,79.9487,0.5151,0.0160,1.7456,0.0479,0.0106,79.6420,0.0011,1,0.0779,6.9957,0.0492,0.9605,72.3945,0.0000,72.3945,0.9669,0.0000,0.0000,2046,1477,166504,12.85,746.8
1071,307.8135,81.9931,0.8641,0.0134,1.7048,0.0636,0.0119,82.1709,0.0010,1,0.0856,6.9864,0.0498,1.2063,74.0785,0.0000,74.0785,0.9696,0.0000,0.0000,2046,1477,166504,12.87,746.8
1072,307.8983,84.8361,0.6400,0.0173,2.2699,0.0754,0.0157,77.0495,0.0009,1,0.0792,6.9220,0.0493,0.8746,71.3083,0.0000,71.3083,0.9677,0.0000,0.0000,2046,1477,166504,12.89,781.1
1073,307.9784,80.0755,0.5161,0.0158,1.6123,0.0608,0.0119,79.5608,0.0010,1,0.0866,7.0881,0.0496,0.8786,72.4802,0.0000,72.4802,0.9673,0.0000,0.0000,2046,1477,166504,12.92,781.1
1074,308.0602,81.7860,0.5289,0.0176,2.4839,0.0548,0.0122,161.1560,0.0015,1,0.0810,6.6205,0.0503,0.8850,72.2508,0.0000,72.2508,1.1247,0.0000,0.0000,2046,1477,166504,12.95,781.1
1075,308.2244,100.0000,0.5415,0.0156,1.5031,0.0512,0.0103,2.5873,0.0010,1,0.0798,6.4012,0.0498,0.8549,74.3623,0.0000,74.3623,0.9665,0.0000,0.0000,2046,1477,166504,12.95,781.1
1076,308.2292,4.7185,0.0711,0.0168,2.4769,0.0582,0.0111,76.8279,0.0012,1,0.0789,6.8976,0.0492,0.8580,71.6851,0.0000,71.6851,0.9631,0.0000,0.0000,2046,1477,166504,13.08,781.1
1077,308.3086,79.4710,0.0676,0.0180,3.1438,0.0650,0.0125,79.5490,0.0010,1,0.0852,7.6364,0.0495,1.1409,72.2375,0.0000,72.2375,0.9627,0.0000,0.0000,2046,1477,166504,13.11,781.1
1078,308.3915,82.8645,0.4827,0.0169,1.7383,0.0475,0.0110,79.3098,0.0015,1,0.0833,7.4789,0.0492,0.9073,71.9866,0.0000,71.9866,0.9591,0.0000,0.0000,2046,1477,166504,13.14,781.1
1079,308.4731,81.6147,1.3247,0.0366,1.8012,0.0463,0.0100,78.4234,0.0010,1,0.0849,6.8754,0.0502,0.8909,71.8257,0.0000,71.8257,0.9620,0.0000,0.0000,2046,1477,166504,13.16,807.8
1080,308.5548,81.7327,0.3714,0.0136,2.1087,0.0702,0.0140,75.6433,0.0011,1,0.0832,6.8572,0.0492,1.2191,69.3704,0.0000,69.3704,0.9620,0.0000,0.0000,2046,1477,166504,13.19,807.8
1081,308.6331,78.2399,0.3823,0.0165,2.1293,0.0465,0.0119,70.8347,0.0007,1,0.0786,6.1584,0.0495,0.9871,64.1021,0.0000,64.1021,0.9444,0.0000,0.0000,2046,1389,156646,13.22,807.8
1082,308.7065,73.4403,0.3200,0.0149,2.1932,0.0662,0.0129,79.2236,0.0012,1,0.0773,8.2789,0.0500,0.9662,71.6227,0.0000,71.6227,0.8864,0.0000,0.0000,2046,1686,190094,13.13,807.8
1083,308.7884,81.8481,0.3698,0.0143,2.4458,0.0636,0.0109,160.4224,0.0010,1,0.0885,8.8547,0.0494,1.1096,69.4322,0.0000,69.4322,0.8248,0.0000,0.0000,2046,1885,212834,13.15,807.8
1084,308.9517,100.0000,0.3387,0.0152,1.7375,0.0556,0.0150,3.0491,0.0009,1,0.0906,8.1075,0.0507,1.6036,70.8235,0.0000,70.8235,0.8291,0.0000,0.0000,2046,1927,217234,13.15,807.8
1085,308.9569,5.2292,0.1129,0.0170,2.8463,0.0688,0.0143,74.5018,0.0014,1,0.0935,8.7651,0.0512,1.4336,68.4933,0.0000,68.4933,0.8438,0.0000,0.0000,2046,1876,211496,13.15,807.8
1086,309.0345,77.5715,0.5388,0.0190,2.1904,0.0837,0.0196,156.1208,0.0011,1,0.0948,9.2556,0.0498,1.4318,69.7035,0.0000,69.7035,0.8788,0.0000,0.0000,2046,1729,194870,13.19,807.8
1087,309.1935,100.0000,0.3985,0.0169,2.8593,0.0596,0.0125,3.8525,0.0020,1,0.0843,7.0292,0.0497,1.1116,67.1375,0.0000,67.1375,0.8811,0.0000,0.0000,2046,1729,194870,13.19,826.1
1088,309.2007,7.2203,0.4211,0.0122,1.8355,0.0394,0.0069,71.8000,0.0015,1,0.0865,7.7948,0.0494,1.2780,68.1350,0.0000,68.1350,0.8908,0.0000,0.0000,2046,1650,185840,13.18,826.1
1089,309.2748,74.1324,0.3876,0.0170,2.4839,0.0746,0.0163,73.1413,0.0016,1,0.0829,7.4773,0.0494,0.9452,64.6072,0.0000,64.6072,0.9069,0.0000,0.0000,2046,1548,174404,13.22,826.1
1090,309.3510,76.1399,0.4815,0.0182,3.1902,0.0616,0.0097,69.8667,0.0014,1,0.0842,6.6747,0.0492,0.8196,65.1053,0.0000,65.1053,0.9071,0.0000,0.0000,2046,1546,174148,13.26,826.1
1091,309.4247,73.6478,0.7718,0.0193,1.9144,0.0548,0.0112,70.8686,0.0015,1,0.0878,6.7328,0.0496,0.9033,64.7780,0.0000,64.7780,0.9118,0.0000,0.0000,2046,1491,168388,13.16,826.1
1092,309.5829,100.0000,0.3322,0.0119,2.9823,0.0487,0.0079,16.2134,0.0016,1,0.0911,6.6929,0.0498,1.0793,95.5082,0.0000,95.5082,0.9097,0.0000,0.0000,2046,1475,166372,13.16,826.1
1093,309.6026,19.6162,0.3605,0.0167,1.8003,0.0553,0.0113,151.1810,0.0013,1,0.0818,6.7899,0.0509,0.9278,66.9072,0.0000,66.9072,0.9042,0.0000,0.0000,2046,1475,166372,13.28,826.1
1094,309.7560,100.0000,1.3467,0.0361,3.3678,0.0871,0.0176,4.3938,0.0009,1,0.0798,7.1905,0.0486,0.9892,66.7636,0.0000,66.7636,0.9166,0.0000,0.0000,2046,1476,166436,13.14,826.1
1095,309.7653,9.2630,0.4489,0.0127,3.9544,0.0769,0.0146,67.8251,0.0013,1,0.0872,7.5016,0.0492,1.0506,68.7383,0.0000,68.7383,0.9141,0.0000,0.0000,2046,1476,166436,13.27,826.1
1096,309.8376,72.3507,0.3722,0.0157,1.8937,0.0564,0.0116,70.3653,0.0009,1,0.0759,6.3155,0.0492,0.7716,64.3002,0.0000,64.3002,0.9130,0.0000,0.0000,2046,1479,166692,13.31,808.0
1097,309.9103,72.7341,0.6607,0.0171,2.2849,0.0629,0.0126,71.2154,0.0010,1,0.0773,6.7575,0.0492,0.7898,64.7010,0.0000,64.7010,0.9128,0.0000,0.0000,2046,1484,167204,13.21,808.0
1098,309.9846,74.2729,0.4089,0.0154,1.8030,0.0705,0.0127,72.9233,0.0012,1,0.0832,6.9945,0.0492,0.9526,66.1971,0.0000,66.1971,0.9058,0.0000,0.0000,2046,1511,170148,13.25,808.0
1099,310.0599,75.2511,0.3678,0.0148,3.1188,0.0713,0.0120,76.1147,0.0014,1,0.0875,8.1119,0.0532,0.9503,66.2216,0.0000,66.2216,0.8934,0.0000,0.0000,2046,1553,174928,13.29,808.0
1100,310.1396,79.7199,0.4618,0.0200,2.5376,0.0483,0.0078,138.7672,0.0011,1,0.0830,6.5889,0.0490,0.9320,64.1514,0.0000,64.1514,0.8865,0.0000,0.0000,2046,1546,174160,13.32,808.0
1101,310.2815,100.0000,0.8555,0.0164,1.7596,0.0586,0.0101,3.1341,0.0013,1,0.0801,6.4502,0.0495,0.8430,62.7474,0.0000,62.7474,0.8803,0.0000,0.0000,2046,1543,173808,13.32,808.0
1102,310.2873,5.8772,0.0675,0.0168,1.9621,0.0567,0.0094,71.5890,0.0012,1,0.0795,7.4407,0.0480,0.9232,66.3104,0.0000,66.3104,0.8686,0.0000,0.0000,2046,1560,175696,13.46,808.0
1103,310.3611,73.7218,0.2036,0.0149,2.0738,0.0575,0.0119,70.5225,0.0016,1,0.0796,7.0952,0.0492,0.9048,61.8774,0.0000,61.8774,0.8655,0.0000,0.0000,2046,1546,174064,13.50,808.0
1104,310.4340,72.9057,0.3700,0.0171,2.4415,0.0754,0.0142,68.3504,0.0012,1,0.0954,7.8516,0.0492,1.1064,61.5857,0.0000,61.5857,0.8620,0.0000,0.0000,2046,1542,173552,13.39,804.0
1105,310.5052,71.2889,0.4192,0.0183,2.0152,0.0639,0.0126,67.1807,0.0012,1,0.0804,6.8063,0.0491,0.8139,60.7496,0.0000,60.7496,0.8707,0.0000,0.0000,2046,1513,170416,13.44,804.0
1106,310.5750,69.7314,0.4221,0.0152,2.7441,0.0839,0.0149,71.6220,0.0011,1,0.0965,7.2132,0.0481,1.1571,64.8830,0.0000,64.8830,0.8744,0.0000,0.0000,2046,1491,167792,13.48,804.0
1107,310.6499,74.9213,0.4080,0.0161,1.8459,0.0588,0.0192,134.5012,0.0016,1,0.0830,6.4585,0.0492,0.7709,59.3219,0.0000,59.3219,0.8750,0.0000,0.0000,2046,1480,166640,13.38,804.0
1108,310.7868,100.0000,0.9942,0.0170,2.2440,0.0550,0.0120,3.7230,0.0014,1,0.0810,6.1019,0.0492,0.7270,60.4376,0.0000,60.4376,0.8705,0.0000,0.0000,2046,1475,166128,13.38,804.0
1109,310.7938,7.0604,0.1784,0.0156,1.7131,0.0405,0.0075,60.8985,0.0010,1,0.0763,6.3208,0.0495,0.8196,58.2709,0.0000,58.2709,0.8733,0.0000,0.0000,2046,1475,165976,13.52,804.0
1110,310.8567,62.8725,0.8928,0.0184,1.6946,0.0536,0.0097,68.7026,0.0010,1,0.0812,6.5413,0.0509,0.7118,62.0927,0.0000,62.0927,0.8802,0.0000,0.0000,2046,1511,170020,13.57,804.0
1111,310.9281,71.3912,1.2835,0.0168,2.5713,0.0472,0.0070,64.3520,0.0014,1,0.0771,6.5805,0.0498,0.8220,59.8915,0.0000,59.8915,0.8850,0.0000,0.0000,2046,1517,170724,13.62,804.0
1112,310.9964,68.2961,0.4867,0.0175,3.3479,0.0721,0.0163,131.0758,0.0009,1,0.0809,6.7790,0.0508,0.7402,59.4224,0.0000,59.4224,0.8871,0.0000,0.0000,2046,1530,172196,13.53,800.4
1113,311.1314,100.0000,0.5253,0.0193,1.8368,0.0467,0.0083,2.6116,0.0013,1,0.0783,6.3405,0.0492,0.7084,58.4861,0.0000,58.4861,0.8879,0.0000,0.0000,2046,1568,176468,13.53,800.4
1114,311.1365,5.0681,0.4057,0.0161,2.3546,0.0612,0.0121,71.9253,0.0012,1,0.0794,7.5570,0.0497,0.8811,64.8126,0.0000,64.8126,0.8852,0.0000,0.0000,2046,1635,184068,13.67,800.4
1115,311.2113,74.7981,0.4791,0.0200,2.7627,0.0692,0.0131,72.2356,0.0011,1,0.0804,9.0292,0.0493,1.1700,64.6449,0.0000,64.6449,0.8740,0.0000,0.0000,2046,1902,214104,13.57,800.4
1116,311.2869,75.6021,0.3925,0.0185,2.1289,0.0577,0.0113,71.0194,0.0011,1,0.0837,8.5748,0.0497,1.0100,63.4759,0.0000,63.4759,0.8702,0.0000,0.0000,2046,1924,216664,13.60,800.4
1117,311.3605,73.6476,0.9091,0.0172,1.6602,0.0452,0.0183,74.3440,0.0014,1,0.0941,8.4772,0.0505,1.0186,65.5721,0.0000,65.5721,0.8728,0.0000,0.0000,2046,1963,220994,13.64,800.4
1118,311.4376,77.0130,0.1477,0.0148,1.8304,0.0513,0.0091,74.4687,0.0010,1,0.0878,8.7226,0.0502,0.8888,65.3910,0.0000,65.3910,0.8593,0.0000,0.0000,2046,1956,220108,13.54,800.4
1119,311.5141,76.5423,0.4076,0.0160,2.8793,0.0767,0.0137,73.3347,0.0009,1,0.0832,8.3555,0.0510,0.8974,66.0196,0.0000,66.0196,0.8637,0.0000,0.0000,2046,1948,219340,13.57,800.4
1120,311.5909,76.7490,0.4113,0.0168,1.8051,0.1185,0.0126,73.9731,0.0016,1,0.0820,8.2669,0.0492,0.9231,64.9775,0.0000,64.9775,0.8723,0.0000,0.0000,2046,1932,217706,13.61,790.9
1121,311.6672,76.3569,0.3166,0.0153,2.0904,0.0481,0.0081,71.7540,0.0011,1,0.0831,8.1620,0.0492,0.9110,64.8794,0.0000,64.8794,0.9106,0.0000,0.0000,2046,1904,214526,13.50,790.9
1122,311.7415,74.2527,0.0645,0.0145,2.7385,0.0689,0.0141,73.4549,0.0011,1,0.0991,9.3658,0.0494,1.3273,63.1183,0.0000,63.1183,0.9436,0.0000,0.0000,2046,1934,217596,13.54,790.9
1123,311.8178,76.3777,0.3750,0.0154,2.6177,0.0585,0.0122,141.4233,0.0016,1,0.0896,8.8159,0.0485,0.9796,62.9782,0.0000,62.9782,0.9583,0.0000,0.0000,2046,1951,219492,13.58,790.9
1124,311.9624,100.0000,0.5296,0.0167,3.4772,0.0852,0.0142,5.0457,0.0013,1,0.0921,8.0562,0.0492,0.9477,60.1532,0.0000,60.1532,0.9682,0.0000,0.0000,2046,1962,220708,13.58,790.9
1125,311.9716,9.1887,0.4363,0.0170,3.0437,0.0629,0.0100,63.0101,0.0010,1,0.0856,8.5855,0.0487,1.0216,60.4656,0.0000,60.4656,0.9790,0.0000,0.0000,2046,1976,222302,13.72,790.9
1126,312.0381,66.6001,0.3925,0.0162,2.6448,0.0576,0.0116,133.6082,0.0010,1,0.0855,8.6271,0.0490,0.9370,57.3228,0.0000,57.3228,0.9848,0.0000,0.0000,2046,1985,223262,13.77,790.9
1127,312.1749,100.0000,0.6772,0.0163,1.8105,0.0639,0.0118,3.1676,0.0012,1,0.0857,8.3303,0.0487,0.8933,59.3085,0.0000,59.3085,0.9887,0.0000,0.0000,2046,1985,223262,13.77,815.1
1128,312.1807,5.7707,0.0687,0.0143,2.0280,0.0664,0.0126,65.4710,0.0010,1,0.0885,10.4302,0.0492,1.2583,56.5294,0.0000,56.5294,0.9907,0.0000,0.0000,2046,1988,223646,13.92,815.1
1129,312.2484,67.6786,0.7512,0.0155,2.5645,0.0470,0.0081,61.6047,0.0014,1,0.0820,8.6059,0.0492,1.1346,53.2744,0.0000,53.2744,0.9955,0.0000,0.0000,2046,1990,223712,13.97,815.1
1130,312.3134,65.0120,1.3965,0.0186,2.3939,0.0687,0.0120,60.8563,0.0012,1,0.0820,8.5053,0.0480,0.8719,53.3494,0.0000,53.3494,0.9987,0.0000,0.0000,2046,1990,223712,14.03,815.1
1131,312.3781,64.7664,0.8715,0.0190,1.9464,0.0549,0.0104,61.2831,0.0018,1,0.0883,8.9152,0.0489,0.8583,53.0433,0.0000,53.0433,1.0158,0.0000,0.0000,2046,1990,223712,14.09,815.1
1132,312.4424,64.2135,0.9174,0.0193,1.8474,0.0771,0.0147,60.9756,0.0012,1,0.0974,9.8185,0.0492,0.9827,52.1632,0.0000,52.1632,0.9928,0.0000,0.0000,2046,1990,223712,14.15,815.1
1133,312.5062,63.8750,1.0054,0.0148,2.4545,0.0670,0.0114,122.0027,0.0013,1,0.0926,9.0485,0.0491,0.8767,51.8705,0.0000,51.8705,0.9922,0.0000,0.0000,2046,1990,223712,14.21,815.1
1134,312.6318,100.0000,0.8019,0.0168,2.3254,0.0583,0.0115,3.5318,0.0011,1,0.0910,8.3671,0.0485,1.2473,50.1702,0.0000,50.1702,0.9972,0.0000,0.0000,2046,1990,223712,14.05,815.1
1135,312.6385,6.7667,0.1568,0.0144,2.4443,0.0638,0.0113,56.3154,0.0015,1,0.0897,9.3328,0.0479,1.0191,48.3913,0.0000,48.3913,1.0002,0.0000,0.0000,2046,1991,223792,14.21,815.1
1136,312.6976,59.0262,1.1180,0.0200,2.2494,0.0625,0.0107,111.4006,0.0016,1,0.0847,9.1457,0.0492,0.8465,47.2604,0.0000,47.2604,1.0001,0.0000,0.0000,2046,1991,223792,14.28,815.1
1137,312.8125,100.0000,1.3280,0.0173,2.6976,0.0604,0.0129,3.7424,0.0014,1,0.0852,8.6184,0.0480,0.8356,48.2203,0.0000,48.2203,1.0004,0.0000,0.0000,2046,1992,223920,14.12,832.4
1138,312.8203,7.8814,0.0635,0.0163,2.4020,0.0413,0.0077,52.9256,0.0010,1,0.0952,8.8732,0.0489,1.0324,48.2585,0.0000,48.2585,0.9983,0.0000,0.0000,2046,1994,224176,14.27,832.4
1139,312.8758,55.4758,0.4173,0.0177,2.8605,0.0732,0.0138,54.7013,0.0010,1,0.0888,9.2644,0.0486,0.8723,45.3881,0.0000,45.3881,0.9972,0.0000,0.0000,2046,1994,224176,14.35,832.4
1140,312.9339,58.1028,0.4097,0.0167,1.8229,0.0495,0.0090,56.2579,0.0016,1,0.0960,8.7528,0.0487,0.9380,46.8502,0.0000,46.8502,1.0004,0.0000,0.0000,2046,1994,224176,14.27,832.4
1141,312.9925,58.5867,0.3616,0.0206,3.3619,0.0982,0.0169,63.9709,0.0012,1,0.1088,10.5130,0.0492,1.8493,53.2513,0.0000,53.2513,1.0075,0.0000,0.0000,2046,1991,223792,14.34,832.4
1142,313.0604,67.8828,0.4519,0.0173,2.6108,0.0777,0.0126,62.3301,0.0017,1,0.1318,11.7686,0.0492,1.1039,48.5644,0.0000,48.5644,1.0086,0.0000,0.0000,2046,1990,223712,14.39,832.4
1143,313.1259,65.5337,0.7596,0.0200,2.9477,0.1061,0.0209,68.4097,0.0013,1,0.1138,17.1679,0.0476,1.7480,52.4770,0.0000,52.4770,1.0151,0.0000,0.0000,2046,1991,223792,14.29,832.4
1144,313.1982,72.2918,0.4612,0.0181,3.2399,0.0846,0.0162,61.9309,0.0013,1,0.1147,12.1287,0.0487,1.4963,52.0424,0.0000,52.0424,1.0099,0.0000,0.0000,2046,1994,223964,14.34,832.4
1145,313.2640,65.7714,0.4340,0.0156,2.8344,0.0804,0.0160,58.1565,0.0013,1,0.0999,10.4311,0.0479,1.2198,46.9395,0.0000,46.9395,1.0069,0.0000,0.0000,2046,1995,224004,14.40,832.4
1146,313.3256,61.5610,0.3945,0.0183,2.5979,0.0814,0.0198,58.6867,0.0015,1,0.1008,10.7668,0.0487,0.9390,49.4587,0.0000,49.4587,1.0082,0.0000,0.0000,2046,1995,224004,14.30,867.9
1147,313.3874,61.8226,0.4690,0.0212,3.2548,0.0837,0.0162,60.0702,0.0011,1,0.1087,13.5414,0.0480,1.3491,47.5902,0.0000,47.5902,0.9996,0.0000,0.0000,2046,1999,224400,14.37,867.9
1148,313.4513,63.9368,0.4277,0.0167,2.6086,0.0690,0.0107,57.4525,0.0011,1,0.1011,9.8784,0.0484,1.0998,47.7330,0.0000,47.7330,1.0012,0.0000,0.0000,2046,2008,225320,14.43,867.9
1149,313.5119,60.6103,0.4793,0.0202,2.6692,0.0799,0.0155,60.8760,0.0012,1,0.1313,13.4208,0.0487,1.3761,48.2345,0.0000,48.2345,0.9957,0.0000,0.0000,2046,2009,225448,14.34,867.9
1150,313.5761,64.1615,1.0050,0.0183,2.7246,0.0809,0.0137,60.1695,0.0013,1,0.0999,11.1248,0.0492,1.2001,48.0906,0.0000,48.0906,0.9959,0.0000,0.0000,2046,2009,225448,14.40,867.9
1151,313.6401,64.0342,0.4406,0.0196,2.6683,0.0708,0.0130,58.2291,0.0016,1,0.1093,12.4260,0.0492,0.8626,47.9237,0.0000,47.9237,0.9928,0.0000,0.0000,2046,2011,225704,14.46,867.9
1152,313.7016,61.4635,0.3906,0.0177,2.0258,0.0714,0.0130,58.5638,0.0020,1,0.1059,9.8683,0.0480,1.1458,48.1872,0.0000,48.1872,0.9873,0.0000,0.0000,2046,2012,225776,14.53,867.9
1153,313.7627,61.1061,0.3814,0.0176,2.7660,0.0694,0.0133,58.1887,0.0015,1,0.1152,11.5354,0.0476,0.9007,47.3087,0.0000,47.3087,0.9815,0.0000,0.0000,2046,2011,225736,14.60,867.9
1154,313.8242,61.4594,1.0449,0.0200,2.1118,0.0682,0.0112,55.8019,0.0012,1,0.1013,10.4949,0.0480,0.9890,47.6351,0.0000,47.6351,0.9824,0.0000,0.0000,2046,2008,225584,14.50,867.9
1155,313.8832,59.0770,0.2143,0.0166,1.8631,0.0565,0.0109,61.2777,0.0014,1,0.1070,11.4540,0.0524,1.0506,48.5399,0.0000,48.5399,0.9994,0.0000,0.0000,2046,2007,225384,14.58,868.3
1156,313.9467,63.4610,0.4005,0.0154,2.1796,0.0637,0.0111,58.9470,0.0009,1,0.1076,10.0711,0.0492,1.0249,49.5046,0.0000,49.5046,0.9821,0.0000,0.0000,2046,2004,225128,14.64,868.3
1157,314.0083,61.6385,0.7712,0.0164,2.1654,0.0667,0.0124,58.9387,0.0012,1,0.1035,10.1112,0.0490,1.0681,47.4879,0.0000,47.4879,0.9907,0.0000,0.0000,2046,2005,225128,14.54,868.3
1158,314.0703,61.9924,1.7966,0.0186,2.0083,0.0629,0.0110,57.5217,0.0016,1,0.1009,10.0274,0.0511,1.0075,49.9641,0.0000,49.9641,0.9887,0.0000,0.0000,2046,1999,224416,14.61,868.3
1159,314.1318,61.4423,0.5506,0.0198,2.5907,0.0687,0.0111,126.6254,0.0008,1,0.0923,9.9516,0.0488,1.0300,51.9563,0.0000,51.9563,0.9926,0.0000,0.0000,2046,1993,223648,14.68,868.3
1160,314.2617,100.0000,0.3910,0.0187,1.8029,0.0633,0.0129,3.6039,0.0017,1,0.0902,10.3690,0.0483,1.1290,52.7651,0.0000,52.7651,1.0108,0.0000,0.0000,2046,1996,223976,14.51,868.3
1161,314.2676,5.9152,0.0710,0.0176,2.6702,0.0682,0.0131,60.6266,0.0010,1,0.0876,10.9295,0.0492,1.0569,50.9637,0.0000,50.9637,1.0150,0.0000,0.0000,2046,1996,223976,14.64,868.3
1162,314.3311,63.4911,0.5576,0.0216,2.9826,0.0730,0.0134,133.3742,0.0015,1,0.0988,11.0236,0.0479,1.2831,55.1867,0.0000,55.1867,1.0831,0.0000,0.0000,2046,1996,223976,14.70,868.3
1163,314.4681,100.0000,0.4169,0.0169,2.7852,0.0717,0.0121,3.7600,0.0011,1,0.0870,8.9648,0.0473,1.1433,57.3481,0.0000,57.3481,1.0752,0.0000,0.0000,2046,1996,223976,14.54,868.3
1164,314.4752,7.0854,0.4696,0.0173,2.7384,0.0678,0.0130,66.5472,0.0016,1,0.1019,9.7612,0.0537,1.1637,59.3139,0.0000,59.3139,1.1533,0.0000,0.0000,2046,1996,223976,14.66,868.3
1165,314.5451,69.8772,0.4660,0.0181,2.9687,0.0680,0.0117,78.7491,0.0015,1,0.1101,11.2396,0.0506,1.2751,69.0311,0.0000,69.0311,1.2816,0.0000,0.0000,2046,1994,223972,14.68,868.3
1166,314.6274,82.3038,1.1860,0.0179,2.0913,0.0698,0.0125,79.0645,0.0011,1,0.1074,9.6132,0.0512,1.1375,69.9694,0.0000,69.9694,1.2960,0.0000,0.0000,2046,1993,223970,14.68,868.3
1167,314.7098,82.4612,1.0540,0.0176,2.3433,0.0666,0.0130,82.4230,0.0009,1,0.1065,10.4250,0.0505,1.2104,70.8400,0.0000,70.8400,1.3092,0.0000,0.0000,2046,1980,222674,14.68,868.3
1168,314.7958,85.9416,0.7273,0.0192,2.3565,0.0712,0.0124,76.2877,0.0010,1,0.0985,9.8649,0.0492,1.1100,67.9095,0.0000,67.9095,1.3170,0.0000,0.0000,2046,1935,222156,14.67,868.3
1169,314.8753,79.4924,0.3664,0.0146,2.9320,0.0924,0.0150,165.4763,0.0010,1,0.1121,10.6630,0.0508,1.5753,69.7229,0.0000,69.7229,1.3278,0.0000,0.0000,2046,1865,217724,14.68,868.3
1170,315.1337,100.0000,1.1929,0.0138,2.7563,0.0647,0.0156,3.8495,0.0009,1,0.1131,9.9492,0.0503,1.2921,72.4350,0.0000,72.4350,1.3350,0.0000,0.0000,2046,1814,210072,14.64,868.3
1171,315.1416,7.9073,0.3020,0.0120,2.6755,0.0613,0.0112,14.3075,0.0011,1,0.0924,12.2251,0.0512,0.9953,95.2662,0.0000,95.2662,1.3310,0.0000,0.0000,2046,1792,204568,14.81,868.3
1172,315.1590,17.3910,0.4733,0.0171,3.0776,0.0726,0.0146,166.3013,0.0011,1,0.0874,9.3797,0.0500,1.3050,71.3154,0.0000,71.3154,1.3051,0.0000,0.0000,2046,1985,223128,14.79,868.3
1173,315.3290,100.0000,1.4795,0.0183,1.9338,0.0654,0.0136,4.5936,0.0011,1,0.0912,9.1429,0.0510,1.3783,75.2562,0.0000,75.2562,1.3016,0.0000,0.0000,2046,1985,223128,14.75,868.3
1174,315.3371,8.1263,0.0683,0.0165,2.1654,0.0657,0.0123,82.8660,0.0010,1,0.1171,11.1874,0.0509,0.9728,75.1907,0.0000,75.1907,1.3006,0.0000,0.0000,2046,1985,223128,14.88,868.3
1175,315.4223,85.2160,0.2321,0.0175,2.0995,0.0465,0.0092,81.6595,0.0009,1,0.0942,9.9271,0.0500,0.9441,71.3825,0.0000,71.3825,1.2880,0.0000,0.0000,2046,1985,223256,14.86,868.3
1176,315.5064,84.0839,0.5214,0.0170,2.5265,0.0925,0.0193,82.4876,0.0016,1,0.0900,10.3748,0.0499,1.0589,71.5360,0.0000,71.5360,1.2979,0.0000,0.0000,2046,1983,223128,14.86,868.3
1177,315.5921,85.6857,0.8188,0.0178,2.0869,0.0778,0.0144,80.6542,0.0020,1,0.0943,9.8209,0.0505,1.1694,70.8582,0.0000,70.8582,1.2744,0.0000,0.0000,2046,1985,223192,14.86,868.3
1178,315.6758,83.6963,0.4935,0.0198,2.1217,0.0646,0.0153,83.1440,0.0014,1,0.1207,11.8628,0.0492,1.5544,70.5422,0.0000,70.5422,1.2515,0.0000,0.0000,2046,1984,222940,14.88,868.3
1179,315.7617,85.8819,0.3813,0.0190,1.9180,0.0705,0.0123,163.8928,0.0013,1,0.0941,9.9859,0.0494,1.1182,73.9367,0.0000,73.9367,1.2533,0.0000,0.0000,2046,1980,222620,14.90,871.7
1180,315.9280,100.0000,0.0709,0.0180,3.0166,0.0686,0.0138,4.3811,0.0014,1,0.0848,10.6316,0.0492,0.9320,66.2864,0.0000,66.2864,1.2581,0.0000,0.0000,2046,1979,222490,14.89,871.7
1181,315.9356,7.6178,0.0826,0.0196,3.3579,0.0614,0.0097,72.9619,0.0016,1,0.1006,9.7173,0.0494,0.9651,66.7735,0.0000,66.7735,1.2589,0.0000,0.0000,2046,1978,222360,15.04,871.7
1182,316.0121,76.5168,0.0868,0.0205,3.0083,0.0772,0.0154,158.9332,0.0013,1,0.1131,12.6297,0.0503,1.5304,68.4134,0.0000,68.4134,1.2780,0.0000,0.0000,2046,1969,221552,15.08,871.7
1183,316.1743,100.0000,0.4389,0.0192,2.0736,0.0749,0.0185,2.6735,0.0011,1,0.0892,11.3519,0.0506,1.3382,65.1933,0.0000,65.1933,1.2683,0.0000,0.0000,2046,1970,221552,14.91,871.7
1184,316.1796,5.3187,0.0729,0.0162,2.2460,0.0676,0.0114,81.4370,0.0012,1,0.1036,10.8263,0.0492,1.2411,71.3596,0.0000,71.3596,1.2707,0.0000,0.0000,2046,1970,221552,15.04,871.7
1185,316.2635,83.8757,0.4606,0.0232,2.0819,0.0744,0.0163,165.7810,0.0016,1,0.1153,12.9540,0.0492,0.9853,69.5355,0.0000,69.5355,1.2911,0.0000,0.0000,2046,1962,220680,15.03,871.7
1186,316.4319,100.0000,0.0684,0.0152,2.6567,0.0722,0.0150,2.9356,0.0013,1,0.0825,10.1226,0.0502,0.9325,71.1084,0.0000,71.1084,1.2897,0.0000,0.0000,2046,1962,220680,15.00,871.7
1187,316.4377,5.7839,0.0671,0.0159,2.0379,0.0582,0.0100,76.4343,0.0012,1,0.0842,8.9596,0.0492,0.8383,68.0304,0.0000,68.0304,1.2883,0.0000,0.0000,2046,1959,220424,15.14,871.7
1188,316.5164,78.6451,0.0905,0.0183,2.6888,0.0755,0.0140,77.7158,0.0009,1,0.0836,10.9268,0.0502,0.8991,68.3668,0.0000,68.3668,1.2939,0.0000,0.0000,2046,1951,219728,15.15,878.4
1189,316.5970,80.6236,0.0667,0.0150,2.1207,0.0681,0.0129,81.3059,0.0009,1,0.0926,9.4822,0.0512,0.8663,71.3338,0.0000,71.3338,1.2880,0.0000,0.0000,2046,1950,219600,15.15,878.4
1190,316.6806,83.6074,0.0519,0.0149,2.4612,0.0631,0.0141,161.6322,0.0013,1,0.0999,9.4901,0.0493,0.8625,69.7238,0.0000,69.7238,1.2969,0.0000,0.0000,2046,1944,218896,15.15,878.4
1191,316.8449,100.0000,0.0766,0.0176,2.1663,0.1101,0.0146,3.4942,0.0011,1,0.0934,9.8641,0.0492,0.9667,69.5475,0.0000,69.5475,1.3164,0.0000,0.0000,2046,1943,218832,15.11,878.4
1192,316.8508,5.9016,0.0744,0.0165,3.0088,0.0772,0.0129,77.6867,0.0012,1,0.0871,11.4877,0.0493,0.7826,68.5392,0.0000,68.5392,1.3164,0.0000,0.0000,2046,1936,218000,15.26,878.4
1193,316.9317,80.8977,0.2753,0.0200,3.4499,0.1011,0.0187,77.0427,0.0009,1,0.0946,9.5708,0.0492,1.0399,68.3308,0.0000,68.3308,1.3257,0.0000,0.0000,2046,1924,216784,15.26,878.4
1194,317.0126,80.9291,0.0729,0.0172,2.2045,0.0659,0.0128,75.5995,0.0016,1,0.0831,8.7726,0.0492,0.6945,66.5439,0.0000,66.5439,1.3275,0.0000,0.0000,2046,1925,216784,15.26,878.4
1195,317.0906,77.9934,0.0751,0.0164,2.6072,0.0661,0.0145,156.6185,0.0015,1,0.0890,9.1138,0.0493,0.7987,67.7401,0.0000,67.7401,1.3282,0.0000,0.0000,2046,1922,216448,15.31,880.5
1196,317.2500,100.0000,0.0647,0.0156,1.9864,0.0587,0.0118,3.7125,0.0012,1,0.0826,7.9856,0.0499,0.6165,70.9117,0.0000,70.9117,1.3357,0.0000,0.0000,2046,1915,215796,15.12,880.5
1197,317.2559,5.8731,0.0733,0.0166,2.5999,0.0694,0.0138,77.6543,0.0008,1,0.0882,10.2983,0.0493,0.8040,70.2846,0.0000,70.2846,1.3329,0.0000,0.0000,2046,1905,214644,15.26,880.5
1198,317.3363,80.4469,0.1149,0.0169,2.2258,0.0655,0.0112,160.1379,0.0013,1,0.0956,9.1791,0.0510,0.5898,69.4005,0.0000,69.4005,1.3476,0.0000,0.0000,2046,1902,214324,15.27,880.5
1199,317.4989,100.0000,0.0734,0.0163,3.4635,0.0641,0.0122,3.4932,0.0013,1,0.0902,7.9794,0.0504,0.5863,71.2137,0.0000,71.2137,1.3410,0.0000,0.0000,2046,1901,214196,15.23,880.5
1200,317.5061,7.1443,0.0628,0.0160,2.1323,0.0517,0.0113,76.1754,0.0010,1,0.0942,9.2094,0.0492,0.6495,69.3035,0.0000,69.3035,1.3462,0.0000,0.0000,2046,1889,212900,15.38,880.5
1201,317.5845,78.4672,0.5350,0.0162,2.8842,0.0866,0.0123,75.5771,0.0010,1,0.0909,8.3243,0.0492,0.5792,69.2325,0.0000,69.2325,1.3665,0.0000,0.0000,2046,1861,211932,15.38,880.5
1202,317.6637,79.1304,0.0640,0.0146,2.4798,0.0603,0.0123,77.7470,0.0014,1,0.0877,8.6212,0.0498,0.6071,69.9900,0.0000,69.9900,1.5157,0.0000,0.0000,2046,1861,209948,15.37,880.5
1203,317.7441,80.3994,0.1144,0.0155,2.4026,0.1380,0.0154,80.5484,0.0013,1,0.0912,9.3921,0.0498,0.5670,69.3893,0.0000,69.3893,1.3594,0.0000,0.0000,2046,1848,210204,15.37,887.6
1204,317.8273,83.2551,1.5823,0.0188,1.8234,0.0489,0.0098,76.3722,0.0020,1,0.1457,8.5046,0.0492,0.5078,69.2049,0.0000,69.2049,1.3649,0.0000,0.0000,2046,1848,208796,15.40,887.6
1205,317.9072,79.8767,0.3407,0.0163,2.3829,0.0567,0.0126,77.7772,0.0025,1,0.0946,8.4718,0.0493,0.5263,67.8152,0.0000,67.8152,1.3621,0.0000,0.0000,2046,1848,208604,15.26,887.6
1206,317.9878,80.6133,0.0869,0.0206,3.9959,0.0716,0.0136,79.8044,0.0013,1,0.1046,9.8012,0.0504,0.6796,72.1583,0.0000,72.1583,1.3659,0.0000,0.0000,2046,1848,208732,15.25,887.6
1207,318.0718,84.0236,0.0922,0.0203,3.1496,0.0817,0.0165,157.9003,0.0012,1,0.0914,9.9208,0.0489,0.5946,69.8970,0.0000,69.8970,1.3668,0.0000,0.0000,2046,1848,208604,15.28,887.6
1208,318.2331,100.0000,0.6836,0.0171,1.9612,0.0527,0.0116,3.1176,0.0014,1,0.0878,8.0716,0.0508,0.5953,70.2476,0.0000,70.2476,1.3634,0.0000,0.0000,2046,1848,208604,15.10,887.6
1209,318.2390,5.8650,0.0679,0.0165,2.8026,0.0599,0.0180,76.1067,0.0015,1,0.0846,8.1176,0.0492,0.5705,70.8021,0.0000,70.8021,1.3622,0.0000,0.0000,2046,1848,208604,15.23,887.6
1210,318.3181,79.0818,0.0914,0.0170,2.7118,0.1078,0.0153,79.2175,0.0013,1,0.0873,8.8679,0.0495,0.5324,70.5316,0.0000,70.5316,1.3568,0.0000,0.0000,2046,1848,208604,15.23,888.9
1211,318.4002,82.1852,0.0659,0.0171,3.3256,0.0852,0.0176,79.1080,0.0016,1,0.0996,10.1624,0.0495,0.6124,69.1542,0.0000,69.1542,1.3666,0.0000,0.0000,2046,1848,208604,15.21,888.9
1212,318.4829,82.6294,0.0785,0.0182,3.5254,0.0877,0.0160,157.9609,0.0014,1,0.0815,9.1423,0.0492,0.5789,70.3931,0.0000,70.3931,1.3614,0.0000,0.0000,2046,1848,208604,15.25,888.9
1213,318.6446,100.0000,0.1132,0.0172,2.9435,0.0662,0.0128,4.0855,0.0013,1,0.0820,7.6465,0.0503,0.5528,70.6209,0.0000,70.6209,1.3671,0.0000,0.0000,2046,1848,208604,15.09,888.9
1214,318.6518,7.2483,0.0674,0.0156,2.3216,0.0511,0.0119,74.3089,0.0013,1,0.0940,8.3468,0.0494,0.6533,69.6381,0.0000,69.6381,1.3599,0.0000,0.0000,2046,1848,208604,15.27,888.9
1215,318.7286,76.7854,0.7778,0.0111,2.5799,0.0623,0.0112,158.5775,0.0012,1,0.0824,8.5012,0.0497,0.4813,68.3482,0.0000,68.3482,1.3618,0.0000,0.0000,2046,1848,208604,15.14,888.9
1216,318.8907,100.0000,0.0780,0.0171,3.0306,0.0737,0.0143,4.9402,0.0019,1,0.0839,8.7875,0.0492,0.5650,71.5400,0.0000,71.5400,1.3609,0.0000,0.0000,2046,1848,208604,15.09,888.9
1217,318.8988,8.1651,0.0749,0.0183,2.4836,0.0516,0.0091,73.6686,0.0012,1,0.0872,8.6917,0.0499,0.6287,68.8308,0.0000,68.8308,1.3924,0.0000,0.0000,2046,1848,208604,15.21,888.9
1218,318.9751,76.3174,0.0849,0.0179,3.1650,0.0783,0.0162,75.0134,0.0014,1,0.0915,8.9942,0.0492,0.8476,67.2321,0.0000,67.2321,1.4048,0.0000,0.0000,2046,1848,208604,15.21,888.9
1219,319.0535,78.3862,0.0687,0.0154,2.0594,0.0654,0.0126,76.0913,0.0013,1,0.0875,8.5065,0.0502,0.5614,66.3522,0.0000,66.3522,1.4078,0.0000,0.0000,2046,1848,208604,15.20,888.9
1220,319.1318,78.3221,0.0701,0.0143,2.0463,0.0573,0.0124,150.3763,0.0014,1,0.0899,8.9647,0.0496,0.6053,65.2670,0.0000,65.2670,1.4024,0.0000,0.0000,2046,1848,208604,15.20,888.9
1221,319.2845,100.0000,0.0799,0.0198,3.8706,0.0862,0.0144,5.3251,0.0013,1,0.0826,7.6878,0.0492,0.5012,65.0454,0.0000,65.0454,1.4189,0.0000,0.0000,2046,1848,208604,15.20,888.9
1222,319.2939,9.4051,0.0742,0.0180,2.9866,0.0555,0.0101,66.2391,0.0011,1,0.0920,8.1740,0.0497,0.7021,64.2838,0.0000,64.2838,1.4204,0.0000,0.0000,2046,1848,208604,15.20,888.9
1223,319.3633,69.3921,0.0593,0.0172,3.2782,0.0698,0.0124,145.0471,0.0010,1,0.0835,7.8412,0.0492,0.5222,64.9465,0.0000,64.9465,1.4121,0.0000,0.0000,2046,1848,208604,15.20,888.9
1224,319.5117,100.0000,0.0624,0.0159,2.0480,0.0623,0.0122,2.8857,0.0013,1,0.0818,7.9247,0.0492,0.5476,63.5354,0.0000,63.5354,1.4229,0.0000,0.0000,2046,1848,208604,15.15,888.9
1225,319.5168,5.0943,0.0700,0.0160,2.0920,0.0765,0.0166,71.6565,0.0012,1,0.0952,8.8932,0.0510,0.6847,63.0025,0.0000,63.0025,1.4186,0.0000,0.0000,2046,1848,208604,15.28,888.9
1226,319.5908,73.9367,0.1343,0.0251,3.3065,0.0606,0.0095,68.4479,0.0016,1,0.0885,7.9516,0.0493,0.5361,61.7477,0.0000,61.7477,1.4110,0.0000,0.0000,2046,1848,208604,15.27,890.7
1227,319.6628,71.9943,0.0715,0.0169,3.6205,0.0673,0.0134,67.8704,0.0013,1,0.0837,8.3685,0.0493,0.4973,61.3696,0.0000,61.3696,1.4228,0.0000,0.0000,2046,1848,208604,15.28,890.7
1228,319.7344,71.6712,0.0679,0.0160,1.9891,0.0502,0.0110,69.2738,0.0011,1,0.0793,7.9189,0.0492,0.4913,60.6408,0.0000,60.6408,1.4125,0.0000,0.0000,2046,1848,208604,15.33,890.7
1229,319.8058,71.4176,0.0646,0.0208,2.2034,0.0529,0.0112,69.5245,0.0014,1,0.0841,7.9548,0.0502,0.4836,61.5078,0.0000,61.5078,1.4109,0.0000,0.0000,2046,1848,208604,15.21,890.7
1230,319.8777,71.8876,0.0655,0.0153,2.3906,0.0712,0.0141,71.7779,0.0014,1,0.0882,9.2333,0.0505,0.5980,61.6782,0.0000,61.6782,1.4329,0.0000,0.0000,2046,1848,208604,15.19,890.7
1231,319.9521,74.3441,0.1202,0.0168,2.2609,0.0643,0.0123,69.4128,0.0013,1,0.0844,8.6559,0.0492,0.5601,60.8831,0.0000,60.8831,1.4068,0.0000,0.0000,2046,1848,208604,15.19,890.7
1232,320.0240,71.8973,0.0726,0.0175,2.5839,0.0641,0.0126,68.6635,0.0011,1,0.0902,8.7138,0.0493,0.6105,59.6311,0.0000,59.6311,1.4032,0.0000,0.0000,2046,1848,208604,15.18,890.7
1233,320.0954,71.4247,0.0837,0.0172,3.6179,0.0621,0.0093,66.1897,0.0015,1,0.0801,7.8245,0.0495,0.5180,59.4420,0.0000,59.4420,1.4062,0.0000,0.0000,2046,1848,208604,15.23,892.4
1234,320.1654,69.9892,0.6966,0.0152,2.7646,0.0572,0.0108,66.5392,0.0012,1,0.0798,7.8615,0.0492,0.4823,60.5580,0.0000,60.5580,1.4053,0.0000,0.0000,2046,1848,208604,15.11,892.4
1235,320.2355,70.0925,0.0672,0.0161,2.3148,0.0549,0.0118,69.0987,0.0008,1,0.0794,7.8891,0.0496,0.4844,60.8001,0.0000,60.8001,1.3945,0.0000,0.0000,2046,1848,208604,15.12,892.4
1236,320.3071,71.5710,0.0653,0.0166,2.2082,0.0756,0.0147,68.9912,0.0013,1,0.0892,8.3595,0.0494,0.5122,60.2970,0.0000,60.2970,1.3929,0.0000,0.0000,2046,1848,208604,15.13,892.4
1237,320.3784,71.3816,0.0661,0.0148,2.0392,0.0609,0.0149,68.7234,0.0011,1,0.0973,8.4195,0.0490,0.6903,59.6857,0.0000,59.6857,1.3934,0.0000,0.0000,2046,1848,208604,15.13,892.4
1238,320.4494,70.9267,0.0595,0.0151,2.6504,0.0649,0.0128,68.4064,0.0009,1,0.0898,7.9119,0.0488,0.5218,61.4919,0.0000,61.4919,1.4042,0.0000,0.0000,2046,1848,208604,15.14,892.4
1239,320.5206,71.2178,0.0718,0.0144,2.1039,0.0512,0.0099,67.5559,0.0012,1,0.0856,7.9106,0.0491,0.4856,58.6824,0.0000,58.6824,1.3913,0.0000,0.0000,2046,1848,208604,15.15,892.4
1240,320.5904,69.8164,0.0699,0.0168,2.9886,0.0534,0.0095,66.8154,0.0013,1,0.0906,7.9014,0.0502,0.4932,59.7800,0.0000,59.7800,1.3839,0.0000,0.0000,2046,1848,208604,15.16,892.4
1241,320.6604,69.9646,0.0826,0.0177,2.2891,0.0599,0.0126,69.4243,0.0013,1,0.1653,9.3724,0.0502,0.9006,59.0999,0.0000,59.0999,1.3821,0.0000,0.0000,2046,1848,208604,15.18,897.4
1242,320.7323,71.8960,0.0661,0.0161,2.1357,0.0496,0.0100,69.9890,0.0012,1,0.0817,8.3058,0.0492,0.5496,61.1325,0.0000,61.1325,1.4004,0.0000,0.0000,2046,1848,208604,15.18,897.4
1243,320.8045,72.2754,0.0638,0.0155,2.0174,0.0528,0.0112,66.3227,0.0014,1,0.0830,8.1269,0.0497,0.4886,58.3873,0.0000,58.3873,1.3742,0.0000,0.0000,2046,1848,208604,15.19,897.4
1244,320.9439,100.0000,0.0822,0.0125,2.0661,0.0436,0.0079,85.7838,0.0012,1,0.0849,8.4162,0.0493,0.5117,76.4892,0.0000,76.4892,1.3765,0.0000,0.0000,2046,1848,208604,15.19,897.4
1245,321.0319,88.0059,0.0747,0.0170,2.8434,0.0804,0.0148,3.8316,0.0013,1,0.0821,7.7232,0.0491,0.4964,61.1999,0.0000,61.1999,1.3780,0.0000,0.0000,2046,1848,208604,15.04,897.4
1246,321.0388,6.8727,0.0766,0.0168,2.3770,0.0464,0.0145,66.2152,0.0017,1,0.0851,8.7707,0.0496,0.5168,60.6391,0.0000,60.6391,1.3756,0.0000,0.0000,2046,1848,208604,15.15,897.4
1247,321.1075,68.7568,0.0748,0.0190,3.1988,0.0714,0.0135,65.6449,0.0010,1,0.0928,8.6098,0.0507,0.5583,58.2239,0.0000,58.2239,1.3771,0.0000,0.0000,2046,1848,208604,15.21,897.4
1248,321.1765,69.0326,0.0716,0.0177,2.5901,0.0623,0.0122,67.8833,0.0018,1,0.0830,8.3871,0.0500,0.5117,58.4857,0.0000,58.4857,1.3694,0.0000,0.0000,2046,1848,208604,15.09,897.4
1249,321.2472,70.6479,0.0982,0.0184,2.5093,0.0653,0.0134,67.8635,0.0013,1,0.0816,8.1946,0.0509,0.6205,59.6416,0.0000,59.6416,1.3683,0.0000,0.0000,2046,1848,208604,15.09,960.8
1250,321.3178,70.5766,0.0643,0.0167,2.7044,0.0592,0.0106,66.1214,0.0013,1,0.0860,7.9006,0.0492,0.4842,58.5646,0.0000,58.5646,1.3681,0.0000,0.0000,2046,1848,208604,15.08,960.8
1251,321.3867,68.9849,0.0630,0.0158,2.8003,0.0733,0.0133,133.2735,0.0013,1,0.0816,8.0111,0.0504,0.4851,58.4205,0.0000,58.4205,1.3692,0.0000,0.0000,2046,1848,208604,15.07,960.8
1252,321.5230,100.0000,0.0698,0.0151,2.0051,0.0758,0.0148,3.1358,0.0010,1,0.0875,8.0235,0.0493,0.4817,58.8902,0.0000,58.8902,1.3794,0.0000,0.0000,2046,1848,208604,15.00,960.8
1253,321.5283,5.3247,0.0641,0.0155,1.9314,0.0598,0.0112,67.2766,0.0018,1,0.0895,8.8685,0.0492,0.5735,60.0866,0.0000,60.0866,1.3700,0.0000,0.0000,2046,1848,208604,15.11,960.8
1254,321.5977,69.3694,0.0737,0.0188,2.2899,0.0854,0.0151,69.5836,0.0016,1,0.0896,8.6098,0.0498,0.5151,58.4793,0.0000,58.4793,1.3578,0.0000,0.0000,2046,1848,208604,15.17,960.8
1255,321.6698,72.0760,0.0867,0.0174,2.6122,0.0777,0.0159,66.5755,0.0013,1,0.0922,8.7208,0.0497,0.5329,58.4662,0.0000,58.4662,1.3619,0.0000,0.0000,2046,1848,208604,15.05,960.8
1256,321.7392,69.3934,0.0703,0.0156,2.8353,0.0738,0.0146,133.0051,0.0011,1,0.0934,8.1363,0.0494,0.5629,58.2689,0.0000,58.2689,1.3630,0.0000,0.0000,2046,1848,208604,15.03,960.8
1257,321.8752,100.0000,0.0767,0.0163,2.3036,0.0652,0.0101,2.8362,0.0015,1,0.0819,7.6447,0.0493,0.4813,58.1043,0.0000,58.1043,1.3799,0.0000,0.0000,2046,1848,208604,15.03,960.8
1258,321.8805,5.3184,0.0670,0.0159,2.6625,0.0525,0.0079,63.5797,0.0011,1,0.0811,8.1990,0.0492,0.5043,57.3252,0.0000,57.3252,1.3535,0.0000,0.0000,2046,1848,208604,15.03,960.8
1259,321.9469,66.3940,0.0651,0.0145,2.6314,0.0573,0.0104,65.7012,0.0010,1,0.0851,7.8742,0.0492,0.4851,58.3255,0.0000,58.3255,1.3588,0.0000,0.0000,2046,1848,208604,15.01,960.8
1260,322.0154,68.5120,0.0652,0.0159,2.0851,0.0559,0.0112,66.6083,0.0012,1,0.1011,8.5766,0.0492,0.7270,57.9315,0.0000,57.9315,1.3601,0.0000,0.0000,2046,1848,208604,14.99,960.8
1261,322.0843,68.8505,0.0643,0.0151,1.8766,0.0488,0.0108,70.0899,0.0016,1,0.0805,8.0928,0.0495,0.4910,59.5784,0.0000,59.5784,1.3620,0.0000,0.0000,2046,1848,208604,14.97,960.8
1262,322.1564,72.1156,0.1571,0.0172,2.4540,0.0643,0.0115,63.9779,0.0010,1,0.0903,8.1256,0.0499,0.5084,57.3841,0.0000,57.3841,1.3501,0.0000,0.0000,2046,1848,208604,14.96,960.8
1263,322.2231,66.6911,0.0723,0.0163,2.1296,0.0613,0.0114,67.2568,0.0013,1,0.0840,8.0985,0.0497,0.5427,58.1371,0.0000,58.1371,1.3611,0.0000,0.0000,2046,1848,208604,14.96,960.8
1264,322.2926,69.5573,0.0869,0.0156,2.4694,0.0644,0.0125,64.8949,0.0012,1,0.0804,7.9332,0.0501,0.5964,57.7781,0.0000,57.7781,1.3725,0.0000,0.0000,2046,1848,208604,14.97,960.8
1265,322.3602,67.5536,0.0728,0.0171,2.9436,0.0696,0.0134,67.5598,0.0012,1,0.0850,8.2209,0.0502,0.5322,60.3338,0.0000,60.3338,1.3604,0.0000,0.0000,2046,1848,208604,14.96,960.8
1266,322.4309,70.6855,0.0805,0.0177,2.2648,0.0748,0.0140,68.1066,0.0011,1,0.0860,8.3314,0.0508,0.4895,57.9868,0.0000,57.9868,1.3498,0.0000,0.0000,2046,1848,208604,14.95,961.4
1267,322.5014,70.5690,0.0744,0.0163,2.6931,0.0705,0.0130,66.1185,0.0010,1,0.0855,8.4236,0.0492,0.5875,58.0841,0.0000,58.0841,1.3532,0.0000,0.0000,2046,1848,208604,14.93,961.4
1268,322.5704,68.9954,0.0877,0.0165,3.0530,0.0790,0.0128,67.0849,0.0013,1,0.0913,9.0102,0.0499,0.5734,58.9328,0.0000,58.9328,1.3452,0.0000,0.0000,2046,1848,208604,14.92,961.4
1269,322.6408,70.3430,0.0630,0.0151,1.9200,0.0584,0.0108,134.6751,0.0010,1,0.0922,8.3346,0.0498,0.5135,59.0669,0.0000,59.0669,1.3593,0.0000,0.0000,2046,1848,208604,14.90,961.4
1270,322.7775,100.0000,0.0652,0.0161,2.0466,0.0500,0.0103,2.6367,0.0016,1,0.0861,7.6544,0.0492,0.5122,58.2236,0.0000,58.2236,1.3676,0.0000,0.0000,2046,1848,208604,14.84,961.4
1271,322.7823,4.8335,0.0591,0.0136,2.0717,0.0520,0.0093,65.4764,0.0010,1,0.0849,8.2295,0.0492,0.4943,57.7513,0.0000,57.7513,1.3437,0.0000,0.0000,2046,1848,208604,14.95,961.4
1272,322.8500,67.6910,0.0644,0.0158,3.1684,0.0619,0.0121,63.6769,0.0010,1,0.0806,7.9272,0.0496,0.4871,57.2556,0.0000,57.2556,1.3528,0.0000,0.0000,2046,1848,208604,14.93,961.4
1273,322.9171,67.0095,0.0644,0.0358,2.1831,0.0560,0.0103,67.0023,0.0018,1,0.0826,7.9550,0.0498,0.4813,59.8960,0.0000,59.8960,1.3495,0.0000,0.0000,2046,1848,208604,14.92,961.4
1274,322.9864,69.3636,0.0763,0.0154,1.9689,0.0471,0.0096,66.1300,0.0008,1,0.0865,8.0589,0.0497,0.5092,57.2298,0.0000,57.2298,1.3519,0.0000,0.0000,2046,1848,208604,14.91,961.4
1275,323.0547,68.2571,0.0614,0.0149,2.3872,0.0522,0.0100,65.2785,0.0011,1,0.0863,8.0217,0.0492,0.4915,57.2314,0.0000,57.2314,1.3532,0.0000,0.0000,2046,1848,208604,14.89,961.4
1276,323.1225,67.8137,0.0618,0.0161,2.5916,0.0680,0.0140,64.9214,0.0009,1,0.0842,7.8955,0.0492,0.4812,57.3907,0.0000,57.3907,1.3535,0.0000,0.0000,2046,1848,208604,14.88,961.4
1277,323.1902,67.6927,0.0598,0.0197,2.5807,0.0556,0.0094,67.3004,0.0010,1,0.0830,8.1101,0.0492,0.4949,59.1536,0.0000,59.1536,1.3470,0.0000,0.0000,2046,1848,208604,14.87,961.4
1278,323.2602,70.0355,0.0689,0.0171,2.8047,0.0576,0.0097,132.1913,0.0012,1,0.0823,8.2673,0.0492,0.4899,57.0992,0.0000,57.0992,1.3428,0.0000,0.0000,2046,1848,208604,14.86,961.4
1279,323.3954,100.0000,0.0766,0.0148,2.1786,0.0508,0.0094,2.6466,0.0011,1,0.0817,7.5987,0.0509,0.4950,57.4453,0.0000,57.4453,1.3411,0.0000,0.0000,2046,1848,208604,14.79,961.4
1280,323.4004,4.9845,0.0601,0.0153,1.9420,0.0527,0.0110,63.6697,0.0012,1,0.0817,8.1553,0.0495,0.5530,57.1861,0.0000,57.1861,1.3489,0.0000,0.0000,2046,1848,208604,14.96,961.4
1281,323.4661,65.7601,0.0473,0.0148,2.6276,0.0514,0.0098,66.6194,0.0011,1,0.0890,7.9712,0.0496,0.4936,58.6569,0.0000,58.6569,1.3454,0.0000,0.0000,2046,1848,208604,14.85,961.4
1282,323.5355,69.3790,0.0814,0.0175,2.2605,0.0702,0.0121,66.6304,0.0012,1,0.0864,7.9418,0.0494,0.4953,57.5475,0.0000,57.5475,1.3498,0.0000,0.0000,2046,1848,208604,14.84,961.4
1283,323.6046,69.0800,0.0675,0.0147,3.2324,0.0752,0.0140,130.1360,0.0015,1,0.0854,7.8958,0.0497,0.5056,56.9925,0.0000,56.9925,1.3450,0.0000,0.0000,2046,1848,208604,14.90,961.4
1284,323.7381,100.0000,0.0671,0.0150,2.9103,0.0640,0.0106,4.1603,0.0012,1,0.0814,7.7234,0.0500,0.4808,57.0964,0.0000,57.0964,1.3437,0.0000,0.0000,2046,1848,208604,14.73,961.4
1285,323.7454,7.2374,0.0659,0.0162,2.9470,0.0584,0.0117,65.2395,0.0011,1,0.0836,8.2099,0.0495,0.6062,60.4409,0.0000,60.4409,1.3422,0.0000,0.0000,2046,1848,208604,14.84,961.4
1286,323.8137,68.3470,0.0624,0.0160,2.4232,0.0545,0.0114,64.3051,0.0013,1,0.0792,8.0284,0.0494,0.4918,57.4514,0.0000,57.4514,1.3435,0.0000,0.0000,2046,1848,208604,14.87,961.4
1287,323.8806,66.8821,0.0692,0.0177,2.4330,0.0502,0.0113,65.9535,0.0010,1,0.0810,7.8011,0.0500,0.5353,57.1491,0.0000,57.1491,1.3457,0.0000,0.0000,2046,1848,208604,14.90,961.4
1288,323.9491,68.5430,0.0663,0.0146,2.9177,0.0642,0.0144,132.1642,0.0015,1,0.0793,7.8890,0.0502,0.4799,56.6395,0.0000,56.6395,1.3434,0.0000,0.0000,2046,1848,208604,14.93,961.4
1289,324.0844,100.0000,1.6104,0.0188,2.8946,0.0667,0.0117,3.8405,0.0013,1,0.0803,7.5688,0.0490,0.4812,59.3606,0.0000,59.3606,1.3411,0.0000,0.0000,2046,1848,208604,14.89,961.4
1290,324.0929,8.4620,0.2461,0.0169,2.5909,0.0508,0.0097,61.0660,0.0008,1,0.0860,8.5645,0.0492,0.8255,58.0022,0.0000,58.0022,1.3404,0.0000,0.0000,2046,1848,208604,15.06,961.4
1291,324.1568,63.9898,0.9519,0.0193,1.8893,0.0577,0.0117,74.0446,0.0009,1,0.0997,8.6588,0.0492,0.5202,65.9665,0.0000,65.9665,1.3492,0.0000,0.0000,2046,1884,212514,14.96,961.5
1292,324.2338,76.9952,0.4144,0.0158,2.7801,0.0666,0.0150,74.2667,0.0013,1,0.0826,7.9555,0.0495,0.5059,66.6168,0.0000,66.6168,1.3443,0.0000,0.0000,2046,1884,212386,14.85,961.5
1293,324.3114,77.5774,0.4324,0.0155,2.3298,0.0521,0.0098,73.0127,0.0016,1,0.0820,8.6190,0.0476,0.5503,64.6580,0.0000,64.6580,1.3043,0.0000,0.0000,2046,1857,213270,14.89,961.5
1294,324.3873,75.8738,0.4240,0.0194,2.2160,0.0593,0.0121,70.1588,0.0011,1,0.0817,8.7981,0.0492,0.4731,61.5566,0.0000,61.5566,1.2351,0.0000,0.0000,2046,1877,211926,14.76,961.5
1295,324.4602,72.9095,0.3904,0.0154,2.4807,0.0717,0.0150,66.1216,0.0009,1,0.0820,8.0916,0.0492,0.4643,58.4799,0.0000,58.4799,1.1771,0.0000,0.0000,2046,1840,207322,14.79,961.5
1296,324.5293,69.1141,0.6410,0.0191,1.9290,0.0518,0.0113,64.7793,0.0012,1,0.0992,7.7511,0.0486,0.4619,57.8370,0.0000,57.8370,1.1463,0.0000,0.0000,2046,1783,201482,14.81,961.5
1297,324.5968,67.4533,0.3737,0.0182,3.4394,0.0846,0.0149,62.3158,0.0011,1,0.0897,7.7898,0.0493,0.4423,55.1102,0.0000,55.1102,1.1157,0.0000,0.0000,2046,1685,192514,14.85,961.5
1298,324.6630,66.2680,0.7894,0.0185,2.3603,0.0666,0.0140,60.2175,0.0013,1,0.0773,7.2437,0.0492,0.4588,54.4323,0.0000,54.4323,1.1054,0.0000,0.0000,2046,1638,187554,14.88,962.0
1299,324.7266,63.5589,0.4703,0.0178,2.8233,0.0656,0.0119,127.0210,0.0014,1,0.0862,7.6304,0.0489,0.5877,55.5571,0.0000,55.5571,1.0891,0.0000,0.0000,2046,1639,184342,14.92,962.0
1300,324.8570,100.0000,0.0575,0.0173,3.0565,0.0612,0.0110,3.6903,0.0012,1,0.0934,8.5563,0.0484,0.6474,55.1581,0.0000,55.1581,1.0943,0.0000,0.0000,2046,1639,184342,14.92,962.0
1301,324.8639,6.9096,0.0641,0.0151,2.2937,0.0427,0.0079,59.8232,0.0013,1,0.1157,7.3050,0.0488,0.6286,55.6141,0.0000,55.6141,1.0783,0.0000,0.0000,2046,1642,184662,14.92,962.0
1302,324.9262,62.2635,0.6864,0.0165,2.0285,0.0461,0.0098,61.1366,0.0012,1,0.0875,7.1115,0.0481,0.5686,53.8063,0.0000,53.8063,1.0642,0.0000,0.0000,2046,1642,184662,14.95,962.0
1303,324.9901,63.9423,0.4462,0.0175,1.9419,0.0472,0.0092,61.7839,0.0010,1,0.0903,7.3915,0.0480,0.4977,54.0876,0.0000,54.0876,1.0855,0.0000,0.0000,2046,1642,184662,15.01,962.0
1304,325.0544,64.2658,0.6128,0.0205,2.6383,0.0510,0.0093,124.9625,0.0014,1,0.0896,6.9326,0.0508,0.5426,54.6499,0.0000,54.6499,1.0522,0.0000,0.0000,2046,1638,184214,14.90,962.0
1305,325.1827,100.0000,0.4001,0.0158,1.7021,0.0443,0.0088,2.6510,0.0007,1,0.0937,6.7074,0.0471,0.5792,57.1091,0.0000,57.1091,1.0455,0.0000,0.0000,2046,1638,184214,14.87,962.0
1306,325.1876,4.8369,0.0478,0.0129,1.7954,0.0416,0.0254,76.3018,0.0016,1,0.0799,7.1271,0.0484,0.8277,69.4092,0.0000,69.4092,1.0340,0.0000,0.0000,2046,1637,184086,15.05,962.0
1307,325.2658,78.2466,1.2812,0.0189,2.6552,0.0465,0.0089,74.5235,0.0011,1,0.0939,7.0310,0.0492,0.6840,69.1710,0.0000,69.1710,1.0262,0.0000,0.0000,2046,1639,184342,14.92,745.6
1308,325.3444,78.5528,0.9474,0.0181,2.2217,0.0536,0.0116,76.5891,0.0012,1,0.0900,6.9269,0.0492,0.6395,71.4744,0.0000,71.4744,1.0293,0.0000,0.0000,2046,1641,184598,14.92,745.6
1309,325.4242,79.8574,0.9565,0.0137,2.0319,0.0514,0.0092,78.2918,0.0009,1,0.1176,7.1917,0.0524,0.9030,71.4684,0.0000,71.4684,1.0293,0.0000,0.0000,2046,1651,185686,14.92,745.6
1310,325.5056,81.3724,1.0423,0.0168,2.0922,0.0504,0.0099,87.4046,0.0010,1,0.0807,7.6053,0.0494,0.9740,79.8578,0.0000,79.8578,1.0959,0.0000,0.0000,2046,1775,199690,14.92,745.6
1311,325.5962,90.6324,1.2883,0.0156,2.0022,0.0483,0.0093,94.4421,0.0014,1,0.0915,7.9291,0.0504,0.9137,87.3642,0.0000,87.3642,1.1185,0.0000,0.0000,2046,1884,211994,14.94,745.6
1312,325.6940,97.8228,1.3301,0.0172,2.0913,0.0500,0.0089,96.7206,0.0014,1,0.1446,8.6214,0.0511,1.2372,88.5388,0.0000,88.5388,1.1288,0.0000,0.0000,2046,1926,216730,14.77,745.6
1313,325.7943,100.0000,0.9784,0.0177,2.9719,0.0515,0.0089,98.1817,0.0009,1,0.1219,8.3888,0.0512,1.2861,90.5276,0.0000,90.5276,1.1443,0.0000,0.0000,2046,1912,215160,14.74,745.6
1314,325.8965,100.0000,0.8207,0.0165,2.1562,0.0515,0.0084,101.3880,0.0009,1,0.0865,7.7012,0.0495,1.0599,94.6704,0.0000,94.6704,1.1696,0.0000,0.0000,2046,1855,208708,14.70,745.6
1315,326.0009,100.0000,0.5452,0.0160,1.4850,0.0517,0.0094,106.6221,0.0008,1,0.0852,8.6023,0.0499,1.2074,95.9718,0.0000,95.9718,1.1720,0.0000,0.0000,2046,1806,202846,14.66,745.6
1316,326.1097,100.0000,0.7208,0.0185,2.1499,0.0505,0.0101,109.2652,0.0015,1,0.1178,7.8268,0.0521,1.7916,99.0703,0.0000,99.0703,1.1739,0.0000,0.0000,2046,1781,200070,14.66,745.6
1317,326.2219,100.0000,0.4484,0.0148,2.2581,0.0482,0.0079,110.9465,0.0010,1,0.0869,7.8231,0.0518,1.4335,104.0370,0.0000,104.0370,1.1585,0.0000,0.0000,2046,1766,198406,14.50,745.6
1318,326.4193,100.0000,0.8295,0.0152,2.1357,0.0435,0.0070,37.0083,0.0012,1,0.0835,7.7002,0.0507,1.2104,112.4264,0.0000,112.4264,1.3093,0.0000,0.0000,2046,1771,198982,14.46,745.6
1319,326.4594,40.0571,0.3390,0.0132,2.1225,0.0645,0.0088,113.2713,0.0008,1,0.0973,7.7358,0.0532,1.6007,104.8619,0.0000,104.8619,1.1348,0.0000,0.0000,2046,1779,199814,14.57,745.6
1320,326.5753,100.0000,0.3533,0.0144,2.7807,0.0728,0.0131,106.0773,0.0012,1,0.0969,7.5059,0.0512,1.3396,98.3823,0.0000,98.3823,1.1110,0.0000,0.0000,2046,1784,200518,14.40,745.6
1321,326.6846,100.0000,0.0724,0.0198,2.7827,0.0723,0.0121,110.9715,0.0011,1,0.0854,7.5121,0.0514,1.1591,103.3091,0.0000,103.3091,1.1075,0.0000,0.0000,2046,1787,200838,14.37,745.6
1322,326.7985,100.0000,0.0669,0.0155,3.1364,0.0565,0.0097,110.1584,0.0011,1,0.0903,7.4317,0.0508,1.1301,103.1672,0.0000,103.1672,1.0907,0.0000,0.0000,2046,1797,201990,14.33,745.6
1323,326.9120,100.0000,0.0682,0.0188,2.2106,0.0500,0.0095,206.6129,0.0015,1,0.0915,8.0720,0.0515,1.6589,102.4596,0.0000,102.4596,1.0893,0.0000,0.0000,2046,1812,203534,14.30,745.6
1324,327.1210,100.0000,1.2718,0.0187,2.0023,0.0647,0.0119,2.7582,0.0011,1,0.1150,7.4131,0.0709,1.2247,86.1150,0.0000,86.1150,1.1042,0.0000,0.0000,2046,1826,205134,14.27,745.6
1325,327.1271,6.1417,0.2198,0.0126,1.7218,0.0404,0.0070,104.0279,0.0012,1,0.0890,8.6282,0.0514,1.4437,97.2028,0.0000,97.2028,1.0704,0.0000,0.0000,2046,1838,206542,14.40,745.6
1326,327.2332,100.0000,0.6571,0.0136,1.9778,0.0485,0.0087,108.8661,0.0009,1,0.0849,7.7044,0.0510,1.5275,100.1147,0.0000,100.1147,1.0624,0.0000,0.0000,2046,1843,207118,14.36,745.6
1327,327.3448,100.0000,0.6046,0.0151,2.1678,0.0533,0.0082,107.8233,0.0009,1,0.1182,7.9550,0.0526,1.6215,99.1951,0.0000,99.1951,1.0510,0.0000,0.0000,2046,1843,207118,14.33,745.6
1328,327.4554,100.0000,0.7069,0.0154,3.0879,0.0629,0.0110,103.6672,0.0008,1,0.0914,7.7612,0.0497,1.3462,96.8104,0.0000,96.8104,1.0611,0.0000,0.0000,2046,1844,207246,14.33,745.6
1329,327.5630,100.0000,0.8861,0.0139,1.9871,0.0509,0.0088,99.9708,0.0009,1,0.0924,7.8295,0.0512,1.5180,91.3084,0.0000,91.3084,1.0666,0.0000,0.0000,2046,1844,207246,14.18,745.6
1330,327.6660,100.0000,0.6605,0.0172,2.0476,0.0511,0.0084,99.2010,0.0008,1,0.0892,7.8393,0.0520,1.5155,92.2219,0.0000,92.2219,1.0581,0.0000,0.0000,2046,1845,207310,14.14,745.6
1331,327.7679,100.0000,0.4499,0.0123,1.4724,0.0389,0.0082,108.8766,0.0009,1,0.0956,8.7022,0.0512,1.4203,98.0390,0.0000,98.0390,1.0524,0.0000,0.0000,2046,1845,207310,14.11,745.6
1332,327.8788,100.0000,0.6142,0.0148,1.9784,0.0480,0.0086,107.0114,0.0009,1,0.1146,8.1678,0.0530,1.5147,97.9995,0.0000,97.9995,1.0569,0.0000,0.0000,2046,1845,207310,14.08,745.6
1333,327.9885,100.0000,0.0632,0.0146,2.2655,0.0521,0.0086,108.9994,0.0010,1,0.0936,7.8766,0.0509,1.5421,100.2395,0.0000,100.2395,1.0628,0.0000,0.0000,2046,1845,207310,14.08,745.6
1334,328.0999,100.0000,0.0600,0.0154,2.1996,0.0484,0.0083,111.1588,0.0012,1,0.0912,8.1728,0.0518,1.5488,101.4431,0.0000,101.4431,1.0525,0.0000,0.0000,2046,1845,207310,13.93,745.6
1335,328.2134,100.0000,0.0850,0.0184,2.7259,0.0541,0.0092,101.8058,0.0008,1,0.0919,7.6268,0.0501,1.2021,94.3883,0.0000,94.3883,1.0588,0.0000,0.0000,2046,1845,207310,13.89,745.6
1336,328.3181,100.0000,0.0628,0.0201,2.2071,0.0518,0.0099,112.8855,0.0011,1,0.0828,8.1109,0.0511,1.5813,103.5716,0.0000,103.5716,1.0545,0.0000,0.0000,2046,1845,207310,13.89,745.6
1337,328.4334,100.0000,0.0566,0.0146,2.3808,0.0546,0.0082,106.2312,0.0010,1,0.1286,7.7884,0.0519,1.8440,97.4473,0.0000,97.4473,1.0754,0.0000,0.0000,2046,1845,207310,13.75,745.6
1338,328.5421,100.0000,0.0602,0.0142,2.4594,0.0840,0.0154,104.6403,0.0009,1,0.0852,7.6573,0.0507,1.7019,95.9812,0.0000,95.9812,1.1145,0.0000,0.0000,2046,1845,207310,13.71,745.6
1339,328.6494,100.0000,0.0636,0.0146,2.2153,0.0534,0.0089,109.9286,0.0013,1,0.0882,8.4626,0.0530,1.2649,100.4823,0.0000,100.4823,1.0943,0.0000,0.0000,2046,1845,207310,13.68,745.6
1340,328.7617,100.0000,0.0757,0.0150,2.5734,0.0632,0.0114,105.6515,0.0011,1,0.0836,8.1594,0.0500,1.2153,97.3177,0.0000,97.3177,1.0822,0.0000,0.0000,2046,1845,207310,13.64,745.6
1341,328.8701,100.0000,0.0648,0.0135,2.3083,0.0548,0.0090,108.1937,0.0013,1,0.0873,8.1781,0.0497,1.5688,98.5532,0.0000,98.5532,1.1087,0.0000,0.0000,2046,1845,207310,13.64,745.6
1342,328.9808,100.0000,0.0731,0.0165,2.9246,0.0820,0.0144,105.0953,0.0008,1,0.0841,8.3684,0.0505,1.2140,97.2514,0.0000,97.2514,1.1023,0.0000,0.0000,2046,1845,207310,13.50,745.6
1343,329.0890,100.0000,0.0771,0.0163,2.3464,0.0508,0.0142,108.6574,0.0016,1,0.0911,8.0960,0.0504,1.5932,99.8690,0.0000,99.8690,1.1061,0.0000,0.0000,2046,1845,207310,13.46,745.6
1344,329.2002,100.0000,0.0819,0.0148,2.1843,0.0507,0.0082,192.4857,0.0014,1,0.0892,7.7768,0.0512,1.2137,94.3669,0.0000,94.3669,1.1047,0.0000,0.0000,2046,1845,207310,13.46,745.6
1345,329.3951,100.0000,0.0908,0.0174,3.0034,0.0680,0.0109,4.4623,0.0007,1,0.1145,7.3769,0.0531,1.2227,79.4286,0.0000,79.4286,1.1315,0.0000,0.0000,2046,1845,207310,13.32,745.6
1346,329.4027,7.6601,0.0828,0.0158,2.3125,0.0472,0.0080,101.9320,0.0014,1,0.0912,8.2616,0.0509,1.3493,97.2016,0.0000,97.2016,1.1046,0.0000,0.0000,2046,1845,207310,13.41,745.6
1347,329.5071,100.0000,0.0874,0.0177,2.3917,0.0536,0.0094,189.2012,0.0011,1,0.0871,8.0538,0.0512,1.6572,92.8505,0.0000,92.8505,1.1143,0.0000,0.0000,2046,1845,207310,13.37,745.6
1348,329.6989,100.0000,0.0723,0.0156,2.4946,0.0511,0.0102,2.9799,0.0007,1,0.0872,7.3419,0.0502,1.5135,77.1650,0.0000,77.1650,1.1382,0.0000,0.0000,2046,1845,207310,13.33,745.6
1349,329.7045,5.6312,0.0641,0.0144,2.5237,0.0545,0.0094,104.0344,0.0013,1,0.0848,8.1720,0.0498,1.6340,97.7913,0.0000,97.7913,1.1166,0.0000,0.0000,2046,1845,207310,13.43,745.6
1350,329.8112,100.0000,0.0613,0.0145,2.1904,0.0532,0.0085,195.7277,0.0013,1,0.0858,7.7029,0.0500,1.3025,98.3966,0.0000,98.3966,1.1137,0.0000,0.0000,2046,1845,207310,13.39,745.6
1351,330.0093,100.0000,0.0737,0.0165,2.2735,0.0522,0.0096,2.9398,0.0006,1,0.1222,7.3821,0.0518,1.2311,78.4962,0.0000,78.4962,1.1361,0.0000,0.0000,2046,1845,207310,13.35,745.6
1352,330.0146,5.3721,0.0589,0.0151,2.5702,0.0797,0.0118,104.9952,0.0007,1,0.0872,7.7414,0.0512,1.6521,98.6738,0.0000,98.6738,1.1154,0.0000,0.0000,2046,1845,207310,13.45,745.6
1353,330.1224,100.0000,0.0748,0.0160,2.2149,0.0540,0.0090,189.2090,0.0010,1,0.0878,8.2064,0.0512,1.4315,92.0571,0.0000,92.0571,1.1146,0.0000,0.0000,2046,1845,207310,13.40,745.6
1354,330.3140,100.0000,0.0679,0.0159,2.3330,0.0526,0.0091,4.0775,0.0010,1,0.1130,7.5551,0.0553,1.2186,77.5731,0.0000,77.5731,1.1131,0.0000,0.0000,2046,1845,207310,13.36,745.6
1355,330.3205,6.5640,0.0624,0.0148,2.1869,0.0566,0.0100,105.5495,0.0015,1,0.0835,8.1557,0.0493,1.2137,98.1764,0.0000,98.1764,1.1054,0.0000,0.0000,2046,1845,207310,13.45,745.6
1356,330.4284,100.0000,0.0738,0.0155,2.6232,0.0746,0.0102,83.1459,0.0010,1,0.0963,7.7702,0.0512,1.2813,77.2597,0.0000,77.2597,1.1295,0.0000,0.0000,2046,1845,207310,13.41,745.6
1357,330.5144,85.9530,0.0708,0.0164,2.4923,0.0503,0.0086,87.6136,0.0009,1,0.0792,7.6660,0.0500,1.2657,78.1213,0.0000,78.1213,1.1055,0.0000,0.0000,2046,1845,207310,13.39,745.6
1358,330.6046,90.2611,0.0636,0.0170,2.4827,0.0533,0.0101,174.3870,0.0014,1,0.0809,8.1019,0.0518,1.2295,79.2158,0.0000,79.2158,1.1309,0.0000,0.0000,2046,1845,207310,13.36,745.6
1359,330.7817,100.0000,0.0637,0.0154,2.2049,0.0513,0.0096,3.1691,0.0011,1,0.0870,7.4566,0.0492,1.2003,78.0606,0.0000,78.0606,1.1294,0.0000,0.0000,2046,1845,207310,13.32,745.6
1360,330.7872,5.5240,0.2397,0.0179,3.1038,0.0563,0.0105,81.8977,0.0012,1,0.0802,8.5939,0.0512,1.2513,76.5578,0.0000,76.5578,1.1001,0.0000,0.0000,2046,1845,207310,13.41,745.6
1361,330.8725,85.3359,0.0696,0.0150,2.2797,0.0490,0.0090,88.4275,0.0009,1,0.1203,7.6901,0.0517,1.2216,79.9277,0.0000,79.9277,1.0993,0.0000,0.0000,2046,1845,207310,13.39,745.6
1362,330.9634,90.8609,0.0614,0.0147,2.2378,0.0506,0.0090,85.7224,0.0017,1,0.1159,7.6629,0.0570,1.2169,77.3701,0.0000,77.3701,1.0971,0.0000,0.0000,2046,1845,207310,13.36,745.6
1363,331.0515,88.1058,0.0684,0.0160,3.4060,0.0744,0.0136,172.5302,0.0013,1,0.0896,7.9576,0.0614,1.1991,76.5577,0.0000,76.5577,1.0963,0.0000,0.0000,2046,1845,207310,13.34,745.6
1364,331.2276,100.0000,0.0706,0.0139,2.4348,0.0522,0.0099,2.8613,0.0009,1,0.0806,7.7219,0.0513,1.1985,78.0132,0.0000,78.0132,1.0990,0.0000,0.0000,2046,1845,207310,13.34,745.6
1365,331.2331,5.4498,0.0579,0.0155,2.2234,0.0526,0.0095,82.9961,0.0012,1,0.0792,7.7736,0.0512,1.2038,77.1374,0.0000,77.1374,1.1233,0.0000,0.0000,2046,1845,207310,13.46,745.6
1366,331.3184,85.3640,0.0611,0.0149,2.2682,0.0676,0.0128,85.8354,0.0009,1,0.1136,8.0873,0.0513,1.2368,76.7059,0.0000,76.7059,1.0941,0.0000,0.0000,2046,1845,207310,13.35,745.6
1367,331.4067,88.2663,0.0602,0.0144,2.7060,0.0527,0.0087,87.0820,0.0010,1,0.0824,8.1191,0.0514,1.2247,79.1334,0.0000,79.1334,1.0928,0.0000,0.0000,2046,1845,207310,13.32,745.6
1368,331.4966,89.9313,0.0796,0.0153,3.1341,0.0573,0.0084,172.6161,0.0011,1,0.0889,7.5975,0.0512,1.2214,77.4089,0.0000,77.4089,1.0923,0.0000,0.0000,2046,1845,207310,13.29,745.6
1369,331.6725,100.0000,0.0804,0.0169,2.9217,0.0685,0.0111,2.8585,0.0008,1,0.0817,7.4615,0.0501,1.5447,76.7386,0.0000,76.7386,1.0895,0.0000,0.0000,2046,1845,207310,13.24,745.6
1370,331.6785,5.9645,0.0633,0.0142,2.3686,0.0533,0.0089,85.4628,0.0014,1,0.0811,8.1963,0.0512,1.2370,79.7686,0.0000,79.7686,1.1233,0.0000,0.0000,2046,1845,207310,13.34,745.6
1371,331.7665,87.9824,0.0630,0.0135,2.4115,0.0549,0.0090,104.3567,0.0014,1,0.0832,8.3993,0.0504,1.3005,94.9411,0.0000,94.9411,1.0981,0.0000,0.0000,2046,1845,207310,13.31,745.6
1372,331.8734,100.0000,0.0606,0.0176,3.1805,0.1676,0.0121,102.5983,0.0010,1,0.0857,8.5868,0.0497,1.8012,94.0308,0.0000,94.0308,1.0947,0.0000,0.0000,2046,1845,207310,13.31,745.6
1373,331.9795,100.0000,0.0598,0.0146,2.9219,0.0586,0.0100,105.1354,0.0010,1,0.1140,7.8612,0.0512,1.5341,96.8077,0.0000,96.8077,1.0965,0.0000,0.0000,2046,1845,207310,13.17,745.6
1374,332.0876,100.0000,0.0607,0.0142,2.4578,0.0671,0.0126,104.7087,0.0014,1,0.0849,7.7514,0.0495,1.7590,95.9707,0.0000,95.9707,1.1066,0.0000,0.0000,2046,1845,207310,13.13,745.6
1375,332.1950,100.0000,0.0676,0.0139,2.2251,0.0522,0.0084,104.3952,0.0010,1,0.0853,7.9412,0.0501,1.8308,94.6192,0.0000,94.6192,1.0901,0.0000,0.0000,2046,1845,207310,13.09,745.6
1376,332.3018,100.0000,0.0731,0.0164,2.2752,0.0509,0.0083,107.4958,0.0015,1,0.1301,8.2650,0.0529,1.2758,97.2047,0.0000,97.2047,1.0826,0.0000,0.0000,2046,1845,207310,13.04,745.6
1377,332.4117,100.0000,0.0746,0.0149,2.1562,0.0527,0.0087,103.4719,0.0008,1,0.1217,8.3200,0.0521,1.5299,95.6141,0.0000,95.6141,1.0924,0.0000,0.0000,2046,1845,207310,13.04,745.6
1378,332.6182,100.0000,0.0768,0.0116,1.3207,0.0300,0.0050,12.7421,0.0008,1,0.0852,7.5588,0.0512,1.4323,105.4497,0.0000,105.4497,1.0895,0.0000,0.0000,2046,1845,207310,12.91,745.6
1379,332.6324,14.1934,0.0490,0.0133,1.4077,0.0439,0.0072,99.2396,0.0008,1,0.0960,7.6619,0.0503,1.1970,88.6112,0.0000,88.6112,1.1115,0.0000,0.0000,2046,1845,207310,12.98,745.6
1380,332.7332,100.0000,0.0616,0.0157,2.3073,0.0539,0.0089,102.8636,0.0011,1,0.1298,8.0531,0.0525,1.8186,93.4903,0.0000,93.4903,1.0963,0.0000,0.0000,2046,1845,207310,12.94,745.6
1381,332.8385,100.0000,0.0678,0.0142,2.3507,0.0540,0.0086,105.2618,0.0011,1,0.0833,8.1044,0.0501,1.2801,96.6967,0.0000,96.6967,1.0892,0.0000,0.0000,2046,1845,207310,12.90,745.6
1382,332.9462,100.0000,0.0750,0.0224,2.2680,0.0522,0.0085,98.8574,0.0011,1,0.1284,8.1504,0.0524,1.9968,89.1384,0.0000,89.1384,1.0955,0.0000,0.0000,2046,1845,207310,12.86,745.6
1383,333.0475,100.0000,0.0627,0.0157,2.2161,0.0488,0.0087,105.4725,0.0009,1,0.1234,7.8412,0.0515,1.6434,96.4106,0.0000,96.4106,1.0945,0.0000,0.0000,2046,1845,207310,12.81,745.6
1384,333.1554,100.0000,0.0600,0.0149,2.5523,0.0526,0.0090,99.2254,0.0010,1,0.0902,8.1700,0.0501,1.4321,89.5603,0.0000,89.5603,1.0918,0.0000,0.0000,2046,1845,207310,12.77,745.6
1385,333.2573,100.0000,0.0722,0.0174,2.3162,0.0508,0.0087,103.8255,0.0012,1,0.0867,7.9212,0.0506,1.2691,95.2516,0.0000,95.2516,1.0952,0.0000,0.0000,2046,1845,207310,12.73,745.6
1386,333.3636,100.0000,0.0857,0.0163,3.5539,0.0552,0.0089,99.0041,0.0010,1,0.0926,8.3448,0.0499,1.1969,92.0497,0.0000,92.0497,1.0933,0.0000,0.0000,2046,1845,207310,12.69,745.6
1387,333.4663,100.0000,0.0808,0.0165,2.3672,0.0546,0.0097,102.8488,0.0009,1,0.1222,8.4145,0.0530,1.4815,93.5478,0.0000,93.5478,1.0900,0.0000,0.0000,2046,1845,207310,12.65,745.6
1388,333.5717,100.0000,0.0559,0.0172,2.3348,0.0496,0.0089,102.6500,0.0011,1,0.0950,8.3273,0.0512,1.6728,93.3364,0.0000,93.3364,1.0952,0.0000,0.0000,2046,1845,207310,12.61,745.6
1389,333.6768,100.0000,0.0740,0.0136,3.0702,0.0696,0.0123,102.5908,0.0007,1,0.0858,7.6916,0.0499,1.6719,94.5719,0.0000,94.5719,1.0881,0.0000,0.0000,2046,1845,207310,12.57,745.6
1390,333.7827,100.0000,0.0634,0.0142,2.2109,0.0503,0.0083,103.9590,0.0010,1,0.0938,8.0196,0.0495,1.6285,94.3108,0.0000,94.3108,1.0882,0.0000,0.0000,2046,1845,207310,12.57,745.6
1391,333.8890,100.0000,0.0835,0.0168,2.4654,0.0574,0.0105,88.5535,0.0014,1,0.0887,7.9079,0.0505,1.2157,80.3343,0.0000,80.3343,1.0890,0.0000,0.0000,2046,1845,207310,12.44,746.1
1392,333.9802,91.1969,0.0671,0.0171,2.7595,0.0653,0.0096,87.0859,0.0013,1,0.0885,9.2172,0.0501,1.3174,78.0108,0.0000,78.0108,1.0854,0.0000,0.0000,2046,1845,207310,12.41,746.1
1393,334.0702,90.0132,0.0652,0.0146,2.2772,0.0537,0.0100,87.4212,0.0012,1,0.0935,8.6337,0.0510,1.2695,78.3430,0.0000,78.3430,1.0896,0.0000,0.0000,2046,1845,207310,12.38,746.1
1394,334.1600,89.8546,0.1045,0.0225,2.4163,0.0826,0.0134,91.6254,0.0009,1,0.0966,10.0108,0.0496,1.5787,81.6899,0.0000,81.6899,1.0849,0.0000,0.0000,2046,1845,207310,12.36,746.1
1395,334.2543,94.2738,0.0679,0.0153,1.8812,0.0499,0.0096,89.8856,0.0011,1,0.0924,8.1126,0.0501,1.6037,79.7604,0.0000,79.7604,1.0865,0.0000,0.0000,2046,1845,207310,12.32,746.1
1396,334.3462,91.9199,0.0745,0.0199,2.2938,0.0792,0.0144,89.7150,0.0012,1,0.1093,10.4598,0.0513,1.5995,78.0931,0.0000,78.0931,1.0841,0.0000,0.0000,2046,1845,207310,12.29,746.1
1397,334.4384,92.2197,0.0786,0.0176,1.9715,0.0605,0.0105,92.7307,0.0013,1,0.1047,9.1692,0.0504,1.3785,82.5234,0.0000,82.5234,1.0808,0.0000,0.0000,2046,1845,207310,12.26,774.6
1398,334.5333,94.8794,0.0740,0.0174,3.3730,0.0847,0.0170,88.0643,0.0011,1,0.0940,9.3876,0.0514,1.8331,78.5336,0.0000,78.5336,1.0927,0.0000,0.0000,2046,1845,207310,12.23,774.6
1399,334.6250,91.6404,0.0499,0.0153,2.0431,0.0547,0.0105,180.4012,0.0010,1,0.0981,8.4357,0.0512,1.2595,78.9822,0.0000,78.9822,1.0843,0.0000,0.0000,2046,1845,207310,12.24,774.6
1400,334.8076,100.0000,0.9969,0.0182,1.4683,0.0479,0.0091,2.4947,0.0010,1,0.0815,8.7638,0.0512,1.3926,80.9169,0.0000,80.9169,1.0912,0.0000,0.0000,2046,1845,207310,12.13,774.6
1401,334.8126,5.0437,0.0668,0.0159,2.5082,0.0733,0.0140,88.0744,0.0021,1,0.0873,8.3899,0.0504,1.5833,80.0679,0.0000,80.0679,1.0853,0.0000,0.0000,2046,1845,207310,12.20,774.6
1402,334.9034,90.7659,0.2546,0.0147,2.6150,0.1174,0.0242,93.2072,0.0008,1,0.1130,12.6265,0.0512,2.6522,79.9523,0.0000,79.9523,1.0867,0.0000,0.0000,2046,1845,207310,12.17,774.6
1403,334.9996,96.2751,0.4708,0.0183,3.1717,0.0787,0.0125,90.8221,0.0014,1,0.0816,8.8028,0.0509,1.2638,82.7043,0.0000,82.7043,1.0855,0.0000,0.0000,2046,1845,207310,12.14,774.6
1404,335.0942,94.5954,0.4218,0.0169,2.7759,0.0767,0.0133,195.7125,0.0012,1,0.0963,9.1095,0.0507,1.9427,85.4419,0.0000,85.4419,1.0626,0.0000,0.0000,2046,1886,211958,12.15,803.4
1405,335.2933,100.0000,0.4103,0.0156,1.9010,0.0540,0.0094,2.9068,0.0014,1,0.0854,8.4706,0.0501,1.4726,88.9423,0.0000,88.9423,1.0459,0.0000,0.0000,2046,1971,221478,12.03,803.4
1406,335.2986,5.3188,0.0686,0.0183,2.8185,0.0727,0.0150,92.2143,0.0011,1,0.0877,8.8674,0.0518,1.4237,85.9388,0.0000,85.9388,1.0396,0.0000,0.0000,2046,1966,221142,12.11,803.4
1407,335.3938,95.2168,0.4591,0.0158,2.0869,0.0571,0.0110,89.0916,0.0011,1,0.0938,8.5073,0.0516,1.3066,79.8052,0.0000,79.8052,1.0563,0.0000,0.0000,2046,1869,210252,12.08,803.4
1408,335.4856,91.7434,0.3304,0.0159,2.5785,0.0705,0.0146,90.4426,0.0014,1,0.0851,8.5959,0.0500,1.3019,81.2120,0.0000,81.2120,1.0547,0.0000,0.0000,2046,1869,210252,12.05,803.4
1409,335.5790,93.4765,0.3673,0.0176,2.3858,0.0585,0.0114,169.7517,0.0009,1,0.0917,8.6789,0.0516,1.3408,77.1059,0.0000,77.1059,1.0421,0.0000,0.0000,2046,1769,198852,12.06,803.4
1410,335.7516,100.0000,0.3836,0.0146,2.1499,0.0720,0.0138,3.0884,0.0009,1,0.0847,7.1977,0.0511,1.6453,75.0274,0.0000,75.0274,1.0335,0.0000,0.0000,2046,1701,191208,11.95,803.4
1411,335.7574,5.7416,0.3622,0.0167,2.3867,0.0598,0.0095,79.8572,0.0012,1,0.0812,8.1999,0.0512,1.2103,73.6569,0.0000,73.6569,1.0319,0.0000,0.0000,2046,1665,187112,12.02,803.4
1412,335.8401,82.7018,0.0668,0.0110,2.0291,0.0604,0.0110,164.9541,0.0015,1,0.0952,7.6841,0.0512,1.3206,74.8471,0.0000,74.8471,1.0438,0.0000,0.0000,2046,1520,170908,12.01,810.9
1413,336.0072,100.0000,0.0839,0.0161,2.2955,0.0602,0.0103,4.1152,0.0010,1,0.0791,7.3610,0.0503,1.1692,71.9919,0.0000,71.9919,1.0314,0.0000,0.0000,2046,1520,170908,11.98,810.9
1414,336.0138,6.5907,0.0695,0.0168,2.2136,0.0607,0.0139,78.7521,0.0012,1,0.0792,7.4170,0.0508,1.2163,74.1939,0.0000,74.1939,1.0046,0.0000,0.0000,2046,1520,170908,12.07,810.9
1415,336.0950,81.1361,1.4552,0.0210,1.9524,0.0496,0.0074,77.1962,0.0010,1,0.0758,6.7561,0.0512,1.1561,71.9551,0.0000,71.9551,1.0243,0.0000,0.0000,2046,1520,170908,12.06,810.9
1416,336.1757,80.6907,0.3352,0.0171,2.0911,0.0491,0.0085,78.1812,0.0009,1,0.0843,6.5823,0.0512,1.0076,70.7277,0.0000,70.7277,1.0304,0.0000,0.0000,2046,1520,170908,12.04,810.9
1417,336.2563,80.7090,0.0620,0.0142,2.2921,0.0577,0.0103,76.8422,0.0011,1,0.0799,6.5986,0.0504,1.0936,70.3620,0.0000,70.3620,1.0315,0.0000,0.0000,2046,1520,170908,12.03,810.9
1418,336.3356,79.2871,0.0732,0.0151,2.1674,0.0526,0.0100,81.8502,0.0011,1,0.0836,6.9011,0.0493,1.0772,74.1276,0.0000,74.1276,1.0381,0.0000,0.0000,2046,1520,170908,12.01,810.9
1419,336.4198,84.1784,0.0810,0.0167,2.8646,0.0598,0.0104,156.5931,0.0012,1,0.0873,6.8232,0.0507,0.9920,70.1890,0.0000,70.1890,1.0316,0.0000,0.0000,2046,1520,170908,11.98,805.3
1420,336.5795,100.0000,0.0557,0.0155,2.4468,0.0704,0.0144,3.3746,0.0012,1,0.0739,6.3128,0.0508,1.0836,70.4755,0.0000,70.4755,1.0468,0.0000,0.0000,2046,1520,170908,11.98,805.3
1421,336.5854,5.9865,0.0525,0.0142,2.1334,0.0550,0.0069,72.8246,0.0012,1,0.0873,7.0924,0.0492,1.1919,68.8442,0.0000,68.8442,1.1948,0.0000,0.0000,2046,1520,170908,11.99,805.3
1422,336.6606,75.0960,0.0503,0.0150,1.9123,0.0461,0.0085,156.1622,0.0014,1,0.0785,6.4162,0.0512,0.9852,69.6803,0.0000,69.6803,1.0453,0.0000,0.0000,2046,1520,170908,11.97,805.3
1423,336.8188,100.0000,0.0522,0.0133,2.1355,0.0869,0.0137,3.1623,0.0011,1,0.0799,6.1359,0.0498,1.0258,70.2199,0.0000,70.2199,1.0466,0.0000,0.0000,2046,1520,170908,11.93,805.3
1424,336.8242,5.4718,0.0593,0.0153,1.8701,0.0821,0.0111,75.7161,0.0018,1,0.0777,7.1584,0.0499,1.2657,69.8407,0.0000,69.8407,1.0441,0.0000,0.0000,2046,1520,170908,12.00,805.3
1425,336.9020,77.7636,0.0710,0.0176,2.2943,0.0778,0.0122,78.8236,0.0012,1,0.0746,6.8137,0.0500,1.0402,71.4674,0.0000,71.4674,1.0402,0.0000,0.0000,2046,1520,170908,12.02,805.3
1426,336.9833,81.3052,0.0688,0.0162,1.8882,0.0483,0.0095,77.8341,0.0009,1,0.0892,6.9075,0.0525,1.1329,70.9150,0.0000,70.9150,1.0459,0.0000,0.0000,2046,1520,170908,11.93,805.3
1427,337.0632,79.8750,0.0794,0.0171,3.0704,0.1051,0.0177,158.1123,0.0013,1,0.0817,7.2209,0.0512,1.0517,69.3500,0.0000,69.3500,1.0449,0.0000,0.0000,2046,1520,170908,11.93,804.6
1428,337.2246,100.0000,0.0790,0.0148,2.5894,0.0600,0.0109,2.8476,0.0010,1,0.0732,6.2307,0.0505,1.2191,72.6485,0.0000,72.6485,1.0446,0.0000,0.0000,2046,1520,170908,11.91,804.6
1429,337.2302,5.6104,0.0686,0.0164,2.0304,0.0521,0.0106,74.3342,0.0012,1,0.0767,7.4867,0.0494,1.1041,69.1616,0.0000,69.1616,1.0449,0.0000,0.0000,2046,1520,170908,11.99,804.6
1430,337.3067,76.5219,0.0785,0.0202,3.1709,0.0738,0.0127,156.6091,0.0012,1,0.0793,7.1821,0.0492,1.2410,70.4898,0.0000,70.4898,1.0428,0.0000,0.0000,2046,1520,170908,12.00,804.6
1431,337.4667,100.0000,0.0635,0.0166,2.8092,0.0584,0.0088,2.8277,0.0014,1,0.0826,6.5044,0.0495,1.2389,69.2995,0.0000,69.2995,1.0420,0.0000,0.0000,2046,1520,170908,11.99,804.6
1432,337.4725,5.7939,0.0686,0.0160,2.2927,0.0439,0.0094,73.9240,0.0010,1,0.0796,6.5748,0.0507,1.1339,69.9499,0.0000,69.9499,1.0406,0.0000,0.0000,2046,1520,170908,12.10,804.6
1433,337.5488,76.3633,0.0725,0.0162,2.1616,0.0586,0.0113,76.2340,0.0011,1,0.0798,6.5109,0.0512,1.0035,68.5032,0.0000,68.5032,1.0385,0.0000,0.0000,2046,1520,170908,12.13,804.6
1434,337.6274,78.5637,0.0608,0.0151,2.6521,0.0475,0.0087,73.6062,0.0009,1,0.0812,7.1397,0.0502,1.0917,67.3712,0.0000,67.3712,1.0357,0.0000,0.0000,2046,1520,170908,12.16,804.6
1435,337.7038,76.3994,0.0656,0.0144,1.7654,0.0505,0.0105,156.1891,0.0015,1,0.0788,6.5131,0.0497,1.0076,71.7772,0.0000,71.7772,1.0395,0.0000,0.0000,2046,1520,170908,12.18,802.2
1436,337.8619,100.0000,0.0623,0.0168,2.5054,0.0680,0.0109,3.3964,0.0012,1,0.0748,6.0551,0.0514,1.0054,68.8998,0.0000,68.8998,1.0353,0.0000,0.0000,2046,1520,170908,12.18,802.2
1437,337.8680,6.0692,0.0658,0.0163,2.7217,0.0491,0.0115,71.1568,0.0013,1,0.0804,7.0818,0.0494,1.0117,67.6266,0.0000,67.6266,1.0367,0.0000,0.0000,2046,1520,170908,12.30,802.2
1438,337.9420,74.0307,0.0628,0.0150,2.3758,0.0632,0.0107,157.3618,0.0014,1,0.0798,6.4953,0.0494,1.1325,69.1585,0.0000,69.1585,1.0409,0.0000,0.0000,2046,1520,170908,12.33,802.2
1439,338.1019,100.0000,0.0749,0.0181,3.6263,0.0668,0.0113,4.3311,0.0010,1,0.0925,6.7979,0.0504,1.9338,69.3051,0.0000,69.3051,1.0398,0.0000,0.0000,2046,1520,170908,12.26,802.2
1440,338.1100,8.1351,0.0626,0.0133,3.5318,0.0778,0.0138,67.9115,0.0015,1,0.0740,6.2692,0.0502,0.9952,68.0679,0.0000,68.0679,1.0374,0.0000,0.0000,2046,1520,170908,12.37,802.2
1441,338.1817,71.6191,0.0672,0.0158,2.3473,0.0509,0.0085,75.2059,0.0012,1,0.0776,6.2713,0.0492,0.9990,68.6367,0.0000,68.6367,1.0387,0.0000,0.0000,2046,1520,170908,12.41,802.2
1442,338.2594,77.7049,0.0792,0.0197,2.5638,0.0692,0.0127,78.4207,0.0008,1,0.0778,6.4822,0.0512,1.1304,72.3896,0.0000,72.3896,1.0337,0.0000,0.0000,2046,1520,170908,12.44,802.2
1443,338.4190,100.0000,0.0560,0.0115,1.6631,0.0432,0.0085,22.4274,0.0012,1,0.0789,6.5718,0.0509,1.2471,92.9073,0.0000,92.9073,1.0403,0.0000,0.0000,2046,1520,170908,12.44,797.1
1444,338.4432,24.2185,0.0619,0.0156,2.4962,0.0787,0.0141,74.0732,0.0010,1,0.0781,6.7118,0.0512,1.4234,67.4113,0.0000,67.4113,1.0331,0.0000,0.0000,2046,1520,170908,12.54,797.1
1445,338.5200,76.7492,0.0614,0.0146,1.7752,0.0516,0.0094,80.5026,0.0048,1,0.0753,6.5743,0.0507,1.0257,70.0430,0.0000,70.0430,1.0370,0.0000,0.0000,2046,1520,170908,12.45,797.1
1446,338.6024,82.4283,0.0641,0.0175,2.5938,0.0631,0.0109,73.4725,0.0011,1,0.0912,6.9239,0.0503,1.0532,68.1531,0.0000,68.1531,1.0381,0.0000,0.0000,2046,1520,170908,12.47,797.1
1447,338.6786,76.2323,0.0704,0.0167,2.9634,0.0540,0.0111,73.6132,0.0013,1,0.0859,6.5213,0.0511,1.0340,68.0457,0.0000,68.0457,1.0337,0.0000,0.0000,2046,1520,170908,12.50,797.1
1448,338.7554,76.7369,0.0654,0.0162,2.0493,0.0585,0.0109,74.9378,0.0010,1,0.0814,6.5556,0.0501,1.0628,68.0568,0.0000,68.0568,1.0327,0.0000,0.0000,2046,1520,170908,12.53,797.1
1449,338.8325,77.1478,0.0650,0.0157,1.8945,0.0503,0.0091,77.4808,0.0014,1,0.0862,6.7595,0.0515,1.0421,69.3093,0.0000,69.3093,1.0334,0.0000,0.0000,2046,1520,170908,12.56,797.1
1450,338.9120,79.5241,0.0741,0.0167,2.7962,0.0775,0.0147,74.7885,0.0010,1,0.0847,6.8130,0.0513,1.0570,69.0254,0.0000,69.0254,1.0324,0.0000,0.0000,2046,1520,170908,12.59,797.1
1451,338.9898,77.7765,0.0684,0.0146,2.0089,0.0510,0.0091,74.4760,0.0009,1,0.0764,6.4063,0.0492,0.9910,66.6102,0.0000,66.6102,1.0375,0.0000,0.0000,2046,1520,170908,12.62,814.7
1452,339.0665,76.6369,0.0937,0.0158,2.2963,0.0491,0.0085,75.3622,0.0011,1,0.0733,6.4246,0.0505,0.9886,68.8224,0.0000,68.8224,1.0357,0.0000,0.0000,2046,1520,170908,12.65,814.7
1453,339.1443,77.8357,0.0661,0.0152,2.8735,0.0578,0.0098,74.1099,0.0013,1,0.0757,6.4470,0.0495,1.1018,67.7678,0.0000,67.7678,1.0351,0.0000,0.0000,2046,1520,170908,12.68,814.7
1454,339.2214,77.1415,0.0610,0.0142,2.0089,0.0733,0.0117,77.0411,0.0023,1,0.0852,7.5332,0.0497,1.2040,68.4654,0.0000,68.4654,1.0316,0.0000,0.0000,2046,1520,170908,12.71,814.7
1455,339.3007,79.2219,0.0910,0.0174,3.1983,0.0640,0.0112,152.3349,0.0012,1,0.0804,6.6277,0.0500,1.0037,67.8732,0.0000,67.8732,1.0399,0.0000,0.0000,2046,1520,170908,12.74,814.7
1456,339.4564,100.0000,0.0641,0.0153,2.0660,0.0608,0.0101,2.8178,0.0018,1,0.0738,6.3361,0.0512,1.0324,70.0636,0.0000,70.0636,1.0363,0.0000,0.0000,2046,1520,170908,12.74,814.7
1457,339.4615,5.0636,0.0610,0.0147,1.9412,0.0377,0.0097,74.1439,0.0012,1,0.0836,7.1331,0.0512,1.0381,68.2437,0.0000,68.2437,1.0506,0.0000,0.0000,2046,1520,170908,12.87,814.7
1458,339.5377,76.2163,0.0660,0.0144,1.7229,0.0466,0.0083,75.8450,0.0014,1,0.0751,6.5500,0.0506,1.0901,68.1684,0.0000,68.1684,1.0335,0.0000,0.0000,2046,1520,170908,12.90,814.7
1459,339.6154,77.7128,0.0738,0.0167,3.7056,0.0661,0.0122,74.4808,0.0012,1,0.0757,6.4668,0.0511,1.0039,69.1255,0.0000,69.1255,1.0385,0.0000,0.0000,2046,1520,170908,12.93,840.9
1460,339.6938,78.3645,0.0611,0.0171,2.0839,0.0495,0.0087,80.9186,0.0012,1,0.0762,6.7506,0.0514,1.0140,72.7055,0.0000,72.7055,1.0347,0.0000,0.0000,2046,1520,170908,12.96,840.9
1461,339.7769,83.1516,0.0820,0.0202,2.9286,0.1004,0.0162,87.1343,0.0017,1,0.1155,11.0406,0.0494,2.5047,73.0844,0.0000,73.0844,1.0381,0.0000,0.0000,2046,1520,170908,12.98,840.9
1462,339.8672,90.2943,0.0896,0.0228,2.6983,0.0932,0.0294,171.0387,0.0011,1,0.1396,11.7276,0.0500,1.7224,80.0971,0.0000,80.0971,1.0344,0.0000,0.0000,2046,1520,170908,13.00,840.9
1463,340.0412,100.0000,0.9470,0.0167,3.1370,0.0853,0.0148,3.9512,0.0020,1,0.0895,7.0522,0.0500,1.3681,71.8465,0.0000,71.8465,1.0419,0.0000,0.0000,2046,1520,170908,13.00,840.9
1464,340.0493,8.1616,0.5179,0.0141,2.2078,0.0639,0.0099,77.6103,0.0015,1,0.0880,8.2689,0.0510,1.7294,73.5947,0.0000,73.5947,1.0361,0.0000,0.0000,2046,1520,170908,13.13,840.9
1465,340.1298,80.4335,0.5968,0.0171,2.1285,0.0802,0.0159,81.1718,0.0014,1,0.0924,7.5616,0.0499,1.3373,73.0927,0.0000,73.0927,1.0388,0.0000,0.0000,2046,1520,170908,13.16,840.9
1466,340.2138,84.0195,0.5325,0.0181,2.6578,0.0750,0.0132,78.4521,0.0009,1,0.0835,6.8805,0.0512,1.2828,71.5463,0.0000,71.5463,1.0424,0.0000,0.0000,2046,1520,170908,13.05,867.3
1467,340.2956,81.7606,0.5896,0.0170,2.9272,0.0710,0.0122,162.9264,0.0012,1,0.0966,7.0964,0.0505,1.5380,73.0091,0.0000,73.0091,1.0363,0.0000,0.0000,2046,1520,170908,13.07,867.3
1468,340.4621,100.0000,0.5389,0.0179,3.4980,0.1097,0.0186,4.6031,0.0015,1,0.0836,6.8403,0.0512,1.2466,73.0117,0.0000,73.0117,1.0561,0.0000,0.0000,2046,1520,170908,13.07,867.3
1469,340.4709,8.7949,0.5735,0.0148,3.3034,0.0655,0.0117,73.1244,0.0009,1,0.1447,7.7840,0.0492,1.3057,71.6036,0.0000,71.6036,1.0354,0.0000,0.0000,2046,1520,170908,13.07,867.3
1470,340.5480,77.1018,0.5924,0.0180,2.6238,0.0637,0.0126,80.9090,0.0011,1,0.0897,7.0021,0.0499,1.2627,74.1942,0.0000,74.1942,1.0309,0.0000,0.0000,2046,1520,170908,13.10,867.3
1471,340.6322,84.2286,0.6022,0.0178,2.0256,0.0748,0.0126,79.8902,0.0013,1,0.0862,7.4053,0.0507,1.4193,71.8443,0.0000,71.8443,1.0358,0.0000,0.0000,2046,1520,170908,13.12,867.3
1472,340.7149,82.6327,0.0792,0.0178,2.1767,0.0667,0.0117,166.1629,0.0012,1,0.0842,7.6838,0.0507,1.3988,74.8704,0.0000,74.8704,1.0447,0.0000,0.0000,2046,1520,170908,13.01,867.3
1473,340.8834,100.0000,0.0751,0.0164,2.3813,0.0712,0.0114,3.6622,0.0010,1,0.0878,8.2623,0.0514,1.6693,72.1379,0.0000,72.1379,1.0386,0.0000,0.0000,2046,1520,170908,13.01,867.3
1474,340.8896,6.2272,0.0654,0.0162,2.6664,0.0670,0.0134,78.1643,0.0012,1,0.0830,7.7255,0.0506,1.4807,72.5603,0.0000,72.5603,1.0366,0.0000,0.0000,2046,1520,170908,13.15,867.3
1475,340.9706,81.0121,1.2364,0.0157,1.9123,0.0611,0.0108,160.9637,0.0016,1,0.0884,7.4295,0.0512,1.4948,72.6520,0.0000,72.6520,1.0350,0.0000,0.0000,2046,1520,170908,13.04,867.3
1476,341.1348,100.0000,0.3361,0.0178,2.8994,0.0842,0.0157,5.6293,0.0009,1,0.0998,6.6421,0.0502,1.7347,70.7788,0.0000,70.7788,1.0344,0.0000,0.0000,2046,1520,170908,13.04,867.3
1477,341.1438,8.9982,0.2065,0.0141,2.6005,0.0640,0.0107,63.5556,0.0010,1,0.1009,5.9576,0.0491,1.2286,62.2448,0.0000,62.2448,0.9055,0.0000,0.0000,2046,1088,122488,13.15,867.3
1478,341.2103,66.4704,0.4485,0.0196,3.2920,0.0559,0.0090,140.7702,0.0012,1,0.0841,5.6556,0.0484,1.1054,63.1141,0.0000,63.1141,0.9081,0.0000,0.0000,2046,1189,133976,13.19,867.3
1479,341.3549,100.0000,0.3959,0.0157,2.9223,0.0696,0.0136,4.7542,0.0019,1,0.1030,6.1040,0.0492,1.3179,64.9206,0.0000,64.9206,0.9092,0.0000,0.0000,2046,1194,134488,13.19,867.3
1480,341.3631,8.1959,0.4227,0.0179,2.2990,0.0610,0.0122,69.2701,0.0014,1,0.0757,6.8915,0.0481,1.7080,66.7767,0.0000,66.7767,0.9199,0.0000,0.0000,2046,1331,149804,13.18,867.3
1481,341.4352,72.1018,0.4341,0.0181,2.6439,0.0687,0.0120,87.7789,0.0013,1,0.0894,9.2060,0.0475,1.8174,77.6223,0.0000,77.6223,0.9593,0.0000,0.0000,2046,1816,204332,13.20,867.3
1482,341.5262,90.9777,0.8894,0.0192,2.1066,0.0700,0.0132,90.2772,0.0013,1,0.0946,9.4990,0.0512,1.6667,79.8406,0.0000,79.8406,0.9738,0.0000,0.0000,2046,1841,207148,13.20,867.3
1483,341.6196,93.3965,0.5103,0.0213,2.4789,0.0761,0.0143,93.1860,0.0010,1,0.1207,11.8948,0.0503,2.1750,81.2153,0.0000,81.2153,0.9540,0.0000,0.0000,2046,1951,219484,13.19,867.3
1484,341.7159,96.3066,0.4267,0.0155,2.8025,0.0677,0.0113,93.6553,0.0015,1,0.0996,10.0433,0.0503,2.3049,83.2527,0.0000,83.2527,0.9631,0.0000,0.0000,2046,1939,217870,13.20,867.3
1485,341.8129,96.9995,0.7049,0.0203,1.9016,0.0675,0.0185,96.2270,0.0009,1,0.1042,9.7083,0.0493,1.8655,85.0185,0.0000,85.0185,0.9854,0.0000,0.0000,2046,1858,208798,13.07,867.3
1486,341.9119,98.9546,0.7398,0.0173,2.3475,0.0628,0.0119,80.4059,0.0009,1,0.0954,7.8744,0.0493,1.2380,73.4995,0.0000,73.4995,1.0090,0.0000,0.0000,2046,1425,159960,13.05,867.3
1487,341.9955,83.6023,0.4160,0.0169,2.1152,0.0568,0.0098,79.4269,0.0013,1,0.0930,5.5430,0.0492,1.1288,71.7071,0.0000,71.7071,1.0010,0.0000,0.0000,2046,1074,120208,13.05,867.3
1488,342.0775,82.0647,0.6263,0.0184,3.5190,0.0738,0.0159,71.5023,0.0015,1,0.0770,5.5194,0.0487,0.9117,69.2162,0.0000,69.2162,1.0014,0.0000,0.0000,2046,945,105700,13.07,869.0
1489,342.1533,75.7789,0.4573,0.0183,3.3473,0.0591,0.0109,69.2071,0.0010,1,0.0859,4.7630,0.0495,1.0180,64.9960,0.0000,64.9960,0.9970,0.0000,0.0000,2046,916,102616,13.10,869.0
1490,342.2264,73.1097,0.1667,0.0169,2.5384,0.0687,0.0106,70.1888,0.0010,1,0.0910,4.6680,0.0484,1.0266,65.7591,0.0000,65.7591,0.9914,0.0000,0.0000,2046,895,100184,13.00,869.0
1491,342.2994,72.9991,0.0754,0.0161,2.1815,0.0520,0.0091,71.4088,0.0011,1,0.1001,4.7805,0.0492,1.0813,65.9942,0.0000,65.9942,0.9979,0.0000,0.0000,2046,895,100184,13.03,869.0
1492,342.3732,73.7519,0.0727,0.0167,2.7010,0.0595,0.0121,76.5050,0.0018,1,0.0976,5.3416,0.0479,0.8361,70.0226,0.0000,70.0226,0.9588,0.0000,0.0000,2046,895,100184,13.06,869.0
1493,342.4525,79.3786,0.0886,0.0180,2.6132,0.0574,0.0106,72.8772,0.0009,1,0.0934,5.0196,0.0475,1.2790,65.5352,0.0000,65.5352,0.9705,0.0000,0.0000,2046,895,100184,13.09,869.0
1494,342.5282,75.6727,0.0552,0.0107,1.8507,0.0488,0.0092,69.9852,0.0019,1,0.0895,5.6755,0.0474,1.0061,65.8638,0.0000,65.8638,0.9850,0.0000,0.0000,2046,895,100184,13.13,869.0
1495,342.6002,71.9724,0.0833,0.0139,2.8925,0.0443,0.0081,66.3058,0.0014,1,0.1119,5.1113,0.0473,1.3411,61.5144,0.0000,61.5144,0.9765,0.0000,0.0000,2046,895,100184,13.17,875.7
1496,342.6696,69.3803,0.0572,0.0162,2.5438,0.0477,0.0070,68.0318,0.0009,1,0.0773,4.0789,0.0488,0.8929,65.5739,0.0000,65.5739,0.9818,0.0000,0.0000,2046,895,100184,13.21,875.7
1497,342.7403,70.7129,0.0687,0.0153,2.1997,0.0722,0.0129,69.6045,0.0018,1,0.0966,4.7780,0.0478,1.1938,62.1387,0.0000,62.1387,0.9870,0.0000,0.0000,2046,895,100184,13.25,875.7
1498,342.8123,71.9863,0.0848,0.0225,2.1944,0.0370,0.0070,64.2573,0.0015,1,0.0999,6.1307,0.0485,1.2830,59.4136,0.0000,59.4136,0.9916,0.0000,0.0000,2046,895,100184,13.30,875.7
1499,342.8789,66.6124,0.0619,0.0149,2.5555,0.0465,0.0081,66.4469,0.0009,1,0.0737,3.8042,0.0485,0.7908,62.8140,0.0000,62.8140,0.9931,0.0000,0.0000,2046,895,100184,13.22,875.7
1500,342.9480,69.1424,0.0715,0.0159,2.4950,0.0459,0.0075,71.1939,0.0015,1,0.0883,4.0223,0.0475,0.8609,64.8094,0.0000,64.8094,0.9902,0.0000,0.0000,2046,895,100184,13.26,875.7
1501,343.0219,73.8431,0.0599,0.0168,3.5292,0.0953,0.0148,63.8916,0.0017,1,0.0924,4.5541,0.0473,1.0588,60.0474,0.0000,60.0474,1.0035,0.0000,0.0000,2046,895,100184,13.30,875.7
1502,343.0895,67.6170,0.0623,0.0160,3.4949,0.0782,0.0122,63.1058,0.0011,1,0.0931,4.1147,0.0476,1.1057,61.5507,0.0000,61.5507,0.9989,0.0000,0.0000,2046,895,100184,13.35,875.7
1503,343.1562,66.7775,0.0559,0.0143,2.4508,0.0416,0.0071,129.9887,0.0014,1,0.0749,3.7866,0.0489,0.8766,59.3830,0.0000,59.3830,0.9988,0.0000,0.0000,2046,895,100184,13.40,877.7
1504,343.2888,100.0000,0.0842,0.0121,2.1335,0.0618,0.0119,3.0779,0.0008,1,0.0742,3.7205,0.0483,0.7724,61.9018,0.0000,61.9018,0.9950,0.0000,0.0000,2046,895,100184,13.40,877.7
1505,343.2942,5.3888,0.0544,0.0131,2.0961,0.0545,0.0116,63.4596,0.0009,1,0.0747,4.1261,0.0477,0.8439,59.0685,0.0000,59.0685,0.9963,0.0000,0.0000,2046,895,100184,13.54,877.7
1506,343.3599,65.6965,0.0624,0.0138,3.1462,0.0529,0.0081,61.6290,0.0014,1,0.0742,4.0018,0.0477,1.0793,59.4416,0.0000,59.4416,0.9970,0.0000,0.0000,2046,895,100184,13.60,877.7
1507,343.4248,64.9233,0.0646,0.0165,2.8128,0.0551,0.0086,65.4597,0.0012,1,0.1068,4.2685,0.0476,1.0037,59.8276,0.0000,59.8276,1.0001,0.0000,0.0000,2046,895,100184,13.65,877.7
1508,343.4933,68.4256,0.0564,0.0133,2.4904,0.0467,0.0080,130.8735,0.0010,1,0.0756,3.9706,0.0492,0.9321,63.2807,0.0000,63.2807,0.9958,0.0000,0.0000,2046,895,100184,13.70,877.7
1509,343.6268,100.0000,0.0809,0.0163,2.3240,0.0773,0.0143,3.8834,0.0010,1,0.0894,4.0247,0.0484,0.9748,59.9547,0.0000,59.9547,0.9951,0.0000,0.0000,2046,895,100184,13.70,877.7
1510,343.6331,6.4034,0.0613,0.0129,2.7683,0.0512,0.0078,59.7488,0.0012,1,0.0706,4.0559,0.0471,0.7482,58.0874,0.0000,58.0874,0.9912,0.0000,0.0000,2046,895,100184,13.85,877.7
1511,343.6958,62.6601,0.0823,0.0167,3.4866,0.0722,0.0094,64.7402,0.0011,1,0.1076,4.9031,0.0476,1.0871,59.8271,0.0000,59.8271,0.9864,0.0000,0.0000,2046,895,100184,13.91,877.7
1512,343.7642,68.4157,0.0676,0.0147,3.2610,0.0695,0.0097,64.4517,0.0008,1,0.0736,3.8419,0.0476,0.8602,62.1568,0.0000,62.1568,0.9866,0.0000,0.0000,2046,895,100184,13.94,879.2
1513,343.9150,100.0000,0.1306,0.0170,4.1642,0.0608,0.0106,3.9644,0.0009,1,0.0701,3.6109,0.0488,0.8706,83.6620,0.0000,83.6620,1.2215,0.0000,0.0000,2046,895,100184,13.93,879.2
1514,343.9234,8.3557,0.0661,0.0136,2.6953,0.0483,0.0082,78.8751,0.0009,1,0.0723,3.6661,0.0490,0.8909,59.4345,0.0000,59.4345,1.0096,0.0000,0.0000,2046,895,100184,14.06,879.2
1515,344.0051,81.7146,0.4133,0.0128,2.6330,0.0452,0.0077,112.3311,0.0010,1,0.0703,3.6804,0.0486,0.6388,58.2026,0.0000,58.2026,0.9843,0.0000,0.0000,2046,895,100184,14.08,879.2
1516,344.1206,100.0000,0.4111,0.0164,2.3660,0.0652,0.0120,3.2247,0.0013,1,0.0811,5.2770,0.0481,0.8711,60.8950,0.0000,60.8950,1.0078,0.0000,0.0000,2046,895,100184,14.07,879.2
1517,344.1267,6.1145,0.3855,0.0131,1.7590,0.0497,0.0081,71.3533,0.0011,1,0.0719,5.0194,0.0476,1.0959,67.5199,0.0000,67.5199,1.0205,0.0000,0.0000,2046,1074,120208,14.21,879.2
1518,344.2003,73.5899,0.4206,0.0152,2.6182,0.0495,0.0082,75.0569,0.0011,1,0.0842,6.2225,0.0478,1.0507,70.2747,0.0000,70.2747,1.0340,0.0000,0.0000,2046,1352,151592,14.25,879.2
1519,344.2785,78.1911,0.4024,0.0159,1.7238,0.0530,0.0092,80.0076,0.0013,1,0.0789,5.9973,0.0494,0.9857,73.8023,0.0000,73.8023,1.0371,0.0000,0.0000,2046,1368,153320,14.27,879.2
1520,344.3607,82.2304,0.4288,0.0173,1.8018,0.0544,0.0109,80.7087,0.0010,1,0.0842,6.5749,0.0494,1.2462,73.6217,0.0000,73.6217,1.0345,0.0000,0.0000,2046,1503,168516,14.30,887.0
1521,344.4438,83.0394,0.3801,0.0151,1.6391,0.0496,0.0085,84.5947,0.0012,1,0.0863,7.2296,0.0495,1.1121,75.8756,0.0000,75.8756,1.0350,0.0000,0.0000,2046,1664,186702,14.17,887.0
1522,344.5305,86.7103,0.3886,0.0164,2.8290,0.0594,0.0104,175.2149,0.0009,1,0.0904,8.1784,0.0504,1.2833,80.1208,0.0000,80.1208,1.0190,0.0000,0.0000,2046,1771,198894,14.18,887.0
1523,344.7090,100.0000,1.4476,0.0233,2.4128,0.0607,0.0108,3.5875,0.0012,1,0.0943,7.9867,0.0503,1.2389,77.6312,0.0000,77.6312,1.0141,0.0000,0.0000,2046,1779,199790,14.17,887.0
1524,344.7166,7.5515,0.0597,0.0213,2.7449,0.0594,0.0077,81.7859,0.0011,1,0.0939,8.3952,0.0500,1.6302,77.2154,0.0000,77.2154,1.0203,0.0000,0.0000,2046,1779,199790,14.32,887.0
1525,344.8012,84.6873,0.3306,0.0162,1.9207,0.0521,0.0087,87.6059,0.0019,1,0.0876,7.5851,0.0492,1.1692,78.0827,0.0000,78.0827,1.0034,0.0000,0.0000,2046,1779,199790,14.34,887.0
1526,344.8912,89.9469,0.0815,0.0173,3.9713,0.0821,0.0127,84.5468,0.0014,1,0.0912,8.1638,0.0497,1.4831,77.6826,0.0000,77.6826,1.0211,0.0000,0.0000,2046,1779,199790,14.20,887.0
1527,344.9799,88.7225,0.0816,0.0163,2.4733,0.0720,0.0116,173.9266,0.0012,1,0.0909,7.9497,0.0494,1.3271,76.5853,0.0000,76.5853,1.0335,0.0000,0.0000,2046,1779,199790,14.21,888.2
1528,345.1565,100.0000,0.0767,0.0231,2.2878,0.0646,0.0124,3.4070,0.0012,1,0.0861,7.1825,0.0512,1.1694,78.2049,0.0000,78.2049,1.0403,0.0000,0.0000,2046,1779,199790,14.20,888.2
1529,345.1624,5.8820,0.0757,0.0170,2.2678,0.0680,0.0120,85.3392,0.0012,1,0.0878,9.2126,0.0508,1.2690,78.2492,0.0000,78.2492,1.0438,0.0000,0.0000,2046,1779,199790,14.34,888.2
1530,345.2502,87.7906,0.6736,0.0231,3.1100,0.0774,0.0137,86.0609,0.0014,1,0.1254,9.5085,0.0496,1.5590,77.0591,0.0000,77.0591,1.0435,0.0000,0.0000,2046,1779,199790,14.37,888.2
1531,345.3401,89.9678,0.5484,0.0157,2.7292,0.0554,0.0090,84.4941,0.0007,1,0.0906,8.4000,0.0496,1.2420,77.1115,0.0000,77.1115,1.0537,0.0000,0.0000,2046,1779,199790,14.22,888.2
1532,345.4280,87.8598,0.5032,0.0150,1.6123,0.0560,0.0162,84.9536,0.0008,1,0.0856,7.7407,0.0497,1.4629,76.0875,0.0000,76.0875,1.0604,0.0000,0.0000,2046,1779,199790,14.21,888.2
1533,345.5152,87.1645,0.0670,0.0142,1.8970,0.0653,0.0212,86.3457,0.0014,1,0.0855,7.8185,0.0497,1.2407,74.1194,0.0000,74.1194,1.0508,0.0000,0.0000,2046,1779,199790,14.23,888.2
1534,345.6036,88.4216,0.1002,0.0195,5.5189,0.0669,0.0105,79.8732,0.0012,1,0.0841,7.3732,0.0512,1.2941,74.8589,0.0000,74.8589,1.0548,0.0000,0.0000,2046,1779,199790,14.10,888.2
1535,345.6892,85.6005,0.4568,0.0190,4.0298,0.0721,0.0118,83.5354,0.0015,1,0.0948,8.1180,0.0506,1.7203,77.0446,0.0000,77.0446,1.0600,0.0000,0.0000,2046,1779,199790,14.09,888.2
1536,345.7773,88.1635,0.6401,0.0186,3.3421,0.0786,0.0136,79.9811,0.0013,1,0.0845,8.3322,0.0495,1.3297,74.2143,0.0000,74.2143,1.0640,0.0000,0.0000,2046,1779,199790,14.08,888.2
1537,345.8614,84.0834,0.6348,0.0183,2.0069,0.0601,0.0107,85.5871,0.0020,1,0.0984,8.3348,0.0498,1.3465,76.4661,0.0000,76.4661,1.0626,0.0000,0.0000,2046,1779,199790,14.07,888.2
1538,345.9498,88.3290,0.5947,0.0196,2.8092,0.0855,0.0199,172.5243,0.0015,1,0.1128,10.2395,0.0492,1.6159,77.2879,0.0000,77.2879,1.0543,0.0000,0.0000,2046,1779,199790,14.06,888.2
1539,346.1258,100.0000,0.9046,0.0190,3.2942,0.0761,0.0142,4.8500,0.0012,1,0.0834,7.4646,0.0505,1.2331,74.3299,0.0000,74.3299,1.0551,0.0000,0.0000,2046,1779,199790,14.03,888.2
1540,346.1350,9.1675,0.7534,0.0148,3.1797,0.0605,0.0415,76.5496,0.0011,1,0.0945,8.1474,0.0498,1.4909,74.8676,0.0000,74.8676,1.0654,0.0000,0.0000,2046,1779,199790,14.18,888.2
1541,346.2156,80.6092,0.6226,0.0190,2.4032,0.0629,0.0138,87.7391,0.0013,1,0.0880,8.1369,0.0496,1.3210,79.6123,0.0000,79.6123,1.0499,0.0000,0.0000,2046,1779,199790,14.06,889.0
1542,346.3065,90.8698,0.5584,0.0169,2.0939,0.0724,0.0128,84.7420,0.0012,1,0.0937,8.1794,0.0507,1.3292,73.8121,0.0000,73.8121,1.0564,0.0000,0.0000,2046,1779,199790,14.03,889.0
1543,346.3940,87.5103,0.7211,0.0188,2.7747,0.0929,0.0152,81.4565,0.0014,1,0.0907,8.8125,0.0511,1.5032,74.3218,0.0000,74.3218,1.0569,0.0000,0.0000,2046,1779,199790,14.05,889.0
1544,346.4791,85.0896,0.5975,0.0176,2.5814,0.0634,0.0111,82.7880,0.0011,1,0.0862,8.4089,0.0492,1.2534,76.5171,0.0000,76.5171,1.0468,0.0000,0.0000,2046,1779,199790,13.92,889.0
1545,346.5651,86.0679,0.8268,0.0157,2.8333,0.0584,0.0098,163.1922,0.0011,1,0.0909,7.4949,0.0497,1.1636,73.5728,0.0000,73.5728,1.0448,0.0000,0.0000,2046,1779,199790,13.91,889.0
1546,346.7321,100.0000,1.2946,0.0208,2.6160,0.0489,0.0100,3.0859,0.0009,1,0.0849,7.2101,0.0498,1.1965,72.8998,0.0000,72.8998,1.0458,0.0000,0.0000,2046,1779,199790,13.88,889.0
1547,346.7392,7.0847,0.0749,0.0175,2.3569,0.0426,0.0074,81.9970,0.0011,1,0.0872,7.6341,0.0499,1.3359,77.1513,0.0000,77.1513,1.0489,0.0000,0.0000,2046,1779,199790,14.00,889.0
1548,346.8237,84.5046,0.5006,0.0171,4.0793,0.0762,0.0123,173.1541,0.0012,1,0.0917,7.3746,0.0511,1.3087,79.3085,0.0000,79.3085,1.0488,0.0000,0.0000,2046,1779,199790,14.02,889.2
1549,347.0015,100.0000,0.7648,0.0168,2.4658,0.0598,0.0103,3.5042,0.0012,1,0.0846,8.1658,0.0511,1.2436,77.4040,0.0000,77.4040,1.0467,0.0000,0.0000,2046,1779,199790,13.87,889.2
1550,347.0084,6.8308,0.0571,0.0178,3.5560,0.0707,0.0117,82.6024,0.0014,1,0.0911,8.0674,0.0506,1.4950,77.3263,0.0000,77.3263,1.0435,0.0000,0.0000,2046,1779,199790,13.98,889.2
1551,347.0947,86.3251,0.0676,0.0149,4.0102,0.0721,0.0124,159.5170,0.0011,1,0.0906,7.8581,0.0509,1.1761,72.0960,0.0000,72.0960,1.0432,0.0000,0.0000,2046,1779,199790,14.00,889.2
1552,347.2584,100.0000,0.0723,0.0173,3.3532,0.0727,0.0136,4.0514,0.0012,1,0.0845,7.4620,0.0494,1.2019,72.0622,0.0000,72.0622,1.0394,0.0000,0.0000,2046,1779,199790,13.85,889.2
1553,347.2660,7.5897,0.0657,0.0156,2.4837,0.0460,0.0085,77.1189,0.0012,1,0.0867,7.6456,0.0496,1.4049,72.8432,0.0000,72.8432,1.0385,0.0000,0.0000,2046,1779,199790,13.96,889.2
1554,347.3457,79.7484,0.0754,0.0161,3.2944,0.0616,0.0117,83.8472,0.0012,1,0.0844,8.3173,0.0496,1.1980,74.5533,0.0000,74.5533,1.0384,0.0000,0.0000,2046,1779,199790,13.96,889.2
1555,347.4330,87.3160,0.0508,0.0152,2.3204,0.0668,0.0114,80.3061,0.0010,1,0.0884,9.1658,0.0497,1.2820,72.1861,0.0000,72.1861,1.0402,0.0000,0.0000,2046,1779,199790,13.94,889.2
1556,347.5158,82.7827,0.0725,0.0157,2.5638,0.0510,0.0097,164.1390,0.0011,1,0.0836,7.2622,0.0497,1.1626,72.4246,0.0000,72.4246,1.0352,0.0000,0.0000,2046,1779,199790,13.97,895.4
1557,347.6827,100.0000,0.0733,0.0163,3.1265,0.0685,0.0109,4.2378,0.0013,1,0.0827,7.0525,0.0508,1.1469,74.1602,0.0000,74.1602,1.0381,0.0000,0.0000,2046,1779,199790,13.82,895.4
1558,347.6902,7.5423,0.0763,0.0178,2.5042,0.0505,0.0076,76.6881,0.0014,1,0.0844,7.2309,0.0492,1.3777,72.3901,0.0000,72.3901,1.0394,0.0000,0.0000,2046,1779,199790,13.93,895.4
1559,347.7696,79.3540,0.0757,0.0161,2.5600,0.0645,0.0122,166.8270,0.0013,1,0.0876,7.9773,0.0495,1.2797,73.8844,0.0000,73.8844,1.0358,0.0000,0.0000,2046,1779,199790,13.96,895.4
1560,347.9391,100.0000,0.0729,0.0162,2.4860,0.0538,0.0088,3.0239,0.0013,1,0.0931,7.2361,0.0494,1.3782,74.9602,0.0000,74.9602,1.0399,0.0000,0.0000,2046,1779,199790,13.81,895.4
1561,347.9448,5.6731,0.0719,0.0172,3.2529,0.0552,0.0079,78.3890,0.0016,1,0.0909,7.8106,0.0532,1.2929,72.6355,0.0000,72.6355,1.0386,0.0000,0.0000,2046,1779,199790,13.92,895.4
1562,348.0266,81.8044,0.1802,0.0160,3.9775,0.0763,0.0124,78.2420,0.0012,1,0.0867,7.6727,0.0499,1.4069,72.2985,0.0000,72.2985,1.0401,0.0000,0.0000,2046,1779,199790,13.91,895.4
1563,348.1091,82.5136,0.0709,0.0167,2.4586,0.0572,0.0104,83.8737,0.0011,1,0.0856,7.5584,0.0506,1.4405,75.7552,0.0000,75.7552,1.0346,0.0000,0.0000,2046,1779,199790,13.94,895.4
1564,348.1956,86.4962,0.0738,0.0158,2.4018,0.0580,0.0114,172.1684,0.0011,1,0.0853,7.9155,0.0512,1.4599,74.0423,0.0000,74.0423,1.0353,0.0000,0.0000,2046,1779,199790,13.84,959.5
1565,348.3704,100.0000,0.5808,0.0185,2.1688,0.0567,0.0112,3.2987,0.0012,1,0.0874,7.8482,0.0500,1.2493,78.3724,0.0000,78.3724,1.0388,0.0000,0.0000,2046,1779,199790,13.80,959.5
1566,348.3765,6.1433,0.0638,0.0153,2.7912,0.0757,0.0165,88.1961,0.0014,1,0.0845,8.2249,0.0498,1.3983,81.7899,0.0000,81.7899,1.0317,0.0000,0.0000,2046,1779,199790,13.93,959.5
1567,348.4677,91.1692,0.0824,0.0181,4.5953,0.1112,0.0139,78.3196,0.0013,1,0.0847,8.0746,0.0510,1.2436,72.3990,0.0000,72.3990,1.0343,0.0000,0.0000,2046,1779,199790,13.90,959.5
1568,348.5508,83.1511,0.0695,0.0164,3.2302,0.0648,0.0101,82.0708,0.0011,1,0.0872,8.3911,0.0495,1.2553,72.8614,0.0000,72.8614,1.0378,0.0000,0.0000,2046,1779,199790,13.89,959.5
1569,348.6363,85.4712,0.0642,0.0161,3.5025,0.0725,0.0116,80.6601,0.0014,1,0.0889,8.1996,0.0500,1.2495,73.9308,0.0000,73.9308,1.0305,0.0000,0.0000,2046,1779,199790,13.88,959.5
1570,348.7206,84.3362,0.0668,0.0141,2.3201,0.0570,0.0090,82.8912,0.0011,1,0.0873,8.3551,0.0496,1.4999,73.5673,0.0000,73.5673,1.0352,0.0000,0.0000,2046,1779,199790,13.87,959.5
1571,348.8060,85.3678,0.0758,0.0159,2.6381,0.0680,0.0122,163.6930,0.0013,1,0.0918,8.3917,0.0511,1.4044,73.4403,0.0000,73.4403,1.0318,0.0000,0.0000,2046,1779,199790,13.86,960.5
1572,348.9725,100.0000,0.0558,0.0154,3.4754,0.0714,0.0141,3.3531,0.0011,1,0.0857,7.1826,0.0494,1.1575,71.7242,0.0000,71.7242,1.0521,0.0000,0.0000,2046,1779,199790,13.82,960.5
1573,348.9795,6.9948,0.0618,0.0197,2.6608,0.0474,0.0070,78.4383,0.0011,1,0.1030,7.6502,0.0500,1.3046,73.6491,0.0000,73.6491,1.0287,0.0000,0.0000,2046,1779,199790,13.93,960.5
1574,349.0608,81.2430,0.0637,0.0155,2.2644,0.0662,0.0102,78.9390,0.0009,1,0.0829,7.3304,0.0504,1.2474,71.9722,0.0000,71.9722,1.0370,0.0000,0.0000,2046,1779,199790,13.93,960.5
1575,349.1422,81.3883,0.0647,0.0152,2.0822,0.0558,0.0103,82.5738,0.0011,1,0.1016,7.9126,0.0509,1.4530,72.9453,0.0000,72.9453,1.0242,0.0000,0.0000,2046,1779,199790,13.92,960.5
1576,349.2270,84.8112,0.0734,0.0155,2.5967,0.0632,0.0114,82.5617,0.0011,1,0.0864,7.8361,0.0493,1.3006,74.8842,0.0000,74.8842,1.0337,0.0000,0.0000,2046,1779,199790,13.95,960.5
1577,349.3123,85.3309,0.0688,0.0126,3.1170,0.0637,0.0115,80.2715,0.0010,1,0.0907,7.7942,0.0492,1.3204,72.6289,0.0000,72.6289,1.0321,0.0000,0.0000,2046,1779,199790,13.82,960.5
1578,349.3958,83.5536,0.1252,0.0144,2.4200,0.0529,0.0083,165.4781,0.0012,1,0.0868,7.4139,0.0510,1.1837,72.8840,0.0000,72.8840,1.0346,0.0000,0.0000,2046,1779,199790,13.81,961.1
1579,349.5639,100.0000,0.0805,0.0177,3.0801,0.0728,0.0135,4.4679,0.0009,1,0.0851,7.3830,0.0510,1.2265,74.9630,0.0000,74.9630,1.0305,0.0000,0.0000,2046,1779,199790,13.77,961.1
1580,349.5717,7.7392,0.0647,0.0166,4.1365,0.0672,0.0099,76.3110,0.0017,1,0.0949,7.9508,0.0496,1.8762,72.7673,0.0000,72.7673,1.0324,0.0000,0.0000,2046,1779,199790,13.89,961.1
1581,349.6523,80.6162,0.0907,0.0214,4.8181,0.0760,0.0138,79.1816,0.0013,1,0.0839,8.2027,0.0498,1.5158,71.8145,0.0000,71.8145,1.0278,0.0000,0.0000,2046,1779,199790,13.89,961.1
1582,349.8257,100.0000,36.7114,0.0123,1.7144,0.0497,0.0105,3.0964,0.0011,1,0.1001,7.9069,0.0493,1.6691,103.9341,0.0000,103.9341,1.0275,0.0000,0.0000,2046,1779,199790,13.87,961.1
